temp_eV,rho_gcc,mode,label,kross_scattering,kplanck,krosseland,krosseland_absorption,status,h5_path
9959.33984131731,1e-17,fac-opacity-cowan-state,T9959p34_rho1em17,0.2698764203698617,1.4615870553116902e-21,0.2698764203698617,4.243356337044406e-22,ok,/home/elads/STAR/full_grid_solar_opacity/runs/T9959p34_rho1em17/fac-opacity-cowan-state/starout.h5
9959.33984131731,1.4370779141993746e-17,fac-opacity-cowan-state,T9959p34_rho1p43708em17,0.26987642036986115,2.0937824946752012e-21,0.26987642036986115,6.078870176533999e-22,ok,/home/elads/STAR/full_grid_solar_opacity/runs/T9959p34_rho1p43708em17/fac-opacity-cowan-state/starout.h5
9959.33984131731,2.065192931479625e-17,fac-opacity-cowan-state,T9959p34_rho2p06519em17,0.26987642036986187,3.0023055421765536e-21,0.26987642036986187,8.716672690804835e-22,ok,/home/elads/STAR/full_grid_solar_opacity/runs/T9959p34_rho2p06519em17/fac-opacity-cowan-state/starout.h5
9959.33984131731,2.9678431503900313e-17,fac-opacity-cowan-state,T9959p34_rho2p96784em17,0.2698764203698625,4.308533406956361e-21,0.2698764203698625,1.2509107056231652e-21,ok,/home/elads/STAR/full_grid_solar_opacity/runs/T9959p34_rho2p96784em17/fac-opacity-cowan-state/starout.h5
9959.33984131731,4.2650218442334076e-17,fac-opacity-cowan-state,T9959p34_rho4p26502em17,0.26987642036986037,6.186534605724539e-21,0.26987642036986037,1.7961510454372156e-21,ok,/home/elads/STAR/full_grid_solar_opacity/runs/T9959p34_rho4p26502em17/fac-opacity-cowan-state/starout.h5
9959.33984131731,6.129168695925715e-17,fac-opacity-cowan-state,T9959p34_rho6p12917em17,0.2698764203698607,8.887967406589699e-21,0.26987642036986065,2.580461435951709e-21,ok,/home/elads/STAR/full_grid_solar_opacity/runs/T9959p34_rho6p12917em17/fac-opacity-cowan-state/starout.h5
9959.33984131731,8.808092965317026e-17,fac-opacity-cowan-state,T9959p34_rho8p80809em17,0.2698764203698604,1.2772678416257495e-20,0.2698764203698604,3.708317566933535e-21,ok,/home/elads/STAR/full_grid_solar_opacity/runs/T9959p34_rho8p80809em17/fac-opacity-cowan-state/starout.h5
9959.33984131731,1.2657915866672028e-16,fac-opacity-cowan-state,T9959p34_rho1p26579em16,0.26987642036986137,1.835529827464298e-20,0.26987642036986137,5.329131049304781e-21,ok,/home/elads/STAR/full_grid_solar_opacity/runs/T9959p34_rho1p26579em16/fac-opacity-cowan-state/starout.h5
9959.33984131731,1.819041133178821e-16,fac-opacity-cowan-state,T9959p34_rho1p81904em16,0.26987642036957016,2.637793548314641e-20,0.26987642036957005,7.658359907102035e-21,ok,/home/elads/STAR/full_grid_solar_opacity/runs/T9959p34_rho1p81904em16/fac-opacity-cowan-state/starout.h5
9959.33984131731,2.6141038375114865e-16,fac-opacity-cowan-state,T9959p34_rho2p6141em16,0.2698764203695713,3.790705481416722e-20,0.2698764203695714,1.1005633078432128e-20,ok,/home/elads/STAR/full_grid_solar_opacity/runs/T9959p34_rho2p6141em16/fac-opacity-cowan-state/starout.h5
9959.33984131731,3.7566708903116036e-16,fac-opacity-cowan-state,T9959p34_rho3p75667em16,0.2698764203695713,5.447524185013066e-20,0.26987642036957127,1.5815909481407512e-20,ok,/home/elads/STAR/full_grid_solar_opacity/runs/T9959p34_rho3p75667em16/fac-opacity-cowan-state/starout.h5
9959.33984131731,5.398628767382507e-16,fac-opacity-cowan-state,T9959p34_rho5p39863em16,0.26987642036957105,7.828492675684924e-20,0.26987642036957105,2.2728625574472606e-20,ok,/home/elads/STAR/full_grid_solar_opacity/runs/T9959p34_rho5p39863em16/fac-opacity-cowan-state/starout.h5
9959.33984131731,7.758250168566793e-16,fac-opacity-cowan-state,T9959p34_rho7p75825em16,0.26987642036957143,1.1250115537657162e-19,0.26987642036957143,3.2662696040090383e-20,ok,/home/elads/STAR/full_grid_solar_opacity/runs/T9959p34_rho7p75825em16/fac-opacity-cowan-state/starout.h5
9959.33984131731,1.1149209970080914e-15,fac-opacity-cowan-state,T9959p34_rho1p11492em15,0.26987642036957094,1.6167230886629009e-19,0.2698764203695709,4.6938662811540115e-20,ok,/home/elads/STAR/full_grid_solar_opacity/runs/T9959p34_rho1p11492em15/fac-opacity-cowan-state/starout.h5
9959.33984131731,1.6022283408774753e-15,fac-opacity-cowan-state,T9959p34_rho1p60223em15,0.2698764203695712,2.323347180575539e-19,0.2698764203695712,6.745423415556631e-20,ok,/home/elads/STAR/full_grid_solar_opacity/runs/T9959p34_rho1p60223em15/fac-opacity-cowan-state/starout.h5
9959.33984131731,2.3025269621793266e-15,fac-opacity-cowan-state,T9959p34_rho2p30253em15,0.2698764203695714,3.338815216369528e-19,0.2698764203695714,9.69365417144053e-20,ok,/home/elads/STAR/full_grid_solar_opacity/runs/T9959p34_rho2p30253em15/fac-opacity-cowan-state/starout.h5
9959.33984131731,3.308910644196489e-15,fac-opacity-cowan-state,T9959p34_rho3p30891em15,0.26987642036957216,4.798112702196442e-19,0.26987642036957216,1.3930465273880492e-19,ok,/home/elads/STAR/full_grid_solar_opacity/runs/T9959p34_rho3p30891em15/fac-opacity-cowan-state/starout.h5
9959.33984131731,4.755162406834019e-15,fac-opacity-cowan-state,T9959p34_rho4p75516em15,0.26987642036957604,6.895222403758212e-19,0.26987642036957604,2.001905129098011e-19,ok,/home/elads/STAR/full_grid_solar_opacity/runs/T9959p34_rho4p75516em15/fac-opacity-cowan-state/starout.h5
9959.33984131731,6.8335388732923106e-15,fac-opacity-cowan-state,T9959p34_rho6p83354em15,0.2698764203695717,9.90891010180308e-19,0.26987642036957177,2.8768760470369286e-19,ok,/home/elads/STAR/full_grid_solar_opacity/runs/T9959p34_rho6p83354em15/fac-opacity-cowan-state/starout.h5
9959.33984131731,9.820327790631256e-15,fac-opacity-cowan-state,T9959p34_rho9p82033em15,0.2698764203695716,1.4239778854864887e-18,0.2698764203695716,4.1342674551209793e-19,ok,/home/elads/STAR/full_grid_solar_opacity/runs/T9959p34_rho9p82033em15/fac-opacity-cowan-state/starout.h5
9959.33984131731,1.4112576178114521e-14,fac-opacity-cowan-state,T9959p34_rho1p41126em14,0.2698764203695712,2.0463522393894807e-18,0.2698764203695712,5.941221911420647e-19,ok,/home/elads/STAR/full_grid_solar_opacity/runs/T9959p34_rho1p41126em14/fac-opacity-cowan-state/starout.h5
9959.33984131731,2.0280871538024598e-14,fac-opacity-cowan-state,T9959p34_rho2p02809em14,0.26987642036957166,2.9407448080957105e-18,0.2698764203695717,8.537934010170049e-19,ok,/home/elads/STAR/full_grid_solar_opacity/runs/T9959p34_rho2p02809em14/fac-opacity-cowan-state/starout.h5
9959.33984131731,2.914519256800997e-14,fac-opacity-cowan-state,T9959p34_rho2p91452em14,0.2698764203695698,4.226044976421247e-18,0.26987642036956977,1.2269578801082702e-18,ok,/home/elads/STAR/full_grid_solar_opacity/runs/T9959p34_rho2p91452em14/fac-opacity-cowan-state/starout.h5
9959.33984131731,4.188391254457488e-14,fac-opacity-cowan-state,T9959p34_rho4p18839em14,0.2698764203695706,6.073104667286343e-18,0.26987642036957055,1.7632195737799808e-18,ok,/home/elads/STAR/full_grid_solar_opacity/runs/T9959p34_rho4p18839em14/fac-opacity-cowan-state/starout.h5
9959.33984131731,6.019044567806669e-14,fac-opacity-cowan-state,T9959p34_rho6p01904em14,0.26987642036957904,8.727449950788908e-18,0.269876420369579,2.5338628269387613e-18,ok,/home/elads/STAR/full_grid_solar_opacity/runs/T9959p34_rho6p01904em14/fac-opacity-cowan-state/starout.h5
9959.33984131731,8.649836012976684e-14,fac-opacity-cowan-state,T9959p34_rho8p64984em14,0.2698764203695704,1.2541919863801886e-17,0.2698764203695703,3.641328613734241e-18,ok,/home/elads/STAR/full_grid_solar_opacity/runs/T9959p34_rho8p64984em14/fac-opacity-cowan-state/starout.h5
9959.33984131731,1.2430488295695167e-13,fac-opacity-cowan-state,T9959p34_rho1p24305em13,0.2698764203695698,1.802357135734429e-17,0.2698764203695698,5.232832536599808e-18,ok,/home/elads/STAR/full_grid_solar_opacity/runs/T9959p34_rho1p24305em13/fac-opacity-cowan-state/starout.h5
9959.33984131731,1.7863580192457348e-13,fac-opacity-cowan-state,T9959p34_rho1p78636em13,0.2698764203695702,2.590108793937821e-17,0.2698764203695702,7.519935984955898e-18,ok,/home/elads/STAR/full_grid_solar_opacity/runs/T9959p34_rho1p78636em13/fac-opacity-cowan-state/starout.h5
9959.33984131731,2.567135656310987e-13,fac-opacity-cowan-state,T9959p34_rho2p56714em13,0.2698764203695693,3.722165306227479e-17,0.2698764203695693,1.0806671714861315e-17,ok,/home/elads/STAR/full_grid_solar_opacity/runs/T9959p34_rho2p56714em13/fac-opacity-cowan-state/starout.h5
9959.33984131731,3.6891739544382357e-13,fac-opacity-cowan-state,T9959p34_rho3p68917em13,0.2698764203695685,5.3490168613435237e-17,0.2698764203695685,1.552996458763923e-17,ok,/home/elads/STAR/full_grid_solar_opacity/runs/T9959p34_rho3p68917em13/fac-opacity-cowan-state/starout.h5
9959.33984131731,5.301630411562758e-13,fac-opacity-cowan-state,T9959p34_rho5p30163em13,0.2698764203688186,7.686934750923572e-17,0.2698764203688186,2.2317723914196706e-17,ok,/home/elads/STAR/full_grid_solar_opacity/runs/T9959p34_rho5p30163em13/fac-opacity-cowan-state/starout.h5
9959.33984131731,7.618855973704612e-13,fac-opacity-cowan-state,T9959p34_rho7p61886em13,0.2698764203695643,1.1046723697354118e-16,0.2698764203695644,3.207232323848701e-17,ok,/home/elads/STAR/full_grid_solar_opacity/runs/T9959p34_rho7p61886em13/fac-opacity-cowan-state/starout.h5
9959.33984131731,1.0948889651276868e-12,fac-opacity-cowan-state,T9959p34_rho1p09489em12,0.26987642036956233,1.587504810255553e-16,0.26987642036956233,4.6090585296961486e-17,ok,/home/elads/STAR/full_grid_solar_opacity/runs/T9959p34_rho1p09489em12/fac-opacity-cowan-state/starout.h5
9959.33984131731,1.5734407502856082e-12,fac-opacity-cowan-state,T9959p34_rho1p57344em12,0.2698764203695581,2.2813824399468652e-16,0.2698764203695581,6.623621752996662e-17,ok,/home/elads/STAR/full_grid_solar_opacity/runs/T9959p34_rho1p57344em12/fac-opacity-cowan-state/starout.h5
9959.33984131731,2.26115695153675e-12,fac-opacity-cowan-state,T9959p34_rho2p26116em12,0.2698764203695528,3.278558374714872e-16,0.26987642036955284,9.518765000751811e-17,ok,/home/elads/STAR/full_grid_solar_opacity/runs/T9959p34_rho2p26116em12/fac-opacity-cowan-state/starout.h5
9959.33984131731,3.249458715591849e-12,fac-opacity-cowan-state,T9959p34_rho3p24946em12,0.2698764203695455,4.711617791877317e-16,0.26987642036954557,1.3679429782689086e-16,ok,/home/elads/STAR/full_grid_solar_opacity/runs/T9959p34_rho3p24946em12/fac-opacity-cowan-state/starout.h5
9959.33984131731,4.669725353279713e-12,fac-opacity-cowan-state,T9959p34_rho4p66973em12,0.2698764203695318,6.771118002530984e-16,0.2698764203695319,1.9658869824666714e-16,ok,/home/elads/STAR/full_grid_solar_opacity/runs/T9959p34_rho4p66973em12/fac-opacity-cowan-state/starout.h5
9959.33984131731,6.710759170575148e-12,fac-opacity-cowan-state,T9959p34_rho6p71076em12,0.26987642037405,9.730953956081043e-16,0.2698764203740502,2.8252296118165015e-16,ok,/home/elads/STAR/full_grid_solar_opacity/runs/T9959p34_rho6p71076em12/fac-opacity-cowan-state/starout.h5
9959.33984131731,9.64388379154446e-12,fac-opacity-cowan-state,T9959p34_rho9p64388em12,0.26987642036948833,1.3984849140281499e-15,0.2698764203694887,4.0602819307809763e-16,ok,/home/elads/STAR/full_grid_solar_opacity/runs/T9959p34_rho9p64388em12/fac-opacity-cowan-state/starout.h5
9959.33984131731,1.3859012403933867e-11,fac-opacity-cowan-state,T9959p34_rho1p3859em11,0.2698764203694521,2.009885498161248e-15,0.2698764203694527,5.835386977825538e-16,ok,/home/elads/STAR/full_grid_solar_opacity/runs/T9959p34_rho1p3859em11/fac-opacity-cowan-state/starout.h5
9959.33984131731,1.9916480638308542e-11,fac-opacity-cowan-state,T9959p34_rho1p99165em11,0.2698764203693998,2.8886705058633357e-15,0.2698764203694004,8.386796620573477e-16,ok,/home/elads/STAR/full_grid_solar_opacity/runs/T9959p34_rho1p99165em11/fac-opacity-cowan-state/starout.h5
9959.33984131731,2.8621534453892672e-11,fac-opacity-cowan-state,T9959p34_rho2p86215em11,0.26987642036934684,4.151734945326858e-15,0.26987642036934784,1.2053891135127107e-15,ok,/home/elads/STAR/full_grid_solar_opacity/runs/T9959p34_rho2p86215em11/fac-opacity-cowan-state/starout.h5
9959.33984131731,4.1131375034185614e-11,fac-opacity-cowan-state,T9959p34_rho4p11314em11,0.269876420369211,5.9668469488384584e-15,0.2698764203692124,1.7323748429899908e-15,ok,/home/elads/STAR/full_grid_solar_opacity/runs/T9959p34_rho4p11314em11/fac-opacity-cowan-state/starout.h5
9959.33984131731,5.910899064227969e-11,fac-opacity-cowan-state,T9959p34_rho5p9109em11,0.26987642036906395,8.575049135125093e-15,0.269876420369066,2.489617992897817e-15,ok,/home/elads/STAR/full_grid_solar_opacity/runs/T9959p34_rho5p9109em11/fac-opacity-cowan-state/starout.h5
9959.33984131731,8.4944224982638e-11,fac-opacity-cowan-state,T9959p34_rho8p49442em11,0.26987642036900017,1.2323279291982806e-14,0.26987642036900306,3.5778437444164385e-15,ok,/home/elads/STAR/full_grid_solar_opacity/runs/T9959p34_rho8p49442em11/fac-opacity-cowan-state/starout.h5
9959.33984131731,1.2207146966133182e-10,fac-opacity-cowan-state,T9959p34_rho1p22071em10,0.2698764203685242,1.7710000436963202e-14,0.2698764203685283,5.1417697065495216e-15,ok,/home/elads/STAR/full_grid_solar_opacity/runs/T9959p34_rho1p22071em10/fac-opacity-cowan-state/starout.h5
9959.33984131731,1.7542621300415897e-10,fac-opacity-cowan-state,T9959p34_rho1p75426em10,0.2698764203680701,2.5450498706218177e-14,0.2698764203680763,7.38906508340371e-15,ok,/home/elads/STAR/full_grid_solar_opacity/runs/T9959p34_rho1p75426em10/fac-opacity-cowan-state/starout.h5
9959.33984131731,2.52101136279913e-10,fac-opacity-cowan-state,T9959p34_rho2p52101em10,0.26987642036862497,3.657244844570837e-14,0.2698764203686335,1.0618095929666462e-14,ok,/home/elads/STAR/full_grid_solar_opacity/runs/T9959p34_rho2p52101em10/fac-opacity-cowan-state/starout.h5
9959.33984131731,3.6228897509242966e-10,fac-opacity-cowan-state,T9959p34_rho3p62289em10,0.2698764203664735,5.2553660875498455e-14,0.26987642036648585,1.5257912009926237e-14,ok,/home/elads/STAR/full_grid_solar_opacity/runs/T9959p34_rho3p62289em10/fac-opacity-cowan-state/starout.h5
9959.33984131731,5.20637484663258e-10,fac-opacity-cowan-state,T9959p34_rho5p20637em10,0.26987642036513393,7.5520659801939e-14,0.2698764203651517,2.1925886264537108e-14,ok,/home/elads/STAR/full_grid_solar_opacity/runs/T9959p34_rho5p20637em10/fac-opacity-cowan-state/starout.h5
9959.33984131731,7.481966305138837e-10,fac-opacity-cowan-state,T9959p34_rho7p48197em10,0.2698764203631969,1.0853476877343907e-13,0.2698764203632226,3.151074839695294e-14,ok,/home/elads/STAR/full_grid_solar_opacity/runs/T9959p34_rho7p48197em10/fac-opacity-cowan-state/starout.h5
9959.33984131731,1.0752168531898921e-09,fac-opacity-cowan-state,T9959p34_rho1p07522em09,0.2698764203604428,1.5601107534425375e-13,0.2698764203604796,4.529408965988362e-14,ok,/home/elads/STAR/full_grid_solar_opacity/runs/T9959p34_rho1p07522em09/fac-opacity-cowan-state/starout.h5
9959.33984131731,1.5451703926941453e-09,fac-opacity-cowan-state,T9959p34_rho1p54517em09,0.2649452879518745,2.2439322978800003e-13,0.26494528795192746,6.513472926680798e-14,ok,/home/elads/STAR/full_grid_solar_opacity/runs/T9959p34_rho1p54517em09/fac-opacity-cowan-state/starout.h5
9959.33984131731,2.220530245015531e-09,fac-opacity-cowan-state,T9959p34_rho2p22053em09,0.2649452879463895,3.224005770808271e-13,0.26494528794646577,9.359126140584301e-14,ok,/home/elads/STAR/full_grid_solar_opacity/runs/T9959p34_rho2p22053em09/fac-opacity-cowan-state/starout.h5
9959.33984131731,3.1910749729235452e-09,fac-opacity-cowan-state,T9959p34_rho3p19107em09,0.2649452879386241,4.631460216877497e-13,0.2649452879387337,1.3445657136918873e-13,ok,/home/elads/STAR/full_grid_solar_opacity/runs/T9959p34_rho3p19107em09/fac-opacity-cowan-state/starout.h5
9959.33984131731,4.585823366142813e-09,fac-opacity-cowan-state,T9959p34_rho4p58582em09,0.2649452879276686,6.651000513896876e-13,0.26494528792782623,1.9311884192136247e-13,ok,/home/elads/STAR/full_grid_solar_opacity/runs/T9959p34_rho4p58582em09/fac-opacity-cowan-state/starout.h5
9959.33984131731,6.590185477903269e-09,fac-opacity-cowan-state,T9959p34_rho6p59019em09,0.26494528791194466,9.560772373299561e-13,0.26494528791217103,2.775777450745078e-13,ok,/home/elads/STAR/full_grid_solar_opacity/runs/T9959p34_rho6p59019em09/fac-opacity-cowan-state/starout.h5
9959.33984131731,9.470610000772238e-09,fac-opacity-cowan-state,T9959p34_rho9p47061em09,0.26494528789076865,1.3741448347713884e-12,0.2649452878910943,3.989686297305318e-13,ok,/home/elads/STAR/full_grid_solar_opacity/runs/T9959p34_rho9p47061em09/fac-opacity-cowan-state/starout.h5
9959.33984131731,1.3610004466105506e-08,fac-opacity-cowan-state,T9959p34_rho1p361em08,0.2649452878605178,1.975707282611773e-12,0.2649452878609853,5.735798891813459e-13,ok,/home/elads/STAR/full_grid_solar_opacity/runs/T9959p34_rho1p361em08/fac-opacity-cowan-state/starout.h5
9959.33984131731,1.9558636830395073e-08,fac-opacity-cowan-state,T9959p34_rho1p95586em08,0.2649452878216527,2.839607722303546e-12,0.26494528782232496,8.24403945538471e-13,ok,/home/elads/STAR/full_grid_solar_opacity/runs/T9959p34_rho1p95586em08/fac-opacity-cowan-state/starout.h5
9959.33984131731,2.810728502080722e-08,fac-opacity-cowan-state,T9959p34_rho2p81073em08,0.26494528777044746,4.080227316938856e-12,0.2649452877714128,1.1844819549128195e-12,ok,/home/elads/STAR/full_grid_solar_opacity/runs/T9959p34_rho2p81073em08/fac-opacity-cowan-state/starout.h5
9959.33984131731,4.039235853150913e-08,fac-opacity-cowan-state,T9959p34_rho4p03924em08,0.26494528770358416,5.860926291840162e-12,0.2649452877049717,1.7014758602549272e-12,ok,/home/elads/STAR/full_grid_solar_opacity/runs/T9959p34_rho4p03924em08/fac-opacity-cowan-state/starout.h5
9959.33984131731,5.804696634805446e-08,fac-opacity-cowan-state,T9959p34_rho5p8047em08,0.264945287619284,8.420467696482145e-12,0.26494528762127817,2.4443220472308976e-12,ok,/home/elads/STAR/full_grid_solar_opacity/runs/T9959p34_rho5p8047em08/fac-opacity-cowan-state/starout.h5
9959.33984131731,8.341801332506338e-08,fac-opacity-cowan-state,T9959p34_rho8p3418em08,0.26494528751264773,1.209958576738417e-11,0.2649452875155123,3.512325791662922e-12,ok,/home/elads/STAR/full_grid_solar_opacity/runs/T9959p34_rho8p3418em08/fac-opacity-cowan-state/starout.h5
9959.33984131731,1.1987818459583772e-07,fac-opacity-cowan-state,T9959p34_rho1p19878em07,0.2649452873816935,1.7386639164560212e-11,0.2649452873858094,5.0468013065828146e-12,ok,/home/elads/STAR/full_grid_solar_opacity/runs/T9959p34_rho1p19878em07/fac-opacity-cowan-state/starout.h5
9959.33984131731,1.7227429147699408e-07,fac-opacity-cowan-state,T9959p34_rho1p72274em07,0.2649452872197231,2.498507861725896e-11,0.2649452872256376,7.251665288347792e-12,ok,/home/elads/STAR/full_grid_solar_opacity/runs/T9959p34_rho1p72274em07/fac-opacity-cowan-state/starout.h5
9959.33984131731,2.4757157946593376e-07,fac-opacity-cowan-state,T9959p34_rho2p47572em07,0.264945287023442,3.589764689850001e-11,0.2649452870319407,1.041948371774296e-11,ok,/home/elads/STAR/full_grid_solar_opacity/runs/T9959p34_rho2p47572em07/fac-opacity-cowan-state/starout.h5
9959.33984131731,3.557796490339488e-07,fac-opacity-cowan-state,T9959p34_rho3p5578em07,0.2649452867873786,5.158268690534665e-11,0.2649452867995899,1.4971013012564955e-11,ok,/home/elads/STAR/full_grid_solar_opacity/runs/T9959p34_rho3p5578em07/fac-opacity-cowan-state/starout.h5
9959.33984131731,5.112830759482948e-07,fac-opacity-cowan-state,T9959p34_rho5p11283em07,0.26494528650061355,7.41078049515696e-11,0.264945286518157,2.150781383155038e-11,ok,/home/elads/STAR/full_grid_solar_opacity/runs/T9959p34_rho5p11283em07/fac-opacity-cowan-state/starout.h5
9959.33984131731,7.347536163492159e-07,fac-opacity-cowan-state,T9959p34_rho7p34754em07,0.2649452861555431,1.064428220905607e-10,0.2649452861807403,3.0890803970280824e-11,ok,/home/elads/STAR/full_grid_solar_opacity/runs/T9959p34_rho7p34754em07/fac-opacity-cowan-state/starout.h5
9959.33984131731,1.0558981944335787e-06,fac-opacity-cowan-state,T9959p34_rho1p0559em06,0.2649452857411297,1.528930554196395e-10,0.26494528577731963,4.436789218829194e-11,ok,/home/elads/STAR/full_grid_solar_opacity/runs/T9959p34_rho1p0559em06/fac-opacity-cowan-state/starout.h5
9959.33984131731,1.517407974863493e-06,fac-opacity-cowan-state,T9959p34_rho1p51741em06,0.2649452852446827,2.1974418412908494e-10,0.2649452852966917,6.376213269532373e-11,ok,/home/elads/STAR/full_grid_solar_opacity/runs/T9959p34_rho1p51741em06/fac-opacity-cowan-state/starout.h5
9959.33984131731,2.1806334875063253e-06,fac-opacity-cowan-state,T9959p34_rho2p18063em06,0.26494528465248796,3.159662088349999e-10,0.264945284727263,9.167289824574111e-11,ok,/home/elads/STAR/full_grid_solar_opacity/runs/T9959p34_rho2p18063em06/fac-opacity-cowan-state/starout.h5
9959.33984131731,3.1337402238588983e-06,fac-opacity-cowan-state,T9959p34_rho3p13374em06,0.26494528394749484,4.5395024409547337e-10,0.2649452840549148,1.3169208523975116e-10,ok,/home/elads/STAR/full_grid_solar_opacity/runs/T9959p34_rho3p13374em06/fac-opacity-cowan-state/starout.h5
9959.33984131731,4.503428864545845e-06,fac-opacity-cowan-state,T9959p34_rho4p50343em06,0.2649452830993801,6.52296712186161e-10,0.26494528325371525,1.8920608026321008e-10,ok,/home/elads/STAR/full_grid_solar_opacity/runs/T9959p34_rho4p50343em06/fac-opacity-cowan-state/starout.h5
9959.33984131731,6.471778159406801e-06,fac-opacity-cowan-state,T9959p34_rho6p47178em06,0.2649452820861609,9.801447405045307e-10,0.26494528232280823,2.890974888550156e-10,ok,/home/elads/STAR/full_grid_solar_opacity/runs/T9959p34_rho6p47178em06/fac-opacity-cowan-state/starout.h5
9959.33984131731,9.300449458481393e-06,fac-opacity-cowan-state,T9959p34_rho9p30045em06,0.2649452808669028,1.4092499603343986e-09,0.26494528120724603,4.157751819429405e-10,ok,/home/elads/STAR/full_grid_solar_opacity/runs/T9959p34_rho9p30045em06/fac-opacity-cowan-state/starout.h5
9959.33984131731,1.3365470508911143e-05,fac-opacity-cowan-state,T9959p34_rho1p33655em05,0.2649452794912138,2.0219584170573545e-09,0.26494527997969464,5.967252191810145e-10,ok,/home/elads/STAR/full_grid_solar_opacity/runs/T9959p34_rho1p33655em05/fac-opacity-cowan-state/starout.h5
9959.33984131731,1.920722248123928e-05,fac-opacity-cowan-state,T9959p34_rho1p92072em05,0.2649452777365538,2.903166775929629e-09,0.26494527843799476,8.568619378158193e-10,ok,/home/elads/STAR/full_grid_solar_opacity/runs/T9959p34_rho1p92072em05/fac-opacity-cowan-state/starout.h5
9959.33984131731,2.760227522090268e-05,fac-opacity-cowan-state,T9959p34_rho2p76023em05,0.26494527580215627,4.175705274145194e-09,0.2649452768110599,1.2324340582037065e-09,ok,/home/elads/STAR/full_grid_solar_opacity/runs/T9959p34_rho2p76023em05/fac-opacity-cowan-state/starout.h5
9959.33984131731,3.966662010161191e-05,fac-opacity-cowan-state,T9959p34_rho3p96666em05,0.2649452732669754,5.9995021576083536e-09,0.26494527471634427,1.7704504552852537e-09,ok,/home/elads/STAR/full_grid_solar_opacity/runs/T9959p34_rho3p96666em05/fac-opacity-cowan-state/starout.h5
9959.33984131731,5.7004023678963655e-05,fac-opacity-cowan-state,T9959p34_rho5p7004em05,0.2649452703207544,8.608432809318568e-09,0.2649452723988646,2.538631769896613e-09,ok,/home/elads/STAR/full_grid_solar_opacity/runs/T9959p34_rho5p7004em05/fac-opacity-cowan-state/starout.h5
9959.33984131731,8.191922344953684e-05,fac-opacity-cowan-state,T9959p34_rho8p19192em05,0.2649452714002646,1.237328363155067e-08,0.2649452743861841,3.6475166498569015e-09,ok,/home/elads/STAR/full_grid_solar_opacity/runs/T9959p34_rho8p19192em05/fac-opacity-cowan-state/starout.h5
9959.33984131731,0.00011772430676769293,fac-opacity-cowan-state,T9959p34_rho0p000117724,0.26494528216714197,1.7766214425265624e-08,0.2649452864530512,5.2352725823760215e-09,ok,/home/elads/STAR/full_grid_solar_opacity/runs/T9959p34_rho0p000117724/fac-opacity-cowan-state/starout.h5
9959.33984131731,0.00016917900122028344,fac-opacity-cowan-state,T9959p34_rho0p000169179,0.26494527969062825,2.5526310041190308e-08,0.2649452858459802,7.518358849368106e-09,ok,/home/elads/STAR/full_grid_solar_opacity/runs/T9959p34_rho0p000169179/fac-opacity-cowan-state/starout.h5
9959.33984131731,0.0002431234061999784,fac-opacity-cowan-state,T9959p34_rho0p000243123,0.2649452766257434,3.674203616215007e-08,0.2649452854956239,1.0830421187252505e-08,ok,/home/elads/STAR/full_grid_solar_opacity/runs/T9959p34_rho0p000243123/fac-opacity-cowan-state/starout.h5
9959.33984131731,0.0003493872774749123,fac-opacity-cowan-state,T9959p34_rho0p000349387,0.2649452720551719,5.277509666089183e-08,0.2649452847878276,1.5545797246594165e-08,ok,/home/elads/STAR/full_grid_solar_opacity/runs/T9959p34_rho0p000349387/fac-opacity-cowan-state/starout.h5
9959.33984131731,0.0005020967399614471,fac-opacity-cowan-state,T9959p34_rho0p000502097,0.26494526107864436,7.579916392271157e-08,0.26494527935245193,2.2309318707532524e-08,ok,/home/elads/STAR/full_grid_solar_opacity/runs/T9959p34_rho0p000502097/fac-opacity-cowan-state/starout.h5
9959.33984131731,0.0007215521357901021,fac-opacity-cowan-state,T9959p34_rho0p000721552,0.2649452593497711,1.0885555547810458e-07,0.2649452855691908,3.200667466328697e-08,ok,/home/elads/STAR/full_grid_solar_opacity/runs/T9959p34_rho0p000721552/fac-opacity-cowan-state/starout.h5
9959.33984131731,0.0010369266382873438,fac-opacity-cowan-state,T9959p34_rho0p00103693,0.2649452501058052,1.5631596439048058e-07,0.26494528771713477,4.590831714025509e-08,ok,/home/elads/STAR/full_grid_solar_opacity/runs/T9959p34_rho0p00103693/fac-opacity-cowan-state/starout.h5
9959.33984131731,0.0014901443705277455,fac-opacity-cowan-state,T9959p34_rho0p00149014,0.26494523644571083,2.2444768542897292e-07,0.26494529038359427,6.582878011711993e-08,ok,/home/elads/STAR/full_grid_solar_opacity/runs/T9959p34_rho0p00149014/fac-opacity-cowan-state/starout.h5
9959.33984131731,0.002141453563853953,fac-opacity-cowan-state,T9959p34_rho0p00214145,0.26494521109177943,3.222442276581811e-07,0.26494528841891224,9.436218914212574e-08,ok,/home/elads/STAR/full_grid_solar_opacity/runs/T9959p34_rho0p00214145/fac-opacity-cowan-state/starout.h5
9959.33984131731,0.003077435620898055,fac-opacity-cowan-state,T9959p34_rho0p00307744,0.2649451936777904,4.6259243382218095e-07,0.2649453044962865,1.3521194139586458e-07,ok,/home/elads/STAR/full_grid_solar_opacity/runs/T9959p34_rho0p00307744/fac-opacity-cowan-state/starout.h5
9959.33984131731,0.004422514763163053,fac-opacity-cowan-state,T9959p34_rho0p00442251,0.26494515980145467,6.639934463039499e-07,0.26494531855360987,1.936656955718532e-07,ok,/home/elads/STAR/full_grid_solar_opacity/runs/T9959p34_rho0p00442251/fac-opacity-cowan-state/starout.h5
9959.33984131731,0.006355498291362301,fac-opacity-cowan-state,T9959p34_rho0p0063555,0.2649451184255371,9.530273831478256e-07,0.2649453457599815,2.772811634742822e-07,ok,/home/elads/STAR/full_grid_solar_opacity/runs/T9959p34_rho0p0063555/fac-opacity-cowan-state/starout.h5
9959.33984131731,0.009133346228248624,fac-opacity-cowan-state,T9959p34_rho0p00913335,0.26494505145549024,1.3678606176467938e-06,0.2649453768932764,3.9685584275592415e-07,ok,/home/elads/STAR/full_grid_solar_opacity/runs/T9959p34_rho0p00913335/fac-opacity-cowan-state/starout.h5
9959.33984131731,0.01312533014735226,fac-opacity-cowan-state,T9959p34_rho0p0131253,0.2649449844336838,1.9628902859094335e-06,0.2649454499679462,5.675778353496864e-07,ok,/home/elads/STAR/full_grid_solar_opacity/runs/T9959p34_rho0p0131253/fac-opacity-cowan-state/starout.h5
9959.33984131731,0.018862122071335155,fac-opacity-cowan-state,T9959p34_rho0p0188621,0.2649449135510606,2.816477220369677e-06,0.26494557911492234,8.112592863933629e-07,ok,/home/elads/STAR/full_grid_solar_opacity/runs/T9959p34_rho0p0188621/fac-opacity-cowan-state/starout.h5
9959.33984131731,0.02710633904364831,fac-opacity-cowan-state,T9959p34_rho0p0271063,0.2649448346534179,4.041196313691697e-06,0.26494578573518385,1.1589500072341587e-06,ok,/home/elads/STAR/full_grid_solar_opacity/runs/T9959p34_rho0p0271063/fac-opacity-cowan-state/starout.h5
9959.33984131731,0.038953921174427183,fac-opacity-cowan-state,T9959p34_rho0p0389539,0.2649447382186473,5.797260491575721e-06,0.26494609601363583,1.6540606068459765e-06,ok,/home/elads/STAR/full_grid_solar_opacity/runs/T9959p34_rho0p0389539/fac-opacity-cowan-state/starout.h5
9959.33984131731,0.0559798197912329,fac-opacity-cowan-state,T9959p34_rho0p0559798,0.26494457721152026,8.314416993529725e-06,0.26494651364310107,2.358185211333002e-06,ok,/home/elads/STAR/full_grid_solar_opacity/runs/T9959p34_rho0p0559798/fac-opacity-cowan-state/starout.h5
9959.33984131731,0.08044736266284185,fac-opacity-cowan-state,T9959p34_rho0p0804474,0.264944423152268,1.1921147235657041e-05,0.26494718145831575,3.3578838682024667e-06,ok,/home/elads/STAR/full_grid_solar_opacity/runs/T9959p34_rho0p0804474/fac-opacity-cowan-state/starout.h5
9959.33984131731,0.11560912813835741,fac-opacity-cowan-state,T9959p34_rho0p115609,0.2649442169920147,1.708800596519491e-05,0.26494814101858777,4.775140620255522e-06,ok,/home/elads/STAR/full_grid_solar_opacity/runs/T9959p34_rho0p115609/fac-opacity-cowan-state/starout.h5
9959.33984131731,0.1661393247274789,fac-opacity-cowan-state,T9959p34_rho0p166139,0.2649439611168233,2.4488703553304936e-05,0.2649495362175102,6.781331156652988e-06,ok,/home/elads/STAR/full_grid_solar_opacity/runs/T9959p34_rho0p166139/fac-opacity-cowan-state/starout.h5
9959.33984131731,0.23875515424585794,fac-opacity-cowan-state,T9959p34_rho0p238755,0.2649436165395502,3.508637017633605e-05,0.2649515266006987,9.616504292401204e-06,ok,/home/elads/STAR/full_grid_solar_opacity/runs/T9959p34_rho0p238755/fac-opacity-cowan-state/starout.h5
9959.33984131731,0.34310975906798746,fac-opacity-cowan-state,T9959p34_rho0p34311,0.26494286247145266,5.028019940281536e-05,0.26495407571226154,1.3623730565106845e-05,ok,/home/elads/STAR/full_grid_solar_opacity/runs/T9959p34_rho0p34311/fac-opacity-cowan-state/starout.h5
9959.33984131731,0.49307545690287347,fac-opacity-cowan-state,T9959p34_rho0p493075,0.2649419759165162,7.206377866971843e-05,0.2649578568724681,1.9279971912697685e-05,ok,/home/elads/STAR/full_grid_solar_opacity/runs/T9959p34_rho0p493075/fac-opacity-cowan-state/starout.h5
9959.33984131731,0.7085878491488851,fac-opacity-cowan-state,T9959p34_rho0p708588,0.2649406853192387,0.00010331268238439694,0.26496315898846295,2.7257797956494856e-05,ok,/home/elads/STAR/full_grid_solar_opacity/runs/T9959p34_rho0p708588/fac-opacity-cowan-state/starout.h5
9959.33984131731,1.0182959482819007,fac-opacity-cowan-state,T9959p34_rho1p0183,0.2649388373510211,0.00014816300416919964,0.26497061649243503,3.8499409501359036e-05,ok,/home/elads/STAR/full_grid_solar_opacity/runs/T9959p34_rho1p0183/fac-opacity-cowan-state/starout.h5
9959.33984131731,1.4633706173946401,fac-opacity-cowan-state,T9959p34_rho1p46337,0.2649361749413649,0.00021255741125265359,0.26498107460300574,5.431828928327941e-05,ok,/home/elads/STAR/full_grid_solar_opacity/runs/T9959p34_rho1p46337/fac-opacity-cowan-state/starout.h5
9959.33984131731,2.1029775945461404,fac-opacity-cowan-state,T9959p34_rho2p10298,0.26493233783800474,0.00030504038930475084,0.26499571172162406,7.654033620971947e-05,ok,/home/elads/STAR/full_grid_solar_opacity/runs/T9959p34_rho2p10298/fac-opacity-cowan-state/starout.h5
9959.33984131731,3.0221426551783854,fac-opacity-cowan-state,T9959p34_rho3p02214,0.2649268285892253,0.00043786941143077494,0.26501616357857827,0.00010768489708572918,ok,/home/elads/STAR/full_grid_solar_opacity/runs/T9959p34_rho3p02214/fac-opacity-cowan-state/starout.h5
9959.33984131731,4.343054463316713,fac-opacity-cowan-state,T9959p34_rho4p34305,0.2649189425893381,0.0006286583159611371,0.2650446809328347,0.00015122365687731963,ok,/home/elads/STAR/full_grid_solar_opacity/runs/T9959p34_rho4p34305/fac-opacity-cowan-state/starout.h5
9959.33984131731,6.241307649397467,fac-opacity-cowan-state,T9959p34_rho6p24131,0.2649076170255174,0.0009026860227831773,0.2650842722101858,0.00021190972837759,ok,/home/elads/STAR/full_grid_solar_opacity/runs/T9959p34_rho6p24131/fac-opacity-cowan-state/starout.h5
9959.33984131731,8.969245378672715,fac-opacity-cowan-state,T9959p34_rho8p96925,0.2648914105940399,0.0012962043856181936,0.2651390749364662,0.0002962103091720468,ok,/home/elads/STAR/full_grid_solar_opacity/runs/T9959p34_rho8p96925/fac-opacity-cowan-state/starout.h5
9959.33984131731,12.889504440725364,fac-opacity-cowan-state,T9959p34_rho12p8895,0.2648683470547708,0.001861214326582826,0.2652147318218335,0.00041288741801253894,ok,/home/elads/STAR/full_grid_solar_opacity/runs/T9959p34_rho12p8895/fac-opacity-cowan-state/starout.h5
9959.33984131731,18.52322215674118,fac-opacity-cowan-state,T9959p34_rho18p5232,0.26483542073073907,0.0026722213369340586,0.26531858110363876,0.0005737285638211893,ok,/home/elads/STAR/full_grid_solar_opacity/runs/T9959p34_rho18p5232/fac-opacity-cowan-state/starout.h5
9959.33984131731,26.61931346126126,fac-opacity-cowan-state,T9959p34_rho26p6193,0.26478872943410964,0.003835888659863695,0.265460685565512,0.0007944837137897101,ok,/home/elads/STAR/full_grid_solar_opacity/runs/T9959p34_rho26p6193/fac-opacity-cowan-state/starout.h5
9959.33984131731,38.254027466328665,fac-opacity-cowan-state,T9959p34_rho38p254,0.2647224780610329,0.005504664706376077,0.2656539795588959,0.001096029895493215,ok,/home/elads/STAR/full_grid_solar_opacity/runs/T9959p34_rho38p254/fac-opacity-cowan-state/starout.h5
9959.33984131731,54.97401800103719,fac-opacity-cowan-state,T9959p34_rho54p974,0.2646288041806198,0.00789612698611087,0.26591556716777554,0.0015058343361458889,ok,/home/elads/STAR/full_grid_solar_opacity/runs/T9959p34_rho54p974/fac-opacity-cowan-state/starout.h5
9959.33984131731,79.0019471240894,fac-opacity-cowan-state,T9959p34_rho79p0019,0.2644969834712057,0.011319964447678986,0.2662677462229299,0.0020597001080446004,ok,/home/elads/STAR/full_grid_solar_opacity/runs/T9959p34_rho79p0019/fac-opacity-cowan-state/starout.h5
9959.33984131731,113.53195339077567,fac-opacity-cowan-state,T9959p34_rho113p532,0.26431221395848176,0.01621569645020122,0.26673903248447095,0.0028038480945867437,ok,/home/elads/STAR/full_grid_solar_opacity/runs/T9959p34_rho113p532/fac-opacity-cowan-state/starout.h5
9959.33984131731,163.15426277379785,fac-opacity-cowan-state,T9959p34_rho163p154,0.2640546948264445,0.023204124989118415,0.2673658940413168,0.003797294220470969,ok,/home/elads/STAR/full_grid_solar_opacity/runs/T9959p34_rho163p154/fac-opacity-cowan-state/starout.h5
9959.33984131731,234.46538763970608,fac-opacity-cowan-state,T9959p34_rho234p465,0.26369845931969216,0.0331580192324183,0.2681946969456366,0.005114567439442435,ok,/home/elads/STAR/full_grid_solar_opacity/runs/T9959p34_rho234p465/fac-opacity-cowan-state/starout.h5
9959.33984131731,336.94503022121665,fac-opacity-cowan-state,T9959p34_rho336p945,0.26321028624008436,0.04729016428086941,0.26928392220416414,0.006848513858272431,ok,/home/elads/STAR/full_grid_solar_opacity/runs/T9959p34_rho336p945/fac-opacity-cowan-state/starout.h5
9959.33984131731,484.21626123015125,fac-opacity-cowan-state,T9959p34_rho484p216,0.2625495370622388,0.06726794372912547,0.27070724908399246,0.00911309376757304,ok,/home/elads/STAR/full_grid_solar_opacity/runs/T9959p34_rho484p216/fac-opacity-cowan-state/starout.h5
9959.33984131731,695.8564947100452,fac-opacity-cowan-state,T9959p34_rho695p856,0.2616704198651021,0.09534597621817913,0.2725584340330485,0.012045910463053075,ok,/home/elads/STAR/full_grid_solar_opacity/runs/T9959p34_rho695p856/fac-opacity-cowan-state/starout.h5
9959.33984131731,1000.0,fac-opacity-cowan-state,T9959p34_rho1000,0.2605253983129581,0.13449064085006773,0.27495490250464616,0.01580931809489408,ok,/home/elads/STAR/full_grid_solar_opacity/runs/T9959p34_rho1000/fac-opacity-cowan-state/starout.h5
10964.048441247069,1e-17,fac-opacity-cowan-state,T10964_rho1em17,0.2642371455641612,1.040446470783523e-21,0.2642371455641612,2.964140348169948e-22,ok,/home/elads/STAR/full_grid_solar_opacity/runs/T10964_rho1em17/fac-opacity-cowan-state/starout.h5
10964.048441247069,1.4370779141993746e-17,fac-opacity-cowan-state,T10964_rho1p43708em17,0.2642371455641612,1.4910282939609254e-21,0.2642371455641612,4.247891908700181e-22,ok,/home/elads/STAR/full_grid_solar_opacity/runs/T10964_rho1p43708em17/fac-opacity-cowan-state/starout.h5
10964.048441247069,2.065192931479625e-17,fac-opacity-cowan-state,T10964_rho2p06519em17,0.2642371455641613,2.1385547071014062e-21,0.2642371455641612,6.092757869450777e-22,ok,/home/elads/STAR/full_grid_solar_opacity/runs/T10964_rho2p06519em17/fac-opacity-cowan-state/starout.h5
10964.048441247069,2.9678431503900313e-17,fac-opacity-cowan-state,T10964_rho2p96784em17,0.2642371455641604,3.0694821368521766e-21,0.26423714556416034,8.745020332061826e-22,ok,/home/elads/STAR/full_grid_solar_opacity/runs/T10964_rho2p96784em17/fac-opacity-cowan-state/starout.h5
10964.048441247069,4.2650218442334076e-17,fac-opacity-cowan-state,T10964_rho4p26502em17,0.26423714556416084,4.407829625064978e-21,0.2642371455641609,1.2557987600985239e-21,ok,/home/elads/STAR/full_grid_solar_opacity/runs/T10964_rho4p26502em17/fac-opacity-cowan-state/starout.h5
10964.048441247069,6.129168695925715e-17,fac-opacity-cowan-state,T10964_rho6p12917em17,0.2642371455641612,6.332778219158503e-21,0.2642371455641612,1.8042195073407485e-21,ok,/home/elads/STAR/full_grid_solar_opacity/runs/T10964_rho6p12917em17/fac-opacity-cowan-state/starout.h5
10964.048441247069,8.808092965317026e-17,fac-opacity-cowan-state,T10964_rho8p80809em17,0.2642371455641619,9.100682655799022e-21,0.2642371455641619,2.5928003964119062e-21,ok,/home/elads/STAR/full_grid_solar_opacity/runs/T10964_rho8p80809em17/fac-opacity-cowan-state/starout.h5
10964.048441247069,1.2657915866672028e-16,fac-opacity-cowan-state,T10964_rho1p26579em16,0.2642371455641614,1.3078370127826376e-20,0.26423714556416134,3.726050605053131e-21,ok,/home/elads/STAR/full_grid_solar_opacity/runs/T10964_rho1p26579em16/fac-opacity-cowan-state/starout.h5
10964.048441247069,1.819041133178821e-16,fac-opacity-cowan-state,T10964_rho1p81904em16,0.26423714556416106,1.8794604253505528e-20,0.26423714556416106,5.3546159184547945e-21,ok,/home/elads/STAR/full_grid_solar_opacity/runs/T10964_rho1p81904em16/fac-opacity-cowan-state/starout.h5
10964.048441247069,2.6141038375114865e-16,fac-opacity-cowan-state,T10964_rho2p6141em16,0.2642371455641603,2.7009258121842573e-20,0.2642371455641603,7.694985537060541e-21,ok,/home/elads/STAR/full_grid_solar_opacity/runs/T10964_rho2p6141em16/fac-opacity-cowan-state/starout.h5
10964.048441247069,3.7566708903116036e-16,fac-opacity-cowan-state,T10964_rho3p75667em16,0.26423714556416,3.881432454432638e-20,0.26423714556416,1.1058270277812446e-20,ok,/home/elads/STAR/full_grid_solar_opacity/runs/T10964_rho3p75667em16/fac-opacity-cowan-state/starout.h5
10964.048441247069,5.398628767382507e-16,fac-opacity-cowan-state,T10964_rho5p39863em16,0.26423714556415984,5.577907358965804e-20,0.26423714556415984,1.5891558184157784e-20,ok,/home/elads/STAR/full_grid_solar_opacity/runs/T10964_rho5p39863em16/fac-opacity-cowan-state/starout.h5
10964.048441247069,7.758250168566793e-16,fac-opacity-cowan-state,T10964_rho7p75825em16,0.26423714556415984,8.015865863698827e-20,0.26423714556415984,2.2837346704784628e-20,ok,/home/elads/STAR/full_grid_solar_opacity/runs/T10964_rho7p75825em16/fac-opacity-cowan-state/starout.h5
10964.048441247069,1.1149209970080914e-15,fac-opacity-cowan-state,T10964_rho1p11492em15,0.26423714556416,1.1519389032186799e-19,0.26423714556416,3.281894919166951e-20,ok,/home/elads/STAR/full_grid_solar_opacity/runs/T10964_rho1p11492em15/fac-opacity-cowan-state/starout.h5
10964.048441247069,1.6022283408774753e-15,fac-opacity-cowan-state,T10964_rho1p60223em15,0.2642371455641619,1.6554203770209353e-19,0.2642371455641619,4.716323093441072e-20,ok,/home/elads/STAR/full_grid_solar_opacity/runs/T10964_rho1p60223em15/fac-opacity-cowan-state/starout.h5
10964.048441247069,2.3025269621793266e-15,fac-opacity-cowan-state,T10964_rho2p30253em15,0.26423714556416134,2.37895916783579e-19,0.26423714556416134,6.777698861558132e-20,ok,/home/elads/STAR/full_grid_solar_opacity/runs/T10964_rho2p30253em15/fac-opacity-cowan-state/starout.h5
10964.048441247069,3.308910644196489e-15,fac-opacity-cowan-state,T10964_rho3p30891em15,0.26423714556416156,3.4187355184431826e-19,0.2642371455641616,9.740041746634102e-20,ok,/home/elads/STAR/full_grid_solar_opacity/runs/T10964_rho3p30891em15/fac-opacity-cowan-state/starout.h5
10964.048441247069,4.755162406834019e-15,fac-opacity-cowan-state,T10964_rho4p75516em15,0.26423714556416095,4.912966796208841e-19,0.26423714556416095,1.3997135720846813e-19,ok,/home/elads/STAR/full_grid_solar_opacity/runs/T10964_rho4p75516em15/fac-opacity-cowan-state/starout.h5
10964.048441247069,6.8335388732923106e-15,fac-opacity-cowan-state,T10964_rho6p83354em15,0.26423714556416134,7.060280734301408e-19,0.26423714556416134,2.0114875807575907e-19,ok,/home/elads/STAR/full_grid_solar_opacity/runs/T10964_rho6p83354em15/fac-opacity-cowan-state/starout.h5
10964.048441247069,9.820327790631256e-15,fac-opacity-cowan-state,T10964_rho9p82033em15,0.26423714556416095,1.014611762672836e-18,0.26423714556416095,2.8906487973616466e-19,ok,/home/elads/STAR/full_grid_solar_opacity/runs/T10964_rho9p82033em15/fac-opacity-cowan-state/starout.h5
10964.048441247069,1.4112576178114521e-14,fac-opacity-cowan-state,T10964_rho1p41126em14,0.2642371455641604,1.4580675192233776e-18,0.2642371455641604,4.154063413422596e-19,ok,/home/elads/STAR/full_grid_solar_opacity/runs/T10964_rho1p41126em14/fac-opacity-cowan-state/starout.h5
10964.048441247069,2.0280871538024598e-14,fac-opacity-cowan-state,T10964_rho2p02809em14,0.26423714556416167,2.0953433588573384e-18,0.26423714556416167,5.969675789907065e-19,ok,/home/elads/STAR/full_grid_solar_opacity/runs/T10964_rho2p02809em14/fac-opacity-cowan-state/starout.h5
10964.048441247069,2.914519256800997e-14,fac-opacity-cowan-state,T10964_rho2p91452em14,0.2642371455641609,3.011151504372735e-18,0.2642371455641609,8.57883317973148e-19,ok,/home/elads/STAR/full_grid_solar_opacity/runs/T10964_rho2p91452em14/fac-opacity-cowan-state/starout.h5
10964.048441247069,4.188391254457488e-14,fac-opacity-cowan-state,T10964_rho4p18839em14,0.2642371455641605,4.327229089013411e-18,0.2642371455641605,1.2328367713548159e-18,ok,/home/elads/STAR/full_grid_solar_opacity/runs/T10964_rho4p18839em14/fac-opacity-cowan-state/starout.h5
10964.048441247069,6.019044567806669e-14,fac-opacity-cowan-state,T10964_rho6p01904em14,0.26423714556415984,6.218520938974278e-18,0.26423714556415984,1.7716701733413548e-18,ok,/home/elads/STAR/full_grid_solar_opacity/runs/T10964_rho6p01904em14/fac-opacity-cowan-state/starout.h5
10964.048441247069,8.649836012976684e-14,fac-opacity-cowan-state,T10964_rho8p64984em14,0.26423714556416095,8.936435628016637e-18,0.26423714556416095,2.546010554566233e-18,ok,/home/elads/STAR/full_grid_solar_opacity/runs/T10964_rho8p64984em14/fac-opacity-cowan-state/starout.h5
10964.048441247069,1.2430488295695167e-13,fac-opacity-cowan-state,T10964_rho1p24305em13,0.26423714556415984,1.2842266424094069e-17,0.26423714556415984,3.658791413836411e-18,ok,/home/elads/STAR/full_grid_solar_opacity/runs/T10964_rho1p24305em13/fac-opacity-cowan-state/starout.h5
10964.048441247069,1.7863580192457348e-13,fac-opacity-cowan-state,T10964_rho1p78636em13,0.2642371455641596,1.84552217140973e-17,0.26423714556415967,5.257936803268864e-18,ok,/home/elads/STAR/full_grid_solar_opacity/runs/T10964_rho1p78636em13/fac-opacity-cowan-state/starout.h5
10964.048441247069,2.567135656310987e-13,fac-opacity-cowan-state,T10964_rho2p56714em13,0.26423714556415945,2.6521449053854447e-17,0.26423714556415945,7.556026503557162e-18,ok,/home/elads/STAR/full_grid_solar_opacity/runs/T10964_rho2p56714em13/fac-opacity-cowan-state/starout.h5
10964.048441247069,3.6891739544382357e-13,fac-opacity-cowan-state,T10964_rho3p68917em13,0.2642371455641585,3.8113231962468523e-17,0.2642371455641585,1.0858558006564064e-17,ok,/home/elads/STAR/full_grid_solar_opacity/runs/T10964_rho3p68917em13/fac-opacity-cowan-state/starout.h5
10964.048441247069,5.301630411562758e-13,fac-opacity-cowan-state,T10964_rho5p30163em13,0.264237145564159,5.477155635267598e-17,0.264237145564159,1.5604563302880894e-17,ok,/home/elads/STAR/full_grid_solar_opacity/runs/T10964_rho5p30163em13/fac-opacity-cowan-state/starout.h5
10964.048441247069,7.618855973704612e-13,fac-opacity-cowan-state,T10964_rho7p61886em13,0.26423714556415473,7.871097789646969e-17,0.26423714556415473,2.2424977425045457e-17,ok,/home/elads/STAR/full_grid_solar_opacity/runs/T10964_rho7p61886em13/fac-opacity-cowan-state/starout.h5
10964.048441247069,1.0948889651276868e-12,fac-opacity-cowan-state,T10964_rho1p09489em12,0.26423714556427846,1.131140687262853e-16,0.26423714556427846,3.222652782700293e-17,ok,/home/elads/STAR/full_grid_solar_opacity/runs/T10964_rho1p09489em12/fac-opacity-cowan-state/starout.h5
10964.048441247069,1.5734407502856082e-12,fac-opacity-cowan-state,T10964_rho1p57344em12,0.2642371455641455,1.6255458104143853e-16,0.2642371455641455,4.6312294440909915e-17,ok,/home/elads/STAR/full_grid_solar_opacity/runs/T10964_rho1p57344em12/fac-opacity-cowan-state/starout.h5
10964.048441247069,2.26115695153675e-12,fac-opacity-cowan-state,T10964_rho2p26116em12,0.26423714556414485,2.336056245222227e-16,0.2642371455641449,6.655498197320371e-17,ok,/home/elads/STAR/full_grid_solar_opacity/runs/T10964_rho2p26116em12/fac-opacity-cowan-state/starout.h5
10964.048441247069,3.249458715591849e-12,fac-opacity-cowan-state,T10964_rho3p24946em12,0.26423714556413763,3.357138565210676e-16,0.26423714556413774,9.564598242493123e-17,ok,/home/elads/STAR/full_grid_solar_opacity/runs/T10964_rho3p24946em12/fac-opacity-cowan-state/starout.h5
10964.048441247069,4.669725353279713e-12,fac-opacity-cowan-state,T10964_rho4p66973em12,0.2642371455641277,4.824561412033037e-16,0.2642371455641277,1.3745339313056344e-16,ok,/home/elads/STAR/full_grid_solar_opacity/runs/T10964_rho4p66973em12/fac-opacity-cowan-state/starout.h5
10964.048441247069,6.710759170575148e-12,fac-opacity-cowan-state,T10964_rho6p71076em12,0.26423714556411243,6.933463427632475e-16,0.26423714556411254,1.9753677856249655e-16,ok,/home/elads/STAR/full_grid_solar_opacity/runs/T10964_rho6p71076em12/fac-opacity-cowan-state/starout.h5
10964.048441247069,9.64388379154446e-12,fac-opacity-cowan-state,T10964_rho9p64388em12,0.2642371455640917,9.964339888425809e-16,0.2642371455640919,2.838875196888649e-16,ok,/home/elads/STAR/full_grid_solar_opacity/runs/T10964_rho9p64388em12/fac-opacity-cowan-state/starout.h5
10964.048441247069,1.3859012403933867e-11,fac-opacity-cowan-state,T10964_rho1p3859em11,0.26423714556405925,1.432041387038476e-15,0.2642371455640596,4.0799350437314165e-16,ok,/home/elads/STAR/full_grid_solar_opacity/runs/T10964_rho1p3859em11/fac-opacity-cowan-state/starout.h5
10964.048441247069,1.9916480638308542e-11,fac-opacity-cowan-state,T10964_rho1p99165em11,0.26423714556401273,2.0581278236114937e-15,0.26423714556401323,5.86367344406672e-16,ok,/home/elads/STAR/full_grid_solar_opacity/runs/T10964_rho1p99165em11/fac-opacity-cowan-state/starout.h5
10964.048441247069,2.8621534453892672e-11,fac-opacity-cowan-state,T10964_rho2p86215em11,0.26423714556395306,2.9579588564050854e-15,0.2642371455639538,8.427313209576048e-16,ok,/home/elads/STAR/full_grid_solar_opacity/runs/T10964_rho2p86215em11/fac-opacity-cowan-state/starout.h5
10964.048441247069,4.1131375034185614e-11,fac-opacity-cowan-state,T10964_rho4p11314em11,0.2642371455638635,4.2510783992667585e-15,0.26423714556386446,1.2111433552136604e-15,ok,/home/elads/STAR/full_grid_solar_opacity/runs/T10964_rho4p11314em11/fac-opacity-cowan-state/starout.h5
10964.048441247069,5.910899064227969e-11,fac-opacity-cowan-state,T10964_rho5p9109em11,0.26423714556373096,6.109244286609259e-15,0.2642371455637323,1.740536901947964e-15,ok,/home/elads/STAR/full_grid_solar_opacity/runs/T10964_rho5p9109em11/fac-opacity-cowan-state/starout.h5
10964.048441247069,8.4944224982638e-11,fac-opacity-cowan-state,T10964_rho8p49442em11,0.2642371455635435,8.779567800789088e-15,0.26423714556354544,2.5013131674698354e-15,ok,/home/elads/STAR/full_grid_solar_opacity/runs/T10964_rho8p49442em11/fac-opacity-cowan-state/starout.h5
10964.048441247069,1.2207146966133182e-10,fac-opacity-cowan-state,T10964_rho1p22071em10,0.26423714556327316,1.2617166093316575e-14,0.2642371455632761,3.594644124893329e-15,ok,/home/elads/STAR/full_grid_solar_opacity/runs/T10964_rho1p22071em10/fac-opacity-cowan-state/starout.h5
10964.048441247069,1.7542621300415897e-10,fac-opacity-cowan-state,T10964_rho1p75426em10,0.2642371455628887,1.8131794989425616e-14,0.2642371455628929,5.165759142646951e-15,ok,/home/elads/STAR/full_grid_solar_opacity/runs/T10964_rho1p75426em10/fac-opacity-cowan-state/starout.h5
10964.048441247069,2.52101136279913e-10,fac-opacity-cowan-state,T10964_rho2p52101em10,0.2642371455621873,2.6055803350236284e-14,0.2642371455621932,7.42330501775312e-15,ok,/home/elads/STAR/full_grid_solar_opacity/runs/T10964_rho2p52101em10/fac-opacity-cowan-state/starout.h5
10964.048441247069,3.6228897509242966e-10,fac-opacity-cowan-state,T10964_rho3p62289em10,0.26423714556153566,3.7442120788995434e-14,0.2642371455615443,1.0667259441638637e-14,ok,/home/elads/STAR/full_grid_solar_opacity/runs/T10964_rho3p62289em10/fac-opacity-cowan-state/starout.h5
10964.048441247069,5.20637484663258e-10,fac-opacity-cowan-state,T10964_rho5p20637em10,0.2642371455604069,5.380543857747515e-14,0.264237145560419,1.5329145707115098e-14,ok,/home/elads/STAR/full_grid_solar_opacity/runs/T10964_rho5p20637em10/fac-opacity-cowan-state/starout.h5
10964.048441247069,7.481966305138837e-10,fac-opacity-cowan-state,T10964_rho7p48197em10,0.2642371455587583,7.732582802820938e-14,0.2642371455587759,2.2030025114331514e-14,ok,/home/elads/STAR/full_grid_solar_opacity/runs/T10964_rho7p48197em10/fac-opacity-cowan-state/starout.h5
10964.048441247069,1.0752168531898921e-09,fac-opacity-cowan-state,T10964_rho1p07522em09,0.2642371455564258,1.1114585023234387e-13,0.2642371455564509,3.166505848359498e-14,ok,/home/elads/STAR/full_grid_solar_opacity/runs/T10964_rho1p07522em09/fac-opacity-cowan-state/starout.h5
10964.048441247069,1.5451703926941453e-09,fac-opacity-cowan-state,T10964_rho1p54517em09,0.25892198991962284,1.6063967117509915e-13,0.2589219899196594,4.56785381535476e-14,ok,/home/elads/STAR/full_grid_solar_opacity/runs/T10964_rho1p54517em09/fac-opacity-cowan-state/starout.h5
10964.048441247069,2.220530245015531e-09,fac-opacity-cowan-state,T10964_rho2p22053em09,0.25892198991497317,2.2936932081898255e-13,0.2589219899150255,6.536945671844111e-14,ok,/home/elads/STAR/full_grid_solar_opacity/runs/T10964_rho2p22053em09/fac-opacity-cowan-state/starout.h5
10964.048441247069,3.1910749729235452e-09,fac-opacity-cowan-state,T10964_rho3p19107em09,0.25892198990826126,3.3048537874865783e-13,0.2589219899083365,9.409630188037545e-14,ok,/home/elads/STAR/full_grid_solar_opacity/runs/T10964_rho3p19107em09/fac-opacity-cowan-state/starout.h5
10964.048441247069,4.585823366142813e-09,fac-opacity-cowan-state,T10964_rho4p58582em09,0.25892198989913523,4.734667049525931e-13,0.2589219898992436,1.3494422407547922e-13,ok,/home/elads/STAR/full_grid_solar_opacity/runs/T10964_rho4p58582em09/fac-opacity-cowan-state/starout.h5
10964.048441247069,6.590185477903269e-09,fac-opacity-cowan-state,T10964_rho6p59019em09,0.2589219898857944,6.81651951445649e-13,0.2589219898859501,1.941546540423883e-13,ok,/home/elads/STAR/full_grid_solar_opacity/runs/T10964_rho6p59019em09/fac-opacity-cowan-state/starout.h5
10964.048441247069,9.470610000772238e-09,fac-opacity-cowan-state,T10964_rho9p47061em09,0.25892198986787995,9.791947896811688e-13,0.258921989868103,2.789618482747903e-13,ok,/home/elads/STAR/full_grid_solar_opacity/runs/T10964_rho9p47061em09/fac-opacity-cowan-state/starout.h5
10964.048441247069,1.3610004466105506e-08,fac-opacity-cowan-state,T10964_rho1p361em08,0.2589219898422965,1.4078711112429203e-12,0.2589219898426176,4.0104620031139505e-13,ok,/home/elads/STAR/full_grid_solar_opacity/runs/T10964_rho1p361em08/fac-opacity-cowan-state/starout.h5
10964.048441247069,1.9558636830395073e-08,fac-opacity-cowan-state,T10964_rho1p95586em08,0.25892198980935605,2.0229447666285035e-12,0.25892198980981823,5.763162254776755e-13,ok,/home/elads/STAR/full_grid_solar_opacity/runs/T10964_rho1p95586em08/fac-opacity-cowan-state/starout.h5
10964.048441247069,2.810728502080722e-08,fac-opacity-cowan-state,T10964_rho2p81073em08,0.25892198976599595,2.9069467376752165e-12,0.2589219897666605,8.280839165479288e-13,ok,/home/elads/STAR/full_grid_solar_opacity/runs/T10964_rho2p81073em08/fac-opacity-cowan-state/starout.h5
10964.048441247069,4.039235853150913e-08,fac-opacity-cowan-state,T10964_rho4p03924em08,0.2589219897094787,4.175710212559181e-12,0.25892198971043273,1.1895807350361612e-12,ok,/home/elads/STAR/full_grid_solar_opacity/runs/T10964_rho4p03924em08/fac-opacity-cowan-state/starout.h5
10964.048441247069,5.804696634805446e-08,fac-opacity-cowan-state,T10964_rho5p8047em08,0.2589219896381471,6.000058863104331e-12,0.2589219896395167,1.7090977773832483e-12,ok,/home/elads/STAR/full_grid_solar_opacity/runs/T10964_rho5p8047em08/fac-opacity-cowan-state/starout.h5
10964.048441247069,8.341801332506338e-08,fac-opacity-cowan-state,T10964_rho8p3418em08,0.25892198954792145,8.620895322562579e-12,0.25892198954989043,2.4557344876175653e-12,ok,/home/elads/STAR/full_grid_solar_opacity/runs/T10964_rho8p3418em08/fac-opacity-cowan-state/starout.h5
10964.048441247069,1.1987818459583772e-07,fac-opacity-cowan-state,T10964_rho1p19878em07,0.25892198943658445,1.238792410964338e-11,0.25892198943941375,3.5286591488499927e-12,ok,/home/elads/STAR/full_grid_solar_opacity/runs/T10964_rho1p19878em07/fac-opacity-cowan-state/starout.h5
10964.048441247069,1.7227429147699408e-07,fac-opacity-cowan-state,T10964_rho1p72274em07,0.2589219893000832,1.7800643873481814e-11,0.258921989304148,5.070367914837645e-12,ok,/home/elads/STAR/full_grid_solar_opacity/runs/T10964_rho1p72274em07/fac-opacity-cowan-state/starout.h5
10964.048441247069,2.4757157946593376e-07,fac-opacity-cowan-state,T10964_rho2p47572em07,0.2589219891340487,2.557751943997397e-11,0.25892198913988806,7.285374769382322e-12,ok,/home/elads/STAR/full_grid_solar_opacity/runs/T10964_rho2p47572em07/fac-opacity-cowan-state/starout.h5
10964.048441247069,3.557796490339488e-07,fac-opacity-cowan-state,T10964_rho3p5578em07,0.25892198893452206,3.675107748225173e-11,0.25892198894291274,1.0467809483798808e-11,ok,/home/elads/STAR/full_grid_solar_opacity/runs/T10964_rho3p5578em07/fac-opacity-cowan-state/starout.h5
10964.048441247069,5.112830759482948e-07,fac-opacity-cowan-state,T10964_rho5p11283em07,0.2589219886920348,5.2801973119081266e-11,0.25892198870408956,1.503891833197445e-11,ok,/home/elads/STAR/full_grid_solar_opacity/runs/T10964_rho5p11283em07/fac-opacity-cowan-state/starout.h5
10964.048441247069,7.347536163492159e-07,fac-opacity-cowan-state,T10964_rho7p34754em07,0.25892198840017117,7.584948442744768e-11,0.2589219884174887,2.1602218597502134e-11,ok,/home/elads/STAR/full_grid_solar_opacity/runs/T10964_rho7p34754em07/fac-opacity-cowan-state/starout.h5
10964.048441247069,1.0558981944335787e-06,fac-opacity-cowan-state,T10964_rho1p0559em06,0.2589219880509956,1.0896109544252257e-10,0.2589219880758714,3.103042712964305e-11,ok,/home/elads/STAR/full_grid_solar_opacity/runs/T10964_rho1p0559em06/fac-opacity-cowan-state/starout.h5
10964.048441247069,1.517407974863493e-06,fac-opacity-cowan-state,T10964_rho1p51741em06,0.2589219876300379,1.5660127157022174e-10,0.2589219876657854,4.459397257093834e-11,ok,/home/elads/STAR/full_grid_solar_opacity/runs/T10964_rho1p51741em06/fac-opacity-cowan-state/starout.h5
10964.048441247069,2.1806334875063253e-06,fac-opacity-cowan-state,T10964_rho2p18063em06,0.2589219871292393,2.2514641262742708e-10,0.2589219871806302,6.410715507020021e-11,ok,/home/elads/STAR/full_grid_solar_opacity/runs/T10964_rho2p18063em06/fac-opacity-cowan-state/starout.h5
10964.048441247069,3.1337402238588983e-06,fac-opacity-cowan-state,T10964_rho3p13374em06,0.2589219865333918,3.234884109382754e-10,0.2589219866072239,9.209904266825768e-11,ok,/home/elads/STAR/full_grid_solar_opacity/runs/T10964_rho3p13374em06/fac-opacity-cowan-state/starout.h5
10964.048441247069,4.503428864545845e-06,fac-opacity-cowan-state,T10964_rho4p50343em06,0.2589219858169897,4.648657495705723e-10,0.2589219859230789,1.3233447359748257e-10,ok,/home/elads/STAR/full_grid_solar_opacity/runs/T10964_rho4p50343em06/fac-opacity-cowan-state/starout.h5
10964.048441247069,6.471778159406801e-06,fac-opacity-cowan-state,T10964_rho6p47178em06,0.25892198496083274,6.924024058190383e-10,0.25892198512169773,1.9998041087078997e-10,ok,/home/elads/STAR/full_grid_solar_opacity/runs/T10964_rho6p47178em06/fac-opacity-cowan-state/starout.h5
10964.048441247069,9.300449458481393e-06,fac-opacity-cowan-state,T10964_rho9p30045em06,0.2589219839310047,1.00188922149669e-09,0.258921984164112,2.89741897474831e-10,ok,/home/elads/STAR/full_grid_solar_opacity/runs/T10964_rho9p30045em06/fac-opacity-cowan-state/starout.h5
10964.048441247069,1.3365470508911143e-05,fac-opacity-cowan-state,T10964_rho1p33655em05,0.2589219827697362,1.437435649638083e-09,0.25892198310425135,4.1577964127249555e-10,ok,/home/elads/STAR/full_grid_solar_opacity/runs/T10964_rho1p33655em05/fac-opacity-cowan-state/starout.h5
10964.048441247069,1.920722248123928e-05,fac-opacity-cowan-state,T10964_rho1p92072em05,0.2589219812889894,2.064070439386552e-09,0.2589219817694031,5.971149574244855e-10,ok,/home/elads/STAR/full_grid_solar_opacity/runs/T10964_rho1p92072em05/fac-opacity-cowan-state/starout.h5
10964.048441247069,2.760227522090268e-05,fac-opacity-cowan-state,T10964_rho2p76023em05,0.2589219796581062,2.968401384143658e-09,0.2589219803490153,8.587367431546487e-10,ok,/home/elads/STAR/full_grid_solar_opacity/runs/T10964_rho2p76023em05/fac-opacity-cowan-state/starout.h5
10964.048441247069,3.966662010161191e-05,fac-opacity-cowan-state,T10964_rho3p96666em05,0.2589219775214746,4.265003904604797e-09,0.2589219785141071,1.2337283828381279e-09,ok,/home/elads/STAR/full_grid_solar_opacity/runs/T10964_rho3p96666em05/fac-opacity-cowan-state/starout.h5
10964.048441247069,5.7004023678963655e-05,fac-opacity-cowan-state,T10964_rho5p7004em05,0.2589219750411889,6.120602797542372e-09,0.25892197646476,1.7694602392809793e-09,ok,/home/elads/STAR/full_grid_solar_opacity/runs/T10964_rho5p7004em05/fac-opacity-cowan-state/starout.h5
10964.048441247069,8.191922344953684e-05,fac-opacity-cowan-state,T10964_rho8p19192em05,0.2589219761216894,8.796514114741755e-09,0.2589219781669526,2.5421593726149852e-09,ok,/home/elads/STAR/full_grid_solar_opacity/runs/T10964_rho8p19192em05/fac-opacity-cowan-state/starout.h5
10964.048441247069,0.00011772430676769293,fac-opacity-cowan-state,T10964_rho0p000117724,0.25892198594588617,1.2631972821938176e-08,0.2589219888821202,3.6494086204431386e-09,ok,/home/elads/STAR/full_grid_solar_opacity/runs/T10964_rho0p000117724/fac-opacity-cowan-state/starout.h5
10964.048441247069,0.00016917900122028344,fac-opacity-cowan-state,T10964_rho0p000169179,0.25892198397159366,1.814969922004184e-08,0.2589219881889905,5.241447340878343e-09,ok,/home/elads/STAR/full_grid_solar_opacity/runs/T10964_rho0p000169179/fac-opacity-cowan-state/starout.h5
10964.048441247069,0.0002431234061999784,fac-opacity-cowan-state,T10964_rho0p000243123,0.25892198153738305,2.6071595338134795e-08,0.25892198759296314,7.525475960183702e-09,ok,/home/elads/STAR/full_grid_solar_opacity/runs/T10964_rho0p000243123/fac-opacity-cowan-state/starout.h5
10964.048441247069,0.0003493872774749123,fac-opacity-cowan-state,T10964_rho0p000349387,0.2589219778839721,3.7451136168846905e-08,0.2589219865781499,1.080374950042132e-08,ok,/home/elads/STAR/full_grid_solar_opacity/runs/T10964_rho0p000349387/fac-opacity-cowan-state/starout.h5
10964.048441247069,0.0005020967399614471,fac-opacity-cowan-state,T10964_rho0p000502097,0.2589219685661262,5.3794258293996144e-08,0.25892198104634656,1.550718232845708e-08,ok,/home/elads/STAR/full_grid_solar_opacity/runs/T10964_rho0p000502097/fac-opacity-cowan-state/starout.h5
10964.048441247069,0.0007215521357901021,fac-opacity-cowan-state,T10964_rho0p000721552,0.25892196742706164,7.726175404006805e-08,0.2589219853379305,2.225300060011258e-08,ok,/home/elads/STAR/full_grid_solar_opacity/runs/T10964_rho0p000721552/fac-opacity-cowan-state/starout.h5
10964.048441247069,0.0010369266382873438,fac-opacity-cowan-state,T10964_rho0p00103693,0.2589219603010461,1.1095959443917841e-07,0.2589219860006291,3.192673514900103e-08,ok,/home/elads/STAR/full_grid_solar_opacity/runs/T10964_rho0p00103693/fac-opacity-cowan-state/starout.h5
10964.048441247069,0.0014901443705277455,fac-opacity-cowan-state,T10964_rho0p00149014,0.25892194930789236,1.5934177073525717e-07,0.2589219861739197,4.579376658241535e-08,ok,/home/elads/STAR/full_grid_solar_opacity/runs/T10964_rho0p00149014/fac-opacity-cowan-state/starout.h5
10964.048441247069,0.002141453563853953,fac-opacity-cowan-state,T10964_rho0p00214145,0.2589219282993468,2.287993323192793e-07,0.2589219811688881,6.566466012374231e-08,ok,/home/elads/STAR/full_grid_solar_opacity/runs/T10964_rho0p00214145/fac-opacity-cowan-state/starout.h5
10964.048441247069,0.003077435620898055,fac-opacity-cowan-state,T10964_rho0p00307744,0.2589219146829479,3.2850110291525874e-07,0.25892199047998454,9.412779405923824e-08,ok,/home/elads/STAR/full_grid_solar_opacity/runs/T10964_rho0p00307744/fac-opacity-cowan-state/starout.h5
10964.048441247069,0.004422514763163053,fac-opacity-cowan-state,T10964_rho0p00442251,0.25892188723766024,4.7159677356394226e-07,0.2589219958657691,1.3487790626563965e-07,ok,/home/elads/STAR/full_grid_solar_opacity/runs/T10964_rho0p00442251/fac-opacity-cowan-state/starout.h5
10964.048441247069,0.006355498291362301,fac-opacity-cowan-state,T10964_rho0p0063555,0.25892185382122745,6.769933424058167e-07,0.25892200944999977,1.9320288152477667e-07,ok,/home/elads/STAR/full_grid_solar_opacity/runs/T10964_rho0p0063555/fac-opacity-cowan-state/starout.h5
10964.048441247069,0.009133346228248624,fac-opacity-cowan-state,T10964_rho0p00913335,0.25892180126918196,9.717906298673784e-07,0.25892202415065046,2.766393261300316e-07,ok,/home/elads/STAR/full_grid_solar_opacity/runs/T10964_rho0p00913335/fac-opacity-cowan-state/starout.h5
10964.048441247069,0.01312533014735226,fac-opacity-cowan-state,T10964_rho0p0131253,0.258921744956942,1.3948949960838665e-06,0.2589220640295351,3.9594425828319395e-07,ok,/home/elads/STAR/full_grid_solar_opacity/runs/T10964_rho0p0131253/fac-opacity-cowan-state/starout.h5
10964.048441247069,0.018862122071335155,fac-opacity-cowan-state,T10964_rho0p0188621,0.25892168909364816,2.0017662203226983e-06,0.25892214551802195,5.662610843479296e-07,ok,/home/elads/STAR/full_grid_solar_opacity/runs/T10964_rho0p0188621/fac-opacity-cowan-state/starout.h5
10964.048441247069,0.02710633904364831,fac-opacity-cowan-state,T10964_rho0p0271063,0.25892162814663455,2.8725707147790697e-06,0.25892228072463414,8.094120540242115e-07,ok,/home/elads/STAR/full_grid_solar_opacity/runs/T10964_rho0p0271063/fac-opacity-cowan-state/starout.h5
10964.048441247069,0.038953921174427183,fac-opacity-cowan-state,T10964_rho0p0389539,0.2589215556525384,4.121632551757793e-06,0.25892248805626517,1.1561503615046155e-06,ok,/home/elads/STAR/full_grid_solar_opacity/runs/T10964_rho0p0389539/fac-opacity-cowan-state/starout.h5
10964.048441247069,0.0559798197912329,fac-opacity-cowan-state,T10964_rho0p0559798,0.25892143010480057,5.912329304745265e-06,0.258922760994462,1.6497487053266744e-06,ok,/home/elads/STAR/full_grid_solar_opacity/runs/T10964_rho0p0559798/fac-opacity-cowan-state/starout.h5
10964.048441247069,0.08044736266284185,fac-opacity-cowan-state,T10964_rho0p0804474,0.25892131633338056,8.478928994718677e-06,0.2589232140547404,2.3515782977867356e-06,ok,/home/elads/STAR/full_grid_solar_opacity/runs/T10964_rho0p0804474/fac-opacity-cowan-state/starout.h5
10964.048441247069,0.11560912813835741,fac-opacity-cowan-state,T10964_rho0p115609,0.25892116115960373,1.2156561246137891e-05,0.25892386394842887,3.347931458304078e-06,ok,/home/elads/STAR/full_grid_solar_opacity/runs/T10964_rho0p115609/fac-opacity-cowan-state/starout.h5
10964.048441247069,0.1661393247274789,fac-opacity-cowan-state,T10964_rho0p166139,0.25892098049710544,1.7425716957138508e-05,0.2589248254404006,4.7606816083353245e-06,ok,/home/elads/STAR/full_grid_solar_opacity/runs/T10964_rho0p166139/fac-opacity-cowan-state/starout.h5
10964.048441247069,0.23875515424585794,fac-opacity-cowan-state,T10964_rho0p238755,0.25892073686570893,2.4973468593711617e-05,0.2589262000071922,6.7609050773699285e-06,ok,/home/elads/STAR/full_grid_solar_opacity/runs/T10964_rho0p238755/fac-opacity-cowan-state/starout.h5
10964.048441247069,0.34310975906798746,fac-opacity-cowan-state,T10964_rho0p34311,0.2589201769810103,3.5796661026422545e-05,0.25892793343453124,9.593180600723945e-06,ok,/home/elads/STAR/full_grid_solar_opacity/runs/T10964_rho0p34311/fac-opacity-cowan-state/starout.h5
10964.048441247069,0.49307545690287347,fac-opacity-cowan-state,T10964_rho0p493075,0.2589195248959254,5.1317079778906656e-05,0.2589305282289485,1.3598814369318616e-05,ok,/home/elads/STAR/full_grid_solar_opacity/runs/T10964_rho0p493075/fac-opacity-cowan-state/starout.h5
10964.048441247069,0.7085878491488851,fac-opacity-cowan-state,T10964_rho0p708588,0.25891857263577306,7.358476600049939e-05,0.2589341709275687,1.9260034036850312e-05,ok,/home/elads/STAR/full_grid_solar_opacity/runs/T10964_rho0p708588/fac-opacity-cowan-state/starout.h5
10964.048441247069,1.0182959482819007,fac-opacity-cowan-state,T10964_rho1p0183,0.2589172006028975,0.00010554851183121887,0.258939298046491,2.7254431044196427e-05,ok,/home/elads/STAR/full_grid_solar_opacity/runs/T10964_rho1p0183/fac-opacity-cowan-state/starout.h5
10964.048441247069,1.4633706173946401,fac-opacity-cowan-state,T10964_rho1p46337,0.2589152324967374,0.00015144455088519148,0.2589465131481879,3.85289655934356e-05,ok,/home/elads/STAR/full_grid_solar_opacity/runs/T10964_rho1p46337/fac-opacity-cowan-state/starout.h5
10964.048441247069,2.1029775945461404,fac-opacity-cowan-state,T10964_rho2p10298,0.25891239613666356,0.00021736422132972235,0.2589566365361301,5.440495786181328e-05,ok,/home/elads/STAR/full_grid_solar_opacity/runs/T10964_rho2p10298/fac-opacity-cowan-state/starout.h5
10964.048441247069,3.0221426551783854,fac-opacity-cowan-state,T10964_rho3p02214,0.2589082984920909,0.00031204837369223605,0.2589707959782275,7.671349890559336e-05,ok,/home/elads/STAR/full_grid_solar_opacity/runs/T10964_rho3p02214/fac-opacity-cowan-state/starout.h5
10964.048441247069,4.343054463316713,fac-opacity-cowan-state,T10964_rho4p34305,0.25890245419947033,0.00044805551284351624,0.25899062021060887,0.0001079872027586789,ok,/home/elads/STAR/full_grid_solar_opacity/runs/T10964_rho4p34305/fac-opacity-cowan-state/starout.h5
10964.048441247069,6.241307649397467,fac-opacity-cowan-state,T10964_rho6p24131,0.2588940454911755,0.0006434141564412192,0.25901821735883385,0.00015171085713427084,ok,/home/elads/STAR/full_grid_solar_opacity/runs/T10964_rho6p24131/fac-opacity-cowan-state/starout.h5
10964.048441247069,8.969245378672715,fac-opacity-cowan-state,T10964_rho8p96925,0.25888198793983486,0.0009239860783346066,0.25905653254241556,0.00021265182469853508,ok,/home/elads/STAR/full_grid_solar_opacity/runs/T10964_rho8p96925/fac-opacity-cowan-state/starout.h5
10964.048441247069,12.889504440725364,fac-opacity-cowan-state,T10964_rho12p8895,0.25886477982976164,0.0013268771956962675,0.25910959523037946,0.0002973050795449664,ok,/home/elads/STAR/full_grid_solar_opacity/runs/T10964_rho12p8895/fac-opacity-cowan-state/starout.h5
10964.048441247069,18.52322215674118,fac-opacity-cowan-state,T10964_rho18p5232,0.2588402466824667,0.0019052717409676564,0.25918278174524134,0.0004144611850453637,ok,/home/elads/STAR/full_grid_solar_opacity/runs/T10964_rho18p5232/fac-opacity-cowan-state/starout.h5
10964.048441247069,26.61931346126126,fac-opacity-cowan-state,T10964_rho26p6193,0.2588053391419892,0.0027353468245091893,0.2592832991643829,0.0005759446226074335,ok,/home/elads/STAR/full_grid_solar_opacity/runs/T10964_rho26p6193/fac-opacity-cowan-state/starout.h5
10964.048441247069,38.254027466328665,fac-opacity-cowan-state,T10964_rho38p254,0.25875573156897247,0.003926061098242964,0.25942066853338774,0.0007975433147622837,ok,/home/elads/STAR/full_grid_solar_opacity/runs/T10964_rho38p254/fac-opacity-cowan-state/starout.h5
10964.048441247069,54.97401800103719,fac-opacity-cowan-state,T10964_rho54p974,0.25868536466950287,0.005633059969232957,0.2596074151833549,0.0011001859323996757,ok,/home/elads/STAR/full_grid_solar_opacity/runs/T10964_rho54p974/fac-opacity-cowan-state/starout.h5
10964.048441247069,79.0019471240894,fac-opacity-cowan-state,T10964_rho79p0019,0.2585860839118363,0.008078177690731037,0.2598601519815958,0.0015113783111618258,ok,/home/elads/STAR/full_grid_solar_opacity/runs/T10964_rho79p0019/fac-opacity-cowan-state/starout.h5
10964.048441247069,113.53195339077567,fac-opacity-cowan-state,T10964_rho113p532,0.25844640666388885,0.011576634384417906,0.26020014819249404,0.0020669380033564487,ok,/home/elads/STAR/full_grid_solar_opacity/runs/T10964_rho113p532/fac-opacity-cowan-state/starout.h5
10964.048441247069,163.15426277379785,fac-opacity-cowan-state,T10964_rho163p154,0.25825085846909357,0.01657474049224658,0.26065485387019427,0.0028130248183639295,ok,/home/elads/STAR/full_grid_solar_opacity/runs/T10964_rho163p154/fac-opacity-cowan-state/starout.h5
10964.048441247069,234.46538763970608,fac-opacity-cowan-state,T10964_rho234p465,0.25797881840695214,0.02370109904315591,0.26125936431372193,0.003808496920185881,ok,/home/elads/STAR/full_grid_solar_opacity/runs/T10964_rho234p465/fac-opacity-cowan-state/starout.h5
10964.048441247069,336.94503022121665,fac-opacity-cowan-state,T10964_rho336p945,0.25760342386315044,0.03383532062400963,0.2620582413531789,0.005127438525580416,ok,/home/elads/STAR/full_grid_solar_opacity/runs/T10964_rho336p945/fac-opacity-cowan-state/starout.h5
10964.048441247069,484.21626123015125,fac-opacity-cowan-state,T10964_rho484p216,0.2570908140333799,0.04819145971313193,0.2631078276403973,0.006861784077283396,ok,/home/elads/STAR/full_grid_solar_opacity/runs/T10964_rho484p216/fac-opacity-cowan-state/starout.h5
10964.048441247069,695.8564947100452,fac-opacity-cowan-state,T10964_rho695p856,0.256401109874775,0.06842538080812743,0.26448007669475904,0.009123829087493132,ok,/home/elads/STAR/full_grid_solar_opacity/runs/T10964_rho695p856/fac-opacity-cowan-state/starout.h5
10964.048441247069,1000.0,fac-opacity-cowan-state,T10964_rho1000,0.2554894594565891,0.09674236108059188,0.2662649950019696,0.012047783938698587,ok,/home/elads/STAR/full_grid_solar_opacity/runs/T10964_rho1000/fac-opacity-cowan-state/starout.h5
12070.113093571515,1e-17,fac-opacity-cowan-state,T12070p1_rho1em17,0.25830374509365484,7.408098345719116e-22,0.25830374509365484,2.0683636760090413e-22,ok,/home/elads/STAR/full_grid_solar_opacity/runs/T12070p1_rho1em17/fac-opacity-cowan-state/starout.h5
12070.113093571515,1.4370779141993746e-17,fac-opacity-cowan-state,T12070p1_rho1p43708em17,0.25830374509365456,1.0619737041960256e-21,0.25830374509365456,2.965131535922725e-22,ok,/home/elads/STAR/full_grid_solar_opacity/runs/T12070p1_rho1p43708em17/fac-opacity-cowan-state/starout.h5
12070.113093571515,2.065192931479625e-17,fac-opacity-cowan-state,T12070p1_rho2p06519em17,0.2583037450936546,1.5235142811949409e-21,0.2583037450936546,4.253865417203867e-22,ok,/home/elads/STAR/full_grid_solar_opacity/runs/T12070p1_rho2p06519em17/fac-opacity-cowan-state/starout.h5
12070.113093571515,2.9678431503900313e-17,fac-opacity-cowan-state,T12070p1_rho2p96784em17,0.25830374294885877,2.187022896183308e-21,0.25830374294885877,6.106517110303645e-22,ok,/home/elads/STAR/full_grid_solar_opacity/runs/T12070p1_rho2p96784em17/fac-opacity-cowan-state/starout.h5
12070.113093571515,4.2650218442334076e-17,fac-opacity-cowan-state,T12070p1_rho4p26502em17,0.2583037383008938,3.140869739815672e-21,0.2583037383008938,8.769815784428933e-22,ok,/home/elads/STAR/full_grid_solar_opacity/runs/T12070p1_rho4p26502em17/fac-opacity-cowan-state/starout.h5
12070.113093571515,6.129168695925715e-17,fac-opacity-cowan-state,T12070p1_rho6p12917em17,0.2583037331417415,4.5126555673226955e-21,0.2583037331417415,1.2600066530546453e-21,ok,/home/elads/STAR/full_grid_solar_opacity/runs/T12070p1_rho6p12917em17/fac-opacity-cowan-state/starout.h5
12070.113093571515,8.808092965317026e-17,fac-opacity-cowan-state,T12070p1_rho8p80809em17,0.2583037275641844,6.485030024349842e-21,0.25830372756418435,1.810725671081965e-21,ok,/home/elads/STAR/full_grid_solar_opacity/runs/T12070p1_rho8p80809em17/fac-opacity-cowan-state/starout.h5
12070.113093571515,1.2657915866672028e-16,fac-opacity-cowan-state,T12070p1_rho1p26579em16,0.25830372198662915,9.3194817757835e-21,0.2583037219866292,2.6021506746085186e-21,ok,/home/elads/STAR/full_grid_solar_opacity/runs/T12070p1_rho1p26579em16/fac-opacity-cowan-state/starout.h5
12070.113093571515,1.819041133178821e-16,fac-opacity-cowan-state,T12070p1_rho1p81904em16,0.2583037164052479,1.33928025343362e-20,0.2583037164052479,3.739488092448562e-21,ok,/home/elads/STAR/full_grid_solar_opacity/runs/T12070p1_rho1p81904em16/fac-opacity-cowan-state/starout.h5
12070.113093571515,2.6141038375114865e-16,fac-opacity-cowan-state,T12070p1_rho2p6141em16,0.2583037107967541,1.9246470204265763e-20,0.25830371079675407,5.373927356282733e-21,ok,/home/elads/STAR/full_grid_solar_opacity/runs/T12070p1_rho2p6141em16/fac-opacity-cowan-state/starout.h5
12070.113093571515,3.7566708903116036e-16,fac-opacity-cowan-state,T12070p1_rho3p75667em16,0.2583037051925466,2.765862895138497e-20,0.2583037051925466,7.722739061653469e-21,ok,/home/elads/STAR/full_grid_solar_opacity/runs/T12070p1_rho3p75667em16/fac-opacity-cowan-state/starout.h5
12070.113093571515,5.398628767382507e-16,fac-opacity-cowan-state,T12070p1_rho5p39863em16,0.2583036995770159,3.974752717647009e-20,0.2583036995770159,1.1098156446009841e-20,ok,/home/elads/STAR/full_grid_solar_opacity/runs/T12070p1_rho5p39863em16/fac-opacity-cowan-state/starout.h5
12070.113093571515,7.758250168566793e-16,fac-opacity-cowan-state,T12070p1_rho7p75825em16,0.25830369395896824,5.712016916470086e-20,0.25830369395896824,1.59488813825465e-20,ok,/home/elads/STAR/full_grid_solar_opacity/runs/T12070p1_rho7p75825em16/fac-opacity-cowan-state/starout.h5
12070.113093571515,1.1149209970080914e-15,fac-opacity-cowan-state,T12070p1_rho1p11492em15,0.2583036883392171,8.208593366155414e-20,0.2583036883392171,2.2919730351084428e-20,ok,/home/elads/STAR/full_grid_solar_opacity/runs/T12070p1_rho1p11492em15/fac-opacity-cowan-state/starout.h5
12070.113093571515,1.6022283408774753e-15,fac-opacity-cowan-state,T12070p1_rho1p60223em15,0.25830368271926174,1.1796356187275533e-19,0.2583036827192617,3.293735044826904e-20,ok,/home/elads/STAR/full_grid_solar_opacity/runs/T12070p1_rho1p60223em15/fac-opacity-cowan-state/starout.h5
12070.113093571515,2.3025269621793266e-15,fac-opacity-cowan-state,T12070p1_rho2p30253em15,0.25830367709896734,1.6952231810858673e-19,0.2583036770989673,4.7333398719163684e-20,ok,/home/elads/STAR/full_grid_solar_opacity/runs/T12070p1_rho2p30253em15/fac-opacity-cowan-state/starout.h5
12070.113093571515,3.308910644196489e-15,fac-opacity-cowan-state,T12070p1_rho3p30891em15,0.258303671479592,2.436159658884548e-19,0.258303671479592,6.802155919538293e-20,ok,/home/elads/STAR/full_grid_solar_opacity/runs/T12070p1_rho3p30891em15/fac-opacity-cowan-state/starout.h5
12070.113093571515,4.755162406834019e-15,fac-opacity-cowan-state,T12070p1_rho4p75516em15,0.2583036658597491,3.5009382615346333e-19,0.25830366585974907,9.775192347278365e-20,ok,/home/elads/STAR/full_grid_solar_opacity/runs/T12070p1_rho4p75516em15/fac-opacity-cowan-state/starout.h5
12070.113093571515,6.8335388732923106e-15,fac-opacity-cowan-state,T12070p1_rho6p83354em15,0.2583036615226176,5.031100704250737e-19,0.2583036615226175,1.404765731143132e-19,ok,/home/elads/STAR/full_grid_solar_opacity/runs/T12070p1_rho6p83354em15/fac-opacity-cowan-state/starout.h5
12070.113093571515,9.820327790631256e-15,fac-opacity-cowan-state,T12070p1_rho9p82033em15,0.2583036615156564,7.230051805069593e-19,0.2583036615156564,2.0187491006456563e-19,ok,/home/elads/STAR/full_grid_solar_opacity/runs/T12070p1_rho9p82033em15/fac-opacity-cowan-state/starout.h5
12070.113093571515,1.4112576178114521e-14,fac-opacity-cowan-state,T12070p1_rho1p41126em14,0.258303661522617,1.0390098197699046e-18,0.25830366152261697,2.9010861795066714e-19,ok,/home/elads/STAR/full_grid_solar_opacity/runs/T12070p1_rho1p41126em14/fac-opacity-cowan-state/starout.h5
12070.113093571515,2.0280871538024598e-14,fac-opacity-cowan-state,T12070p1_rho2p02809em14,0.2583036615226187,1.4931304093866754e-18,0.2583036615226187,4.169065970907878e-19,ok,/home/elads/STAR/full_grid_solar_opacity/runs/T12070p1_rho2p02809em14/fac-opacity-cowan-state/starout.h5
12070.113093571515,2.914519256800997e-14,fac-opacity-cowan-state,T12070p1_rho2p91452em14,0.25830366152261797,2.145733028983378e-18,0.25830366152261797,5.991240738182096e-19,ok,/home/elads/STAR/full_grid_solar_opacity/runs/T12070p1_rho2p91452em14/fac-opacity-cowan-state/starout.h5
12070.113093571515,4.188391254457488e-14,fac-opacity-cowan-state,T12070p1_rho4p18839em14,0.25830366152261747,3.0835678406599153e-18,0.25830366152261747,8.609831524184522e-19,ok,/home/elads/STAR/full_grid_solar_opacity/runs/T12070p1_rho4p18839em14/fac-opacity-cowan-state/starout.h5
12070.113093571515,6.019044567806669e-14,fac-opacity-cowan-state,T12070p1_rho6p01904em14,0.2583036615226187,4.431300991185147e-18,0.2583036615226187,1.2372927293980385e-18,ok,/home/elads/STAR/full_grid_solar_opacity/runs/T12070p1_rho6p01904em14/fac-opacity-cowan-state/starout.h5
12070.113093571515,8.649836012976684e-14,fac-opacity-cowan-state,T12070p1_rho8p64984em14,0.25830366152262374,6.368086903573026e-18,0.25830366152262374,1.7780757974407048e-18,ok,/home/elads/STAR/full_grid_solar_opacity/runs/T12070p1_rho8p64984em14/fac-opacity-cowan-state/starout.h5
12070.113093571515,1.2430488295695167e-13,fac-opacity-cowan-state,T12070p1_rho1p24305em13,0.25830366152261736,9.151383913100817e-18,0.25830366152261724,2.5552191250155636e-18,ok,/home/elads/STAR/full_grid_solar_opacity/runs/T12070p1_rho1p24305em13/fac-opacity-cowan-state/starout.h5
12070.113093571515,1.7863580192457348e-13,fac-opacity-cowan-state,T12070p1_rho1p78636em13,0.2583036615226168,1.3151180766857598e-17,0.2583036615226168,3.672029957470726e-18,ok,/home/elads/STAR/full_grid_solar_opacity/runs/T12070p1_rho1p78636em13/fac-opacity-cowan-state/starout.h5
12070.113093571515,2.567135656310987e-13,fac-opacity-cowan-state,T12070p1_rho2p56714em13,0.258303661522616,1.8899182305103577e-17,0.258303661522616,5.27696950949435e-18,ok,/home/elads/STAR/full_grid_solar_opacity/runs/T12070p1_rho2p56714em13/fac-opacity-cowan-state/starout.h5
12070.113093571515,3.6891739544382357e-13,fac-opacity-cowan-state,T12070p1_rho3p68917em13,0.2583036615226155,2.7159496723378097e-17,0.2583036615226155,7.583390287439377e-18,ok,/home/elads/STAR/full_grid_solar_opacity/runs/T12070p1_rho3p68917em13/fac-opacity-cowan-state/starout.h5
12070.113093571515,5.301630411562758e-13,fac-opacity-cowan-state,T12070p1_rho5p30163em13,0.2583036615226145,3.903022568835004e-17,0.2583036615226145,1.089790141884872e-17,ok,/home/elads/STAR/full_grid_solar_opacity/runs/T12070p1_rho5p30163em13/fac-opacity-cowan-state/starout.h5
12070.113093571515,7.618855973704612e-13,fac-opacity-cowan-state,T12070p1_rho7p61886em13,0.25830366152261225,5.60894510106655e-17,0.25830366152261225,1.566113121689359e-17,ok,/home/elads/STAR/full_grid_solar_opacity/runs/T12070p1_rho7p61886em13/fac-opacity-cowan-state/starout.h5
12070.113093571515,1.0948889651276868e-12,fac-opacity-cowan-state,T12070p1_rho1p09489em12,0.2583036615226106,8.060504948780367e-17,0.2583036615226106,2.2506311578708725e-17,ok,/home/elads/STAR/full_grid_solar_opacity/runs/T12070p1_rho1p09489em12/fac-opacity-cowan-state/starout.h5
12070.113093571515,1.5734407502856082e-12,fac-opacity-cowan-state,T12070p1_rho1p57344em12,0.25830366152260825,1.158362278245754e-16,0.25830366152260825,3.2343471122336584e-17,ok,/home/elads/STAR/full_grid_solar_opacity/runs/T12070p1_rho1p57344em12/fac-opacity-cowan-state/starout.h5
12070.113093571515,2.26115695153675e-12,fac-opacity-cowan-state,T12070p1_rho2p26116em12,0.2583036615226043,1.6646687694975105e-16,0.25830366152260437,4.648043582164901e-17,ok,/home/elads/STAR/full_grid_solar_opacity/runs/T12070p1_rho2p26116em12/fac-opacity-cowan-state/starout.h5
12070.113093571515,3.249458715591849e-12,fac-opacity-cowan-state,T12070p1_rho3p24946em12,0.2583036615225982,2.392284596689956e-16,0.25830366152259826,6.679675120851202e-17,ok,/home/elads/STAR/full_grid_solar_opacity/runs/T12070p1_rho3p24946em12/fac-opacity-cowan-state/starout.h5
12070.113093571515,4.669725353279713e-12,fac-opacity-cowan-state,T12070p1_rho4p66973em12,0.25830366152258893,3.437953491884421e-16,0.258303661522589,9.599367194035397e-17,ok,/home/elads/STAR/full_grid_solar_opacity/runs/T12070p1_rho4p66973em12/fac-opacity-cowan-state/starout.h5
12070.113093571515,6.710759170575148e-12,fac-opacity-cowan-state,T12070p1_rho6p71076em12,0.25830366152257694,4.940720241063462e-16,0.25830366152257705,1.379535687278536e-16,ok,/home/elads/STAR/full_grid_solar_opacity/runs/T12070p1_rho6p71076em12/fac-opacity-cowan-state/starout.h5
12070.113093571515,9.64388379154446e-12,fac-opacity-cowan-state,T12070p1_rho9p64388em12,0.25830366152255974,7.100439986151829e-16,0.2583036615225599,1.9825672821585253e-16,ok,/home/elads/STAR/full_grid_solar_opacity/runs/T12070p1_rho9p64388em12/fac-opacity-cowan-state/starout.h5
12070.113093571515,1.3859012403933867e-11,fac-opacity-cowan-state,T12070p1_rho1p3859em11,0.2583036615225336,1.020438884607027e-15,0.25830366152253376,2.849243519327027e-16,ok,/home/elads/STAR/full_grid_solar_opacity/runs/T12070p1_rho1p3859em11/fac-opacity-cowan-state/starout.h5
12070.113093571515,1.9916480638308542e-11,fac-opacity-cowan-state,T12070p1_rho1p99165em11,0.2583036615224955,1.4665464539359552e-15,0.25830366152249584,4.094851486662747e-16,ok,/home/elads/STAR/full_grid_solar_opacity/runs/T12070p1_rho1p99165em11/fac-opacity-cowan-state/starout.h5
12070.113093571515,2.8621534453892672e-11,fac-opacity-cowan-state,T12070p1_rho2p86215em11,0.25830366152244194,2.1076880474653293e-15,0.25830366152244233,5.885024645467167e-16,ok,/home/elads/STAR/full_grid_solar_opacity/runs/T12070p1_rho2p86215em11/fac-opacity-cowan-state/starout.h5
12070.113093571515,4.1131375034185614e-11,fac-opacity-cowan-state,T12070p1_rho4p11314em11,0.2583036615222137,3.0290525066566364e-15,0.2583036615222143,8.457622256412109e-16,ok,/home/elads/STAR/full_grid_solar_opacity/runs/T12070p1_rho4p11314em11/fac-opacity-cowan-state/starout.h5
12070.113093571515,5.910899064227969e-11,fac-opacity-cowan-state,T12070p1_rho5p9109em11,0.2583036615222538,4.353039531557783e-15,0.2583036615222547,1.2154400825775625e-15,ok,/home/elads/STAR/full_grid_solar_opacity/runs/T12070p1_rho5p9109em11/fac-opacity-cowan-state/starout.h5
12070.113093571515,8.4944224982638e-11,fac-opacity-cowan-state,T12070p1_rho8p49442em11,0.258303661522095,6.2556925400681434e-15,0.25830366152209633,1.7466894762206268e-15,ok,/home/elads/STAR/full_grid_solar_opacity/runs/T12070p1_rho8p49442em11/fac-opacity-cowan-state/starout.h5
12070.113093571515,1.2207146966133182e-10,fac-opacity-cowan-state,T12070p1_rho1p22071em10,0.2583036615218676,8.990031642186153e-15,0.25830366152186957,2.510156704897615e-15,ok,/home/elads/STAR/full_grid_solar_opacity/runs/T12070p1_rho1p22071em10/fac-opacity-cowan-state/starout.h5
12070.113093571515,1.7542621300415897e-10,fac-opacity-cowan-state,T12070p1_rho1p75426em10,0.25830366152154083,1.291936012540696e-14,0.25830366152154366,3.607281228445591e-15,ok,/home/elads/STAR/full_grid_solar_opacity/runs/T12070p1_rho1p75426em10/fac-opacity-cowan-state/starout.h5
12070.113093571515,2.52101136279913e-10,fac-opacity-cowan-state,T12070p1_rho2p52101em10,0.2583036615201955,1.856561556409541e-14,0.25830366152019946,5.183795951608421e-15,ok,/home/elads/STAR/full_grid_solar_opacity/runs/T12070p1_rho2p52101em10/fac-opacity-cowan-state/starout.h5
12070.113093571515,3.6228897509242966e-10,fac-opacity-cowan-state,T12070p1_rho3p62289em10,0.25830366152039447,2.6679107032860865e-14,0.2583036615204003,7.449197003507741e-15,ok,/home/elads/STAR/full_grid_solar_opacity/runs/T12070p1_rho3p62289em10/fac-opacity-cowan-state/starout.h5
12070.113093571515,5.20637484663258e-10,fac-opacity-cowan-state,T12070p1_rho5p20637em10,0.2583036615194274,3.833893767888925e-14,0.2583036615194358,1.0704778661562166e-14,ok,/home/elads/STAR/full_grid_solar_opacity/runs/T12070p1_rho5p20637em10/fac-opacity-cowan-state/starout.h5
12070.113093571515,7.481966305138837e-10,fac-opacity-cowan-state,T12070p1_rho7p48197em10,0.2583036615180493,5.509788856582474e-14,0.2583036615180613,1.5384074539682728e-14,ok,/home/elads/STAR/full_grid_solar_opacity/runs/T12070p1_rho7p48197em10/fac-opacity-cowan-state/starout.h5
12070.113093571515,1.0752168531898921e-09,fac-opacity-cowan-state,T12070p1_rho1p07522em09,0.25830366151607,7.919329029554964e-14,0.2583036615160875,2.2111682151733094e-14,ok,/home/elads/STAR/full_grid_solar_opacity/runs/T12070p1_rho1p07522em09/fac-opacity-cowan-state/starout.h5
12070.113093571515,1.5451703926941453e-09,fac-opacity-cowan-state,T12070p1_rho1p54517em09,0.2525837004490219,1.136662436350288e-13,0.2525837004490469,3.175321475531649e-14,ok,/home/elads/STAR/full_grid_solar_opacity/runs/T12070p1_rho1p54517em09/fac-opacity-cowan-state/starout.h5
12070.113093571515,2.220530245015531e-09,fac-opacity-cowan-state,T12070p1_rho2p22053em09,0.2525837004451047,1.6374394619372038e-13,0.25258370044514067,4.5703466829871876e-14,ok,/home/elads/STAR/full_grid_solar_opacity/runs/T12070p1_rho2p22053em09/fac-opacity-cowan-state/starout.h5
12070.113093571515,3.1910749729235452e-09,fac-opacity-cowan-state,T12070p1_rho3p19107em09,0.2525837004395513,2.3479359794790567e-13,0.252583700439603,6.558240103483044e-14,ok,/home/elads/STAR/full_grid_solar_opacity/runs/T12070p1_rho3p19107em09/fac-opacity-cowan-state/starout.h5
12070.113093571515,4.585823366142813e-09,fac-opacity-cowan-state,T12070p1_rho4p58582em09,0.252583700431729,3.37825728930963e-13,0.2525837004318031,9.431823002220334e-14,ok,/home/elads/STAR/full_grid_solar_opacity/runs/T12070p1_rho4p58582em09/fac-opacity-cowan-state/starout.h5
12070.113093571515,6.590185477903269e-09,fac-opacity-cowan-state,T12070p1_rho6p59019em09,0.25258370042042544,4.853269706208015e-13,0.25258370042053196,1.35515185423181e-13,ok,/home/elads/STAR/full_grid_solar_opacity/runs/T12070p1_rho6p59019em09/fac-opacity-cowan-state/starout.h5
12070.113093571515,9.470610000772238e-09,fac-opacity-cowan-state,T12070p1_rho9p47061em09,0.2525837004053059,6.975241492766109e-13,0.2525837004054593,1.9476909261620058e-13,ok,/home/elads/STAR/full_grid_solar_opacity/runs/T12070p1_rho9p47061em09/fac-opacity-cowan-state/starout.h5
12070.113093571515,1.3610004466105506e-08,fac-opacity-cowan-state,T12070p1_rho1p361em08,0.25258370038358036,1.0026626788470133e-12,0.2525837003838006,2.799670465322437e-13,ok,/home/elads/STAR/full_grid_solar_opacity/runs/T12070p1_rho1p361em08/fac-opacity-cowan-state/starout.h5
12070.113093571515,1.9558636830395073e-08,fac-opacity-cowan-state,T12070p1_rho1p95586em08,0.2525837003558089,1.441148826907592e-12,0.25258370035612576,4.0238940081545733e-13,ok,/home/elads/STAR/full_grid_solar_opacity/runs/T12070p1_rho1p95586em08/fac-opacity-cowan-state/starout.h5
12070.113093571515,2.810728502080722e-08,fac-opacity-cowan-state,T12070p1_rho2p81073em08,0.2525837003191955,2.070862173604781e-12,0.2525837003196506,5.782144222505973e-13,ok,/home/elads/STAR/full_grid_solar_opacity/runs/T12070p1_rho2p81073em08/fac-opacity-cowan-state/starout.h5
12070.113093571515,4.039235853150913e-08,fac-opacity-cowan-state,T12070p1_rho4p03924em08,0.25258370027131855,2.97534464475079e-12,0.252583700271972,8.307161165737734e-13,ok,/home/elads/STAR/full_grid_solar_opacity/runs/T12070p1_rho4p03924em08/fac-opacity-cowan-state/starout.h5
12070.113093571515,5.804696634805446e-08,fac-opacity-cowan-state,T12070p1_rho5p8047em08,0.25258370021121906,4.276005113115749e-12,0.25258370021215887,1.1936275415760294e-12,ok,/home/elads/STAR/full_grid_solar_opacity/runs/T12070p1_rho5p8047em08/fac-opacity-cowan-state/starout.h5
12070.113093571515,8.341801332506338e-08,fac-opacity-cowan-state,T12070p1_rho8p3418em08,0.25258370013500864,6.142650101955763e-12,0.2525837001363586,1.7149309450016204e-12,ok,/home/elads/STAR/full_grid_solar_opacity/runs/T12070p1_rho8p3418em08/fac-opacity-cowan-state/starout.h5
12070.113093571515,1.1987818459583772e-07,fac-opacity-cowan-state,T12070p1_rho1p19878em07,0.2525837000410606,8.827948581428301e-12,0.252583700043,2.4643548716082623e-12,ok,/home/elads/STAR/full_grid_solar_opacity/runs/T12070p1_rho1p19878em07/fac-opacity-cowan-state/starout.h5
12070.113093571515,1.7227429147699408e-07,fac-opacity-cowan-state,T12070p1_rho1p72274em07,0.2525836999257451,1.2684492709683389e-11,0.25258369992853147,3.5410380032203144e-12,ok,/home/elads/STAR/full_grid_solar_opacity/runs/T12070p1_rho1p72274em07/fac-opacity-cowan-state/starout.h5
12070.113093571515,2.4757157946593376e-07,fac-opacity-cowan-state,T12070p1_rho2p47572em07,0.25258369978554496,1.8226596117192653e-11,0.2525836997895497,5.087991314726495e-12,ok,/home/elads/STAR/full_grid_solar_opacity/runs/T12070p1_rho2p47572em07/fac-opacity-cowan-state/starout.h5
12070.113093571515,3.557796490339488e-07,fac-opacity-cowan-state,T12070p1_rho3p5578em07,0.2525836996171355,2.6188532793793197e-11,0.2525836996228886,7.31061041668922e-12,ok,/home/elads/STAR/full_grid_solar_opacity/runs/T12070p1_rho3p5578em07/fac-opacity-cowan-state/starout.h5
12070.113093571515,5.112830759482948e-07,fac-opacity-cowan-state,T12070p1_rho5p11283em07,0.2525836994123213,3.7627297001028167e-11,0.2525836994205873,1.050337130458096e-11,ok,/home/elads/STAR/full_grid_solar_opacity/runs/T12070p1_rho5p11283em07/fac-opacity-cowan-state/starout.h5
12070.113093571515,7.347536163492159e-07,fac-opacity-cowan-state,T12070p1_rho7p34754em07,0.25258369916594575,5.405512476434148e-11,0.25258369917782103,1.508858802695612e-11,ok,/home/elads/STAR/full_grid_solar_opacity/runs/T12070p1_rho7p34754em07/fac-opacity-cowan-state/starout.h5
12070.113093571515,1.0558981944335787e-06,fac-opacity-cowan-state,T12070p1_rho1p0559em06,0.25258369887010723,7.765895543781216e-11,0.25258369888716686,2.167589239062915e-11,ok,/home/elads/STAR/full_grid_solar_opacity/runs/T12070p1_rho1p0559em06/fac-opacity-cowan-state/starout.h5
12070.113093571515,1.517407974863493e-06,fac-opacity-cowan-state,T12070p1_rho1p51741em06,0.25258369851584433,1.1161093256086933e-10,0.25258369854035856,3.115030735979156e-11,ok,/home/elads/STAR/full_grid_solar_opacity/runs/T12070p1_rho1p51741em06/fac-opacity-cowan-state/starout.h5
12070.113093571515,2.1806334875063253e-06,fac-opacity-cowan-state,T12070p1_rho2p18063em06,0.2525836980933441,1.6044778398524022e-10,0.2525836981285832,4.477718190993471e-11,ok,/home/elads/STAR/full_grid_solar_opacity/runs/T12070p1_rho2p18063em06/fac-opacity-cowan-state/starout.h5
12070.113093571515,3.1337402238588983e-06,fac-opacity-cowan-state,T12070p1_rho3p13374em06,0.2525836975905488,2.3053957464354296e-10,0.2525836976411783,6.433243942790051e-11,ok,/home/elads/STAR/full_grid_solar_opacity/runs/T12070p1_rho3p13374em06/fac-opacity-cowan-state/starout.h5
12070.113093571515,4.503428864545845e-06,fac-opacity-cowan-state,T12070p1_rho4p50343em06,0.25258369698599026,3.313122165865435e-10,0.25258369705874417,9.244387630480713e-11,ok,/home/elads/STAR/full_grid_solar_opacity/runs/T12070p1_rho4p50343em06/fac-opacity-cowan-state/starout.h5
12070.113093571515,6.471778159406801e-06,fac-opacity-cowan-state,T12070p1_rho6p47178em06,0.25258369626416094,4.76652981026681e-10,0.25258369636881817,1.3297924268523273e-10,ok,/home/elads/STAR/full_grid_solar_opacity/runs/T12070p1_rho6p47178em06/fac-opacity-cowan-state/starout.h5
12070.113093571515,9.300449458481393e-06,fac-opacity-cowan-state,T12070p1_rho9p30045em06,0.2525836953957835,7.109262647109915e-10,0.252583695554569,2.010758933122396e-10,ok,/home/elads/STAR/full_grid_solar_opacity/runs/T12070p1_rho9p30045em06/fac-opacity-cowan-state/starout.h5
12070.113093571515,1.3365470508911143e-05,fac-opacity-cowan-state,T12070p1_rho1p33655em05,0.25258369441659045,1.020271429759935e-09,0.2525836946445249,2.886430261336732e-10,ok,/home/elads/STAR/full_grid_solar_opacity/runs/T12070p1_rho1p33655em05/fac-opacity-cowan-state/starout.h5
12070.113093571515,1.920722248123928e-05,fac-opacity-cowan-state,T12070p1_rho1p92072em05,0.25258369316880325,1.465178526190376e-09,0.25258369349616516,4.145444033588742e-10,ok,/home/elads/STAR/full_grid_solar_opacity/runs/T12070p1_rho1p92072em05/fac-opacity-cowan-state/starout.h5
12070.113093571515,2.760227522090268e-05,fac-opacity-cowan-state,T12070p1_rho2p76023em05,0.2525836917956209,2.10687454436401e-09,0.2525836922663834,5.961300664692835e-10,ok,/home/elads/STAR/full_grid_solar_opacity/runs/T12070p1_rho2p76023em05/fac-opacity-cowan-state/starout.h5
12070.113093571515,3.966662010161191e-05,fac-opacity-cowan-state,T12070p1_rho3p96666em05,0.2525836899969426,3.0272455682063256e-09,0.25258369067330744,8.564723909886195e-10,ok,/home/elads/STAR/full_grid_solar_opacity/runs/T12070p1_rho3p96666em05/fac-opacity-cowan-state/starout.h5
12070.113093571515,5.7004023678963655e-05,fac-opacity-cowan-state,T12070p1_rho5p7004em05,0.25258368790864427,4.345123126768556e-09,0.2525836888789095,1.2287228849067302e-09,ok,/home/elads/STAR/full_grid_solar_opacity/runs/T12070p1_rho5p7004em05/fac-opacity-cowan-state/starout.h5
12070.113093571515,8.191922344953684e-05,fac-opacity-cowan-state,T12070p1_rho8p19192em05,0.2525836890043069,6.244277336145674e-09,0.25258369039821427,1.765197308447759e-09,ok,/home/elads/STAR/full_grid_solar_opacity/runs/T12070p1_rho8p19192em05/fac-opacity-cowan-state/starout.h5
12070.113093571515,0.00011772430676769293,fac-opacity-cowan-state,T12070p1_rho0p000117724,0.25258369783083195,8.967751418773114e-09,0.2525836998322206,2.5343826512446993e-09,ok,/home/elads/STAR/full_grid_solar_opacity/runs/T12070p1_rho0p000117724/fac-opacity-cowan-state/starout.h5
12070.113093571515,0.00016917900122028344,fac-opacity-cowan-state,T12070p1_rho0p000169179,0.25258369634166794,1.2885189290276163e-08,0.25258369921648044,3.6402108709764298e-09,ok,/home/elads/STAR/full_grid_solar_opacity/runs/T12070p1_rho0p000169179/fac-opacity-cowan-state/starout.h5
12070.113093571515,0.0002431234061999784,fac-opacity-cowan-state,T12070p1_rho0p000243123,0.25258369441346573,1.851038242515165e-08,0.25258369854181467,5.227166193808605e-09,ok,/home/elads/STAR/full_grid_solar_opacity/runs/T12070p1_rho0p000243123/fac-opacity-cowan-state/starout.h5
12070.113093571515,0.0003493872774749123,fac-opacity-cowan-state,T12070p1_rho0p000349387,0.25258369143976944,2.6591162089588208e-08,0.2525836973677592,7.5052747612198e-09,ok,/home/elads/STAR/full_grid_solar_opacity/runs/T12070p1_rho0p000349387/fac-opacity-cowan-state/starout.h5
12070.113093571515,0.0005020967399614471,fac-opacity-cowan-state,T12070p1_rho0p000502097,0.2525836836464249,3.8197722498895345e-08,0.2525836921572511,1.0774499372054057e-08,ok,/home/elads/STAR/full_grid_solar_opacity/runs/T12070p1_rho0p000502097/fac-opacity-cowan-state/starout.h5
12070.113093571515,0.0007215521357901021,fac-opacity-cowan-state,T12070p1_rho0p000721552,0.25258368306807866,5.486586435567424e-08,0.2525836952847373,1.546466311479886e-08,ok,/home/elads/STAR/full_grid_solar_opacity/runs/T12070p1_rho0p000721552/fac-opacity-cowan-state/starout.h5
12070.113093571515,0.0010369266382873438,fac-opacity-cowan-state,T12070p1_rho0p00103693,0.25258367719486086,7.880247704080731e-08,0.25258369472777464,2.219220388671156e-08,ok,/home/elads/STAR/full_grid_solar_opacity/runs/T12070p1_rho0p00103693/fac-opacity-cowan-state/starout.h5
12070.113093571515,0.0014901443705277455,fac-opacity-cowan-state,T12070p1_rho0p00149014,0.25258366847105396,1.1317455624470917e-07,0.25258369362829414,3.183926172048634e-08,ok,/home/elads/STAR/full_grid_solar_opacity/runs/T12070p1_rho0p00149014/fac-opacity-cowan-state/starout.h5
12070.113093571515,0.002141453563853953,fac-opacity-cowan-state,T12070p1_rho0p00214145,0.2525836509886418,1.6252626929321772e-07,0.25258368707700957,4.5668377302328115e-08,ok,/home/elads/STAR/full_grid_solar_opacity/runs/T12070p1_rho0p00214145/fac-opacity-cowan-state/starout.h5
12070.113093571515,0.003077435620898055,fac-opacity-cowan-state,T12070p1_rho0p00307744,0.25258364110168585,2.3337608255119154e-07,0.2525836928564334,6.548481099947904e-08,ok,/home/elads/STAR/full_grid_solar_opacity/runs/T12070p1_rho0p00307744/fac-opacity-cowan-state/starout.h5
12070.113093571515,0.004422514763163053,fac-opacity-cowan-state,T12070p1_rho0p00442251,0.2525836183655083,3.350850397025999e-07,0.25258369256573227,9.387098479816903e-08,ok,/home/elads/STAR/full_grid_solar_opacity/runs/T12070p1_rho0p00442251/fac-opacity-cowan-state/starout.h5
12070.113093571515,0.006355498291362301,fac-opacity-cowan-state,T12070p1_rho0p0063555,0.2525835913477723,4.810927722255627e-07,0.25258369769574435,1.3451884183127924e-07,ok,/home/elads/STAR/full_grid_solar_opacity/runs/T12070p1_rho0p0063555/fac-opacity-cowan-state/starout.h5
12070.113093571515,0.009133346228248624,fac-opacity-cowan-state,T12070p1_rho0p00913335,0.2525835481050177,6.906839987941838e-07,0.252583700476035,1.926978452969096e-07,ok,/home/elads/STAR/full_grid_solar_opacity/runs/T12070p1_rho0p00913335/fac-opacity-cowan-state/starout.h5
12070.113093571515,0.01312533014735226,fac-opacity-cowan-state,T12070p1_rho0p0131253,0.25258350489719505,9.915050554978794e-07,0.2525837231211012,2.7592261100572424e-07,ok,/home/elads/STAR/full_grid_solar_opacity/runs/T12070p1_rho0p0131253/fac-opacity-cowan-state/starout.h5
12070.113093571515,0.018862122071335155,fac-opacity-cowan-state,T12070p1_rho0p0188621,0.2525834585413216,1.4231918679681807e-06,0.252583770925825,3.948888110547743e-07,ok,/home/elads/STAR/full_grid_solar_opacity/runs/T12070p1_rho0p0188621/fac-opacity-cowan-state/starout.h5
12070.113093571515,0.02710633904364831,fac-opacity-cowan-state,T12070p1_rho0p0271063,0.25258341152718333,2.042568474239457e-06,0.2525838584050844,5.647706327606018e-07,ok,/home/elads/STAR/full_grid_solar_opacity/runs/T12070p1_rho0p0271063/fac-opacity-cowan-state/starout.h5
12070.113093571515,0.038953921174427183,fac-opacity-cowan-state,T12070p1_rho0p0389539,0.25258335619524536,2.9311147440260233e-06,0.25258399508405144,8.072181316023881e-07,ok,/home/elads/STAR/full_grid_solar_opacity/runs/T12070p1_rho0p0389539/fac-opacity-cowan-state/starout.h5
12070.113093571515,0.0559798197912329,fac-opacity-cowan-state,T12070p1_rho0p0559798,0.25258325832203005,4.2053483527384995e-06,0.2525841709940371,1.1527890541903741e-06,ok,/home/elads/STAR/full_grid_solar_opacity/runs/T12070p1_rho0p0559798/fac-opacity-cowan-state/starout.h5
12070.113093571515,0.08044736266284185,fac-opacity-cowan-state,T12070p1_rho0p0804474,0.25258317518339285,6.032028464244849e-06,0.2525844776985401,1.644660654762125e-06,ok,/home/elads/STAR/full_grid_solar_opacity/runs/T12070p1_rho0p0804474/fac-opacity-cowan-state/starout.h5
12070.113093571515,0.11560912813835741,fac-opacity-cowan-state,T12070p1_rho0p115609,0.25258305985935786,8.650235359481433e-06,0.2525849168874979,2.343979199041562e-06,ok,/home/elads/STAR/full_grid_solar_opacity/runs/T12070p1_rho0p115609/fac-opacity-cowan-state/starout.h5
12070.113093571515,0.1661393247274789,fac-opacity-cowan-state,T12070p1_rho0p166139,0.2525829321455583,1.240240801568041e-05,0.2525855769695348,3.3369797338335554e-06,ok,/home/elads/STAR/full_grid_solar_opacity/runs/T12070p1_rho0p166139/fac-opacity-cowan-state/starout.h5
12070.113093571515,0.23875515424585794,fac-opacity-cowan-state,T12070p1_rho0p238755,0.2525827592651746,1.7778575109307994e-05,0.25258652200893283,4.745181482877333e-06,ok,/home/elads/STAR/full_grid_solar_opacity/runs/T12070p1_rho0p238755/fac-opacity-cowan-state/starout.h5
12070.113093571515,0.34310975906798746,fac-opacity-cowan-state,T12070p1_rho0p34311,0.25258234205980173,2.5489207364460106e-05,0.25258769168153294,6.7424537091599325e-06,ok,/home/elads/STAR/full_grid_solar_opacity/runs/T12070p1_rho0p34311/fac-opacity-cowan-state/starout.h5
12070.113093571515,0.49307545690287347,fac-opacity-cowan-state,T12070p1_rho0p493075,0.2525818626717048,3.654833533699765e-05,0.25258946291045375,9.57219506917704e-06,ok,/home/elads/STAR/full_grid_solar_opacity/runs/T12070p1_rho0p493075/fac-opacity-cowan-state/starout.h5
12070.113093571515,0.7085878491488851,fac-opacity-cowan-state,T12070p1_rho0p708588,0.25258115981519846,5.2417512850561385e-05,0.2525919508053509,1.3578883696328298e-05,ok,/home/elads/STAR/full_grid_solar_opacity/runs/T12070p1_rho0p708588/fac-opacity-cowan-state/starout.h5
12070.113093571515,1.0182959482819007,fac-opacity-cowan-state,T12070p1_rho1p0183,0.2525801453227932,7.519882591238177e-05,0.2525954575498423,1.924757862135615e-05,ok,/home/elads/STAR/full_grid_solar_opacity/runs/T12070p1_rho1p0183/fac-opacity-cowan-state/starout.h5
12070.113093571515,1.4633706173946401,fac-opacity-cowan-state,T12070p1_rho1p46337,0.2525786991373005,0.00010791258851267915,0.25260041229738983,2.725847190934502e-05,ok,/home/elads/STAR/full_grid_solar_opacity/runs/T12070p1_rho1p46337/fac-opacity-cowan-state/starout.h5
12070.113093571515,2.1029775945461404,fac-opacity-cowan-state,T12070p1_rho2p10298,0.25257659350287853,0.00015490121808023634,0.2526073585896948,3.8563268659931375e-05,ok,/home/elads/STAR/full_grid_solar_opacity/runs/T12070p1_rho2p10298/fac-opacity-cowan-state/starout.h5
12070.113093571515,3.0221426551783854,fac-opacity-cowan-state,T12070p1_rho3p02214,0.2525735552701084,0.00022239769964532734,0.2526171010816328,5.448620920863315e-05,ok,/home/elads/STAR/full_grid_solar_opacity/runs/T12070p1_rho3p02214/fac-opacity-cowan-state/starout.h5
12070.113093571515,4.343054463316713,fac-opacity-cowan-state,T12070p1_rho4p34305,0.25256921430760226,0.00031935718054479655,0.2526307731174358,7.686573639836902e-05,ok,/home/elads/STAR/full_grid_solar_opacity/runs/T12070p1_rho4p34305/fac-opacity-cowan-state/starout.h5
12070.113093571515,6.241307649397467,fac-opacity-cowan-state,T12070p1_rho6p24131,0.25256298262395394,0.0004586361962156489,0.252649875604424,0.00010824216016470296,ok,/home/elads/STAR/full_grid_solar_opacity/runs/T12070p1_rho6p24131/fac-opacity-cowan-state/starout.h5
12070.113093571515,8.969245378672715,fac-opacity-cowan-state,T12070p1_rho8p96925,0.25255402706817015,0.0006586838918849155,0.25267646611622985,0.00015210885908115214,ok,/home/elads/STAR/full_grid_solar_opacity/runs/T12070p1_rho8p96925/fac-opacity-cowan-state/starout.h5
12070.113093571515,12.889504440725364,fac-opacity-cowan-state,T12070p1_rho12p8895,0.2525411967706888,0.0009459744580343111,0.2527133800296472,0.00021324910040100944,ok,/home/elads/STAR/full_grid_solar_opacity/runs/T12070p1_rho12p8895/fac-opacity-cowan-state/starout.h5
12070.113093571515,18.52322215674118,fac-opacity-cowan-state,T12070p1_rho18p5232,0.25252291143414574,0.0013584677423244677,0.25276450766020236,0.00029817433000299824,ok,/home/elads/STAR/full_grid_solar_opacity/runs/T12070p1_rho18p5232/fac-opacity-cowan-state/starout.h5
12070.113093571515,26.61931346126126,fac-opacity-cowan-state,T12070p1_rho26p6193,0.25249686763826085,0.0019505583255161182,0.2528350185170883,0.00041569780807278135,ok,/home/elads/STAR/full_grid_solar_opacity/runs/T12070p1_rho26p6193/fac-opacity-cowan-state/starout.h5
12070.113093571515,38.254027466328665,fac-opacity-cowan-state,T12070p1_rho38p254,0.25245976206381654,0.00280009642090548,0.25293176032768955,0.0005776668952541593,ok,/home/elads/STAR/full_grid_solar_opacity/runs/T12070p1_rho38p254/fac-opacity-cowan-state/starout.h5
12070.113093571515,54.97401800103719,fac-opacity-cowan-state,T12070p1_rho54p974,0.25240703100946493,0.0040183797775267815,0.25306388336117874,0.0007999003458550143,ok,/home/elads/STAR/full_grid_solar_opacity/runs/T12070p1_rho54p974/fac-opacity-cowan-state/starout.h5
12070.113093571515,79.0019471240894,fac-opacity-cowan-state,T12070p1_rho79p0019,0.25233239506755517,0.005764207376198189,0.25324351407853823,0.0011033500602290662,ok,/home/elads/STAR/full_grid_solar_opacity/runs/T12070p1_rho79p0019/fac-opacity-cowan-state/starout.h5
12070.113093571515,113.53195339077567,fac-opacity-cowan-state,T12070p1_rho113p532,0.2522270894711459,0.008263570618301555,0.25348641539147976,0.001515528447088282,ok,/home/elads/STAR/full_grid_solar_opacity/runs/T12070p1_rho113p532/fac-opacity-cowan-state/starout.h5
12070.113093571515,163.15426277379785,fac-opacity-cowan-state,T12070p1_rho163p154,0.25207908516686256,0.011836930051153065,0.2538129768823312,0.0020722131259255185,ok,/home/elads/STAR/full_grid_solar_opacity/runs/T12070p1_rho163p154/fac-opacity-cowan-state/starout.h5
12070.113093571515,234.46538763970608,fac-opacity-cowan-state,T12070p1_rho234p465,0.2518721724710154,0.01693688835451105,0.2542494521778366,0.0028194520182791547,ok,/home/elads/STAR/full_grid_solar_opacity/runs/T12070p1_rho234p465/fac-opacity-cowan-state/starout.h5
12070.113093571515,336.94503022121665,fac-opacity-cowan-state,T12070p1_rho336p945,0.2515849300034327,0.02419850092130414,0.25482942802149416,0.003815802800296687,ok,/home/elads/STAR/full_grid_solar_opacity/runs/T12070p1_rho336p945/fac-opacity-cowan-state/starout.h5
12070.113093571515,484.21626123015125,fac-opacity-cowan-state,T12070p1_rho484p216,0.25118969398834207,0.034504954538162325,0.25559554822391267,0.005134725108612474,ok,/home/elads/STAR/full_grid_solar_opacity/runs/T12070p1_rho484p216/fac-opacity-cowan-state/starout.h5
12070.113093571515,695.8564947100452,fac-opacity-cowan-state,T12070p1_rho695p856,0.2506527789050814,0.049067061319128594,0.2566025404311709,0.006866998933442835,ok,/home/elads/STAR/full_grid_solar_opacity/runs/T12070p1_rho695p856/fac-opacity-cowan-state/starout.h5
12070.113093571515,1000.0,fac-opacity-cowan-state,T12070p1_rho1000,0.24993403753197999,0.06951488615213802,0.2579188046944301,0.009122542556076836,ok,/home/elads/STAR/full_grid_solar_opacity/runs/T12070p1_rho1000/fac-opacity-cowan-state/starout.h5
13287.758702663643,1e-17,fac-opacity-cowan-state,T13287p8_rho1em17,0.252086136841086,5.275672942939206e-22,0.252086136841086,1.441697936619964e-22,ok,/home/elads/STAR/full_grid_solar_opacity/runs/T13287p8_rho1em17/fac-opacity-cowan-state/starout.h5
13287.758702663643,1.4370779141993746e-17,fac-opacity-cowan-state,T13287p8_rho1p43708em17,0.25208613684108594,7.565009213661795e-22,0.2520861368410859,2.0673639419259329e-22,ok,/home/elads/STAR/full_grid_solar_opacity/runs/T13287p8_rho1p43708em17/fac-opacity-cowan-state/starout.h5
13287.758702663643,2.065192931479625e-17,fac-opacity-cowan-state,T13287p8_rho2p06519em17,0.252086136841086,1.0854981773559135e-21,0.252086136841086,2.9664996480236625e-22,ok,/home/elads/STAR/full_grid_solar_opacity/runs/T13287p8_rho2p06519em17/fac-opacity-cowan-state/starout.h5
13287.758702663643,2.9678431503900313e-17,fac-opacity-cowan-state,T13287p8_rho2p96784em17,0.2520861347479168,1.5584424861628033e-21,0.25208613474791675,4.259019736001612e-22,ok,/home/elads/STAR/full_grid_solar_opacity/runs/T13287p8_rho2p96784em17/fac-opacity-cowan-state/starout.h5
13287.758702663643,4.2650218442334076e-17,fac-opacity-cowan-state,T13287p8_rho4p26502em17,0.25208613021183435,2.238309143913735e-21,0.25208613021183435,6.117018910772357e-22,ok,/home/elads/STAR/full_grid_solar_opacity/runs/T13287p8_rho4p26502em17/fac-opacity-cowan-state/starout.h5
13287.758702663643,6.129168695925715e-17,fac-opacity-cowan-state,T13287p8_rho6p12917em17,0.2520861251768608,3.2159823815481157e-21,0.25208612517686074,8.78888379804551e-22,ok,/home/elads/STAR/full_grid_solar_opacity/runs/T13287p8_rho6p12917em17/fac-opacity-cowan-state/starout.h5
13287.758702663643,8.808092965317026e-17,fac-opacity-cowan-state,T13287p8_rho8p80809em17,0.25208611973356293,4.6216129768120635e-21,0.2520861197335629,1.2630299501632308e-21,ok,/home/elads/STAR/full_grid_solar_opacity/runs/T13287p8_rho8p80809em17/fac-opacity-cowan-state/starout.h5
13287.758702663643,1.2657915866672028e-16,fac-opacity-cowan-state,T13287p8_rho1p26579em16,0.2520861142902611,6.641611479122177e-21,0.2520861142902611,1.815070713618115e-21,ok,/home/elads/STAR/full_grid_solar_opacity/runs/T13287p8_rho1p26579em16/fac-opacity-cowan-state/starout.h5
13287.758702663643,1.819041133178821e-16,fac-opacity-cowan-state,T13287p8_rho1p81904em16,0.2520861088432297,9.544502648636811e-21,0.25208610884322963,2.6083952202530415e-21,ok,/home/elads/STAR/full_grid_solar_opacity/runs/T13287p8_rho1p81904em16/fac-opacity-cowan-state/starout.h5
13287.758702663643,2.6141038375114865e-16,fac-opacity-cowan-state,T13287p8_rho2p6141em16,0.25208610337526066,1.3716176940405625e-20,0.25208610337526066,3.748462595913153e-21,ok,/home/elads/STAR/full_grid_solar_opacity/runs/T13287p8_rho2p6141em16/fac-opacity-cowan-state/starout.h5
13287.758702663643,3.7566708903116036e-16,fac-opacity-cowan-state,T13287p8_rho3p75667em16,0.2520860979004421,1.971118802131033e-20,0.2520860979004421,5.3868255747971875e-21,ok,/home/elads/STAR/full_grid_solar_opacity/runs/T13287p8_rho3p75667em16/fac-opacity-cowan-state/starout.h5
13287.758702663643,5.398628767382507e-16,fac-opacity-cowan-state,T13287p8_rho5p39863em16,0.2520860924199084,2.832646966450399e-20,0.2520860924199084,7.741276437943338e-21,ok,/home/elads/STAR/full_grid_solar_opacity/runs/T13287p8_rho5p39863em16/fac-opacity-cowan-state/starout.h5
13287.758702663643,7.758250168566793e-16,fac-opacity-cowan-state,T13287p8_rho7p75825em16,0.25208608693721285,4.0707274653805845e-20,0.25208608693721285,1.1124798799666688e-20,ok,/home/elads/STAR/full_grid_solar_opacity/runs/T13287p8_rho7p75825em16/fac-opacity-cowan-state/starout.h5
13287.758702663643,1.1149209970080914e-15,fac-opacity-cowan-state,T13287p8_rho1p11492em15,0.25208608145265854,5.849941370328988e-20,0.25208608145265854,1.5987172697677965e-20,ok,/home/elads/STAR/full_grid_solar_opacity/runs/T13287p8_rho1p11492em15/fac-opacity-cowan-state/starout.h5
13287.758702663643,1.6022283408774753e-15,fac-opacity-cowan-state,T13287p8_rho1p60223em15,0.2520860759679741,8.406803628998251e-20,0.25208607596797417,2.297476479799217e-20,ok,/home/elads/STAR/full_grid_solar_opacity/runs/T13287p8_rho1p60223em15/fac-opacity-cowan-state/starout.h5
13287.758702663643,2.3025269621793266e-15,fac-opacity-cowan-state,T13287p8_rho2p30253em15,0.25208607048356274,1.2081203179331617e-19,0.25208607048356274,3.3016450327172e-20,ok,/home/elads/STAR/full_grid_solar_opacity/runs/T13287p8_rho2p30253em15/fac-opacity-cowan-state/starout.h5
13287.758702663643,3.308910644196489e-15,fac-opacity-cowan-state,T13287p8_rho3p30891em15,0.2520860649988949,1.7361584504263416e-19,0.2520860649988949,4.7447089063636126e-20,ok,/home/elads/STAR/full_grid_solar_opacity/runs/T13287p8_rho3p30891em15/fac-opacity-cowan-state/starout.h5
13287.758702663643,4.755162406834019e-15,fac-opacity-cowan-state,T13287p8_rho4p75516em15,0.25208605951438273,2.494987645917381e-19,0.25208605951438273,6.818496686773458e-20,ok,/home/elads/STAR/full_grid_solar_opacity/runs/T13287p8_rho4p75516em15/fac-opacity-cowan-state/starout.h5
13287.758702663643,6.8335388732923106e-15,fac-opacity-cowan-state,T13287p8_rho6p83354em15,0.25208605402985346,3.585480099289468e-19,0.25208605402985346,9.798680086497882e-20,ok,/home/elads/STAR/full_grid_solar_opacity/runs/T13287p8_rho6p83354em15/fac-opacity-cowan-state/starout.h5
13287.758702663643,9.820327790631256e-15,fac-opacity-cowan-state,T13287p8_rho9p82033em15,0.25208604854291183,5.152595852761197e-19,0.25208604854291183,1.4081417581256613e-19,ok,/home/elads/STAR/full_grid_solar_opacity/runs/T13287p8_rho9p82033em15/fac-opacity-cowan-state/starout.h5
13287.758702663643,1.4112576178114521e-14,fac-opacity-cowan-state,T13287p8_rho1p41126em14,0.2520860430606849,7.404653023090912e-19,0.2520860430606849,2.02360174033565e-19,ok,/home/elads/STAR/full_grid_solar_opacity/runs/T13287p8_rho1p41126em14/fac-opacity-cowan-state/starout.h5
13287.758702663643,2.0280871538024598e-14,fac-opacity-cowan-state,T13287p8_rho2p02809em14,0.252086037576099,1.064101882646804e-18,0.252086037576099,2.9080614773863e-19,ok,/home/elads/STAR/full_grid_solar_opacity/runs/T13287p8_rho2p02809em14/fac-opacity-cowan-state/starout.h5
13287.758702663643,2.914519256800997e-14,fac-opacity-cowan-state,T13287p8_rho2p91452em14,0.2520860320915489,1.5291904675832833e-18,0.25208603209154884,4.179092661175033e-19,ok,/home/elads/STAR/full_grid_solar_opacity/runs/T13287p8_rho2p91452em14/fac-opacity-cowan-state/starout.h5
13287.758702663643,4.188391254457488e-14,fac-opacity-cowan-state,T13287p8_rho4p18839em14,0.25208602660697865,2.1975554211623897e-18,0.25208602660697865,6.005653966219273e-19,ok,/home/elads/STAR/full_grid_solar_opacity/runs/T13287p8_rho4p18839em14/fac-opacity-cowan-state/starout.h5
13287.758702663643,6.019044567806669e-14,fac-opacity-cowan-state,T13287p8_rho6p01904em14,0.252086021122409,3.1580427610595237e-18,0.252086021122409,8.630551079854531e-19,ok,/home/elads/STAR/full_grid_solar_opacity/runs/T13287p8_rho6p01904em14/fac-opacity-cowan-state/starout.h5
13287.758702663643,8.649836012976684e-14,fac-opacity-cowan-state,T13287p8_rho8p64984em14,0.2520860156363196,4.538330742801639e-18,0.2520860156363196,1.240271393928547e-18,ok,/home/elads/STAR/full_grid_solar_opacity/runs/T13287p8_rho8p64984em14/fac-opacity-cowan-state/starout.h5
13287.758702663643,1.2430488295695167e-13,fac-opacity-cowan-state,T13287p8_rho1p24305em13,0.2520860101529156,6.5219025398125175e-18,0.25208601015291554,1.7823580704338484e-18,ok,/home/elads/STAR/full_grid_solar_opacity/runs/T13287p8_rho1p24305em13/fac-opacity-cowan-state/starout.h5
13287.758702663643,1.7863580192457348e-13,fac-opacity-cowan-state,T13287p8_rho1p78636em13,0.2520860046687602,9.372438108335896e-18,0.25208600466876013,2.5613758374288783e-18,ok,/home/elads/STAR/full_grid_solar_opacity/runs/T13287p8_rho1p78636em13/fac-opacity-cowan-state/starout.h5
13287.758702663643,2.567135656310987e-13,fac-opacity-cowan-state,T13287p8_rho2p56714em13,0.25208599918414043,1.346886725497671e-17,0.25208599918414043,3.680881867828827e-18,ok,/home/elads/STAR/full_grid_solar_opacity/runs/T13287p8_rho2p56714em13/fac-opacity-cowan-state/starout.h5
13287.758702663643,3.6891739544382357e-13,fac-opacity-cowan-state,T13287p8_rho3p68917em13,0.25208599369957224,1.9355745513231047e-17,0.2520859936995722,5.2896970891289975e-18,ok,/home/elads/STAR/full_grid_solar_opacity/runs/T13287p8_rho3p68917em13/fac-opacity-cowan-state/starout.h5
13287.758702663643,5.301630411562758e-13,fac-opacity-cowan-state,T13287p8_rho5p30163em13,0.2520859882150072,2.78156522535406e-17,0.2520859882150072,7.601691521768217e-18,ok,/home/elads/STAR/full_grid_solar_opacity/runs/T13287p8_rho5p30163em13/fac-opacity-cowan-state/starout.h5
13287.758702663643,7.618855973704612e-13,fac-opacity-cowan-state,T13287p8_rho7p61886em13,0.25208598273043825,3.9973229906519086e-17,0.25208598273043825,1.0924217284904085e-17,ok,/home/elads/STAR/full_grid_solar_opacity/runs/T13287p8_rho7p61886em13/fac-opacity-cowan-state/starout.h5
13287.758702663643,1.0948889651276868e-12,fac-opacity-cowan-state,T13287p8_rho1p09489em12,0.2520859772426315,5.744470815998655e-17,0.2520859772426315,1.569897215078237e-17,ok,/home/elads/STAR/full_grid_solar_opacity/runs/T13287p8_rho1p09489em12/fac-opacity-cowan-state/starout.h5
13287.758702663643,1.5734407502856082e-12,fac-opacity-cowan-state,T13287p8_rho1p57344em12,0.252085971761313,8.255279018881706e-17,0.2520859717613129,2.256072496054556e-17,ok,/home/elads/STAR/full_grid_solar_opacity/runs/T13287p8_rho1p57344em12/fac-opacity-cowan-state/starout.h5
13287.758702663643,2.26115695153675e-12,fac-opacity-cowan-state,T13287p8_rho2p26116em12,0.2520859662767337,1.1863547616078966e-16,0.25208596627673374,3.242171406416264e-17,ok,/home/elads/STAR/full_grid_solar_opacity/runs/T13287p8_rho2p26116em12/fac-opacity-cowan-state/starout.h5
13287.758702663643,3.249458715591849e-12,fac-opacity-cowan-state,T13287p8_rho3p24946em12,0.25208596079216367,1.7048993769392622e-16,0.25208596079216367,4.659295350677039e-17,ok,/home/elads/STAR/full_grid_solar_opacity/runs/T13287p8_rho3p24946em12/fac-opacity-cowan-state/starout.h5
13287.758702663643,4.669725353279713e-12,fac-opacity-cowan-state,T13287p8_rho4p66973em12,0.2520859553075193,2.4501051311813994e-16,0.2520859553075193,6.69585869580925e-17,ok,/home/elads/STAR/full_grid_solar_opacity/runs/T13287p8_rho4p66973em12/fac-opacity-cowan-state/starout.h5
13287.758702663643,6.710759170575148e-12,fac-opacity-cowan-state,T13287p8_rho6p71076em12,0.252085949822979,3.5210584673155326e-16,0.25208594982297905,9.6226531536552e-17,ok,/home/elads/STAR/full_grid_solar_opacity/runs/T13287p8_rho6p71076em12/fac-opacity-cowan-state/starout.h5
13287.758702663643,9.64388379154446e-12,fac-opacity-cowan-state,T13287p8_rho9p64388em12,0.2520859443383781,5.060174665990388e-16,0.2520859443383782,1.3828882249812918e-16,ok,/home/elads/STAR/full_grid_solar_opacity/runs/T13287p8_rho9p64388em12/fac-opacity-cowan-state/starout.h5
13287.758702663643,1.3859012403933867e-11,fac-opacity-cowan-state,T13287p8_rho1p3859em11,0.25208594107234117,7.272151700293121e-16,0.25208594107234134,1.987395898196912e-16,ok,/home/elads/STAR/full_grid_solar_opacity/runs/T13287p8_rho1p3859em11/fac-opacity-cowan-state/starout.h5
13287.758702663643,1.9916480638308542e-11,fac-opacity-cowan-state,T13287p8_rho1p99165em11,0.2520859410723092,1.0451182775571808e-15,0.2520859410723094,2.8561872929426317e-16,ok,/home/elads/STAR/full_grid_solar_opacity/runs/T13287p8_rho1p99165em11/fac-opacity-cowan-state/starout.h5
13287.758702663643,2.8621534453892672e-11,fac-opacity-cowan-state,T13287p8_rho2p86215em11,0.25208594107226395,1.5019958680994368e-15,0.25208594107226423,4.104777784729633e-16,ok,/home/elads/STAR/full_grid_solar_opacity/runs/T13287p8_rho2p86215em11/fac-opacity-cowan-state/starout.h5
13287.758702663643,4.1131375034185614e-11,fac-opacity-cowan-state,T13287p8_rho4p11314em11,0.25208594107220034,2.1585601064419795e-15,0.2520859410722007,5.899085335735036e-16,ok,/home/elads/STAR/full_grid_solar_opacity/runs/T13287p8_rho4p11314em11/fac-opacity-cowan-state/starout.h5
13287.758702663643,5.910899064227969e-11,fac-opacity-cowan-state,T13287p8_rho5p9109em11,0.252085941072105,3.1020446033623573e-15,0.25208594107210575,8.477507014958758e-16,ok,/home/elads/STAR/full_grid_solar_opacity/runs/T13287p8_rho5p9109em11/fac-opacity-cowan-state/starout.h5
13287.758702663643,8.4944224982638e-11,fac-opacity-cowan-state,T13287p8_rho8p49442em11,0.252085941071973,4.457885011159352e-15,0.2520859410719739,1.2182838727122362e-15,ok,/home/elads/STAR/full_grid_solar_opacity/runs/T13287p8_rho8p49442em11/fac-opacity-cowan-state/starout.h5
13287.758702663643,1.2207146966133182e-10,fac-opacity-cowan-state,T13287p8_rho1p22071em10,0.252085941071778,6.4063768554792e-15,0.2520859410717794,1.7507799342066061e-15,ok,/home/elads/STAR/full_grid_solar_opacity/runs/T13287p8_rho1p22071em10/fac-opacity-cowan-state/starout.h5
13287.758702663643,1.7542621300415897e-10,fac-opacity-cowan-state,T13287p8_rho1p75426em10,0.25208594107150095,9.20646146904762e-15,0.25208594107150284,2.516003838848241e-15,ok,/home/elads/STAR/full_grid_solar_opacity/runs/T13287p8_rho1p75426em10/fac-opacity-cowan-state/starout.h5
13287.758702663643,2.52101136279913e-10,fac-opacity-cowan-state,T13287p8_rho2p52101em10,0.2520859410711054,1.3230148854573368e-14,0.2520859410711081,3.615620934208859e-15,ok,/home/elads/STAR/full_grid_solar_opacity/runs/T13287p8_rho2p52101em10/fac-opacity-cowan-state/starout.h5
13287.758702663643,3.6228897509242966e-10,fac-opacity-cowan-state,T13287p8_rho3p62289em10,0.25208594107053306,1.901216591197443e-14,0.252085941070537,5.195764050183442e-15,ok,/home/elads/STAR/full_grid_solar_opacity/runs/T13287p8_rho3p62289em10/fac-opacity-cowan-state/starout.h5
13287.758702663643,5.20637484663258e-10,fac-opacity-cowan-state,T13287p8_rho5p20637em10,0.25208594106736826,2.732141663134518e-14,0.25208594106737403,7.466559982604908e-15,ok,/home/elads/STAR/full_grid_solar_opacity/runs/T13287p8_rho5p20637em10/fac-opacity-cowan-state/starout.h5
13287.758702663643,7.481966305138837e-10,fac-opacity-cowan-state,T13287p8_rho7p48197em10,0.2520859410685509,3.9264089424104185e-14,0.25208594106855925,1.073029890465278e-14,ok,/home/elads/STAR/full_grid_solar_opacity/runs/T13287p8_rho7p48197em10/fac-opacity-cowan-state/starout.h5
13287.758702663643,1.0752168531898921e-09,fac-opacity-cowan-state,T13287p8_rho1p07522em09,0.25208594106687826,5.643338629700529e-14,0.25208594106689036,1.5422320014770074e-14,ok,/home/elads/STAR/full_grid_solar_opacity/runs/T13287p8_rho1p07522em09/fac-opacity-cowan-state/starout.h5
13287.758702663643,1.5451703926941453e-09,fac-opacity-cowan-state,T13287p8_rho1p54517em09,0.25208594106449356,8.11106567357259e-14,0.25208594106451065,2.2166076501777497e-14,ok,/home/elads/STAR/full_grid_solar_opacity/runs/T13287p8_rho1p54517em09/fac-opacity-cowan-state/starout.h5
13287.758702663643,2.220530245015531e-09,fac-opacity-cowan-state,T13287p8_rho2p22053em09,0.24594052162888652,1.168183780045155e-13,0.2459405216289111,3.1899896484029604e-14,ok,/home/elads/STAR/full_grid_solar_opacity/runs/T13287p8_rho2p22053em09/fac-opacity-cowan-state/starout.h5
13287.758702663643,3.1910749729235452e-09,fac-opacity-cowan-state,T13287p8_rho3p19107em09,0.2459405216241936,1.6748912285096533e-13,0.24594052162422889,4.577351596638578e-14,ok,/home/elads/STAR/full_grid_solar_opacity/runs/T13287p8_rho3p19107em09/fac-opacity-cowan-state/starout.h5
13287.758702663643,4.585823366142813e-09,fac-opacity-cowan-state,T13287p8_rho4p58582em09,0.24594052161761748,2.4086603315956174e-13,0.2459405216176682,6.580784353903399e-14,ok,/home/elads/STAR/full_grid_solar_opacity/runs/T13287p8_rho4p58582em09/fac-opacity-cowan-state/starout.h5
13287.758702663643,6.590185477903269e-09,fac-opacity-cowan-state,T13287p8_rho6p59019em09,0.24594052160805252,3.4579679906136747e-13,0.2459405216081251,9.451068905869716e-14,ok,/home/elads/STAR/full_grid_solar_opacity/runs/T13287p8_rho6p59019em09/fac-opacity-cowan-state/starout.h5
13287.758702663643,9.470610000772238e-09,fac-opacity-cowan-state,T13287p8_rho9p47061em09,0.24594052159521004,4.972657707038364e-13,0.2459405215953148,1.3588253189934185e-13,ok,/home/elads/STAR/full_grid_solar_opacity/runs/T13287p8_rho9p47061em09/fac-opacity-cowan-state/starout.h5
13287.758702663643,1.3610004466105506e-08,fac-opacity-cowan-state,T13287p8_rho1p361em08,0.24594052157781307,7.143224594488571e-13,0.2459405215779636,1.9523527814251103e-13,ok,/home/elads/STAR/full_grid_solar_opacity/runs/T13287p8_rho1p361em08/fac-opacity-cowan-state/starout.h5
13287.758702663643,1.9558636830395073e-08,fac-opacity-cowan-state,T13287p8_rho1p95586em08,0.24594052155353568,1.0271458273143758e-12,0.24594052155375257,2.80680536481756e-13,ok,/home/elads/STAR/full_grid_solar_opacity/runs/T13287p8_rho1p95586em08/fac-opacity-cowan-state/starout.h5
13287.758702663643,2.810728502080722e-08,fac-opacity-cowan-state,T13287p8_rho2p81073em08,0.24594052152266493,1.4756581474216877e-12,0.24594052152297582,4.032761318650758e-13,ok,/home/elads/STAR/full_grid_solar_opacity/runs/T13287p8_rho2p81073em08/fac-opacity-cowan-state/starout.h5
13287.758702663643,4.039235853150913e-08,fac-opacity-cowan-state,T13287p8_rho4p03924em08,0.24594052148240825,2.120415693698022e-12,0.24594052148285517,5.794364777990656e-13,ok,/home/elads/STAR/full_grid_solar_opacity/runs/T13287p8_rho4p03924em08/fac-opacity-cowan-state/starout.h5
13287.758702663643,5.804696634805446e-08,fac-opacity-cowan-state,T13287p8_rho5p8047em08,0.24594052143164105,3.046565763983356e-12,0.2459405214322832,8.32538325062535e-13,ok,/home/elads/STAR/full_grid_solar_opacity/runs/T13287p8_rho5p8047em08/fac-opacity-cowan-state/starout.h5
13287.758702663643,8.341801332506338e-08,fac-opacity-cowan-state,T13287p8_rho8p3418em08,0.2459405213673764,4.377838849320473e-12,0.2459405213682998,1.1962408116962046e-12,ok,/home/elads/STAR/full_grid_solar_opacity/runs/T13287p8_rho8p3418em08/fac-opacity-cowan-state/starout.h5
13287.758702663643,1.1987818459583772e-07,fac-opacity-cowan-state,T13287p8_rho1p19878em07,0.24594052128818192,6.290624016173265e-12,0.24594052128950822,1.7189590322084945e-12,ok,/home/elads/STAR/full_grid_solar_opacity/runs/T13287p8_rho1p19878em07/fac-opacity-cowan-state/starout.h5
13287.758702663643,1.7227429147699408e-07,fac-opacity-cowan-state,T13287p8_rho1p72274em07,0.24594052119098397,9.039629901764946e-12,0.24594052119288975,2.469995985326621e-12,ok,/home/elads/STAR/full_grid_solar_opacity/runs/T13287p8_rho1p72274em07/fac-opacity-cowan-state/starout.h5
13287.758702663643,2.4757157946593376e-07,fac-opacity-cowan-state,T13287p8_rho2p47572em07,0.24594052107280773,1.2988964088389441e-11,0.2459405210755469,3.5491241584652994e-12,ok,/home/elads/STAR/full_grid_solar_opacity/runs/T13287p8_rho2p47572em07/fac-opacity-cowan-state/starout.h5
13287.758702663643,3.557796490339488e-07,fac-opacity-cowan-state,T13287p8_rho3p5578em07,0.24594052093092375,1.866326073691404e-11,0.24594052093485896,5.099510504341749e-12,ok,/home/elads/STAR/full_grid_solar_opacity/runs/T13287p8_rho3p5578em07/fac-opacity-cowan-state/starout.h5
13287.758702663643,5.112830759482948e-07,fac-opacity-cowan-state,T13287p8_rho5p11283em07,0.24594052075834372,2.6815765899691177e-11,0.24594052076399794,7.326862161909785e-12,ok,/home/elads/STAR/full_grid_solar_opacity/runs/T13287p8_rho5p11283em07/fac-opacity-cowan-state/starout.h5
13287.758702663643,7.347536163492159e-07,fac-opacity-cowan-state,T13287p8_rho7p34754em07,0.24594052055072804,3.8526460172830865e-11,0.2459405205588516,1.0526100197848312e-11,ok,/home/elads/STAR/full_grid_solar_opacity/runs/T13287p8_rho7p34754em07/fac-opacity-cowan-state/starout.h5
13287.758702663643,1.0558981944335787e-06,fac-opacity-cowan-state,T13287p8_rho1p0559em06,0.24594052030143923,5.5353907489941185e-11,0.2459405203131111,1.5122626514267495e-11,ok,/home/elads/STAR/full_grid_solar_opacity/runs/T13287p8_rho1p0559em06/fac-opacity-cowan-state/starout.h5
13287.758702663643,1.517407974863493e-06,fac-opacity-cowan-state,T13287p8_rho1p51741em06,0.24594052000289973,7.955129448321813e-11,0.24594052001967232,2.1732569479259628e-11,ok,/home/elads/STAR/full_grid_solar_opacity/runs/T13287p8_rho1p51741em06/fac-opacity-cowan-state/starout.h5
13287.758702663643,2.1806334875063253e-06,fac-opacity-cowan-state,T13287p8_rho2p18063em06,0.24594051964703603,1.143525238549693e-10,0.245940519671145,3.123759808057315e-11,ok,/home/elads/STAR/full_grid_solar_opacity/runs/T13287p8_rho2p18063em06/fac-opacity-cowan-state/starout.h5
13287.758702663643,3.1337402238588983e-06,fac-opacity-cowan-state,T13287p8_rho3p13374em06,0.24594051922341298,1.6431161684165403e-10,0.245940519258053,4.488192004619913e-11,ok,/home/elads/STAR/full_grid_solar_opacity/runs/T13287p8_rho3p13374em06/fac-opacity-cowan-state/starout.h5
13287.758702663643,4.503428864545845e-06,fac-opacity-cowan-state,T13287p8_rho4p50343em06,0.24594051871431735,2.361448123075404e-10,0.24594051876409673,6.44971301058008e-11,ok,/home/elads/STAR/full_grid_solar_opacity/runs/T13287p8_rho4p50343em06/fac-opacity-cowan-state/starout.h5
13287.758702663643,6.471778159406801e-06,fac-opacity-cowan-state,T13287p8_rho6p47178em06,0.24594051810667786,3.39663567006625e-10,0.24594051817827028,9.27596852674158e-11,ok,/home/elads/STAR/full_grid_solar_opacity/runs/T13287p8_rho6p47178em06/fac-opacity-cowan-state/starout.h5
13287.758702663643,9.300449458481393e-06,fac-opacity-cowan-state,T13287p8_rho9p30045em06,0.2459405173753728,5.047480823505691e-10,0.24594051748339132,1.395089521377965e-10,ok,/home/elads/STAR/full_grid_solar_opacity/runs/T13287p8_rho9p30045em06/fac-opacity-cowan-state/starout.h5
13287.758702663643,1.3365470508911143e-05,fac-opacity-cowan-state,T13287p8_rho1p33655em05,0.24594051655160656,7.245506170915404e-10,0.24594051670667005,2.0026839725866958e-10,ok,/home/elads/STAR/full_grid_solar_opacity/runs/T13287p8_rho1p33655em05/fac-opacity-cowan-state/starout.h5
13287.758702663643,1.920722248123928e-05,fac-opacity-cowan-state,T13287p8_rho1p92072em05,0.2459405155014363,1.040589434445972e-09,0.2459405157241821,2.8768104326499155e-10,ok,/home/elads/STAR/full_grid_solar_opacity/runs/T13287p8_rho1p92072em05/fac-opacity-cowan-state/starout.h5
13287.758702663643,2.760227522090268e-05,fac-opacity-cowan-state,T13287p8_rho2p76023em05,0.24594051434721687,1.496178508361361e-09,0.24594051466748157,4.136250776500166e-10,ok,/home/elads/STAR/full_grid_solar_opacity/runs/T13287p8_rho2p76023em05/fac-opacity-cowan-state/starout.h5
13287.758702663643,3.966662010161191e-05,fac-opacity-cowan-state,T13287p8_rho3p96666em05,0.2459405128384879,2.149822217639527e-09,0.24594051329867386,5.943235934591878e-10,ok,/home/elads/STAR/full_grid_solar_opacity/runs/T13287p8_rho3p96666em05/fac-opacity-cowan-state/starout.h5
13287.758702663643,5.7004023678963655e-05,fac-opacity-cowan-state,T13287p8_rho5p7004em05,0.24594051107886367,3.0862046014503948e-09,0.24594051173913856,8.527975210840089e-10,ok,/home/elads/STAR/full_grid_solar_opacity/runs/T13287p8_rho5p7004em05/fac-opacity-cowan-state/starout.h5
13287.758702663643,8.191922344953684e-05,fac-opacity-cowan-state,T13287p8_rho8p19192em05,0.24594051216798948,4.4349481445037344e-09,0.24594051311655213,1.2251380469320528e-09,ok,/home/elads/STAR/full_grid_solar_opacity/runs/T13287p8_rho8p19192em05/fac-opacity-cowan-state/starout.h5
13287.758702663643,0.00011772430676769293,fac-opacity-cowan-state,T13287p8_rho0p000117724,0.24594052010720618,6.36636803199695e-09,0.2459405214682071,1.7578647970128538e-09,ok,/home/elads/STAR/full_grid_solar_opacity/runs/T13287p8_rho0p000117724/fac-opacity-cowan-state/starout.h5
13287.758702663643,0.00016917900122028344,fac-opacity-cowan-state,T13287p8_rho0p000169179,0.24594051891264032,9.152281791122337e-09,0.24594052086924456,2.5268972914558203e-09,ok,/home/elads/STAR/full_grid_solar_opacity/runs/T13287p8_rho0p000169179/fac-opacity-cowan-state/starout.h5
13287.758702663643,0.0002431234061999784,fac-opacity-cowan-state,T13287p8_rho0p000243123,0.24594051748347073,1.3148439551626793e-08,0.24594052029351857,3.6288772015337206e-09,ok,/home/elads/STAR/full_grid_solar_opacity/runs/T13287p8_rho0p000243123/fac-opacity-cowan-state/starout.h5
13287.758702663643,0.0003493872774749123,fac-opacity-cowan-state,T13287p8_rho0p000349387,0.24594051511692314,1.8889363408619733e-08,0.2459405191523997,5.211040518650552e-09,ok,/home/elads/STAR/full_grid_solar_opacity/runs/T13287p8_rho0p000349387/fac-opacity-cowan-state/starout.h5
13287.758702663643,0.0005020967399614471,fac-opacity-cowan-state,T13287p8_rho0p000502097,0.24594050845840087,2.7135791278277278e-08,0.24594051425294464,7.481981700357944e-09,ok,/home/elads/STAR/full_grid_solar_opacity/runs/T13287p8_rho0p000502097/fac-opacity-cowan-state/starout.h5
13287.758702663643,0.0007215521357901021,fac-opacity-cowan-state,T13287p8_rho0p000721552,0.2459405083917247,3.897956952573612e-08,0.24594051671071795,1.0740693196243511e-08,ok,/home/elads/STAR/full_grid_solar_opacity/runs/T13287p8_rho0p000721552/fac-opacity-cowan-state/starout.h5
13287.758702663643,0.0010369266382873438,fac-opacity-cowan-state,T13287p8_rho0p00103693,0.24594050370776688,5.598974448701931e-08,0.24594051564916547,1.541618053266595e-08,ok,/home/elads/STAR/full_grid_solar_opacity/runs/T13287p8_rho0p00103693/fac-opacity-cowan-state/starout.h5
13287.758702663643,0.0014901443705277455,fac-opacity-cowan-state,T13287p8_rho0p00149014,0.24594049643490867,8.041790709148792e-08,0.24594051357272462,2.212243072281481e-08,ok,/home/elads/STAR/full_grid_solar_opacity/runs/T13287p8_rho0p00149014/fac-opacity-cowan-state/starout.h5
13287.758702663643,0.002141453563853953,fac-opacity-cowan-state,T13287p8_rho0p00214145,0.24594048178837305,1.1549673384885136e-07,0.24594050637886541,3.173914086879863e-08,ok,/home/elads/STAR/full_grid_solar_opacity/runs/T13287p8_rho0p00214145/fac-opacity-cowan-state/starout.h5
13287.758702663643,0.003077435620898055,fac-opacity-cowan-state,T13287p8_rho0p00307744,0.24594047456365764,1.658628150201093e-07,0.2459405098390775,4.552444480590533e-08,ok,/home/elads/STAR/full_grid_solar_opacity/runs/T13287p8_rho0p00307744/fac-opacity-cowan-state/starout.h5
13287.758702663643,0.004422514763163053,fac-opacity-cowan-state,T13287p8_rho0p00442251,0.24594045668513645,2.3817460009596024e-07,0.245940507274638,6.52787418768368e-08,ok,/home/elads/STAR/full_grid_solar_opacity/runs/T13287p8_rho0p00442251/fac-opacity-cowan-state/starout.h5
13287.758702663643,0.006355498291362301,fac-opacity-cowan-state,T13287p8_rho0p0063555,0.24594043437452473,3.4199951962850546e-07,0.2459405069086501,9.35802778236706e-08,ok,/home/elads/STAR/full_grid_solar_opacity/runs/T13287p8_rho0p0063555/fac-opacity-cowan-state/starout.h5
13287.758702663643,0.009133346228248624,fac-opacity-cowan-state,T13287p8_rho0p00913335,0.24594039869423917,4.910528982189821e-07,0.2459405026592555,1.3410722671993179e-07,ok,/home/elads/STAR/full_grid_solar_opacity/runs/T13287p8_rho0p00913335/fac-opacity-cowan-state/starout.h5
13287.758702663643,0.01312533014735226,fac-opacity-cowan-state,T13287p8_rho0p0131253,0.24594036374327413,7.050169323194622e-07,0.24594051270311132,1.9210998792226498e-07,ok,/home/elads/STAR/full_grid_solar_opacity/runs/T13287p8_rho0p0131253/fac-opacity-cowan-state/starout.h5
13287.758702663643,0.018862122071335155,fac-opacity-cowan-state,T13287p8_rho0p0188621,0.24594032705869168,1.0121113780612454e-06,0.24594054039734933,2.7507742356408013e-07,ok,/home/elads/STAR/full_grid_solar_opacity/runs/T13287p8_rho0p0188621/fac-opacity-cowan-state/starout.h5
13287.758702663643,0.02710633904364831,fac-opacity-cowan-state,T13287p8_rho0p0271063,0.24594029066829035,1.4528247073201006e-06,0.24594059605155438,3.936652605645904e-07,ok,/home/elads/STAR/full_grid_solar_opacity/runs/T13287p8_rho0p0271063/fac-opacity-cowan-state/starout.h5
13287.758702663643,0.038953921174427183,fac-opacity-cowan-state,T13287p8_rho0p0389539,0.2459402485808878,2.0850367553699213e-06,0.2459406853978817,5.629570983566347e-07,ok,/home/elads/STAR/full_grid_solar_opacity/runs/T13287p8_rho0p0389539/fac-opacity-cowan-state/starout.h5
13287.758702663643,0.0559798197912329,fac-opacity-cowan-state,T13287p8_rho0p0559798,0.2459401712283433,2.9919222634091136e-06,0.2459407956648654,8.045252342757391e-07,ok,/home/elads/STAR/full_grid_solar_opacity/runs/T13287p8_rho0p0559798/fac-opacity-cowan-state/starout.h5
13287.758702663643,0.08044736266284185,fac-opacity-cowan-state,T13287p8_rho0p0804474,0.2459401104589748,4.292284658985985e-06,0.2459410023412061,1.148742117132791e-06,ok,/home/elads/STAR/full_grid_solar_opacity/runs/T13287p8_rho0p0804474/fac-opacity-cowan-state/starout.h5
13287.758702663643,0.11560912813835741,fac-opacity-cowan-state,T13287p8_rho0p115609,0.24594002508049165,6.1564791156001694e-06,0.2459412977937406,1.6386814423352608e-06,ok,/home/elads/STAR/full_grid_solar_opacity/runs/T13287p8_rho0p115609/fac-opacity-cowan-state/starout.h5
13287.758702663643,0.1661393247274789,fac-opacity-cowan-state,T13287p8_rho0p166139,0.24593993488673738,8.828805998257974e-06,0.24594174941707084,2.335367057396736e-06,ok,/home/elads/STAR/full_grid_solar_opacity/runs/T13287p8_rho0p166139/fac-opacity-cowan-state/starout.h5
13287.758702663643,0.23875515424585794,fac-opacity-cowan-state,T13287p8_rho0p238755,0.24593981619413377,1.2658726723138948e-05,0.2459424006732504,3.3247832487235484e-06,ok,/home/elads/STAR/full_grid_solar_opacity/runs/T13287p8_rho0p238755/fac-opacity-cowan-state/starout.h5
13287.758702663643,0.34310975906798746,fac-opacity-cowan-state,T13287p8_rho0p34311,0.2459395063774603,1.815248638678718e-05,0.24594318533471646,4.7301123682088985e-06,ok,/home/elads/STAR/full_grid_solar_opacity/runs/T13287p8_rho0p34311/fac-opacity-cowan-state/starout.h5
13287.758702663643,0.49307545690287347,fac-opacity-cowan-state,T13287p8_rho0p493075,0.2459391546548734,2.6033370281942786e-05,0.24594438827452383,6.724351598781423e-06,ok,/home/elads/STAR/full_grid_solar_opacity/runs/T13287p8_rho0p493075/fac-opacity-cowan-state/starout.h5
13287.758702663643,0.7085878491488851,fac-opacity-cowan-state,T13287p8_rho0p708588,0.24593863620898646,3.7343498859888285e-05,0.24594607745351402,9.552729430473689e-06,ok,/home/elads/STAR/full_grid_solar_opacity/runs/T13287p8_rho0p708588/fac-opacity-cowan-state/starout.h5
13287.758702663643,1.0182959482819007,fac-opacity-cowan-state,T13287p8_rho1p0183,0.24593789107297778,5.358143640654051e-05,0.2459484656667081,1.3561243923338333e-05,ok,/home/elads/STAR/full_grid_solar_opacity/runs/T13287p8_rho1p0183/fac-opacity-cowan-state/starout.h5
13287.758702663643,1.4633706173946401,fac-opacity-cowan-state,T13287p8_rho1p46337,0.24593681712002696,7.690070662652144e-05,0.24595183558871292,1.9236471578017342e-05,ok,/home/elads/STAR/full_grid_solar_opacity/runs/T13287p8_rho1p46337/fac-opacity-cowan-state/starout.h5
13287.758702663643,2.1029775945461404,fac-opacity-cowan-state,T13287p8_rho2p10298,0.24593525874143754,0.00011039697305639439,0.24595657329099987,2.7260959529938442e-05,ok,/home/elads/STAR/full_grid_solar_opacity/runs/T13287p8_rho2p10298/fac-opacity-cowan-state/starout.h5
13287.758702663643,3.0221426551783854,fac-opacity-cowan-state,T13287p8_rho3p02214,0.2459330150382006,0.00015851492082941744,0.2459632374570694,3.8587951746809024e-05,ok,/home/elads/STAR/full_grid_solar_opacity/runs/T13287p8_rho3p02214/fac-opacity-cowan-state/starout.h5
13287.758702663643,4.343054463316713,fac-opacity-cowan-state,T13287p8_rho4p34305,0.24592978809250737,0.00022764019164654288,0.2459725931355967,5.4545409378568656e-05,ok,/home/elads/STAR/full_grid_solar_opacity/runs/T13287p8_rho4p34305/fac-opacity-cowan-state/starout.h5
13287.758702663643,6.241307649397467,fac-opacity-cowan-state,T13287p8_rho6p24131,0.24592515280950789,0.00032694185137633285,0.24598569767887363,7.697576226956268e-05,ok,/home/elads/STAR/full_grid_solar_opacity/runs/T13287p8_rho6p24131/fac-opacity-cowan-state/starout.h5
13287.758702663643,8.969245378672715,fac-opacity-cowan-state,T13287p8_rho8p96925,0.24591851378323457,0.00046957927371911364,0.24600401542493244,0.00010842376760846537,ok,/home/elads/STAR/full_grid_solar_opacity/runs/T13287p8_rho8p96925/fac-opacity-cowan-state/starout.h5
13287.758702663643,12.889504440725364,fac-opacity-cowan-state,T13287p8_rho12p8895,0.2459089753486169,0.000674440826594835,0.24602950408715896,0.0001523911452455891,ok,/home/elads/STAR/full_grid_solar_opacity/runs/T13287p8_rho12p8895/fac-opacity-cowan-state/starout.h5
13287.758702663643,18.52322215674118,fac-opacity-cowan-state,T13287p8_rho18p5232,0.24589533317008352,0.0009686170224081047,0.24606489422619465,0.00021367008408141493,ok,/home/elads/STAR/full_grid_solar_opacity/runs/T13287p8_rho18p5232/fac-opacity-cowan-state/starout.h5
13287.758702663643,26.61931346126126,fac-opacity-cowan-state,T13287p8_rho26p6193,0.24587583743668093,0.0013909405075177878,0.24611383891606245,0.0002987837094223353,ok,/home/elads/STAR/full_grid_solar_opacity/runs/T13287p8_rho26p6193/fac-opacity-cowan-state/starout.h5
13287.758702663643,38.254027466328665,fac-opacity-cowan-state,T13287p8_rho38p254,0.24584820399443102,0.001997024943654029,0.24618143669183168,0.00041655803579724454,ok,/home/elads/STAR/full_grid_solar_opacity/runs/T13287p8_rho38p254/fac-opacity-cowan-state/starout.h5
13287.758702663643,54.97401800103719,fac-opacity-cowan-state,T13287p8_rho54p974,0.24580872992401068,0.002866423138480807,0.2462740185056337,0.0005788559321748977,ok,/home/elads/STAR/full_grid_solar_opacity/runs/T13287p8_rho54p974/fac-opacity-cowan-state/starout.h5
13287.758702663643,79.0019471240894,fac-opacity-cowan-state,T13287p8_rho79p0019,0.24575273834209724,0.00411275589375976,0.24640046562062415,0.0008015073314112458,ok,/home/elads/STAR/full_grid_solar_opacity/runs/T13287p8_rho79p0019/fac-opacity-cowan-state/starout.h5
13287.758702663643,113.53195339077567,fac-opacity-cowan-state,T13287p8_rho113p532,0.24567350797326695,0.00589792923687017,0.24657225525905957,0.0011054639737834067,ok,/home/elads/STAR/full_grid_solar_opacity/runs/T13287p8_rho113p532/fac-opacity-cowan-state/starout.h5
13287.758702663643,163.15426277379785,fac-opacity-cowan-state,T13287p8_rho163p154,0.24556178568237413,0.008451925357038063,0.2468043794645609,0.0015182071800761887,ok,/home/elads/STAR/full_grid_solar_opacity/runs/T13287p8_rho163p154/fac-opacity-cowan-state/starout.h5
13287.758702663643,234.46538763970608,fac-opacity-cowan-state,T13287p8_rho234p465,0.24540494725553824,0.012100154764809733,0.247116247588666,0.00207543191289806,ok,/home/elads/STAR/full_grid_solar_opacity/runs/T13287p8_rho234p465/fac-opacity-cowan-state/starout.h5
13287.758702663643,336.94503022121665,fac-opacity-cowan-state,T13287p8_rho336p945,0.24518606237340843,0.017300618860934716,0.2475328306522317,0.0028229795381058925,ok,/home/elads/STAR/full_grid_solar_opacity/runs/T13287p8_rho336p945/fac-opacity-cowan-state/starout.h5
13287.758702663643,484.21626123015125,fac-opacity-cowan-state,T13287p8_rho484p216,0.24488290784373634,0.024693110455135933,0.24808606209879014,0.003818976404062828,ok,/home/elads/STAR/full_grid_solar_opacity/runs/T13287p8_rho484p216/fac-opacity-cowan-state/starout.h5
13287.758702663643,695.8564947100452,fac-opacity-cowan-state,T13287p8_rho695p856,0.24446766359920394,0.035161269802782495,0.248817114618686,0.005136082557162999,ok,/home/elads/STAR/full_grid_solar_opacity/runs/T13287p8_rho695p856/fac-opacity-cowan-state/starout.h5
13287.758702663643,1000.0,fac-opacity-cowan-state,T13287p8_rho1000,0.24390574944560878,0.0499037730251698,0.2497774964861887,0.006863423514378391,ok,/home/elads/STAR/full_grid_solar_opacity/runs/T13287p8_rho1000/fac-opacity-cowan-state/starout.h5
14628.241671923563,1e-17,fac-opacity-cowan-state,T14628p2_rho1em17,0.2455946386445224,3.757730891086379e-22,0.2455946386445224,1.0037375453710724e-22,ok,/home/elads/STAR/full_grid_solar_opacity/runs/T14628p2_rho1em17/fac-opacity-cowan-state/starout.h5
14628.241671923563,1.4370779141993746e-17,fac-opacity-cowan-state,T14628p2_rho1p43708em17,0.24559463864452236,5.389735330315669e-22,0.2455946386445223,1.439705465565615e-22,ok,/home/elads/STAR/full_grid_solar_opacity/runs/T14628p2_rho1p43708em17/fac-opacity-cowan-state/starout.h5
14628.241671923563,2.065192931479625e-17,fac-opacity-cowan-state,T14628p2_rho2p06519em17,0.24559463864452247,7.735063187012305e-22,0.24559463864452247,2.0662280810618157e-22,ok,/home/elads/STAR/full_grid_solar_opacity/runs/T14628p2_rho2p06519em17/fac-opacity-cowan-state/starout.h5
14628.241671923563,2.9678431503900313e-17,fac-opacity-cowan-state,T14628p2_rho2p96784em17,0.24559463660525746,1.1106419833325198e-21,0.2455946366052574,2.966829564920431e-22,ok,/home/elads/STAR/full_grid_solar_opacity/runs/T14628p2_rho2p96784em17/fac-opacity-cowan-state/starout.h5
14628.241671923563,4.2650218442334076e-17,fac-opacity-cowan-state,T14628p2_rho4p26502em17,0.24559463218598043,1.595263125969686e-21,0.24559463218598043,4.261398640951742e-22,ok,/home/elads/STAR/full_grid_solar_opacity/runs/T14628p2_rho4p26502em17/fac-opacity-cowan-state/starout.h5
14628.241671923563,6.129168695925715e-17,fac-opacity-cowan-state,T14628p2_rho6p12917em17,0.2455946272806638,2.2921125846863193e-21,0.24559462728066375,6.122886957407295e-22,ok,/home/elads/STAR/full_grid_solar_opacity/runs/T14628p2_rho6p12917em17/fac-opacity-cowan-state/starout.h5
14628.241671923563,8.808092965317026e-17,fac-opacity-cowan-state,T14628p2_rho8p80809em17,0.24559462197753557,3.2939419800490657e-21,0.24559462197753562,8.799059456552554e-22,ok,/home/elads/STAR/full_grid_solar_opacity/runs/T14628p2_rho8p80809em17/fac-opacity-cowan-state/starout.h5
14628.241671923563,1.2657915866672028e-16,fac-opacity-cowan-state,T14628p2_rho1p26579em16,0.24559461667440405,4.733647687973321e-21,0.245594616674404,1.264492462434096e-21,ok,/home/elads/STAR/full_grid_solar_opacity/runs/T14628p2_rho1p26579em16/fac-opacity-cowan-state/starout.h5
14628.241671923563,1.819041133178821e-16,fac-opacity-cowan-state,T14628p2_rho1p81904em16,0.24559461136763824,6.802614713992517e-21,0.2455946113676382,1.817172666197392e-21,ok,/home/elads/STAR/full_grid_solar_opacity/runs/T14628p2_rho1p81904em16/fac-opacity-cowan-state/starout.h5
14628.241671923563,2.6141038375114865e-16,fac-opacity-cowan-state,T14628p2_rho2p6141em16,0.2455946060422873,9.775877920006542e-21,0.24559460604228725,2.6114162280603832e-21,ok,/home/elads/STAR/full_grid_solar_opacity/runs/T14628p2_rho2p6141em16/fac-opacity-cowan-state/starout.h5
14628.241671923563,3.7566708903116036e-16,fac-opacity-cowan-state,T14628p2_rho3p75667em16,0.24559460070663783,1.4048683342250054e-20,0.24559460070663777,3.752804679976765e-21,ok,/home/elads/STAR/full_grid_solar_opacity/runs/T14628p2_rho3p75667em16/fac-opacity-cowan-state/starout.h5
14628.241671923563,5.398628767382507e-16,fac-opacity-cowan-state,T14628p2_rho5p39863em16,0.2455945953671297,2.0189028550403974e-20,0.2455945953671297,5.393066434827388e-21,ok,/home/elads/STAR/full_grid_solar_opacity/runs/T14628p2_rho5p39863em16/fac-opacity-cowan-state/starout.h5
14628.241671923563,7.758250168566793e-16,fac-opacity-cowan-state,T14628p2_rho7p75825em16,0.2455945900257453,2.901316866103181e-20,0.2455945900257453,7.750246595137424e-21,ok,/home/elads/STAR/full_grid_solar_opacity/runs/T14628p2_rho7p75825em16/fac-opacity-cowan-state/starout.h5
14628.241671923563,1.1149209970080914e-15,fac-opacity-cowan-state,T14628p2_rho1p11492em15,0.24559458468240492,4.1694121969179277e-20,0.24559458468240486,1.1137691973344223e-20,ok,/home/elads/STAR/full_grid_solar_opacity/runs/T14628p2_rho1p11492em15/fac-opacity-cowan-state/starout.h5
14628.241671923563,1.6022283408774753e-15,fac-opacity-cowan-state,T14628p2_rho1p60223em15,0.2455945793390942,5.991760228743766e-20,0.2455945793390942,1.6005705106021286e-20,ok,/home/elads/STAR/full_grid_solar_opacity/runs/T14628p2_rho1p60223em15/fac-opacity-cowan-state/starout.h5
14628.241671923563,2.3025269621793266e-15,fac-opacity-cowan-state,T14628p2_rho2p30253em15,0.24559457399572762,8.61061033010215e-20,0.24559457399572762,2.3001403531148916e-20,ok,/home/elads/STAR/full_grid_solar_opacity/runs/T14628p2_rho2p30253em15/fac-opacity-cowan-state/starout.h5
14628.241671923563,3.308910644196489e-15,fac-opacity-cowan-state,T14628p2_rho3p30891em15,0.24559456865246967,1.2374092408226143e-19,0.24559456865246967,3.3054742325707794e-20,ok,/home/elads/STAR/full_grid_solar_opacity/runs/T14628p2_rho3p30891em15/fac-opacity-cowan-state/starout.h5
14628.241671923563,4.755162406834019e-15,fac-opacity-cowan-state,T14628p2_rho4p75516em15,0.24559456330804683,1.7782493942354732e-19,0.24559456330804688,4.750213243852652e-20,ok,/home/elads/STAR/full_grid_solar_opacity/runs/T14628p2_rho4p75516em15/fac-opacity-cowan-state/starout.h5
14628.241671923563,6.8335388732923106e-15,fac-opacity-cowan-state,T14628p2_rho6p83354em15,0.24559455796562557,2.5554764436958422e-19,0.24559455796562552,6.82640957511324e-20,ok,/home/elads/STAR/full_grid_solar_opacity/runs/T14628p2_rho6p83354em15/fac-opacity-cowan-state/starout.h5
14628.241671923563,9.820327790631256e-15,fac-opacity-cowan-state,T14628p2_rho9p82033em15,0.24559455262238128,3.6724083896491044e-19,0.24559455262238122,9.810055404218054e-20,ok,/home/elads/STAR/full_grid_solar_opacity/runs/T14628p2_rho9p82033em15/fac-opacity-cowan-state/starout.h5
14628.241671923563,1.4112576178114521e-14,fac-opacity-cowan-state,T14628p2_rho1p41126em14,0.2455945472790471,5.277520726563956e-19,0.2455945472790471,1.4097771419931875e-19,ok,/home/elads/STAR/full_grid_solar_opacity/runs/T14628p2_rho1p41126em14/fac-opacity-cowan-state/starout.h5
14628.241671923563,2.0280871538024598e-14,fac-opacity-cowan-state,T14628p2_rho2p02809em14,0.24559454193570646,7.584183135165756e-19,0.24559454193570646,2.025952975989619e-19,ok,/home/elads/STAR/full_grid_solar_opacity/runs/T14628p2_rho2p02809em14/fac-opacity-cowan-state/starout.h5
14628.241671923563,2.914519256800997e-14,fac-opacity-cowan-state,T14628p2_rho2p91452em14,0.24559453659237257,1.0899022849713134e-18,0.24559453659237246,2.911442054476811e-19,ok,/home/elads/STAR/full_grid_solar_opacity/runs/T14628p2_rho2p91452em14/fac-opacity-cowan-state/starout.h5
14628.241671923563,4.188391254457488e-14,fac-opacity-cowan-state,T14628p2_rho4p18839em14,0.24559453124905742,1.5662684769835156e-18,0.24559453124905736,4.1839533716106474e-19,ok,/home/elads/STAR/full_grid_solar_opacity/runs/T14628p2_rho4p18839em14/fac-opacity-cowan-state/starout.h5
14628.241671923563,6.019044567806669e-14,fac-opacity-cowan-state,T14628p2_rho6p01904em14,0.24559452590568728,2.2508407372712137e-18,0.24559452590568728,6.012643253488712e-19,ok,/home/elads/STAR/full_grid_solar_opacity/runs/T14628p2_rho6p01904em14/fac-opacity-cowan-state/starout.h5
14628.241671923563,8.649836012976684e-14,fac-opacity-cowan-state,T14628p2_rho8p64984em14,0.24559452056240588,3.234620082656523e-18,0.24559452056240588,8.640601981608165e-19,ok,/home/elads/STAR/full_grid_solar_opacity/runs/T14628p2_rho8p64984em14/fac-opacity-cowan-state/starout.h5
14628.241671923563,1.2430488295695167e-13,fac-opacity-cowan-state,T14628p2_rho1p24305em13,0.2455945152190336,4.648381742500529e-18,0.24559451521903355,1.2417168155626333e-18,ok,/home/elads/STAR/full_grid_solar_opacity/runs/T14628p2_rho1p24305em13/fac-opacity-cowan-state/starout.h5
14628.241671923563,1.7863580192457348e-13,fac-opacity-cowan-state,T14628p2_rho1p78636em13,0.24559450987569506,6.680060001824607e-18,0.24559450987569498,1.784436914105436e-18,ok,/home/elads/STAR/full_grid_solar_opacity/runs/T14628p2_rho1p78636em13/fac-opacity-cowan-state/starout.h5
14628.241671923563,2.567135656310987e-13,fac-opacity-cowan-state,T14628p2_rho2p56714em13,0.24559450453234424,9.59973148554214e-18,0.2455945045323443,2.564365847278249e-18,ok,/home/elads/STAR/full_grid_solar_opacity/runs/T14628p2_rho2p56714em13/fac-opacity-cowan-state/starout.h5
14628.241671923563,3.6891739544382357e-13,fac-opacity-cowan-state,T14628p2_rho3p68917em13,0.2455944991890213,1.3795519507276156e-17,0.24559449918902135,3.6851827655071286e-18,ok,/home/elads/STAR/full_grid_solar_opacity/runs/T14628p2_rho3p68917em13/fac-opacity-cowan-state/starout.h5
14628.241671923563,5.301630411562758e-13,fac-opacity-cowan-state,T14628p2_rho5p30163em13,0.24559449384571164,1.9825193707492063e-17,0.24559449384571153,5.295884230490483e-18,ok,/home/elads/STAR/full_grid_solar_opacity/runs/T14628p2_rho5p30163em13/fac-opacity-cowan-state/starout.h5
14628.241671923563,7.618855973704612e-13,fac-opacity-cowan-state,T14628p2_rho7p61886em13,0.24559448850235513,2.84903210956988e-17,0.24559448850235518,7.610592316218323e-18,ok,/home/elads/STAR/full_grid_solar_opacity/runs/T14628p2_rho7p61886em13/fac-opacity-cowan-state/starout.h5
14628.241671923563,1.0948889651276868e-12,fac-opacity-cowan-state,T14628p2_rho1p09489em12,0.24559448315901974,4.094283509895776e-17,0.24559448315901974,1.0937022428687877e-17,ok,/home/elads/STAR/full_grid_solar_opacity/runs/T14628p2_rho1p09489em12/fac-opacity-cowan-state/starout.h5
14628.241671923563,1.5734407502856082e-12,fac-opacity-cowan-state,T14628p2_rho1p57344em12,0.24559447782026142,5.883818775647572e-17,0.24559447782026142,1.5717394432812855e-17,ok,/home/elads/STAR/full_grid_solar_opacity/runs/T14628p2_rho1p57344em12/fac-opacity-cowan-state/starout.h5
14628.241671923563,2.26115695153675e-12,fac-opacity-cowan-state,T14628p2_rho2p26116em12,0.24559447247243021,8.455545012300288e-17,0.24559447247243021,2.2587228171898253e-17,ok,/home/elads/STAR/full_grid_solar_opacity/runs/T14628p2_rho2p26116em12/fac-opacity-cowan-state/starout.h5
14628.241671923563,3.249458715591849e-12,fac-opacity-cowan-state,T14628p2_rho3p24946em12,0.24559446712898667,1.21513657949224e-16,0.24559446712898667,3.2459848681101946e-17,ok,/home/elads/STAR/full_grid_solar_opacity/runs/T14628p2_rho3p24946em12/fac-opacity-cowan-state/starout.h5
14628.241671923563,4.669725353279713e-12,fac-opacity-cowan-state,T14628p2_rho4p66973em12,0.24559446178626873,1.7462648069990728e-16,0.2455944617862688,4.664784008614154e-17,ok,/home/elads/STAR/full_grid_solar_opacity/runs/T14628p2_rho4p66973em12/fac-opacity-cowan-state/starout.h5
14628.241671923563,6.710759170575148e-12,fac-opacity-cowan-state,T14628p2_rho6p71076em12,0.24559445644232175,2.5095578045784837e-16,0.24559445644232175,6.703762986581351e-17,ok,/home/elads/STAR/full_grid_solar_opacity/runs/T14628p2_rho6p71076em12/fac-opacity-cowan-state/starout.h5
14628.241671923563,9.64388379154446e-12,fac-opacity-cowan-state,T14628p2_rho9p64388em12,0.24559445109897915,3.606511105865726e-16,0.2455944510989792,9.634045240607282e-17,ok,/home/elads/STAR/full_grid_solar_opacity/runs/T14628p2_rho9p64388em12/fac-opacity-cowan-state/starout.h5
14628.241671923563,1.3859012403933867e-11,fac-opacity-cowan-state,T14628p2_rho1p3859em11,0.2455944457556149,5.183000068534497e-16,0.24559444575561495,1.3845304440617135e-16,ok,/home/elads/STAR/full_grid_solar_opacity/runs/T14628p2_rho1p3859em11/fac-opacity-cowan-state/starout.h5
14628.241671923563,1.9916480638308542e-11,fac-opacity-cowan-state,T14628p2_rho1p99165em11,0.24559444041237652,7.448669890133398e-16,0.24559444041237669,1.9897560151915841e-16,ok,/home/elads/STAR/full_grid_solar_opacity/runs/T14628p2_rho1p99165em11/fac-opacity-cowan-state/starout.h5
14628.241671923563,2.8621534453892672e-11,fac-opacity-cowan-state,T14628p2_rho2p86215em11,0.2455944350689009,1.0704747661311811e-15,0.2455944350689011,2.859547115104095e-16,ok,/home/elads/STAR/full_grid_solar_opacity/runs/T14628p2_rho2p86215em11/fac-opacity-cowan-state/starout.h5
14628.241671923563,4.1131375034185614e-11,fac-opacity-cowan-state,T14628p2_rho4p11314em11,0.24559442972551598,1.5383952799057346e-15,0.24559442972551626,4.1094950235143264e-16,ok,/home/elads/STAR/full_grid_solar_opacity/runs/T14628p2_rho4p11314em11/fac-opacity-cowan-state/starout.h5
14628.241671923563,5.910899064227969e-11,fac-opacity-cowan-state,T14628p2_rho5p9109em11,0.2455944243821079,2.2108048365274653e-15,0.24559442438210832,5.905689595391203e-16,ok,/home/elads/STAR/full_grid_solar_opacity/runs/T14628p2_rho5p9109em11/fac-opacity-cowan-state/starout.h5
14628.241671923563,8.4944224982638e-11,fac-opacity-cowan-state,T14628p2_rho8p49442em11,0.245594419038678,3.1770930732185477e-15,0.24559441903867865,8.486913693596261e-16,ok,/home/elads/STAR/full_grid_solar_opacity/runs/T14628p2_rho8p49442em11/fac-opacity-cowan-state/starout.h5
14628.241671923563,1.2207146966133182e-10,fac-opacity-cowan-state,T14628p2_rho1p22071em10,0.24559441369517349,4.565747484771947e-15,0.24559441369517435,1.2196389921931992e-15,ok,/home/elads/STAR/full_grid_solar_opacity/runs/T14628p2_rho1p22071em10/fac-opacity-cowan-state/starout.h5
14628.241671923563,1.7542621300415897e-10,fac-opacity-cowan-state,T14628p2_rho1p75426em10,0.24559440835160912,6.561337254126228e-15,0.2455944083516105,1.7527151550048338e-15,ok,/home/elads/STAR/full_grid_solar_opacity/runs/T14628p2_rho1p75426em10/fac-opacity-cowan-state/starout.h5
14628.241671923563,2.52101136279913e-10,fac-opacity-cowan-state,T14628p2_rho2p52101em10,0.24559440300676452,9.429031813653333e-15,0.2455944030067665,2.5187538817394334e-15,ok,/home/elads/STAR/full_grid_solar_opacity/runs/T14628p2_rho2p52101em10/fac-opacity-cowan-state/starout.h5
14628.241671923563,3.6228897509242966e-10,fac-opacity-cowan-state,T14628p2_rho3p62289em10,0.2455943976638542,1.3549956463015083e-14,0.245594397663857,3.6195637238789436e-15,ok,/home/elads/STAR/full_grid_solar_opacity/runs/T14628p2_rho3p62289em10/fac-opacity-cowan-state/starout.h5
14628.241671923563,5.20637484663258e-10,fac-opacity-cowan-state,T14628p2_rho5p20637em10,0.2455943923201158,1.947206438382989e-14,0.24559439232011976,5.201515557382272e-15,ok,/home/elads/STAR/full_grid_solar_opacity/runs/T14628p2_rho5p20637em10/fac-opacity-cowan-state/starout.h5
14628.241671923563,7.481966305138837e-10,fac-opacity-cowan-state,T14628p2_rho7p48197em10,0.24559438697579752,2.7983524708313815e-14,0.24559438697580316,7.475141038503631e-15,ok,/home/elads/STAR/full_grid_solar_opacity/runs/T14628p2_rho7p48197em10/fac-opacity-cowan-state/starout.h5
14628.241671923563,1.0752168531898921e-09,fac-opacity-cowan-state,T14628p2_rho1p07522em09,0.2455943816311094,4.02190903117378e-14,0.24559438163111735,1.0743526024442732e-14,ok,/home/elads/STAR/full_grid_solar_opacity/runs/T14628p2_rho1p07522em09/fac-opacity-cowan-state/starout.h5
14628.241671923563,1.5451703926941453e-09,fac-opacity-cowan-state,T14628p2_rho1p54517em09,0.24559437628560404,5.780457541693858e-14,0.24559437628561556,1.544096567152237e-14,ok,/home/elads/STAR/full_grid_solar_opacity/runs/T14628p2_rho1p54517em09/fac-opacity-cowan-state/starout.h5
14628.241671923563,2.220530245015531e-09,fac-opacity-cowan-state,T14628p2_rho2p22053em09,0.23900321319022996,8.301053154724016e-14,0.2390032131902468,2.218058538770369e-14,ok,/home/elads/STAR/full_grid_solar_opacity/runs/T14628p2_rho2p22053em09/fac-opacity-cowan-state/starout.h5
14628.241671923563,3.1910749729235452e-09,fac-opacity-cowan-state,T14628p2_rho3p19107em09,0.23900320798636734,1.1928132142769903e-13,0.23900320798639155,3.187217108693737e-14,ok,/home/elads/STAR/full_grid_solar_opacity/runs/T14628p2_rho3p19107em09/fac-opacity-cowan-state/starout.h5
14628.241671923563,4.585823366142813e-09,fac-opacity-cowan-state,T14628p2_rho4p58582em09,0.23900320277996007,1.7144181875915012e-13,0.23900320277999457,4.5806215002385297e-14,ok,/home/elads/STAR/full_grid_solar_opacity/runs/T14628p2_rho4p58582em09/fac-opacity-cowan-state/starout.h5
14628.241671923563,6.590185477903269e-09,fac-opacity-cowan-state,T14628p2_rho6p59019em09,0.23900319836633732,2.463885595430341e-13,0.23900319836638684,6.582931446419111e-14,ok,/home/elads/STAR/full_grid_solar_opacity/runs/T14628p2_rho6p59019em09/fac-opacity-cowan-state/starout.h5
14628.241671923563,9.470610000772238e-09,fac-opacity-cowan-state,T14628p2_rho9p47061em09,0.2390031983567427,3.5511157246410667e-13,0.23900319835681427,9.478003349989064e-14,ok,/home/elads/STAR/full_grid_solar_opacity/runs/T14628p2_rho9p47061em09/fac-opacity-cowan-state/starout.h5
14628.241671923563,1.3610004466105506e-08,fac-opacity-cowan-state,T14628p2_rho1p361em08,0.2390031983412648,5.090798603061951e-13,0.23900319834136743,1.3600231525472374e-13,ok,/home/elads/STAR/full_grid_solar_opacity/runs/T14628p2_rho1p361em08/fac-opacity-cowan-state/starout.h5
14628.241671923563,1.9558636830395073e-08,fac-opacity-cowan-state,T14628p2_rho1p95586em08,0.2390031983214852,7.322871560261908e-13,0.23900319832163316,1.9556721485525076e-13,ok,/home/elads/STAR/full_grid_solar_opacity/runs/T14628p2_rho1p95586em08/fac-opacity-cowan-state/starout.h5
14628.241671923563,2.810728502080722e-08,fac-opacity-cowan-state,T14628p2_rho2p81073em08,0.23900319829558636,1.0514267256727844e-12,0.2390031982957985,2.8088486744515923e-13,ok,/home/elads/STAR/full_grid_solar_opacity/runs/T14628p2_rho2p81073em08/fac-opacity-cowan-state/starout.h5
14628.241671923563,4.039235853150913e-08,fac-opacity-cowan-state,T14628p2_rho4p03924em08,0.2390031982617001,1.5114649622539274e-12,0.23900319826200536,4.036962147739054e-13,ok,/home/elads/STAR/full_grid_solar_opacity/runs/T14628p2_rho4p03924em08/fac-opacity-cowan-state/starout.h5
14628.241671923563,5.804696634805446e-08,fac-opacity-cowan-state,T14628p2_rho5p8047em08,0.23900319821899652,2.1714005783544296e-12,0.23900319821943491,5.799998733101313e-13,ok,/home/elads/STAR/full_grid_solar_opacity/runs/T14628p2_rho5p8047em08/fac-opacity-cowan-state/starout.h5
14628.241671923563,8.341801332506338e-08,fac-opacity-cowan-state,T14628p2_rho8p3418em08,0.23900319816492016,3.120327506325307e-12,0.2390031981655508,8.33390559754171e-13,ok,/home/elads/STAR/full_grid_solar_opacity/runs/T14628p2_rho8p3418em08/fac-opacity-cowan-state/starout.h5
14628.241671923563,1.1987818459583772e-07,fac-opacity-cowan-state,T14628p2_rho1p19878em07,0.23900319809829987,4.483508938092514e-12,0.2390031980992063,1.1975370468945399e-12,ok,/home/elads/STAR/full_grid_solar_opacity/runs/T14628p2_rho1p19878em07/fac-opacity-cowan-state/starout.h5
14628.241671923563,1.7227429147699408e-07,fac-opacity-cowan-state,T14628p2_rho1p72274em07,0.23900319801651876,6.442847490552928e-12,0.2390031980178201,1.720769864523075e-12,ok,/home/elads/STAR/full_grid_solar_opacity/runs/T14628p2_rho1p72274em07/fac-opacity-cowan-state/starout.h5
14628.241671923563,2.4757157946593376e-07,fac-opacity-cowan-state,T14628p2_rho2p47572em07,0.23900319791710403,9.2574117922867e-12,0.23900319791897312,2.472565440974577e-12,ok,/home/elads/STAR/full_grid_solar_opacity/runs/T14628p2_rho2p47572em07/fac-opacity-cowan-state/starout.h5
14628.241671923563,3.557796490339488e-07,fac-opacity-cowan-state,T14628p2_rho3p5578em07,0.23900319779778456,1.3302253899837678e-11,0.23900319780047088,3.552761769100469e-12,ok,/home/elads/STAR/full_grid_solar_opacity/runs/T14628p2_rho3p5578em07/fac-opacity-cowan-state/starout.h5
14628.241671923563,5.112830759482948e-07,fac-opacity-cowan-state,T14628p2_rho5p11283em07,0.23900319765290062,1.9113038542976277e-11,0.23900319765675904,5.104660355558359e-12,ok,/home/elads/STAR/full_grid_solar_opacity/runs/T14628p2_rho5p11283em07/fac-opacity-cowan-state/starout.h5
14628.241671923563,7.347536163492159e-07,fac-opacity-cowan-state,T14628p2_rho7p34754em07,0.23900319747798504,2.746111643767444e-11,0.23900319748353008,7.333988658761802e-12,ok,/home/elads/STAR/full_grid_solar_opacity/runs/T14628p2_rho7p34754em07/fac-opacity-cowan-state/starout.h5
14628.241671923563,1.0558981944335787e-06,fac-opacity-cowan-state,T14628p2_rho1p0559em06,0.23900319726831515,3.9456337103406485e-11,0.23900319727628191,1.0537191101450292e-11,ok,/home/elads/STAR/full_grid_solar_opacity/runs/T14628p2_rho1p0559em06/fac-opacity-cowan-state/starout.h5
14628.241671923563,1.517407974863493e-06,fac-opacity-cowan-state,T14628p2_rho1p51741em06,0.2390031970171344,5.6705555774610024e-11,0.23900319702858316,1.5142868099209697e-11,ok,/home/elads/STAR/full_grid_solar_opacity/runs/T14628p2_rho1p51741em06/fac-opacity-cowan-state/starout.h5
14628.241671923563,2.1806334875063253e-06,fac-opacity-cowan-state,T14628p2_rho2p18063em06,0.23900319671798248,8.150704988894667e-11,0.23900319673443818,2.176478907052974e-11,ok,/home/elads/STAR/full_grid_solar_opacity/runs/T14628p2_rho2p18063em06/fac-opacity-cowan-state/starout.h5
14628.241671923563,3.1337402238588983e-06,fac-opacity-cowan-state,T14628p2_rho3p13374em06,0.23900319636182057,1.171206279117459e-10,0.2390031963854641,3.1272680420269164e-11,ok,/home/elads/STAR/full_grid_solar_opacity/runs/T14628p2_rho3p13374em06/fac-opacity-cowan-state/starout.h5
14628.241671923563,4.503428864545845e-06,fac-opacity-cowan-state,T14628p2_rho4p50343em06,0.23900319593380717,1.683249329152264e-10,0.23900319596778571,4.4941458642900124e-11,ok,/home/elads/STAR/full_grid_solar_opacity/runs/T14628p2_rho4p50343em06/fac-opacity-cowan-state/starout.h5
14628.241671923563,6.471778159406801e-06,fac-opacity-cowan-state,T14628p2_rho6p47178em06,0.2390031954231709,2.420707730761762e-10,0.23900319547203194,6.462428708245814e-11,ok,/home/elads/STAR/full_grid_solar_opacity/runs/T14628p2_rho6p47178em06/fac-opacity-cowan-state/starout.h5
14628.241671923563,9.300449458481393e-06,fac-opacity-cowan-state,T14628p2_rho9p30045em06,0.23900319480870155,3.4795651604413023e-10,0.23900319487892807,9.288143178765792e-11,ok,/home/elads/STAR/full_grid_solar_opacity/runs/T14628p2_rho9p30045em06/fac-opacity-cowan-state/starout.h5
14628.241671923563,1.3365470508911143e-05,fac-opacity-cowan-state,T14628p2_rho1p33655em05,0.23900319411661924,5.147806019230195e-10,0.23900319422195565,1.388965567822044e-10,ok,/home/elads/STAR/full_grid_solar_opacity/runs/T14628p2_rho1p33655em05/fac-opacity-cowan-state/starout.h5
14628.241671923563,1.920722248123928e-05,fac-opacity-cowan-state,T14628p2_rho1p92072em05,0.23900319323482258,7.393782506737217e-10,0.23900319338612266,1.9950394201936476e-10,ok,/home/elads/STAR/full_grid_solar_opacity/runs/T14628p2_rho1p92072em05/fac-opacity-cowan-state/starout.h5
14628.241671923563,2.760227522090268e-05,fac-opacity-cowan-state,T14628p2_rho2p76023em05,0.23900319226560432,1.0629918257164855e-09,0.23900319248314436,2.868442539799109e-10,ok,/home/elads/STAR/full_grid_solar_opacity/runs/T14628p2_rho2p76023em05/fac-opacity-cowan-state/starout.h5
14628.241671923563,3.966662010161191e-05,fac-opacity-cowan-state,T14628p2_rho3p96666em05,0.23900319099625708,1.527420662942867e-09,0.239003191308827,4.121431727471215e-10,ok,/home/elads/STAR/full_grid_solar_opacity/runs/T14628p2_rho3p96666em05/fac-opacity-cowan-state/starout.h5
14628.241671923563,5.7004023678963655e-05,fac-opacity-cowan-state,T14628p2_rho5p7004em05,0.23900318952904007,2.1930115916512274e-09,0.2390031899776227,5.915258260941634e-10,ok,/home/elads/STAR/full_grid_solar_opacity/runs/T14628p2_rho5p7004em05/fac-opacity-cowan-state/starout.h5
14628.241671923563,8.191922344953684e-05,fac-opacity-cowan-state,T14628p2_rho8p19192em05,0.23900319057874364,3.1513061405693833e-09,0.23900319122319197,8.498033711891243e-10,ok,/home/elads/STAR/full_grid_solar_opacity/runs/T14628p2_rho8p19192em05/fac-opacity-cowan-state/starout.h5
14628.241671923563,0.00011772430676769293,fac-opacity-cowan-state,T14628p2_rho0p000117724,0.23900318880877464,4.531516156171134e-09,0.2390031897357979,1.2222498037810657e-09,ok,/home/elads/STAR/full_grid_solar_opacity/runs/T14628p2_rho0p000117724/fac-opacity-cowan-state/starout.h5
14628.241671923563,0.00016917900122028344,fac-opacity-cowan-state,T14628p2_rho0p000169179,0.23900319692642003,6.51132696178297e-09,0.23900319825815383,1.755780340486775e-09,ok,/home/elads/STAR/full_grid_solar_opacity/runs/T14628p2_rho0p000169179/fac-opacity-cowan-state/starout.h5
14628.241671923563,0.0002431234061999784,fac-opacity-cowan-state,T14628p2_rho0p000243123,0.23900319563819059,9.34379465517389e-09,0.23900319754766342,2.5176272060508358e-09,ok,/home/elads/STAR/full_grid_solar_opacity/runs/T14628p2_rho0p000243123/fac-opacity-cowan-state/starout.h5
14628.241671923563,0.0003493872774749123,fac-opacity-cowan-state,T14628p2_rho0p000349387,0.23900319382909205,1.3424055302996871e-08,0.23900319657152527,3.6156541062627127e-09,ok,/home/elads/STAR/full_grid_solar_opacity/runs/T14628p2_rho0p000349387/fac-opacity-cowan-state/starout.h5
14628.241671923563,0.0005020967399614471,fac-opacity-cowan-state,T14628p2_rho0p000502097,0.23900318819859492,1.9285400882907038e-08,0.23900319213690593,5.191947098623476e-09,ok,/home/elads/STAR/full_grid_solar_opacity/runs/T14628p2_rho0p000502097/fac-opacity-cowan-state/starout.h5
14628.241671923563,0.0007215521357901021,fac-opacity-cowan-state,T14628p2_rho0p000721552,0.23900318841874219,2.7704407162089633e-08,0.23900319407363183,7.45435419220962e-09,ok,/home/elads/STAR/full_grid_solar_opacity/runs/T14628p2_rho0p000721552/fac-opacity-cowan-state/starout.h5
14628.241671923563,0.0010369266382873438,fac-opacity-cowan-state,T14628p2_rho0p00103693,0.23900318465284995,3.979685475958575e-08,0.23900319277140342,1.0701057096317909e-08,ok,/home/elads/STAR/full_grid_solar_opacity/runs/T14628p2_rho0p00103693/fac-opacity-cowan-state/starout.h5
14628.241671923563,0.0014901443705277455,fac-opacity-cowan-state,T14628p2_rho0p00149014,0.23900317883698086,5.716417024415062e-08,0.2390031904905543,1.5359062593349774e-08,ok,/home/elads/STAR/full_grid_solar_opacity/runs/T14628p2_rho0p00149014/fac-opacity-cowan-state/starout.h5
14628.241671923563,0.002141453563853953,fac-opacity-cowan-state,T14628p2_rho0p00214145,0.23900316658767906,8.210603744442623e-08,0.2390031833125232,2.2040454004120878e-08,ok,/home/elads/STAR/full_grid_solar_opacity/runs/T14628p2_rho0p00214145/fac-opacity-cowan-state/starout.h5
14628.241671923563,0.003077435620898055,fac-opacity-cowan-state,T14628p2_rho0p00307744,0.23900316127343937,1.1792175107679576e-07,0.23900318527127298,3.1621145176747565e-08,ok,/home/elads/STAR/full_grid_solar_opacity/runs/T14628p2_rho0p00307744/fac-opacity-cowan-state/starout.h5
14628.241671923563,0.004422514763163053,fac-opacity-cowan-state,T14628p2_rho0p00442251,0.23900314668435824,1.6934987997355617e-07,0.23900318111011418,4.535553089746399e-08,ok,/home/elads/STAR/full_grid_solar_opacity/runs/T14628p2_rho0p00442251/fac-opacity-cowan-state/starout.h5
14628.241671923563,0.006355498291362301,fac-opacity-cowan-state,T14628p2_rho0p0063555,0.23900312881559885,2.4319791844170934e-07,0.23900317818944888,6.503959278079989e-08,ok,/home/elads/STAR/full_grid_solar_opacity/runs/T14628p2_rho0p0063555/fac-opacity-cowan-state/starout.h5
14628.241671923563,0.009133346228248624,fac-opacity-cowan-state,T14628p2_rho0p00913335,0.23900309930884303,3.492277270016154e-07,0.23900317010167155,9.323877177327163e-08,ok,/home/elads/STAR/full_grid_solar_opacity/runs/T14628p2_rho0p00913335/fac-opacity-cowan-state/starout.h5
14628.241671923563,0.01312533014735226,fac-opacity-cowan-state,T14628p2_rho0p0131253,0.23900307098458182,5.014498347079821e-07,0.23900317245501215,1.3361813723586487e-07,ok,/home/elads/STAR/full_grid_solar_opacity/runs/T14628p2_rho0p0131253/fac-opacity-cowan-state/starout.h5
14628.241671923563,0.018862122071335155,fac-opacity-cowan-state,T14628p2_rho0p0188621,0.23900304380411688,7.199396050822847e-07,0.2390031891834548,1.9139915597245329e-07,ok,/home/elads/STAR/full_grid_solar_opacity/runs/T14628p2_rho0p0188621/fac-opacity-cowan-state/starout.h5
14628.241671923563,0.02710633904364831,fac-opacity-cowan-state,T14628p2_rho0p0271063,0.239003013779576,1.0335856893765678e-06,0.23900322199244872,2.740593083858827e-07,ok,/home/elads/STAR/full_grid_solar_opacity/runs/T14628p2_rho0p0271063/fac-opacity-cowan-state/starout.h5
14628.241671923563,0.038953921174427183,fac-opacity-cowan-state,T14628p2_rho0p0389539,0.2390029815613081,1.483557467617223e-06,0.23900327955548223,3.9214080402400255e-07,ok,/home/elads/STAR/full_grid_solar_opacity/runs/T14628p2_rho0p0389539/fac-opacity-cowan-state/starout.h5
14628.241671923563,0.0559798197912329,fac-opacity-cowan-state,T14628p2_rho0p0559798,0.23900292058975536,2.1290868902524774e-06,0.23900334681812477,5.607394076271184e-07,ok,/home/elads/STAR/full_grid_solar_opacity/runs/T14628p2_rho0p0559798/fac-opacity-cowan-state/starout.h5
14628.241671923563,0.08044736266284185,fac-opacity-cowan-state,T14628p2_rho0p0804474,0.23900287587068442,3.0549591891212244e-06,0.2390034851047265,8.012548532783787e-07,ok,/home/elads/STAR/full_grid_solar_opacity/runs/T14628p2_rho0p0804474/fac-opacity-cowan-state/starout.h5
14628.241671923563,0.11560912813835741,fac-opacity-cowan-state,T14628p2_rho0p115609,0.2390028134304799,4.382530068409629e-06,0.23900368351596965,1.1439403171246439e-06,ok,/home/elads/STAR/full_grid_solar_opacity/runs/T14628p2_rho0p115609/fac-opacity-cowan-state/starout.h5
14628.241671923563,0.1661393247274789,fac-opacity-cowan-state,T14628p2_rho0p166139,0.23900274826382886,6.285964144152715e-06,0.2390039898727411,1.6317785754890392e-06,ok,/home/elads/STAR/full_grid_solar_opacity/runs/T14628p2_rho0p166139/fac-opacity-cowan-state/starout.h5
14628.241671923563,0.23875515424585794,fac-opacity-cowan-state,T14628p2_rho0p238755,0.23900266888553195,9.014697494785454e-06,0.23900443919558323,2.3255830862641617e-06,ok,/home/elads/STAR/full_grid_solar_opacity/runs/T14628p2_rho0p238755/fac-opacity-cowan-state/starout.h5
14628.241671923563,0.34310975906798746,fac-opacity-cowan-state,T14628p2_rho0p34311,0.23900244274463053,1.2929394940970484e-05,0.23900496552435246,3.3122867994327183e-06,ok,/home/elads/STAR/full_grid_solar_opacity/runs/T14628p2_rho0p34311/fac-opacity-cowan-state/starout.h5
14628.241671923563,0.49307545690287347,fac-opacity-cowan-state,T14628p2_rho0p493075,0.23900218000839626,1.854592451950307e-05,0.23900577311035687,4.714457050655686e-06,ok,/home/elads/STAR/full_grid_solar_opacity/runs/T14628p2_rho0p493075/fac-opacity-cowan-state/starout.h5
14628.241671923563,0.7085878491488851,fac-opacity-cowan-state,T14628p2_rho0p708588,0.23900179850147718,2.6607364955552857e-05,0.23900691364699894,6.706078420714425e-06,ok,/home/elads/STAR/full_grid_solar_opacity/runs/T14628p2_rho0p708588/fac-opacity-cowan-state/starout.h5
14628.241671923563,1.0182959482819007,fac-opacity-cowan-state,T14628p2_rho1p0183,0.23900124863229436,3.8182166926133053e-05,0.23900852728871055,9.53310277822017e-06,ok,/home/elads/STAR/full_grid_solar_opacity/runs/T14628p2_rho1p0183/fac-opacity-cowan-state/starout.h5
14628.241671923563,1.4633706173946401,fac-opacity-cowan-state,T14628p2_rho1p46337,0.239000456203512,5.480577219055963e-05,0.2390108081337276,1.3542248267576316e-05,ok,/home/elads/STAR/full_grid_solar_opacity/runs/T14628p2_rho1p46337/fac-opacity-cowan-state/starout.h5
14628.241671923563,2.1029775945461404,fac-opacity-cowan-state,T14628p2_rho2p10298,0.23899930904987238,7.86853647798503e-05,0.23901402261511795,1.9221150129760062e-05,ok,/home/elads/STAR/full_grid_solar_opacity/runs/T14628p2_rho2p10298/fac-opacity-cowan-state/starout.h5
14628.241671923563,3.0221426551783854,fac-opacity-cowan-state,T14628p2_rho3p02214,0.23899764113259458,0.00011299014176331234,0.23901853706204237,2.7252872314333576e-05,ok,/home/elads/STAR/full_grid_solar_opacity/runs/T14628p2_rho3p02214/fac-opacity-cowan-state/starout.h5
14628.241671923563,4.343054463316713,fac-opacity-cowan-state,T14628p2_rho4p34305,0.2389952481691814,0.0001622738466563948,0.23902489461206278,3.859228873582553e-05,ok,/home/elads/STAR/full_grid_solar_opacity/runs/T14628p2_rho4p34305/fac-opacity-cowan-state/starout.h5
14628.241671923563,6.241307649397467,fac-opacity-cowan-state,T14628p2_rho6p24131,0.23899181028015581,0.00023307559886355075,0.2390338212283928,5.456897866990899e-05,ok,/home/elads/STAR/full_grid_solar_opacity/runs/T14628p2_rho6p24131/fac-opacity-cowan-state/starout.h5
14628.241671923563,8.969245378672715,fac-opacity-cowan-state,T14628p2_rho8p96925,0.2389868671206312,0.00033478182024430513,0.2390463152329809,7.702695230910796e-05,ok,/home/elads/STAR/full_grid_solar_opacity/runs/T14628p2_rho8p96925/fac-opacity-cowan-state/starout.h5
14628.241671923563,12.889504440725364,fac-opacity-cowan-state,T14628p2_rho12p8895,0.23897979478823683,0.0004808675180466984,0.2390637815450116,0.0001085147836603207,ok,/home/elads/STAR/full_grid_solar_opacity/runs/T14628p2_rho12p8895/fac-opacity-cowan-state/starout.h5
14628.241671923563,18.52322215674118,fac-opacity-cowan-state,T14628p2_rho18p5232,0.23896966310439338,0.0006906647118586642,0.23908810067107547,0.000152537756813105,ok,/home/elads/STAR/full_grid_solar_opacity/runs/T14628p2_rho18p5232/fac-opacity-cowan-state/starout.h5
14628.241671923563,26.61931346126126,fac-opacity-cowan-state,T14628p2_rho26p6193,0.23895508309975247,0.0009918929369180426,0.23912176164577262,0.0002138927138359964,ok,/home/elads/STAR/full_grid_solar_opacity/runs/T14628p2_rho26p6193/fac-opacity-cowan-state/starout.h5
14628.241671923563,38.254027466328665,fac-opacity-cowan-state,T14628p2_rho38p254,0.23893438904768458,0.0014242688999481334,0.2391684259262177,0.0002991079673933718,ok,/home/elads/STAR/full_grid_solar_opacity/runs/T14628p2_rho38p254/fac-opacity-cowan-state/starout.h5
14628.241671923563,54.97401800103719,fac-opacity-cowan-state,T14628p2_rho54p974,0.2389049491307417,0.002044644384774288,0.23923274460652422,0.000417015154177596,ok,/home/elads/STAR/full_grid_solar_opacity/runs/T14628p2_rho54p974/fac-opacity-cowan-state/starout.h5
14628.241671923563,79.0019471240894,fac-opacity-cowan-state,T14628p2_rho79p0019,0.2388630078999203,0.0029342755700504848,0.23932086365620198,0.0005794794376521343,ok,/home/elads/STAR/full_grid_solar_opacity/runs/T14628p2_rho79p0019/fac-opacity-cowan-state/starout.h5
14628.241671923563,113.53195339077567,fac-opacity-cowan-state,T14628p2_rho113p532,0.23880350195867697,0.004209086526504504,0.2394411016053497,0.0008023243647054685,ok,/home/elads/STAR/full_grid_solar_opacity/runs/T14628p2_rho113p532/fac-opacity-cowan-state/starout.h5
14628.241671923563,163.15426277379785,fac-opacity-cowan-state,T14628p2_rho163p154,0.23871934271926235,0.006033999684943855,0.2396043311990612,0.0011064742577123563,ok,/home/elads/STAR/full_grid_solar_opacity/runs/T14628p2_rho163p154/fac-opacity-cowan-state/starout.h5
14628.241671923563,234.46538763970608,fac-opacity-cowan-state,T14628p2_rho234p465,0.23860078515671973,0.008642808814122771,0.2398247330617452,0.0015193468419635516,ok,/home/elads/STAR/full_grid_solar_opacity/runs/T14628p2_rho234p465/fac-opacity-cowan-state/starout.h5
14628.241671923563,336.94503022121665,fac-opacity-cowan-state,T14628p2_rho336p945,0.2384345708772012,0.01236537915179987,0.24012063033145567,0.0020764893787151473,ok,/home/elads/STAR/full_grid_solar_opacity/runs/T14628p2_rho336p945/fac-opacity-cowan-state/starout.h5
14628.241671923563,484.21626123015125,fac-opacity-cowan-state,T14628p2_rho484p216,0.2382030622025519,0.017664013532874518,0.24051562693219913,0.0028234424709966547,ok,/home/elads/STAR/full_grid_solar_opacity/runs/T14628p2_rho484p216/fac-opacity-cowan-state/starout.h5
14628.241671923563,695.8564947100452,fac-opacity-cowan-state,T14628p2_rho695p856,0.237883707332274,0.025181398406571708,0.2410403429481799,0.0038177761192068884,ok,/home/elads/STAR/full_grid_solar_opacity/runs/T14628p2_rho695p856/fac-opacity-cowan-state/starout.h5
14628.241671923563,1000.0,fac-opacity-cowan-state,T14628p2_rho1000,0.23744750706209367,0.0357959714408249,0.24173310299403486,0.005131001726967357,ok,/home/elads/STAR/full_grid_solar_opacity/runs/T14628p2_rho1000/fac-opacity-cowan-state/starout.h5
16103.953962477231,1e-17,fac-opacity-cowan-state,T16104_rho1em17,0.2388454710520773,2.6769481770503235e-22,0.2388454710520773,6.979925310915968e-23,ok,/home/elads/STAR/full_grid_solar_opacity/runs/T16104_rho1em17/fac-opacity-cowan-state/starout.h5
16103.953962477231,1.4370779141993746e-17,fac-opacity-cowan-state,T16104_rho1p43708em17,0.2388454710520773,3.8404241267764373e-22,0.2388454710520773,1.0013873027472523e-22,ok,/home/elads/STAR/full_grid_solar_opacity/runs/T16104_rho1p43708em17/fac-opacity-cowan-state/starout.h5
16103.953962477231,2.065192931479625e-17,fac-opacity-cowan-state,T16104_rho2p06519em17,0.2388454710520773,5.512435591811266e-22,0.2388454710520773,1.4373907557956983e-22,ok,/home/elads/STAR/full_grid_solar_opacity/runs/T16104_rho2p06519em17/fac-opacity-cowan-state/starout.h5
16103.953962477231,2.9678431503900313e-17,fac-opacity-cowan-state,T16104_rho2p96784em17,0.2388454710520781,7.915834488334539e-22,0.2388454710520781,2.064108099129178e-22,ok,/home/elads/STAR/full_grid_solar_opacity/runs/T16104_rho2p96784em17/fac-opacity-cowan-state/starout.h5
16103.953962477231,4.2650218442334076e-17,fac-opacity-cowan-state,T16104_rho4p26502em17,0.23884547105207754,1.13705272430299e-21,0.23884547105207754,2.9649541901109357e-22,ok,/home/elads/STAR/full_grid_solar_opacity/runs/T16104_rho4p26502em17/fac-opacity-cowan-state/starout.h5
16103.953962477231,6.129168695925715e-17,fac-opacity-cowan-state,T16104_rho6p12917em17,0.23884614547521654,1.6337916716562483e-21,0.23884614547521654,4.260245559605133e-22,ok,/home/elads/STAR/full_grid_solar_opacity/runs/T16104_rho6p12917em17/fac-opacity-cowan-state/starout.h5
16103.953962477231,8.808092965317026e-17,fac-opacity-cowan-state,T16104_rho8p80809em17,0.23884614031780158,2.3478845955778607e-21,0.23884614031780158,6.122301463087018e-22,ok,/home/elads/STAR/full_grid_solar_opacity/runs/T16104_rho8p80809em17/fac-opacity-cowan-state/starout.h5
16103.953962477231,1.2657915866672028e-16,fac-opacity-cowan-state,T16104_rho1p26579em16,0.23884613516038947,3.374091118096399e-21,0.23884613516038947,8.798219155409067e-22,ok,/home/elads/STAR/full_grid_solar_opacity/runs/T16104_rho1p26579em16/fac-opacity-cowan-state/starout.h5
16103.953962477231,1.819041133178821e-16,fac-opacity-cowan-state,T16104_rho1p81904em16,0.23884612999944135,4.8488285917954064e-21,0.23884612999944135,1.264371819771821e-21,ok,/home/elads/STAR/full_grid_solar_opacity/runs/T16104_rho1p81904em16/fac-opacity-cowan-state/starout.h5
16103.953962477231,2.6141038375114865e-16,fac-opacity-cowan-state,T16104_rho2p6141em16,0.23884612482042175,6.968139265039549e-21,0.23884612482042175,1.816999485273144e-21,ok,/home/elads/STAR/full_grid_solar_opacity/runs/T16104_rho2p6141em16/fac-opacity-cowan-state/starout.h5
16103.953962477231,3.7566708903116036e-16,fac-opacity-cowan-state,T16104_rho3p75667em16,0.23884611963138472,1.0013750815848706e-20,0.23884611963138472,2.6111677261636793e-21,ok,/home/elads/STAR/full_grid_solar_opacity/runs/T16104_rho3p75667em16/fac-opacity-cowan-state/starout.h5
16103.953962477231,5.398628767382507e-16,fac-opacity-cowan-state,T16104_rho5p39863em16,0.23884611443869713,1.43905269213991e-20,0.23884611443869713,3.75244808895056e-21,ok,/home/elads/STAR/full_grid_solar_opacity/runs/T16104_rho5p39863em16/fac-opacity-cowan-state/starout.h5
16103.953962477231,7.758250168566793e-16,fac-opacity-cowan-state,T16104_rho7p75825em16,0.23884610924398575,2.06802872090877e-20,0.2388461092439858,5.392554849251852e-21,ok,/home/elads/STAR/full_grid_solar_opacity/runs/T16104_rho7p75825em16/fac-opacity-cowan-state/starout.h5
16103.953962477231,1.1149209970080914e-15,fac-opacity-cowan-state,T16104_rho1p11492em15,0.23884610404747317,2.971914988650028e-20,0.23884610404747317,7.749512756042267e-21,ok,/home/elads/STAR/full_grid_solar_opacity/runs/T16104_rho1p11492em15/fac-opacity-cowan-state/starout.h5
16103.953962477231,1.6022283408774753e-15,fac-opacity-cowan-state,T16104_rho1p60223em15,0.23884609885095526,4.270867891844615e-20,0.23884609885095526,1.1136639588972586e-20,ok,/home/elads/STAR/full_grid_solar_opacity/runs/T16104_rho1p60223em15/fac-opacity-cowan-state/starout.h5
16103.953962477231,2.3025269621793266e-15,fac-opacity-cowan-state,T16104_rho2p30253em15,0.23884609365446244,6.137561097536425e-20,0.23884609365446244,1.600419626702703e-20,ok,/home/elads/STAR/full_grid_solar_opacity/runs/T16104_rho2p30253em15/fac-opacity-cowan-state/starout.h5
16103.953962477231,3.308910644196489e-15,fac-opacity-cowan-state,T16104_rho3p30891em15,0.2388460884579305,8.820139370452501e-20,0.23884608845793046,2.2999240996189283e-20,ok,/home/elads/STAR/full_grid_solar_opacity/runs/T16104_rho3p30891em15/fac-opacity-cowan-state/starout.h5
16103.953962477231,4.755162406834019e-15,fac-opacity-cowan-state,T16104_rho4p75516em15,0.23884608326140677,1.267520464867599e-19,0.23884608326140677,3.3051642682648766e-20,ok,/home/elads/STAR/full_grid_solar_opacity/runs/T16104_rho4p75516em15/fac-opacity-cowan-state/starout.h5
16103.953962477231,6.8335388732923106e-15,fac-opacity-cowan-state,T16104_rho6p83354em15,0.23884607806490363,1.8215220562480633e-19,0.23884607806490354,4.749769362185625e-20,ok,/home/elads/STAR/full_grid_solar_opacity/runs/T16104_rho6p83354em15/fac-opacity-cowan-state/starout.h5
16103.953962477231,9.820327790631256e-15,fac-opacity-cowan-state,T16104_rho9p82033em15,0.23884607286838982,2.617663304445685e-19,0.23884607286838982,6.825773874703055e-20,ok,/home/elads/STAR/full_grid_solar_opacity/runs/T16104_rho9p82033em15/fac-opacity-cowan-state/starout.h5
16103.953962477231,1.4112576178114521e-14,fac-opacity-cowan-state,T16104_rho1p41126em14,0.2388460676717321,3.7617769781763083e-19,0.23884606767173205,9.809145546513151e-20,ok,/home/elads/STAR/full_grid_solar_opacity/runs/T16104_rho1p41126em14/fac-opacity-cowan-state/starout.h5
16103.953962477231,2.0280871538024598e-14,fac-opacity-cowan-state,T16104_rho2p02809em14,0.23884606247333207,5.4059522795522475e-19,0.23884606247333212,1.4096469898043755e-19,ok,/home/elads/STAR/full_grid_solar_opacity/runs/T16104_rho2p02809em14/fac-opacity-cowan-state/starout.h5
16103.953962477231,2.914519256800997e-14,fac-opacity-cowan-state,T16104_rho2p91452em14,0.23884605727885322,7.768752332332508e-19,0.23884605727885322,2.025766887235008e-19,ok,/home/elads/STAR/full_grid_solar_opacity/runs/T16104_rho2p91452em14/fac-opacity-cowan-state/starout.h5
16103.953962477231,4.188391254457488e-14,fac-opacity-cowan-state,T16104_rho4p18839em14,0.23884605208232648,1.1164267838656861e-18,0.23884605208232643,2.91117606263749e-19,ok,/home/elads/STAR/full_grid_solar_opacity/runs/T16104_rho4p18839em14/fac-opacity-cowan-state/starout.h5
16103.953962477231,6.019044567806669e-14,fac-opacity-cowan-state,T16104_rho6p01904em14,0.23884604688583078,1.6043870073883564e-18,0.23884604688583078,4.1835734117842847e-19,ok,/home/elads/STAR/full_grid_solar_opacity/runs/T16104_rho6p01904em14/fac-opacity-cowan-state/starout.h5
16103.953962477231,8.649836012976684e-14,fac-opacity-cowan-state,T16104_rho8p64984em14,0.23884604168931553,2.3056212789384705e-18,0.23884604168931559,6.012101049401291e-19,ok,/home/elads/STAR/full_grid_solar_opacity/runs/T16104_rho8p64984em14/fac-opacity-cowan-state/starout.h5
16103.953962477231,1.2430488295695167e-13,fac-opacity-cowan-state,T16104_rho1p24305em13,0.23884603649277358,3.3133459565225473e-18,0.23884603649277358,8.639828597665473e-19,ok,/home/elads/STAR/full_grid_solar_opacity/runs/T16104_rho1p24305em13/fac-opacity-cowan-state/starout.h5
16103.953962477231,1.7863580192457348e-13,fac-opacity-cowan-state,T16104_rho1p78636em13,0.2388460312962942,4.7615201509751875e-18,0.23884603129629425,1.2416066130146127e-18,ok,/home/elads/STAR/full_grid_solar_opacity/runs/T16104_rho1p78636em13/fac-opacity-cowan-state/starout.h5
16103.953962477231,2.567135656310987e-13,fac-opacity-cowan-state,T16104_rho2p56714em13,0.23884602609978184,6.8426537079619564e-18,0.23884602609978173,1.7842799807835763e-18,ok,/home/elads/STAR/full_grid_solar_opacity/runs/T16104_rho2p56714em13/fac-opacity-cowan-state/starout.h5
16103.953962477231,3.6891739544382357e-13,fac-opacity-cowan-state,T16104_rho3p68917em13,0.23884602090327187,9.833399345320875e-18,0.2388460209032718,2.564142606688923e-18,ok,/home/elads/STAR/full_grid_solar_opacity/runs/T16104_rho3p68917em13/fac-opacity-cowan-state/starout.h5
16103.953962477231,5.301630411562758e-13,fac-opacity-cowan-state,T16104_rho5p30163em13,0.2388460157067982,1.4131332112783346e-17,0.2388460157067982,3.684865639383517e-18,ok,/home/elads/STAR/full_grid_solar_opacity/runs/T16104_rho5p30163em13/fac-opacity-cowan-state/starout.h5
16103.953962477231,7.618855973704612e-13,fac-opacity-cowan-state,T16104_rho7p61886em13,0.2388460105102448,2.030780317958016e-17,0.23884601051024473,5.2954339153346335e-18,ok,/home/elads/STAR/full_grid_solar_opacity/runs/T16104_rho7p61886em13/fac-opacity-cowan-state/starout.h5
16103.953962477231,1.0948889651276868e-12,fac-opacity-cowan-state,T16104_rho1p09489em12,0.23884600531373568,2.918390042608366e-17,0.23884600531373568,7.609953411996088e-18,ok,/home/elads/STAR/full_grid_solar_opacity/runs/T16104_rho1p09489em12/fac-opacity-cowan-state/starout.h5
16103.953962477231,1.5734407502856082e-12,fac-opacity-cowan-state,T16104_rho1p57344em12,0.2388460001139537,4.1939611839793957e-17,0.2388460001139537,1.0936116351881338e-17,ok,/home/elads/STAR/full_grid_solar_opacity/runs/T16104_rho1p57344em12/fac-opacity-cowan-state/starout.h5
16103.953962477231,2.26115695153675e-12,fac-opacity-cowan-state,T16104_rho2p26116em12,0.2388459949182329,6.02707080769173e-17,0.2388459949182329,1.571610985188256e-17,ok,/home/elads/STAR/full_grid_solar_opacity/runs/T16104_rho2p26116em12/fac-opacity-cowan-state/starout.h5
16103.953962477231,3.249458715591849e-12,fac-opacity-cowan-state,T16104_rho3p24946em12,0.23884598972420243,8.661421975502465e-17,0.23884598972420248,2.258541104640886e-17,ok,/home/elads/STAR/full_grid_solar_opacity/runs/T16104_rho3p24946em12/fac-opacity-cowan-state/starout.h5
16103.953962477231,4.669725353279713e-12,fac-opacity-cowan-state,T16104_rho4p66973em12,0.23884598452768718,1.2447249533826217e-16,0.23884598452768718,3.245728708733847e-17,ok,/home/elads/STAR/full_grid_solar_opacity/runs/T16104_rho4p66973em12/fac-opacity-cowan-state/starout.h5
16103.953962477231,6.710759170575148e-12,fac-opacity-cowan-state,T16104_rho6p71076em12,0.23884597933117116,1.7887898561187066e-16,0.23884597933117116,4.664425230354998e-17,ok,/home/elads/STAR/full_grid_solar_opacity/runs/T16104_rho6p71076em12/fac-opacity-cowan-state/starout.h5
16103.953962477231,9.64388379154446e-12,fac-opacity-cowan-state,T16104_rho9p64388em12,0.238845974134524,2.570677463947561e-16,0.238845974134524,6.703264438420732e-17,ok,/home/elads/STAR/full_grid_solar_opacity/runs/T16104_rho9p64388em12/fac-opacity-cowan-state/starout.h5
16103.953962477231,1.3859012403933867e-11,fac-opacity-cowan-state,T16104_rho1p3859em11,0.23884596893809684,3.6943560241015456e-16,0.23884596893809695,9.633351340983171e-17,ok,/home/elads/STAR/full_grid_solar_opacity/runs/T16104_rho1p3859em11/fac-opacity-cowan-state/starout.h5
16103.953962477231,1.9916480638308542e-11,fac-opacity-cowan-state,T16104_rho1p99165em11,0.2388459637415976,5.309240156771858e-16,0.23884596374159767,1.3844295206654327e-16,ok,/home/elads/STAR/full_grid_solar_opacity/runs/T16104_rho1p99165em11/fac-opacity-cowan-state/starout.h5
16103.953962477231,2.8621534453892672e-11,fac-opacity-cowan-state,T16104_rho2p86215em11,0.2388459585449681,7.630022675825605e-16,0.2388459585449683,1.9895922483394655e-16,ok,/home/elads/STAR/full_grid_solar_opacity/runs/T16104_rho2p86215em11/fac-opacity-cowan-state/starout.h5
16103.953962477231,4.1131375034185614e-11,fac-opacity-cowan-state,T16104_rho4p11314em11,0.23884595334850073,1.0965145701851146e-15,0.23884595334850092,2.8592519232781215e-16,ok,/home/elads/STAR/full_grid_solar_opacity/runs/T16104_rho4p11314em11/fac-opacity-cowan-state/starout.h5
16103.953962477231,5.910899064227969e-11,fac-opacity-cowan-state,T16104_rho5p9109em11,0.23884594815658583,1.5757811644383822e-15,0.23884594815658614,4.108976839949795e-16,ok,/home/elads/STAR/full_grid_solar_opacity/runs/T16104_rho5p9109em11/fac-opacity-cowan-state/starout.h5
16103.953962477231,8.4944224982638e-11,fac-opacity-cowan-state,T16104_rho8p49442em11,0.2388459429553261,2.2645123575549345e-15,0.23884594295532657,5.904895557783643e-16,ok,/home/elads/STAR/full_grid_solar_opacity/runs/T16104_rho8p49442em11/fac-opacity-cowan-state/starout.h5
16103.953962477231,1.2207146966133182e-10,fac-opacity-cowan-state,T16104_rho1p22071em10,0.23884593775868168,3.254284196232177e-15,0.2388459377586823,8.485797601700549e-16,ok,/home/elads/STAR/full_grid_solar_opacity/runs/T16104_rho1p22071em10/fac-opacity-cowan-state/starout.h5
16103.953962477231,1.7542621300415897e-10,fac-opacity-cowan-state,T16104_rho1p75426em10,0.2388459325619777,4.6766626233600805e-15,0.23884593256197856,1.2194749342323719e-15,ok,/home/elads/STAR/full_grid_solar_opacity/runs/T16104_rho1p75426em10/fac-opacity-cowan-state/starout.h5
16103.953962477231,2.52101136279913e-10,fac-opacity-cowan-state,T16104_rho2p52101em10,0.23884592736519097,6.7206743459569676e-15,0.23884592736519225,1.7524651291999776e-15,ok,/home/elads/STAR/full_grid_solar_opacity/runs/T16104_rho2p52101em10/fac-opacity-cowan-state/starout.h5
16103.953962477231,3.6228897509242966e-10,fac-opacity-cowan-state,T16104_rho3p62289em10,0.23884592216828168,9.657990260089683e-15,0.23884592216828351,2.5183901955404875e-15,ok,/home/elads/STAR/full_grid_solar_opacity/runs/T16104_rho3p62289em10/fac-opacity-cowan-state/starout.h5
16103.953962477231,5.20637484663258e-10,fac-opacity-cowan-state,T16104_rho5p20637em10,0.23884591697119462,1.3879153150774834e-14,0.23884591697119734,3.619085562695797e-15,ok,/home/elads/STAR/full_grid_solar_opacity/runs/T16104_rho5p20637em10/fac-opacity-cowan-state/starout.h5
16103.953962477231,7.481966305138837e-10,fac-opacity-cowan-state,T16104_rho7p48197em10,0.23884591177383574,1.994582576666991e-14,0.23884591177383943,5.201002738876027e-15,ok,/home/elads/STAR/full_grid_solar_opacity/runs/T16104_rho7p48197em10/fac-opacity-cowan-state/starout.h5
16103.953962477231,1.0752168531898921e-09,fac-opacity-cowan-state,T16104_rho1p07522em09,0.23884590657618268,2.866638801320564e-14,0.23884590657618815,7.474909627583444e-15,ok,/home/elads/STAR/full_grid_solar_opacity/runs/T16104_rho1p07522em09/fac-opacity-cowan-state/starout.h5
16103.953962477231,1.5451703926941453e-09,fac-opacity-cowan-state,T16104_rho1p54517em09,0.23884590137796557,4.119962013578668e-14,0.2388459013779736,1.0742964442558383e-14,ok,/home/elads/STAR/full_grid_solar_opacity/runs/T16104_rho1p54517em09/fac-opacity-cowan-state/starout.h5
16103.953962477231,2.220530245015531e-09,fac-opacity-cowan-state,T16104_rho2p22053em09,0.23884589617820418,5.920757696250258e-14,0.2388458961782157,1.5438578749551246e-14,ok,/home/elads/STAR/full_grid_solar_opacity/runs/T16104_rho2p22053em09/fac-opacity-cowan-state/starout.h5
16103.953962477231,3.1910749729235452e-09,fac-opacity-cowan-state,T16104_rho3p19107em09,0.2317891940566915,8.520160240552415e-14,0.2317891940567079,2.2205408094824884e-14,ok,/home/elads/STAR/full_grid_solar_opacity/runs/T16104_rho3p19107em09/fac-opacity-cowan-state/starout.h5
16103.953962477231,4.585823366142813e-09,fac-opacity-cowan-state,T16104_rho4p58582em09,0.2317891890090592,1.2227395367363497e-13,0.23178918900908277,3.188304226651196e-14,ok,/home/elads/STAR/full_grid_solar_opacity/runs/T16104_rho4p58582em09/fac-opacity-cowan-state/starout.h5
16103.953962477231,6.590185477903269e-09,fac-opacity-cowan-state,T16104_rho6p59019em09,0.23178918395936474,1.7573318283733339e-13,0.2317891839593988,4.582112391907435e-14,ok,/home/elads/STAR/full_grid_solar_opacity/runs/T16104_rho6p59019em09/fac-opacity-cowan-state/starout.h5
16103.953962477231,9.470610000772238e-09,fac-opacity-cowan-state,T16104_rho9p47061em09,0.2317891789073634,2.5245512843988847e-13,0.2317891789074121,6.583617650945178e-14,ok,/home/elads/STAR/full_grid_solar_opacity/runs/T16104_rho9p47061em09/fac-opacity-cowan-state/starout.h5
16103.953962477231,1.3610004466105506e-08,fac-opacity-cowan-state,T16104_rho1p361em08,0.23178917385092312,3.6290112146985284e-13,0.2317891738509934,9.463185453611336e-14,ok,/home/elads/STAR/full_grid_solar_opacity/runs/T16104_rho1p361em08/fac-opacity-cowan-state/starout.h5
16103.953962477231,1.9558636830395073e-08,fac-opacity-cowan-state,T16104_rho1p95586em08,0.23178916879181755,5.21516679316892e-13,0.231789168791918,1.359962642952063e-13,ok,/home/elads/STAR/full_grid_solar_opacity/runs/T16104_rho1p95586em08/fac-opacity-cowan-state/starout.h5
16103.953962477231,2.810728502080722e-08,fac-opacity-cowan-state,T16104_rho2p81073em08,0.23178916372703448,7.496736141015838e-13,0.2317891637271787,1.9546837152296353e-13,ok,/home/elads/STAR/full_grid_solar_opacity/runs/T16104_rho2p81073em08/fac-opacity-cowan-state/starout.h5
16103.953962477231,4.039235853150913e-08,fac-opacity-cowan-state,T16104_rho4p03924em08,0.23178915865551158,1.0769955683199067e-12,0.23178915865571922,2.808368431808659e-13,ok,/home/elads/STAR/full_grid_solar_opacity/runs/T16104_rho4p03924em08/fac-opacity-cowan-state/starout.h5
16103.953962477231,5.804696634805446e-08,fac-opacity-cowan-state,T16104_rho5p8047em08,0.2317891535767946,1.5476762458061264e-12,0.23178915357709312,4.0354424924090376e-13,ok,/home/elads/STAR/full_grid_solar_opacity/runs/T16104_rho5p8047em08/fac-opacity-cowan-state/starout.h5
16103.953962477231,8.341801332506338e-08,fac-opacity-cowan-state,T16104_rho8p3418em08,0.2317891484883802,2.2237824021909666e-12,0.2317891484888094,5.798533612131701e-13,ok,/home/elads/STAR/full_grid_solar_opacity/runs/T16104_rho8p3418em08/fac-opacity-cowan-state/starout.h5
16103.953962477231,1.1987818459583772e-07,fac-opacity-cowan-state,T16104_rho1p19878em07,0.23178914338907522,3.195577682768852e-12,0.23178914338969167,8.332030596238865e-13,ok,/home/elads/STAR/full_grid_solar_opacity/runs/T16104_rho1p19878em07/fac-opacity-cowan-state/starout.h5
16103.953962477231,1.7227429147699408e-07,fac-opacity-cowan-state,T16104_rho1p72274em07,0.23178913827785566,4.592036251095386e-12,0.23178913827874156,1.197322721910092e-12,ok,/home/elads/STAR/full_grid_solar_opacity/runs/T16104_rho1p72274em07/fac-opacity-cowan-state/starout.h5
16103.953962477231,2.4757157946593376e-07,fac-opacity-cowan-state,T16104_rho2p47572em07,0.2317891331514213,6.598420015905357e-12,0.23178913315269464,1.7204103940441544e-12,ok,/home/elads/STAR/full_grid_solar_opacity/runs/T16104_rho2p47572em07/fac-opacity-cowan-state/starout.h5
16103.953962477231,3.557796490339488e-07,fac-opacity-cowan-state,T16104_rho3p5578em07,0.23178912800838625,9.48212487232824e-12,0.2317891280102152,2.4720773883774595e-12,ok,/home/elads/STAR/full_grid_solar_opacity/runs/T16104_rho3p5578em07/fac-opacity-cowan-state/starout.h5
16103.953962477231,5.112830759482948e-07,fac-opacity-cowan-state,T16104_rho5p11283em07,0.23178912284349487,1.3623695672699327e-11,0.23178912284612224,3.5519819152040808e-12,ok,/home/elads/STAR/full_grid_solar_opacity/runs/T16104_rho5p11283em07/fac-opacity-cowan-state/starout.h5
16103.953962477231,7.347536163492159e-07,fac-opacity-cowan-state,T16104_rho7p34754em07,0.23178911765393573,1.9575565327908584e-11,0.23178911765771226,5.1034390129956385e-12,ok,/home/elads/STAR/full_grid_solar_opacity/runs/T16104_rho7p34754em07/fac-opacity-cowan-state/starout.h5
16103.953962477231,1.0558981944335787e-06,fac-opacity-cowan-state,T16104_rho1p0559em06,0.2317891124349598,2.8127208570092253e-11,0.23178911244038478,7.332743479369315e-12,ok,/home/elads/STAR/full_grid_solar_opacity/runs/T16104_rho1p0559em06/fac-opacity-cowan-state/starout.h5
16103.953962477231,1.517407974863493e-06,fac-opacity-cowan-state,T16104_rho1p51741em06,0.2317891114601734,4.0423412793379137e-11,0.23178911146797057,1.053781661421576e-11,ok,/home/elads/STAR/full_grid_solar_opacity/runs/T16104_rho1p51741em06/fac-opacity-cowan-state/starout.h5
16103.953962477231,2.1806334875063253e-06,fac-opacity-cowan-state,T16104_rho2p18063em06,0.23178911120903742,5.8100814541580625e-11,0.23178911122024323,1.514543322672344e-11,ok,/home/elads/STAR/full_grid_solar_opacity/runs/T16104_rho2p18063em06/fac-opacity-cowan-state/starout.h5
16103.953962477231,3.1337402238588983e-06,fac-opacity-cowan-state,T16104_rho3p13374em06,0.23178911091014162,8.34891851033347e-11,0.2317891109262432,2.1762368507928056e-11,ok,/home/elads/STAR/full_grid_solar_opacity/runs/T16104_rho3p13374em06/fac-opacity-cowan-state/starout.h5
16103.953962477231,4.503428864545845e-06,fac-opacity-cowan-state,T16104_rho4p50343em06,0.23178911055101334,1.1999058312082219e-10,0.2317891105741545,3.1274892372306445e-11,ok,/home/elads/STAR/full_grid_solar_opacity/runs/T16104_rho4p50343em06/fac-opacity-cowan-state/starout.h5
16103.953962477231,6.471778159406801e-06,fac-opacity-cowan-state,T16104_rho6p47178em06,0.23178911012262873,1.7253601744333389e-10,0.23178911015590065,4.4966378627483985e-11,ok,/home/elads/STAR/full_grid_solar_opacity/runs/T16104_rho6p47178em06/fac-opacity-cowan-state/starout.h5
16103.953962477231,9.300449458481393e-06,fac-opacity-cowan-state,T16104_rho9p30045em06,0.2317891096071008,2.4799548032406393e-10,0.2317891096549207,6.46265280109556e-11,ok,/home/elads/STAR/full_grid_solar_opacity/runs/T16104_rho9p30045em06/fac-opacity-cowan-state/starout.h5
16103.953962477231,1.3365470508911143e-05,fac-opacity-cowan-state,T16104_rho1p33655em05,0.23178910902687708,3.6589389796986755e-10,0.231789109098307,9.62572913033328e-11,ok,/home/elads/STAR/full_grid_solar_opacity/runs/T16104_rho1p33655em05/fac-opacity-cowan-state/starout.h5
16103.953962477231,1.920722248123928e-05,fac-opacity-cowan-state,T16104_rho1p92072em05,0.2317891082874738,5.255688000581226e-10,0.23178910839007894,1.3826695766293346e-10,ok,/home/elads/STAR/full_grid_solar_opacity/runs/T16104_rho1p92072em05/fac-opacity-cowan-state/starout.h5
16103.953962477231,2.760227522090268e-05,fac-opacity-cowan-state,T16104_rho2p76023em05,0.2317891074755445,7.555399283984008e-10,0.23178910762304863,1.987725497752532e-10,ok,/home/elads/STAR/full_grid_solar_opacity/runs/T16104_rho2p76023em05/fac-opacity-cowan-state/starout.h5
16103.953962477231,3.966662010161191e-05,fac-opacity-cowan-state,T16104_rho3p96666em05,0.23178910641224926,1.0856607311859323e-09,0.2317891066242049,2.856180658488229e-10,ok,/home/elads/STAR/full_grid_solar_opacity/runs/T16104_rho3p96666em05/fac-opacity-cowan-state/starout.h5
16103.953962477231,5.7004023678963655e-05,fac-opacity-cowan-state,T16104_rho5p7004em05,0.2317891051851395,1.558936270673052e-09,0.23178910548936718,4.0998937188649425e-10,ok,/home/elads/STAR/full_grid_solar_opacity/runs/T16104_rho5p7004em05/fac-opacity-cowan-state/starout.h5
16103.953962477231,8.191922344953684e-05,fac-opacity-cowan-state,T16104_rho8p19192em05,0.23178910617951753,2.2400997189257386e-09,0.23178910661659374,5.890214072819062e-10,ok,/home/elads/STAR/full_grid_solar_opacity/runs/T16104_rho8p19192em05/fac-opacity-cowan-state/starout.h5
16103.953962477231,0.00011772430676769293,fac-opacity-cowan-state,T16104_rho0p000117724,0.23178910471237268,3.221319316389106e-09,0.23178910534111888,8.472044117671317e-10,ok,/home/elads/STAR/full_grid_solar_opacity/runs/T16104_rho0p000117724/fac-opacity-cowan-state/starout.h5
16103.953962477231,0.00016917900122028344,fac-opacity-cowan-state,T16104_rho0p000169179,0.23178910153766294,4.625757002854824e-09,0.2317891024400666,1.2159820850382063e-09,ok,/home/elads/STAR/full_grid_solar_opacity/runs/T16104_rho0p000169179/fac-opacity-cowan-state/starout.h5
16103.953962477231,0.0002431234061999784,fac-opacity-cowan-state,T16104_rho0p000243123,0.23178911098458574,6.640687987891913e-09,0.23178911227925275,1.7446202683585784e-09,ok,/home/elads/STAR/full_grid_solar_opacity/runs/T16104_rho0p000243123/fac-opacity-cowan-state/starout.h5
16103.953962477231,0.0003493872774749123,fac-opacity-cowan-state,T16104_rho0p000349387,0.2317891095242776,9.54370194837171e-09,0.231789111384688,2.5067573219588938e-09,ok,/home/elads/STAR/full_grid_solar_opacity/runs/T16104_rho0p000349387/fac-opacity-cowan-state/starout.h5
16103.953962477231,0.0005020967399614471,fac-opacity-cowan-state,T16104_rho0p000502097,0.23178910483820148,1.3711275751913003e-08,0.23178910751012347,3.599967891908042e-09,ok,/home/elads/STAR/full_grid_solar_opacity/runs/T16104_rho0p000502097/fac-opacity-cowan-state/starout.h5
16103.953962477231,0.0007215521357901021,fac-opacity-cowan-state,T16104_rho0p000721552,0.23178910525792654,1.9697856223629605e-08,0.23178910909491166,5.169307043879177e-09,ok,/home/elads/STAR/full_grid_solar_opacity/runs/T16104_rho0p000721552/fac-opacity-cowan-state/starout.h5
16103.953962477231,0.0010369266382873438,fac-opacity-cowan-state,T16104_rho0p00103693,0.23178910230567548,2.8297188604007726e-08,0.2317891078150969,7.421844119166942e-09,ok,/home/elads/STAR/full_grid_solar_opacity/runs/T16104_rho0p00103693/fac-opacity-cowan-state/starout.h5
16103.953962477231,0.0014901443705277455,fac-opacity-cowan-state,T16104_rho0p00149014,0.23178909756113633,4.064857486547172e-08,0.2317891054707796,1.0654237420091086e-08,ok,/home/elads/STAR/full_grid_solar_opacity/runs/T16104_rho0p00149014/fac-opacity-cowan-state/starout.h5
16103.953962477231,0.002141453563853953,fac-opacity-cowan-state,T16104_rho0p00214145,0.23178908736756945,5.8388256512544535e-08,0.23178909872131126,1.529183485842166e-08,ok,/home/elads/STAR/full_grid_solar_opacity/runs/T16104_rho0p00214145/fac-opacity-cowan-state/starout.h5
16103.953962477231,0.003077435620898055,fac-opacity-cowan-state,T16104_rho0p00307744,0.2317890831854477,8.386449282922033e-08,0.23178909947992302,2.1943743999194477e-08,ok,/home/elads/STAR/full_grid_solar_opacity/runs/T16104_rho0p00307744/fac-opacity-cowan-state/starout.h5
16103.953962477231,0.004422514763163053,fac-opacity-cowan-state,T16104_rho0p00442251,0.2317890714329487,1.2044997676692435e-07,0.2317890948135812,3.148260818680647e-08,ok,/home/elads/STAR/full_grid_solar_opacity/runs/T16104_rho0p00442251/fac-opacity-cowan-state/starout.h5
16103.953962477231,0.006355498291362301,fac-opacity-cowan-state,T16104_rho0p0063555,0.23178905763960303,1.7298854349716413e-07,0.23178909118116914,4.515799461754367e-08,ok,/home/elads/STAR/full_grid_solar_opacity/runs/T16104_rho0p0063555/fac-opacity-cowan-state/starout.h5
16103.953962477231,0.009133346228248624,fac-opacity-cowan-state,T16104_rho0p00913335,0.2317890328994492,2.484330020723186e-07,0.23178908100646753,6.475743133571287e-08,ok,/home/elads/STAR/full_grid_solar_opacity/runs/T16104_rho0p00913335/fac-opacity-cowan-state/starout.h5
16103.953962477231,0.01312533014735226,fac-opacity-cowan-state,T16104_rho0p0131253,0.2317890099083792,3.5675514072903647e-07,0.23178907888552427,9.283429863771526e-08,ok,/home/elads/STAR/full_grid_solar_opacity/runs/T16104_rho0p0131253/fac-opacity-cowan-state/starout.h5
16103.953962477231,0.018862122071335155,fac-opacity-cowan-state,T16104_rho0p0188621,0.23178898836198283,5.122527175613023e-07,0.23178908722534253,1.3303126380228493e-07,ok,/home/elads/STAR/full_grid_solar_opacity/runs/T16104_rho0p0188621/fac-opacity-cowan-state/starout.h5
16103.953962477231,0.02710633904364831,fac-opacity-cowan-state,T16104_rho0p0271063,0.23178896694747622,7.354786367226121e-07,0.23178910859335836,1.9055860630870524e-07,ok,/home/elads/STAR/full_grid_solar_opacity/runs/T16104_rho0p0271063/fac-opacity-cowan-state/starout.h5
16103.953962477231,0.038953921174427183,fac-opacity-cowan-state,T16104_rho0p0389539,0.23178894060758137,1.055855718324295e-06,0.23178914345579518,2.7282948468016245e-07,ok,/home/elads/STAR/full_grid_solar_opacity/runs/T16104_rho0p0389539/fac-opacity-cowan-state/starout.h5
16103.953962477231,0.0559798197912329,fac-opacity-cowan-state,T16104_rho0p0559798,0.23178888231261865,1.5154441492595505e-06,0.23178917259888512,3.903363895714269e-07,ok,/home/elads/STAR/full_grid_solar_opacity/runs/T16104_rho0p0559798/fac-opacity-cowan-state/starout.h5
16103.953962477231,0.08044736266284185,fac-opacity-cowan-state,T16104_rho0p0804474,0.23178885909108424,2.1746955773633357e-06,0.23178927423881202,5.580780249819086e-07,ok,/home/elads/STAR/full_grid_solar_opacity/runs/T16104_rho0p0804474/fac-opacity-cowan-state/starout.h5
16103.953962477231,0.11560912813835741,fac-opacity-cowan-state,T16104_rho0p115609,0.23178881214376704,3.1203005991791726e-06,0.2317894055061125,7.973885964383315e-07,ok,/home/elads/STAR/full_grid_solar_opacity/runs/T16104_rho0p115609/fac-opacity-cowan-state/starout.h5
16103.953962477231,0.1661393247274789,fac-opacity-cowan-state,T16104_rho0p166139,0.23178876858597733,4.4762914855941235e-06,0.23178961601025497,1.138393665325442e-06,ok,/home/elads/STAR/full_grid_solar_opacity/runs/T16104_rho0p166139/fac-opacity-cowan-state/starout.h5
16103.953962477231,0.23875515424585794,fac-opacity-cowan-state,T16104_rho0p238755,0.23178871424719635,6.42061391352821e-06,0.23178992362532894,1.6239320317198493e-06,ok,/home/elads/STAR/full_grid_solar_opacity/runs/T16104_rho0p238755/fac-opacity-cowan-state/starout.h5
16103.953962477231,0.34310975906798746,fac-opacity-cowan-state,T16104_rho0p34311,0.23178854852075512,9.210377777110606e-06,0.2317902736392201,2.315263568367461e-06,ok,/home/elads/STAR/full_grid_solar_opacity/runs/T16104_rho0p34311/fac-opacity-cowan-state/starout.h5
16103.953962477231,0.49307545690287347,fac-opacity-cowan-state,T16104_rho0p493075,0.23178836018877313,1.321352533219514e-05,0.23179081981530272,3.298952342552587e-06,ok,/home/elads/STAR/full_grid_solar_opacity/runs/T16104_rho0p493075/fac-opacity-cowan-state/starout.h5
16103.953962477231,0.7085878491488851,fac-opacity-cowan-state,T16104_rho0p708588,0.2317880792829547,1.8959839428772734e-05,0.23179158473590103,4.698013726608737e-06,ok,/home/elads/STAR/full_grid_solar_opacity/runs/T16104_rho0p708588/fac-opacity-cowan-state/starout.h5
16103.953962477231,1.0182959482819007,fac-opacity-cowan-state,T16104_rho1p0183,0.23178767147626053,2.7211205463242985e-05,0.2317926655314446,6.686730346446607e-06,ok,/home/elads/STAR/full_grid_solar_opacity/runs/T16104_rho1p0183/fac-opacity-cowan-state/starout.h5
16103.953962477231,1.4633706173946401,fac-opacity-cowan-state,T16104_rho1p46337,0.23178708658720001,3.906239992707807e-05,0.23179419821933403,9.511258067614437e-06,ok,/home/elads/STAR/full_grid_solar_opacity/runs/T16104_rho1p46337/fac-opacity-cowan-state/starout.h5
16103.953962477231,2.1029775945461404,fac-opacity-cowan-state,T16104_rho2p10298,0.23178623592461217,5.608717076923731e-05,0.23179635747237848,1.3518656086982953e-05,ok,/home/elads/STAR/full_grid_solar_opacity/runs/T16104_rho2p10298/fac-opacity-cowan-state/starout.h5
16103.953962477231,3.0221426551783854,fac-opacity-cowan-state,T16104_rho3p02214,0.23178499907967787,8.054546656259786e-05,0.23179939418209944,1.9196446136481477e-05,ok,/home/elads/STAR/full_grid_solar_opacity/runs/T16104_rho3p02214/fac-opacity-cowan-state/starout.h5
16103.953962477231,4.343054463316713,fac-opacity-cowan-state,T16104_rho4p34305,0.23178323225381753,0.00011568450091868515,0.2318036872456753,2.7228133792347922e-05,ok,/home/elads/STAR/full_grid_solar_opacity/runs/T16104_rho4p34305/fac-opacity-cowan-state/starout.h5
16103.953962477231,6.241307649397467,fac-opacity-cowan-state,T16104_rho6p24131,0.23178067604935312,0.00016616789274209943,0.23180971102218362,3.856875261590964e-05,ok,/home/elads/STAR/full_grid_solar_opacity/runs/T16104_rho6p24131/fac-opacity-cowan-state/starout.h5
16103.953962477231,8.969245378672715,fac-opacity-cowan-state,T16104_rho8p96925,0.23177699591935405,0.00023869090312581462,0.23181815790188331,5.4547834280943576e-05,ok,/home/elads/STAR/full_grid_solar_opacity/runs/T16104_rho8p96925/fac-opacity-cowan-state/starout.h5
16103.953962477231,12.889504440725364,fac-opacity-cowan-state,T16104_rho12p8895,0.23177173932411688,0.0003428662755812165,0.23183000896058759,7.701029691714819e-05,ok,/home/elads/STAR/full_grid_solar_opacity/runs/T16104_rho12p8895/fac-opacity-cowan-state/starout.h5
16103.953962477231,18.52322215674118,fac-opacity-cowan-state,T16104_rho18p5232,0.23176420449193982,0.0004924882120022565,0.23184655677848126,0.0001085051472616923,ok,/home/elads/STAR/full_grid_solar_opacity/runs/T16104_rho18p5232/fac-opacity-cowan-state/starout.h5
16103.953962477231,26.61931346126126,fac-opacity-cowan-state,T16104_rho26p6193,0.2317533244711642,0.0007073417489852145,0.23186949863085207,0.00015253803999518319,ok,/home/elads/STAR/full_grid_solar_opacity/runs/T16104_rho26p6193/fac-opacity-cowan-state/starout.h5
16103.953962477231,38.254027466328665,fac-opacity-cowan-state,T16104_rho38p254,0.23173788002178483,0.0010157863493413255,0.23190143128889534,0.0002139060766722772,ok,/home/elads/STAR/full_grid_solar_opacity/runs/T16104_rho38p254/fac-opacity-cowan-state/starout.h5
16103.953962477231,54.97401800103719,fac-opacity-cowan-state,T16104_rho54p974,0.23171591925447285,0.0014584379576421387,0.2319456477127043,0.00029913724664153607,ok,/home/elads/STAR/full_grid_solar_opacity/runs/T16104_rho54p974/fac-opacity-cowan-state/starout.h5
16103.953962477231,79.0019471240894,fac-opacity-cowan-state,T16104_rho79p0019,0.23168451015232808,0.0020933878375948545,0.2320063882275692,0.0004170586481315412,ok,/home/elads/STAR/full_grid_solar_opacity/runs/T16104_rho79p0019/fac-opacity-cowan-state/starout.h5
16103.953962477231,113.53195339077567,fac-opacity-cowan-state,T16104_rho113p532,0.23163987229052005,0.0030035942941780904,0.23208962818369716,0.0005795258214906096,ok,/home/elads/STAR/full_grid_solar_opacity/runs/T16104_rho113p532/fac-opacity-cowan-state/starout.h5
16103.953962477231,163.15426277379785,fac-opacity-cowan-state,T16104_rho163p154,0.23157659181728946,0.004307236919973734,0.23220313941530618,0.0008023364651335552,ok,/home/elads/STAR/full_grid_solar_opacity/runs/T16104_rho163p154/fac-opacity-cowan-state/starout.h5
16103.953962477231,234.46538763970608,fac-opacity-cowan-state,T16104_rho234p465,0.2314871708360847,0.006172160219900821,0.2323571231464775,0.0011063639328329153,ok,/home/elads/STAR/full_grid_solar_opacity/runs/T16104_rho234p465/fac-opacity-cowan-state/starout.h5
16103.953962477231,336.94503022121665,fac-opacity-cowan-state,T16104_rho336p945,0.2313613236849061,0.008835666019343085,0.23256485570804777,0.0015189170737353577,ok,/home/elads/STAR/full_grid_solar_opacity/runs/T16104_rho336p945/fac-opacity-cowan-state/starout.h5
16103.953962477231,484.21626123015125,fac-opacity-cowan-state,T16104_rho484p216,0.2311851626530833,0.012631423902176659,0.23284351427258007,0.0020753291608187727,ok,/home/elads/STAR/full_grid_solar_opacity/runs/T16104_rho484p216/fac-opacity-cowan-state/starout.h5
16103.953962477231,695.8564947100452,fac-opacity-cowan-state,T16104_rho695p856,0.23094069894690272,0.018024880897286516,0.23321560442346362,0.0028207520497921215,ok,/home/elads/STAR/full_grid_solar_opacity/runs/T16104_rho695p856/fac-opacity-cowan-state/starout.h5
16103.953962477231,1000.0,fac-opacity-cowan-state,T16104_rho1000,0.2306041133735467,0.02565816277385069,0.2337092632099812,0.0038119580608150937,ok,/home/elads/STAR/full_grid_solar_opacity/runs/T16104_rho1000/fac-opacity-cowan-state/starout.h5
17728.537649425103,1e-17,fac-opacity-cowan-state,T17728p5_rho1em17,0.23186737536699015,1.9073140908626704e-22,0.2318673753669901,4.848212488194483e-23,ok,/home/elads/STAR/full_grid_solar_opacity/runs/T17728p5_rho1em17/fac-opacity-cowan-state/starout.h5
17728.537649425103,1.4370779141993746e-17,fac-opacity-cowan-state,T17728p5_rho1p43708em17,0.23186737536698981,2.7368293732467797e-22,0.23186737536698981,6.956957642142158e-23,ok,/home/elads/STAR/full_grid_solar_opacity/runs/T17728p5_rho1p43708em17/fac-opacity-cowan-state/starout.h5
17728.537649425103,2.065192931479625e-17,fac-opacity-cowan-state,T17728p5_rho2p06519em17,0.2318673753669902,3.9289108222870157e-22,0.2318673753669902,9.987397152326837e-23,ok,/home/elads/STAR/full_grid_solar_opacity/runs/T17728p5_rho2p06519em17/fac-opacity-cowan-state/starout.h5
17728.537649425103,2.9678431503900313e-17,fac-opacity-cowan-state,T17728p5_rho2p96784em17,0.2318673753670633,5.642393476207223e-22,0.2318673753670633,1.4343267745417262e-22,ok,/home/elads/STAR/full_grid_solar_opacity/runs/T17728p5_rho2p96784em17/fac-opacity-cowan-state/starout.h5
17728.537649425103,4.2650218442334076e-17,fac-opacity-cowan-state,T17728p5_rho4p26502em17,0.23186737536706215,8.105316635188857e-22,0.23186737536706215,2.0604240312373047e-22,ok,/home/elads/STAR/full_grid_solar_opacity/runs/T17728p5_rho4p26502em17/fac-opacity-cowan-state/starout.h5
17728.537649425103,6.129168695925715e-17,fac-opacity-cowan-state,T17728p5_rho6p12917em17,0.23186737536706353,1.1646364049082403e-21,0.23186737536706353,2.960585678083222e-22,ok,/home/elads/STAR/full_grid_solar_opacity/runs/T17728p5_rho6p12917em17/fac-opacity-cowan-state/starout.h5
17728.537649425103,8.808092965317026e-17,fac-opacity-cowan-state,T17728p5_rho8p80809em17,0.23186737536706292,1.6736726213254952e-21,0.23186737536706292,4.254590757748323e-22,ok,/home/elads/STAR/full_grid_solar_opacity/runs/T17728p5_rho8p80809em17/fac-opacity-cowan-state/starout.h5
17728.537649425103,1.2657915866672028e-16,fac-opacity-cowan-state,T17728p5_rho1p26579em16,0.23186737536706278,2.405197013439618e-21,0.23186737536706278,6.114176059754145e-22,ok,/home/elads/STAR/full_grid_solar_opacity/runs/T17728p5_rho1p26579em16/fac-opacity-cowan-state/starout.h5
17728.537649425103,1.819041133178821e-16,fac-opacity-cowan-state,T17728p5_rho1p81904em16,0.23186737536706253,3.4564539373087154e-21,0.23186737536706253,8.786543498851128e-22,ok,/home/elads/STAR/full_grid_solar_opacity/runs/T17728p5_rho1p81904em16/fac-opacity-cowan-state/starout.h5
17728.537649425103,2.6141038375114865e-16,fac-opacity-cowan-state,T17728p5_rho2p6141em16,0.23186737536706267,4.967191055891775e-21,0.23186737536706267,1.2626941255067501e-21,ok,/home/elads/STAR/full_grid_solar_opacity/runs/T17728p5_rho2p6141em16/fac-opacity-cowan-state/starout.h5
17728.537649425103,3.7566708903116036e-16,fac-opacity-cowan-state,T17728p5_rho3p75667em16,0.23186737536706353,7.138236520478709e-21,0.23186737536706353,1.8145888359075836e-21,ok,/home/elads/STAR/full_grid_solar_opacity/runs/T17728p5_rho3p75667em16/fac-opacity-cowan-state/starout.h5
17728.537649425103,5.398628767382507e-16,fac-opacity-cowan-state,T17728p5_rho5p39863em16,0.23186737536706326,1.0258195430203749e-20,0.2318673753670633,2.607703892494278e-21,ok,/home/elads/STAR/full_grid_solar_opacity/runs/T17728p5_rho5p39863em16/fac-opacity-cowan-state/starout.h5
17728.537649425103,7.758250168566793e-16,fac-opacity-cowan-state,T17728p5_rho7p75825em16,0.2318673753670622,1.4741815440967202e-20,0.2318673753670622,3.747471020420261e-21,ok,/home/elads/STAR/full_grid_solar_opacity/runs/T17728p5_rho7p75825em16/fac-opacity-cowan-state/starout.h5
17728.537649425103,1.1149209970080914e-15,fac-opacity-cowan-state,T17728p5_rho1p11492em15,0.23186737536706267,2.1185120054130656e-20,0.23186737536706267,5.385403529064107e-21,ok,/home/elads/STAR/full_grid_solar_opacity/runs/T17728p5_rho1p11492em15/fac-opacity-cowan-state/starout.h5
17728.537649425103,1.6022283408774753e-15,fac-opacity-cowan-state,T17728p5_rho1p60223em15,0.23186737536706298,3.044463987439463e-20,0.23186737536706306,7.739237459107051e-21,ok,/home/elads/STAR/full_grid_solar_opacity/runs/T17728p5_rho1p60223em15/fac-opacity-cowan-state/starout.h5
17728.537649425103,2.3025269621793266e-15,fac-opacity-cowan-state,T17728p5_rho2p30253em15,0.23186737536706392,4.3751274003912283e-20,0.23186737536706392,1.1121875909082343e-20,ok,/home/elads/STAR/full_grid_solar_opacity/runs/T17728p5_rho2p30253em15/fac-opacity-cowan-state/starout.h5
17728.537649425103,3.308910644196489e-15,fac-opacity-cowan-state,T17728p5_rho3p30891em15,0.2318673753670475,6.287391578789048e-20,0.2318673753670475,1.5982983978312427e-20,ok,/home/elads/STAR/full_grid_solar_opacity/runs/T17728p5_rho3p30891em15/fac-opacity-cowan-state/starout.h5
17728.537649425103,4.755162406834019e-15,fac-opacity-cowan-state,T17728p5_rho4p75516em15,0.2318673753670636,9.035459550124476e-20,0.2318673753670636,2.2968763240818548e-20,ok,/home/elads/STAR/full_grid_solar_opacity/runs/T17728p5_rho4p75516em15/fac-opacity-cowan-state/starout.h5
17728.537649425103,6.8335388732923106e-15,fac-opacity-cowan-state,T17728p5_rho6p83354em15,0.23186737536633342,1.298464022723396e-19,0.23186737536633348,3.300785486317057e-20,ok,/home/elads/STAR/full_grid_solar_opacity/runs/T17728p5_rho6p83354em15/fac-opacity-cowan-state/starout.h5
17728.537649425103,9.820327790631256e-15,fac-opacity-cowan-state,T17728p5_rho9p82033em15,0.2318673753670626,1.8659908608776133e-19,0.2318673753670626,4.743478233131163e-20,ok,/home/elads/STAR/full_grid_solar_opacity/runs/T17728p5_rho9p82033em15/fac-opacity-cowan-state/starout.h5
17728.537649425103,1.4112576178114521e-14,fac-opacity-cowan-state,T17728p5_rho1p41126em14,0.23186737536704588,2.681569320735348e-19,0.23186737536704588,6.816735552439446e-20,ok,/home/elads/STAR/full_grid_solar_opacity/runs/T17728p5_rho1p41126em14/fac-opacity-cowan-state/starout.h5
17728.537649425103,2.0280871538024598e-14,fac-opacity-cowan-state,T17728p5_rho2p02809em14,0.23186737536706317,3.85361626674967e-19,0.23186737536706312,9.796160818148713e-20,ok,/home/elads/STAR/full_grid_solar_opacity/runs/T17728p5_rho2p02809em14/fac-opacity-cowan-state/starout.h5
17728.537649425103,2.914519256800997e-14,fac-opacity-cowan-state,T17728p5_rho2p91452em14,0.23186737536706326,5.537934611585263e-19,0.23186737536706326,1.4077816113963706e-19,ok,/home/elads/STAR/full_grid_solar_opacity/runs/T17728p5_rho2p91452em14/fac-opacity-cowan-state/starout.h5
17728.537649425103,4.188391254457488e-14,fac-opacity-cowan-state,T17728p5_rho4p18839em14,0.2318673753671239,7.958424401111605e-19,0.23186737536712396,2.0230871251319046e-19,ok,/home/elads/STAR/full_grid_solar_opacity/runs/T17728p5_rho4p18839em14/fac-opacity-cowan-state/starout.h5
17728.537649425103,6.019044567806669e-14,fac-opacity-cowan-state,T17728p5_rho6p01904em14,0.231867375367063,1.1436846406086032e-18,0.23186737536706306,2.907326496941266e-19,ok,/home/elads/STAR/full_grid_solar_opacity/runs/T17728p5_rho6p01904em14/fac-opacity-cowan-state/starout.h5
17728.537649425103,8.649836012976684e-14,fac-opacity-cowan-state,T17728p5_rho8p64984em14,0.23186737536704238,1.6435594961642378e-18,0.23186737536704238,4.1780437370102976e-19,ok,/home/elads/STAR/full_grid_solar_opacity/runs/T17728p5_rho8p64984em14/fac-opacity-cowan-state/starout.h5
17728.537649425103,1.2430488295695167e-13,fac-opacity-cowan-state,T17728p5_rho1p24305em13,0.23186737536704072,2.3619164678215904e-18,0.23186737536704066,6.004158112983946e-19,ok,/home/elads/STAR/full_grid_solar_opacity/runs/T17728p5_rho1p24305em13/fac-opacity-cowan-state/starout.h5
17728.537649425103,1.7863580192457348e-13,fac-opacity-cowan-state,T17728p5_rho1p78636em13,0.23186737536752036,3.3942485682151985e-18,0.23186737536752036,8.62841982819096e-19,ok,/home/elads/STAR/full_grid_solar_opacity/runs/T17728p5_rho1p78636em13/fac-opacity-cowan-state/starout.h5
17728.537649425103,2.567135656310987e-13,fac-opacity-cowan-state,T17728p5_rho2p56714em13,0.23186792102821213,4.877821551635999e-18,0.23186792102821213,1.2399768745960811e-18,ok,/home/elads/STAR/full_grid_solar_opacity/runs/T17728p5_rho2p56714em13/fac-opacity-cowan-state/starout.h5
17728.537649425103,3.6891739544382357e-13,fac-opacity-cowan-state,T17728p5_rho3p68917em13,0.2318679159835194,7.00979251202813e-18,0.2318679159835194,1.781939216996597e-18,ok,/home/elads/STAR/full_grid_solar_opacity/runs/T17728p5_rho3p68917em13/fac-opacity-cowan-state/starout.h5
17728.537649425103,5.301630411562758e-13,fac-opacity-cowan-state,T17728p5_rho5p30163em13,0.23186791093883133,1.0073598764804659e-17,0.23186791093883133,2.560780856268261e-18,ok,/home/elads/STAR/full_grid_solar_opacity/runs/T17728p5_rho5p30163em13/fac-opacity-cowan-state/starout.h5
17728.537649425103,7.618855973704612e-13,fac-opacity-cowan-state,T17728p5_rho7p61886em13,0.23186790589414155,1.4476529473011665e-17,0.23186790589414155,3.68003767492402e-18,ok,/home/elads/STAR/full_grid_solar_opacity/runs/T17728p5_rho7p61886em13/fac-opacity-cowan-state/starout.h5
17728.537649425103,1.0948889651276868e-12,fac-opacity-cowan-state,T17728p5_rho1p09489em12,0.23186790084942818,2.0803897863929064e-17,0.23186790084942818,5.288500635919374e-18,ok,/home/elads/STAR/full_grid_solar_opacity/runs/T17728p5_rho1p09489em12/fac-opacity-cowan-state/starout.h5
17728.537649425103,1.5734407502856082e-12,fac-opacity-cowan-state,T17728p5_rho1p57344em12,0.2318678958047541,2.989685718943122e-17,0.2318678958047541,7.599997015508327e-18,ok,/home/elads/STAR/full_grid_solar_opacity/runs/T17728p5_rho1p57344em12/fac-opacity-cowan-state/starout.h5
17728.537649425103,2.26115695153675e-12,fac-opacity-cowan-state,T17728p5_rho2p26116em12,0.23186789076002182,4.2964232618948325e-17,0.23186789076002187,1.0921818993631919e-17,ok,/home/elads/STAR/full_grid_solar_opacity/runs/T17728p5_rho2p26116em12/fac-opacity-cowan-state/starout.h5
17728.537649425103,3.249458715591849e-12,fac-opacity-cowan-state,T17728p5_rho3p24946em12,0.23186788571528202,6.174324655752584e-17,0.23186788571528197,1.569558110762749e-17,ok,/home/elads/STAR/full_grid_solar_opacity/runs/T17728p5_rho3p24946em12/fac-opacity-cowan-state/starout.h5
17728.537649425103,4.669725353279713e-12,fac-opacity-cowan-state,T17728p5_rho4p66973em12,0.23186788067067937,8.873050952603083e-17,0.23186788067067943,2.2555939272731457e-17,ok,/home/elads/STAR/full_grid_solar_opacity/runs/T17728p5_rho4p66973em12/fac-opacity-cowan-state/starout.h5
17728.537649425103,6.710759170575148e-12,fac-opacity-cowan-state,T17728p5_rho6p71076em12,0.23186787562671027,1.2751401507495847e-16,0.23186787562671032,3.241498620528964e-17,ok,/home/elads/STAR/full_grid_solar_opacity/runs/T17728p5_rho6p71076em12/fac-opacity-cowan-state/starout.h5
17728.537649425103,9.64388379154446e-12,fac-opacity-cowan-state,T17728p5_rho9p64388em12,0.23186787058128316,1.8325030405290286e-16,0.23186787058128316,4.658354856211308e-17,ok,/home/elads/STAR/full_grid_solar_opacity/runs/T17728p5_rho9p64388em12/fac-opacity-cowan-state/starout.h5
17728.537649425103,1.3859012403933867e-11,fac-opacity-cowan-state,T17728p5_rho1p3859em11,0.23186786553559743,2.6335018713932416e-16,0.23186786553559743,6.694550067856187e-17,ok,/home/elads/STAR/full_grid_solar_opacity/runs/T17728p5_rho1p3859em11/fac-opacity-cowan-state/starout.h5
17728.537649425103,1.9916480638308542e-11,fac-opacity-cowan-state,T17728p5_rho1p99165em11,0.23186786049083938,3.784637056844971e-16,0.23186786049083943,9.620814701844076e-17,ok,/home/elads/STAR/full_grid_solar_opacity/runs/T17728p5_rho1p99165em11/fac-opacity-cowan-state/starout.h5
17728.537649425103,2.8621534453892672e-11,fac-opacity-cowan-state,T17728p5_rho2p86215em11,0.2318678554471591,5.438942614276386e-16,0.23186785544715915,1.382617028248465e-16,ok,/home/elads/STAR/full_grid_solar_opacity/runs/T17728p5_rho2p86215em11/fac-opacity-cowan-state/starout.h5
17728.537649425103,4.1131375034185614e-11,fac-opacity-cowan-state,T17728p5_rho4p11314em11,0.23186785040243124,7.816293821212219e-16,0.23186785040243132,1.9869553992232912e-16,ok,/home/elads/STAR/full_grid_solar_opacity/runs/T17728p5_rho4p11314em11/fac-opacity-cowan-state/starout.h5
17728.537649425103,5.910899064227969e-11,fac-opacity-cowan-state,T17728p5_rho5p9109em11,0.23186784535553565,1.123263730070387e-15,0.2318678453555359,2.8554122356496624e-16,ok,/home/elads/STAR/full_grid_solar_opacity/runs/T17728p5_rho5p9109em11/fac-opacity-cowan-state/starout.h5
17728.537649425103,8.4944224982638e-11,fac-opacity-cowan-state,T17728p5_rho8p49442em11,0.23186784031285793,1.6142104970618662e-15,0.23186784031285826,4.1034303254019747e-16,ok,/home/elads/STAR/full_grid_solar_opacity/runs/T17728p5_rho8p49442em11/fac-opacity-cowan-state/starout.h5
17728.537649425103,1.2207146966133182e-10,fac-opacity-cowan-state,T17728p5_rho1p22071em10,0.2318678352681177,2.319744566236055e-15,0.2318678352681181,5.896941421418628e-16,ok,/home/elads/STAR/full_grid_solar_opacity/runs/T17728p5_rho1p22071em10/fac-opacity-cowan-state/starout.h5
17728.537649425103,1.7542621300415897e-10,fac-opacity-cowan-state,T17728p5_rho1p75426em10,0.23186783022323784,3.333655609473924e-15,0.23186783022323842,8.474363563658817e-16,ok,/home/elads/STAR/full_grid_solar_opacity/runs/T17728p5_rho1p75426em10/fac-opacity-cowan-state/starout.h5
17728.537649425103,2.52101136279913e-10,fac-opacity-cowan-state,T17728p5_rho2p52101em10,0.23186782517834387,4.790700747926102e-15,0.23186782517834476,1.2178257167179125e-15,ok,/home/elads/STAR/full_grid_solar_opacity/runs/T17728p5_rho2p52101em10/fac-opacity-cowan-state/starout.h5
17728.537649425103,3.6228897509242966e-10,fac-opacity-cowan-state,T17728p5_rho3p62289em10,0.23186782013331386,6.884546315984507e-15,0.23186782013331508,1.7500931828024767e-15,ok,/home/elads/STAR/full_grid_solar_opacity/runs/T17728p5_rho3p62289em10/fac-opacity-cowan-state/starout.h5
17728.537649425103,5.20637484663258e-10,fac-opacity-cowan-state,T17728p5_rho5p20637em10,0.23186781508814194,9.893574628884582e-15,0.23186781508814366,2.5150043873576485e-15,ok,/home/elads/STAR/full_grid_solar_opacity/runs/T17728p5_rho5p20637em10/fac-opacity-cowan-state/starout.h5
17728.537649425103,7.481966305138837e-10,fac-opacity-cowan-state,T17728p5_rho7p48197em10,0.23186781004275847,1.42180904294623e-14,0.231867810042761,3.6143154729086484e-15,ok,/home/elads/STAR/full_grid_solar_opacity/runs/T17728p5_rho7p48197em10/fac-opacity-cowan-state/starout.h5
17728.537649425103,1.0752168531898921e-09,fac-opacity-cowan-state,T17728p5_rho1p07522em09,0.23186780499713486,2.043407223935494e-14,0.23186780499713863,5.194429805366077e-15,ok,/home/elads/STAR/full_grid_solar_opacity/runs/T17728p5_rho1p07522em09/fac-opacity-cowan-state/starout.h5
17728.537649425103,1.5451703926941453e-09,fac-opacity-cowan-state,T17728p5_rho1p54517em09,0.2318677999504889,2.936751381454983e-14,0.23186779995049428,7.465319142996462e-15,ok,/home/elads/STAR/full_grid_solar_opacity/runs/T17728p5_rho1p54517em09/fac-opacity-cowan-state/starout.h5
17728.537649425103,2.220530245015531e-09,fac-opacity-cowan-state,T17728p5_rho2p22053em09,0.23186779490427145,4.220371066189673e-14,0.23186779490427914,1.0728304072736418e-14,ok,/home/elads/STAR/full_grid_solar_opacity/runs/T17728p5_rho2p22053em09/fac-opacity-cowan-state/starout.h5
17728.537649425103,3.1910749729235452e-09,fac-opacity-cowan-state,T17728p5_rho3p19107em09,0.2243261722641422,6.095513033150576e-14,0.22432617226415347,1.546581781696523e-14,ok,/home/elads/STAR/full_grid_solar_opacity/runs/T17728p5_rho3p19107em09/fac-opacity-cowan-state/starout.h5
17728.537649425103,4.585823366142813e-09,fac-opacity-cowan-state,T17728p5_rho4p58582em09,0.22432616737960925,8.706483409193695e-14,0.22432616737962538,2.214100270933105e-14,ok,/home/elads/STAR/full_grid_solar_opacity/runs/T17728p5_rho4p58582em09/fac-opacity-cowan-state/starout.h5
17728.537649425103,6.590185477903269e-09,fac-opacity-cowan-state,T17728p5_rho6p59019em09,0.2243261624933482,1.254568298888057e-13,0.22432616249337117,3.18718321377554e-14,ok,/home/elads/STAR/full_grid_solar_opacity/runs/T17728p5_rho6p59019em09/fac-opacity-cowan-state/starout.h5
17728.537649425103,9.470610000772238e-09,fac-opacity-cowan-state,T17728p5_rho9p47061em09,0.22432615760520144,1.8020247088242259e-13,0.2243261576052345,4.578938981937582e-14,ok,/home/elads/STAR/full_grid_solar_opacity/runs/T17728p5_rho9p47061em09/fac-opacity-cowan-state/starout.h5
17728.537649425103,1.3610004466105506e-08,fac-opacity-cowan-state,T17728p5_rho1p361em08,0.22432615271364545,2.588642784741644e-13,0.22432615271369302,6.57885101113434e-14,ok,/home/elads/STAR/full_grid_solar_opacity/runs/T17728p5_rho1p361em08/fac-opacity-cowan-state/starout.h5
17728.537649425103,1.9558636830395073e-08,fac-opacity-cowan-state,T17728p5_rho1p95586em08,0.2243261478191669,3.7181247677437973e-13,0.22432614781923538,9.451404769639e-14,ok,/home/elads/STAR/full_grid_solar_opacity/runs/T17728p5_rho1p95586em08/fac-opacity-cowan-state/starout.h5
17728.537649425103,2.810728502080722e-08,fac-opacity-cowan-state,T17728p5_rho2p81073em08,0.22432614292029138,5.344075562356694e-13,0.22432614292038983,1.3583527088110822e-13,ok,/home/elads/STAR/full_grid_solar_opacity/runs/T17728p5_rho2p81073em08/fac-opacity-cowan-state/starout.h5
17728.537649425103,4.039235853150913e-08,fac-opacity-cowan-state,T17728p5_rho4p03924em08,0.22432613801662085,7.677353530476957e-13,0.22432613801676213,1.9516127340065543e-13,ok,/home/elads/STAR/full_grid_solar_opacity/runs/T17728p5_rho4p03924em08/fac-opacity-cowan-state/starout.h5
17728.537649425103,5.804696634805446e-08,fac-opacity-cowan-state,T17728p5_rho5p8047em08,0.2243261331052068,1.103267409001634e-12,0.22432613310540947,2.8043745614862813e-13,ok,/home/elads/STAR/full_grid_solar_opacity/runs/T17728p5_rho5p8047em08/fac-opacity-cowan-state/starout.h5
17728.537649425103,8.341801332506338e-08,fac-opacity-cowan-state,T17728p5_rho8p3418em08,0.22432612818654474,1.5851380326556441e-12,0.22432612818683634,4.029475913783194e-13,ok,/home/elads/STAR/full_grid_solar_opacity/runs/T17728p5_rho8p3418em08/fac-opacity-cowan-state/starout.h5
17728.537649425103,1.1987818459583772e-07,fac-opacity-cowan-state,T17728p5_rho1p19878em07,0.2243261232593462,2.2780870525947007e-12,0.22432612325976553,5.790400633212728e-13,ok,/home/elads/STAR/full_grid_solar_opacity/runs/T17728p5_rho1p19878em07/fac-opacity-cowan-state/starout.h5
17728.537649425103,1.7227429147699408e-07,fac-opacity-cowan-state,T17728p5_rho1p72274em07,0.22432611832056903,3.2734025330567004e-12,0.22432611832117086,8.320599537289205e-13,ok,/home/elads/STAR/full_grid_solar_opacity/runs/T17728p5_rho1p72274em07/fac-opacity-cowan-state/starout.h5
17728.537649425103,2.4757157946593376e-07,fac-opacity-cowan-state,T17728p5_rho2p47572em07,0.22432611337042097,4.7038493828949474e-12,0.22432611337128583,1.1956066283576021e-12,ok,/home/elads/STAR/full_grid_solar_opacity/runs/T17728p5_rho2p47572em07/fac-opacity-cowan-state/starout.h5
17728.537649425103,3.557796490339488e-07,fac-opacity-cowan-state,T17728p5_rho3p5578em07,0.22432610840596726,6.759047182674994e-12,0.2243261084072087,1.7179972955757031e-12,ok,/home/elads/STAR/full_grid_solar_opacity/runs/T17728p5_rho3p5578em07/fac-opacity-cowan-state/starout.h5
17728.537649425103,5.112830759482948e-07,fac-opacity-cowan-state,T17728p5_rho5p11283em07,0.22432610342247777,9.712209626273895e-12,0.22432610342426337,2.4685457898756126e-12,ok,/home/elads/STAR/full_grid_solar_opacity/runs/T17728p5_rho5p11283em07/fac-opacity-cowan-state/starout.h5
17728.537649425103,7.347536163492159e-07,fac-opacity-cowan-state,T17728p5_rho7p34754em07,0.22432609841892193,1.3954971971042242e-11,0.2243260984214884,3.5468909743239695e-12,ok,/home/elads/STAR/full_grid_solar_opacity/runs/T17728p5_rho7p34754em07/fac-opacity-cowan-state/starout.h5
17728.537649425103,1.0558981944335787e-06,fac-opacity-cowan-state,T17728p5_rho1p0559em06,0.22432609339182427,2.0052194499551692e-11,0.22432609339551127,5.096441564793155e-12,ok,/home/elads/STAR/full_grid_solar_opacity/runs/T17728p5_rho1p0559em06/fac-opacity-cowan-state/starout.h5
17728.537649425103,1.517407974863493e-06,fac-opacity-cowan-state,T17728p5_rho1p51741em06,0.22432608833475604,2.8817924124354117e-11,0.22432608834005432,7.32406550275888e-12,ok,/home/elads/STAR/full_grid_solar_opacity/runs/T17728p5_rho1p51741em06/fac-opacity-cowan-state/starout.h5
17728.537649425103,2.1806334875063253e-06,fac-opacity-cowan-state,T17728p5_rho2p18063em06,0.22432608324373604,4.14193270171473e-11,0.22432608325135006,1.0526226221923631e-11,ok,/home/elads/STAR/full_grid_solar_opacity/runs/T17728p5_rho2p18063em06/fac-opacity-cowan-state/starout.h5
17728.537649425103,3.1337402238588983e-06,fac-opacity-cowan-state,T17728p5_rho3p13374em06,0.22432607811345787,5.951945891885854e-11,0.2243260781244003,1.5125444138950992e-11,ok,/home/elads/STAR/full_grid_solar_opacity/runs/T17728p5_rho3p13374em06/fac-opacity-cowan-state/starout.h5
17728.537649425103,4.503428864545845e-06,fac-opacity-cowan-state,T17728p5_rho4p50343em06,0.2243260729315313,8.554144733300915e-11,0.22432607294725615,2.173709958843061e-11,ok,/home/elads/STAR/full_grid_solar_opacity/runs/T17728p5_rho4p50343em06/fac-opacity-cowan-state/starout.h5
17728.537649425103,6.471778159406801e-06,fac-opacity-cowan-state,T17728p5_rho6p47178em06,0.22432606769242594,1.2298709364359915e-10,0.22432606771503436,3.124986033321897e-11,ok,/home/elads/STAR/full_grid_solar_opacity/runs/T17728p5_rho6p47178em06/fac-opacity-cowan-state/starout.h5
17728.537649425103,9.300449458481393e-06,fac-opacity-cowan-state,T17728p5_rho9p30045em06,0.22432606238017927,1.7676955793528296e-10,0.22432606241267278,4.4911994086084076e-11,ok,/home/elads/STAR/full_grid_solar_opacity/runs/T17728p5_rho9p30045em06/fac-opacity-cowan-state/starout.h5
17728.537649425103,1.3365470508911143e-05,fac-opacity-cowan-state,T17728p5_rho1p33655em05,0.2243260570138146,2.5912851084858954e-10,0.22432605706194436,6.635205516510136e-11,ok,/home/elads/STAR/full_grid_solar_opacity/runs/T17728p5_rho1p33655em05/fac-opacity-cowan-state/starout.h5
17728.537649425103,1.920722248123928e-05,fac-opacity-cowan-state,T17728p5_rho1p92072em05,0.2243260515145187,3.7372367730241646e-10,0.22432605158398794,9.57551108775907e-11,ok,/home/elads/STAR/full_grid_solar_opacity/runs/T17728p5_rho1p92072em05/fac-opacity-cowan-state/starout.h5
17728.537649425103,2.760227522090268e-05,fac-opacity-cowan-state,T17728p5_rho2p76023em05,0.22432604595737685,5.372139877730312e-10,0.224326046057232,1.3763987305857625e-10,ok,/home/elads/STAR/full_grid_solar_opacity/runs/T17728p5_rho2p76023em05/fac-opacity-cowan-state/starout.h5
17728.537649425103,3.966662010161191e-05,fac-opacity-cowan-state,T17728p5_rho3p96666em05,0.2243260401850022,7.719526850800635e-10,0.22432604032848935,1.977842958176621e-10,ok,/home/elads/STAR/full_grid_solar_opacity/runs/T17728p5_rho3p96666em05/fac-opacity-cowan-state/starout.h5
17728.537649425103,5.7004023678963655e-05,fac-opacity-cowan-state,T17728p5_rho5p7004em05,0.2243260342511392,1.108564153104761e-09,0.22432603445711288,2.8393569772814837e-10,ok,/home/elads/STAR/full_grid_solar_opacity/runs/T17728p5_rho5p7004em05/fac-opacity-cowan-state/starout.h5
17728.537649425103,8.191922344953684e-05,fac-opacity-cowan-state,T17728p5_rho8p19192em05,0.22432603033863244,1.5929449316945665e-09,0.22432603063456158,4.079404802311446e-10,ok,/home/elads/STAR/full_grid_solar_opacity/runs/T17728p5_rho8p19192em05/fac-opacity-cowan-state/starout.h5
17728.537649425103,0.00011772430676769293,fac-opacity-cowan-state,T17728p5_rho0p000117724,0.2243260290271256,2.2914966245995453e-09,0.2243260294530517,5.870401360526577e-10,ok,/home/elads/STAR/full_grid_solar_opacity/runs/T17728p5_rho0p000117724/fac-opacity-cowan-state/starout.h5
17728.537649425103,0.00016917900122028344,fac-opacity-cowan-state,T17728p5_rho0p000169179,0.22432602554128137,3.2915422889722823e-09,0.22432602615287886,8.429497396589579e-10,ok,/home/elads/STAR/full_grid_solar_opacity/runs/T17728p5_rho0p000169179/fac-opacity-cowan-state/starout.h5
17728.537649425103,0.0002431234061999784,fac-opacity-cowan-state,T17728p5_rho0p000243123,0.22432602472408616,4.726860737284413e-09,0.22432602560198414,1.2100024481173883e-09,ok,/home/elads/STAR/full_grid_solar_opacity/runs/T17728p5_rho0p000243123/fac-opacity-cowan-state/starout.h5
17728.537649425103,0.0003493872774749123,fac-opacity-cowan-state,T17728p5_rho0p000349387,0.22432603355314892,6.7861665559911506e-09,0.22432603481273256,1.7361351942038386e-09,ok,/home/elads/STAR/full_grid_solar_opacity/runs/T17728p5_rho0p000349387/fac-opacity-cowan-state/starout.h5
17728.537649425103,0.0005020967399614471,fac-opacity-cowan-state,T17728p5_rho0p000502097,0.22432602959443304,9.751597018897332e-09,0.22432603140407606,2.4940971965654293e-09,ok,/home/elads/STAR/full_grid_solar_opacity/runs/T17728p5_rho0p000502097/fac-opacity-cowan-state/starout.h5
17728.537649425103,0.0007215521357901021,fac-opacity-cowan-state,T17728p5_rho0p000721552,0.22432603018425462,1.4009881871578297e-08,0.22432603278323104,3.581727577018089e-09,ok,/home/elads/STAR/full_grid_solar_opacity/runs/T17728p5_rho0p000721552/fac-opacity-cowan-state/starout.h5
17728.537649425103,0.0010369266382873438,fac-opacity-cowan-state,T17728p5_rho0p00103693,0.22432602783671188,2.012691541810061e-08,0.224326031568928,5.143069516069102e-09,ok,/home/elads/STAR/full_grid_solar_opacity/runs/T17728p5_rho0p00103693/fac-opacity-cowan-state/starout.h5
17728.537649425103,0.0014901443705277455,fac-opacity-cowan-state,T17728p5_rho0p00149014,0.2243260240860235,2.8913654094286313e-08,0.22432602944495936,7.384071043891471e-09,ok,/home/elads/STAR/full_grid_solar_opacity/runs/T17728p5_rho0p00149014/fac-opacity-cowan-state/starout.h5
17728.537649425103,0.002141453563853953,fac-opacity-cowan-state,T17728p5_rho0p00214145,0.2243260155548875,4.1534475239730027e-08,0.22432602324849246,1.0599962565740466e-08,ok,/home/elads/STAR/full_grid_solar_opacity/runs/T17728p5_rho0p00214145/fac-opacity-cowan-state/starout.h5
17728.537649425103,0.003077435620898055,fac-opacity-cowan-state,T17728p5_rho0p00307744,0.22432601253267226,5.966077114237031e-08,0.2243260235762292,1.5213729453770577e-08,ok,/home/elads/STAR/full_grid_solar_opacity/runs/T17728p5_rho0p00307744/fac-opacity-cowan-state/starout.h5
17728.537649425103,0.004422514763163053,fac-opacity-cowan-state,T17728p5_rho0p00442251,0.22432600307119072,8.569386741646064e-08,0.22432601892072987,2.1831815470973897e-08,ok,/home/elads/STAR/full_grid_solar_opacity/runs/T17728p5_rho0p00442251/fac-opacity-cowan-state/starout.h5
17728.537649425103,0.006355498291362301,fac-opacity-cowan-state,T17728p5_rho0p0063555,0.22432599166329195,1.2308185320378788e-07,0.22432601440613448,3.132261830075011e-08,ok,/home/elads/STAR/full_grid_solar_opacity/runs/T17728p5_rho0p0063555/fac-opacity-cowan-state/starout.h5
17728.537649425103,0.009133346228248624,fac-opacity-cowan-state,T17728p5_rho0p00913335,0.22432597152539258,1.7677401730273686e-07,0.22432600415266213,4.492905088659132e-08,ok,/home/elads/STAR/full_grid_solar_opacity/runs/T17728p5_rho0p00913335/fac-opacity-cowan-state/starout.h5
17728.537649425103,0.01312533014735226,fac-opacity-cowan-state,T17728p5_rho0p0131253,0.22432595273043227,2.5387433360684615e-07,0.2243259995264041,6.442888679000856e-08,ok,/home/elads/STAR/full_grid_solar_opacity/runs/T17728p5_rho0p0131253/fac-opacity-cowan-state/starout.h5
17728.537649425103,0.018862122071335155,fac-opacity-cowan-state,T17728p5_rho0p0188621,0.22432593572783296,3.645636337445924e-07,0.22432600282240706,9.235875404949729e-08,ok,/home/elads/STAR/full_grid_solar_opacity/runs/T17728p5_rho0p0188621/fac-opacity-cowan-state/starout.h5
17728.537649425103,0.02710633904364831,fac-opacity-cowan-state,T17728p5_rho0p0271063,0.22432591915343536,5.234804863858336e-07,0.2243260153190843,1.3234918269666418e-07,ok,/home/elads/STAR/full_grid_solar_opacity/runs/T17728p5_rho0p0271063/fac-opacity-cowan-state/starout.h5
17728.537649425103,0.038953921174427183,fac-opacity-cowan-state,T17728p5_rho0p0389539,0.22432590087889234,7.515730858777825e-07,0.22432603864957756,1.8956592410333805e-07,ok,/home/elads/STAR/full_grid_solar_opacity/runs/T17728p5_rho0p0389539/fac-opacity-cowan-state/starout.h5
17728.537649425103,0.0559798197912329,fac-opacity-cowan-state,T17728p5_rho0p0559798,0.22432585127030027,1.0788969720993656e-06,0.2243260485474218,2.7137615621218696e-07,ok,/home/elads/STAR/full_grid_solar_opacity/runs/T17728p5_rho0p0559798/fac-opacity-cowan-state/starout.h5
17728.537649425103,0.08044736266284185,fac-opacity-cowan-state,T17728p5_rho0p0804474,0.2243258267366473,1.548427550085199e-06,0.22432610902416944,3.882156935295059e-07,ok,/home/elads/STAR/full_grid_solar_opacity/runs/T17728p5_rho0p0804474/fac-opacity-cowan-state/starout.h5
17728.537649425103,0.11560912813835741,fac-opacity-cowan-state,T17728p5_rho0p115609,0.22432580054961374,2.221946285784471e-06,0.2243262042345286,5.55002751363738e-07,ok,/home/elads/STAR/full_grid_solar_opacity/runs/T17728p5_rho0p115609/fac-opacity-cowan-state/starout.h5
17728.537649425103,0.1661393247274789,fac-opacity-cowan-state,T17728p5_rho0p166139,0.2243257726188528,3.1880976005334213e-06,0.22432634959991735,7.929751190600186e-07,ok,/home/elads/STAR/full_grid_solar_opacity/runs/T17728p5_rho0p166139/fac-opacity-cowan-state/starout.h5
17728.537649425103,0.23875515424585794,fac-opacity-cowan-state,T17728p5_rho0p238755,0.22432573720677712,4.573639232028666e-06,0.22432656129516548,1.1321261328783684e-06,ok,/home/elads/STAR/full_grid_solar_opacity/runs/T17728p5_rho0p238755/fac-opacity-cowan-state/starout.h5
17728.537649425103,0.34310975906798746,fac-opacity-cowan-state,T17728p5_rho0p34311,0.22432561690651528,6.561946085685165e-06,0.22432679347830667,1.615562406065554e-06,ok,/home/elads/STAR/full_grid_solar_opacity/runs/T17728p5_rho0p34311/fac-opacity-cowan-state/starout.h5
17728.537649425103,0.49307545690287347,fac-opacity-cowan-state,T17728p5_rho0p493075,0.22432547949212941,9.415378054325159e-06,0.2243271585961892,2.304200023570404e-06,ok,/home/elads/STAR/full_grid_solar_opacity/runs/T17728p5_rho0p493075/fac-opacity-cowan-state/starout.h5
17728.537649425103,0.7085878491488851,fac-opacity-cowan-state,T17728p5_rho0p708588,0.22432527043612868,1.3511754228568767e-05,0.22432766589449307,3.2847999452817587e-06,ok,/home/elads/STAR/full_grid_solar_opacity/runs/T17728p5_rho0p708588/fac-opacity-cowan-state/starout.h5
17728.537649425103,1.0182959482819007,fac-opacity-cowan-state,T17728p5_rho1p0183,0.2243249694896726,1.9394310755621113e-05,0.22432838580988881,4.6804427966910035e-06,ok,/home/elads/STAR/full_grid_solar_opacity/runs/T17728p5_rho1p0183/fac-opacity-cowan-state/starout.h5
17728.537649425103,1.4633706173946401,fac-opacity-cowan-state,T17728p5_rho1p46337,0.22432453786570736,2.784371850392745e-05,0.22432940826263875,6.665337717690179e-06,ok,/home/elads/STAR/full_grid_solar_opacity/runs/T17728p5_rho1p46337/fac-opacity-cowan-state/starout.h5
17728.537649425103,2.1029775945461404,fac-opacity-cowan-state,T17728p5_rho2p10298,0.22432391209031305,3.998208363236505e-05,0.22433085215562903,9.48559321820071e-06,ok,/home/elads/STAR/full_grid_solar_opacity/runs/T17728p5_rho2p10298/fac-opacity-cowan-state/starout.h5
17728.537649425103,3.0221426551783854,fac-opacity-cowan-state,T17728p5_rho3p02214,0.22432299493323654,5.742100698447635e-05,0.22433287801748064,1.3487839642525256e-05,ok,/home/elads/STAR/full_grid_solar_opacity/runs/T17728p5_rho3p02214/fac-opacity-cowan-state/starout.h5
17728.537649425103,4.343054463316713,fac-opacity-cowan-state,T17728p5_rho4p34305,0.22432168218773774,8.24762319955576e-05,0.22433574545031787,1.9159415592381754e-05,ok,/home/elads/STAR/full_grid_solar_opacity/runs/T17728p5_rho4p34305/fac-opacity-cowan-state/starout.h5
17728.537649425103,6.241307649397467,fac-opacity-cowan-state,T17728p5_rho6p24131,0.22431978461055707,0.00011847367803485565,0.2243397772707069,2.718323354780465e-05,ok,/home/elads/STAR/full_grid_solar_opacity/runs/T17728p5_rho6p24131/fac-opacity-cowan-state/starout.h5
17728.537649425103,8.969245378672715,fac-opacity-cowan-state,T17728p5_rho8p96925,0.22431705574590408,0.00017018902014961048,0.22434544606617327,3.8513404036405754e-05,ok,/home/elads/STAR/full_grid_solar_opacity/runs/T17728p5_rho8p96925/fac-opacity-cowan-state/starout.h5
17728.537649425103,12.889504440725364,fac-opacity-cowan-state,T17728p5_rho12p8895,0.22431313164605726,0.00024447966396901234,0.22435339507777521,5.447878514857469e-05,ok,/home/elads/STAR/full_grid_solar_opacity/runs/T17728p5_rho12p8895/fac-opacity-cowan-state/starout.h5
17728.537649425103,18.52322215674118,fac-opacity-cowan-state,T17728p5_rho18p5232,0.22430746841563373,0.00035118759956279523,0.22436448681186097,7.69229325850498e-05,ok,/home/elads/STAR/full_grid_solar_opacity/runs/T17728p5_rho18p5232/fac-opacity-cowan-state/starout.h5
17728.537649425103,26.61931346126126,fac-opacity-cowan-state,T17728p5_rho26p6193,0.22429941294219274,0.0005044339245587018,0.22438002578348673,0.00010839315219199661,ok,/home/elads/STAR/full_grid_solar_opacity/runs/T17728p5_rho26p6193/fac-opacity-cowan-state/starout.h5
17728.537649425103,38.254027466328665,fac-opacity-cowan-state,T17728p5_rho38p254,0.22428789758512463,0.0007244648985707758,0.22440165893331812,0.00015239234554051566,ok,/home/elads/STAR/full_grid_solar_opacity/runs/T17728p5_rho38p254/fac-opacity-cowan-state/starout.h5
17728.537649425103,54.97401800103719,fac-opacity-cowan-state,T17728p5_rho54p974,0.22427148092465318,0.0010402906403950887,0.22443169454573023,0.00021371372797858942,ok,/home/elads/STAR/full_grid_solar_opacity/runs/T17728p5_rho54p974/fac-opacity-cowan-state/starout.h5
17728.537649425103,79.0019471240894,fac-opacity-cowan-state,T17728p5_rho79p0019,0.22424802039913358,0.0014934306709268334,0.22447314587808928,0.00029887801467094223,ok,/home/elads/STAR/full_grid_solar_opacity/runs/T17728p5_rho79p0019/fac-opacity-cowan-state/starout.h5
17728.537649425103,113.53195339077567,fac-opacity-cowan-state,T17728p5_rho113p532,0.22421457141721404,0.002143223439742866,0.22453012249833643,0.00041670022058181225,ok,/home/elads/STAR/full_grid_solar_opacity/runs/T17728p5_rho113p532/fac-opacity-cowan-state/starout.h5
17728.537649425103,163.15426277379785,fac-opacity-cowan-state,T17728p5_rho163p154,0.22416704367476262,0.00307430445185806,0.22460813130248705,0.0005790123705908402,ok,/home/elads/STAR/full_grid_solar_opacity/runs/T17728p5_rho163p154/fac-opacity-cowan-state/starout.h5
17728.537649425103,234.46538763970608,fac-opacity-cowan-state,T17728p5_rho234p465,0.22409970571744545,0.004407060256776322,0.22471441463775227,0.0008015699386735895,ok,/home/elads/STAR/full_grid_solar_opacity/runs/T17728p5_rho234p465/fac-opacity-cowan-state/starout.h5
17728.537649425103,336.94503022121665,fac-opacity-cowan-state,T17728p5_rho336p945,0.2240046354422973,0.006312077417953127,0.2248584598633347,0.0011051645751536667,ok,/home/elads/STAR/full_grid_solar_opacity/runs/T17728p5_rho336p945/fac-opacity-cowan-state/starout.h5
17728.537649425103,484.21626123015125,fac-opacity-cowan-state,T17728p5_rho484p216,0.22387099812371208,0.009029783577316482,0.22505259020853646,0.0015169509965484403,ok,/home/elads/STAR/full_grid_solar_opacity/runs/T17728p5_rho484p216/fac-opacity-cowan-state/starout.h5
17728.537649425103,695.8564947100452,fac-opacity-cowan-state,T17728p5_rho695p856,0.223684578730792,0.012896953666161053,0.22531308483895038,0.002071988746812584,ok,/home/elads/STAR/full_grid_solar_opacity/runs/T17728p5_rho695p856/fac-opacity-cowan-state/starout.h5
17728.537649425103,1000.0,fac-opacity-cowan-state,T17728p5_rho1000,0.2234261547221263,0.018380102624520972,0.22566032190252103,0.0028148763728212535,ok,/home/elads/STAR/full_grid_solar_opacity/runs/T17728p5_rho1000/fac-opacity-cowan-state/starout.h5
19517.011034644973,1e-17,fac-opacity-cowan-state,T19517_rho1em17,0.22468681023312798,1.359139677764657e-22,0.22468681023312792,3.3637127201320393e-23,ok,/home/elads/STAR/full_grid_solar_opacity/runs/T19517_rho1em17/fac-opacity-cowan-state/starout.h5
19517.011034644973,1.4370779141993746e-17,fac-opacity-cowan-state,T19517_rho1p43708em17,0.22468681023312798,1.9505901739375293e-22,0.22468681023312798,4.8276190124929805e-23,ok,/home/elads/STAR/full_grid_solar_opacity/runs/T19517_rho1p43708em17/fac-opacity-cowan-state/starout.h5
19517.011034644973,2.065192931479625e-17,fac-opacity-cowan-state,T19517_rho2p06519em17,0.22468681023312798,2.800552545600461e-22,0.224686810233128,6.931371119604382e-23,ok,/home/elads/STAR/full_grid_solar_opacity/runs/T19517_rho2p06519em17/fac-opacity-cowan-state/starout.h5
19517.011034644973,2.9678431503900313e-17,fac-opacity-cowan-state,T19517_rho2p96784em17,0.22468681023312914,4.0222457703316995e-22,0.22468681023312914,9.955170333344029e-23,ok,/home/elads/STAR/full_grid_solar_opacity/runs/T19517_rho2p96784em17/fac-opacity-cowan-state/starout.h5
19517.011034644973,4.2650218442334076e-17,fac-opacity-cowan-state,T19517_rho4p26502em17,0.22468681023312886,5.77823702319616e-22,0.22468681023312886,1.4301364859198962e-22,ok,/home/elads/STAR/full_grid_solar_opacity/runs/T19517_rho4p26502em17/fac-opacity-cowan-state/starout.h5
19517.011034644973,6.129168695925715e-17,fac-opacity-cowan-state,T19517_rho6p12917em17,0.22468681023312886,8.302763917372851e-22,0.22468681023312886,2.0549702001268547e-22,ok,/home/elads/STAR/full_grid_solar_opacity/runs/T19517_rho6p12917em17/fac-opacity-cowan-state/starout.h5
19517.011034644973,8.808092965317026e-17,fac-opacity-cowan-state,T19517_rho8p80809em17,0.22468681023312864,1.193171525756347e-21,0.22468681023312864,2.9531514962332446e-22,ok,/home/elads/STAR/full_grid_solar_opacity/runs/T19517_rho8p80809em17/fac-opacity-cowan-state/starout.h5
19517.011034644973,1.2657915866672028e-16,fac-opacity-cowan-state,T19517_rho1p26579em16,0.22468681023312886,1.7146799494154447e-21,0.2246868102331288,4.243907586952359e-22,ok,/home/elads/STAR/full_grid_solar_opacity/runs/T19517_rho1p26579em16/fac-opacity-cowan-state/starout.h5
19517.011034644973,1.819041133178821e-16,fac-opacity-cowan-state,T19517_rho1p81904em16,0.2246868102331283,2.46412785762041e-21,0.2246868102331283,6.098823876007727e-22,ok,/home/elads/STAR/full_grid_solar_opacity/runs/T19517_rho1p81904em16/fac-opacity-cowan-state/starout.h5
19517.011034644973,2.6141038375114865e-16,fac-opacity-cowan-state,T19517_rho2p6141em16,0.22468681023309048,3.5411423568609546e-21,0.22468681023309048,8.764481800801795e-22,ok,/home/elads/STAR/full_grid_solar_opacity/runs/T19517_rho2p6141em16/fac-opacity-cowan-state/starout.h5
19517.011034644973,3.7566708903116036e-16,fac-opacity-cowan-state,T19517_rho3p75667em16,0.2246868102331071,5.088895326771561e-21,0.2246868102331071,1.2595238042773607e-21,ok,/home/elads/STAR/full_grid_solar_opacity/runs/T19517_rho3p75667em16/fac-opacity-cowan-state/starout.h5
19517.011034644973,5.398628767382507e-16,fac-opacity-cowan-state,T19517_rho5p39863em16,0.22468681023310527,7.313135565490512e-21,0.22468681023310527,1.8100329893147777e-21,ok,/home/elads/STAR/full_grid_solar_opacity/runs/T19517_rho5p39863em16/fac-opacity-cowan-state/starout.h5
19517.011034644973,7.758250168566793e-16,fac-opacity-cowan-state,T19517_rho7p75825em16,0.22468681023310752,1.0509539956855094e-20,0.22468681023310746,2.601157066121995e-21,ok,/home/elads/STAR/full_grid_solar_opacity/runs/T19517_rho7p75825em16/fac-opacity-cowan-state/starout.h5
19517.011034644973,1.1149209970080914e-15,fac-opacity-cowan-state,T19517_rho1p11492em15,0.22468681023310608,1.5103018477312318e-20,0.22468681023310608,3.7380631282933955e-21,ok,/home/elads/STAR/full_grid_solar_opacity/runs/T19517_rho1p11492em15/fac-opacity-cowan-state/starout.h5
19517.011034644973,1.6022283408774753e-15,fac-opacity-cowan-state,T19517_rho1p60223em15,0.22468681023310674,2.1704199205800478e-20,0.22468681023310674,5.371884321544893e-21,ok,/home/elads/STAR/full_grid_solar_opacity/runs/T19517_rho1p60223em15/fac-opacity-cowan-state/starout.h5
19517.011034644973,2.3025269621793266e-15,fac-opacity-cowan-state,T19517_rho2p30253em15,0.22468681023310674,3.119060079148309e-20,0.22468681023310674,7.719810393985994e-21,ok,/home/elads/STAR/full_grid_solar_opacity/runs/T19517_rho2p30253em15/fac-opacity-cowan-state/starout.h5
19517.011034644973,3.308910644196489e-15,fac-opacity-cowan-state,T19517_rho3p30891em15,0.2246868102331065,4.482328386394622e-20,0.2246868102331065,1.1093959479421463e-20,ok,/home/elads/STAR/full_grid_solar_opacity/runs/T19517_rho3p30891em15/fac-opacity-cowan-state/starout.h5
19517.011034644973,4.755162406834019e-15,fac-opacity-cowan-state,T19517_rho4p75516em15,0.22468681023310322,6.441448608175599e-20,0.22468681023310322,1.594286830508119e-20,ok,/home/elads/STAR/full_grid_solar_opacity/runs/T19517_rho4p75516em15/fac-opacity-cowan-state/starout.h5
19517.011034644973,6.8335388732923106e-15,fac-opacity-cowan-state,T19517_rho6p83354em15,0.2246868102331068,9.256853131240447e-20,0.22468681023310674,2.291111881210543e-20,ok,/home/elads/STAR/full_grid_solar_opacity/runs/T19517_rho6p83354em15/fac-opacity-cowan-state/starout.h5
19517.011034644973,9.820327790631256e-15,fac-opacity-cowan-state,T19517_rho9p82033em15,0.22468681023322548,1.3302802209939157e-19,0.22468681023322548,3.2925022020680775e-20,ok,/home/elads/STAR/full_grid_solar_opacity/runs/T19517_rho9p82033em15/fac-opacity-cowan-state/starout.h5
19517.011034644973,1.4112576178114521e-14,fac-opacity-cowan-state,T19517_rho1p41126em14,0.22468681023310583,1.9117136196394277e-19,0.22468681023310583,4.73157566327327e-20,ok,/home/elads/STAR/full_grid_solar_opacity/runs/T19517_rho1p41126em14/fac-opacity-cowan-state/starout.h5
19517.011034644973,2.0280871538024598e-14,fac-opacity-cowan-state,T19517_rho2p02809em14,0.22468681023310616,2.7472771245901095e-19,0.22468681023310616,6.799632516045697e-20,ok,/home/elads/STAR/full_grid_solar_opacity/runs/T19517_rho2p02809em14/fac-opacity-cowan-state/starout.h5
19517.011034644973,2.914519256800997e-14,fac-opacity-cowan-state,T19517_rho2p91452em14,0.22468681023310616,3.948044490314953e-19,0.22468681023310622,9.771585356983819e-20,ok,/home/elads/STAR/full_grid_solar_opacity/runs/T19517_rho2p91452em14/fac-opacity-cowan-state/starout.h5
19517.011034644973,4.188391254457488e-14,fac-opacity-cowan-state,T19517_rho4p18839em14,0.22468681023310608,5.673636838241709e-19,0.22468681023310613,1.4042503700909514e-19,ok,/home/elads/STAR/full_grid_solar_opacity/runs/T19517_rho4p18839em14/fac-opacity-cowan-state/starout.h5
19517.011034644973,6.019044567806669e-14,fac-opacity-cowan-state,T19517_rho6p01904em14,0.2246868102331024,8.153441502435947e-19,0.2246868102331024,2.0180131612033212e-19,ok,/home/elads/STAR/full_grid_solar_opacity/runs/T19517_rho6p01904em14/fac-opacity-cowan-state/starout.h5
19517.011034644973,8.649836012976684e-14,fac-opacity-cowan-state,T19517_rho8p64984em14,0.22468681023310635,1.1717105308720588e-18,0.22468681023310635,2.9000360432267715e-19,ok,/home/elads/STAR/full_grid_solar_opacity/runs/T19517_rho8p64984em14/fac-opacity-cowan-state/starout.h5
19517.011034644973,1.2430488295695167e-13,fac-opacity-cowan-state,T19517_rho1p24305em13,0.2246868102331059,1.6838355106751354e-18,0.22468681023310585,4.1675685650451867e-19,ok,/home/elads/STAR/full_grid_solar_opacity/runs/T19517_rho1p24305em13/fac-opacity-cowan-state/starout.h5
19517.011034644973,1.7863580192457348e-13,fac-opacity-cowan-state,T19517_rho1p78636em13,0.224686810233098,2.419797276382272e-18,0.224686810233098,5.989107442320064e-19,ok,/home/elads/STAR/full_grid_solar_opacity/runs/T19517_rho1p78636em13/fac-opacity-cowan-state/starout.h5
19517.011034644973,2.567135656310987e-13,fac-opacity-cowan-state,T19517_rho2p56714em13,0.22468681023310616,3.477429430214025e-18,0.22468681023310616,8.606795389657359e-19,ok,/home/elads/STAR/full_grid_solar_opacity/runs/T19517_rho2p56714em13/fac-opacity-cowan-state/starout.h5
19517.011034644973,3.6891739544382357e-13,fac-opacity-cowan-state,T19517_rho3p68917em13,0.22468681023310488,4.997326748828835e-18,0.22468681023310488,1.2368611142566432e-18,ok,/home/elads/STAR/full_grid_solar_opacity/runs/T19517_rho3p68917em13/fac-opacity-cowan-state/starout.h5
19517.011034644973,5.301630411562758e-13,fac-opacity-cowan-state,T19517_rho5p30163em13,0.2246868102331052,7.181535887438446e-18,0.2246868102331052,1.7774629550954457e-18,ok,/home/elads/STAR/full_grid_solar_opacity/runs/T19517_rho5p30163em13/fac-opacity-cowan-state/starout.h5
19517.011034644973,7.618855973704612e-13,fac-opacity-cowan-state,T19517_rho7p61886em13,0.2246868102331041,1.0320415195332526e-17,0.2246868102331041,2.5543501132839175e-18,ok,/home/elads/STAR/full_grid_solar_opacity/runs/T19517_rho7p61886em13/fac-opacity-cowan-state/starout.h5
19517.011034644973,1.0948889651276868e-12,fac-opacity-cowan-state,T19517_rho1p09489em12,0.22468681023323916,1.4831236416556956e-17,0.22468681023323916,3.670799331837656e-18,ok,/home/elads/STAR/full_grid_solar_opacity/runs/T19517_rho1p09489em12/fac-opacity-cowan-state/starout.h5
19517.011034644973,1.5734407502856082e-12,fac-opacity-cowan-state,T19517_rho1p57344em12,0.22468681023310177,2.1313659149372397e-17,0.22468681023310177,5.2752291298275315e-18,ok,/home/elads/STAR/full_grid_solar_opacity/runs/T19517_rho1p57344em12/fac-opacity-cowan-state/starout.h5
19517.011034644973,2.26115695153675e-12,fac-opacity-cowan-state,T19517_rho2p26116em12,0.22468681023310044,3.0629454865010317e-17,0.22468681023310044,7.580931963738259e-18,ok,/home/elads/STAR/full_grid_solar_opacity/runs/T19517_rho2p26116em12/fac-opacity-cowan-state/starout.h5
19517.011034644973,3.249458715591849e-12,fac-opacity-cowan-state,T19517_rho3p24946em12,0.2246868102329444,4.401708470511123e-17,0.2246868102329444,1.0894432626948259e-17,ok,/home/elads/STAR/full_grid_solar_opacity/runs/T19517_rho3p24946em12/fac-opacity-cowan-state/starout.h5
19517.011034644973,4.669725353279713e-12,fac-opacity-cowan-state,T19517_rho4p66973em12,0.2246868102329425,6.325636522334562e-17,0.2246868102329425,1.565624354789831e-17,ok,/home/elads/STAR/full_grid_solar_opacity/runs/T19517_rho4p66973em12/fac-opacity-cowan-state/starout.h5
19517.011034644973,6.710759170575148e-12,fac-opacity-cowan-state,T19517_rho6p71076em12,0.2246868102330904,9.090512662523094e-17,0.2246868102330904,2.2499438632008153e-17,ok,/home/elads/STAR/full_grid_solar_opacity/runs/T19517_rho6p71076em12/fac-opacity-cowan-state/starout.h5
19517.011034644973,9.64388379154446e-12,fac-opacity-cowan-state,T19517_rho9p64388em12,0.22468681023308354,1.306393371671969e-16,0.22468681023308354,3.233383492713471e-17,ok,/home/elads/STAR/full_grid_solar_opacity/runs/T19517_rho9p64388em12/fac-opacity-cowan-state/starout.h5
19517.011034644973,1.3859012403933867e-11,fac-opacity-cowan-state,T19517_rho1p3859em11,0.22468681023307183,1.8774187335150433e-16,0.22468681023307183,4.646696441763395e-17,ok,/home/elads/STAR/full_grid_solar_opacity/runs/T19517_rho1p3859em11/fac-opacity-cowan-state/starout.h5
19517.011034644973,1.9916480638308542e-11,fac-opacity-cowan-state,T19517_rho1p99165em11,0.2246868102330572,2.6980466245478305e-16,0.22468681023305725,6.677785678462409e-17,ok,/home/elads/STAR/full_grid_solar_opacity/runs/T19517_rho1p99165em11/fac-opacity-cowan-state/starout.h5
19517.011034644973,2.8621534453892672e-11,fac-opacity-cowan-state,T19517_rho2p86215em11,0.22468681023297918,3.8773704506202153e-16,0.22468681023297923,9.596661339171914e-17,ok,/home/elads/STAR/full_grid_solar_opacity/runs/T19517_rho2p86215em11/fac-opacity-cowan-state/starout.h5
19517.011034644973,4.1131375034185614e-11,fac-opacity-cowan-state,T19517_rho4p11314em11,0.22468681023300272,5.57214137276498e-16,0.22468681023300285,1.3791289030723633e-16,ok,/home/elads/STAR/full_grid_solar_opacity/runs/T19517_rho4p11314em11/fac-opacity-cowan-state/starout.h5
19517.011034644973,5.910899064227969e-11,fac-opacity-cowan-state,T19517_rho5p9109em11,0.2246868102328262,8.007604720288184e-16,0.22468681023282638,1.9819160216942202e-16,ok,/home/elads/STAR/full_grid_solar_opacity/runs/T19517_rho5p9109em11/fac-opacity-cowan-state/starout.h5
19517.011034644973,8.4944224982638e-11,fac-opacity-cowan-state,T19517_rho8p49442em11,0.22468681023218456,1.1507500363768632e-15,0.22468681023218473,2.848154182580372e-16,ok,/home/elads/STAR/full_grid_solar_opacity/runs/T19517_rho8p49442em11/fac-opacity-cowan-state/starout.h5
19517.011034644973,1.2207146966133182e-10,fac-opacity-cowan-state,T19517_rho1p22071em10,0.22468681023279288,1.6537145535067318e-15,0.22468681023279316,4.0930105816883056e-16,ok,/home/elads/STAR/full_grid_solar_opacity/runs/T19517_rho1p22071em10/fac-opacity-cowan-state/starout.h5
19517.011034644973,1.7542621300415897e-10,fac-opacity-cowan-state,T19517_rho1p75426em10,0.22468681023265344,2.376517926038587e-15,0.22468681023265388,5.881975139687952e-16,ok,/home/elads/STAR/full_grid_solar_opacity/runs/T19517_rho1p75426em10/fac-opacity-cowan-state/starout.h5
19517.011034644973,2.52101136279913e-10,fac-opacity-cowan-state,T19517_rho2p52101em10,0.22468681023245604,3.415234145499266e-15,0.2246868102324566,8.452834166290684e-16,ok,/home/elads/STAR/full_grid_solar_opacity/runs/T19517_rho2p52101em10/fac-opacity-cowan-state/starout.h5
19517.011034644973,3.6228897509242966e-10,fac-opacity-cowan-state,T19517_rho3p62289em10,0.2246872431693961,4.907960816360191e-15,0.22468724316939706,1.2147383305456504e-15,ok,/home/elads/STAR/full_grid_solar_opacity/runs/T19517_rho3p62289em10/fac-opacity-cowan-state/starout.h5
19517.011034644973,5.20637484663258e-10,fac-opacity-cowan-state,T19517_rho5p20637em10,0.22468723828052534,7.0531043673305556e-15,0.2246872382805265,1.7456680369301355e-15,ok,/home/elads/STAR/full_grid_solar_opacity/runs/T19517_rho5p20637em10/fac-opacity-cowan-state/starout.h5
19517.011034644973,7.481966305138837e-10,fac-opacity-cowan-state,T19517_rho7p48197em10,0.22468723339147603,1.0136022537091856e-14,0.22468723339147786,2.508697340842869e-15,ok,/home/elads/STAR/full_grid_solar_opacity/runs/T19517_rho7p48197em10/fac-opacity-cowan-state/starout.h5
19517.011034644973,1.0752168531898921e-09,fac-opacity-cowan-state,T19517_rho1p07522em09,0.22468722850219167,1.4567171716358308e-14,0.22468722850219414,3.6054074428998724e-15,ok,/home/elads/STAR/full_grid_solar_opacity/runs/T19517_rho1p07522em09/fac-opacity-cowan-state/starout.h5
19517.011034644973,1.5451703926941453e-09,fac-opacity-cowan-state,T19517_rho1p54517em09,0.22468722361286703,2.0935387067795698e-14,0.2246872236128706,5.18153695972581e-15,ok,/home/elads/STAR/full_grid_solar_opacity/runs/T19517_rho1p54517em09/fac-opacity-cowan-state/starout.h5
19517.011034644973,2.220530245015531e-09,fac-opacity-cowan-state,T19517_rho2p22053em09,0.22468721872184602,3.0085953725687325e-14,0.2246872187218512,7.446303823631757e-15,ok,/home/elads/STAR/full_grid_solar_opacity/runs/T19517_rho2p22053em09/fac-opacity-cowan-state/starout.h5
19517.011034644973,3.1910749729235452e-09,fac-opacity-cowan-state,T19517_rho3p19107em09,0.21664190281993234,4.325317180185842e-14,0.21664190281994006,1.0703768728550805e-14,ok,/home/elads/STAR/full_grid_solar_opacity/runs/T19517_rho3p19107em09/fac-opacity-cowan-state/starout.h5
19517.011034644973,4.585823366142813e-09,fac-opacity-cowan-state,T19517_rho4p58582em09,0.21664189810529574,6.217343327480556e-14,0.2166418981053064,1.5384081519897347e-14,ok,/home/elads/STAR/full_grid_solar_opacity/runs/T19517_rho4p58582em09/fac-opacity-cowan-state/starout.h5
19517.011034644973,6.590185477903269e-09,fac-opacity-cowan-state,T19517_rho6p59019em09,0.21664189338712472,8.927022780201446e-14,0.2166418933871402,2.2096459877540412e-14,ok,/home/elads/STAR/full_grid_solar_opacity/runs/T19517_rho6p59019em09/fac-opacity-cowan-state/starout.h5
19517.011034644973,9.470610000772238e-09,fac-opacity-cowan-state,T19517_rho9p47061em09,0.2166418886673971,1.2832836919714308e-13,0.21664188866741949,3.1760875791249464e-14,ok,/home/elads/STAR/full_grid_solar_opacity/runs/T19517_rho9p47061em09/fac-opacity-cowan-state/starout.h5
19517.011034644973,1.3610004466105506e-08,fac-opacity-cowan-state,T19517_rho1p361em08,0.21664188394478068,1.8437066753494103e-13,0.21664188394481318,4.5636733392815645e-14,ok,/home/elads/STAR/full_grid_solar_opacity/runs/T19517_rho1p361em08/fac-opacity-cowan-state/starout.h5
19517.011034644973,1.9558636830395073e-08,fac-opacity-cowan-state,T19517_rho1p95586em08,0.21664187921976596,2.649742686463076e-13,0.2166418792198124,6.558711146868764e-14,ok,/home/elads/STAR/full_grid_solar_opacity/runs/T19517_rho1p95586em08/fac-opacity-cowan-state/starout.h5
19517.011034644973,2.810728502080722e-08,fac-opacity-cowan-state,T19517_rho2p81073em08,0.21664187449106592,3.8080641427477383e-13,0.21664187449113223,9.425604352663037e-14,ok,/home/elads/STAR/full_grid_solar_opacity/runs/T19517_rho2p81073em08/fac-opacity-cowan-state/starout.h5
19517.011034644973,4.039235853150913e-08,fac-opacity-cowan-state,T19517_rho4p03924em08,0.216641869757665,5.472312781936169e-13,0.21664186975776073,1.3544708754424223e-13,ok,/home/elads/STAR/full_grid_solar_opacity/runs/T19517_rho4p03924em08/fac-opacity-cowan-state/starout.h5
19517.011034644973,5.804696634805446e-08,fac-opacity-cowan-state,T19517_rho5p8047em08,0.21664186501916502,7.86362938345806e-13,0.21664186501930274,1.946336643872176e-13,ok,/home/elads/STAR/full_grid_solar_opacity/runs/T19517_rho5p8047em08/fac-opacity-cowan-state/starout.h5
19517.011034644973,8.341801332506338e-08,fac-opacity-cowan-state,T19517_rho8p3418em08,0.21664186027391985,1.1300039631011207e-12,0.21664186027411775,2.7968089447906796e-13,ok,/home/elads/STAR/full_grid_solar_opacity/runs/T19517_rho8p3418em08/fac-opacity-cowan-state/starout.h5
19517.011034644973,1.1987818459583772e-07,fac-opacity-cowan-state,T19517_rho1p19878em07,0.2166418555213147,1.6242594198697998e-12,0.21664185552159893,4.0194303265787345e-13,ok,/home/elads/STAR/full_grid_solar_opacity/runs/T19517_rho1p19878em07/fac-opacity-cowan-state/starout.h5
19517.011034644973,1.7227429147699408e-07,fac-opacity-cowan-state,T19517_rho1p72274em07,0.2166418507597927,2.3334941223217067e-12,0.21664185076020048,5.775231988217888e-13,ok,/home/elads/STAR/full_grid_solar_opacity/runs/T19517_rho1p72274em07/fac-opacity-cowan-state/starout.h5
19517.011034644973,2.4757157946593376e-07,fac-opacity-cowan-state,T19517_rho2p47572em07,0.2166418459878965,3.3535763161732577e-12,0.21664184598848288,8.299051096946964e-13,ok,/home/elads/STAR/full_grid_solar_opacity/runs/T19517_rho2p47572em07/fac-opacity-cowan-state/starout.h5
19517.011034644973,3.557796490339488e-07,fac-opacity-cowan-state,T19517_rho3p5578em07,0.216641841204443,4.818693256118985e-12,0.21664184120528604,1.192513918873536e-12,ok,/home/elads/STAR/full_grid_solar_opacity/runs/T19517_rho3p5578em07/fac-opacity-cowan-state/starout.h5
19517.011034644973,5.112830759482948e-07,fac-opacity-cowan-state,T19517_rho5p11283em07,0.21664183640560603,6.924228693108695e-12,0.2166418364068167,1.7135317406770938e-12,ok,/home/elads/STAR/full_grid_solar_opacity/runs/T19517_rho5p11283em07/fac-opacity-cowan-state/starout.h5
19517.011034644973,7.347536163492159e-07,fac-opacity-cowan-state,T19517_rho7p34754em07,0.21664183158958192,9.949236749555669e-12,0.21664183159132228,2.4621367104283427e-12,ok,/home/elads/STAR/full_grid_solar_opacity/runs/T19517_rho7p34754em07/fac-opacity-cowan-state/starout.h5
19517.011034644973,1.0558981944335787e-06,fac-opacity-cowan-state,T19517_rho1p0559em06,0.21664182675290078,1.4296683084099512e-11,0.21664182675540075,3.537868077950902e-12,ok,/home/elads/STAR/full_grid_solar_opacity/runs/T19517_rho1p0559em06/fac-opacity-cowan-state/starout.h5
19517.011034644973,1.517407974863493e-06,fac-opacity-cowan-state,T19517_rho1p51741em06,0.216641821891943,2.0546105540316337e-11,0.21664182189553655,5.0842610160977774e-12,ok,/home/elads/STAR/full_grid_solar_opacity/runs/T19517_rho1p51741em06/fac-opacity-cowan-state/starout.h5
19517.011034644973,2.1806334875063253e-06,fac-opacity-cowan-state,T19517_rho2p18063em06,0.21664181700268037,2.952990692862047e-11,0.21664181700784557,7.30701858956784e-12,ok,/home/elads/STAR/full_grid_solar_opacity/runs/T19517_rho2p18063em06/fac-opacity-cowan-state/starout.h5
19517.011034644973,3.1337402238588983e-06,fac-opacity-cowan-state,T19517_rho3p13374em06,0.21664181208011718,4.24347727964832e-11,0.2166418120875381,1.0499891920201626e-11,ok,/home/elads/STAR/full_grid_solar_opacity/runs/T19517_rho3p13374em06/fac-opacity-cowan-state/starout.h5
19517.011034644973,4.503428864545845e-06,fac-opacity-cowan-state,T19517_rho4p50343em06,0.216641807115346,6.098667173349933e-11,0.21664180712601094,1.508963117017498e-11,ok,/home/elads/STAR/full_grid_solar_opacity/runs/T19517_rho4p50343em06/fac-opacity-cowan-state/starout.h5
19517.011034644973,6.471778159406801e-06,fac-opacity-cowan-state,T19517_rho6p47178em06,0.21664180210251321,8.767479786736151e-11,0.2166418021178446,2.169147053468125e-11,ok,/home/elads/STAR/full_grid_solar_opacity/runs/T19517_rho6p47178em06/fac-opacity-cowan-state/starout.h5
19517.011034644973,9.300449458481393e-06,fac-opacity-cowan-state,T19517_rho9p30045em06,0.21664179702832112,1.2601186075148914e-10,0.2166417970503536,3.117426539746678e-11,ok,/home/elads/STAR/full_grid_solar_opacity/runs/T19517_rho9p30045em06/fac-opacity-cowan-state/starout.h5
19517.011034644973,1.3365470508911143e-05,fac-opacity-cowan-state,T19517_rho1p33655em05,0.21664179190920585,1.8101559120886877e-10,0.21664179194085534,4.477866235616254e-11,ok,/home/elads/STAR/full_grid_solar_opacity/runs/T19517_rho1p33655em05/fac-opacity-cowan-state/starout.h5
19517.011034644973,1.920722248123928e-05,fac-opacity-cowan-state,T19517_rho1p92072em05,0.21664178667890455,2.6583599805151346e-10,0.216641786725859,6.625963025584745e-11,ok,/home/elads/STAR/full_grid_solar_opacity/runs/T19517_rho1p92072em05/fac-opacity-cowan-state/starout.h5
19517.011034644973,2.760227522090268e-05,fac-opacity-cowan-state,T19517_rho2p76023em05,0.2166417813987251,3.821059019094145e-10,0.2166417814662175,9.523874329248753e-11,ok,/home/elads/STAR/full_grid_solar_opacity/runs/T19517_rho2p76023em05/fac-opacity-cowan-state/starout.h5
19517.011034644973,3.966662010161191e-05,fac-opacity-cowan-state,T19517_rho3p96666em05,0.21664177594296868,5.49076593754152e-10,0.21664177603994791,1.3684637984734925e-10,ok,/home/elads/STAR/full_grid_solar_opacity/runs/T19517_rho3p96666em05/fac-opacity-cowan-state/starout.h5
19517.011034644973,5.7004023678963655e-05,fac-opacity-cowan-state,T19517_rho5p7004em05,0.21664177035075877,7.885733304497339e-10,0.21664177048999356,1.9648843277338186e-10,ok,/home/elads/STAR/full_grid_solar_opacity/runs/T19517_rho5p7004em05/fac-opacity-cowan-state/starout.h5
19517.011034644973,8.191922344953684e-05,fac-opacity-cowan-state,T19517_rho8p19192em05,0.21664176459473955,1.1331506826213394e-09,0.21664176479478187,2.8230081921213133e-10,ok,/home/elads/STAR/full_grid_solar_opacity/runs/T19517_rho8p19192em05/fac-opacity-cowan-state/starout.h5
19517.011034644973,0.00011772430676769293,fac-opacity-cowan-state,T19517_rho0p000117724,0.21664176083524384,1.6295349139831172e-09,0.21664176112303044,4.0607180177394247e-10,ok,/home/elads/STAR/full_grid_solar_opacity/runs/T19517_rho0p000117724/fac-opacity-cowan-state/starout.h5
19517.011034644973,0.00016917900122028344,fac-opacity-cowan-state,T19517_rho0p000169179,0.2166417616226358,2.340966700555026e-09,0.21664176203596094,5.832080842036583e-10,ok,/home/elads/STAR/full_grid_solar_opacity/runs/T19517_rho0p000169179/fac-opacity-cowan-state/starout.h5
19517.011034644973,0.0002431234061999784,fac-opacity-cowan-state,T19517_rho0p000243123,0.21664174711689185,3.363635690473619e-09,0.21664174771068706,8.378174776829821e-10,ok,/home/elads/STAR/full_grid_solar_opacity/runs/T19517_rho0p000243123/fac-opacity-cowan-state/starout.h5
19517.011034644973,0.0003493872774749123,fac-opacity-cowan-state,T19517_rho0p000349387,0.21664175096388139,4.827972046479968e-09,0.2166417518155745,1.2017851277385278e-09,ok,/home/elads/STAR/full_grid_solar_opacity/runs/T19517_rho0p000349387/fac-opacity-cowan-state/starout.h5
19517.011034644973,0.0005020967399614471,fac-opacity-cowan-state,T19517_rho0p000502097,0.21664174291662244,6.937517679790782e-09,0.21664174414022364,1.7264440483339384e-09,ok,/home/elads/STAR/full_grid_solar_opacity/runs/T19517_rho0p000502097/fac-opacity-cowan-state/starout.h5
19517.011034644973,0.0007215521357901021,fac-opacity-cowan-state,T19517_rho0p000721552,0.2166417388919854,9.967326786654218e-09,0.2166417406494566,2.4795504500987583e-09,ok,/home/elads/STAR/full_grid_solar_opacity/runs/T19517_rho0p000721552/fac-opacity-cowan-state/starout.h5
19517.011034644973,0.0010369266382873438,fac-opacity-cowan-state,T19517_rho0p00103693,0.21664173234966566,1.4319884889201023e-08,0.21664173487371405,3.5608177511947162e-09,ok,/home/elads/STAR/full_grid_solar_opacity/runs/T19517_rho0p00103693/fac-opacity-cowan-state/starout.h5
19517.011034644973,0.0014901443705277455,fac-opacity-cowan-state,T19517_rho0p00149014,0.21664172463562326,2.057235380791679e-08,0.2166417282602208,5.113000408874471e-09,ok,/home/elads/STAR/full_grid_solar_opacity/runs/T19517_rho0p00149014/fac-opacity-cowan-state/starout.h5
19517.011034644973,0.002141453563853953,fac-opacity-cowan-state,T19517_rho0p00214145,0.21664171278194355,2.955372404970839e-08,0.21664171798635817,7.340862635467931e-09,ok,/home/elads/STAR/full_grid_solar_opacity/runs/T19517_rho0p00214145/fac-opacity-cowan-state/starout.h5
19517.011034644973,0.003077435620898055,fac-opacity-cowan-state,T19517_rho0p00307744,0.21664170644434436,4.245388418191572e-08,0.2166417139160646,1.0537809358485005e-08,ok,/home/elads/STAR/full_grid_solar_opacity/runs/T19517_rho0p00307744/fac-opacity-cowan-state/starout.h5
19517.011034644973,0.004422514763163053,fac-opacity-cowan-state,T19517_rho0p00442251,0.21664169875871553,6.098237017984355e-08,0.21664170948390934,1.5124607615231332e-08,ok,/home/elads/STAR/full_grid_solar_opacity/runs/T19517_rho0p00442251/fac-opacity-cowan-state/starout.h5
19517.011034644973,0.006355498291362301,fac-opacity-cowan-state,T19517_rho0p0063555,0.21664168960547972,8.75946657605086e-08,0.2166417049984362,2.170421663161435e-08,ok,/home/elads/STAR/full_grid_solar_opacity/runs/T19517_rho0p0063555/fac-opacity-cowan-state/starout.h5
19517.011034644973,0.009133346228248624,fac-opacity-cowan-state,T19517_rho0p00913335,0.21664167272333584,1.2581506892860156e-07,0.2166416948114252,3.1139855402997024e-08,ok,/home/elads/STAR/full_grid_solar_opacity/runs/T19517_rho0p00913335/fac-opacity-cowan-state/starout.h5
19517.011034644973,0.01312533014735226,fac-opacity-cowan-state,T19517_rho0p0131253,0.21664165784326775,1.8070216595969253e-07,0.21664168953134785,4.4666689063372e-08,ok,/home/elads/STAR/full_grid_solar_opacity/runs/T19517_rho0p0131253/fac-opacity-cowan-state/starout.h5
19517.011034644973,0.018862122071335155,fac-opacity-cowan-state,T19517_rho0p0188621,0.21664164415060289,2.5951136198086626e-07,0.21664168959785265,6.404978367610848e-08,ok,/home/elads/STAR/full_grid_solar_opacity/runs/T19517_rho0p0188621/fac-opacity-cowan-state/starout.h5
19517.011034644973,0.02710633904364831,fac-opacity-cowan-state,T19517_rho0p0271063,0.21664163141925072,3.726664124730271e-07,0.21664169658020263,9.18145999085522e-08,ok,/home/elads/STAR/full_grid_solar_opacity/runs/T19517_rho0p0271063/fac-opacity-cowan-state/starout.h5
19517.011034644973,0.038953921174427183,fac-opacity-cowan-state,T19517_rho0p0389539,0.2166416174560677,5.350966048434299e-07,0.21664171084356507,1.3155900687150951e-07,ok,/home/elads/STAR/full_grid_solar_opacity/runs/T19517_rho0p0389539/fac-opacity-cowan-state/starout.h5
19517.011034644973,0.0559798197912329,fac-opacity-cowan-state,T19517_rho0p0559798,0.21664157699785802,7.682079435921708e-07,0.21664171077656097,1.884154913538457e-07,ok,/home/elads/STAR/full_grid_solar_opacity/runs/T19517_rho0p0559798/fac-opacity-cowan-state/starout.h5
19517.011034644973,0.08044736266284185,fac-opacity-cowan-state,T19517_rho0p0804474,0.21664155861493736,1.1027080110894308e-06,0.21664175015714793,2.696996917235508e-07,ok,/home/elads/STAR/full_grid_solar_opacity/runs/T19517_rho0p0804474/fac-opacity-cowan-state/starout.h5
19517.011034644973,0.11560912813835741,fac-opacity-cowan-state,T19517_rho0p115609,0.2166415401223277,1.5825450085416436e-06,0.2166418141882185,3.857894198534071e-07,ok,/home/elads/STAR/full_grid_solar_opacity/runs/T19517_rho0p115609/fac-opacity-cowan-state/starout.h5
19517.011034644973,0.1661393247274789,fac-opacity-cowan-state,T19517_rho0p166139,0.2166415217400458,2.270945871770556e-06,0.21664191369120697,5.515482894169838e-07,ok,/home/elads/STAR/full_grid_solar_opacity/runs/T19517_rho0p166139/fac-opacity-cowan-state/starout.h5
19517.011034644973,0.23875515424585794,fac-opacity-cowan-state,T19517_rho0p238755,0.21664150027446236,3.258418407755796e-06,0.21664206050565873,7.880415495723323e-07,ok,/home/elads/STAR/full_grid_solar_opacity/runs/T19517_rho0p238755/fac-opacity-cowan-state/starout.h5
19517.011034644973,0.34310975906798746,fac-opacity-cowan-state,T19517_rho0p34311,0.2166413715686198,4.675610302796522e-06,0.21664217204339192,1.1254445570962916e-06,ok,/home/elads/STAR/full_grid_solar_opacity/runs/T19517_rho0p34311/fac-opacity-cowan-state/starout.h5
19517.011034644973,0.49307545690287347,fac-opacity-cowan-state,T19517_rho0p493075,0.21664126697395542,6.7097133177817574e-06,0.2166424103192844,1.6065786957248147e-06,ok,/home/elads/STAR/full_grid_solar_opacity/runs/T19517_rho0p493075/fac-opacity-cowan-state/starout.h5
19517.011034644973,0.7085878491488851,fac-opacity-cowan-state,T19517_rho0p708588,0.21664116108275128,9.63011449478465e-06,0.21664279367513353,2.2924215854890325e-06,ok,/home/elads/STAR/full_grid_solar_opacity/runs/T19517_rho0p708588/fac-opacity-cowan-state/starout.h5
19517.011034644973,1.0182959482819007,fac-opacity-cowan-state,T19517_rho1p0183,0.2166409419292669,1.382416952243156e-05,0.21664327248230242,3.269650170604534e-06,ok,/home/elads/STAR/full_grid_solar_opacity/runs/T19517_rho1p0183/fac-opacity-cowan-state/starout.h5
19517.011034644973,1.4633706173946401,fac-opacity-cowan-state,T19517_rho1p46337,0.21664062414559343,1.9848591151909352e-05,0.21664394999246955,4.661169633165789e-06,ok,/home/elads/STAR/full_grid_solar_opacity/runs/T19517_rho1p46337/fac-opacity-cowan-state/starout.h5
19517.011034644973,2.1029775945461404,fac-opacity-cowan-state,T19517_rho2p10298,0.21664015618485913,2.8503536237549923e-05,0.2166449004571432,6.640946420121286e-06,ok,/home/elads/STAR/full_grid_solar_opacity/runs/T19517_rho2p10298/fac-opacity-cowan-state/starout.h5
19517.011034644973,3.0221426551783854,fac-opacity-cowan-state,T19517_rho3p02214,0.21663947533854944,4.0938290309387525e-05,0.21664623933708255,9.454561865400563e-06,ok,/home/elads/STAR/full_grid_solar_opacity/runs/T19517_rho3p02214/fac-opacity-cowan-state/starout.h5
19517.011034644973,4.343054463316713,fac-opacity-cowan-state,T19517_rho4p34305,0.21663850172026766,5.8804280141661436e-05,0.216648138770926,1.3448114073454344e-05,ok,/home/elads/STAR/full_grid_solar_opacity/runs/T19517_rho4p34305/fac-opacity-cowan-state/starout.h5
19517.011034644973,6.241307649397467,fac-opacity-cowan-state,T19517_rho6p24131,0.2166371020914626,8.447358229171917e-05,0.21665082121149173,1.9108011664678464e-05,ok,/home/elads/STAR/full_grid_solar_opacity/runs/T19517_rho6p24131/fac-opacity-cowan-state/starout.h5
19517.011034644973,8.969245378672715,fac-opacity-cowan-state,T19517_rho8p96925,0.2166350651664106,0.00012135261086099265,0.21665457626024706,2.7115935793731673e-05,ok,/home/elads/STAR/full_grid_solar_opacity/runs/T19517_rho8p96925/fac-opacity-cowan-state/starout.h5
19517.011034644973,12.889504440725364,fac-opacity-cowan-state,T19517_rho12p8895,0.21663214299378958,0.00017433314716976163,0.2166598597592774,3.8424540699277334e-05,ok,/home/elads/STAR/full_grid_solar_opacity/runs/T19517_rho12p8895/fac-opacity-cowan-state/starout.h5
19517.011034644973,18.52322215674118,fac-opacity-cowan-state,T19517_rho18p5232,0.2166279580311443,0.00025043736724121964,0.21666728035407148,5.436052820365221e-05,ok,/home/elads/STAR/full_grid_solar_opacity/runs/T19517_rho18p5232/fac-opacity-cowan-state/starout.h5
19517.011034644973,26.61931346126126,fac-opacity-cowan-state,T19517_rho26p6193,0.21662191568404982,0.00035974218494963636,0.21667762130244553,7.676460022024854e-05,ok,/home/elads/STAR/full_grid_solar_opacity/runs/T19517_rho26p6193/fac-opacity-cowan-state/starout.h5
19517.011034644973,38.254027466328665,fac-opacity-cowan-state,T19517_rho38p254,0.21661332511991113,0.0005167008666459381,0.21669211060413957,0.0001081799616422202,ok,/home/elads/STAR/full_grid_solar_opacity/runs/T19517_rho38p254/fac-opacity-cowan-state/starout.h5
19517.011034644973,54.97401800103719,fac-opacity-cowan-state,T19517_rho54p974,0.21660107452776745,0.0007420303913213997,0.21671229898935881,0.00015210410927486037,ok,/home/elads/STAR/full_grid_solar_opacity/runs/T19517_rho54p974/fac-opacity-cowan-state/starout.h5
19517.011034644973,79.0019471240894,fac-opacity-cowan-state,T19517_rho79p0019,0.21658351527210512,0.0010653969332434648,0.21674021722811285,0.00021332165329975475,ok,/home/elads/STAR/full_grid_solar_opacity/runs/T19517_rho79p0019/fac-opacity-cowan-state/starout.h5
19517.011034644973,113.53195339077567,fac-opacity-cowan-state,T19517_rho113p532,0.21655849429134957,0.0015292311094344047,0.21677877438151902,0.0002983406208109355,ok,/home/elads/STAR/full_grid_solar_opacity/runs/T19517_rho113p532/fac-opacity-cowan-state/starout.h5
19517.011034644973,163.15426277379785,fac-opacity-cowan-state,T19517_rho163p154,0.2165228405720835,0.0021941104404758684,0.21683172788291646,0.00041595486379786983,ok,/home/elads/STAR/full_grid_solar_opacity/runs/T19517_rho163p154/fac-opacity-cowan-state/starout.h5
19517.011034644973,234.46538763970608,fac-opacity-cowan-state,T19517_rho234p465,0.2164722005391391,0.0031463198864021377,0.21690415287495934,0.0005779608625797179,ok,/home/elads/STAR/full_grid_solar_opacity/runs/T19517_rho234p465/fac-opacity-cowan-state/starout.h5
19517.011034644973,336.94503022121665,fac-opacity-cowan-state,T19517_rho336p945,0.21640050129673327,0.00450835537733527,0.217002722286853,0.0008000518418045116,ok,/home/elads/STAR/full_grid_solar_opacity/runs/T19517_rho336p945/fac-opacity-cowan-state/starout.h5
19517.011034644973,484.21626123015125,fac-opacity-cowan-state,T19517_rho484p216,0.21629936540874356,0.006453313091674264,0.21713615369224548,0.0011029067371959831,ok,/home/elads/STAR/full_grid_solar_opacity/runs/T19517_rho484p216/fac-opacity-cowan-state/starout.h5
19517.011034644973,695.8564947100452,fac-opacity-cowan-state,T19517_rho695p856,0.2161576686305179,0.009224335428975085,0.2173160443024311,0.001513485826685501,ok,/home/elads/STAR/full_grid_solar_opacity/runs/T19517_rho695p856/fac-opacity-cowan-state/starout.h5
19517.011034644973,1000.0,fac-opacity-cowan-state,T19517_rho1000,0.21596008507128955,0.013159959172296292,0.21755690056845906,0.0020664637867772754,ok,/home/elads/STAR/full_grid_solar_opacity/runs/T19517_rho1000/fac-opacity-cowan-state/starout.h5
21485.907481986058,1e-17,fac-opacity-cowan-state,T21485p9_rho1em17,0.2173261002524655,9.68636721154939e-23,0.2173261002524655,2.331117059174946e-23,ok,/home/elads/STAR/full_grid_solar_opacity/runs/T21485p9_rho1em17/fac-opacity-cowan-state/starout.h5
21485.907481986058,1.4370779141993746e-17,fac-opacity-cowan-state,T21485p9_rho1p43708em17,0.2173261002524655,1.3903707557286022e-22,0.2173261002524655,3.346152474892096e-23,ok,/home/elads/STAR/full_grid_solar_opacity/runs/T21485p9_rho1p43708em17/fac-opacity-cowan-state/starout.h5
21485.907481986058,2.065192931479625e-17,fac-opacity-cowan-state,T21485p9_rho2p06519em17,0.2173261002524655,1.9964365173471303e-22,0.2173261002524655,4.8048400549285066e-23,ok,/home/elads/STAR/full_grid_solar_opacity/runs/T21485p9_rho2p06519em17/fac-opacity-cowan-state/starout.h5
21485.907481986058,2.9678431503900313e-17,fac-opacity-cowan-state,T21485p9_rho2p96784em17,0.21732610025246565,2.8675449504736274e-22,0.21732610025246565,6.901417961983089e-23,ok,/home/elads/STAR/full_grid_solar_opacity/runs/T21485p9_rho2p96784em17/fac-opacity-cowan-state/starout.h5
21485.907481986058,4.2650218442334076e-17,fac-opacity-cowan-state,T21485p9_rho4p26502em17,0.2173261002524661,4.1195978887319753e-22,0.2173261002524661,9.914825214650844e-23,ok,/home/elads/STAR/full_grid_solar_opacity/runs/T21485p9_rho4p26502em17/fac-opacity-cowan-state/starout.h5
21485.907481986058,6.129168695925715e-17,fac-opacity-cowan-state,T21485p9_rho6p12917em17,0.21732610025244575,5.919545059266778e-22,0.21732610025244575,1.4246864865535382e-22,ok,/home/elads/STAR/full_grid_solar_opacity/runs/T21485p9_rho6p12917em17/fac-opacity-cowan-state/starout.h5
21485.907481986058,8.808092965317026e-17,fac-opacity-cowan-state,T21485p9_rho8p80809em17,0.21732610025246749,8.506845674761644e-22,0.21732610025246749,2.047385078138847e-22,ok,/home/elads/STAR/full_grid_solar_opacity/runs/T21485p9_rho8p80809em17/fac-opacity-cowan-state/starout.h5
21485.907481986058,1.2657915866672028e-16,fac-opacity-cowan-state,T21485p9_rho1p26579em16,0.2173261002524653,1.2224997429489347e-21,0.2173261002524653,2.9422512667165704e-22,ok,/home/elads/STAR/full_grid_solar_opacity/runs/T21485p9_rho1p26579em16/fac-opacity-cowan-state/starout.h5
21485.907481986058,1.819041133178821e-16,fac-opacity-cowan-state,T21485p9_rho1p81904em16,0.2173261002524652,1.756826952653894e-21,0.21732610025246513,4.228243316021263e-22,ok,/home/elads/STAR/full_grid_solar_opacity/runs/T21485p9_rho1p81904em16/fac-opacity-cowan-state/starout.h5
21485.907481986058,2.6141038375114865e-16,fac-opacity-cowan-state,T21485p9_rho2p6141em16,0.21732610025246585,2.524696490544882e-21,0.21732610025246582,6.076313394252254e-22,ok,/home/elads/STAR/full_grid_solar_opacity/runs/T21485p9_rho2p6141em16/fac-opacity-cowan-state/starout.h5
21485.907481986058,3.7566708903116036e-16,fac-opacity-cowan-state,T21485p9_rho3p75667em16,0.21732610025246557,3.628184442591418e-21,0.21732610025246557,8.732133139190377e-22,ok,/home/elads/STAR/full_grid_solar_opacity/runs/T21485p9_rho3p75667em16/fac-opacity-cowan-state/starout.h5
21485.907481986058,5.398628767382507e-16,fac-opacity-cowan-state,T21485p9_rho5p39863em16,0.21732610025245655,5.2139818838665205e-21,0.21732610025245655,1.2548751324854173e-21,ok,/home/elads/STAR/full_grid_solar_opacity/runs/T21485p9_rho5p39863em16/fac-opacity-cowan-state/starout.h5
21485.907481986058,7.758250168566793e-16,fac-opacity-cowan-state,T21485p9_rho7p75825em16,0.21732610025245552,7.492895228258837e-21,0.21732610025245552,1.8033526357920327e-21,ok,/home/elads/STAR/full_grid_solar_opacity/runs/T21485p9_rho7p75825em16/fac-opacity-cowan-state/starout.h5
21485.907481986058,1.1149209970080914e-15,fac-opacity-cowan-state,T21485p9_rho1p11492em15,0.21732610025245822,1.0767869378706233e-20,0.21732610025245822,2.591557102113131e-21,ok,/home/elads/STAR/full_grid_solar_opacity/runs/T21485p9_rho1p11492em15/fac-opacity-cowan-state/starout.h5
21485.907481986058,1.6022283408774753e-15,fac-opacity-cowan-state,T21485p9_rho1p60223em15,0.21732610025245766,1.5474259261292348e-20,0.21732610025245766,3.72426759890721e-21,ok,/home/elads/STAR/full_grid_solar_opacity/runs/T21485p9_rho1p60223em15/fac-opacity-cowan-state/starout.h5
21485.907481986058,2.3025269621793266e-15,fac-opacity-cowan-state,T21485p9_rho2p30253em15,0.21732610025245772,2.2237703209613076e-20,0.21732610025245766,5.35205966199937e-21,ok,/home/elads/STAR/full_grid_solar_opacity/runs/T21485p9_rho2p30253em15/fac-opacity-cowan-state/starout.h5
21485.907481986058,3.308910644196489e-15,fac-opacity-cowan-state,T21485p9_rho3p30891em15,0.21732610025245871,3.1957291049578346e-20,0.21732610025245871,7.69132181204339e-21,ok,/home/elads/STAR/full_grid_solar_opacity/runs/T21485p9_rho3p30891em15/fac-opacity-cowan-state/starout.h5
21485.907481986058,4.755162406834019e-15,fac-opacity-cowan-state,T21485p9_rho4p75516em15,0.21732610025245783,4.592508213617167e-20,0.21732610025245788,1.1053020431022766e-20,ok,/home/elads/STAR/full_grid_solar_opacity/runs/T21485p9_rho4p75516em15/fac-opacity-cowan-state/starout.h5
21485.907481986058,6.8335388732923106e-15,fac-opacity-cowan-state,T21485p9_rho6p83354em15,0.21732610025245766,6.599786543358854e-20,0.21732610025245758,1.588403845931418e-20,ok,/home/elads/STAR/full_grid_solar_opacity/runs/T21485p9_rho6p83354em15/fac-opacity-cowan-state/starout.h5
21485.907481986058,9.820327790631256e-15,fac-opacity-cowan-state,T21485p9_rho9p82033em15,0.217326100252444,9.484398304333114e-20,0.217326100252444,2.2826579432267687e-20,ok,/home/elads/STAR/full_grid_solar_opacity/runs/T21485p9_rho9p82033em15/fac-opacity-cowan-state/starout.h5
21485.907481986058,1.4112576178114521e-14,fac-opacity-cowan-state,T21485p9_rho1p41126em14,0.21732610025245885,1.3629804586826677e-19,0.21732610025245885,3.280353857545856e-20,ok,/home/elads/STAR/full_grid_solar_opacity/runs/T21485p9_rho1p41126em14/fac-opacity-cowan-state/starout.h5
21485.907481986058,2.0280871538024598e-14,fac-opacity-cowan-state,T21485p9_rho2p02809em14,0.21732610025245827,1.9587067715365225e-19,0.21732610025245827,4.714118586191371e-20,ok,/home/elads/STAR/full_grid_solar_opacity/runs/T21485p9_rho2p02809em14/fac-opacity-cowan-state/starout.h5
21485.907481986058,2.914519256800997e-14,fac-opacity-cowan-state,T21485p9_rho2p91452em14,0.21732610025248394,2.8148105132323054e-19,0.21732610025248394,6.774546975322485e-20,ok,/home/elads/STAR/full_grid_solar_opacity/runs/T21485p9_rho2p91452em14/fac-opacity-cowan-state/starout.h5
21485.907481986058,4.188391254457488e-14,fac-opacity-cowan-state,T21485p9_rho4p18839em14,0.2173261002524582,4.0450960870881996e-19,0.2173261002524582,9.735537933842851e-20,ok,/home/elads/STAR/full_grid_solar_opacity/runs/T21485p9_rho4p18839em14/fac-opacity-cowan-state/starout.h5
21485.907481986058,6.019044567806669e-14,fac-opacity-cowan-state,T21485p9_rho6p01904em14,0.21732610025245844,5.813108895406558e-19,0.21732610025245844,1.3990704580904412e-19,ok,/home/elads/STAR/full_grid_solar_opacity/runs/T21485p9_rho6p01904em14/fac-opacity-cowan-state/starout.h5
21485.907481986058,8.649836012976684e-14,fac-opacity-cowan-state,T21485p9_rho8p64984em14,0.2173261002524582,8.353876059736661e-19,0.2173261002524582,2.010569907605237e-19,ok,/home/elads/STAR/full_grid_solar_opacity/runs/T21485p9_rho8p64984em14/fac-opacity-cowan-state/starout.h5
21485.907481986058,1.2430488295695167e-13,fac-opacity-cowan-state,T21485p9_rho1p24305em13,0.21732610025245805,1.2005148963104891e-18,0.21732610025245805,2.889340499353969e-19,ok,/home/elads/STAR/full_grid_solar_opacity/runs/T21485p9_rho1p24305em13/fac-opacity-cowan-state/starout.h5
21485.907481986058,1.7863580192457348e-13,fac-opacity-cowan-state,T21485p9_rho1p78636em13,0.21732610025125113,1.7252302247254537e-18,0.21732610025125113,4.152199910929762e-19,ok,/home/elads/STAR/full_grid_solar_opacity/runs/T21485p9_rho1p78636em13/fac-opacity-cowan-state/starout.h5
21485.907481986058,2.567135656310987e-13,fac-opacity-cowan-state,T21485p9_rho2p56714em13,0.21732610025245747,2.4792856332418364e-18,0.2173261002524575,5.967024036066969e-19,ok,/home/elads/STAR/full_grid_solar_opacity/runs/T21485p9_rho2p56714em13/fac-opacity-cowan-state/starout.h5
21485.907481986058,3.6891739544382357e-13,fac-opacity-cowan-state,T21485p9_rho3p68917em13,0.21732610025245724,3.562920384834503e-18,0.21732610025245724,8.575063993424672e-19,ok,/home/elads/STAR/full_grid_solar_opacity/runs/T21485p9_rho3p68917em13/fac-opacity-cowan-state/starout.h5
21485.907481986058,5.301630411562758e-13,fac-opacity-cowan-state,T21485p9_rho5p30163em13,0.21732610025246257,5.1201866100957864e-18,0.21732610025246257,1.2323017592452785e-18,ok,/home/elads/STAR/full_grid_solar_opacity/runs/T21485p9_rho5p30163em13/fac-opacity-cowan-state/starout.h5
21485.907481986058,7.618855973704612e-13,fac-opacity-cowan-state,T21485p9_rho7p61886em13,0.2173261002524564,7.358099289683013e-18,0.2173261002524564,1.7709118623993126e-18,ok,/home/elads/STAR/full_grid_solar_opacity/runs/T21485p9_rho7p61886em13/fac-opacity-cowan-state/starout.h5
21485.907481986058,1.0948889651276868e-12,fac-opacity-cowan-state,T21485p9_rho1p09489em12,0.21732610025245558,1.0574157556960764e-17,0.21732610025245566,2.5449374034653292e-18,ok,/home/elads/STAR/full_grid_solar_opacity/runs/T21485p9_rho1p09489em12/fac-opacity-cowan-state/starout.h5
21485.907481986058,1.5734407502856082e-12,fac-opacity-cowan-state,T21485p9_rho1p57344em12,0.21732610025245466,1.5195895247501863e-17,0.21732610025245466,3.657275163212598e-18,ok,/home/elads/STAR/full_grid_solar_opacity/runs/T21485p9_rho1p57344em12/fac-opacity-cowan-state/starout.h5
21485.907481986058,2.26115695153675e-12,fac-opacity-cowan-state,T21485p9_rho2p26116em12,0.2173261002523053,2.1837720307469204e-17,0.2173261002523053,5.255797902068324e-18,ok,/home/elads/STAR/full_grid_solar_opacity/runs/T21485p9_rho2p26116em12/fac-opacity-cowan-state/starout.h5
21485.907481986058,3.249458715591849e-12,fac-opacity-cowan-state,T21485p9_rho3p24946em12,0.21732610025245191,3.138260230166743e-17,0.2173261002524519,7.553014416193892e-18,ok,/home/elads/STAR/full_grid_solar_opacity/runs/T21485p9_rho3p24946em12/fac-opacity-cowan-state/starout.h5
21485.907481986058,4.669725353279713e-12,fac-opacity-cowan-state,T21485p9_rho4p66973em12,0.21732610025244828,4.50994672742278e-17,0.21732610025244828,1.0854323449657913e-17,ok,/home/elads/STAR/full_grid_solar_opacity/runs/T21485p9_rho4p66973em12/fac-opacity-cowan-state/starout.h5
21485.907481986058,6.710759170575148e-12,fac-opacity-cowan-state,T21485p9_rho6p71076em12,0.21732610025244417,6.481191503412016e-17,0.21732610025244417,1.559861962058443e-17,ok,/home/elads/STAR/full_grid_solar_opacity/runs/T21485p9_rho6p71076em12/fac-opacity-cowan-state/starout.h5
21485.907481986058,9.64388379154446e-12,fac-opacity-cowan-state,T21485p9_rho9p64388em12,0.21732610025241622,9.314068750539604e-17,0.21732610025241622,2.2416649232268822e-17,ok,/home/elads/STAR/full_grid_solar_opacity/runs/T21485p9_rho9p64388em12/fac-opacity-cowan-state/starout.h5
21485.907481986058,1.3859012403933867e-11,fac-opacity-cowan-state,T21485p9_rho1p3859em11,0.21732610025238064,1.3385210462260018e-16,0.2173261002523807,3.22148694290333e-17,ok,/home/elads/STAR/full_grid_solar_opacity/runs/T21485p9_rho1p3859em11/fac-opacity-cowan-state/starout.h5
21485.907481986058,1.9916480638308542e-11,fac-opacity-cowan-state,T21485p9_rho1p99165em11,0.21732610025241697,1.923586465061368e-16,0.21732610025241697,4.629592586204141e-17,ok,/home/elads/STAR/full_grid_solar_opacity/runs/T21485p9_rho1p99165em11/fac-opacity-cowan-state/starout.h5
21485.907481986058,2.8621534453892672e-11,fac-opacity-cowan-state,T21485p9_rho2p86215em11,0.2173261002523976,2.764380037326364e-16,0.21732610025239765,6.653170992578953e-17,ok,/home/elads/STAR/full_grid_solar_opacity/runs/T21485p9_rho2p86215em11/fac-opacity-cowan-state/starout.h5
21485.907481986058,4.1131375034185614e-11,fac-opacity-cowan-state,T21485p9_rho4p11314em11,0.21732610025236895,3.9726601955718054e-16,0.21732610025236898,9.561196654509285e-17,ok,/home/elads/STAR/full_grid_solar_opacity/runs/T21485p9_rho4p11314em11/fac-opacity-cowan-state/starout.h5
21485.907481986058,5.910899064227969e-11,fac-opacity-cowan-state,T21485p9_rho5p9109em11,0.21732610025164686,5.709021983762818e-16,0.21732610025164695,1.37401815705255e-16,ok,/home/elads/STAR/full_grid_solar_opacity/runs/T21485p9_rho5p9109em11/fac-opacity-cowan-state/starout.h5
21485.907481986058,8.4944224982638e-11,fac-opacity-cowan-state,T21485p9_rho8p49442em11,0.21732610025249777,8.204274344765698e-16,0.21732610025249785,1.9745623539455753e-16,ok,/home/elads/STAR/full_grid_solar_opacity/runs/T21485p9_rho8p49442em11/fac-opacity-cowan-state/starout.h5
21485.907481986058,1.2207146966133182e-10,fac-opacity-cowan-state,T21485p9_rho1p22071em10,0.21732610025214952,1.1790154035339233e-15,0.21732610025214968,2.8375925325901533e-16,ok,/home/elads/STAR/full_grid_solar_opacity/runs/T21485p9_rho1p22071em10/fac-opacity-cowan-state/starout.h5
21485.907481986058,1.7542621300415897e-10,fac-opacity-cowan-state,T21485p9_rho1p75426em10,0.21732610025207677,1.6943376301788599e-15,0.21732610025207702,4.0778414025438993e-16,ok,/home/elads/STAR/full_grid_solar_opacity/runs/T21485p9_rho1p75426em10/fac-opacity-cowan-state/starout.h5
21485.907481986058,2.52101136279913e-10,fac-opacity-cowan-state,T21485p9_rho2p52101em10,0.21732610025191434,2.434893922016184e-15,0.21732610025191476,5.860170194615395e-16,ok,/home/elads/STAR/full_grid_solar_opacity/runs/T21485p9_rho2p52101em10/fac-opacity-cowan-state/starout.h5
21485.907481986058,3.6228897509242966e-10,fac-opacity-cowan-state,T21485p9_rho3p62289em10,0.2173261002516749,3.499124152718251e-15,0.21732610025167548,8.421497681604452e-16,ok,/home/elads/STAR/full_grid_solar_opacity/runs/T21485p9_rho3p62289em10/fac-opacity-cowan-state/starout.h5
21485.907481986058,5.20637484663258e-10,fac-opacity-cowan-state,T21485p9_rho5p20637em10,0.21732610025123678,5.028512963027649e-15,0.21732610025123766,1.2102338258007248e-15,ok,/home/elads/STAR/full_grid_solar_opacity/runs/T21485p9_rho5p20637em10/fac-opacity-cowan-state/starout.h5
21485.907481986058,7.481966305138837e-10,fac-opacity-cowan-state,T21485p9_rho7p48197em10,0.21732610025084328,7.226470385620305e-15,0.21732610025084448,1.7392233706791338e-15,ok,/home/elads/STAR/full_grid_solar_opacity/runs/T21485p9_rho7p48197em10/fac-opacity-cowan-state/starout.h5
21485.907481986058,1.0752168531898921e-09,fac-opacity-cowan-state,T21485p9_rho1p07522em09,0.2173261002501459,1.0385538856257796e-14,0.2173261002501477,2.49952100319012e-15,ok,/home/elads/STAR/full_grid_solar_opacity/runs/T21485p9_rho1p07522em09/fac-opacity-cowan-state/starout.h5
21485.907481986058,1.5451703926941453e-09,fac-opacity-cowan-state,T21485p9_rho1p54517em09,0.2173261002491467,1.4925522830858513e-14,0.21732610024914908,3.592162962294471e-15,ok,/home/elads/STAR/full_grid_solar_opacity/runs/T21485p9_rho1p54517em09/fac-opacity-cowan-state/starout.h5
21485.907481986058,2.220530245015531e-09,fac-opacity-cowan-state,T21485p9_rho2p22053em09,0.21732610024762444,2.144922989569029e-14,0.21732610024762805,5.162233613454614e-15,ok,/home/elads/STAR/full_grid_solar_opacity/runs/T21485p9_rho2p22053em09/fac-opacity-cowan-state/starout.h5
21485.907481986058,3.1910749729235452e-09,fac-opacity-cowan-state,T21485p9_rho3p19107em09,0.21732610024571902,3.082395201733957e-14,0.21732610024572419,7.418457325296284e-15,ok,/home/elads/STAR/full_grid_solar_opacity/runs/T21485p9_rho3p19107em09/fac-opacity-cowan-state/starout.h5
21485.907481986058,4.585823366142813e-09,fac-opacity-cowan-state,T21485p9_rho4p58582em09,0.20875933710849687,4.438568602604732e-14,0.20875933710850425,1.0673967373116268e-14,ok,/home/elads/STAR/full_grid_solar_opacity/runs/T21485p9_rho4p58582em09/fac-opacity-cowan-state/starout.h5
21485.907481986058,6.590185477903269e-09,fac-opacity-cowan-state,T21485p9_rho6p59019em09,0.20875933710445935,6.36500402800717e-14,0.20875933710446978,1.5319589136115484e-14,ok,/home/elads/STAR/full_grid_solar_opacity/runs/T21485p9_rho6p59019em09/fac-opacity-cowan-state/starout.h5
21485.907481986058,9.470610000772238e-09,fac-opacity-cowan-state,T21485p9_rho9p47061em09,0.20875933709926006,9.15316899951869e-14,0.20875933709927508,2.2024635502796192e-14,ok,/home/elads/STAR/full_grid_solar_opacity/runs/T21485p9_rho9p47061em09/fac-opacity-cowan-state/starout.h5
21485.907481986058,1.3610004466105506e-08,fac-opacity-cowan-state,T21485p9_rho1p361em08,0.20875933709156713,1.314418365168874e-13,0.2087593370915891,3.1637685152262687e-14,ok,/home/elads/STAR/full_grid_solar_opacity/runs/T21485p9_rho1p361em08/fac-opacity-cowan-state/starout.h5
21485.907481986058,1.9558636830395073e-08,fac-opacity-cowan-state,T21485p9_rho1p95586em08,0.20875933708189023,1.8898840216002104e-13,0.20875933708192157,4.548027977472074e-14,ok,/home/elads/STAR/full_grid_solar_opacity/runs/T21485p9_rho1p95586em08/fac-opacity-cowan-state/starout.h5
21485.907481986058,2.810728502080722e-08,fac-opacity-cowan-state,T21485p9_rho2p81073em08,0.20875933706914515,2.715786785069235e-13,0.20875933706919014,6.535663857600258e-14,ok,/home/elads/STAR/full_grid_solar_opacity/runs/T21485p9_rho2p81073em08/fac-opacity-cowan-state/starout.h5
21485.907481986058,4.039235853150913e-08,fac-opacity-cowan-state,T21485p9_rho4p03924em08,0.2087593370524878,3.90241487896317e-13,0.20875933705255312,9.391494349362369e-14,ok,/home/elads/STAR/full_grid_solar_opacity/runs/T21485p9_rho4p03924em08/fac-opacity-cowan-state/starout.h5
21485.907481986058,5.804696634805446e-08,fac-opacity-cowan-state,T21485p9_rho5p8047em08,0.20875933703156918,5.606467956328265e-13,0.20875933703166258,1.349359267439234e-13,ok,/home/elads/STAR/full_grid_solar_opacity/runs/T21485p9_rho5p8047em08/fac-opacity-cowan-state/starout.h5
21485.907481986058,8.341801332506338e-08,fac-opacity-cowan-state,T21485p9_rho8p3418em08,0.20875933700499497,8.056920224677084e-13,0.20875933700512886,1.9390450158672617e-13,ok,/home/elads/STAR/full_grid_solar_opacity/runs/T21485p9_rho8p3418em08/fac-opacity-cowan-state/starout.h5
21485.907481986058,1.1987818459583772e-07,fac-opacity-cowan-state,T21485p9_rho1p19878em07,0.20875966835459672,1.1577561879456297e-12,0.20875966835478887,2.7864092347337733e-13,ok,/home/elads/STAR/full_grid_solar_opacity/runs/T21485p9_rho1p19878em07/fac-opacity-cowan-state/starout.h5
21485.907481986058,1.7227429147699408e-07,fac-opacity-cowan-state,T21485p9_rho1p72274em07,0.20875966377255334,1.663800188677128e-12,0.2087596637728294,4.0040628244222766e-13,ok,/home/elads/STAR/full_grid_solar_opacity/runs/T21485p9_rho1p72274em07/fac-opacity-cowan-state/starout.h5
21485.907481986058,2.4757157946593376e-07,fac-opacity-cowan-state,T21485p9_rho2p47572em07,0.2087596591822371,2.390809917000692e-12,0.20875965918263428,5.753795571762027e-13,ok,/home/elads/STAR/full_grid_solar_opacity/runs/T21485p9_rho2p47572em07/fac-opacity-cowan-state/starout.h5
21485.907481986058,3.557796490339488e-07,fac-opacity-cowan-state,T21485p9_rho3p5578em07,0.20875965458139212,3.435603871404864e-12,0.20875965458196188,8.267817111767249e-13,ok,/home/elads/STAR/full_grid_solar_opacity/runs/T21485p9_rho3p5578em07/fac-opacity-cowan-state/starout.h5
21485.907481986058,5.112830759482948e-07,fac-opacity-cowan-state,T21485p9_rho5p11283em07,0.2087596499683728,4.936686436627357e-12,0.20875964996919225,1.18803562137867e-12,ok,/home/elads/STAR/full_grid_solar_opacity/runs/T21485p9_rho5p11283em07/fac-opacity-cowan-state/starout.h5
21485.907481986058,7.347536163492159e-07,fac-opacity-cowan-state,T21485p9_rho7p34754em07,0.20875964534086783,7.093603966152045e-12,0.20875964534204514,1.7070809181068109e-12,ok,/home/elads/STAR/full_grid_solar_opacity/runs/T21485p9_rho7p34754em07/fac-opacity-cowan-state/starout.h5
21485.907481986058,1.0558981944335787e-06,fac-opacity-cowan-state,T21485p9_rho1p0559em06,0.2087596406965415,1.0193406450048566e-11,0.20875964069823486,2.45299768477149e-12,ok,/home/elads/STAR/full_grid_solar_opacity/runs/T21485p9_rho1p0559em06/fac-opacity-cowan-state/starout.h5
21485.907481986058,1.517407974863493e-06,fac-opacity-cowan-state,T21485p9_rho1p51741em06,0.20875963603112627,1.464933088095283e-11,0.2087596360335583,3.5251860755030724e-12,ok,/home/elads/STAR/full_grid_solar_opacity/runs/T21485p9_rho1p51741em06/fac-opacity-cowan-state/starout.h5
21485.907481986058,2.1806334875063253e-06,fac-opacity-cowan-state,T21485p9_rho2p18063em06,0.20875963134252787,2.10545916013136e-11,0.20875963134602407,5.066274768304642e-12,ok,/home/elads/STAR/full_grid_solar_opacity/runs/T21485p9_rho2p18063em06/fac-opacity-cowan-state/starout.h5
21485.907481986058,3.1337402238588983e-06,fac-opacity-cowan-state,T21485p9_rho3p13374em06,0.20875962662612624,3.025562821662556e-11,0.20875962663114928,7.280156651354592e-12,ok,/home/elads/STAR/full_grid_solar_opacity/runs/T21485p9_rho3p13374em06/fac-opacity-cowan-state/starout.h5
21485.907481986058,4.503428864545845e-06,fac-opacity-cowan-state,T21485p9_rho4p50343em06,0.20875962187460428,4.3483300889753556e-11,0.20875962188182284,1.0462459553947618e-11,ok,/home/elads/STAR/full_grid_solar_opacity/runs/T21485p9_rho4p50343em06/fac-opacity-cowan-state/starout.h5
21485.907481986058,6.471778159406801e-06,fac-opacity-cowan-state,T21485p9_rho6p47178em06,0.2087596170830105,6.25069346610381e-11,0.20875961709338703,1.5038868814770208e-11,ok,/home/elads/STAR/full_grid_solar_opacity/runs/T21485p9_rho6p47178em06/fac-opacity-cowan-state/starout.h5
21485.907481986058,9.300449458481393e-06,fac-opacity-cowan-state,T21485p9_rho9p30045em06,0.2087596122402875,8.983706993598226e-11,0.20875961225520076,2.1613076445724394e-11,ok,/home/elads/STAR/full_grid_solar_opacity/runs/T21485p9_rho9p30045em06/fac-opacity-cowan-state/starout.h5
21485.907481986058,1.3365470508911143e-05,fac-opacity-cowan-state,T21485p9_rho1p33655em05,0.20875960736017157,1.2906124460376015e-10,0.2087596073815956,3.104788920258461e-11,ok,/home/elads/STAR/full_grid_solar_opacity/runs/T21485p9_rho1p33655em05/fac-opacity-cowan-state/starout.h5
21485.907481986058,1.920722248123928e-05,fac-opacity-cowan-state,T21485p9_rho1p92072em05,0.2087596023875206,1.891491984841536e-10,0.2087596024192103,4.5809930565960775e-11,ok,/home/elads/STAR/full_grid_solar_opacity/runs/T21485p9_rho1p92072em05/fac-opacity-cowan-state/starout.h5
21485.907481986058,2.760227522090268e-05,fac-opacity-cowan-state,T21485p9_rho2p76023em05,0.20875959737331937,2.7186443744115716e-10,0.20875959741886685,6.58431247415916e-11,ok,/home/elads/STAR/full_grid_solar_opacity/runs/T21485p9_rho2p76023em05/fac-opacity-cowan-state/starout.h5
21485.907481986058,3.966662010161191e-05,fac-opacity-cowan-state,T21485p9_rho3p96666em05,0.2087595922094565,3.906667875423663e-10,0.20875959227490562,9.461181533333709e-11,ok,/home/elads/STAR/full_grid_solar_opacity/runs/T21485p9_rho3p96666em05/fac-opacity-cowan-state/starout.h5
21485.907481986058,5.7004023678963655e-05,fac-opacity-cowan-state,T21485p9_rho5p7004em05,0.2087595869391813,5.611123738829388e-10,0.20875958703315273,1.3585376370696217e-10,ok,/home/elads/STAR/full_grid_solar_opacity/runs/T21485p9_rho5p7004em05/fac-opacity-cowan-state/starout.h5
21485.907481986058,8.191922344953684e-05,fac-opacity-cowan-state,T21485p9_rho8p19192em05,0.2087595813961088,8.062857222156889e-10,0.20875958153112376,1.9519183238198205e-10,ok,/home/elads/STAR/full_grid_solar_opacity/runs/T21485p9_rho8p19192em05/fac-opacity-cowan-state/starout.h5
21485.907481986058,0.00011772430676769293,fac-opacity-cowan-state,T21485p9_rho0p000117724,0.2087595750834177,1.159556052717215e-09,0.20875957527767047,2.807907046406569e-10,ok,/home/elads/STAR/full_grid_solar_opacity/runs/T21485p9_rho0p000117724/fac-opacity-cowan-state/starout.h5
21485.907481986058,0.00016917900122028344,fac-opacity-cowan-state,T21485p9_rho0p000169179,0.20875956891174116,1.6642782635097603e-09,0.2087595691903623,4.027895649505797e-10,ok,/home/elads/STAR/full_grid_solar_opacity/runs/T21485p9_rho0p000169179/fac-opacity-cowan-state/starout.h5
21485.907481986058,0.0002431234061999784,fac-opacity-cowan-state,T21485p9_rho0p000243123,0.20875957327841432,2.392638684862223e-09,0.20875957367901404,5.790728744729154e-10,ok,/home/elads/STAR/full_grid_solar_opacity/runs/T21485p9_rho0p000243123/fac-opacity-cowan-state/starout.h5
21485.907481986058,0.0003493872774749123,fac-opacity-cowan-state,T21485p9_rho0p000349387,0.2087595590970364,3.4372584720744054e-09,0.2087595596723828,8.316553069005656e-10,ok,/home/elads/STAR/full_grid_solar_opacity/runs/T21485p9_rho0p000349387/fac-opacity-cowan-state/starout.h5
21485.907481986058,0.0005020967399614471,fac-opacity-cowan-state,T21485p9_rho0p000502097,0.2087595629556357,4.940887505322513e-09,0.2087595637826655,1.1953356710805244e-09,ok,/home/elads/STAR/full_grid_solar_opacity/runs/T21485p9_rho0p000502097/fac-opacity-cowan-state/starout.h5
21485.907481986058,0.0007215521357901021,fac-opacity-cowan-state,T21485p9_rho0p000721552,0.20875955708620056,7.09318339921406e-09,0.20875955827272283,1.7149896396462084e-09,ok,/home/elads/STAR/full_grid_solar_opacity/runs/T21485p9_rho0p000721552/fac-opacity-cowan-state/starout.h5
21485.907481986058,0.0010369266382873438,fac-opacity-cowan-state,T21485p9_rho0p00103693,0.20875955107331098,1.0191037423815354e-08,0.20875955277753866,2.463095904886337e-09,ok,/home/elads/STAR/full_grid_solar_opacity/runs/T21485p9_rho0p00103693/fac-opacity-cowan-state/starout.h5
21485.907481986058,0.0014901443705277455,fac-opacity-cowan-state,T21485p9_rho0p00149014,0.2087595441431495,1.4641304261895953e-08,0.2087595465907154,3.5371556835773767e-09,ok,/home/elads/STAR/full_grid_solar_opacity/runs/T21485p9_rho0p00149014/fac-opacity-cowan-state/starout.h5
21485.907481986058,0.002141453563853953,fac-opacity-cowan-state,T21485p9_rho0p00214145,0.20875953368792818,2.1034156593546547e-08,0.20875953720268273,5.078980302451312e-09,ok,/home/elads/STAR/full_grid_solar_opacity/runs/T21485p9_rho0p00214145/fac-opacity-cowan-state/starout.h5
21485.907481986058,0.003077435620898055,fac-opacity-cowan-state,T21485p9_rho0p00307744,0.20875952767087624,3.021709340993178e-08,0.20875953271754338,7.291942760447971e-09,ok,/home/elads/STAR/full_grid_solar_opacity/runs/T21485p9_rho0p00307744/fac-opacity-cowan-state/starout.h5
21485.907481986058,0.004422514763163053,fac-opacity-cowan-state,T21485p9_rho0p00442251,0.20875951692133946,4.340734289239579e-08,0.20875952416666638,1.0467628157774994e-08,ok,/home/elads/STAR/full_grid_solar_opacity/runs/T21485p9_rho0p00442251/fac-opacity-cowan-state/starout.h5
21485.907481986058,0.006355498291362301,fac-opacity-cowan-state,T21485p9_rho0p0063555,0.2087595050425059,6.235342381488532e-08,0.20875951544291677,1.5024047943929964e-08,ok,/home/elads/STAR/full_grid_solar_opacity/runs/T21485p9_rho0p0063555/fac-opacity-cowan-state/starout.h5
21485.907481986058,0.009133346228248624,fac-opacity-cowan-state,T21485p9_rho0p00913335,0.20875948647808262,8.95657514159117e-08,0.20875950140513097,2.1560063847274768e-08,ok,/home/elads/STAR/full_grid_solar_opacity/runs/T21485p9_rho0p00913335/fac-opacity-cowan-state/starout.h5
21485.907481986058,0.01312533014735226,fac-opacity-cowan-state,T21485p9_rho0p0131253,0.20875946964809503,1.2864756317217946e-07,0.20875949106772043,3.0932899457799405e-08,ok,/home/elads/STAR/full_grid_solar_opacity/runs/T21485p9_rho0p0131253/fac-opacity-cowan-state/starout.h5
21485.907481986058,0.018862122071335155,fac-opacity-cowan-state,T21485p9_rho0p0188621,0.20875945462720277,1.847671412210567e-07,0.20875948535523367,4.436800730038884e-08,ok,/home/elads/STAR/full_grid_solar_opacity/runs/T21485p9_rho0p0188621/fac-opacity-cowan-state/starout.h5
21485.907481986058,0.02710633904364831,fac-opacity-cowan-state,T21485p9_rho0p0271063,0.2087594401391996,2.6535273690076734e-07,0.2087594842095031,6.362085261670943e-08,ok,/home/elads/STAR/full_grid_solar_opacity/runs/T21485p9_rho0p0271063/fac-opacity-cowan-state/starout.h5
21485.907481986058,0.038953921174427183,fac-opacity-cowan-state,T21485p9_rho0p0389539,0.20875942494982636,3.810415687590589e-07,0.20875948813249728,9.119325583891726e-08,ok,/home/elads/STAR/full_grid_solar_opacity/runs/T21485p9_rho0p0389539/fac-opacity-cowan-state/starout.h5
21485.907481986058,0.0559798197912329,fac-opacity-cowan-state,T21485p9_rho0p0559798,0.20875938682023365,5.470928097476518e-07,0.20875947736511394,1.3065691517001302e-07,ok,/home/elads/STAR/full_grid_solar_opacity/runs/T21485p9_rho0p0559798/fac-opacity-cowan-state/starout.h5
21485.907481986058,0.08044736266284185,fac-opacity-cowan-state,T21485p9_rho0p0804474,0.20875937304379608,7.853996372519423e-07,0.20875950274303984,1.871104541876138e-07,ok,/home/elads/STAR/full_grid_solar_opacity/runs/T21485p9_rho0p0804474/fac-opacity-cowan-state/starout.h5
21485.907481986058,0.11560912813835741,fac-opacity-cowan-state,T21485p9_rho0p115609,0.20875936012102592,1.1273244465847758e-06,0.2087595458075101,2.6780678380682746e-07,ok,/home/elads/STAR/full_grid_solar_opacity/runs/T21485p9_rho0p115609/fac-opacity-cowan-state/starout.h5
21485.907481986058,0.1661393247274789,fac-opacity-cowan-state,T21485p9_rho0p166139,0.20875934849116604,1.6178703039105326e-06,0.2087596141822764,3.830777785364265e-07,ok,/home/elads/STAR/full_grid_solar_opacity/runs/T21485p9_rho0p166139/fac-opacity-cowan-state/starout.h5
21485.907481986058,0.23875515424585794,fac-opacity-cowan-state,T21485p9_rho0p238755,0.20875933568852884,2.3217003146075274e-06,0.2087597156992497,5.477016858188447e-07,ok,/home/elads/STAR/full_grid_solar_opacity/runs/T21485p9_rho0p238755/fac-opacity-cowan-state/starout.h5
21485.907481986058,0.34310975906798746,fac-opacity-cowan-state,T21485p9_rho0p34311,0.2087592364778096,3.3319255732058067e-06,0.2087597798288011,7.827675599985322e-07,ok,/home/elads/STAR/full_grid_solar_opacity/runs/T21485p9_rho0p34311/fac-opacity-cowan-state/starout.h5
21485.907481986058,0.49307545690287347,fac-opacity-cowan-state,T21485p9_rho0p493075,0.2087591610556481,4.782049191405247e-06,0.20875993771936055,1.118267617398627e-06,ok,/home/elads/STAR/full_grid_solar_opacity/runs/T21485p9_rho0p493075/fac-opacity-cowan-state/starout.h5
21485.907481986058,0.7085878491488851,fac-opacity-cowan-state,T21485p9_rho0p708588,0.20875909392906425,6.864219621675339e-06,0.20876020382749275,1.5969886511805651e-06,ok,/home/elads/STAR/full_grid_solar_opacity/runs/T21485p9_rho0p708588/fac-opacity-cowan-state/starout.h5
21485.907481986058,1.0182959482819007,fac-opacity-cowan-state,T21485p9_rho1p0183,0.20875892890815576,9.854635083427864e-06,0.2087605146483986,2.279783103315453e-06,ok,/home/elads/STAR/full_grid_solar_opacity/runs/T21485p9_rho1p0183/fac-opacity-cowan-state/starout.h5
21485.907481986058,1.4633706173946401,fac-opacity-cowan-state,T21485p9_rho1p46337,0.20875869488549617,1.4150298552329712e-05,0.20876095987351578,3.2531074170521484e-06,ok,/home/elads/STAR/full_grid_solar_opacity/runs/T21485p9_rho1p46337/fac-opacity-cowan-state/starout.h5
21485.907481986058,2.1029775945461404,fac-opacity-cowan-state,T21485p9_rho2p10298,0.2087583480638503,2.0321812816671345e-05,0.20876158214682414,4.639547826958863e-06,ok,/home/elads/STAR/full_grid_solar_opacity/runs/T21485p9_rho2p10298/fac-opacity-cowan-state/starout.h5
21485.907481986058,3.0221426551783854,fac-opacity-cowan-state,T21485p9_rho3p02214,0.20875784236603126,2.9188821056948964e-05,0.2087624580604978,6.612523414489736e-06,ok,/home/elads/STAR/full_grid_solar_opacity/runs/T21485p9_rho3p02214/fac-opacity-cowan-state/starout.h5
21485.907481986058,4.343054463316713,fac-opacity-cowan-state,T21485p9_rho4p34305,0.20875712368688706,4.192905728350353e-05,0.20876370737404285,9.416966232460488e-06,ok,/home/elads/STAR/full_grid_solar_opacity/runs/T21485p9_rho4p34305/fac-opacity-cowan-state/starout.h5
21485.907481986058,6.241307649397467,fac-opacity-cowan-state,T21485p9_rho6p24131,0.20875608127876275,6.023433781258483e-05,0.2087654653050364,1.3397995577836413e-05,ok,/home/elads/STAR/full_grid_solar_opacity/runs/T21485p9_rho6p24131/fac-opacity-cowan-state/starout.h5
21485.907481986058,8.969245378672715,fac-opacity-cowan-state,T21485p9_rho8p96925,0.20875456620312893,8.653439738648228e-05,0.20876793017703713,1.904064516476818e-05,ok,/home/elads/STAR/full_grid_solar_opacity/runs/T21485p9_rho8p96925/fac-opacity-cowan-state/starout.h5
21485.907481986058,12.889504440725364,fac-opacity-cowan-state,T21485p9_rho12p8895,0.20875239974572452,0.00012431883795604396,0.20877141261424864,2.702488370622245e-05,ok,/home/elads/STAR/full_grid_solar_opacity/runs/T21485p9_rho12p8895/fac-opacity-cowan-state/starout.h5
21485.907481986058,18.52322215674118,fac-opacity-cowan-state,T21485p9_rho18p5232,0.20874927334156398,0.0001785976672616713,0.20877629189406002,3.8300937413517974e-05,ok,/home/elads/STAR/full_grid_solar_opacity/runs/T21485p9_rho18p5232/fac-opacity-cowan-state/starout.h5
21485.907481986058,26.61931346126126,fac-opacity-cowan-state,T21485p9_rho26p6193,0.20874475963134123,0.00025656175251061186,0.2087831050277526,5.4192246754656786e-05,ok,/home/elads/STAR/full_grid_solar_opacity/runs/T21485p9_rho26p6193/fac-opacity-cowan-state/starout.h5
21485.907481986058,38.254027466328665,fac-opacity-cowan-state,T21485p9_rho38p254,0.20873835422741863,0.00036852756819034574,0.20879269577584464,7.653508633878359e-05,ok,/home/elads/STAR/full_grid_solar_opacity/runs/T21485p9_rho38p254/fac-opacity-cowan-state/starout.h5
21485.907481986058,54.97401800103719,fac-opacity-cowan-state,T21485p9_rho54p974,0.208729229556013,0.000529287761092218,0.20880611516686978,0.000107866633292504,ok,/home/elads/STAR/full_grid_solar_opacity/runs/T21485p9_rho54p974/fac-opacity-cowan-state/starout.h5
21485.907481986058,79.0019471240894,fac-opacity-cowan-state,T21485p9_rho79p0019,0.20871609622813478,0.0007600344192507569,0.20882468184816702,0.00015167558289763927,ok,/home/elads/STAR/full_grid_solar_opacity/runs/T21485p9_rho79p0019/fac-opacity-cowan-state/starout.h5
21485.907481986058,113.53195339077567,fac-opacity-cowan-state,T21485p9_rho113p532,0.20869736238625192,0.0010910977701316538,0.2088504104139823,0.0002127342718972761,ok,/home/elads/STAR/full_grid_solar_opacity/runs/T21485p9_rho113p532/fac-opacity-cowan-state/starout.h5
21485.907481986058,163.15426277379785,fac-opacity-cowan-state,T21485p9_rho163p154,0.20867064013022835,0.0015658175662896694,0.20888587678663662,0.0002975316285824432,ok,/home/elads/STAR/full_grid_solar_opacity/runs/T21485p9_rho163p154/fac-opacity-cowan-state/starout.h5
21485.907481986058,234.46538763970608,fac-opacity-cowan-state,T21485p9_rho234p465,0.2086325965911153,0.00224599749677684,0.208934544820569,0.00041483187187201713,ok,/home/elads/STAR/full_grid_solar_opacity/runs/T21485p9_rho234p465/fac-opacity-cowan-state/starout.h5
21485.907481986058,336.94503022121665,fac-opacity-cowan-state,T21485p9_rho336p945,0.2085786189996882,0.0032195223578783882,0.20900105272002914,0.0005763828432024561,ok,/home/elads/STAR/full_grid_solar_opacity/runs/T21485p9_rho336p945/fac-opacity-cowan-state/starout.h5
21485.907481986058,484.21626123015125,fac-opacity-cowan-state,T21485p9_rho484p216,0.20850222946280708,0.004610859516071811,0.20909142505717895,0.0007977938200473624,ok,/home/elads/STAR/full_grid_solar_opacity/runs/T21485p9_rho484p216/fac-opacity-cowan-state/starout.h5
21485.907481986058,695.8564947100452,fac-opacity-cowan-state,T21485p9_rho695p856,0.2083948325159544,0.006595364541449661,0.2092138276034546,0.0010996037445764873,ok,/home/elads/STAR/full_grid_solar_opacity/runs/T21485p9_rho695p856/fac-opacity-cowan-state/starout.h5
21485.907481986058,1000.0,fac-opacity-cowan-state,T21485p9_rho1000,0.2082442938241477,0.009418081282760215,0.20937835412845504,0.001508502912842588,ok,/home/elads/STAR/full_grid_solar_opacity/runs/T21485p9_rho1000/fac-opacity-cowan-state/starout.h5
23653.428258302065,1e-17,fac-opacity-cowan-state,T23653p4_rho1em17,0.20982253014029534,6.904119101495533e-23,0.20982253014029534,1.6137957948823642e-23,ok,/home/elads/STAR/full_grid_solar_opacity/runs/T23653p4_rho1em17/fac-opacity-cowan-state/starout.h5
23653.428258302065,1.4370779141993746e-17,fac-opacity-cowan-state,T23653p4_rho1p43708em17,0.20982253014029517,9.911469568320907e-23,0.20982253014029517,2.3168077256970314e-23,ok,/home/elads/STAR/full_grid_solar_opacity/runs/T23653p4_rho1p43708em17/fac-opacity-cowan-state/starout.h5
23653.428258302065,2.065192931479625e-17,fac-opacity-cowan-state,T23653p4_rho2p06519em17,0.20982253014029517,1.4233272497159778e-22,0.20982253014029517,3.327092028387208e-23,ok,/home/elads/STAR/full_grid_solar_opacity/runs/T23653p4_rho2p06519em17/fac-opacity-cowan-state/starout.h5
23653.428258302065,2.9678431503900313e-17,fac-opacity-cowan-state,T23653p4_rho2p96784em17,0.20982253014029573,2.0444945463903394e-22,0.20982253014029573,4.7791494360730837e-23,ok,/home/elads/STAR/full_grid_solar_opacity/runs/T23653p4_rho2p96784em17/fac-opacity-cowan-state/starout.h5
23653.428258302065,4.2650218442334076e-17,fac-opacity-cowan-state,T23653p4_rho4p26502em17,0.20982253014029592,2.9372868953675696e-22,0.20982253014029595,6.866148801241069e-23,ok,/home/elads/STAR/full_grid_solar_opacity/runs/T23653p4_rho4p26502em17/fac-opacity-cowan-state/starout.h5
23653.428258302065,6.129168695925715e-17,fac-opacity-cowan-state,T23653p4_rho6p12917em17,0.2098225301402968,4.22070827875617e-22,0.2098225301402968,9.866268606954782e-23,ok,/home/elads/STAR/full_grid_solar_opacity/runs/T23653p4_rho6p12917em17/fac-opacity-cowan-state/starout.h5
23653.428258302065,8.808092965317026e-17,fac-opacity-cowan-state,T23653p4_rho8p80809em17,0.2098225301402963,6.065485704425315e-22,0.20982253014029628,1.4178594650115685e-22,ok,/home/elads/STAR/full_grid_solar_opacity/runs/T23653p4_rho8p80809em17/fac-opacity-cowan-state/starout.h5
23653.428258302065,1.2657915866672028e-16,fac-opacity-cowan-state,T23653p4_rho1p26579em16,0.20982253014029553,8.716574213181056e-22,0.20982253014029553,2.037574220034369e-22,ok,/home/elads/STAR/full_grid_solar_opacity/runs/T23653p4_rho1p26579em16/fac-opacity-cowan-state/starout.h5
23653.428258302065,1.819041133178821e-16,fac-opacity-cowan-state,T23653p4_rho1p81904em16,0.20982253014029628,1.2526394038973793e-21,0.20982253014029628,2.928152401257156e-22,ok,/home/elads/STAR/full_grid_solar_opacity/runs/T23653p4_rho1p81904em16/fac-opacity-cowan-state/starout.h5
23653.428258302065,2.6141038375114865e-16,fac-opacity-cowan-state,T23653p4_rho2p6141em16,0.20982253014029706,1.8001400509636306e-21,0.20982253014029706,4.2079823045623136e-22,ok,/home/elads/STAR/full_grid_solar_opacity/runs/T23653p4_rho2p6141em16/fac-opacity-cowan-state/starout.h5
23653.428258302065,3.7566708903116036e-16,fac-opacity-cowan-state,T23653p4_rho3p75667em16,0.20982253014029584,2.5869409268648013e-21,0.20982253014029584,6.047197106955595e-22,ok,/home/elads/STAR/full_grid_solar_opacity/runs/T23653p4_rho3p75667em16/fac-opacity-cowan-state/starout.h5
23653.428258302065,5.398628767382507e-16,fac-opacity-cowan-state,T23653p4_rho5p39863em16,0.20982253014029567,3.717634716570508e-21,0.20982253014029567,8.690291202516313e-22,ok,/home/elads/STAR/full_grid_solar_opacity/runs/T23653p4_rho5p39863em16/fac-opacity-cowan-state/starout.h5
23653.428258302065,7.758250168566793e-16,fac-opacity-cowan-state,T23653p4_rho7p75825em16,0.2098225301402968,5.342529198584444e-21,0.2098225301402968,1.2488622027566616e-21,ok,/home/elads/STAR/full_grid_solar_opacity/runs/T23653p4_rho7p75825em16/fac-opacity-cowan-state/starout.h5
23653.428258302065,1.1149209970080914e-15,fac-opacity-cowan-state,T23653p4_rho1p11492em15,0.20982253014029106,7.677628162261328e-21,0.20982253014029112,1.7947117076624547e-21,ok,/home/elads/STAR/full_grid_solar_opacity/runs/T23653p4_rho1p11492em15/fac-opacity-cowan-state/starout.h5
23653.428258302065,1.6022283408774753e-15,fac-opacity-cowan-state,T23653p4_rho1p60223em15,0.20982253014021482,1.103334569475313e-20,0.20982253014021482,2.5791396097097995e-21,ok,/home/elads/STAR/full_grid_solar_opacity/runs/T23653p4_rho1p60223em15/fac-opacity-cowan-state/starout.h5
23653.428258302065,2.3025269621793266e-15,fac-opacity-cowan-state,T23653p4_rho2p30253em15,0.20982253014029575,1.585577061463109e-20,0.2098225301402958,3.706423020718561e-21,ok,/home/elads/STAR/full_grid_solar_opacity/runs/T23653p4_rho2p30253em15/fac-opacity-cowan-state/starout.h5
23653.428258302065,3.308910644196489e-15,fac-opacity-cowan-state,T23653p4_rho3p30891em15,0.209822530140296,2.278596664413134e-20,0.20982253014029603,5.326416154177541e-21,ok,/home/elads/STAR/full_grid_solar_opacity/runs/T23653p4_rho3p30891em15/fac-opacity-cowan-state/starout.h5
23653.428258302065,4.755162406834019e-15,fac-opacity-cowan-state,T23653p4_rho4p75516em15,0.20982253014026694,3.274519082866785e-20,0.20982253014026694,7.654470756778493e-21,ok,/home/elads/STAR/full_grid_solar_opacity/runs/T23653p4_rho4p75516em15/fac-opacity-cowan-state/starout.h5
23653.428258302065,6.8335388732923106e-15,fac-opacity-cowan-state,T23653p4_rho6p83354em15,0.20982253014029634,4.7057360934785905e-20,0.20982253014029634,1.1000064128510938e-20,ok,/home/elads/STAR/full_grid_solar_opacity/runs/T23653p4_rho6p83354em15/fac-opacity-cowan-state/starout.h5
23653.428258302065,9.820327790631256e-15,fac-opacity-cowan-state,T23653p4_rho9p82033em15,0.20982253014029667,6.762504499613422e-20,0.20982253014029661,1.5807938102329127e-20,ok,/home/elads/STAR/full_grid_solar_opacity/runs/T23653p4_rho9p82033em15/fac-opacity-cowan-state/starout.h5
23653.428258302065,1.4112576178114521e-14,fac-opacity-cowan-state,T23653p4_rho1p41126em14,0.20982253014029695,9.718237958230871e-20,0.20982253014029695,2.2717220736716263e-20,ok,/home/elads/STAR/full_grid_solar_opacity/runs/T23653p4_rho1p41126em14/fac-opacity-cowan-state/starout.h5
23653.428258302065,2.0280871538024598e-14,fac-opacity-cowan-state,T23653p4_rho2p02809em14,0.20982253014029556,1.396585249006474e-19,0.20982253014029556,3.2646387412326076e-20,ok,/home/elads/STAR/full_grid_solar_opacity/runs/T23653p4_rho2p02809em14/fac-opacity-cowan-state/starout.h5
23653.428258302065,2.914519256800997e-14,fac-opacity-cowan-state,T23653p4_rho2p91452em14,0.20982253014029675,2.0069997916909301e-19,0.20982253014029667,4.691535631032112e-20,ok,/home/elads/STAR/full_grid_solar_opacity/runs/T23653p4_rho2p91452em14/fac-opacity-cowan-state/starout.h5
23653.428258302065,4.188391254457488e-14,fac-opacity-cowan-state,T23653p4_rho4p18839em14,0.20982253014029603,2.8842118208709296e-19,0.20982253014029603,6.74209484353056e-20,ok,/home/elads/STAR/full_grid_solar_opacity/runs/T23653p4_rho4p18839em14/fac-opacity-cowan-state/starout.h5
23653.428258302065,6.019044567806669e-14,fac-opacity-cowan-state,T23653p4_rho6p01904em14,0.20982253013970273,4.1448319418728657e-19,0.20982253013970273,9.688903807182383e-20,ok,/home/elads/STAR/full_grid_solar_opacity/runs/T23653p4_rho6p01904em14/fac-opacity-cowan-state/starout.h5
23653.428258302065,8.649836012976684e-14,fac-opacity-cowan-state,T23653p4_rho8p64984em14,0.20982253014029628,5.956438446129862e-19,0.20982253014029628,1.3923691568251183e-19,ok,/home/elads/STAR/full_grid_solar_opacity/runs/T23653p4_rho8p64984em14/fac-opacity-cowan-state/starout.h5
23653.428258302065,1.2430488295695167e-13,fac-opacity-cowan-state,T23653p4_rho1p24305em13,0.20982253014029173,8.559853810258338e-19,0.20982253014029173,2.0009401573570715e-19,ok,/home/elads/STAR/full_grid_solar_opacity/runs/T23653p4_rho1p24305em13/fac-opacity-cowan-state/starout.h5
23653.428258302065,1.7863580192457348e-13,fac-opacity-cowan-state,T23653p4_rho1p78636em13,0.20982253014019348,1.2301158424580373e-18,0.2098225301401935,2.8755027345438214e-19,ok,/home/elads/STAR/full_grid_solar_opacity/runs/T23653p4_rho1p78636em13/fac-opacity-cowan-state/starout.h5
23653.428258302065,2.567135656310987e-13,fac-opacity-cowan-state,T23653p4_rho2p56714em13,0.20982253014028648,1.7677696206709566e-18,0.20982253014028646,4.1323153910335087e-19,ok,/home/elads/STAR/full_grid_solar_opacity/runs/T23653p4_rho2p56714em13/fac-opacity-cowan-state/starout.h5
23653.428258302065,3.6891739544382357e-13,fac-opacity-cowan-state,T23653p4_rho3p68917em13,0.20982253014013627,2.540418958839507e-18,0.2098225301401362,5.938450795134634e-19,ok,/home/elads/STAR/full_grid_solar_opacity/runs/T23653p4_rho3p68917em13/fac-opacity-cowan-state/starout.h5
23653.428258302065,5.301630411562758e-13,fac-opacity-cowan-state,T23653p4_rho5p30163em13,0.20982253014029573,3.650775313975716e-18,0.20982253014029573,8.534006001586473e-19,ok,/home/elads/STAR/full_grid_solar_opacity/runs/T23653p4_rho5p30163em13/fac-opacity-cowan-state/starout.h5
23653.428258302065,7.618855973704612e-13,fac-opacity-cowan-state,T23653p4_rho7p61886em13,0.2098225301402857,5.246443483838961e-18,0.2098225301402857,1.2264020181536861e-18,ok,/home/elads/STAR/full_grid_solar_opacity/runs/T23653p4_rho7p61886em13/fac-opacity-cowan-state/starout.h5
23653.428258302065,1.0948889651276868e-12,fac-opacity-cowan-state,T23653p4_rho1p09489em12,0.20982253014029478,7.539544454214473e-18,0.20982253014029478,1.7624344881088394e-18,ok,/home/elads/STAR/full_grid_solar_opacity/runs/T23653p4_rho1p09489em12/fac-opacity-cowan-state/starout.h5
23653.428258302065,1.5734407502856082e-12,fac-opacity-cowan-state,T23653p4_rho1p57344em12,0.20982253014029126,1.0834915257440611e-17,0.20982253014029117,2.5327563245275723e-18,ok,/home/elads/STAR/full_grid_solar_opacity/runs/T23653p4_rho1p57344em12/fac-opacity-cowan-state/starout.h5
23653.428258302065,2.26115695153675e-12,fac-opacity-cowan-state,T23653p4_rho2p26116em12,0.20982253014024677,1.5570635495256675e-17,0.20982253014024685,3.639772462371938e-18,ok,/home/elads/STAR/full_grid_solar_opacity/runs/T23653p4_rho2p26116em12/fac-opacity-cowan-state/starout.h5
23653.428258302065,3.249458715591849e-12,fac-opacity-cowan-state,T23653p4_rho3p24946em12,0.20982253014029104,2.2376270275116137e-17,0.20982253014029104,5.230649193651834e-18,ok,/home/elads/STAR/full_grid_solar_opacity/runs/T23653p4_rho3p24946em12/fac-opacity-cowan-state/starout.h5
23653.428258302065,4.669725353279713e-12,fac-opacity-cowan-state,T23653p4_rho4p66973em12,0.20982253014045213,3.2156571388478655e-17,0.20982253014045213,7.516879957381458e-18,ok,/home/elads/STAR/full_grid_solar_opacity/runs/T23653p4_rho4p66973em12/fac-opacity-cowan-state/starout.h5
23653.428258302065,6.710759170575148e-12,fac-opacity-cowan-state,T23653p4_rho6p71076em12,0.20982253013922503,4.6211768068320195e-17,0.20982253013922497,1.0802404314666063e-17,ok,/home/elads/STAR/full_grid_solar_opacity/runs/T23653p4_rho6p71076em12/fac-opacity-cowan-state/starout.h5
23653.428258302065,9.64388379154446e-12,fac-opacity-cowan-state,T23653p4_rho9p64388em12,0.20982253014027638,6.641043745360361e-17,0.2098225301402764,1.5524017721013972e-17,ok,/home/elads/STAR/full_grid_solar_opacity/runs/T23653p4_rho9p64388em12/fac-opacity-cowan-state/starout.h5
23653.428258302065,1.3859012403933867e-11,fac-opacity-cowan-state,T23653p4_rho1p3859em11,0.209822530140273,9.54379228999025e-17,0.209822530140273,2.2309441111224848e-17,ok,/home/elads/STAR/full_grid_solar_opacity/runs/T23653p4_rho1p3859em11/fac-opacity-cowan-state/starout.h5
23653.428258302065,1.9916480638308542e-11,fac-opacity-cowan-state,T23653p4_rho1p99165em11,0.20982253014026114,1.371532522585522e-16,0.20982253014026114,3.2060753774598585e-17,ok,/home/elads/STAR/full_grid_solar_opacity/runs/T23653p4_rho1p99165em11/fac-opacity-cowan-state/starout.h5
23653.428258302065,2.8621534453892672e-11,fac-opacity-cowan-state,T23653p4_rho2p86215em11,0.20982253014024654,1.9710189358264069e-16,0.20982253014024657,4.6074254204936615e-17,ok,/home/elads/STAR/full_grid_solar_opacity/runs/T23653p4_rho2p86215em11/fac-opacity-cowan-state/starout.h5
23653.428258302065,4.1131375034185614e-11,fac-opacity-cowan-state,T23653p4_rho4p11314em11,0.209822530140229,2.832524256765754e-16,0.20982253014022906,6.621266607685988e-17,ok,/home/elads/STAR/full_grid_solar_opacity/runs/T23653p4_rho4p11314em11/fac-opacity-cowan-state/starout.h5
23653.428258302065,5.910899064227969e-11,fac-opacity-cowan-state,T23653p4_rho5p9109em11,0.2098225301401913,4.0705571239063837e-16,0.2098225301401914,9.515272760829261e-17,ok,/home/elads/STAR/full_grid_solar_opacity/runs/T23653p4_rho5p9109em11/fac-opacity-cowan-state/starout.h5
23653.428258302065,8.4944224982638e-11,fac-opacity-cowan-state,T23653p4_rho8p49442em11,0.20982253014014338,5.849685382558168e-16,0.20982253014014346,1.367413463854058e-16,ok,/home/elads/STAR/full_grid_solar_opacity/runs/T23653p4_rho8p49442em11/fac-opacity-cowan-state/starout.h5
23653.428258302065,1.2207146966133182e-10,fac-opacity-cowan-state,T23653p4_rho1p22071em10,0.20982253014007635,8.406432555856157e-16,0.20982253014007649,1.9650743797617703e-16,ok,/home/elads/STAR/full_grid_solar_opacity/runs/T23653p4_rho1p22071em10/fac-opacity-cowan-state/starout.h5
23653.428258302065,1.7542621300415897e-10,fac-opacity-cowan-state,T23653p4_rho1p75426em10,0.2098225301399804,1.2080701118212772e-15,0.20982253013998065,2.8239646967494055e-16,ok,/home/elads/STAR/full_grid_solar_opacity/runs/T23653p4_rho1p75426em10/fac-opacity-cowan-state/starout.h5
23653.428258302065,2.52101136279913e-10,fac-opacity-cowan-state,T23653p4_rho2p52101em10,0.2098225301398128,1.7360917165619082e-15,0.209822530139813,4.058257762876148e-16,ok,/home/elads/STAR/full_grid_solar_opacity/runs/T23653p4_rho2p52101em10/fac-opacity-cowan-state/starout.h5
23653.428258302065,3.6228897509242966e-10,fac-opacity-cowan-state,T23653p4_rho3p62289em10,0.20982253013964192,2.4948980947685647e-15,0.20982253013964225,5.832027936344641e-16,ok,/home/elads/STAR/full_grid_solar_opacity/runs/T23653p4_rho3p62289em10/fac-opacity-cowan-state/starout.h5
23653.428258302065,5.20637484663258e-10,fac-opacity-cowan-state,T23653p4_rho5p20637em10,0.20982253013935562,3.585367777353443e-15,0.20982253013935617,8.381085181956443e-16,ok,/home/elads/STAR/full_grid_solar_opacity/runs/T23653p4_rho5p20637em10/fac-opacity-cowan-state/starout.h5
23653.428258302065,7.481966305138837e-10,fac-opacity-cowan-state,T23653p4_rho7p48197em10,0.2098225301389468,5.1525215406618686e-15,0.20982253013894764,1.2044418667740572e-15,ok,/home/elads/STAR/full_grid_solar_opacity/runs/T23653p4_rho7p48197em10/fac-opacity-cowan-state/starout.h5
23653.428258302065,1.0752168531898921e-09,fac-opacity-cowan-state,T23653p4_rho1p07522em09,0.20982253013827662,7.40489010257988e-15,0.20982253013827784,1.7309457314239437e-15,ok,/home/elads/STAR/full_grid_solar_opacity/runs/T23653p4_rho1p07522em09/fac-opacity-cowan-state/starout.h5
23653.428258302065,1.5451703926941453e-09,fac-opacity-cowan-state,T23653p4_rho1p54517em09,0.2098225301375294,1.0641795098548631e-14,0.20982253013753102,2.4875891226548455e-15,ok,/home/elads/STAR/full_grid_solar_opacity/runs/T23653p4_rho1p54517em09/fac-opacity-cowan-state/starout.h5
23653.428258302065,2.220530245015531e-09,fac-opacity-cowan-state,T23653p4_rho2p22053em09,0.20982253013634247,1.529313142480392e-14,0.2098225301363449,3.574865822617775e-15,ok,/home/elads/STAR/full_grid_solar_opacity/runs/T23653p4_rho2p22053em09/fac-opacity-cowan-state/starout.h5
23653.428258302065,3.1910749729235452e-09,fac-opacity-cowan-state,T23653p4_rho3p19107em09,0.2098225301346604,2.19772975373714e-14,0.20982253013466384,5.137325205005386e-15,ok,/home/elads/STAR/full_grid_solar_opacity/runs/T23653p4_rho3p19107em09/fac-opacity-cowan-state/starout.h5
23653.428258302065,4.585823366142813e-09,fac-opacity-cowan-state,T23653p4_rho4p58582em09,0.2007171645933758,3.1547407276800477e-14,0.20071716459338074,7.377784507260806e-15,ok,/home/elads/STAR/full_grid_solar_opacity/runs/T23653p4_rho4p58582em09/fac-opacity-cowan-state/starout.h5
23653.428258302065,6.590185477903269e-09,fac-opacity-cowan-state,T23653p4_rho6p59019em09,0.20071716459004102,4.534920078321677e-14,0.2007171645900482,1.0604311832689737e-14,ok,/home/elads/STAR/full_grid_solar_opacity/runs/T23653p4_rho6p59019em09/fac-opacity-cowan-state/starout.h5
23653.428258302065,9.470610000772238e-09,fac-opacity-cowan-state,T23653p4_rho9p47061em09,0.20071716458567015,6.518104628065627e-14,0.20071716458568034,1.5240843375617164e-14,ok,/home/elads/STAR/full_grid_solar_opacity/runs/T23653p4_rho9p47061em09/fac-opacity-cowan-state/starout.h5
23653.428258302065,1.3610004466105506e-08,fac-opacity-cowan-state,T23653p4_rho1p361em08,0.2007171645792488,9.366722165128014e-14,0.20071716457926347,2.1902150903696796e-14,ok,/home/elads/STAR/full_grid_solar_opacity/runs/T23653p4_rho1p361em08/fac-opacity-cowan-state/starout.h5
23653.428258302065,1.9558636830395073e-08,fac-opacity-cowan-state,T23653p4_rho1p95586em08,0.20071716457113237,1.3495543790123617e-13,0.2007171645711537,3.152382413476818e-14,ok,/home/elads/STAR/full_grid_solar_opacity/runs/T23653p4_rho1p95586em08/fac-opacity-cowan-state/starout.h5
23653.428258302065,2.810728502080722e-08,fac-opacity-cowan-state,T23653p4_rho2p81073em08,0.20071716456058336,1.9355087126464294e-13,0.20071716456061392,4.5247738586006554e-14,ok,/home/elads/STAR/full_grid_solar_opacity/runs/T23653p4_rho2p81073em08/fac-opacity-cowan-state/starout.h5
23653.428258302065,4.039235853150913e-08,fac-opacity-cowan-state,T23653p4_rho4p03924em08,0.20071716454670227,2.783489618215652e-13,0.2007171645467456,6.505139288512712e-14,ok,/home/elads/STAR/full_grid_solar_opacity/runs/T23653p4_rho4p03924em08/fac-opacity-cowan-state/starout.h5
23653.428258302065,5.804696634805446e-08,fac-opacity-cowan-state,T23653p4_rho5p8047em08,0.20071716452928232,3.996431543597426e-13,0.20071716452934504,9.343080769467226e-14,ok,/home/elads/STAR/full_grid_solar_opacity/runs/T23653p4_rho5p8047em08/fac-opacity-cowan-state/starout.h5
23653.428258302065,8.341801332506338e-08,fac-opacity-cowan-state,T23653p4_rho8p3418em08,0.20071716450716354,5.745883174217509e-13,0.20071716450725402,1.3429936260888613e-13,ok,/home/elads/STAR/full_grid_solar_opacity/runs/T23653p4_rho8p3418em08/fac-opacity-cowan-state/starout.h5
23653.428258302065,1.1987818459583772e-07,fac-opacity-cowan-state,T23653p4_rho1p19878em07,0.2007171644799554,8.255215666299966e-13,0.20071716448008536,1.929679618144985e-13,ok,/home/elads/STAR/full_grid_solar_opacity/runs/T23653p4_rho1p19878em07/fac-opacity-cowan-state/starout.h5
23653.428258302065,1.7227429147699408e-07,fac-opacity-cowan-state,T23653p4_rho1p72274em07,0.20071716444655077,1.186375686042622e-12,0.20071716444673735,2.7729805364124065e-13,ok,/home/elads/STAR/full_grid_solar_opacity/runs/T23653p4_rho1p72274em07/fac-opacity-cowan-state/starout.h5
23653.428258302065,2.4757157946593376e-07,fac-opacity-cowan-state,T23653p4_rho2p47572em07,0.20071716440594664,1.7046851376264378e-12,0.2007171644062148,3.9846491065760544e-13,ok,/home/elads/STAR/full_grid_solar_opacity/runs/T23653p4_rho2p47572em07/fac-opacity-cowan-state/starout.h5
23653.428258302065,3.557796490339488e-07,fac-opacity-cowan-state,T23653p4_rho3p5578em07,0.20071716435738102,2.449669903976964e-12,0.20071716435776676,5.725737451766903e-13,ok,/home/elads/STAR/full_grid_solar_opacity/runs/T23653p4_rho3p5578em07/fac-opacity-cowan-state/starout.h5
23653.428258302065,5.112830759482948e-07,fac-opacity-cowan-state,T23653p4_rho5p11283em07,0.20071716429806236,3.5199537876573945e-12,0.20071716429861675,8.227615064799118e-13,ok,/home/elads/STAR/full_grid_solar_opacity/runs/T23653p4_rho5p11283em07/fac-opacity-cowan-state/starout.h5
23653.428258302065,7.347536163492159e-07,fac-opacity-cowan-state,T23653p4_rho7p34754em07,0.20071716422677618,5.05817694770654e-12,0.20071716422757196,1.1822618321612682e-12,ok,/home/elads/STAR/full_grid_solar_opacity/runs/T23653p4_rho7p34754em07/fac-opacity-cowan-state/starout.h5
23653.428258302065,1.0558981944335787e-06,fac-opacity-cowan-state,T23653p4_rho1p0559em06,0.20071716414123464,7.268463213485441e-12,0.20071716414237878,1.6988718244168626e-12,ok,/home/elads/STAR/full_grid_solar_opacity/runs/T23653p4_rho1p0559em06/fac-opacity-cowan-state/starout.h5
23653.428258302065,1.517407974863493e-06,fac-opacity-cowan-state,T23653p4_rho1p51741em06,0.2007171640388027,1.0445767580201357e-11,0.20071716404044673,2.441455107153104e-12,ok,/home/elads/STAR/full_grid_solar_opacity/runs/T23653p4_rho1p51741em06/fac-opacity-cowan-state/starout.h5
23653.428258302065,2.1806334875063253e-06,fac-opacity-cowan-state,T23653p4_rho2p18063em06,0.20071716391675387,1.501263441953521e-11,0.20071716391911676,3.5087479773543136e-12,ok,/home/elads/STAR/full_grid_solar_opacity/runs/T23653p4_rho2p18063em06/fac-opacity-cowan-state/starout.h5
23653.428258302065,3.1337402238588983e-06,fac-opacity-cowan-state,T23653p4_rho3p13374em06,0.20071716377149068,2.1573807305943878e-11,0.20071716377488516,5.04207885513584e-12,ok,/home/elads/STAR/full_grid_solar_opacity/runs/T23653p4_rho3p13374em06/fac-opacity-cowan-state/starout.h5
23653.428258302065,4.503428864545845e-06,fac-opacity-cowan-state,T23653p4_rho4p50343em06,0.2007171635971833,3.100509623338968e-11,0.20071716360206202,7.246038014659278e-12,ok,/home/elads/STAR/full_grid_solar_opacity/runs/T23653p4_rho4p50343em06/fac-opacity-cowan-state/starout.h5
23653.428258302065,6.471778159406801e-06,fac-opacity-cowan-state,T23653p4_rho6p47178em06,0.20071716338942658,4.4567003904825216e-11,0.20071716339643808,1.0414992073622352e-11,ok,/home/elads/STAR/full_grid_solar_opacity/runs/T23653p4_rho6p47178em06/fac-opacity-cowan-state/starout.h5
23653.428258302065,9.300449458481393e-06,fac-opacity-cowan-state,T23653p4_rho9p30045em06,0.20071716313919374,6.405206751490167e-11,0.2007171631492707,1.49677185610392e-11,ok,/home/elads/STAR/full_grid_solar_opacity/runs/T23653p4_rho9p30045em06/fac-opacity-cowan-state/starout.h5
23653.428258302065,1.3365470508911143e-05,fac-opacity-cowan-state,T23653p4_rho1p33655em05,0.200717426440502,9.202451966226634e-11,0.20071742645497917,2.1503352206354957e-11,ok,/home/elads/STAR/full_grid_solar_opacity/runs/T23653p4_rho1p33655em05/fac-opacity-cowan-state/starout.h5
23653.428258302065,1.920722248123928e-05,fac-opacity-cowan-state,T23653p4_rho1p92072em05,0.2007174217147118,1.322208988238527e-10,0.20071742173551055,3.089425813076992e-11,ok,/home/elads/STAR/full_grid_solar_opacity/runs/T23653p4_rho1p92072em05/fac-opacity-cowan-state/starout.h5
23653.428258302065,2.760227522090268e-05,fac-opacity-cowan-state,T23653p4_rho2p76023em05,0.20071741695519496,1.934818340521734e-10,0.20071741698589038,4.5483639515087004e-11,ok,/home/elads/STAR/full_grid_solar_opacity/runs/T23653p4_rho2p76023em05/fac-opacity-cowan-state/starout.h5
23653.428258302065,3.966662010161191e-05,fac-opacity-cowan-state,T23653p4_rho3p96666em05,0.2007174120740437,2.780344990431927e-10,0.20071741211815308,6.535847894807375e-11,ok,/home/elads/STAR/full_grid_solar_opacity/runs/T23653p4_rho3p96666em05/fac-opacity-cowan-state/starout.h5
23653.428258302065,5.7004023678963655e-05,fac-opacity-cowan-state,T23653p4_rho5p7004em05,0.20071740709893718,3.9936586620498463e-10,0.2007174071622762,9.385582541223657e-11,ok,/home/elads/STAR/full_grid_solar_opacity/runs/T23653p4_rho5p7004em05/fac-opacity-cowan-state/starout.h5
23653.428258302065,8.191922344953684e-05,fac-opacity-cowan-state,T23653p4_rho8p19192em05,0.2007174016535869,5.738622313725164e-10,0.20071740174458877,1.3485054757857325e-10,ok,/home/elads/STAR/full_grid_solar_opacity/runs/T23653p4_rho8p19192em05/fac-opacity-cowan-state/starout.h5
23653.428258302065,0.00011772430676769293,fac-opacity-cowan-state,T23653p4_rho0p000117724,0.20071739667747243,8.257314934838731e-10,0.2007173968085,1.9412229392059324e-10,ok,/home/elads/STAR/full_grid_solar_opacity/runs/T23653p4_rho0p000117724/fac-opacity-cowan-state/starout.h5
23653.428258302065,0.00016917900122028344,fac-opacity-cowan-state,T23653p4_rho0p000169179,0.20071739656061627,1.1854471022777578e-09,0.20071739674862474,2.785654544400068e-10,ok,/home/elads/STAR/full_grid_solar_opacity/runs/T23653p4_rho0p000169179/fac-opacity-cowan-state/starout.h5
23653.428258302065,0.0002431234061999784,fac-opacity-cowan-state,T23653p4_rho0p000243123,0.20071738489991484,1.7032867404957947e-09,0.20071738517002055,4.001931162344759e-10,ok,/home/elads/STAR/full_grid_solar_opacity/runs/T23653p4_rho0p000243123/fac-opacity-cowan-state/starout.h5
23653.428258302065,0.0003493872774749123,fac-opacity-cowan-state,T23653p4_rho0p000349387,0.2007173800756539,2.4454250989164434e-09,0.20071738046323512,5.742842015645313e-10,ok,/home/elads/STAR/full_grid_solar_opacity/runs/T23653p4_rho0p000349387/fac-opacity-cowan-state/starout.h5
23653.428258302065,0.0005020967399614471,fac-opacity-cowan-state,T23653p4_rho0p000502097,0.20071738210454715,3.515791162735183e-09,0.20071738266182976,8.256329280460108e-10,ok,/home/elads/STAR/full_grid_solar_opacity/runs/T23653p4_rho0p000502097/fac-opacity-cowan-state/starout.h5
23653.428258302065,0.0007215521357901021,fac-opacity-cowan-state,T23653p4_rho0p000721552,0.20071737873733453,5.05206815112152e-09,0.2007173795379952,1.18612491707871e-09,ok,/home/elads/STAR/full_grid_solar_opacity/runs/T23653p4_rho0p000721552/fac-opacity-cowan-state/starout.h5
23653.428258302065,0.0010369266382873438,fac-opacity-cowan-state,T23653p4_rho0p00103693,0.20071737320916022,7.254403850524636e-09,0.20071737435822573,1.7022861757370084e-09,ok,/home/elads/STAR/full_grid_solar_opacity/runs/T23653p4_rho0p00103693/fac-opacity-cowan-state/starout.h5
23653.428258302065,0.0014901443705277455,fac-opacity-cowan-state,T23653p4_rho0p00149014,0.20071736694871828,1.042263615288381e-08,0.20071736859912653,2.444815454887834e-09,ok,/home/elads/STAR/full_grid_solar_opacity/runs/T23653p4_rho0p00149014/fac-opacity-cowan-state/starout.h5
23653.428258302065,0.002141453563853953,fac-opacity-cowan-state,T23653p4_rho0p00214145,0.20071735759658796,1.4974093822315214e-08,0.20071735996685827,3.5108923580866223e-09,ok,/home/elads/STAR/full_grid_solar_opacity/runs/T23653p4_rho0p00214145/fac-opacity-cowan-state/starout.h5
23653.428258302065,0.003077435620898055,fac-opacity-cowan-state,T23653p4_rho0p00307744,0.20071735233924815,2.151223022602047e-08,0.20071735574300334,5.041231147491177e-09,ok,/home/elads/STAR/full_grid_solar_opacity/runs/T23653p4_rho0p00307744/fac-opacity-cowan-state/starout.h5
23653.428258302065,0.004422514763163053,fac-opacity-cowan-state,T23653p4_rho0p00442251,0.20071734296470262,3.090414040671528e-08,0.20071734785202716,7.237758499297553e-09,ok,/home/elads/STAR/full_grid_solar_opacity/runs/T23653p4_rho0p00442251/fac-opacity-cowan-state/starout.h5
23653.428258302065,0.006355498291362301,fac-opacity-cowan-state,T23653p4_rho0p0063555,0.20071733270798178,4.4395097237100036e-08,0.20071733972464523,1.0389931257748799e-08,ok,/home/elads/STAR/full_grid_solar_opacity/runs/T23653p4_rho0p0063555/fac-opacity-cowan-state/starout.h5
23653.428258302065,0.009133346228248624,fac-opacity-cowan-state,T23653p4_rho0p00913335,0.20071731673114132,6.377334630146037e-08,0.20071732680346435,1.4912639959234114e-08,ok,/home/elads/STAR/full_grid_solar_opacity/runs/T23653p4_rho0p00913335/fac-opacity-cowan-state/starout.h5
23653.428258302065,0.01312533014735226,fac-opacity-cowan-state,T23653p4_rho0p0131253,0.2007173024052851,9.16059929090236e-08,0.20071731686149785,2.1400091613186095e-08,ok,/home/elads/STAR/full_grid_solar_opacity/runs/T23653p4_rho0p0131253/fac-opacity-cowan-state/starout.h5
23653.428258302065,0.018862122071335155,fac-opacity-cowan-state,T23653p4_rho0p0188621,0.2007172894925538,1.3157581414225283e-07,0.2007173102359244,3.070227423352934e-08,ok,/home/elads/STAR/full_grid_solar_opacity/runs/T23653p4_rho0p0188621/fac-opacity-cowan-state/starout.h5
23653.428258302065,0.02710633904364831,fac-opacity-cowan-state,T23653p4_rho0p0271063,0.20071727764334948,1.889750453303822e-07,0.20071730740134006,4.4036961828961635e-08,ok,/home/elads/STAR/full_grid_solar_opacity/runs/T23653p4_rho0p0271063/fac-opacity-cowan-state/starout.h5
23653.428258302065,0.038953921174427183,fac-opacity-cowan-state,T23653p4_rho0p0389539,0.20071726523578293,2.713854506986616e-07,0.20071730791217124,6.314180170299821e-08,ok,/home/elads/STAR/full_grid_solar_opacity/runs/T23653p4_rho0p0389539/fac-opacity-cowan-state/starout.h5
23653.428258302065,0.0559798197912329,fac-opacity-cowan-state,T23653p4_rho0p0559798,0.2007172328641064,3.896848459513149e-07,0.2007172940437702,9.049917751021404e-08,ok,/home/elads/STAR/full_grid_solar_opacity/runs/T23653p4_rho0p0559798/fac-opacity-cowan-state/starout.h5
23653.428258302065,0.08044736266284185,fac-opacity-cowan-state,T23653p4_rho0p0804474,0.20071721924224384,5.594740334719627e-07,0.2007173069103396,1.2965184389734465e-07,ok,/home/elads/STAR/full_grid_solar_opacity/runs/T23653p4_rho0p0804474/fac-opacity-cowan-state/starout.h5
23653.428258302065,0.11560912813835741,fac-opacity-cowan-state,T23653p4_rho0p115609,0.20071720559612513,8.031432461573706e-07,0.20071733116832768,1.8565932466783764e-07,ok,/home/elads/STAR/full_grid_solar_opacity/runs/T23653p4_rho0p115609/fac-opacity-cowan-state/starout.h5
23653.428258302065,0.1661393247274789,fac-opacity-cowan-state,T23653p4_rho0p166139,0.20071719420516068,1.1527697816551668e-06,0.20071737397803419,2.6571824286631767e-07,ok,/home/elads/STAR/full_grid_solar_opacity/runs/T23653p4_rho0p166139/fac-opacity-cowan-state/starout.h5
23653.428258302065,0.23875515424585794,fac-opacity-cowan-state,T23653p4_rho0p238755,0.20071718291728738,1.654455716006814e-06,0.20071744018067925,3.801233323398719e-07,ok,/home/elads/STAR/full_grid_solar_opacity/runs/T23653p4_rho0p238755/fac-opacity-cowan-state/starout.h5
23653.428258302065,0.34310975906798746,fac-opacity-cowan-state,T23653p4_rho0p34311,0.20071710139889623,2.3746466900434298e-06,0.20071746947497468,5.436221299205837e-07,ok,/home/elads/STAR/full_grid_solar_opacity/runs/T23653p4_rho0p34311/fac-opacity-cowan-state/starout.h5
23653.428258302065,0.49307545690287347,fac-opacity-cowan-state,T23653p4_rho0p493075,0.2007170431118161,3.4085325909881197e-06,0.20071756958965006,7.771624286251653e-07,ok,/home/elads/STAR/full_grid_solar_opacity/runs/T23653p4_rho0p493075/fac-opacity-cowan-state/starout.h5
23653.428258302065,0.7085878491488851,fac-opacity-cowan-state,T23653p4_rho0p708588,0.2007169970946902,4.893145737862925e-06,0.2007177499923651,1.1106783434857744e-06,ok,/home/elads/STAR/full_grid_solar_opacity/runs/T23653p4_rho0p708588/fac-opacity-cowan-state/starout.h5
23653.428258302065,1.0182959482819007,fac-opacity-cowan-state,T23653p4_rho1p0183,0.20071687702742583,7.025488197112525e-06,0.20071795352826885,1.5868153138052577e-06,ok,/home/elads/STAR/full_grid_solar_opacity/runs/T23653p4_rho1p0183/fac-opacity-cowan-state/starout.h5
23653.428258302065,1.4633706173946401,fac-opacity-cowan-state,T23653p4_rho1p46337,0.2007166594670704,1.0088647983297445e-05,0.200718198316152,2.2662070557958394e-06,ok,/home/elads/STAR/full_grid_solar_opacity/runs/T23653p4_rho1p46337/fac-opacity-cowan-state/starout.h5
23653.428258302065,2.1029775945461404,fac-opacity-cowan-state,T23653p4_rho2p10298,0.20071645120183768,1.4489569586557054e-05,0.20071865034955685,3.2349980392036366e-06,ok,/home/elads/STAR/full_grid_solar_opacity/runs/T23653p4_rho2p10298/fac-opacity-cowan-state/starout.h5
23653.428258302065,3.0221426551783854,fac-opacity-cowan-state,T23653p4_rho3p02214,0.20071607614593348,2.081280204400714e-05,0.20071921769613177,4.6152699804340125e-06,ok,/home/elads/STAR/full_grid_solar_opacity/runs/T23653p4_rho3p02214/fac-opacity-cowan-state/starout.h5
23653.428258302065,4.343054463316713,fac-opacity-cowan-state,T23653p4_rho4p34305,0.20071553752645607,2.989829559806281e-05,0.20072002307726683,6.579796816983604e-06,ok,/home/elads/STAR/full_grid_solar_opacity/runs/T23653p4_rho4p34305/fac-opacity-cowan-state/starout.h5
23653.428258302065,6.241307649397467,fac-opacity-cowan-state,T23653p4_rho6p24131,0.2007147644705609,4.2952727171475274e-05,0.2007211650312414,9.372594024618685e-06,ok,/home/elads/STAR/full_grid_solar_opacity/runs/T23653p4_rho6p24131/fac-opacity-cowan-state/starout.h5
23653.428258302065,8.969245378672715,fac-opacity-cowan-state,T23653p4_rho8p96925,0.2007136431822485,6.170921946536514e-05,0.20072276950055418,1.3337483244151332e-05,ok,/home/elads/STAR/full_grid_solar_opacity/runs/T23653p4_rho8p96925/fac-opacity-cowan-state/starout.h5
23653.428258302065,12.889504440725364,fac-opacity-cowan-state,T23653p4_rho12p8895,0.2007120243985497,8.865708203218127e-05,0.20072502591334257,1.895782972153704e-05,ok,/home/elads/STAR/full_grid_solar_opacity/runs/T23653p4_rho12p8895/fac-opacity-cowan-state/starout.h5
23653.428258302065,18.52322215674118,fac-opacity-cowan-state,T23653p4_rho18p5232,0.20070970032802268,0.00012737070448900882,0.20072820393359253,2.691126205297941e-05,ok,/home/elads/STAR/full_grid_solar_opacity/runs/T23653p4_rho18p5232/fac-opacity-cowan-state/starout.h5
23653.428258302065,26.61931346126126,fac-opacity-cowan-state,T23653p4_rho26p6193,0.20070631890034663,0.0001829812056109509,0.20073262301038503,3.814485732826527e-05,ok,/home/elads/STAR/full_grid_solar_opacity/runs/T23653p4_rho26p6193/fac-opacity-cowan-state/starout.h5
23653.428258302065,38.254027466328665,fac-opacity-cowan-state,T23653p4_rho38p254,0.20070153793019738,0.00026285174724372987,0.20073888300580292,5.39778013009761e-05,ok,/home/elads/STAR/full_grid_solar_opacity/runs/T23653p4_rho38p254/fac-opacity-cowan-state/starout.h5
23653.428258302065,54.97401800103719,fac-opacity-cowan-state,T23653p4_rho54p974,0.20069474073955962,0.000377543413407986,0.2007476850054896,7.624061846721989e-05,ok,/home/elads/STAR/full_grid_solar_opacity/runs/T23653p4_rho54p974/fac-opacity-cowan-state/starout.h5
23653.428258302065,79.0019471240894,fac-opacity-cowan-state,T23653p4_rho79p0019,0.20068493360817016,0.0005421923206679461,0.20075987252164146,0.0001074623093633178,ok,/home/elads/STAR/full_grid_solar_opacity/runs/T23653p4_rho79p0019/fac-opacity-cowan-state/starout.h5
23653.428258302065,113.53195339077567,fac-opacity-cowan-state,T23653p4_rho113p532,0.2006709040621531,0.0007784727721462731,0.2007767854786078,0.0001511204319547089,ok,/home/elads/STAR/full_grid_solar_opacity/runs/T23653p4_rho113p532/fac-opacity-cowan-state/starout.h5
23653.428258302065,163.15426277379785,fac-opacity-cowan-state,T23653p4_rho163p154,0.2006508933797273,0.0011173803061451735,0.2008001964672058,0.00021197092858258403,ok,/home/elads/STAR/full_grid_solar_opacity/runs/T23653p4_rho163p154/fac-opacity-cowan-state/starout.h5
23653.428258302065,234.46538763970608,fac-opacity-cowan-state,T23653p4_rho234p465,0.20062234811996327,0.001603159668114413,0.20083241478003233,0.0002964782150419168,ok,/home/elads/STAR/full_grid_solar_opacity/runs/T23653p4_rho234p465/fac-opacity-cowan-state/starout.h5
23653.428258302065,336.94503022121665,fac-opacity-cowan-state,T23653p4_rho336p945,0.2005817435439401,0.0022988145310985416,0.20087657610262707,0.00041336836282294937,ok,/home/elads/STAR/full_grid_solar_opacity/runs/T23653p4_rho336p945/fac-opacity-cowan-state/starout.h5
23653.428258302065,484.21626123015125,fac-opacity-cowan-state,T23653p4_rho484p216,0.20052416140781001,0.003293751531028709,0.2009368276058693,0.0005743266719812536,ok,/home/elads/STAR/full_grid_solar_opacity/runs/T23653p4_rho484p216/fac-opacity-cowan-state/starout.h5
23653.428258302065,695.8564947100452,fac-opacity-cowan-state,T23653p4_rho695p856,0.2004429402626798,0.004714264293073095,0.2010187572811341,0.0007948608658796202,ok,/home/elads/STAR/full_grid_solar_opacity/runs/T23653p4_rho695p856/fac-opacity-cowan-state/starout.h5
23653.428258302065,1000.0,fac-opacity-cowan-state,T23653p4_rho1000,0.200328613935755,0.006737455010044356,0.20112929377449149,0.00109532032671592,ok,/home/elads/STAR/full_grid_solar_opacity/runs/T23653p4_rho1000/fac-opacity-cowan-state/starout.h5
26039.610793247495,1e-17,fac-opacity-cowan-state,T26039p6_rho1em17,0.20222189283950345,4.92155975235192e-23,0.20222189283950345,1.116163194278746e-23,ok,/home/elads/STAR/full_grid_solar_opacity/runs/T26039p6_rho1em17/fac-opacity-cowan-state/starout.h5
26039.610793247495,1.4370779141993746e-17,fac-opacity-cowan-state,T26039p6_rho1p43708em17,0.20222189283950354,7.066198199631677e-23,0.20222189283950354,1.6025883805608914e-23,ok,/home/elads/STAR/full_grid_solar_opacity/runs/T26039p6_rho1p43708em17/fac-opacity-cowan-state/starout.h5
26039.610793247495,2.065192931479625e-17,fac-opacity-cowan-state,T26039p6_rho2p06519em17,0.20222189283950345,1.0148214121483776e-22,0.20222189283950345,2.3016200215825242e-23,ok,/home/elads/STAR/full_grid_solar_opacity/runs/T26039p6_rho2p06519em17/fac-opacity-cowan-state/starout.h5
26039.610793247495,2.9678431503900313e-17,fac-opacity-cowan-state,T26039p6_rho2p96784em17,0.2022218928394922,1.4577876682221296e-22,0.2022218928394922,3.306303939643895e-23,ok,/home/elads/STAR/full_grid_solar_opacity/runs/T26039p6_rho2p96784em17/fac-opacity-cowan-state/starout.h5
26039.610793247495,4.2650218442334076e-17,fac-opacity-cowan-state,T26039p6_rho4p26502em17,0.2022218928394928,2.0944437574942756e-22,0.2022218928394928,4.7502821445321756e-23,ok,/home/elads/STAR/full_grid_solar_opacity/runs/T26039p6_rho4p26502em17/fac-opacity-cowan-state/starout.h5
26039.610793247495,6.129168695925715e-17,fac-opacity-cowan-state,T26039p6_rho6p12917em17,0.20222189283949177,3.009625870240979e-22,0.20222189283949168,6.825963674059694e-23,ok,/home/elads/STAR/full_grid_solar_opacity/runs/T26039p6_rho6p12917em17/fac-opacity-cowan-state/starout.h5
26039.610793247495,8.808092965317026e-17,fac-opacity-cowan-state,T26039p6_rho8p80809em17,0.20222189283949274,4.325066385619982e-22,0.2022218928394927,9.809440629430589e-23,ok,/home/elads/STAR/full_grid_solar_opacity/runs/T26039p6_rho8p80809em17/fac-opacity-cowan-state/starout.h5
26039.610793247495,1.2657915866672028e-16,fac-opacity-cowan-state,T26039p6_rho1p26579em16,0.20222189283949235,6.215456706441784e-22,0.20222189283949235,1.4096928993149732e-22,ok,/home/elads/STAR/full_grid_solar_opacity/runs/T26039p6_rho1p26579em16/fac-opacity-cowan-state/starout.h5
26039.610793247495,1.819041133178821e-16,fac-opacity-cowan-state,T26039p6_rho1p81904em16,0.20222189283949263,8.932094423005487e-22,0.20222189283949263,2.0258382831094233e-22,ok,/home/elads/STAR/full_grid_solar_opacity/runs/T26039p6_rho1p81904em16/fac-opacity-cowan-state/starout.h5
26039.610793247495,2.6141038375114865e-16,fac-opacity-cowan-state,T26039p6_rho2p6141em16,0.20222189283952482,1.2836113712346301e-21,0.20222189283952482,2.911287034591699e-22,ok,/home/elads/STAR/full_grid_solar_opacity/runs/T26039p6_rho2p6141em16/fac-opacity-cowan-state/starout.h5
26039.610793247495,3.7566708903116036e-16,fac-opacity-cowan-state,T26039p6_rho3p75667em16,0.20222189283952505,1.844649257628518e-21,0.202221892839525,4.183745648662557e-22,ok,/home/elads/STAR/full_grid_solar_opacity/runs/T26039p6_rho3p75667em16/fac-opacity-cowan-state/starout.h5
26039.610793247495,5.398628767382507e-16,fac-opacity-cowan-state,T26039p6_rho5p39863em16,0.20222189283952546,2.6509042187093793e-21,0.20222189283952546,6.012367372654335e-22,ok,/home/elads/STAR/full_grid_solar_opacity/runs/T26039p6_rho5p39863em16/fac-opacity-cowan-state/starout.h5
26039.610793247495,7.758250168566793e-16,fac-opacity-cowan-state,T26039p6_rho7p75825em16,0.20222189283952496,3.80955511637373e-21,0.20222189283952496,8.640238615526405e-22,ok,/home/elads/STAR/full_grid_solar_opacity/runs/T26039p6_rho7p75825em16/fac-opacity-cowan-state/starout.h5
26039.610793247495,1.1149209970080914e-15,fac-opacity-cowan-state,T26039p6_rho1p11492em15,0.20222189283952532,5.4746262221306075e-21,0.20222189283952532,1.2416693212915186e-21,ok,/home/elads/STAR/full_grid_solar_opacity/runs/T26039p6_rho1p11492em15/fac-opacity-cowan-state/starout.h5
26039.610793247495,1.6022283408774753e-15,fac-opacity-cowan-state,T26039p6_rho1p60223em15,0.20222189283952482,7.867462265780576e-21,0.2022218928395248,1.7843750821689154e-21,ok,/home/elads/STAR/full_grid_solar_opacity/runs/T26039p6_rho1p60223em15/fac-opacity-cowan-state/starout.h5
26039.610793247495,2.3025269621793266e-15,fac-opacity-cowan-state,T26039p6_rho2p30253em15,0.20222189283952519,1.1306152752360318e-20,0.20222189283952519,2.5642852463154606e-21,ok,/home/elads/STAR/full_grid_solar_opacity/runs/T26039p6_rho2p30253em15/fac-opacity-cowan-state/starout.h5
26039.610793247495,3.308910644196489e-15,fac-opacity-cowan-state,T26039p6_rho3p30891em15,0.20222189283952538,1.6247816677204857e-20,0.20222189283952532,3.6850764408515335e-21,ok,/home/elads/STAR/full_grid_solar_opacity/runs/T26039p6_rho3p30891em15/fac-opacity-cowan-state/starout.h5
26039.610793247495,4.755162406834019e-15,fac-opacity-cowan-state,T26039p6_rho4p75516em15,0.2022218928395249,2.3349368758038014e-20,0.20222189283952494,5.295739799785124e-21,ok,/home/elads/STAR/full_grid_solar_opacity/runs/T26039p6_rho4p75516em15/fac-opacity-cowan-state/starout.h5
26039.610793247495,6.8335388732923106e-15,fac-opacity-cowan-state,T26039p6_rho6p83354em15,0.20222189283952566,3.355484667812902e-20,0.20222189283952566,7.610387292470994e-21,ok,/home/elads/STAR/full_grid_solar_opacity/runs/T26039p6_rho6p83354em15/fac-opacity-cowan-state/starout.h5
26039.610793247495,9.820327790631256e-15,fac-opacity-cowan-state,T26039p6_rho9p82033em15,0.2022218928395164,4.8220903226271065e-20,0.2022218928395164,1.0936713828434907e-20,ok,/home/elads/STAR/full_grid_solar_opacity/runs/T26039p6_rho9p82033em15/fac-opacity-cowan-state/starout.h5
26039.610793247495,1.4112576178114521e-14,fac-opacity-cowan-state,T26039p6_rho1p41126em14,0.20222189283952463,6.929715309566193e-20,0.2022218928395246,1.57169006545428e-20,ok,/home/elads/STAR/full_grid_solar_opacity/runs/T26039p6_rho1p41126em14/fac-opacity-cowan-state/starout.h5
26039.610793247495,2.0280871538024598e-14,fac-opacity-cowan-state,T26039p6_rho2p02809em14,0.20222189283952538,9.95853409692531e-20,0.20222189283952538,2.2586395963287435e-20,ok,/home/elads/STAR/full_grid_solar_opacity/runs/T26039p6_rho2p02809em14/fac-opacity-cowan-state/starout.h5
26039.610793247495,2.914519256800997e-14,fac-opacity-cowan-state,T26039p6_rho2p91452em14,0.202221892839282,1.4311178558497028e-19,0.202221892839282,3.245838690107962e-20,ok,/home/elads/STAR/full_grid_solar_opacity/runs/T26039p6_rho2p91452em14/fac-opacity-cowan-state/starout.h5
26039.610793247495,4.188391254457488e-14,fac-opacity-cowan-state,T26039p6_rho4p18839em14,0.2022218928395247,2.0566261086556609e-19,0.2022218928395246,4.6645192256246153e-20,ok,/home/elads/STAR/full_grid_solar_opacity/runs/T26039p6_rho4p18839em14/fac-opacity-cowan-state/starout.h5
26039.610793247495,6.019044567806669e-14,fac-opacity-cowan-state,T26039p6_rho6p01904em14,0.20222189283952527,2.9555291419846543e-19,0.2022218928395252,6.703271331784327e-20,ok,/home/elads/STAR/full_grid_solar_opacity/runs/T26039p6_rho6p01904em14/fac-opacity-cowan-state/starout.h5
26039.610793247495,8.649836012976684e-14,fac-opacity-cowan-state,T26039p6_rho8p64984em14,0.2022218928395247,4.2473212620172285e-19,0.2022218928395246,9.633113536680134e-20,ok,/home/elads/STAR/full_grid_solar_opacity/runs/T26039p6_rho8p64984em14/fac-opacity-cowan-state/starout.h5
26039.610793247495,1.2430488295695167e-13,fac-opacity-cowan-state,T26039p6_rho1p24305em13,0.20222189283952538,6.103724715045806e-19,0.20222189283952538,1.3843519543400874e-19,ok,/home/elads/STAR/full_grid_solar_opacity/runs/T26039p6_rho1p24305em13/fac-opacity-cowan-state/starout.h5
26039.610793247495,1.7863580192457348e-13,fac-opacity-cowan-state,T26039p6_rho1p78636em13,0.2022218928395252,8.771517614299502e-19,0.2022218928395252,1.9894193427486877e-19,ok,/home/elads/STAR/full_grid_solar_opacity/runs/T26039p6_rho1p78636em13/fac-opacity-cowan-state/starout.h5
26039.610793247495,2.567135656310987e-13,fac-opacity-cowan-state,T26039p6_rho2p56714em13,0.20222189283952638,1.2605338847642054e-18,0.20222189283952638,2.858947224394962e-19,ok,/home/elads/STAR/full_grid_solar_opacity/runs/T26039p6_rho2p56714em13/fac-opacity-cowan-state/starout.h5
26039.610793247495,3.6891739544382357e-13,fac-opacity-cowan-state,T26039p6_rho3p68917em13,0.20222189283952505,1.8114832344387692e-18,0.20222189283952505,4.1085251545287927e-19,ok,/home/elads/STAR/full_grid_solar_opacity/runs/T26039p6_rho3p68917em13/fac-opacity-cowan-state/starout.h5
26039.610793247495,5.301630411562758e-13,fac-opacity-cowan-state,T26039p6_rho5p30163em13,0.20222189283952446,2.60323975785443e-18,0.20222189283952446,5.904264663200725e-19,ok,/home/elads/STAR/full_grid_solar_opacity/runs/T26039p6_rho5p30163em13/fac-opacity-cowan-state/starout.h5
26039.610793247495,7.618855973704612e-13,fac-opacity-cowan-state,T26039p6_rho7p61886em13,0.20222189283952474,3.74105516078973e-18,0.20222189283952474,8.484881381060788e-19,ok,/home/elads/STAR/full_grid_solar_opacity/runs/T26039p6_rho7p61886em13/fac-opacity-cowan-state/starout.h5
26039.610793247495,1.0948889651276868e-12,fac-opacity-cowan-state,T26039p6_rho1p09489em12,0.2022218928395232,5.3761851739073004e-18,0.2022218928395232,1.2193430214856588e-18,ok,/home/elads/STAR/full_grid_solar_opacity/runs/T26039p6_rho1p09489em12/fac-opacity-cowan-state/starout.h5
26039.610793247495,1.5734407502856082e-12,fac-opacity-cowan-state,T26039p6_rho1p57344em12,0.2022218928395233,7.725997540590225e-18,0.2022218928395233,1.752291092315244e-18,ok,/home/elads/STAR/full_grid_solar_opacity/runs/T26039p6_rho1p57344em12/fac-opacity-cowan-state/starout.h5
26039.610793247495,2.26115695153675e-12,fac-opacity-cowan-state,T26039p6_rho2p26116em12,0.20222189283951988,1.1102869640646983e-17,0.20222189283951988,2.5181809414100085e-18,ok,/home/elads/STAR/full_grid_solar_opacity/runs/T26039p6_rho2p26116em12/fac-opacity-cowan-state/starout.h5
26039.610793247495,3.249458715591849e-12,fac-opacity-cowan-state,T26039p6_rho3p24946em12,0.20222189283952047,1.5955718419931222e-17,0.20222189283952047,3.618828907370988e-18,ok,/home/elads/STAR/full_grid_solar_opacity/runs/T26039p6_rho3p24946em12/fac-opacity-cowan-state/starout.h5
26039.610793247495,4.669725353279713e-12,fac-opacity-cowan-state,T26039p6_rho4p66973em12,0.20222189283951855,2.2929682875465912e-17,0.20222189283951855,5.200555282151396e-18,ok,/home/elads/STAR/full_grid_solar_opacity/runs/T26039p6_rho4p66973em12/fac-opacity-cowan-state/starout.h5
26039.610793247495,6.710759170575148e-12,fac-opacity-cowan-state,T26039p6_rho6p71076em12,0.2022218928395147,3.295189529904183e-17,0.20222189283951467,7.473637582733776e-18,ok,/home/elads/STAR/full_grid_solar_opacity/runs/T26039p6_rho6p71076em12/fac-opacity-cowan-state/starout.h5
26039.610793247495,9.64388379154446e-12,fac-opacity-cowan-state,T26039p6_rho9p64388em12,0.20222189283951117,4.735474174062249e-17,0.20222189283951117,1.0740266471888509e-17,ok,/home/elads/STAR/full_grid_solar_opacity/runs/T26039p6_rho9p64388em12/fac-opacity-cowan-state/starout.h5
26039.610793247495,1.3859012403933867e-11,fac-opacity-cowan-state,T26039p6_rho1p3859em11,0.20222189283950445,6.805299017535845e-17,0.20222189283950445,1.543471903357548e-17,ok,/home/elads/STAR/full_grid_solar_opacity/runs/T26039p6_rho1p3859em11/fac-opacity-cowan-state/starout.h5
26039.610793247495,1.9916480638308542e-11,fac-opacity-cowan-state,T26039p6_rho1p99165em11,0.2022218928391289,9.779829534651352e-17,0.20222189283912886,2.2181081686841405e-17,ok,/home/elads/STAR/full_grid_solar_opacity/runs/T26039p6_rho1p99165em11/fac-opacity-cowan-state/starout.h5
26039.610793247495,2.8621534453892672e-11,fac-opacity-cowan-state,T26039p6_rho2p86215em11,0.20222189283948136,1.405448600640618e-16,0.2022218928394814,3.187618372829071e-17,ok,/home/elads/STAR/full_grid_solar_opacity/runs/T26039p6_rho2p86215em11/fac-opacity-cowan-state/starout.h5
26039.610793247495,4.1131375034185614e-11,fac-opacity-cowan-state,T26039p6_rho4p11314em11,0.202221892839462,2.0197481437222437e-16,0.20222189283946201,4.580875734063088e-17,ok,/home/elads/STAR/full_grid_solar_opacity/runs/T26039p6_rho4p11314em11/fac-opacity-cowan-state/starout.h5
26039.610793247495,5.910899064227969e-11,fac-opacity-cowan-state,T26039p6_rho5p9109em11,0.20222189283943176,2.90253477812682e-16,0.20222189283943176,6.583073351243965e-17,ok,/home/elads/STAR/full_grid_solar_opacity/runs/T26039p6_rho5p9109em11/fac-opacity-cowan-state/starout.h5
26039.610793247495,8.4944224982638e-11,fac-opacity-cowan-state,T26039p6_rho8p49442em11,0.20222189283939682,4.1711550676679154e-16,0.2022218928393969,9.460358072186174e-17,ok,/home/elads/STAR/full_grid_solar_opacity/runs/T26039p6_rho8p49442em11/fac-opacity-cowan-state/starout.h5
26039.610793247495,1.2207146966133182e-10,fac-opacity-cowan-state,T26039p6_rho1p22071em10,0.20222189283860678,5.994260187820214e-16,0.20222189283860684,1.3595236862253333e-16,ok,/home/elads/STAR/full_grid_solar_opacity/runs/T26039p6_rho1p22071em10/fac-opacity-cowan-state/starout.h5
26039.610793247495,1.7542621300415897e-10,fac-opacity-cowan-state,T26039p6_rho1p75426em10,0.2022218928392671,8.614219517863197e-16,0.20222189283926723,1.953741135182588e-16,ok,/home/elads/STAR/full_grid_solar_opacity/runs/T26039p6_rho1p75426em10/fac-opacity-cowan-state/starout.h5
26039.610793247495,2.52101136279913e-10,fac-opacity-cowan-state,T26039p6_rho2p52101em10,0.2022218928391414,1.2379317493122398e-15,0.2022218928391416,2.807680299809189e-16,ok,/home/elads/STAR/full_grid_solar_opacity/runs/T26039p6_rho2p52101em10/fac-opacity-cowan-state/starout.h5
26039.610793247495,3.6228897509242966e-10,fac-opacity-cowan-state,T26039p6_rho3p62289em10,0.20222189283897615,1.7790058610069494e-15,0.20222189283897637,4.0348572629499974e-16,ok,/home/elads/STAR/full_grid_solar_opacity/runs/T26039p6_rho3p62289em10/fac-opacity-cowan-state/starout.h5
26039.610793247495,5.20637484663258e-10,fac-opacity-cowan-state,T26039p6_rho5p20637em10,0.20222189283873934,2.556576054115523e-15,0.20222189283873968,5.798415046688926e-16,ok,/home/elads/STAR/full_grid_solar_opacity/runs/T26039p6_rho5p20637em10/fac-opacity-cowan-state/starout.h5
26039.610793247495,7.481966305138837e-10,fac-opacity-cowan-state,T26039p6_rho7p48197em10,0.20222189283557196,3.6740437142789316e-15,0.2022218928355725,8.332866782256075e-16,ok,/home/elads/STAR/full_grid_solar_opacity/runs/T26039p6_rho7p48197em10/fac-opacity-cowan-state/starout.h5
26039.610793247495,1.0752168531898921e-09,fac-opacity-cowan-state,T26039p6_rho1p07522em09,0.2022218928379089,5.280071859982604e-15,0.20222189283790967,1.197536958014401e-15,ok,/home/elads/STAR/full_grid_solar_opacity/runs/T26039p6_rho1p07522em09/fac-opacity-cowan-state/starout.h5
26039.610793247495,1.5451703926941453e-09,fac-opacity-cowan-state,T26039p6_rho1p54517em09,0.2022218928371591,7.588094080750084e-15,0.2022218928371602,1.72100009670374e-15,ok,/home/elads/STAR/full_grid_solar_opacity/runs/T26039p6_rho1p54517em09/fac-opacity-cowan-state/starout.h5
26039.610793247495,2.220530245015531e-09,fac-opacity-cowan-state,T26039p6_rho2p22053em09,0.20222189283575556,1.0904699001914964e-14,0.20222189283575726,2.4732130149563394e-15,ok,/home/elads/STAR/full_grid_solar_opacity/runs/T26039p6_rho2p22053em09/fac-opacity-cowan-state/starout.h5
26039.610793247495,3.1910749729235452e-09,fac-opacity-cowan-state,T26039p6_rho3p19107em09,0.20222189283482098,1.5670839517497706e-14,0.20222189283482336,3.554181883896346e-15,ok,/home/elads/STAR/full_grid_solar_opacity/runs/T26039p6_rho3p19107em09/fac-opacity-cowan-state/starout.h5
26039.610793247495,4.585823366142813e-09,fac-opacity-cowan-state,T26039p6_rho4p58582em09,0.20222189283273892,2.2520073525455883e-14,0.20222189283274222,5.107596274290852e-15,ok,/home/elads/STAR/full_grid_solar_opacity/runs/T26039p6_rho4p58582em09/fac-opacity-cowan-state/starout.h5
26039.610793247495,6.590185477903269e-09,fac-opacity-cowan-state,T26039p6_rho6p59019em09,0.19256107638547224,3.23991909411218e-14,0.19256107638547715,7.344902985036851e-15,ok,/home/elads/STAR/full_grid_solar_opacity/runs/T26039p6_rho6p59019em09/fac-opacity-cowan-state/starout.h5
26039.610793247495,9.470610000772238e-09,fac-opacity-cowan-state,T26039p6_rho9p47061em09,0.19256107638183562,4.6507594714827426e-14,0.1925610763818426,1.0548256639518504e-14,ok,/home/elads/STAR/full_grid_solar_opacity/runs/T26039p6_rho9p47061em09/fac-opacity-cowan-state/starout.h5
26039.610793247495,1.3610004466105506e-08,fac-opacity-cowan-state,T26039p6_rho1p361em08,0.19256107637648381,6.684742197536836e-14,0.19256107637649378,1.5160469342278848e-14,ok,/home/elads/STAR/full_grid_solar_opacity/runs/T26039p6_rho1p361em08/fac-opacity-cowan-state/starout.h5
26039.610793247495,1.9558636830395073e-08,fac-opacity-cowan-state,T26039p6_rho1p95586em08,0.1925610763697901,9.602213330214538e-14,0.19256107636980443,2.178121495855406e-14,ok,/home/elads/STAR/full_grid_solar_opacity/runs/T26039p6_rho1p95586em08/fac-opacity-cowan-state/starout.h5
26039.610793247495,2.810728502080722e-08,fac-opacity-cowan-state,T26039p6_rho2p81073em08,0.19256107636096875,1.38095383098035e-13,0.19256107636098932,3.1314969808199745e-14,ok,/home/elads/STAR/full_grid_solar_opacity/runs/T26039p6_rho2p81073em08/fac-opacity-cowan-state/starout.h5
26039.610793247495,4.039235853150913e-08,fac-opacity-cowan-state,T26039p6_rho4p03924em08,0.19256107634944158,1.9832495104847825e-13,0.1925610763494713,4.498452071630676e-14,ok,/home/elads/STAR/full_grid_solar_opacity/runs/T26039p6_rho4p03924em08/fac-opacity-cowan-state/starout.h5
26039.610793247495,5.804696634805446e-08,fac-opacity-cowan-state,T26039p6_rho5p8047em08,0.19256107633443698,2.850701186194793e-13,0.19256107633447947,6.465292526791998e-14,ok,/home/elads/STAR/full_grid_solar_opacity/runs/T26039p6_rho5p8047em08/fac-opacity-cowan-state/starout.h5
26039.610793247495,8.341801332506338e-08,fac-opacity-cowan-state,T26039p6_rho8p3418em08,0.1925610763165941,4.0958050514972175e-13,0.19256107631665517,9.289785834809904e-14,ok,/home/elads/STAR/full_grid_solar_opacity/runs/T26039p6_rho8p3418em08/fac-opacity-cowan-state/starout.h5
26039.610793247495,1.1987818459583772e-07,fac-opacity-cowan-state,T26039p6_rho1p19878em07,0.1925610762939914,5.886087041092834e-13,0.19256107629407893,1.33499120694183e-13,ok,/home/elads/STAR/full_grid_solar_opacity/runs/T26039p6_rho1p19878em07/fac-opacity-cowan-state/starout.h5
26039.610793247495,1.7227429147699408e-07,fac-opacity-cowan-state,T26039p6_rho1p72274em07,0.1925610762662426,8.458401922328966e-13,0.19256107626636895,1.9184211892303025e-13,ok,/home/elads/STAR/full_grid_solar_opacity/runs/T26039p6_rho1p72274em07/fac-opacity-cowan-state/starout.h5
26039.610793247495,2.4757157946593376e-07,fac-opacity-cowan-state,T26039p6_rho2p47572em07,0.19256107623251326,1.215512777326102e-12,0.19256107623269494,2.756751686932843e-13,ok,/home/elads/STAR/full_grid_solar_opacity/runs/T26039p6_rho2p47572em07/fac-opacity-cowan-state/starout.h5
26039.610793247495,3.557796490339488e-07,fac-opacity-cowan-state,T26039p6_rho3p5578em07,0.1925610761921609,1.7467001370766135e-12,0.19256107619242116,3.9615106190130394e-13,ok,/home/elads/STAR/full_grid_solar_opacity/runs/T26039p6_rho3p5578em07/fac-opacity-cowan-state/starout.h5
26039.610793247495,5.112830759482948e-07,fac-opacity-cowan-state,T26039p6_rho5p11283em07,0.1925610761429318,2.510020991602983e-12,0.19256107614330545,5.692502810173402e-13,ok,/home/elads/STAR/full_grid_solar_opacity/runs/T26039p6_rho5p11283em07/fac-opacity-cowan-state/starout.h5
26039.610793247495,7.347536163492159e-07,fac-opacity-cowan-state,T26039p6_rho7p34754em07,0.19256107608373244,3.6071201017786727e-12,0.19256107608426942,8.18000614094061e-13,ok,/home/elads/STAR/full_grid_solar_opacity/runs/T26039p6_rho7p34754em07/fac-opacity-cowan-state/starout.h5
26039.610793247495,1.0558981944335787e-06,fac-opacity-cowan-state,T26039p6_rho1p0559em06,0.19256107601268027,5.1830669711546335e-12,0.19256107601345168,1.175444426428904e-12,ok,/home/elads/STAR/full_grid_solar_opacity/runs/T26039p6_rho1p0559em06/fac-opacity-cowan-state/starout.h5
26039.610793247495,1.517407974863493e-06,fac-opacity-cowan-state,T26039p6_rho1p51741em06,0.19256107592764385,7.449024647877946e-12,0.1925610759287527,1.6892372956814746e-12,ok,/home/elads/STAR/full_grid_solar_opacity/runs/T26039p6_rho1p51741em06/fac-opacity-cowan-state/starout.h5
26039.610793247495,2.1806334875063253e-06,fac-opacity-cowan-state,T26039p6_rho2p18063em06,0.1925610758262888,1.0705389521756644e-11,0.1925610758278819,2.427673621013042e-12,ok,/home/elads/STAR/full_grid_solar_opacity/runs/T26039p6_rho2p18063em06/fac-opacity-cowan-state/starout.h5
26039.610793247495,3.1337402238588983e-06,fac-opacity-cowan-state,T26039p6_rho3p13374em06,0.19256107570533051,1.5384179986291147e-11,0.1925610757076219,3.4886087053674604e-12,ok,/home/elads/STAR/full_grid_solar_opacity/runs/T26039p6_rho3p13374em06/fac-opacity-cowan-state/starout.h5
26039.610793247495,4.503428864545845e-06,fac-opacity-cowan-state,T26039p6_rho4p50343em06,0.19256107556089283,2.210928541295965e-11,0.19256107556418445,5.013499417436413e-12,ok,/home/elads/STAR/full_grid_solar_opacity/runs/T26039p6_rho4p50343em06/fac-opacity-cowan-state/starout.h5
26039.610793247495,6.471778159406801e-06,fac-opacity-cowan-state,T26039p6_rho6p47178em06,0.1925610753884793,3.1778660997508514e-11,0.19256107539321,7.20578545094059e-12,ok,/home/elads/STAR/full_grid_solar_opacity/runs/T26039p6_rho6p47178em06/fac-opacity-cowan-state/starout.h5
26039.610793247495,9.300449458481393e-06,fac-opacity-cowan-state,T26039p6_rho9p30045em06,0.19256107518066978,4.567159880092885e-11,0.1925610751874705,1.0355569817944097e-11,ok,/home/elads/STAR/full_grid_solar_opacity/runs/T26039p6_rho9p30045em06/fac-opacity-cowan-state/starout.h5
26039.610793247495,1.3365470508911143e-05,fac-opacity-cowan-state,T26039p6_rho1p33655em05,0.19256107494715155,6.562047656578508e-11,0.19256107495692207,1.4878198044330985e-11,ok,/home/elads/STAR/full_grid_solar_opacity/runs/T26039p6_rho1p33655em05/fac-opacity-cowan-state/starout.h5
26039.610793247495,1.920722248123928e-05,fac-opacity-cowan-state,T26039p6_rho1p92072em05,0.1925610746497429,9.428667868654347e-11,0.19256107466378192,2.1376666507669486e-11,ok,/home/elads/STAR/full_grid_solar_opacity/runs/T26039p6_rho1p92072em05/fac-opacity-cowan-state/starout.h5
26039.610793247495,2.760227522090268e-05,fac-opacity-cowan-state,T26039p6_rho2p76023em05,0.19256107432401381,1.377322284409606e-10,0.19256107434468178,3.1396516027996394e-11,ok,/home/elads/STAR/full_grid_solar_opacity/runs/T26039p6_rho2p76023em05/fac-opacity-cowan-state/starout.h5
26039.610793247495,3.966662010161191e-05,fac-opacity-cowan-state,T26039p6_rho3p96666em05,0.19256107389736388,1.9792330192645352e-10,0.19256107392706118,4.511772155575535e-11,ok,/home/elads/STAR/full_grid_solar_opacity/runs/T26039p6_rho3p96666em05/fac-opacity-cowan-state/starout.h5
26039.610793247495,5.7004023678963655e-05,fac-opacity-cowan-state,T26039p6_rho5p7004em05,0.1925610733930911,2.8431158495611616e-10,0.19256107343573814,6.479548678739598e-11,ok,/home/elads/STAR/full_grid_solar_opacity/runs/T26039p6_rho5p7004em05/fac-opacity-cowan-state/starout.h5
26039.610793247495,8.191922344953684e-05,fac-opacity-cowan-state,T26039p6_rho8p19192em05,0.192561072218171,4.0853553932962926e-10,0.19256107227944466,9.309575845821403e-11,ok,/home/elads/STAR/full_grid_solar_opacity/runs/T26039p6_rho8p19192em05/fac-opacity-cowan-state/starout.h5
26039.610793247495,0.00011772430676769293,fac-opacity-cowan-state,T26039p6_rho0p000117724,0.19256107183054844,5.876090917739809e-10,0.19256107191872116,1.3394307132087303e-10,ok,/home/elads/STAR/full_grid_solar_opacity/runs/T26039p6_rho0p000117724/fac-opacity-cowan-state/starout.h5
26039.610793247495,0.00016917900122028344,fac-opacity-cowan-state,T26039p6_rho0p000169179,0.19256106819797147,8.444795315945059e-10,0.1925610683246886,1.924852627060763e-10,ok,/home/elads/STAR/full_grid_solar_opacity/runs/T26039p6_rho0p000169179/fac-opacity-cowan-state/starout.h5
26039.610793247495,0.0002431234061999784,fac-opacity-cowan-state,T26039p6_rho0p000243123,0.19256107003403447,1.2126122064984145e-09,0.19256107021591806,2.7629923386336375e-10,ok,/home/elads/STAR/full_grid_solar_opacity/runs/T26039p6_rho0p000243123/fac-opacity-cowan-state/starout.h5
26039.610793247495,0.0003493872774749123,fac-opacity-cowan-state,T26039p6_rho0p000349387,0.19256106825843847,1.7428646697026658e-09,0.1925610685198556,3.970929657726542e-10,ok,/home/elads/STAR/full_grid_solar_opacity/runs/T26039p6_rho0p000349387/fac-opacity-cowan-state/starout.h5
26039.610793247495,0.0005020967399614471,fac-opacity-cowan-state,T26039p6_rho0p000502097,0.19256106795125896,2.50359432081433e-09,0.1925610683266698,5.702478869116385e-10,ok,/home/elads/STAR/full_grid_solar_opacity/runs/T26039p6_rho0p000502097/fac-opacity-cowan-state/starout.h5
26039.610793247495,0.0007215521357901021,fac-opacity-cowan-state,T26039p6_rho0p000721552,0.1925612755694033,3.5959347680796605e-09,0.19256127610840645,8.187446284954286e-10,ok,/home/elads/STAR/full_grid_solar_opacity/runs/T26039p6_rho0p000721552/fac-opacity-cowan-state/starout.h5
26039.610793247495,0.0010369266382873438,fac-opacity-cowan-state,T26039p6_rho0p00103693,0.1925612790826054,5.164616563271444e-09,0.19256127985640978,1.1754119898388674e-09,ok,/home/elads/STAR/full_grid_solar_opacity/runs/T26039p6_rho0p00103693/fac-opacity-cowan-state/starout.h5
26039.610793247495,0.0014901443705277455,fac-opacity-cowan-state,T26039p6_rho0p00149014,0.19256127341513637,7.4211604890513925e-09,0.1925612745268152,1.6885022238244345e-09,ok,/home/elads/STAR/full_grid_solar_opacity/runs/T26039p6_rho0p00149014/fac-opacity-cowan-state/starout.h5
26039.610793247495,0.002141453563853953,fac-opacity-cowan-state,T26039p6_rho0p00214145,0.192561265064315,1.0662212147138156e-08,0.19256126666101614,2.4249998057355464e-09,ok,/home/elads/STAR/full_grid_solar_opacity/runs/T26039p6_rho0p00214145/fac-opacity-cowan-state/starout.h5
26039.610793247495,0.003077435620898055,fac-opacity-cowan-state,T26039p6_rho0p00307744,0.1925612603742849,1.531822375835487e-08,0.19256126266741513,3.4823980780395245e-09,ok,/home/elads/STAR/full_grid_solar_opacity/runs/T26039p6_rho0p00307744/fac-opacity-cowan-state/starout.h5
26039.610793247495,0.004422514763163053,fac-opacity-cowan-state,T26039p6_rho0p00442251,0.19256125216097306,2.200683274507922e-08,0.19256125545398114,5.000349038008636e-09,ok,/home/elads/STAR/full_grid_solar_opacity/runs/T26039p6_rho0p00442251/fac-opacity-cowan-state/starout.h5
26039.610793247495,0.006355498291362301,fac-opacity-cowan-state,T26039p6_rho0p0063555,0.19256124325639667,3.161510855399278e-08,0.19256124798476215,7.179106551849882e-09,ok,/home/elads/STAR/full_grid_solar_opacity/runs/T26039p6_rho0p0063555/fac-opacity-cowan-state/starout.h5
26039.610793247495,0.009133346228248624,fac-opacity-cowan-state,T26039p6_rho0p00913335,0.1925612294388948,4.541702830465383e-08,0.1925612362274368,1.030580090811903e-08,ok,/home/elads/STAR/full_grid_solar_opacity/runs/T26039p6_rho0p00913335/fac-opacity-cowan-state/starout.h5
26039.610793247495,0.01312533014735226,fac-opacity-cowan-state,T26039p6_rho0p0131253,0.19256121711102772,6.524169981899882e-08,0.19256122685592145,1.479183633037835e-08,ok,/home/elads/STAR/full_grid_solar_opacity/runs/T26039p6_rho0p0131253/fac-opacity-cowan-state/starout.h5
26039.610793247495,0.018862122071335155,fac-opacity-cowan-state,T26039p6_rho0p0188621,0.1925612062329461,9.371363849100264e-08,0.19256122021885252,2.1226060527409264e-08,ok,/home/elads/STAR/full_grid_solar_opacity/runs/T26039p6_rho0p0188621/fac-opacity-cowan-state/starout.h5
26039.610793247495,0.02710633904364831,fac-opacity-cowan-state,T26039p6_rho0p0271063,0.192561196134865,1.3460356219974856e-07,0.19256121620331076,3.045224560385807e-08,ok,/home/elads/STAR/full_grid_solar_opacity/runs/T26039p6_rho0p0271063/fac-opacity-cowan-state/starout.h5
26039.610793247495,0.038953921174427183,fac-opacity-cowan-state,T26039p6_rho0p0389539,0.19256118589849816,1.933171049816866e-07,0.19256121468677417,4.367583653430428e-08,ok,/home/elads/STAR/full_grid_solar_opacity/runs/T26039p6_rho0p0389539/fac-opacity-cowan-state/starout.h5
26039.610793247495,0.0559798197912329,fac-opacity-cowan-state,T26039p6_rho0p0559798,0.19256115840800653,2.7760797163866126e-07,0.1925611996909463,6.26194246860571e-08,ok,/home/elads/STAR/full_grid_solar_opacity/runs/T26039p6_rho0p0559798/fac-opacity-cowan-state/starout.h5
26039.610793247495,0.08044736266284185,fac-opacity-cowan-state,T26039p6_rho0p0804474,0.19256114749250228,3.9860065086985647e-07,0.19256120667061796,8.974381032170328e-08,ok,/home/elads/STAR/full_grid_solar_opacity/runs/T26039p6_rho0p0804474/fac-opacity-cowan-state/starout.h5
26039.610793247495,0.11560912813835741,fac-opacity-cowan-state,T26039p6_rho0p115609,0.19256113745780765,5.722547254728128e-07,0.19256122225452352,1.285630757275292e-07,ok,/home/elads/STAR/full_grid_solar_opacity/runs/T26039p6_rho0p115609/fac-opacity-cowan-state/starout.h5
26039.610793247495,0.1661393247274789,fac-opacity-cowan-state,T26039p6_rho0p166139,0.19256112909494538,8.214863562478447e-07,0.19256125055620252,1.8409920279719856e-07,ok,/home/elads/STAR/full_grid_solar_opacity/runs/T26039p6_rho0p166139/fac-opacity-cowan-state/starout.h5
26039.610793247495,0.23875515424585794,fac-opacity-cowan-state,T26039p6_rho0p238755,0.19256112187126292,1.1791211096434868e-06,0.19256129577220915,2.634970217016422e-07,ok,/home/elads/STAR/full_grid_solar_opacity/runs/T26039p6_rho0p238755/fac-opacity-cowan-state/starout.h5
26039.610793247495,0.34310975906798746,fac-opacity-cowan-state,T26039p6_rho0p34311,0.19256105763916745,1.6925375429894077e-06,0.19256130656418632,3.7702590583797086e-07,ok,/home/elads/STAR/full_grid_solar_opacity/runs/T26039p6_rho0p34311/fac-opacity-cowan-state/starout.h5
26039.610793247495,0.49307545690287347,fac-opacity-cowan-state,T26039p6_rho0p493075,0.19256101416881252,2.429748665840249e-06,0.1925613704491067,5.393544670996877e-07,ok,/home/elads/STAR/full_grid_solar_opacity/runs/T26039p6_rho0p493075/fac-opacity-cowan-state/starout.h5
26039.610793247495,0.7085878491488851,fac-opacity-cowan-state,T26039p6_rho0p708588,0.19256094987949765,3.4883723691389786e-06,0.19256145970519642,7.71328081203549e-07,ok,/home/elads/STAR/full_grid_solar_opacity/runs/T26039p6_rho0p708588/fac-opacity-cowan-state/starout.h5
26039.610793247495,1.0182959482819007,fac-opacity-cowan-state,T26039p6_rho1p0183,0.1925608979062211,5.0089413708363675e-06,0.19256162734745544,1.1027693001299862e-06,ok,/home/elads/STAR/full_grid_solar_opacity/runs/T26039p6_rho1p0183/fac-opacity-cowan-state/starout.h5
26039.610793247495,1.4633706173946401,fac-opacity-cowan-state,T26039p6_rho1p46337,0.19256072373103442,7.193350536478069e-06,0.19256176720364726,1.5761135237366627e-06,ok,/home/elads/STAR/full_grid_solar_opacity/runs/T26039p6_rho1p46337/fac-opacity-cowan-state/starout.h5
26039.610793247495,2.1029775945461404,fac-opacity-cowan-state,T26039p6_rho2p10298,0.1925605293741338,1.0331820200189047e-05,0.19256202172513934,2.251735946819505e-06,ok,/home/elads/STAR/full_grid_solar_opacity/runs/T26039p6_rho2p10298/fac-opacity-cowan-state/starout.h5
26039.610793247495,3.0221426551783854,fac-opacity-cowan-state,T26039p6_rho3p02214,0.1925602897793962,1.4841265800444682e-05,0.19256242341276497,3.215344650756463e-06,ok,/home/elads/STAR/full_grid_solar_opacity/runs/T26039p6_rho3p02214/fac-opacity-cowan-state/starout.h5
26039.610793247495,4.343054463316713,fac-opacity-cowan-state,T26039p6_rho4p34305,0.19255989050587954,2.1320760915045073e-05,0.19256293969302313,4.5884618228356115e-06,ok,/home/elads/STAR/full_grid_solar_opacity/runs/T26039p6_rho4p34305/fac-opacity-cowan-state/starout.h5
26039.610793247495,6.241307649397467,fac-opacity-cowan-state,T26039p6_rho6p24131,0.19255931273073892,3.0630963074507414e-05,0.19256366802051225,6.543065557689004e-06,ok,/home/elads/STAR/full_grid_solar_opacity/runs/T26039p6_rho6p24131/fac-opacity-cowan-state/starout.h5
26039.610793247495,8.969245378672715,fac-opacity-cowan-state,T26039p6_rho8p96925,0.1925584753497682,4.4008135888951793e-05,0.19256469219599712,9.322053933029981e-06,ok,/home/elads/STAR/full_grid_solar_opacity/runs/T26039p6_rho8p96925/fac-opacity-cowan-state/starout.h5
26039.610793247495,12.889504440725364,fac-opacity-cowan-state,T26039p6_rho12p8895,0.19255726720013408,6.322804973923209e-05,0.19256613456242275,1.3267779089305333e-05,ok,/home/elads/STAR/full_grid_solar_opacity/runs/T26039p6_rho12p8895/fac-opacity-cowan-state/starout.h5
26039.610793247495,18.52322215674118,fac-opacity-cowan-state,T26039p6_rho18p5232,0.19255553855552623,9.084082000397102e-05,0.1925681754239271,1.886156700602878e-05,ok,/home/elads/STAR/full_grid_solar_opacity/runs/T26039p6_rho18p5232/fac-opacity-cowan-state/starout.h5
26039.610793247495,26.61931346126126,fac-opacity-cowan-state,T26039p6_rho26p6193,0.1925530082370246,0.000130507697539328,0.1925709991034419,2.677827883800061e-05,ok,/home/elads/STAR/full_grid_solar_opacity/runs/T26039p6_rho26p6193/fac-opacity-cowan-state/starout.h5
26039.610793247495,38.254027466328665,fac-opacity-cowan-state,T26039p6_rho38p254,0.19254944068224297,0.00018748367037622955,0.19257502515559227,3.7961274150702165e-05,ok,/home/elads/STAR/full_grid_solar_opacity/runs/T26039p6_rho38p254/fac-opacity-cowan-state/starout.h5
26039.610793247495,54.97401800103719,fac-opacity-cowan-state,T26039p6_rho54p974,0.19254437020973816,0.0002693078952878048,0.1925807074971433,5.372469105071616e-05,ok,/home/elads/STAR/full_grid_solar_opacity/runs/T26039p6_rho54p974/fac-opacity-cowan-state/starout.h5
26039.610793247495,79.0019471240894,fac-opacity-cowan-state,T26039p6_rho79p0019,0.19253705065333482,0.0003867894922353814,0.19258858706665813,7.589203790290779e-05,ok,/home/elads/STAR/full_grid_solar_opacity/runs/T26039p6_rho79p0019/fac-opacity-cowan-state/starout.h5
26039.610793247495,113.53195339077567,fac-opacity-cowan-state,T26039p6_rho113p532,0.19252655782850223,0.000555413898799037,0.19259953544887248,0.00010698281433720078,ok,/home/elads/STAR/full_grid_solar_opacity/runs/T26039p6_rho113p532/fac-opacity-cowan-state/starout.h5
26039.610793247495,163.15426277379785,fac-opacity-cowan-state,T26039p6_rho163p154,0.1925115644979086,0.0007973403486299884,0.19261472164264978,0.0001504610355458126,ok,/home/elads/STAR/full_grid_solar_opacity/runs/T26039p6_rho163p154/fac-opacity-cowan-state/starout.h5
26039.610793247495,234.46538763970608,fac-opacity-cowan-state,T26039p6_rho234p465,0.1924902195742683,0.0011442302539296616,0.19263575017773585,0.00021106315482426907,ok,/home/elads/STAR/full_grid_solar_opacity/runs/T26039p6_rho234p465/fac-opacity-cowan-state/starout.h5
26039.610793247495,336.94503022121665,fac-opacity-cowan-state,T26039p6_rho336p945,0.1924596684155958,0.0016412191415084451,0.19266452655028948,0.00029522373257777194,ok,/home/elads/STAR/full_grid_solar_opacity/runs/T26039p6_rho336p945/fac-opacity-cowan-state/starout.h5
26039.610793247495,484.21626123015125,fac-opacity-cowan-state,T26039p6_rho484p216,0.19241631939449824,0.002352470160619051,0.1927039808549338,0.0004116228242982771,ok,/home/elads/STAR/full_grid_solar_opacity/runs/T26039p6_rho484p216/fac-opacity-cowan-state/starout.h5
26039.610793247495,695.8564947100452,fac-opacity-cowan-state,T26039p6_rho695p856,0.19235502588216286,0.003368826055194961,0.19275784285770212,0.0005718721507314024,ok,/home/elads/STAR/full_grid_solar_opacity/runs/T26039p6_rho695p856/fac-opacity-cowan-state/starout.h5
26039.610793247495,1000.0,fac-opacity-cowan-state,T26039p6_rho1000,0.19226843051362585,0.004818100127640548,0.19283073539097192,0.0007913471067417915,ok,/home/elads/STAR/full_grid_solar_opacity/runs/T26039p6_rho1000/fac-opacity-cowan-state/starout.h5
28666.513913298037,1e-17,fac-opacity-cowan-state,T28666p5_rho1em17,0.19455798892810613,3.508661518846635e-23,0.19455798892810613,7.71328236932963e-24,ok,/home/elads/STAR/full_grid_solar_opacity/runs/T28666p5_rho1em17/fac-opacity-cowan-state/starout.h5
28666.513913298037,1.4370779141993746e-17,fac-opacity-cowan-state,T28666p5_rho1p43708em17,0.19455798892810716,5.038157713256243e-23,0.19455798892810716,1.1075932359067442e-23,ok,/home/elads/STAR/full_grid_solar_opacity/runs/T28666p5_rho1p43708em17/fac-opacity-cowan-state/starout.h5
28666.513913298037,2.065192931479625e-17,fac-opacity-cowan-state,T28666p5_rho2p06519em17,0.19455798892810716,7.236164811887868e-23,0.19455798892810716,1.590832647785231e-23,ok,/home/elads/STAR/full_grid_solar_opacity/runs/T28666p5_rho2p06519em17/fac-opacity-cowan-state/starout.h5
28666.513913298037,2.9678431503900313e-17,fac-opacity-cowan-state,T28666p5_rho2p96784em17,0.19455798892810663,1.0395224907460247e-22,0.19455798892810663,2.285358259763808e-23,ok,/home/elads/STAR/full_grid_solar_opacity/runs/T28666p5_rho2p96784em17/fac-opacity-cowan-state/starout.h5
28666.513913298037,4.2650218442334076e-17,fac-opacity-cowan-state,T28666p5_rho4p26502em17,0.1945579889281069,1.4935533510752194e-22,0.19455798892810688,3.2835476473851216e-23,ok,/home/elads/STAR/full_grid_solar_opacity/runs/T28666p5_rho4p26502em17/fac-opacity-cowan-state/starout.h5
28666.513913298037,6.129168695925715e-17,fac-opacity-cowan-state,T28666p5_rho6p12917em17,0.1945579889281069,2.1461933052502724e-22,0.19455798892810688,4.7183719120081986e-23,ok,/home/elads/STAR/full_grid_solar_opacity/runs/T28666p5_rho6p12917em17/fac-opacity-cowan-state/starout.h5
28666.513913298037,8.808092965317026e-17,fac-opacity-cowan-state,T28666p5_rho8p80809em17,0.19455798892810736,3.0842467548241753e-22,0.19455798892810736,6.780667573464686e-23,ok,/home/elads/STAR/full_grid_solar_opacity/runs/T28666p5_rho8p80809em17/fac-opacity-cowan-state/starout.h5
28666.513913298037,1.2657915866672028e-16,fac-opacity-cowan-state,T28666p5_rho1p26579em16,0.1945579889281064,4.4323025637494485e-22,0.19455798892810644,9.74434691141744e-23,ok,/home/elads/STAR/full_grid_solar_opacity/runs/T28666p5_rho1p26579em16/fac-opacity-cowan-state/starout.h5
28666.513913298037,1.819041133178821e-16,fac-opacity-cowan-state,T28666p5_rho1p81904em16,0.19455798892810708,6.369563555644284e-22,0.19455798892810708,1.400338453459146e-22,ok,/home/elads/STAR/full_grid_solar_opacity/runs/T28666p5_rho1p81904em16/fac-opacity-cowan-state/starout.h5
28666.513913298037,2.6141038375114865e-16,fac-opacity-cowan-state,T28666p5_rho2p6141em16,0.19455798892810716,9.153558156191703e-22,0.19455798892810716,2.0123952622072918e-22,ok,/home/elads/STAR/full_grid_solar_opacity/runs/T28666p5_rho2p6141em16/fac-opacity-cowan-state/starout.h5
28666.513913298037,3.7566708903116036e-16,fac-opacity-cowan-state,T28666p5_rho3p75667em16,0.19455798892810733,1.3154374789174424e-21,0.19455798892810733,2.8919684709910187e-22,ok,/home/elads/STAR/full_grid_solar_opacity/runs/T28666p5_rho3p75667em16/fac-opacity-cowan-state/starout.h5
28666.513913298037,5.398628767382507e-16,fac-opacity-cowan-state,T28666p5_rho5p39863em16,0.19455798892810727,1.890385904313228e-21,0.19455798892810722,4.1559834785279284e-22,ok,/home/elads/STAR/full_grid_solar_opacity/runs/T28666p5_rho5p39863em16/fac-opacity-cowan-state/starout.h5
28666.513913298037,7.758250168566793e-16,fac-opacity-cowan-state,T28666p5_rho7p75825em16,0.19455798892810677,2.7166314380929867e-21,0.19455798892810677,5.972471223915039e-22,ok,/home/elads/STAR/full_grid_solar_opacity/runs/T28666p5_rho7p75825em16/fac-opacity-cowan-state/starout.h5
28666.513913298037,1.1149209970080914e-15,fac-opacity-cowan-state,T28666p5_rho1p11492em15,0.1945579889281067,3.9040103821397504e-21,0.19455798892810663,8.582905076663258e-22,ok,/home/elads/STAR/full_grid_solar_opacity/runs/T28666p5_rho1p11492em15/fac-opacity-cowan-state/starout.h5
28666.513913298037,1.6022283408774753e-15,fac-opacity-cowan-state,T28666p5_rho1p60223em15,0.19455798892810694,5.610366017137285e-21,0.19455798892810694,1.23343010245455e-21,ok,/home/elads/STAR/full_grid_solar_opacity/runs/T28666p5_rho1p60223em15/fac-opacity-cowan-state/starout.h5
28666.513913298037,2.3025269621793266e-15,fac-opacity-cowan-state,T28666p5_rho2p30253em15,0.19455798892810838,8.062531308503683e-21,0.19455798892810838,1.772534776822359e-21,ok,/home/elads/STAR/full_grid_solar_opacity/runs/T28666p5_rho2p30253em15/fac-opacity-cowan-state/starout.h5
28666.513913298037,3.308910644196489e-15,fac-opacity-cowan-state,T28666p5_rho3p30891em15,0.19455798892763188,1.1586482776017458e-20,0.19455798892763182,2.547269968854792e-21,ok,/home/elads/STAR/full_grid_solar_opacity/runs/T28666p5_rho3p30891em15/fac-opacity-cowan-state/starout.h5
28666.513913298037,4.755162406834019e-15,fac-opacity-cowan-state,T28666p5_rho4p75516em15,0.19455798892811257,1.6650673462406183e-20,0.19455798892811257,3.660624330785493e-21,ok,/home/elads/STAR/full_grid_solar_opacity/runs/T28666p5_rho4p75516em15/fac-opacity-cowan-state/starout.h5
28666.513913298037,6.8335388732923106e-15,fac-opacity-cowan-state,T28666p5_rho6p83354em15,0.19455798892810655,2.392830713833365e-20,0.19455798892810655,5.260600677592674e-21,ok,/home/elads/STAR/full_grid_solar_opacity/runs/T28666p5_rho6p83354em15/fac-opacity-cowan-state/starout.h5
28666.513913298037,9.820327790631256e-15,fac-opacity-cowan-state,T28666p5_rho9p82033em15,0.19455798892809872,3.4386828307575205e-20,0.19455798892809867,7.55989020660715e-21,ok,/home/elads/STAR/full_grid_solar_opacity/runs/T28666p5_rho9p82033em15/fac-opacity-cowan-state/starout.h5
28666.513913298037,1.4112576178114521e-14,fac-opacity-cowan-state,T28666p5_rho1p41126em14,0.1945579889280686,4.9416529682073136e-20,0.1945579889280686,1.0864146595973657e-20,ok,/home/elads/STAR/full_grid_solar_opacity/runs/T28666p5_rho1p41126em14/fac-opacity-cowan-state/starout.h5
28666.513913298037,2.0280871538024598e-14,fac-opacity-cowan-state,T28666p5_rho2p02809em14,0.19455798892811857,7.101536819326385e-20,0.19455798892811857,1.5612617602293675e-20,ok,/home/elads/STAR/full_grid_solar_opacity/runs/T28666p5_rho2p02809em14/fac-opacity-cowan-state/starout.h5
28666.513913298037,2.914519256800997e-14,fac-opacity-cowan-state,T28666p5_rho2p91452em14,0.1945579889281067,1.0205456013575893e-19,0.1945579889281067,2.2436535755505034e-20,ok,/home/elads/STAR/full_grid_solar_opacity/runs/T28666p5_rho2p91452em14/fac-opacity-cowan-state/starout.h5
28666.513913298037,4.188391254457488e-14,fac-opacity-cowan-state,T28666p5_rho4p18839em14,0.19455798892810647,1.4666026129623804e-19,0.19455798892810647,3.2243030126224934e-20,ok,/home/elads/STAR/full_grid_solar_opacity/runs/T28666p5_rho4p18839em14/fac-opacity-cowan-state/starout.h5
28666.513913298037,6.019044567806669e-14,fac-opacity-cowan-state,T28666p5_rho6p01904em14,0.19455798892810702,2.107620711295439e-19,0.19455798892810702,4.6335714072682926e-20,ok,/home/elads/STAR/full_grid_solar_opacity/runs/T28666p5_rho6p01904em14/fac-opacity-cowan-state/starout.h5
28666.513913298037,8.649836012976684e-14,fac-opacity-cowan-state,T28666p5_rho8p64984em14,0.19455798892810647,3.0288128011753165e-19,0.19455798892810647,6.658798087069678e-20,ok,/home/elads/STAR/full_grid_solar_opacity/runs/T28666p5_rho8p64984em14/fac-opacity-cowan-state/starout.h5
28666.513913298037,1.2430488295695167e-13,fac-opacity-cowan-state,T28666p5_rho1p24305em13,0.1945579889281064,4.352636243964329e-19,0.1945579889281064,9.569203646766785e-20,ok,/home/elads/STAR/full_grid_solar_opacity/runs/T28666p5_rho1p24305em13/fac-opacity-cowan-state/starout.h5
28666.513913298037,1.7863580192457348e-13,fac-opacity-cowan-state,T28666p5_rho1p78636em13,0.19455798892810677,6.2550716768110815e-19,0.19455798892810677,1.3751679037159035e-19,ok,/home/elads/STAR/full_grid_solar_opacity/runs/T28666p5_rho1p78636em13/fac-opacity-cowan-state/starout.h5
28666.513913298037,2.567135656310987e-13,fac-opacity-cowan-state,T28666p5_rho2p56714em13,0.1945579889281124,8.989016739201525e-19,0.1945579889281124,1.976221590346472e-19,ok,/home/elads/STAR/full_grid_solar_opacity/runs/T28666p5_rho2p56714em13/fac-opacity-cowan-state/starout.h5
28666.513913298037,3.6891739544382357e-13,fac-opacity-cowan-state,T28666p5_rho3p68917em13,0.19455798892810552,1.2917905038385833e-18,0.19455798892810552,2.8399817649021517e-19,ok,/home/elads/STAR/full_grid_solar_opacity/runs/T28666p5_rho3p68917em13/fac-opacity-cowan-state/starout.h5
28666.513913298037,5.301630411562758e-13,fac-opacity-cowan-state,T28666p5_rho5p30163em13,0.19455798892810947,1.8564019770226198e-18,0.19455798892810947,4.081271626327366e-19,ok,/home/elads/STAR/full_grid_solar_opacity/runs/T28666p5_rho5p30163em13/fac-opacity-cowan-state/starout.h5
28666.513913298037,7.618855973704612e-13,fac-opacity-cowan-state,T28666p5_rho7p61886em13,0.19455798892810505,2.6677923517828812e-18,0.19455798892810502,5.865101231782324e-19,ok,/home/elads/STAR/full_grid_solar_opacity/runs/T28666p5_rho7p61886em13/fac-opacity-cowan-state/starout.h5
28666.513913298037,1.0948889651276868e-12,fac-opacity-cowan-state,T28666p5_rho1p09489em12,0.194557988928105,3.83382377321083e-18,0.19455798892810502,8.428603942609507e-19,ok,/home/elads/STAR/full_grid_solar_opacity/runs/T28666p5_rho1p09489em12/fac-opacity-cowan-state/starout.h5
28666.513913298037,1.5734407502856082e-12,fac-opacity-cowan-state,T28666p5_rho1p57344em12,0.19455798892814205,5.509503384634646e-18,0.19455798892814205,1.2112560577091907e-18,ok,/home/elads/STAR/full_grid_solar_opacity/runs/T28666p5_rho1p57344em12/fac-opacity-cowan-state/starout.h5
28666.513913298037,2.26115695153675e-12,fac-opacity-cowan-state,T28666p5_rho2p26116em12,0.1945579889281203,7.917590279742391e-18,0.19455798892812032,1.7406703598622557e-18,ok,/home/elads/STAR/full_grid_solar_opacity/runs/T28666p5_rho2p26116em12/fac-opacity-cowan-state/starout.h5
28666.513913298037,3.249458715591849e-12,fac-opacity-cowan-state,T28666p5_rho3p24946em12,0.19455798892810286,1.1378210316987745e-17,0.1945579889281029,2.501482454762479e-18,ok,/home/elads/STAR/full_grid_solar_opacity/runs/T28666p5_rho3p24946em12/fac-opacity-cowan-state/starout.h5
28666.513913298037,4.669725353279713e-12,fac-opacity-cowan-state,T28666p5_rho4p66973em12,0.1945579889281032,1.6351415360764286e-17,0.1945579889281032,3.594833965446277e-18,ok,/home/elads/STAR/full_grid_solar_opacity/runs/T28666p5_rho4p66973em12/fac-opacity-cowan-state/starout.h5
28666.513913298037,6.710759170575148e-12,fac-opacity-cowan-state,T28666p5_rho6p71076em12,0.1945579889280986,2.3498345551583934e-17,0.1945579889280986,5.1660753912669036e-18,ok,/home/elads/STAR/full_grid_solar_opacity/runs/T28666p5_rho6p71076em12/fac-opacity-cowan-state/starout.h5
28666.513913298037,9.64388379154446e-12,fac-opacity-cowan-state,T28666p5_rho9p64388em12,0.19455798892809492,3.376912424068119e-17,0.19455798892809484,7.424089618211517e-18,ok,/home/elads/STAR/full_grid_solar_opacity/runs/T28666p5_rho9p64388em12/fac-opacity-cowan-state/starout.h5
28666.513913298037,1.3859012403933867e-11,fac-opacity-cowan-state,T28666p5_rho1p3859em11,0.19455798892808968,4.8529165319374947e-17,0.19455798892808968,1.066906029797992e-17,ok,/home/elads/STAR/full_grid_solar_opacity/runs/T28666p5_rho1p3859em11/fac-opacity-cowan-state/starout.h5
28666.513913298037,1.9916480638308542e-11,fac-opacity-cowan-state,T28666p5_rho1p99165em11,0.19455798892781345,6.974066400869279e-17,0.19455798892781345,1.533237237087659e-17,ok,/home/elads/STAR/full_grid_solar_opacity/runs/T28666p5_rho1p99165em11/fac-opacity-cowan-state/starout.h5
28666.513913298037,2.8621534453892672e-11,fac-opacity-cowan-state,T28666p5_rho2p86215em11,0.19455798892807236,1.0022337189406018e-16,0.19455798892807233,2.2033943044405113e-17,ok,/home/elads/STAR/full_grid_solar_opacity/runs/T28666p5_rho2p86215em11/fac-opacity-cowan-state/starout.h5
28666.513913298037,4.1131375034185614e-11,fac-opacity-cowan-state,T28666p5_rho4p11314em11,0.19455798892836393,1.440292963744766e-16,0.19455798892836393,3.166459990263413e-17,ok,/home/elads/STAR/full_grid_solar_opacity/runs/T28666p5_rho4p11314em11/fac-opacity-cowan-state/starout.h5
28666.513913298037,5.910899064227969e-11,fac-opacity-cowan-state,T28666p5_rho5p9109em11,0.1945579889280313,2.069812928528219e-16,0.19455798892803133,4.550448901646065e-17,ok,/home/elads/STAR/full_grid_solar_opacity/runs/T28666p5_rho5p9109em11/fac-opacity-cowan-state/starout.h5
28666.513913298037,8.4944224982638e-11,fac-opacity-cowan-state,T28666p5_rho8p49442em11,0.1945579889279984,2.9744745852513066e-16,0.19455798892799842,6.539332202858148e-17,ok,/home/elads/STAR/full_grid_solar_opacity/runs/T28666p5_rho8p49442em11/fac-opacity-cowan-state/starout.h5
28666.513913298037,1.2207146966133182e-10,fac-opacity-cowan-state,T28666p5_rho1p22071em10,0.19455798892791878,4.2745422655048067e-16,0.19455798892791884,9.39750846884374e-17,ok,/home/elads/STAR/full_grid_solar_opacity/runs/T28666p5_rho1p22071em10/fac-opacity-cowan-state/starout.h5
28666.513913298037,1.7542621300415897e-10,fac-opacity-cowan-state,T28666p5_rho1p75426em10,0.19455798892788448,6.142850000648102e-16,0.1945579889278846,1.3504948919507903e-16,ok,/home/elads/STAR/full_grid_solar_opacity/runs/T28666p5_rho1p75426em10/fac-opacity-cowan-state/starout.h5
28666.513913298037,2.52101136279913e-10,fac-opacity-cowan-state,T28666p5_rho2p52101em10,0.19455798892800064,8.827765385677359e-16,0.19455798892800072,1.9407683911700592e-16,ok,/home/elads/STAR/full_grid_solar_opacity/runs/T28666p5_rho2p52101em10/fac-opacity-cowan-state/starout.h5
28666.513913298037,3.6228897509242966e-10,fac-opacity-cowan-state,T28666p5_rho3p62289em10,0.19455798892765155,1.2686206310481476e-15,0.1945579889276517,2.789038839425379e-16,ok,/home/elads/STAR/full_grid_solar_opacity/runs/T28666p5_rho3p62289em10/fac-opacity-cowan-state/starout.h5
28666.513913298037,5.20637484663258e-10,fac-opacity-cowan-state,T28666p5_rho5p20637em10,0.1945579889274519,1.8231119983790784e-15,0.19455798892745216,4.0080760251507196e-16,ok,/home/elads/STAR/full_grid_solar_opacity/runs/T28666p5_rho5p20637em10/fac-opacity-cowan-state/starout.h5
28666.513913298037,7.481966305138837e-10,fac-opacity-cowan-state,T28666p5_rho7p48197em10,0.19455798892716944,2.6199829822238946e-15,0.19455798892716983,5.759975798264163e-16,ok,/home/elads/STAR/full_grid_solar_opacity/runs/T28666p5_rho7p48197em10/fac-opacity-cowan-state/starout.h5
28666.513913298037,1.0752168531898921e-09,fac-opacity-cowan-state,T28666p5_rho1p07522em09,0.1945579889267621,3.765227975100179e-15,0.19455798892676263,8.277755279087783e-16,ok,/home/elads/STAR/full_grid_solar_opacity/runs/T28666p5_rho1p07522em09/fac-opacity-cowan-state/starout.h5
28666.513913298037,1.5451703926941453e-09,fac-opacity-cowan-state,T28666p5_rho1p54517em09,0.1945579889261804,5.411048608296347e-15,0.19455798892618115,1.1896028270773308e-15,ok,/home/elads/STAR/full_grid_solar_opacity/runs/T28666p5_rho1p54517em09/fac-opacity-cowan-state/starout.h5
28666.513913298037,2.220530245015531e-09,fac-opacity-cowan-state,T28666p5_rho2p22053em09,0.19455798892541032,7.776101961324806e-15,0.1945579889254114,1.7095516422218406e-15,ok,/home/elads/STAR/full_grid_solar_opacity/runs/T28666p5_rho2p22053em09/fac-opacity-cowan-state/starout.h5
28666.513913298037,3.1910749729235452e-09,fac-opacity-cowan-state,T28666p5_rho3p19107em09,0.19455798892418977,1.117482909800261e-14,0.1945579889241913,2.45674907207319e-15,ok,/home/elads/STAR/full_grid_solar_opacity/runs/T28666p5_rho3p19107em09/fac-opacity-cowan-state/starout.h5
28666.513913298037,4.585823366142813e-09,fac-opacity-cowan-state,T28666p5_rho4p58582em09,0.19455798892254464,1.605902909964539e-14,0.19455798892254694,3.530519991219979e-15,ok,/home/elads/STAR/full_grid_solar_opacity/runs/T28666p5_rho4p58582em09/fac-opacity-cowan-state/starout.h5
28666.513913298037,6.590185477903269e-09,fac-opacity-cowan-state,T28666p5_rho6p59019em09,0.18432564517019764,2.3184116734948506e-14,0.1843256451702009,5.087024885077912e-15,ok,/home/elads/STAR/full_grid_solar_opacity/runs/T28666p5_rho6p59019em09/fac-opacity-cowan-state/starout.h5
28666.513913298037,9.470610000772238e-09,fac-opacity-cowan-state,T28666p5_rho9p47061em09,0.1843256451675939,3.312159743663667e-14,0.18432564516759856,7.285786107208771e-15,ok,/home/elads/STAR/full_grid_solar_opacity/runs/T28666p5_rho9p47061em09/fac-opacity-cowan-state/starout.h5
28666.513913298037,1.3610004466105506e-08,fac-opacity-cowan-state,T28666p5_rho1p361em08,0.18432564516313857,4.773876359898451e-14,0.1843256451631453,1.0488100023010922e-14,ok,/home/elads/STAR/full_grid_solar_opacity/runs/T28666p5_rho1p361em08/fac-opacity-cowan-state/starout.h5
28666.513913298037,1.9558636830395073e-08,fac-opacity-cowan-state,T28666p5_rho1p95586em08,0.18432564515758904,6.853767541982453e-14,0.18432564515759858,1.5063845779245227e-14,ok,/home/elads/STAR/full_grid_solar_opacity/runs/T28666p5_rho1p95586em08/fac-opacity-cowan-state/starout.h5
28666.513913298037,2.810728502080722e-08,fac-opacity-cowan-state,T28666p5_rho2p81073em08,0.18432564515027788,9.848954274444302e-14,0.18432564515029173,2.1647306770845812e-14,ok,/home/elads/STAR/full_grid_solar_opacity/runs/T28666p5_rho2p81073em08/fac-opacity-cowan-state/starout.h5
28666.513913298037,4.039235853150913e-08,fac-opacity-cowan-state,T28666p5_rho4p03924em08,0.18432564514072117,1.4145364658474677e-13,0.1843256451407409,3.1098122863120634e-14,ok,/home/elads/STAR/full_grid_solar_opacity/runs/T28666p5_rho4p03924em08/fac-opacity-cowan-state/starout.h5
28666.513913298037,5.804696634805446e-08,fac-opacity-cowan-state,T28666p5_rho5p8047em08,0.18432564512873198,2.0331808569606685e-13,0.18432564512876046,4.46943526661106e-14,ok,/home/elads/STAR/full_grid_solar_opacity/runs/T28666p5_rho5p8047em08/fac-opacity-cowan-state/starout.h5
28666.513913298037,8.341801332506338e-08,fac-opacity-cowan-state,T28666p5_rho8p3418em08,0.18432564511349525,2.9207381291494666e-13,0.18432564511353652,6.421420215319811e-14,ok,/home/elads/STAR/full_grid_solar_opacity/runs/T28666p5_rho8p3418em08/fac-opacity-cowan-state/starout.h5
28666.513913298037,1.1987818459583772e-07,fac-opacity-cowan-state,T28666p5_rho1p19878em07,0.1843256450947652,4.197947693025559e-13,0.18432564509482363,9.228632259384688e-14,ok,/home/elads/STAR/full_grid_solar_opacity/runs/T28666p5_rho1p19878em07/fac-opacity-cowan-state/starout.h5
28666.513913298037,1.7227429147699408e-07,fac-opacity-cowan-state,T28666p5_rho1p72274em07,0.18432564507176172,6.031529905801192e-13,0.18432564507184673,1.326058217245416e-13,ok,/home/elads/STAR/full_grid_solar_opacity/runs/T28666p5_rho1p72274em07/fac-opacity-cowan-state/starout.h5
28666.513913298037,2.4757157946593376e-07,fac-opacity-cowan-state,T28666p5_rho2p47572em07,0.18432564504381663,8.668606395750329e-13,0.18432564504393903,1.9056605737164026e-13,ok,/home/elads/STAR/full_grid_solar_opacity/runs/T28666p5_rho2p47572em07/fac-opacity-cowan-state/starout.h5
28666.513913298037,3.557796490339488e-07,fac-opacity-cowan-state,T28666p5_rho3p5578em07,0.1843256450103953,1.2456386628664545e-12,0.1843256450105704,2.738428982374013e-13,ok,/home/elads/STAR/full_grid_solar_opacity/runs/T28666p5_rho3p5578em07/fac-opacity-cowan-state/starout.h5
28666.513913298037,5.112830759482948e-07,fac-opacity-cowan-state,T28666p5_rho5p11283em07,0.1843256449695812,1.78999501534856e-12,0.1843256449698331,3.9350065364815086e-13,ok,/home/elads/STAR/full_grid_solar_opacity/runs/T28666p5_rho5p11283em07/fac-opacity-cowan-state/starout.h5
28666.513913298037,7.347536163492159e-07,fac-opacity-cowan-state,T28666p5_rho7p34754em07,0.18432564492053735,2.572172017494144e-12,0.1843256449208991,5.65456411144871e-13,ok,/home/elads/STAR/full_grid_solar_opacity/runs/T28666p5_rho7p34754em07/fac-opacity-cowan-state/starout.h5
28666.513913298037,1.0558981944335787e-06,fac-opacity-cowan-state,T28666p5_rho1p0559em06,0.1843256448616459,3.696347334144434e-12,0.18432564486216704,8.1256392567528e-13,ok,/home/elads/STAR/full_grid_solar_opacity/runs/T28666p5_rho1p0559em06/fac-opacity-cowan-state/starout.h5
28666.513913298037,1.517407974863493e-06,fac-opacity-cowan-state,T28666p5_rho1p51741em06,0.1843256447911813,5.312050100314501e-12,0.18432564479192906,1.1677374115394522e-12,ok,/home/elads/STAR/full_grid_solar_opacity/runs/T28666p5_rho1p51741em06/fac-opacity-cowan-state/starout.h5
28666.513913298037,2.1806334875063253e-06,fac-opacity-cowan-state,T28666p5_rho2p18063em06,0.18432564470718613,7.634334345630053e-12,0.18432564470826138,1.678193752809486e-12,ok,/home/elads/STAR/full_grid_solar_opacity/runs/T28666p5_rho2p18063em06/fac-opacity-cowan-state/starout.h5
28666.513913298037,3.1337402238588983e-06,fac-opacity-cowan-state,T28666p5_rho3p13374em06,0.1843256446071819,1.0970951299309319e-11,0.18432564460872655,2.4116131613563027e-12,ok,/home/elads/STAR/full_grid_solar_opacity/runs/T28666p5_rho3p13374em06/fac-opacity-cowan-state/starout.h5
28666.513913298037,4.503428864545845e-06,fac-opacity-cowan-state,T28666p5_rho4p50343em06,0.18432564448732092,1.57667459973807e-11,0.18432564448954136,3.4657258038108385e-12,ok,/home/elads/STAR/full_grid_solar_opacity/runs/T28666p5_rho4p50343em06/fac-opacity-cowan-state/starout.h5
28666.513913298037,6.471778159406801e-06,fac-opacity-cowan-state,T28666p5_rho6p47178em06,0.1843256443445509,2.266126878673606e-11,0.1843256443477413,4.98104015300195e-12,ok,/home/elads/STAR/full_grid_solar_opacity/runs/T28666p5_rho6p47178em06/fac-opacity-cowan-state/starout.h5
28666.513913298037,9.300449458481393e-06,fac-opacity-cowan-state,T28666p5_rho9p30045em06,0.18432564417235434,3.2567909217616975e-11,0.18432564417694014,7.158298762005007e-12,ok,/home/elads/STAR/full_grid_solar_opacity/runs/T28666p5_rho9p30045em06/fac-opacity-cowan-state/starout.h5
28666.513913298037,1.3365470508911143e-05,fac-opacity-cowan-state,T28666p5_rho1p33655em05,0.1843256439789303,4.679580411780229e-11,0.1843256439855182,1.0285102011561181e-11,ok,/home/elads/STAR/full_grid_solar_opacity/runs/T28666p5_rho1p33655em05/fac-opacity-cowan-state/starout.h5
28666.513913298037,1.920722248123928e-05,fac-opacity-cowan-state,T28666p5_rho1p92072em05,0.184325643732559,6.723975939494416e-11,0.1843256437420251,1.477792643781433e-11,ok,/home/elads/STAR/full_grid_solar_opacity/runs/T28666p5_rho1p92072em05/fac-opacity-cowan-state/starout.h5
28666.513913298037,2.760227522090268e-05,fac-opacity-cowan-state,T28666p5_rho2p76023em05,0.18432564346293082,9.788712218507899e-11,0.18432564347680477,2.1613537430312606e-11,ok,/home/elads/STAR/full_grid_solar_opacity/runs/T28666p5_rho2p76023em05/fac-opacity-cowan-state/starout.h5
28666.513913298037,3.966662010161191e-05,fac-opacity-cowan-state,T28666p5_rho3p96666em05,0.18432564310957592,1.4092732380920232e-10,0.18432564312955685,3.112465296814202e-11,ok,/home/elads/STAR/full_grid_solar_opacity/runs/T28666p5_rho3p96666em05/fac-opacity-cowan-state/starout.h5
28666.513913298037,5.7004023678963655e-05,fac-opacity-cowan-state,T28666p5_rho5p7004em05,0.1843256426922314,2.0244885275002396e-10,0.18432564272092383,4.470305055445851e-11,ok,/home/elads/STAR/full_grid_solar_opacity/runs/T28666p5_rho5p7004em05/fac-opacity-cowan-state/starout.h5
28666.513913298037,8.191922344953684e-05,fac-opacity-cowan-state,T28666p5_rho8p19192em05,0.1843256418829106,2.909025474691249e-10,0.18432564192413728,6.422842000450852e-11,ok,/home/elads/STAR/full_grid_solar_opacity/runs/T28666p5_rho8p19192em05/fac-opacity-cowan-state/starout.h5
28666.513913298037,0.00011772430676769293,fac-opacity-cowan-state,T28666p5_rho0p000117724,0.184325644588873,4.182922715646065e-10,0.18432564464817128,9.237113229158596e-11,ok,/home/elads/STAR/full_grid_solar_opacity/runs/T28666p5_rho0p000117724/fac-opacity-cowan-state/starout.h5
28666.513913298037,0.00016917900122028344,fac-opacity-cowan-state,T28666p5_rho0p000169179,0.1843256339450719,6.00513185191462e-10,0.184325634030159,1.3255872179486043e-10,ok,/home/elads/STAR/full_grid_solar_opacity/runs/T28666p5_rho0p000169179/fac-opacity-cowan-state/starout.h5
28666.513913298037,0.0002431234061999784,fac-opacity-cowan-state,T28666p5_rho0p000243123,0.18432564606504756,8.635991003662727e-10,0.18432564618745165,1.9066745801706615e-10,ok,/home/elads/STAR/full_grid_solar_opacity/runs/T28666p5_rho0p000243123/fac-opacity-cowan-state/starout.h5
28666.513913298037,0.0003493872774749123,fac-opacity-cowan-state,T28666p5_rho0p000349387,0.1843256376086568,1.2406376461058147e-09,0.1843256377844642,2.738527923971793e-10,ok,/home/elads/STAR/full_grid_solar_opacity/runs/T28666p5_rho0p000349387/fac-opacity-cowan-state/starout.h5
28666.513913298037,0.0005020967399614471,fac-opacity-cowan-state,T28666p5_rho0p000502097,0.18432563735845675,1.783235052150138e-09,0.18432563761116155,3.9360279562309867e-10,ok,/home/elads/STAR/full_grid_solar_opacity/runs/T28666p5_rho0p000502097/fac-opacity-cowan-state/starout.h5
28666.513913298037,0.0007215521357901021,fac-opacity-cowan-state,T28666p5_rho0p000721552,0.18432563690054551,2.5619485886754997e-09,0.1843256372635261,5.653468756324341e-10,ok,/home/elads/STAR/full_grid_solar_opacity/runs/T28666p5_rho0p000721552/fac-opacity-cowan-state/starout.h5
28666.513913298037,0.0010369266382873438,fac-opacity-cowan-state,T28666p5_rho0p00103693,0.18432563611646668,3.6801418669385974e-09,0.184325636637698,8.118177825211785e-10,ok,/home/elads/STAR/full_grid_solar_opacity/runs/T28666p5_rho0p00103693/fac-opacity-cowan-state/starout.h5
28666.513913298037,0.0014901443705277455,fac-opacity-cowan-state,T28666p5_rho0p00149014,0.18432564318463812,5.28441216444253e-09,0.1843256439326845,1.1651191169307503e-09,ok,/home/elads/STAR/full_grid_solar_opacity/runs/T28666p5_rho0p00149014/fac-opacity-cowan-state/starout.h5
28666.513913298037,0.002141453563853953,fac-opacity-cowan-state,T28666p5_rho0p00214145,0.18432563973891458,7.593461384073399e-09,0.1843256408136227,1.6737570827282286e-09,ok,/home/elads/STAR/full_grid_solar_opacity/runs/T28666p5_rho0p00214145/fac-opacity-cowan-state/starout.h5
28666.513913298037,0.003077435620898055,fac-opacity-cowan-state,T28666p5_rho0p00307744,0.18432563947788616,1.0909754964158381e-08,0.18432564102148455,2.4038144284640525e-09,ok,/home/elads/STAR/full_grid_solar_opacity/runs/T28666p5_rho0p00307744/fac-opacity-cowan-state/starout.h5
28666.513913298037,0.004422514763163053,fac-opacity-cowan-state,T28666p5_rho0p00442251,0.18432563631968765,1.5673942716874503e-08,0.18432563853656503,3.4519781353605585e-09,ok,/home/elads/STAR/full_grid_solar_opacity/runs/T28666p5_rho0p00442251/fac-opacity-cowan-state/starout.h5
28666.513913298037,0.006355498291362301,fac-opacity-cowan-state,T28666p5_rho0p0063555,0.18432563254753276,2.2518139404298816e-08,0.18432563573108224,4.956702219260572e-09,ok,/home/elads/STAR/full_grid_solar_opacity/runs/T28666p5_rho0p0063555/fac-opacity-cowan-state/starout.h5
28666.513913298037,0.009133346228248624,fac-opacity-cowan-state,T28666p5_rho0p00913335,0.18432562456589416,3.234999772279137e-08,0.18432562913714584,7.1164831244908476e-09,ok,/home/elads/STAR/full_grid_solar_opacity/runs/T28666p5_rho0p00913335/fac-opacity-cowan-state/starout.h5
28666.513913298037,0.01312533014735226,fac-opacity-cowan-state,T28666p5_rho0p0131253,0.18432561794498517,4.647285151334976e-08,0.18432562450796702,1.0215857135815815e-08,ok,/home/elads/STAR/full_grid_solar_opacity/runs/T28666p5_rho0p0131253/fac-opacity-cowan-state/starout.h5
28666.513913298037,0.018862122071335155,fac-opacity-cowan-state,T28666p5_rho0p0188621,0.18432577765057012,6.675758039180951e-08,0.18432578707150563,1.4662401438471106e-08,ok,/home/elads/STAR/full_grid_solar_opacity/runs/T28666p5_rho0p0188621/fac-opacity-cowan-state/starout.h5
28666.513913298037,0.02710633904364831,fac-opacity-cowan-state,T28666p5_rho0p0271063,0.18432576918275648,9.58910837794056e-08,0.18432578270364272,2.104007105257774e-08,ok,/home/elads/STAR/full_grid_solar_opacity/runs/T28666p5_rho0p0271063/fac-opacity-cowan-state/starout.h5
28666.513913298037,0.038953921174427183,fac-opacity-cowan-state,T28666p5_rho0p0389539,0.18432576099046932,1.3772656362023413e-07,0.18432578039072514,3.018382782838567e-08,ok,/home/elads/STAR/full_grid_solar_opacity/runs/T28666p5_rho0p0389539/fac-opacity-cowan-state/starout.h5
28666.513913298037,0.0559798197912329,fac-opacity-cowan-state,T28666p5_rho0p0559798,0.18432573695719096,1.9779366782925152e-07,0.18432576478526566,4.3288027311261304e-08,ok,/home/elads/STAR/full_grid_solar_opacity/runs/T28666p5_rho0p0559798/fac-opacity-cowan-state/starout.h5
28666.513913298037,0.08044736266284185,fac-opacity-cowan-state,T28666p5_rho0p0804474,0.1843257282123301,2.8402342771559685e-07,0.18432576811597162,6.205932917199031e-08,ok,/home/elads/STAR/full_grid_solar_opacity/runs/T28666p5_rho0p0804474/fac-opacity-cowan-state/starout.h5
28666.513913298037,0.11560912813835741,fac-opacity-cowan-state,T28666p5_rho0p115609,0.18432572032586725,4.077986864490657e-07,0.1843257775245908,8.893678427991375e-08,ok,/home/elads/STAR/full_grid_solar_opacity/runs/T28666p5_rho0p115609/fac-opacity-cowan-state/starout.h5
28666.513913298037,0.1661393247274789,fac-opacity-cowan-state,T28666p5_rho0p166139,0.18432571409139673,5.854586737410878e-07,0.18432579605376023,1.2740738075088798e-07,ok,/home/elads/STAR/full_grid_solar_opacity/runs/T28666p5_rho0p166139/fac-opacity-cowan-state/starout.h5
28666.513913298037,0.23875515424585794,fac-opacity-cowan-state,T28666p5_rho0p238755,0.18432570991687594,8.404486350833973e-07,0.1843258273247489,1.824493169720006e-07,ok,/home/elads/STAR/full_grid_solar_opacity/runs/T28666p5_rho0p238755/fac-opacity-cowan-state/starout.h5
28666.513913298037,0.34310975906798746,fac-opacity-cowan-state,T28666p5_rho0p34311,0.18432565895862524,1.206530731114258e-06,0.18432582710452808,2.6119701079330617e-07,ok,/home/elads/STAR/full_grid_solar_opacity/runs/T28666p5_rho0p34311/fac-opacity-cowan-state/starout.h5
28666.513913298037,0.49307545690287347,fac-opacity-cowan-state,T28666p5_rho0p493075,0.18432562666879862,1.7321759648882876e-06,0.18432586744185414,3.7384122313831456e-07,ok,/home/elads/STAR/full_grid_solar_opacity/runs/T28666p5_rho0p493075/fac-opacity-cowan-state/starout.h5
28666.513913298037,0.7085878491488851,fac-opacity-cowan-state,T28666p5_rho0p708588,0.1843255788079712,2.4870963530640625e-06,0.18432592354235464,5.349492438238981e-07,ok,/home/elads/STAR/full_grid_solar_opacity/runs/T28666p5_rho0p708588/fac-opacity-cowan-state/starout.h5
28666.513913298037,1.0182959482819007,fac-opacity-cowan-state,T28666p5_rho1p0183,0.1843255102408514,3.5714679785028256e-06,0.184326003764908,7.652986795660468e-07,ok,/home/elads/STAR/full_grid_solar_opacity/runs/T28666p5_rho1p0183/fac-opacity-cowan-state/starout.h5
28666.513913298037,1.4633706173946401,fac-opacity-cowan-state,T28666p5_rho1p46337,0.18432541067901914,5.129316860638256e-06,0.1843261171195142,1.094536977230799e-06,ok,/home/elads/STAR/full_grid_solar_opacity/runs/T28666p5_rho1p46337/fac-opacity-cowan-state/starout.h5
28666.513913298037,2.1029775945461404,fac-opacity-cowan-state,T28666p5_rho2p10298,0.18432526584224573,7.367603700492857e-06,0.1843262768612326,1.5648700664460673e-06,ok,/home/elads/STAR/full_grid_solar_opacity/runs/T28666p5_rho2p10298/fac-opacity-cowan-state/starout.h5
28666.513913298037,3.0221426551783854,fac-opacity-cowan-state,T28666p5_rho3p02214,0.18432509654350873,1.0583703153347978e-05,0.18432654307204194,2.2363254649254416e-06,ok,/home/elads/STAR/full_grid_solar_opacity/runs/T28666p5_rho3p02214/fac-opacity-cowan-state/starout.h5
28666.513913298037,4.343054463316713,fac-opacity-cowan-state,T28666p5_rho4p34305,0.18432479803942609,1.5204900318547532e-05,0.1843268669400118,3.1941458506760235e-06,ok,/home/elads/STAR/full_grid_solar_opacity/runs/T28666p5_rho4p34305/fac-opacity-cowan-state/starout.h5
28666.513913298037,6.241307649397467,fac-opacity-cowan-state,T28666p5_rho6p24131,0.18432436716750075,2.184509186446497e-05,0.18432732488121154,4.559198631071684e-06,ok,/home/elads/STAR/full_grid_solar_opacity/runs/T28666p5_rho6p24131/fac-opacity-cowan-state/starout.h5
28666.513913298037,8.969245378672715,fac-opacity-cowan-state,T28666p5_rho8p96925,0.18432374360657858,3.1386128479580965e-05,0.18432796964105383,6.502546964890819e-06,ok,/home/elads/STAR/full_grid_solar_opacity/runs/T28666p5_rho8p96925/fac-opacity-cowan-state/starout.h5
28666.513913298037,12.889504440725364,fac-opacity-cowan-state,T28666p5_rho12p8895,0.1843228429029283,4.509478757643111e-05,0.1843288772054272,9.265860686654883e-06,ok,/home/elads/STAR/full_grid_solar_opacity/runs/T28666p5_rho12p8895/fac-opacity-cowan-state/starout.h5
28666.513913298037,18.52322215674118,fac-opacity-cowan-state,T28666p5_rho18p5232,0.18432154326852643,6.479042876842992e-05,0.1843301530821863,1.318980646695308e-05,ok,/home/elads/STAR/full_grid_solar_opacity/runs/T28666p5_rho18p5232/fac-opacity-cowan-state/starout.h5
28666.513913298037,26.61931346126126,fac-opacity-cowan-state,T28666p5_rho26p6193,0.1843196484682741,9.308544508715976e-05,0.1843319224492588,1.875339776125771e-05,ok,/home/elads/STAR/full_grid_solar_opacity/runs/T28666p5_rho26p6193/fac-opacity-cowan-state/starout.h5
28666.513913298037,38.254027466328665,fac-opacity-cowan-state,T28666p5_rho38p254,0.18431698403033775,0.00013373004699765453,0.18433446447943683,2.6628398654380106e-05,ok,/home/elads/STAR/full_grid_solar_opacity/runs/T28666p5_rho38p254/fac-opacity-cowan-state/starout.h5
28666.513913298037,54.97401800103719,fac-opacity-cowan-state,T28666p5_rho54p974,0.18431320684999222,0.00019210575987664674,0.18433807487971915,3.7753952516291484e-05,ok,/home/elads/STAR/full_grid_solar_opacity/runs/T28666p5_rho54p974/fac-opacity-cowan-state/starout.h5
28666.513913298037,79.0019471240894,fac-opacity-cowan-state,T28666p5_rho79p0019,0.18430774225074717,0.00027593062911028163,0.18434307623267188,5.343840871338257e-05,ok,/home/elads/STAR/full_grid_solar_opacity/runs/T28666p5_rho79p0019/fac-opacity-cowan-state/starout.h5
28666.513913298037,113.53195339077567,fac-opacity-cowan-state,T28666p5_rho113p532,0.1842999053041482,0.00039626630162103424,0.18435004034696018,7.549745248483709e-05,ok,/home/elads/STAR/full_grid_solar_opacity/runs/T28666p5_rho113p532/fac-opacity-cowan-state/starout.h5
28666.513913298037,163.15426277379785,fac-opacity-cowan-state,T28666p5_rho163p154,0.18428868406634447,0.0005689506967002788,0.18435970978022018,0.00010643966064397827,ok,/home/elads/STAR/full_grid_solar_opacity/runs/T28666p5_rho163p154/fac-opacity-cowan-state/starout.h5
28666.513913298037,234.46538763970608,fac-opacity-cowan-state,T28666p5_rho234p465,0.1842726509649348,0.0008166297271340622,0.18437309732090446,0.00014971356517538004,ok,/home/elads/STAR/full_grid_solar_opacity/runs/T28666p5_rho234p465/fac-opacity-cowan-state/starout.h5
28666.513913298037,336.94503022121665,fac-opacity-cowan-state,T28666p5_rho336p945,0.18424978918263946,0.0011716246198427796,0.1843915660979225,0.0002100329137205634,ok,/home/elads/STAR/full_grid_solar_opacity/runs/T28666p5_rho336p945/fac-opacity-cowan-state/starout.h5
28666.513913298037,484.21626123015125,fac-opacity-cowan-state,T28666p5_rho484p216,0.18421719039183274,0.0016799426996029375,0.1844168654538604,0.0002937980614350934,ok,/home/elads/STAR/full_grid_solar_opacity/runs/T28666p5_rho484p216/fac-opacity-cowan-state/starout.h5
28666.513913298037,695.8564947100452,fac-opacity-cowan-state,T28666p5_rho695p856,0.18417096759544657,0.002406854131067508,0.184451490477558,0.00040963549524158336,ok,/home/elads/STAR/full_grid_solar_opacity/runs/T28666p5_rho695p856/fac-opacity-cowan-state/starout.h5
28666.513913298037,1000.0,fac-opacity-cowan-state,T28666p5_rho1000,0.18410554269425627,0.0034444578697954724,0.184498543358112,0.0005690647520993444,ok,/home/elads/STAR/full_grid_solar_opacity/runs/T28666p5_rho1000/fac-opacity-cowan-state/starout.h5
31558.421762371665,1e-17,fac-opacity-cowan-state,T31558p4_rho1em17,0.18683910320239622,2.5016215749725908e-23,0.18683910320239622,5.325610034989319e-24,ok,/home/elads/STAR/full_grid_solar_opacity/runs/T31558p4_rho1em17/fac-opacity-cowan-state/starout.h5
31558.421762371665,1.4370779141993746e-17,fac-opacity-cowan-state,T31558p4_rho1p43708em17,0.18683910320239616,3.59247491569538e-23,0.18683910320239616,7.648068516168264e-24,ok,/home/elads/STAR/full_grid_solar_opacity/runs/T31558p4_rho1p43708em17/fac-opacity-cowan-state/starout.h5
31558.421762371665,2.065192931479625e-17,fac-opacity-cowan-state,T31558p4_rho2p06519em17,0.18683910320239608,5.1601172064458726e-23,0.18683910320239608,1.0985624474938844e-23,ok,/home/elads/STAR/full_grid_solar_opacity/runs/T31558p4_rho2p06519em17/fac-opacity-cowan-state/starout.h5
31558.421762371665,2.9678431503900313e-17,fac-opacity-cowan-state,T31558p4_rho2p96784em17,0.18683910320239555,7.413160789381705e-23,0.18683910320239555,1.578239069180345e-23,ok,/home/elads/STAR/full_grid_solar_opacity/runs/T31558p4_rho2p96784em17/fac-opacity-cowan-state/starout.h5
31558.421762371665,4.2650218442334076e-17,fac-opacity-cowan-state,T31558p4_rho4p26502em17,0.18683910320239533,1.06512668917357e-22,0.18683910320239533,2.2676330388821874e-23,ok,/home/elads/STAR/full_grid_solar_opacity/runs/T31558p4_rho4p26502em17/fac-opacity-cowan-state/starout.h5
31558.421762371665,6.129168695925715e-17,fac-opacity-cowan-state,T31558p4_rho6p12917em17,0.18683910320239608,1.5305698589777157e-22,0.18683910320239608,3.2585576052129506e-23,ok,/home/elads/STAR/full_grid_solar_opacity/runs/T31558p4_rho6p12917em17/fac-opacity-cowan-state/starout.h5
31558.421762371665,8.808092965317026e-17,fac-opacity-cowan-state,T31558p4_rho8p80809em17,0.18683910320239597,2.19954802075828e-22,0.18683910320239597,4.6828009369722994e-23,ok,/home/elads/STAR/full_grid_solar_opacity/runs/T31558p4_rho8p80809em17/fac-opacity-cowan-state/starout.h5
31558.421762371665,1.2657915866672028e-16,fac-opacity-cowan-state,T31558p4_rho1p26579em16,0.1868391032023952,3.160921722771492e-22,0.18683910320239516,6.729549476047891e-23,ok,/home/elads/STAR/full_grid_solar_opacity/runs/T31558p4_rho1p26579em16/fac-opacity-cowan-state/starout.h5
31558.421762371665,1.819041133178821e-16,fac-opacity-cowan-state,T31558p4_rho1p81904em16,0.18683910320239677,4.542490523269234e-22,0.18683910320239677,9.670886362777286e-23,ok,/home/elads/STAR/full_grid_solar_opacity/runs/T31558p4_rho1p81904em16/fac-opacity-cowan-state/starout.h5
31558.421762371665,2.6141038375114865e-16,fac-opacity-cowan-state,T31558p4_rho2p6141em16,0.18683910320239638,6.527912337084649e-22,0.18683910320239633,1.3897816244152547e-22,ok,/home/elads/STAR/full_grid_solar_opacity/runs/T31558p4_rho2p6141em16/fac-opacity-cowan-state/starout.h5
31558.421762371665,3.7566708903116036e-16,fac-opacity-cowan-state,T31558p4_rho3p75667em16,0.18683910320239577,9.38111794472534e-22,0.18683910320239577,1.997224333266315e-22,ok,/home/elads/STAR/full_grid_solar_opacity/runs/T31558p4_rho3p75667em16/fac-opacity-cowan-state/starout.h5
31558.421762371665,5.398628767382507e-16,fac-opacity-cowan-state,T31558p4_rho5p39863em16,0.18683910320243163,1.3481396219344233e-21,0.18683910320243166,2.870166719761901e-22,ok,/home/elads/STAR/full_grid_solar_opacity/runs/T31558p4_rho5p39863em16/fac-opacity-cowan-state/starout.h5
31558.421762371665,7.758250168566793e-16,fac-opacity-cowan-state,T31558p4_rho7p75825em16,0.18683910320239558,1.937381484334072e-21,0.18683910320239555,4.1246528042532144e-22,ok,/home/elads/STAR/full_grid_solar_opacity/runs/T31558p4_rho7p75825em16/fac-opacity-cowan-state/starout.h5
31558.421762371665,1.1149209970080914e-15,fac-opacity-cowan-state,T31558p4_rho1p11492em15,0.18683910320239494,2.784167821647066e-21,0.18683910320239494,5.927446784569038e-22,ok,/home/elads/STAR/full_grid_solar_opacity/runs/T31558p4_rho1p11492em15/fac-opacity-cowan-state/starout.h5
31558.421762371665,1.6022283408774753e-15,fac-opacity-cowan-state,T31558p4_rho1p60223em15,0.1868391032024018,4.001065554354263e-21,0.1868391032024018,8.518201761731426e-22,ok,/home/elads/STAR/full_grid_solar_opacity/runs/T31558p4_rho1p60223em15/fac-opacity-cowan-state/starout.h5
31558.421762371665,2.3025269621793266e-15,fac-opacity-cowan-state,T31558p4_rho2p30253em15,0.18683910320239597,5.749842064123204e-21,0.18683910320239597,1.224131780798899e-21,ok,/home/elads/STAR/full_grid_solar_opacity/runs/T31558p4_rho2p30253em15/fac-opacity-cowan-state/starout.h5
31558.421762371665,3.308910644196489e-15,fac-opacity-cowan-state,T31558p4_rho3p30891em15,0.18683910320239683,8.262969598406782e-21,0.18683910320239683,1.759172453261075e-21,ok,/home/elads/STAR/full_grid_solar_opacity/runs/T31558p4_rho3p30891em15/fac-opacity-cowan-state/starout.h5
31558.421762371665,4.755162406834019e-15,fac-opacity-cowan-state,T31558p4_rho4p75516em15,0.1868391032023963,1.1874528579273248e-20,0.1868391032023963,2.5280673525746073e-21,ok,/home/elads/STAR/full_grid_solar_opacity/runs/T31558p4_rho4p75516em15/fac-opacity-cowan-state/starout.h5
31558.421762371665,6.8335388732923106e-15,fac-opacity-cowan-state,T31558p4_rho6p83354em15,0.18683910320240055,1.7064618782256898e-20,0.18683910320240052,3.63302893374307e-21,ok,/home/elads/STAR/full_grid_solar_opacity/runs/T31558p4_rho6p83354em15/fac-opacity-cowan-state/starout.h5
31558.421762371665,9.820327790631256e-15,fac-opacity-cowan-state,T31558p4_rho9p82033em15,0.18683910320239613,2.4523179962871783e-20,0.18683910320239613,5.220944248637974e-21,ok,/home/elads/STAR/full_grid_solar_opacity/runs/T31558p4_rho9p82033em15/fac-opacity-cowan-state/starout.h5
31558.421762371665,1.4112576178114521e-14,fac-opacity-cowan-state,T31558p4_rho1p41126em14,0.18683910320239633,3.524170918272267e-20,0.18683910320239633,7.502901375663057e-21,ok,/home/elads/STAR/full_grid_solar_opacity/runs/T31558p4_rho1p41126em14/fac-opacity-cowan-state/starout.h5
31558.421762371665,2.0280871538024598e-14,fac-opacity-cowan-state,T31558p4_rho2p02809em14,0.1868391032023561,5.064506390854916e-20,0.18683910320235608,1.078225013039991e-20,ok,/home/elads/STAR/full_grid_solar_opacity/runs/T31558p4_rho2p02809em14/fac-opacity-cowan-state/starout.h5
31558.421762371665,2.914519256800997e-14,fac-opacity-cowan-state,T31558p4_rho2p91452em14,0.18683910320238367,7.27808734243881e-20,0.18683910320238367,1.5494927457154958e-20,ok,/home/elads/STAR/full_grid_solar_opacity/runs/T31558p4_rho2p91452em14/fac-opacity-cowan-state/starout.h5
31558.421762371665,4.188391254457488e-14,fac-opacity-cowan-state,T31558p4_rho4p18839em14,0.18683910320245753,1.0459173735052815e-19,0.18683910320245753,2.2267408026334605e-20,ok,/home/elads/STAR/full_grid_solar_opacity/runs/T31558p4_rho4p18839em14/fac-opacity-cowan-state/starout.h5
31558.421762371665,6.019044567806669e-14,fac-opacity-cowan-state,T31558p4_rho6p01904em14,0.18683910320239602,1.5030639621108813e-19,0.18683910320239597,3.199998378270163e-20,ok,/home/elads/STAR/full_grid_solar_opacity/runs/T31558p4_rho6p01904em14/fac-opacity-cowan-state/starout.h5
31558.421762371665,8.649836012976684e-14,fac-opacity-cowan-state,T31558p4_rho8p64984em14,0.1868391032023959,2.1600187706532875e-19,0.18683910320239588,4.5986444193019433e-20,ok,/home/elads/STAR/full_grid_solar_opacity/runs/T31558p4_rho8p64984em14/fac-opacity-cowan-state/starout.h5
31558.421762371665,1.2430488295695167e-13,fac-opacity-cowan-state,T31558p4_rho1p24305em13,0.18683910320239483,3.1041132629464658e-19,0.18683910320239483,6.608606162406777e-20,ok,/home/elads/STAR/full_grid_solar_opacity/runs/T31558p4_rho1p24305em13/fac-opacity-cowan-state/starout.h5
31558.421762371665,1.7863580192457348e-13,fac-opacity-cowan-state,T31558p4_rho1p78636em13,0.18683910320237884,4.460849519312588e-19,0.18683910320237881,9.497075606407398e-20,ok,/home/elads/STAR/full_grid_solar_opacity/runs/T31558p4_rho1p78636em13/fac-opacity-cowan-state/starout.h5
31558.421762371665,2.567135656310987e-13,fac-opacity-cowan-state,T31558p4_rho2p56714em13,0.1868391032023957,6.410583603153488e-19,0.1868391032023957,1.3648027903140425e-19,ok,/home/elads/STAR/full_grid_solar_opacity/runs/T31558p4_rho2p56714em13/fac-opacity-cowan-state/starout.h5
31558.421762371665,3.6891739544382357e-13,fac-opacity-cowan-state,T31558p4_rho3p68917em13,0.18683910320241082,9.21250122214265e-19,0.1868391032024108,1.961326525024431e-19,ok,/home/elads/STAR/full_grid_solar_opacity/runs/T31558p4_rho3p68917em13/fac-opacity-cowan-state/starout.h5
31558.421762371665,5.301630411562758e-13,fac-opacity-cowan-state,T31558p4_rho5p30163em13,0.18683910320239577,1.3239072837592077e-18,0.18683910320239577,2.8185771424773783e-19,ok,/home/elads/STAR/full_grid_solar_opacity/runs/T31558p4_rho5p30163em13/fac-opacity-cowan-state/starout.h5
31558.421762371665,7.618855973704612e-13,fac-opacity-cowan-state,T31558p4_rho7p61886em13,0.18683910320239552,1.9025567936349944e-18,0.18683910320239552,4.050512652907278e-19,ok,/home/elads/STAR/full_grid_solar_opacity/runs/T31558p4_rho7p61886em13/fac-opacity-cowan-state/starout.h5
31558.421762371665,1.0948889651276868e-12,fac-opacity-cowan-state,T31558p4_rho1p09489em12,0.18683910320239347,2.7341213051540183e-18,0.18683910320239352,5.820900171079207e-19,ok,/home/elads/STAR/full_grid_solar_opacity/runs/T31558p4_rho1p09489em12/fac-opacity-cowan-state/starout.h5
31558.421762371665,1.5734407502856082e-12,fac-opacity-cowan-state,T31558p4_rho1p57344em12,0.18683910320231087,3.92914512122343e-18,0.18683910320231087,8.365086699850693e-19,ok,/home/elads/STAR/full_grid_solar_opacity/runs/T31558p4_rho1p57344em12/fac-opacity-cowan-state/starout.h5
31558.421762371665,2.26115695153675e-12,fac-opacity-cowan-state,T31558p4_rho2p26116em12,0.18683910320239444,5.646490008226695e-18,0.18683910320239444,1.2021286343451504e-18,ok,/home/elads/STAR/full_grid_solar_opacity/runs/T31558p4_rho2p26116em12/fac-opacity-cowan-state/starout.h5
31558.421762371665,3.249458715591849e-12,fac-opacity-cowan-state,T31558p4_rho3p24946em12,0.18683910320239244,8.114454851666338e-18,0.18683910320239241,1.72755435242561e-18,ok,/home/elads/STAR/full_grid_solar_opacity/runs/T31558p4_rho3p24946em12/fac-opacity-cowan-state/starout.h5
31558.421762371665,4.669725353279713e-12,fac-opacity-cowan-state,T31558p4_rho4p66973em12,0.18683910320171385,1.1661126427308576e-17,0.18683910320171385,2.482634913547668e-18,ok,/home/elads/STAR/full_grid_solar_opacity/runs/T31558p4_rho4p66973em12/fac-opacity-cowan-state/starout.h5
31558.421762371665,6.710759170575148e-12,fac-opacity-cowan-state,T31558p4_rho6p71076em12,0.1868391032023894,1.675799655342503e-17,0.1868391032023894,3.5677500627885935e-18,ok,/home/elads/STAR/full_grid_solar_opacity/runs/T31558p4_rho6p71076em12/fac-opacity-cowan-state/starout.h5
31558.421762371665,9.64388379154446e-12,fac-opacity-cowan-state,T31558p4_rho9p64388em12,0.18683910320238686,2.4082643089846478e-17,0.18683910320238686,5.12715485185829e-18,ok,/home/elads/STAR/full_grid_solar_opacity/runs/T31558p4_rho9p64388em12/fac-opacity-cowan-state/starout.h5
31558.421762371665,1.3859012403933867e-11,fac-opacity-cowan-state,T31558p4_rho1p3859em11,0.18683910320238076,3.460880473238866e-17,0.18683910320238076,7.368156353836558e-18,ok,/home/elads/STAR/full_grid_solar_opacity/runs/T31558p4_rho1p3859em11/fac-opacity-cowan-state/starout.h5
31558.421762371665,1.9916480638308542e-11,fac-opacity-cowan-state,T31558p4_rho1p99165em11,0.18683910320237568,4.9735813220884783e-17,0.18683910320237568,1.0588669633638146e-17,ok,/home/elads/STAR/full_grid_solar_opacity/runs/T31558p4_rho1p99165em11/fac-opacity-cowan-state/starout.h5
31558.421762371665,2.8621534453892672e-11,fac-opacity-cowan-state,T31558p4_rho2p86215em11,0.18683910320238406,7.147457636112275e-17,0.18683910320238406,1.5216813185274552e-17,ok,/home/elads/STAR/full_grid_solar_opacity/runs/T31558p4_rho2p86215em11/fac-opacity-cowan-state/starout.h5
31558.421762371665,4.1131375034185614e-11,fac-opacity-cowan-state,T31558p4_rho4p11314em11,0.18683910320232924,1.027148216471291e-16,0.18683910320232924,2.186780530847915e-17,ok,/home/elads/STAR/full_grid_solar_opacity/runs/T31558p4_rho4p11314em11/fac-opacity-cowan-state/starout.h5
31558.421762371665,5.910899064227969e-11,fac-opacity-cowan-state,T31558p4_rho5p9109em11,0.18683910320228836,1.476092019095452e-16,0.18683910320228836,3.142573924403909e-17,ok,/home/elads/STAR/full_grid_solar_opacity/runs/T31558p4_rho5p9109em11/fac-opacity-cowan-state/starout.h5
31558.421762371665,8.4944224982638e-11,fac-opacity-cowan-state,T31558p4_rho8p49442em11,0.18683910320228728,2.12125487152532e-16,0.18683910320228728,4.5161142803512206e-17,ok,/home/elads/STAR/full_grid_solar_opacity/runs/T31558p4_rho8p49442em11/fac-opacity-cowan-state/starout.h5
31558.421762371665,1.2207146966133182e-10,fac-opacity-cowan-state,T31558p4_rho1p22071em10,0.18683910320226868,3.0484026989772294e-16,0.1868391032022687,6.489995504237591e-17,ok,/home/elads/STAR/full_grid_solar_opacity/runs/T31558p4_rho1p22071em10/fac-opacity-cowan-state/starout.h5
31558.421762371665,1.7542621300415897e-10,fac-opacity-cowan-state,T31558p4_rho1p75426em10,0.18683910320204275,4.380791634441311e-16,0.18683910320204283,9.32662688637724e-17,ok,/home/elads/STAR/full_grid_solar_opacity/runs/T31558p4_rho1p75426em10/fac-opacity-cowan-state/starout.h5
31558.421762371665,2.52101136279913e-10,fac-opacity-cowan-state,T31558p4_rho2p52101em10,0.18683910320203945,6.295547173516631e-16,0.18683910320203947,1.3403104473499536e-16,ok,/home/elads/STAR/full_grid_solar_opacity/runs/T31558p4_rho2p52101em10/fac-opacity-cowan-state/starout.h5
31558.421762371665,3.6228897509242966e-10,fac-opacity-cowan-state,T31558p4_rho3p62289em10,0.18683910320201774,9.047208741171087e-16,0.18683910320201783,1.9261336356367322e-16,ok,/home/elads/STAR/full_grid_solar_opacity/runs/T31558p4_rho3p62289em10/fac-opacity-cowan-state/starout.h5
31558.421762371665,5.20637484663258e-10,fac-opacity-cowan-state,T31558p4_rho5p20637em10,0.18683910320185246,1.3001584963474552e-15,0.18683910320185262,2.76801177990028e-16,ok,/home/elads/STAR/full_grid_solar_opacity/runs/T31558p4_rho5p20637em10/fac-opacity-cowan-state/starout.h5
31558.421762371665,7.481966305138837e-10,fac-opacity-cowan-state,T31558p4_rho7p48197em10,0.18683910320161637,1.868447712595711e-15,0.18683910320161656,3.9778849322090283e-16,ok,/home/elads/STAR/full_grid_solar_opacity/runs/T31558p4_rho7p48197em10/fac-opacity-cowan-state/starout.h5
31558.421762371665,1.0752168531898921e-09,fac-opacity-cowan-state,T31558p4_rho1p07522em09,0.18683910320127747,2.685168330279394e-15,0.18683910320127778,5.716655610300572e-16,ok,/home/elads/STAR/full_grid_solar_opacity/runs/T31558p4_rho1p07522em09/fac-opacity-cowan-state/starout.h5
31558.421762371665,1.5451703926941453e-09,fac-opacity-cowan-state,T31558p4_rho1p54517em09,0.18683910320078986,3.858864390546594e-15,0.18683910320079034,8.215413080263769e-16,ok,/home/elads/STAR/full_grid_solar_opacity/runs/T31558p4_rho1p54517em09/fac-opacity-cowan-state/starout.h5
31558.421762371665,2.220530245015531e-09,fac-opacity-cowan-state,T31558p4_rho2p22053em09,0.1868391032001101,5.545486552292907e-15,0.18683910320011082,1.1806178166649732e-15,ok,/home/elads/STAR/full_grid_solar_opacity/runs/T31558p4_rho2p22053em09/fac-opacity-cowan-state/starout.h5
31558.421762371665,3.1910749729235452e-09,fac-opacity-cowan-state,T31558p4_rho3p19107em09,0.1868391031991394,7.969273827201074e-15,0.18683910319914046,1.696633882087644e-15,ok,/home/elads/STAR/full_grid_solar_opacity/runs/T31558p4_rho3p19107em09/fac-opacity-cowan-state/starout.h5
31558.421762371665,4.585823366142813e-09,fac-opacity-cowan-state,T31558p4_rho4p58582em09,0.1868391031977738,1.1452430159222595e-14,0.1868391031977753,2.43818475213315e-15,ok,/home/elads/STAR/full_grid_solar_opacity/runs/T31558p4_rho4p58582em09/fac-opacity-cowan-state/starout.h5
31558.421762371665,6.590185477903269e-09,fac-opacity-cowan-state,T31558p4_rho6p59019em09,0.17602142094122547,1.6452449799050836e-14,0.17602142094122766,3.503219869169144e-15,ok,/home/elads/STAR/full_grid_solar_opacity/runs/T31558p4_rho6p59019em09/fac-opacity-cowan-state/starout.h5
31558.421762371665,9.470610000772238e-09,fac-opacity-cowan-state,T31558p4_rho9p47061em09,0.17602142093883155,2.3664442941068492e-14,0.17602142093883474,5.03693071183043e-15,ok,/home/elads/STAR/full_grid_solar_opacity/runs/T31558p4_rho9p47061em09/fac-opacity-cowan-state/starout.h5
31558.421762371665,1.3610004466105506e-08,fac-opacity-cowan-state,T31558p4_rho1p361em08,0.17602142093518344,3.3979882949208736e-14,0.17602142093518797,7.235187813596907e-15,ok,/home/elads/STAR/full_grid_solar_opacity/runs/T31558p4_rho1p361em08/fac-opacity-cowan-state/starout.h5
31558.421762371665,1.9558636830395073e-08,fac-opacity-cowan-state,T31558p4_rho1p95586em08,0.17602142093059303,4.885399893599331e-14,0.17602142093059958,1.0400178859474729e-14,ok,/home/elads/STAR/full_grid_solar_opacity/runs/T31558p4_rho1p95586em08/fac-opacity-cowan-state/starout.h5
31558.421762371665,2.810728502080722e-08,fac-opacity-cowan-state,T31558p4_rho2p81073em08,0.17602142092454892,7.016526744888715e-14,0.17602142092455816,1.4940692685384413e-14,ok,/home/elads/STAR/full_grid_solar_opacity/runs/T31558p4_rho2p81073em08/fac-opacity-cowan-state/starout.h5
31558.421762371665,4.039235853150913e-08,fac-opacity-cowan-state,T31558p4_rho4p03924em08,0.1760214209166426,1.0085387742043416e-13,0.17602142091665607,2.147353895682144e-14,ok,/home/elads/STAR/full_grid_solar_opacity/runs/T31558p4_rho4p03924em08/fac-opacity-cowan-state/starout.h5
31558.421762371665,5.804696634805446e-08,fac-opacity-cowan-state,T31558p4_rho5p8047em08,0.17602142090672968,1.4493798278538283e-13,0.176021420906749,3.085907476072793e-14,ok,/home/elads/STAR/full_grid_solar_opacity/runs/T31558p4_rho5p8047em08/fac-opacity-cowan-state/starout.h5
31558.421762371665,8.341801332506338e-08,fac-opacity-cowan-state,T31558p4_rho8p3418em08,0.17602142089376507,2.0828196056893012e-13,0.1760214208937927,4.434547808071208e-14,ok,/home/elads/STAR/full_grid_solar_opacity/runs/T31558p4_rho8p3418em08/fac-opacity-cowan-state/starout.h5
31558.421762371665,1.1987818459583772e-07,fac-opacity-cowan-state,T31558p4_rho1p19878em07,0.1760214208786455,2.9930494866270914e-13,0.17602142087868514,6.372570946426777e-14,ok,/home/elads/STAR/full_grid_solar_opacity/runs/T31558p4_rho1p19878em07/fac-opacity-cowan-state/starout.h5
31558.421762371665,1.7227429147699408e-07,fac-opacity-cowan-state,T31558p4_rho1p72274em07,0.17602142085962386,4.3014120089401024e-13,0.17602142085968056,9.15790690621802e-14,ok,/home/elads/STAR/full_grid_solar_opacity/runs/T31558p4_rho1p72274em07/fac-opacity-cowan-state/starout.h5
31558.421762371665,2.4757157946593376e-07,fac-opacity-cowan-state,T31558p4_rho2p47572em07,0.17602142083651506,6.182904534099985e-13,0.1760214208365975,1.316174391965841e-13,ok,/home/elads/STAR/full_grid_solar_opacity/runs/T31558p4_rho2p47572em07/fac-opacity-cowan-state/starout.h5
31558.421762371665,3.557796490339488e-07,fac-opacity-cowan-state,T31558p4_rho3p5578em07,0.1760214208088984,8.882790058071062e-13,0.17602142080901664,1.891142085174238e-13,ok,/home/elads/STAR/full_grid_solar_opacity/runs/T31558p4_rho3p5578em07/fac-opacity-cowan-state/starout.h5
31558.421762371665,5.112830759482948e-07,fac-opacity-cowan-state,T31558p4_rho5p11283em07,0.17602142077516528,1.2766538647408004e-12,0.1760214207753351,2.717705577335907e-13,ok,/home/elads/STAR/full_grid_solar_opacity/runs/T31558p4_rho5p11283em07/fac-opacity-cowan-state/starout.h5
31558.421762371665,7.347536163492159e-07,fac-opacity-cowan-state,T31558p4_rho7p34754em07,0.1760214207346069,1.834459900994523e-12,0.17602142073485047,3.9052903974143045e-13,ok,/home/elads/STAR/full_grid_solar_opacity/runs/T31558p4_rho7p34754em07/fac-opacity-cowan-state/starout.h5
31558.421762371665,1.0558981944335787e-06,fac-opacity-cowan-state,T31558p4_rho1p0559em06,0.17602142068581605,2.6362278459915764e-12,0.1760214206861665,5.611947620310462e-13,ok,/home/elads/STAR/full_grid_solar_opacity/runs/T31558p4_rho1p0559em06/fac-opacity-cowan-state/starout.h5
31558.421762371665,1.517407974863493e-06,fac-opacity-cowan-state,T31558p4_rho1p51741em06,0.17602142062767975,3.788486162842983e-12,0.17602142062818343,8.064939080623766e-13,ok,/home/elads/STAR/full_grid_solar_opacity/runs/T31558p4_rho1p51741em06/fac-opacity-cowan-state/starout.h5
31558.421762371665,2.1806334875063253e-06,fac-opacity-cowan-state,T31558p4_rho2p18063em06,0.1760214205582438,5.4446931485892e-12,0.17602142055896786,1.159034841957132e-12,ok,/home/elads/STAR/full_grid_solar_opacity/runs/T31558p4_rho2p18063em06/fac-opacity-cowan-state/starout.h5
31558.421762371665,3.1337402238588983e-06,fac-opacity-cowan-state,T31558p4_rho3p13374em06,0.17602142047567565,7.824268523526145e-12,0.17602142047671582,1.6655772492807472e-12,ok,/home/elads/STAR/full_grid_solar_opacity/runs/T31558p4_rho3p13374em06/fac-opacity-cowan-state/starout.h5
31558.421762371665,4.503428864545845e-06,fac-opacity-cowan-state,T31558p4_rho4p50343em06,0.1760214203764931,1.1244435453729038e-11,0.17602142037798743,2.3935823362370064e-12,ok,/home/elads/STAR/full_grid_solar_opacity/runs/T31558p4_rho4p50343em06/fac-opacity-cowan-state/starout.h5
31558.421762371665,6.471778159406801e-06,fac-opacity-cowan-state,T31558p4_rho6p47178em06,0.1760214202584979,1.6160866995047872e-11,0.17602142026064682,3.440036807626148e-12,ok,/home/elads/STAR/full_grid_solar_opacity/runs/T31558p4_rho6p47178em06/fac-opacity-cowan-state/starout.h5
31558.421762371665,9.300449458481393e-06,fac-opacity-cowan-state,T31558p4_rho9p30045em06,0.1760214201162168,2.3225628886151824e-11,0.17602142011930527,4.943684540685492e-12,ok,/home/elads/STAR/full_grid_solar_opacity/runs/T31558p4_rho9p30045em06/fac-opacity-cowan-state/starout.h5
31558.421762371665,1.3365470508911143e-05,fac-opacity-cowan-state,T31558p4_rho1p33655em05,0.17602141995636678,3.3373031748922776e-11,0.17602141996080387,7.103417135364954e-12,ok,/home/elads/STAR/full_grid_solar_opacity/runs/T31558p4_rho1p33655em05/fac-opacity-cowan-state/starout.h5
31558.421762371665,1.920722248123928e-05,fac-opacity-cowan-state,T31558p4_rho1p92072em05,0.17602141975282184,4.795443635433085e-11,0.17602141975919675,1.0206702783754668e-11,ok,/home/elads/STAR/full_grid_solar_opacity/runs/T31558p4_rho1p92072em05/fac-opacity-cowan-state/starout.h5
31558.421762371665,2.760227522090268e-05,fac-opacity-cowan-state,T31558p4_rho2p76023em05,0.1760214195302253,6.891967170289475e-11,0.17602141953938782,1.466831226390702e-11,ok,/home/elads/STAR/full_grid_solar_opacity/runs/T31558p4_rho2p76023em05/fac-opacity-cowan-state/starout.h5
31558.421762371665,3.966662010161191e-05,fac-opacity-cowan-state,T31558p4_rho3p96666em05,0.17602141923821513,1.0036581355841851e-10,0.17602141925164644,2.145603484835097e-11,ok,/home/elads/STAR/full_grid_solar_opacity/runs/T31558p4_rho3p96666em05/fac-opacity-cowan-state/starout.h5
31558.421762371665,5.7004023678963655e-05,fac-opacity-cowan-state,T31558p4_rho5p7004em05,0.17602141889362127,1.4418618337904933e-10,0.17602141891291284,3.081900350330484e-11,ok,/home/elads/STAR/full_grid_solar_opacity/runs/T31558p4_rho5p7004em05/fac-opacity-cowan-state/starout.h5
31558.421762371665,8.191922344953684e-05,fac-opacity-cowan-state,T31558p4_rho8p19192em05,0.17602141748721525,2.071866340009339e-10,0.17602141751493497,4.428153705483442e-11,ok,/home/elads/STAR/full_grid_solar_opacity/runs/T31558p4_rho8p19192em05/fac-opacity-cowan-state/starout.h5
31558.421762371665,0.00011772430676769293,fac-opacity-cowan-state,T31558p4_rho0p000117724,0.17602141473368835,2.979261037208679e-10,0.17602141477356062,6.368805974719142e-11,ok,/home/elads/STAR/full_grid_solar_opacity/runs/T31558p4_rho0p000117724/fac-opacity-cowan-state/starout.h5
31558.421762371665,0.00016917900122028344,fac-opacity-cowan-state,T31558p4_rho0p000169179,0.17602142044237917,4.280595840016019e-10,0.1760214204996601,9.149541168145776e-11,ok,/home/elads/STAR/full_grid_solar_opacity/runs/T31558p4_rho0p000169179/fac-opacity-cowan-state/starout.h5
31558.421762371665,0.0002431234061999784,fac-opacity-cowan-state,T31558p4_rho0p000243123,0.17602141358198348,6.150222111121637e-10,0.17602141366427074,1.3144068467431016e-10,ok,/home/elads/STAR/full_grid_solar_opacity/runs/T31558p4_rho0p000243123/fac-opacity-cowan-state/starout.h5
31558.421762371665,0.0003493872774749123,fac-opacity-cowan-state,T31558p4_rho0p000349387,0.1760214152424807,8.837452171639345e-10,0.17602141536071328,1.888507575512918e-10,ok,/home/elads/STAR/full_grid_solar_opacity/runs/T31558p4_rho0p000349387/fac-opacity-cowan-state/starout.h5
31558.421762371665,0.0005020967399614471,fac-opacity-cowan-state,T31558p4_rho0p000502097,0.17602141371290458,1.2700369065206252e-09,0.1760214138828123,2.7137246913308546e-10,ok,/home/elads/STAR/full_grid_solar_opacity/runs/T31558p4_rho0p000502097/fac-opacity-cowan-state/starout.h5
31558.421762371665,0.0007215521357901021,fac-opacity-cowan-state,T31558p4_rho0p000721552,0.17602141330555912,1.8248189963205242e-09,0.1760214135496472,3.8984094762338097e-10,ok,/home/elads/STAR/full_grid_solar_opacity/runs/T31558p4_rho0p000721552/fac-opacity-cowan-state/starout.h5
31558.421762371665,0.0010369266382873438,fac-opacity-cowan-state,T31558p4_rho0p00103693,0.17602141298313054,2.6214365370547993e-09,0.17602141333367904,5.598637589032973e-10,ok,/home/elads/STAR/full_grid_solar_opacity/runs/T31558p4_rho0p00103693/fac-opacity-cowan-state/starout.h5
31558.421762371665,0.0014901443705277455,fac-opacity-cowan-state,T31558p4_rho0p00149014,0.17602141009787686,3.766406819395974e-09,0.1760214106014254,8.041833314368493e-10,ok,/home/elads/STAR/full_grid_solar_opacity/runs/T31558p4_rho0p00149014/fac-opacity-cowan-state/starout.h5
31558.421762371665,0.002141453563853953,fac-opacity-cowan-state,T31558p4_rho0p00214145,0.17602141690997522,5.408935698503384e-09,0.17602141763277734,1.1543538488747747e-09,ok,/home/elads/STAR/full_grid_solar_opacity/runs/T31558p4_rho0p00214145/fac-opacity-cowan-state/starout.h5
31558.421762371665,0.003077435620898055,fac-opacity-cowan-state,T31558p4_rho0p00307744,0.17602141686431086,7.771405014515115e-09,0.1760214179025555,1.657998485349013e-09,ok,/home/elads/STAR/full_grid_solar_opacity/runs/T31558p4_rho0p00307744/fac-opacity-cowan-state/starout.h5
31558.421762371665,0.004422514763163053,fac-opacity-cowan-state,T31558p4_rho0p00442251,0.17602141431348892,1.1165489151031907e-08,0.1760214158047278,2.38119584083216e-09,ok,/home/elads/STAR/full_grid_solar_opacity/runs/T31558p4_rho0p00442251/fac-opacity-cowan-state/starout.h5
31558.421762371665,0.006355498291362301,fac-opacity-cowan-state,T31558p4_rho0p0063555,0.1760214113635523,1.604150318355497e-08,0.1760214135052528,3.419514862176114e-09,ok,/home/elads/STAR/full_grid_solar_opacity/runs/T31558p4_rho0p0063555/fac-opacity-cowan-state/starout.h5
31558.421762371665,0.009133346228248624,fac-opacity-cowan-state,T31558p4_rho0p00913335,0.17602140475244193,2.30463587232294e-08,0.17602140782805906,4.910103894956735e-09,ok,/home/elads/STAR/full_grid_solar_opacity/runs/T31558p4_rho0p00913335/fac-opacity-cowan-state/starout.h5
31558.421762371665,0.01312533014735226,fac-opacity-cowan-state,T31558p4_rho0p0131253,0.17602139937037709,3.310889565017946e-08,0.17602140378665934,7.049558920598274e-09,ok,/home/elads/STAR/full_grid_solar_opacity/runs/T31558p4_rho0p0131253/fac-opacity-cowan-state/starout.h5
31558.421762371665,0.018862122071335155,fac-opacity-cowan-state,T31558p4_rho0p0188621,0.17602139514730708,4.7562395712892227e-08,0.17602140148768824,1.0119562648570841e-08,ok,/home/elads/STAR/full_grid_solar_opacity/runs/T31558p4_rho0p0188621/fac-opacity-cowan-state/starout.h5
31558.421762371665,0.02710633904364831,fac-opacity-cowan-state,T31558p4_rho0p0271063,0.17602139172761033,6.832235187276555e-08,0.1760214008289165,1.4523972708664338e-08,ok,/home/elads/STAR/full_grid_solar_opacity/runs/T31558p4_rho0p0271063/fac-opacity-cowan-state/starout.h5
31558.421762371665,0.038953921174427183,fac-opacity-cowan-state,T31558p4_rho0p0389539,0.1760213886752135,9.813568436162861e-08,0.17602140173681602,2.0840467534475652e-08,ok,/home/elads/STAR/full_grid_solar_opacity/runs/T31558p4_rho0p0389539/fac-opacity-cowan-state/starout.h5
31558.421762371665,0.0559798197912329,fac-opacity-cowan-state,T31558p4_rho0p0559798,0.17602137175217578,1.4094480516501473e-07,0.1760213904924311,2.989575723836742e-08,ok,/home/elads/STAR/full_grid_solar_opacity/runs/T31558p4_rho0p0559798/fac-opacity-cowan-state/starout.h5
31558.421762371665,0.08044736266284185,fac-opacity-cowan-state,T31558p4_rho0p0804474,0.17602136839218294,2.0240657469935422e-07,0.17602139527208252,4.287233994961491e-08,ok,/home/elads/STAR/full_grid_solar_opacity/runs/T31558p4_rho0p0804474/fac-opacity-cowan-state/starout.h5
31558.421762371665,0.11560912813835741,fac-opacity-cowan-state,T31558p4_rho0p115609,0.1760213659942397,2.906386864188836e-07,0.1760214045370768,6.146092799898127e-08,ok,/home/elads/STAR/full_grid_solar_opacity/runs/T31558p4_rho0p115609/fac-opacity-cowan-state/starout.h5
31558.421762371665,0.1661393247274789,fac-opacity-cowan-state,T31558p4_rho0p166139,0.17602136519792233,4.17295158405773e-07,0.17602142044704197,8.807933006792547e-08,ok,/home/elads/STAR/full_grid_solar_opacity/runs/T31558p4_rho0p166139/fac-opacity-cowan-state/starout.h5
31558.421762371665,0.23875515424585794,fac-opacity-cowan-state,T31558p4_rho0p238755,0.17602136719836337,5.990990913759031e-07,0.17602144637179395,1.2618328985999467e-07,ok,/home/elads/STAR/full_grid_solar_opacity/runs/T31558p4_rho0p238755/fac-opacity-cowan-state/starout.h5
31558.421762371665,0.34310975906798746,fac-opacity-cowan-state,T31558p4_rho0p34311,0.17602145853100026,8.601506045033591e-07,0.1760215719728463,1.8073408402781288e-07,ok,/home/elads/STAR/full_grid_solar_opacity/runs/T31558p4_rho0p34311/fac-opacity-cowan-state/starout.h5
31558.421762371665,0.49307545690287347,fac-opacity-cowan-state,T31558p4_rho0p493075,0.1760214343266453,1.2349878009685947e-06,0.17602159683923105,2.588005915054324e-07,ok,/home/elads/STAR/full_grid_solar_opacity/runs/T31558p4_rho0p493075/fac-opacity-cowan-state/starout.h5
31558.421762371665,0.7085878491488851,fac-opacity-cowan-state,T31558p4_rho0p708588,0.17602139845513484,1.7733542175870433e-06,0.17602163124953615,3.705230047326732e-07,ok,/home/elads/STAR/full_grid_solar_opacity/runs/T31558p4_rho0p708588/fac-opacity-cowan-state/starout.h5
31558.421762371665,1.0182959482819007,fac-opacity-cowan-state,T31558p4_rho1p0183,0.1760213481147928,2.5467107310909258e-06,0.17602168156055714,5.303709405156618e-07,ok,/home/elads/STAR/full_grid_solar_opacity/runs/T31558p4_rho1p0183/fac-opacity-cowan-state/starout.h5
31558.421762371665,1.4633706173946401,fac-opacity-cowan-state,T31558p4_rho1p46337,0.17602127444806748,3.6577672451435916e-06,0.17602175201377102,7.589983462308152e-07,ok,/home/elads/STAR/full_grid_solar_opacity/runs/T31558p4_rho1p46337/fac-opacity-cowan-state/starout.h5
31558.421762371665,2.1029775945461404,fac-opacity-cowan-state,T31558p4_rho2p10298,0.17602116720334604,5.254152921245361e-06,0.17602185108050616,1.0858599510715268e-06,ok,/home/elads/STAR/full_grid_solar_opacity/runs/T31558p4_rho2p10298/fac-opacity-cowan-state/starout.h5
31558.421762371665,3.0221426551783854,fac-opacity-cowan-state,T31558p4_rho3p02214,0.1760210109820824,7.547959949752398e-06,0.17602199008282735,1.5528878487964767e-06,ok,/home/elads/STAR/full_grid_solar_opacity/runs/T31558p4_rho3p02214/fac-opacity-cowan-state/starout.h5
31558.421762371665,4.343054463316713,fac-opacity-cowan-state,T31558p4_rho4p34305,0.17602082669005936,1.0843976141467485e-05,0.17602222804617618,2.219730881793563e-06,ok,/home/elads/STAR/full_grid_solar_opacity/runs/T31558p4_rho4p34305/fac-opacity-cowan-state/starout.h5
31558.421762371665,6.241307649397467,fac-opacity-cowan-state,T31558p4_rho6p24131,0.17602051044365438,1.5580086868239462e-05,0.17602251539891173,3.171101147668552e-06,ok,/home/elads/STAR/full_grid_solar_opacity/runs/T31558p4_rho6p24131/fac-opacity-cowan-state/starout.h5
31558.421762371665,8.969245378672715,fac-opacity-cowan-state,T31558p4_rho8p96925,0.17602004066080412,2.2385358796996085e-05,0.17602290786018618,4.527124325780519e-06,ok,/home/elads/STAR/full_grid_solar_opacity/runs/T31558p4_rho8p96925/fac-opacity-cowan-state/starout.h5
31558.421762371665,12.889504440725364,fac-opacity-cowan-state,T31558p4_rho12p8895,0.17601936978516394,3.216349015611818e-05,0.1760234677658038,6.45786296721912e-06,ok,/home/elads/STAR/full_grid_solar_opacity/runs/T31558p4_rho12p8895/fac-opacity-cowan-state/starout.h5
31558.421762371665,18.52322215674118,fac-opacity-cowan-state,T31558p4_rho18p5232,0.17601840537460883,4.621248006917926e-05,0.1760242586806424,9.203604808581513e-06,ok,/home/elads/STAR/full_grid_solar_opacity/runs/T31558p4_rho18p5232/fac-opacity-cowan-state/starout.h5
31558.421762371665,26.61931346126126,fac-opacity-cowan-state,T31558p4_rho26p6193,0.17601698201278745,6.639631971533154e-05,0.17602533631235223,1.310311532372656e-05,ok,/home/elads/STAR/full_grid_solar_opacity/runs/T31558p4_rho26p6193/fac-opacity-cowan-state/starout.h5
31558.421762371665,38.254027466328665,fac-opacity-cowan-state,T31558p4_rho38p254,0.17601499292997236,9.539125156230092e-05,0.176026906790024,1.863286345303756e-05,ok,/home/elads/STAR/full_grid_solar_opacity/runs/T31558p4_rho38p254/fac-opacity-cowan-state/starout.h5
31558.421762371665,54.97401800103719,fac-opacity-cowan-state,T31558p4_rho54p974,0.17601218088595966,0.00013703840593990818,0.17602915475459643,2.6461134721914563e-05,ok,/home/elads/STAR/full_grid_solar_opacity/runs/T31558p4_rho54p974/fac-opacity-cowan-state/starout.h5
31558.421762371665,79.0019471240894,fac-opacity-cowan-state,T31558p4_rho79p0019,0.17600808836731466,0.00019684803884140994,0.17603224531810371,3.752230214619944e-05,ok,/home/elads/STAR/full_grid_solar_opacity/runs/T31558p4_rho79p0019/fac-opacity-cowan-state/starout.h5
31558.421762371665,113.53195339077567,fac-opacity-cowan-state,T31558p4_rho113p532,0.17600224841429188,0.0002827206934109866,0.17603658671118846,5.3118334258566344e-05,ok,/home/elads/STAR/full_grid_solar_opacity/runs/T31558p4_rho113p532/fac-opacity-cowan-state/starout.h5
31558.421762371665,163.15426277379785,fac-opacity-cowan-state,T31558p4_rho163p154,0.17599386484118446,0.0004059733888761156,0.1760426093344407,7.505603961927945e-05,ok,/home/elads/STAR/full_grid_solar_opacity/runs/T31558p4_rho163p154/fac-opacity-cowan-state/starout.h5
31558.421762371665,234.46538763970608,fac-opacity-cowan-state,T31558p4_rho234p465,0.17598186367591273,0.0005827988580560428,0.17605095276211213,0.00010583164369246768,ok,/home/elads/STAR/full_grid_solar_opacity/runs/T31558p4_rho234p465/fac-opacity-cowan-state/starout.h5
31558.421762371665,336.94503022121665,fac-opacity-cowan-state,T31558p4_rho336p945,0.17596474511322963,0.0008363294027971839,0.17606250204158522,0.0001488761454366839,ok,/home/elads/STAR/full_grid_solar_opacity/runs/T31558p4_rho336p945/fac-opacity-cowan-state/starout.h5
31558.421762371665,484.21626123015125,fac-opacity-cowan-state,T31558p4_rho484p216,0.1759403125984243,0.0011995342784181988,0.17607836493393383,0.00020887703208764314,ok,/home/elads/STAR/full_grid_solar_opacity/runs/T31558p4_rho484p216/fac-opacity-cowan-state/starout.h5
31558.421762371665,695.8564947100452,fac-opacity-cowan-state,T31558p4_rho695p856,0.17590556452859873,0.0017192654891163568,0.1761000950006101,0.00029219547448439625,ok,/home/elads/STAR/full_grid_solar_opacity/runs/T31558p4_rho695p856/fac-opacity-cowan-state/starout.h5
31558.421762371665,1000.0,fac-opacity-cowan-state,T31558p4_rho1000,0.175856286282493,0.0024617973911340886,0.17612971667095573,0.00040739256596597224,ok,/home/elads/STAR/full_grid_solar_opacity/runs/T31558p4_rho1000/fac-opacity-cowan-state/starout.h5
34742.06829417545,1e-17,fac-opacity-cowan-state,T34742p1_rho1em17,0.17909404116359426,1.78377709180061e-23,0.17909404116359423,3.6740889988966285e-24,ok,/home/elads/STAR/full_grid_solar_opacity/runs/T34742p1_rho1em17/fac-opacity-cowan-state/starout.h5
34742.06829417545,1.4370779141993746e-17,fac-opacity-cowan-state,T34742p1_rho1p43708em17,0.17909404116359415,2.56182675235347e-23,0.17909404116359415,5.2767751867740555e-24,ok,/home/elads/STAR/full_grid_solar_opacity/runs/T34742p1_rho1p43708em17/fac-opacity-cowan-state/starout.h5
34742.06829417545,2.065192931479625e-17,fac-opacity-cowan-state,T34742p1_rho2p06519em17,0.17909404116359426,3.679945315024467e-23,0.17909404116359426,7.579961269869223e-24,ok,/home/elads/STAR/full_grid_solar_opacity/runs/T34742p1_rho2p06519em17/fac-opacity-cowan-state/starout.h5
34742.06829417545,2.9678431503900313e-17,fac-opacity-cowan-state,T34742p1_rho2p96784em17,0.17909404116359412,5.2869050936907684e-23,0.17909404116359412,1.0890081659119609e-23,ok,/home/elads/STAR/full_grid_solar_opacity/runs/T34742p1_rho2p96784em17/fac-opacity-cowan-state/starout.h5
34742.06829417545,4.2650218442334076e-17,fac-opacity-cowan-state,T34742p1_rho4p26502em17,0.17909404116359393,7.596422121431804e-23,0.17909404116359393,1.5647349763127375e-23,ok,/home/elads/STAR/full_grid_solar_opacity/runs/T34742p1_rho4p26502em17/fac-opacity-cowan-state/starout.h5
34742.06829417545,6.129168695925715e-17,fac-opacity-cowan-state,T34742p1_rho6p12917em17,0.17909404116359515,1.0916020319265673e-22,0.17909404116359515,2.248519987047774e-23,ok,/home/elads/STAR/full_grid_solar_opacity/runs/T34742p1_rho6p12917em17/fac-opacity-cowan-state/starout.h5
34742.06829417545,8.808092965317026e-17,fac-opacity-cowan-state,T34742p1_rho8p80809em17,0.17909404116359412,1.568717114406569e-22,0.17909404116359412,3.231298311391177e-23,ok,/home/elads/STAR/full_grid_solar_opacity/runs/T34742p1_rho8p80809em17/fac-opacity-cowan-state/starout.h5
34742.06829417545,1.2657915866672028e-16,fac-opacity-cowan-state,T34742p1_rho1p26579em16,0.17909404116359398,2.2543686478586963e-22,0.17909404116359398,4.6436272958004877e-23,ok,/home/elads/STAR/full_grid_solar_opacity/runs/T34742p1_rho1p26579em16/fac-opacity-cowan-state/starout.h5
34742.06829417545,1.819041133178821e-16,fac-opacity-cowan-state,T34742p1_rho1p81904em16,0.17909404116359467,3.2397032666623027e-22,0.17909404116359467,6.673253973901332e-23,ok,/home/elads/STAR/full_grid_solar_opacity/runs/T34742p1_rho1p81904em16/fac-opacity-cowan-state/starout.h5
34742.06829417545,2.6141038375114865e-16,fac-opacity-cowan-state,T34742p1_rho2p6141em16,0.17909404116359381,4.655705793207491e-22,0.17909404116359387,9.589985471171909e-23,ok,/home/elads/STAR/full_grid_solar_opacity/runs/T34742p1_rho2p6141em16/fac-opacity-cowan-state/starout.h5
34742.06829417545,3.7566708903116036e-16,fac-opacity-cowan-state,T34742p1_rho3p75667em16,0.17909404116359434,6.690611646094882e-22,0.17909404116359434,1.3781555670174067e-22,ok,/home/elads/STAR/full_grid_solar_opacity/runs/T34742p1_rho3p75667em16/fac-opacity-cowan-state/starout.h5
34742.06829417545,5.398628767382507e-16,fac-opacity-cowan-state,T34742p1_rho5p39863em16,0.179094041163594,9.61492967288218e-22,0.17909404116359404,1.9805168063245155e-22,ok,/home/elads/STAR/full_grid_solar_opacity/runs/T34742p1_rho5p39863em16/fac-opacity-cowan-state/starout.h5
34742.06829417545,7.758250168566793e-16,fac-opacity-cowan-state,T34742p1_rho7p75825em16,0.17909404116359218,1.3817402184733067e-21,0.17909404116359218,2.8461567806806853e-22,ok,/home/elads/STAR/full_grid_solar_opacity/runs/T34742p1_rho7p75825em16/fac-opacity-cowan-state/starout.h5
34742.06829417545,1.1149209970080914e-15,fac-opacity-cowan-state,T34742p1_rho1p11492em15,0.17909404116359423,1.985668200230461e-21,0.17909404116359423,4.0901487470051064e-22,ok,/home/elads/STAR/full_grid_solar_opacity/runs/T34742p1_rho1p11492em15/fac-opacity-cowan-state/starout.h5
34742.06829417545,1.6022283408774753e-15,fac-opacity-cowan-state,T34742p1_rho1p60223em15,0.17909404116359123,2.853559664454929e-21,0.17909404116359123,5.87786192933032e-22,ok,/home/elads/STAR/full_grid_solar_opacity/runs/T34742p1_rho1p60223em15/fac-opacity-cowan-state/starout.h5
34742.06829417545,2.3025269621793266e-15,fac-opacity-cowan-state,T34742p1_rho2p30253em15,0.1790940411635981,4.10078715353834e-21,0.1790940411635981,8.446944725775761e-22,ok,/home/elads/STAR/full_grid_solar_opacity/runs/T34742p1_rho2p30253em15/fac-opacity-cowan-state/starout.h5
34742.06829417545,3.308910644196489e-15,fac-opacity-cowan-state,T34742p1_rho3p30891em15,0.17909404116359431,5.8931499645923934e-21,0.17909404116359431,1.2138916367234424e-21,ok,/home/elads/STAR/full_grid_solar_opacity/runs/T34742p1_rho3p30891em15/fac-opacity-cowan-state/starout.h5
34742.06829417545,4.755162406834019e-15,fac-opacity-cowan-state,T34742p1_rho4p75516em15,0.17909404116359445,8.468914420440611e-21,0.17909404116359443,1.7444566128199488e-21,ok,/home/elads/STAR/full_grid_solar_opacity/runs/T34742p1_rho4p75516em15/fac-opacity-cowan-state/starout.h5
34742.06829417545,6.8335388732923106e-15,fac-opacity-cowan-state,T34742p1_rho6p83354em15,0.17909404116359398,1.217048793337654e-20,0.17909404116359393,2.5069196827243045e-21,ok,/home/elads/STAR/full_grid_solar_opacity/runs/T34742p1_rho6p83354em15/fac-opacity-cowan-state/starout.h5
34742.06829417545,9.820327790631256e-15,fac-opacity-cowan-state,T34742p1_rho9p82033em15,0.17909404116359448,1.7489936070535667e-20,0.17909404116359445,3.6026382483576176e-21,ok,/home/elads/STAR/full_grid_solar_opacity/runs/T34742p1_rho9p82033em15/fac-opacity-cowan-state/starout.h5
34742.06829417545,1.4112576178114521e-14,fac-opacity-cowan-state,T34742p1_rho1p41126em14,0.17909404116359387,2.5134395333541808e-20,0.17909404116359387,5.177270758217691e-21,ok,/home/elads/STAR/full_grid_solar_opacity/runs/T34742p1_rho1p41126em14/fac-opacity-cowan-state/starout.h5
34742.06829417545,2.0280871538024598e-14,fac-opacity-cowan-state,T34742p1_rho2p02809em14,0.1790940411635941,3.6120075433308884e-20,0.1790940411635941,7.440139665745069e-21,ok,/home/elads/STAR/full_grid_solar_opacity/runs/T34742p1_rho2p02809em14/fac-opacity-cowan-state/starout.h5
34742.06829417545,2.914519256800997e-14,fac-opacity-cowan-state,T34742p1_rho2p91452em14,0.17909404116338967,5.1907347968132e-20,0.17909404116338967,1.0692057450416503e-20,ok,/home/elads/STAR/full_grid_solar_opacity/runs/T34742p1_rho2p91452em14/fac-opacity-cowan-state/starout.h5
34742.06829417545,4.188391254457488e-14,fac-opacity-cowan-state,T34742p1_rho4p18839em14,0.17909404116359443,7.459487880686984e-20,0.17909404116359443,1.5365314724542708e-20,ok,/home/elads/STAR/full_grid_solar_opacity/runs/T34742p1_rho4p18839em14/fac-opacity-cowan-state/starout.h5
34742.06829417545,6.019044567806669e-14,fac-opacity-cowan-state,T34742p1_rho6p01904em14,0.17909404116349215,1.0719861218807412e-19,0.17909404116349215,2.2081146285559348e-20,ok,/home/elads/STAR/full_grid_solar_opacity/runs/T34742p1_rho6p01904em14/fac-opacity-cowan-state/starout.h5
34742.06829417545,8.649836012976684e-14,fac-opacity-cowan-state,T34742p1_rho8p64984em14,0.17909404116359484,1.5405269353532066e-19,0.17909404116359484,3.1732314826612645e-20,ok,/home/elads/STAR/full_grid_solar_opacity/runs/T34742p1_rho8p64984em14/fac-opacity-cowan-state/starout.h5
34742.06829417545,1.2430488295695167e-13,fac-opacity-cowan-state,T34742p1_rho1p24305em13,0.17909404116359398,2.213856187037457e-19,0.17909404116359393,4.560178771171426e-20,ok,/home/elads/STAR/full_grid_solar_opacity/runs/T34742p1_rho1p24305em13/fac-opacity-cowan-state/starout.h5
34742.06829417545,1.7863580192457348e-13,fac-opacity-cowan-state,T34742p1_rho1p78636em13,0.17909404116359412,3.1814822051875603e-19,0.1790940411635941,6.553328976894983e-20,ok,/home/elads/STAR/full_grid_solar_opacity/runs/T34742p1_rho1p78636em13/fac-opacity-cowan-state/starout.h5
34742.06829417545,2.567135656310987e-13,fac-opacity-cowan-state,T34742p1_rho2p56714em13,0.17909404116359448,4.572035291175465e-19,0.17909404116359448,9.41763933132953e-20,ok,/home/elads/STAR/full_grid_solar_opacity/runs/T34742p1_rho2p56714em13/fac-opacity-cowan-state/starout.h5
34742.06829417545,3.6891739544382357e-13,fac-opacity-cowan-state,T34742p1_rho3p68917em13,0.17909404116359137,6.570367215364729e-19,0.17909404116359134,1.353387403862267e-19,ok,/home/elads/STAR/full_grid_solar_opacity/runs/T34742p1_rho3p68917em13/fac-opacity-cowan-state/starout.h5
34742.06829417545,5.301630411562758e-13,fac-opacity-cowan-state,T34742p1_rho5p30163em13,0.17909404116357347,9.442124567445063e-19,0.17909404116357347,1.9449221449092892e-19,ok,/home/elads/STAR/full_grid_solar_opacity/runs/T34742p1_rho5p30163em13/fac-opacity-cowan-state/starout.h5
34742.06829417545,7.618855973704612e-13,fac-opacity-cowan-state,T34742p1_rho7p61886em13,0.1790940411635972,1.3569062408394567e-18,0.1790940411635972,2.7950034113164423e-19,ok,/home/elads/STAR/full_grid_solar_opacity/runs/T34742p1_rho7p61886em13/fac-opacity-cowan-state/starout.h5
34742.06829417545,1.0948889651276868e-12,fac-opacity-cowan-state,T34742p1_rho1p09489em12,0.17909404116359323,1.9499793844718173e-18,0.17909404116359323,4.0166364871224297e-19,ok,/home/elads/STAR/full_grid_solar_opacity/runs/T34742p1_rho1p09489em12/fac-opacity-cowan-state/starout.h5
34742.06829417545,1.5734407502856082e-12,fac-opacity-cowan-state,T34742p1_rho1p57344em12,0.17909404116359323,2.8022721191532334e-18,0.1790940411635932,5.7722192459516e-19,ok,/home/elads/STAR/full_grid_solar_opacity/runs/T34742p1_rho1p57344em12/fac-opacity-cowan-state/starout.h5
34742.06829417545,2.26115695153675e-12,fac-opacity-cowan-state,T34742p1_rho2p26116em12,0.17909404116359287,4.027084551100787e-18,0.17909404116359287,8.295131229234129e-19,ok,/home/elads/STAR/full_grid_solar_opacity/runs/T34742p1_rho2p26116em12/fac-opacity-cowan-state/starout.h5
34742.06829417545,3.249458715591849e-12,fac-opacity-cowan-state,T34742p1_rho3p24946em12,0.1790940411635914,5.787239000186823e-18,0.1790940411635914,1.192075946921729e-18,ok,/home/elads/STAR/full_grid_solar_opacity/runs/T34742p1_rho3p24946em12/fac-opacity-cowan-state/starout.h5
34742.06829417545,4.669725353279713e-12,fac-opacity-cowan-state,T34742p1_rho4p66973em12,0.1790940411635898,8.316725784338866e-18,0.1790940411635898,1.7131085153505996e-18,ok,/home/elads/STAR/full_grid_solar_opacity/runs/T34742p1_rho4p66973em12/fac-opacity-cowan-state/starout.h5
34742.06829417545,6.710759170575148e-12,fac-opacity-cowan-state,T34742p1_rho6p71076em12,0.17909404116358843,1.1951810422547803e-17,0.17909404116358843,2.461875926694379e-18,ok,/home/elads/STAR/full_grid_solar_opacity/runs/T34742p1_rho6p71076em12/fac-opacity-cowan-state/starout.h5
34742.06829417545,9.64388379154446e-12,fac-opacity-cowan-state,T34742p1_rho9p64388em12,0.17909404116358443,1.7175736719584152e-17,0.17909404116358446,3.537918340411403e-18,ok,/home/elads/STAR/full_grid_solar_opacity/runs/T34742p1_rho9p64388em12/fac-opacity-cowan-state/starout.h5
34742.06829417545,1.3859012403933867e-11,fac-opacity-cowan-state,T34742p1_rho1p3859em11,0.1790940411635825,2.4682967312751298e-17,0.1790940411635825,5.0842834334961595e-18,ok,/home/elads/STAR/full_grid_solar_opacity/runs/T34742p1_rho1p3859em11/fac-opacity-cowan-state/starout.h5
34742.06829417545,1.9916480638308542e-11,fac-opacity-cowan-state,T34742p1_rho1p99165em11,0.17909404116357758,3.5471495193171983e-17,0.17909404116357758,7.306541102586797e-18,ok,/home/elads/STAR/full_grid_solar_opacity/runs/T34742p1_rho1p99165em11/fac-opacity-cowan-state/starout.h5
34742.06829417545,2.8621534453892672e-11,fac-opacity-cowan-state,T34742p1_rho2p86215em11,0.17909404116356947,5.097549252291233e-17,0.17909404116356947,1.0500106886692773e-17,ok,/home/elads/STAR/full_grid_solar_opacity/runs/T34742p1_rho2p86215em11/fac-opacity-cowan-state/starout.h5
34742.06829417545,4.1131375034185614e-11,fac-opacity-cowan-state,T34742p1_rho4p11314em11,0.17909404116355854,7.325592114130477e-17,0.17909404116355854,1.5089505010621826e-17,ok,/home/elads/STAR/full_grid_solar_opacity/runs/T34742p1_rho4p11314em11/fac-opacity-cowan-state/starout.h5
34742.06829417545,5.910899064227969e-11,fac-opacity-cowan-state,T34742p1_rho5p9109em11,0.1790940411635626,1.0527448139018012e-16,0.17909404116356256,2.1684797106253974e-17,ok,/home/elads/STAR/full_grid_solar_opacity/runs/T34742p1_rho5p9109em11/fac-opacity-cowan-state/starout.h5
34742.06829417545,8.4944224982638e-11,fac-opacity-cowan-state,T34742p1_rho8p49442em11,0.17909404116340402,1.512873992289074e-16,0.17909404116340397,3.1162695376453224e-17,ok,/home/elads/STAR/full_grid_solar_opacity/runs/T34742p1_rho8p49442em11/fac-opacity-cowan-state/starout.h5
34742.06829417545,1.2207146966133182e-10,fac-opacity-cowan-state,T34742p1_rho1p22071em10,0.17909404116348862,2.1741143633789284e-16,0.1790940411634887,4.478315025739097e-17,ok,/home/elads/STAR/full_grid_solar_opacity/runs/T34742p1_rho1p22071em10/fac-opacity-cowan-state/starout.h5
34742.06829417545,1.7542621300415897e-10,fac-opacity-cowan-state,T34742p1_rho1p75426em10,0.17909404116344174,3.1243711667857805e-16,0.17909404116344174,6.435685922194133e-17,ok,/home/elads/STAR/full_grid_solar_opacity/runs/T34742p1_rho1p75426em10/fac-opacity-cowan-state/starout.h5
34742.06829417545,2.52101136279913e-10,fac-opacity-cowan-state,T34742p1_rho2p52101em10,0.17909404116337566,4.489970256358481e-16,0.17909404116337568,9.248591924865773e-17,ok,/home/elads/STAR/full_grid_solar_opacity/runs/T34742p1_rho2p52101em10/fac-opacity-cowan-state/starout.h5
34742.06829417545,3.6228897509242966e-10,fac-opacity-cowan-state,T34742p1_rho3p62289em10,0.1790940411632801,6.452449597897702e-16,0.17909404116328015,1.329096998358496e-16,ok,/home/elads/STAR/full_grid_solar_opacity/runs/T34742p1_rho3p62289em10/fac-opacity-cowan-state/starout.h5
34742.06829417545,5.20637484663258e-10,fac-opacity-cowan-state,T34742p1_rho5p20637em10,0.17909404116314148,9.272702324862126e-16,0.17909404116314154,1.9100213674235095e-16,ok,/home/elads/STAR/full_grid_solar_opacity/runs/T34742p1_rho5p20637em10/fac-opacity-cowan-state/starout.h5
34742.06829417545,7.481966305138837e-10,fac-opacity-cowan-state,T34742p1_rho7p48197em10,0.17909404116294517,1.3325714570372479e-15,0.1790940411629453,2.744871937075044e-16,ok,/home/elads/STAR/full_grid_solar_opacity/runs/T34742p1_rho7p48197em10/fac-opacity-cowan-state/starout.h5
34742.06829417545,1.0752168531898921e-09,fac-opacity-cowan-state,T34742p1_rho1p07522em09,0.17909404116258107,1.915046024288348e-15,0.17909404116258132,3.94466525329297e-16,ok,/home/elads/STAR/full_grid_solar_opacity/runs/T34742p1_rho1p07522em09/fac-opacity-cowan-state/starout.h5
34742.06829417545,1.5451703926941453e-09,fac-opacity-cowan-state,T34742p1_rho1p54517em09,0.1790940411622625,2.7521082108421883e-15,0.1790940411622629,5.668862588375769e-16,ok,/home/elads/STAR/full_grid_solar_opacity/runs/T34742p1_rho1p54517em09/fac-opacity-cowan-state/starout.h5
34742.06829417545,2.220530245015531e-09,fac-opacity-cowan-state,T34742p1_rho2p22053em09,0.17909404116169753,3.9549898022194e-15,0.17909404116169797,8.14658573768437e-16,ok,/home/elads/STAR/full_grid_solar_opacity/runs/T34742p1_rho2p22053em09/fac-opacity-cowan-state/starout.h5
34742.06829417545,3.1910749729235452e-09,fac-opacity-cowan-state,T34742p1_rho3p19107em09,0.17909404116089297,5.683612936985555e-15,0.17909404116089364,1.170724037612794e-15,ok,/home/elads/STAR/full_grid_solar_opacity/runs/T34742p1_rho3p19107em09/fac-opacity-cowan-state/starout.h5
34742.06829417545,4.585823366142813e-09,fac-opacity-cowan-state,T34742p1_rho4p58582em09,0.17909404115975563,8.16777325885494e-15,0.17909404115975666,1.6824159195194326e-15,ok,/home/elads/STAR/full_grid_solar_opacity/runs/T34742p1_rho4p58582em09/fac-opacity-cowan-state/starout.h5
34742.06829417545,6.590185477903269e-09,fac-opacity-cowan-state,T34742p1_rho6p59019em09,0.17909404115807634,1.1737747410118008e-14,0.17909404115807773,2.417764244986527e-15,ok,/home/elads/STAR/full_grid_solar_opacity/runs/T34742p1_rho6p59019em09/fac-opacity-cowan-state/starout.h5
34742.06829417545,9.470610000772238e-09,fac-opacity-cowan-state,T34742p1_rho9p47061em09,0.16767872414518967,1.689862053174859e-14,0.16767872414519178,3.4780002492558897e-15,ok,/home/elads/STAR/full_grid_solar_opacity/runs/T34742p1_rho9p47061em09/fac-opacity-cowan-state/starout.h5
34742.06829417545,1.3610004466105506e-08,fac-opacity-cowan-state,T34742p1_rho1p361em08,0.16767872414212798,2.42473369829137e-14,0.16767872414213103,4.993970289437991e-15,ok,/home/elads/STAR/full_grid_solar_opacity/runs/T34742p1_rho1p361em08/fac-opacity-cowan-state/starout.h5
34742.06829417545,1.9558636830395073e-08,fac-opacity-cowan-state,T34742p1_rho1p95586em08,0.1676787241383394,3.486478176211683e-14,0.16767872413834387,7.178919087907199e-15,ok,/home/elads/STAR/full_grid_solar_opacity/runs/T34742p1_rho1p95586em08/fac-opacity-cowan-state/starout.h5
34742.06829417545,2.810728502080722e-08,fac-opacity-cowan-state,T34742p1_rho2p81073em08,0.16767872413335314,5.004243663573303e-14,0.16767872413335935,1.030975074928127e-14,ok,/home/elads/STAR/full_grid_solar_opacity/runs/T34742p1_rho2p81073em08/fac-opacity-cowan-state/starout.h5
34742.06829417545,4.039235853150913e-08,fac-opacity-cowan-state,T34742p1_rho4p03924em08,0.1676787241268274,7.194834944608085e-14,0.16767872412683643,1.4819629081950696e-14,ok,/home/elads/STAR/full_grid_solar_opacity/runs/T34742p1_rho4p03924em08/fac-opacity-cowan-state/starout.h5
34742.06829417545,5.804696634805446e-08,fac-opacity-cowan-state,T34742p1_rho5p8047em08,0.1676787241186582,1.0339191062850361e-13,0.1676787241186711,2.1296318399904663e-14,ok,/home/elads/STAR/full_grid_solar_opacity/runs/T34742p1_rho5p8047em08/fac-opacity-cowan-state/starout.h5
34742.06829417545,8.341801332506338e-08,fac-opacity-cowan-state,T34742p1_rho8p3418em08,0.16767872410826162,1.4857408001542728e-13,0.16767872410828022,3.060303584019977e-14,ok,/home/elads/STAR/full_grid_solar_opacity/runs/T34742p1_rho8p3418em08/fac-opacity-cowan-state/starout.h5
34742.06829417545,1.1987818459583772e-07,fac-opacity-cowan-state,T34742p1_rho1p19878em07,0.1676787240952817,2.1348309428779297e-13,0.1676787240953083,4.397514426352142e-14,ok,/home/elads/STAR/full_grid_solar_opacity/runs/T34742p1_rho1p19878em07/fac-opacity-cowan-state/starout.h5
34742.06829417545,1.7227429147699408e-07,fac-opacity-cowan-state,T34742p1_rho1p72274em07,0.1676787240798011,3.068002081448128e-13,0.16767872407983989,6.319558589208682e-14,ok,/home/elads/STAR/full_grid_solar_opacity/runs/T34742p1_rho1p72274em07/fac-opacity-cowan-state/starout.h5
34742.06829417545,2.4757157946593376e-07,fac-opacity-cowan-state,T34742p1_rho2p47572em07,0.1676787240607333,4.4087713425154824e-13,0.16767872406078838,9.081417493220628e-14,ok,/home/elads/STAR/full_grid_solar_opacity/runs/T34742p1_rho2p47572em07/fac-opacity-cowan-state/starout.h5
34742.06829417545,3.557796490339488e-07,fac-opacity-cowan-state,T34742p1_rho3p5578em07,0.16767872403795722,6.335774898185161e-13,0.1676787240380365,1.305028789936397e-13,ok,/home/elads/STAR/full_grid_solar_opacity/runs/T34742p1_rho3p5578em07/fac-opacity-cowan-state/starout.h5
34742.06829417545,5.112830759482948e-07,fac-opacity-cowan-state,T34742p1_rho5p11283em07,0.16767872401015071,9.104561516981866e-13,0.16767872401026518,1.8753647689384666e-13,ok,/home/elads/STAR/full_grid_solar_opacity/runs/T34742p1_rho5p11283em07/fac-opacity-cowan-state/starout.h5
34742.06829417545,7.347536163492159e-07,fac-opacity-cowan-state,T34742p1_rho7p34754em07,0.1676787239767005,1.3083638091454848e-12,0.16767872397686506,2.694879339994711e-13,ok,/home/elads/STAR/full_grid_solar_opacity/runs/T34742p1_rho7p34754em07/fac-opacity-cowan-state/starout.h5
34742.06829417545,1.0558981944335787e-06,fac-opacity-cowan-state,T34742p1_rho1p0559em06,0.1676787239365598,1.8801432985365277e-12,0.16767872393679584,3.872643070849794e-13,ok,/home/elads/STAR/full_grid_solar_opacity/runs/T34742p1_rho1p0559em06/fac-opacity-cowan-state/starout.h5
34742.06829417545,1.517407974863493e-06,fac-opacity-cowan-state,T34742p1_rho1p51741em06,0.1676787238885293,2.702008277683674e-12,0.16767872388886776,5.565336959632864e-13,ok,/home/elads/STAR/full_grid_solar_opacity/runs/T34742p1_rho1p51741em06/fac-opacity-cowan-state/starout.h5
34742.06829417545,2.1806334875063253e-06,fac-opacity-cowan-state,T34742p1_rho2p18063em06,0.1676787238312651,3.8831903310858395e-12,0.1676787238317522,7.998132754057458e-13,ok,/home/elads/STAR/full_grid_solar_opacity/runs/T34742p1_rho2p18063em06/fac-opacity-cowan-state/starout.h5
34742.06829417545,3.1337402238588983e-06,fac-opacity-cowan-state,T34742p1_rho3p13374em06,0.16767872376314671,5.580381611049661e-12,0.16767872376384754,1.1493596100637136e-12,ok,/home/elads/STAR/full_grid_solar_opacity/runs/T34742p1_rho3p13374em06/fac-opacity-cowan-state/starout.h5
34742.06829417545,4.503428864545845e-06,fac-opacity-cowan-state,T34742p1_rho4p50343em06,0.16767872368139355,8.019800511443531e-12,0.16767872368240033,1.651726333677196e-12,ok,/home/elads/STAR/full_grid_solar_opacity/runs/T34742p1_rho4p50343em06/fac-opacity-cowan-state/starout.h5
34742.06829417545,6.471778159406801e-06,fac-opacity-cowan-state,T34742p1_rho6p47178em06,0.1676787235841205,1.1525800891524945e-11,0.1676787235855673,2.3737980443414864e-12,ok,/home/elads/STAR/full_grid_solar_opacity/runs/T34742p1_rho6p47178em06/fac-opacity-cowan-state/starout.h5
34742.06829417545,9.300449458481393e-06,fac-opacity-cowan-state,T34742p1_rho9p30045em06,0.16767872346678783,1.6564362769091657e-11,0.1676787234688673,3.411376312882782e-12,ok,/home/elads/STAR/full_grid_solar_opacity/runs/T34742p1_rho9p30045em06/fac-opacity-cowan-state/starout.h5
34742.06829417545,1.3365470508911143e-05,fac-opacity-cowan-state,T34742p1_rho1p33655em05,0.1676787233350193,2.3802110396045038e-11,0.16767872333800585,4.901858120802615e-12,ok,/home/elads/STAR/full_grid_solar_opacity/runs/T34742p1_rho1p33655em05/fac-opacity-cowan-state/starout.h5
34742.06829417545,1.920722248123928e-05,fac-opacity-cowan-state,T34742p1_rho1p92072em05,0.16767872316722185,3.420226821683311e-11,0.16767872317151367,7.043523657007924e-12,ok,/home/elads/STAR/full_grid_solar_opacity/runs/T34742p1_rho1p92072em05/fac-opacity-cowan-state/starout.h5
34742.06829417545,2.760227522090268e-05,fac-opacity-cowan-state,T34742p1_rho2p76023em05,0.16767872298370162,4.9154069318941686e-11,0.16767872298986897,1.0122266591085262e-11,ok,/home/elads/STAR/full_grid_solar_opacity/runs/T34742p1_rho2p76023em05/fac-opacity-cowan-state/starout.h5
34742.06829417545,3.966662010161191e-05,fac-opacity-cowan-state,T34742p1_rho3p96666em05,0.16767872274316517,7.149216008276123e-11,0.16767872275219092,1.4781582173259127e-11,ok,/home/elads/STAR/full_grid_solar_opacity/runs/T34742p1_rho3p96666em05/fac-opacity-cowan-state/starout.h5
34742.06829417545,5.7004023678963655e-05,fac-opacity-cowan-state,T34742p1_rho5p7004em05,0.16767872245923973,1.0270996295829324e-10,0.16767872247220467,2.1232844064305303e-11,ok,/home/elads/STAR/full_grid_solar_opacity/runs/T34742p1_rho5p7004em05/fac-opacity-cowan-state/starout.h5
34742.06829417545,8.191922344953684e-05,fac-opacity-cowan-state,T34742p1_rho8p19192em05,0.16767872158100716,1.4758655357044195e-10,0.16767872159963498,3.0508212041526174e-11,ok,/home/elads/STAR/full_grid_solar_opacity/runs/T34742p1_rho8p19192em05/fac-opacity-cowan-state/starout.h5
34742.06829417545,0.00011772430676769293,fac-opacity-cowan-state,T34742p1_rho0p000117724,0.16767872264999048,2.1229265193870858e-10,0.16767872267679643,4.3897837871260205e-11,ok,/home/elads/STAR/full_grid_solar_opacity/runs/T34742p1_rho0p000117724/fac-opacity-cowan-state/starout.h5
34742.06829417545,0.00016917900122028344,fac-opacity-cowan-state,T34742p1_rho0p000169179,0.1676787252142455,3.0516217520385347e-10,0.1676787252527837,6.310445930450528e-11,ok,/home/elads/STAR/full_grid_solar_opacity/runs/T34742p1_rho0p000169179/fac-opacity-cowan-state/starout.h5
34742.06829417545,0.0002431234061999784,fac-opacity-cowan-state,T34742p1_rho0p000243123,0.16767871716723015,4.3811991272103063e-10,0.16767871722253175,9.056329664303406e-11,ok,/home/elads/STAR/full_grid_solar_opacity/runs/T34742p1_rho0p000243123/fac-opacity-cowan-state/starout.h5
34742.06829417545,0.0003493872774749123,fac-opacity-cowan-state,T34742p1_rho0p000349387,0.1676787173474947,6.297732536190165e-10,0.16767871742699691,1.3018308372208464e-10,ok,/home/elads/STAR/full_grid_solar_opacity/runs/T34742p1_rho0p000349387/fac-opacity-cowan-state/starout.h5
34742.06829417545,0.0005020967399614471,fac-opacity-cowan-state,T34742p1_rho0p000502097,0.16767871516200214,9.043824134437325e-10,0.16767871527612255,1.8688541417722142e-10,ok,/home/elads/STAR/full_grid_solar_opacity/runs/T34742p1_rho0p000502097/fac-opacity-cowan-state/starout.h5
34742.06829417545,0.0007215521357901021,fac-opacity-cowan-state,T34742p1_rho0p000721552,0.1676787170998046,1.299843040624638e-09,0.1676787172638318,2.6859089608619175e-10,ok,/home/elads/STAR/full_grid_solar_opacity/runs/T34742p1_rho0p000721552/fac-opacity-cowan-state/starout.h5
34742.06829417545,0.0010369266382873438,fac-opacity-cowan-state,T34742p1_rho0p00103693,0.1676787168248321,1.867831711825659e-09,0.16767871706051243,3.858954149718363e-10,ok,/home/elads/STAR/full_grid_solar_opacity/runs/T34742p1_rho0p00103693/fac-opacity-cowan-state/starout.h5
34742.06829417545,0.0014901443705277455,fac-opacity-cowan-state,T34742p1_rho0p00149014,0.1676787147774097,2.6834015440827798e-09,0.16767871511591437,5.542441555300173e-10,ok,/home/elads/STAR/full_grid_solar_opacity/runs/T34742p1_rho0p00149014/fac-opacity-cowan-state/starout.h5
34742.06829417545,0.002141453563853953,fac-opacity-cowan-state,T34742p1_rho0p00214145,0.16767871346973506,3.853776172922292e-09,0.16767871395566156,7.956431515367322e-10,ok,/home/elads/STAR/full_grid_solar_opacity/runs/T34742p1_rho0p00214145/fac-opacity-cowan-state/starout.h5
34742.06829417545,0.003077435620898055,fac-opacity-cowan-state,T34742p1_rho0p00307744,0.1676787213166605,5.536766609224457e-09,0.1676787220146265,1.1427608879685984e-09,ok,/home/elads/STAR/full_grid_solar_opacity/runs/T34742p1_rho0p00307744/fac-opacity-cowan-state/starout.h5
34742.06829417545,0.004422514763163053,fac-opacity-cowan-state,T34742p1_rho0p00442251,0.1676787193026151,7.955112012395108e-09,0.16767872030518968,1.6413556400756757e-09,ok,/home/elads/STAR/full_grid_solar_opacity/runs/T34742p1_rho0p00442251/fac-opacity-cowan-state/starout.h5
34742.06829417545,0.006355498291362301,fac-opacity-cowan-state,T34742p1_rho0p0063555,0.16767871693096917,1.1429498270312894e-08,0.1676787183709879,2.3573002724729953e-09,ok,/home/elads/STAR/full_grid_solar_opacity/runs/T34742p1_rho0p0063555/fac-opacity-cowan-state/starout.h5
34742.06829417545,0.009133346228248624,fac-opacity-cowan-state,T34742p1_rho0p00913335,0.16767871151041233,1.642091662098388e-08,0.16767871357857111,3.385217152647828e-09,ok,/home/elads/STAR/full_grid_solar_opacity/runs/T34742p1_rho0p00913335/fac-opacity-cowan-state/starout.h5
34742.06829417545,0.01312533014735226,fac-opacity-cowan-state,T34742p1_rho0p0131253,0.16767870714229802,2.3591444660979644e-08,0.16767871011230942,4.860838547578993e-09,ok,/home/elads/STAR/full_grid_solar_opacity/runs/T34742p1_rho0p0131253/fac-opacity-cowan-state/starout.h5
34742.06829417545,0.018862122071335155,fac-opacity-cowan-state,T34742p1_rho0p0188621,0.16767870380616304,3.3891513674547754e-08,0.1676787080707364,6.978692037600561e-09,ok,/home/elads/STAR/full_grid_solar_opacity/runs/T34742p1_rho0p0188621/fac-opacity-cowan-state/starout.h5
34742.06829417545,0.02710633904364831,fac-opacity-cowan-state,T34742p1_rho0p0271063,0.16767870117872632,4.868651287696393e-08,0.1676787073012584,1.0017722927149517e-08,ok,/home/elads/STAR/full_grid_solar_opacity/runs/T34742p1_rho0p0271063/fac-opacity-cowan-state/starout.h5
34742.06829417545,0.038953921174427183,fac-opacity-cowan-state,T34742p1_rho0p0389539,0.16767869893465764,6.993505312735613e-08,0.16767870772291624,1.4377213060960007e-08,ok,/home/elads/STAR/full_grid_solar_opacity/runs/T34742p1_rho0p0389539/fac-opacity-cowan-state/starout.h5
34742.06829417545,0.0559798197912329,fac-opacity-cowan-state,T34742p1_rho0p0559798,0.16767868474962722,1.0044836811763855e-07,0.1676786973613539,2.0628825827110474e-08,ok,/home/elads/STAR/full_grid_solar_opacity/runs/T34742p1_rho0p0559798/fac-opacity-cowan-state/starout.h5
34742.06829417545,0.08044736266284185,fac-opacity-cowan-state,T34742p1_rho0p0804474,0.16767868226476043,1.4426046140919474e-07,0.1676787003586623,2.959058307042981e-08,ok,/home/elads/STAR/full_grid_solar_opacity/runs/T34742p1_rho0p0804474/fac-opacity-cowan-state/starout.h5
34742.06829417545,0.11560912813835741,fac-opacity-cowan-state,T34742p1_rho0p115609,0.1676786808882784,2.071621739162861e-07,0.16767870684037398,4.243320460987983e-08,ok,/home/elads/STAR/full_grid_solar_opacity/runs/T34742p1_rho0p115609/fac-opacity-cowan-state/starout.h5
34742.06829417545,0.1661393247274789,fac-opacity-cowan-state,T34742p1_rho0p166139,0.16767868107611128,2.974659376262093e-07,0.16767871828914083,6.083146549855125e-08,ok,/home/elads/STAR/full_grid_solar_opacity/runs/T34742p1_rho0p166139/fac-opacity-cowan-state/starout.h5
34742.06829417545,0.23875515424585794,fac-opacity-cowan-state,T34742p1_rho0p238755,0.16767868383698326,4.271019548531469e-07,0.167678737182956,8.71802209128997e-08,ok,/home/elads/STAR/full_grid_solar_opacity/runs/T34742p1_rho0p238755/fac-opacity-cowan-state/starout.h5
34742.06829417545,0.34310975906798746,fac-opacity-cowan-state,T34742p1_rho0p34311,0.16767865498445642,6.132586373664915e-07,0.16767873144899317,1.2491978957895836e-07,ok,/home/elads/STAR/full_grid_solar_opacity/runs/T34742p1_rho0p34311/fac-opacity-cowan-state/starout.h5
34742.06829417545,0.49307545690287347,fac-opacity-cowan-state,T34742p1_rho0p493075,0.16767864043180725,8.805765800110285e-07,0.16767875001742324,1.789567493317464e-07,ok,/home/elads/STAR/full_grid_solar_opacity/runs/T34742p1_rho0p493075/fac-opacity-cowan-state/starout.h5
34742.06829417545,0.7085878491488851,fac-opacity-cowan-state,T34742p1_rho0p708588,0.1676786171156026,1.2645336757650588e-06,0.1676787741610614,2.5633013642806047e-07,ok,/home/elads/STAR/full_grid_solar_opacity/runs/T34742p1_rho0p708588/fac-opacity-cowan-state/starout.h5
34742.06829417545,1.0182959482819007,fac-opacity-cowan-state,T34742p1_rho1p0183,0.16767858314762998,1.8161066451644147e-06,0.16767880819701583,3.670978089896972e-07,ok,/home/elads/STAR/full_grid_solar_opacity/runs/T34742p1_rho1p0183/fac-opacity-cowan-state/starout.h5
34742.06829417545,1.4633706173946401,fac-opacity-cowan-state,T34742p1_rho1p46337,0.1676785324074143,2.608555350840642e-06,0.16767885488462006,5.256262462341261e-07,ok,/home/elads/STAR/full_grid_solar_opacity/runs/T34742p1_rho1p46337/fac-opacity-cowan-state/starout.h5
34742.06829417545,2.1029775945461404,fac-opacity-cowan-state,T34742p1_rho2p10298,0.1676784562862007,3.7471760347557783e-06,0.16767891831774634,7.524233749314371e-07,ok,/home/elads/STAR/full_grid_solar_opacity/runs/T34742p1_rho2p10298/fac-opacity-cowan-state/starout.h5
34742.06829417545,3.0221426551783854,fac-opacity-cowan-state,T34742p1_rho3p02214,0.1676784455601462,5.383272745039484e-06,0.16767910742698292,1.0767287618649297e-06,ok,/home/elads/STAR/full_grid_solar_opacity/runs/T34742p1_rho3p02214/fac-opacity-cowan-state/starout.h5
34742.06829417545,4.343054463316713,fac-opacity-cowan-state,T34742p1_rho4p34305,0.16767831478473638,7.73422840593785e-06,0.16767926268643996,1.5401762383838693e-06,ok,/home/elads/STAR/full_grid_solar_opacity/runs/T34742p1_rho4p34305/fac-opacity-cowan-state/starout.h5
34742.06829417545,6.241307649397467,fac-opacity-cowan-state,T34742p1_rho6p24131,0.16767808142195684,1.111240864734023e-05,0.16767943854434958,2.201995601428611e-06,ok,/home/elads/STAR/full_grid_solar_opacity/runs/T34742p1_rho6p24131/fac-opacity-cowan-state/starout.h5
34742.06829417545,8.969245378672715,fac-opacity-cowan-state,T34742p1_rho8p96925,0.16767773107401115,1.5966566309246895e-05,0.16767967332084996,3.146317097122709e-06,ok,/home/elads/STAR/full_grid_solar_opacity/runs/T34742p1_rho8p96925/fac-opacity-cowan-state/starout.h5
34742.06829417545,12.889504440725364,fac-opacity-cowan-state,T34742p1_rho12p8895,0.16767723468812443,2.2941400110906805e-05,0.16768001303281668,4.492471326669324e-06,ok,/home/elads/STAR/full_grid_solar_opacity/runs/T34742p1_rho12p8895/fac-opacity-cowan-state/starout.h5
34742.06829417545,18.52322215674118,fac-opacity-cowan-state,T34742p1_rho18p5232,0.16767651646802473,3.2962959148392716e-05,0.1676804886519599,6.4094207743482815e-06,ok,/home/elads/STAR/full_grid_solar_opacity/runs/T34742p1_rho18p5232/fac-opacity-cowan-state/starout.h5
34742.06829417545,26.61931346126126,fac-opacity-cowan-state,T34742p1_rho26p6193,0.16767544686140637,4.736123210616597e-05,0.16768112227510756,9.135943570994626e-06,ok,/home/elads/STAR/full_grid_solar_opacity/runs/T34742p1_rho26p6193/fac-opacity-cowan-state/starout.h5
34742.06829417545,38.254027466328665,fac-opacity-cowan-state,T34742p1_rho38p254,0.16767396917175845,6.804600601703688e-05,0.16768207228990314,1.3008766689260008e-05,ok,/home/elads/STAR/full_grid_solar_opacity/runs/T34742p1_rho38p254/fac-opacity-cowan-state/starout.h5
34742.06829417545,54.97401800103719,fac-opacity-cowan-state,T34742p1_rho54p974,0.1676718729506325,9.7758763532151e-05,0.16768343277008085,1.8501564040482656e-05,ok,/home/elads/STAR/full_grid_solar_opacity/runs/T34742p1_rho54p974/fac-opacity-cowan-state/starout.h5
34742.06829417545,79.0019471240894,fac-opacity-cowan-state,T34742p1_rho79p0019,0.1676688382434566,0.00014043333540375558,0.16768531409281365,2.627882344104549e-05,ok,/home/elads/STAR/full_grid_solar_opacity/runs/T34742p1_rho79p0019/fac-opacity-cowan-state/starout.h5
34742.06829417545,113.53195339077567,fac-opacity-cowan-state,T34742p1_rho113p532,0.16766447265246298,0.00020171144428034863,0.16768793064449516,3.726979080421423e-05,ok,/home/elads/STAR/full_grid_solar_opacity/runs/T34742p1_rho113p532/fac-opacity-cowan-state/starout.h5
34742.06829417545,163.15426277379785,fac-opacity-cowan-state,T34742p1_rho163p154,0.1676582319971502,0.0002896784504342789,0.16769159172988324,5.27693901087895e-05,ok,/home/elads/STAR/full_grid_solar_opacity/runs/T34742p1_rho163p154/fac-opacity-cowan-state/starout.h5
34742.06829417545,234.46538763970608,fac-opacity-cowan-state,T34742p1_rho234p465,0.16764927739986982,0.00041590943289360297,0.16769665546562612,7.457473048322338e-05,ok,/home/elads/STAR/full_grid_solar_opacity/runs/T34742p1_rho234p465/fac-opacity-cowan-state/starout.h5
34742.06829417545,336.94503022121665,fac-opacity-cowan-state,T34742p1_rho336p945,0.1676364773957259,0.0005969529506721549,0.16770366365507047,0.00010516841784285386,ok,/home/elads/STAR/full_grid_solar_opacity/runs/T34742p1_rho336p945/fac-opacity-cowan-state/starout.h5
34742.06829417545,484.21626123015125,fac-opacity-cowan-state,T34742p1_rho484p216,0.16761819925048757,0.0008564216831719605,0.16771331350416252,0.00014796164289462653,ok,/home/elads/STAR/full_grid_solar_opacity/runs/T34742p1_rho484p216/fac-opacity-cowan-state/starout.h5
34742.06829417545,695.8564947100452,fac-opacity-cowan-state,T34742p1_rho695p856,0.1675921645782679,0.0012279205181646403,0.16772655635694048,0.00020761287000332148,ok,/home/elads/STAR/full_grid_solar_opacity/runs/T34742p1_rho695p856/fac-opacity-cowan-state/starout.h5
34742.06829417545,1000.0,fac-opacity-cowan-state,T34742p1_rho1000,0.16755517336694456,0.001759085418793591,0.16774464390403696,0.00029043660945157307,ok,/home/elads/STAR/full_grid_solar_opacity/runs/T34742p1_rho1000/fac-opacity-cowan-state/starout.h5
38246.88441157474,1e-17,fac-opacity-cowan-state,T38246p9_rho1em17,0.17139250134014825,1.2720252676327778e-23,0.17139250134014822,2.5334736514835298e-24,ok,/home/elads/STAR/full_grid_solar_opacity/runs/T38246p9_rho1em17/fac-opacity-cowan-state/starout.h5
38246.88441157474,1.4370779141993746e-17,fac-opacity-cowan-state,T38246p9_rho1p43708em17,0.1713925013401482,1.8269963257972704e-23,0.1713925013401482,3.638878235937e-24,ok,/home/elads/STAR/full_grid_solar_opacity/runs/T38246p9_rho1p43708em17/fac-opacity-cowan-state/starout.h5
38246.88441157474,2.065192931479625e-17,fac-opacity-cowan-state,T38246p9_rho2p06519em17,0.17139250134014822,2.624533284357978e-23,0.17139250134014822,5.227431348224314e-24,ok,/home/elads/STAR/full_grid_solar_opacity/runs/T38246p9_rho2p06519em17/fac-opacity-cowan-state/starout.h5
38246.88441157474,2.9678431503900313e-17,fac-opacity-cowan-state,T38246p9_rho2p96784em17,0.1713925013401483,3.770740481168704e-23,0.1713925013401483,7.510462760973805e-24,ok,/home/elads/STAR/full_grid_solar_opacity/runs/T38246p9_rho2p96784em17/fac-opacity-cowan-state/starout.h5
38246.88441157474,4.2650218442334076e-17,fac-opacity-cowan-state,T38246p9_rho4p26502em17,0.17139250134014808,5.418047644038326e-23,0.17139250134014808,1.079157611486196e-23,ok,/home/elads/STAR/full_grid_solar_opacity/runs/T38246p9_rho4p26502em17/fac-opacity-cowan-state/starout.h5
38246.88441157474,6.129168695925715e-17,fac-opacity-cowan-state,T38246p9_rho6p12917em17,0.17139250134014755,7.785760346254114e-23,0.17139250134014755,1.5507571098562943e-23,ok,/home/elads/STAR/full_grid_solar_opacity/runs/T38246p9_rho6p12917em17/fac-opacity-cowan-state/starout.h5
38246.88441157474,8.808092965317026e-17,fac-opacity-cowan-state,T38246p9_rho8p80809em17,0.17139250134014705,1.1188743981305806e-22,0.17139250134014705,2.2285587496538255e-23,ok,/home/elads/STAR/full_grid_solar_opacity/runs/T38246p9_rho8p80809em17/fac-opacity-cowan-state/starout.h5
38246.88441157474,1.2657915866672028e-16,fac-opacity-cowan-state,T38246p9_rho1p26579em16,0.17139250134014797,1.60790965593265e-22,0.17139250134014797,3.202612500829226e-23,ok,/home/elads/STAR/full_grid_solar_opacity/runs/T38246p9_rho1p26579em16/fac-opacity-cowan-state/starout.h5
38246.88441157474,1.819041133178821e-16,fac-opacity-cowan-state,T38246p9_rho1p81904em16,0.1713925013401477,2.3106914011977243e-22,0.1713925013401477,4.6024035887373585e-23,ok,/home/elads/STAR/full_grid_solar_opacity/runs/T38246p9_rho1p81904em16/fac-opacity-cowan-state/starout.h5
38246.88441157474,2.6141038375114865e-16,fac-opacity-cowan-state,T38246p9_rho2p6141em16,0.1713925013401481,3.3206434809460584e-22,0.1713925013401481,6.614012364924278e-23,ok,/home/elads/STAR/full_grid_solar_opacity/runs/T38246p9_rho2p6141em16/fac-opacity-cowan-state/starout.h5
38246.88441157474,3.7566708903116036e-16,fac-opacity-cowan-state,T38246p9_rho3p75667em16,0.17139250134014783,4.772023265874923e-22,0.17139250134014783,9.504850827660085e-23,ok,/home/elads/STAR/full_grid_solar_opacity/runs/T38246p9_rho3p75667em16/fac-opacity-cowan-state/starout.h5
38246.88441157474,5.398628767382507e-16,fac-opacity-cowan-state,T38246p9_rho5p39863em16,0.17139250134014714,6.857768998177729e-22,0.17139250134014716,1.365921065651164e-22,ok,/home/elads/STAR/full_grid_solar_opacity/runs/T38246p9_rho5p39863em16/fac-opacity-cowan-state/starout.h5
38246.88441157474,7.758250168566793e-16,fac-opacity-cowan-state,T38246p9_rho7p75825em16,0.17139250134014078,9.855147980216457e-22,0.17139250134014078,1.962934919799465e-22,ok,/home/elads/STAR/full_grid_solar_opacity/runs/T38246p9_rho7p75825em16/fac-opacity-cowan-state/starout.h5
38246.88441157474,1.1149209970080914e-15,fac-opacity-cowan-state,T38246p9_rho1p11492em15,0.17139250134014794,1.4162614838902536e-21,0.1713925013401479,2.8208902912386555e-22,ok,/home/elads/STAR/full_grid_solar_opacity/runs/T38246p9_rho1p11492em15/fac-opacity-cowan-state/starout.h5
38246.88441157474,1.6022283408774753e-15,fac-opacity-cowan-state,T38246p9_rho1p60223em15,0.17139250134002373,2.0352779877511984e-21,0.1713925013400237,4.0538389206457354e-22,ok,/home/elads/STAR/full_grid_solar_opacity/runs/T38246p9_rho1p60223em15/fac-opacity-cowan-state/starout.h5
38246.88441157474,2.3025269621793266e-15,fac-opacity-cowan-state,T38246p9_rho2p30253em15,0.17139250134014739,2.924852858239087e-21,0.17139250134014739,5.825682017014321e-22,ok,/home/elads/STAR/full_grid_solar_opacity/runs/T38246p9_rho2p30253em15/fac-opacity-cowan-state/starout.h5
38246.88441157474,3.308910644196489e-15,fac-opacity-cowan-state,T38246p9_rho3p30891em15,0.17139250134014777,4.203241136927122e-21,0.17139250134014777,8.371958383446973e-22,ok,/home/elads/STAR/full_grid_solar_opacity/runs/T38246p9_rho3p30891em15/fac-opacity-cowan-state/starout.h5
38246.88441157474,4.755162406834019e-15,fac-opacity-cowan-state,T38246p9_rho4p75516em15,0.17139250134014714,6.0403844278561364e-21,0.17139250134014716,1.20311553720969e-21,ok,/home/elads/STAR/full_grid_solar_opacity/runs/T38246p9_rho4p75516em15/fac-opacity-cowan-state/starout.h5
38246.88441157474,6.8335388732923106e-15,fac-opacity-cowan-state,T38246p9_rho6p83354em15,0.17139250134014516,8.680502155667176e-21,0.17139250134014516,1.7289705918394508e-21,ok,/home/elads/STAR/full_grid_solar_opacity/runs/T38246p9_rho6p83354em15/fac-opacity-cowan-state/starout.h5
38246.88441157474,9.820327790631256e-15,fac-opacity-cowan-state,T38246p9_rho9p82033em15,0.17139250134014822,1.2474556351023215e-20,0.17139250134014822,2.4846651510106273e-21,ok,/home/elads/STAR/full_grid_solar_opacity/runs/T38246p9_rho9p82033em15/fac-opacity-cowan-state/starout.h5
38246.88441157474,1.4112576178114521e-14,fac-opacity-cowan-state,T38246p9_rho1p41126em14,0.17139250134014852,1.7926906787955764e-20,0.1713925013401485,3.570656906743506e-21,ok,/home/elads/STAR/full_grid_solar_opacity/runs/T38246p9_rho1p41126em14/fac-opacity-cowan-state/starout.h5
38246.88441157474,2.0280871538024598e-14,fac-opacity-cowan-state,T38246p9_rho2p02809em14,0.1713925013401478,2.5762357525005035e-20,0.1713925013401478,5.131311349979891e-21,ok,/home/elads/STAR/full_grid_solar_opacity/runs/T38246p9_rho2p02809em14/fac-opacity-cowan-state/starout.h5
38246.88441157474,2.914519256800997e-14,fac-opacity-cowan-state,T38246p9_rho2p91452em14,0.17139250134014872,3.702250796998831e-20,0.17139250134014872,7.374092848511053e-21,ok,/home/elads/STAR/full_grid_solar_opacity/runs/T38246p9_rho2p91452em14/fac-opacity-cowan-state/starout.h5
38246.88441157474,4.188391254457488e-14,fac-opacity-cowan-state,T38246p9_rho4p18839em14,0.17139250134014697,5.320421655582011e-20,0.17139250134014697,1.0597143655414826e-20,ok,/home/elads/STAR/full_grid_solar_opacity/runs/T38246p9_rho4p18839em14/fac-opacity-cowan-state/starout.h5
38246.88441157474,6.019044567806669e-14,fac-opacity-cowan-state,T38246p9_rho6p01904em14,0.17139250134014747,7.645858438232889e-20,0.17139250134014747,1.522891718838926e-20,ok,/home/elads/STAR/full_grid_solar_opacity/runs/T38246p9_rho6p01904em14/fac-opacity-cowan-state/starout.h5
38246.88441157474,8.649836012976684e-14,fac-opacity-cowan-state,T38246p9_rho8p64984em14,0.17139250134014758,1.0987691082692708e-19,0.17139250134014758,2.1885134389977875e-20,ok,/home/elads/STAR/full_grid_solar_opacity/runs/T38246p9_rho8p64984em14/fac-opacity-cowan-state/starout.h5
38246.88441157474,1.2430488295695167e-13,fac-opacity-cowan-state,T38246p9_rho1p24305em13,0.17139250134014697,1.5790162895715226e-19,0.17139250134014697,3.145063296100269e-20,ok,/home/elads/STAR/full_grid_solar_opacity/runs/T38246p9_rho1p24305em13/fac-opacity-cowan-state/starout.h5
38246.88441157474,1.7863580192457348e-13,fac-opacity-cowan-state,T38246p9_rho1p78636em13,0.17139250134014716,2.2691686075116453e-19,0.17139250134014716,4.519699422251072e-20,ok,/home/elads/STAR/full_grid_solar_opacity/runs/T38246p9_rho1p78636em13/fac-opacity-cowan-state/starout.h5
38246.88441157474,2.567135656310987e-13,fac-opacity-cowan-state,T38246p9_rho2p56714em13,0.171392501340148,3.2609707901142876e-19,0.17139250134014797,6.495157726859223e-20,ok,/home/elads/STAR/full_grid_solar_opacity/runs/T38246p9_rho2p56714em13/fac-opacity-cowan-state/starout.h5
38246.88441157474,3.6891739544382357e-13,fac-opacity-cowan-state,T38246p9_rho3p68917em13,0.17139250134014708,4.686267151205505e-19,0.17139250134014708,9.334043940975582e-20,ok,/home/elads/STAR/full_grid_solar_opacity/runs/T38246p9_rho3p68917em13/fac-opacity-cowan-state/starout.h5
38246.88441157474,5.301630411562758e-13,fac-opacity-cowan-state,T38246p9_rho5p30163em13,0.171392501340148,6.734528365539432e-19,0.171392501340148,1.3413743289421682e-19,ok,/home/elads/STAR/full_grid_solar_opacity/runs/T38246p9_rho5p30163em13/fac-opacity-cowan-state/starout.h5
38246.88441157474,7.618855973704612e-13,fac-opacity-cowan-state,T38246p9_rho7p61886em13,0.17139250134014677,9.678038608770517e-19,0.17139250134014675,1.9276587733862825e-19,ok,/home/elads/STAR/full_grid_solar_opacity/runs/T38246p9_rho7p61886em13/fac-opacity-cowan-state/starout.h5
38246.88441157474,1.0948889651276868e-12,fac-opacity-cowan-state,T38246p9_rho1p09489em12,0.17139250134014675,1.3908092225303118e-18,0.17139250134014675,2.770195221844267e-19,ok,/home/elads/STAR/full_grid_solar_opacity/runs/T38246p9_rho1p09489em12/fac-opacity-cowan-state/starout.h5
38246.88441157474,1.5734407502856082e-12,fac-opacity-cowan-state,T38246p9_rho1p57344em12,0.17139250134014614,1.998701100432568e-18,0.17139250134014614,3.980986159995149e-19,ok,/home/elads/STAR/full_grid_solar_opacity/runs/T38246p9_rho1p57344em12/fac-opacity-cowan-state/starout.h5
38246.88441157474,2.26115695153675e-12,fac-opacity-cowan-state,T38246p9_rho2p26116em12,0.17139250134015982,2.8722898226090924e-18,0.17139250134015982,5.720988507945751e-19,ok,/home/elads/STAR/full_grid_solar_opacity/runs/T38246p9_rho2p26116em12/fac-opacity-cowan-state/starout.h5
38246.88441157474,3.249458715591849e-12,fac-opacity-cowan-state,T38246p9_rho3p24946em12,0.17139250134015874,4.127706817913403e-18,0.17139250134015874,8.221511207416328e-19,ok,/home/elads/STAR/full_grid_solar_opacity/runs/T38246p9_rho3p24946em12/fac-opacity-cowan-state/starout.h5
38246.88441157474,4.669725353279713e-12,fac-opacity-cowan-state,T38246p9_rho4p66973em12,0.1713925013401441,5.9318431027031225e-18,0.17139250134014405,1.1814965353840281e-18,ok,/home/elads/STAR/full_grid_solar_opacity/runs/T38246p9_rho4p66973em12/fac-opacity-cowan-state/starout.h5
38246.88441157474,6.710759170575148e-12,fac-opacity-cowan-state,T38246p9_rho6p71076em12,0.17139250134007994,8.52453588099844e-18,0.17139250134007994,1.697905511101221e-18,ok,/home/elads/STAR/full_grid_solar_opacity/runs/T38246p9_rho6p71076em12/fac-opacity-cowan-state/starout.h5
38246.88441157474,9.64388379154446e-12,fac-opacity-cowan-state,T38246p9_rho9p64388em12,0.17139250134014095,1.2250452183254647e-17,0.17139250134014095,2.4400283028668977e-18,ok,/home/elads/STAR/full_grid_solar_opacity/runs/T38246p9_rho9p64388em12/fac-opacity-cowan-state/starout.h5
38246.88441157474,1.3859012403933867e-11,fac-opacity-cowan-state,T38246p9_rho1p3859em11,0.17139250134013798,1.7604907418539178e-17,0.17139250134013798,3.506521059135024e-18,ok,/home/elads/STAR/full_grid_solar_opacity/runs/T38246p9_rho1p3859em11/fac-opacity-cowan-state/starout.h5
38246.88441157474,1.9916480638308542e-11,fac-opacity-cowan-state,T38246p9_rho1p99165em11,0.17139250134013329,2.5299706488425437e-17,0.17139250134013329,5.039159996730588e-18,ok,/home/elads/STAR/full_grid_solar_opacity/runs/T38246p9_rho1p99165em11/fac-opacity-cowan-state/starout.h5
38246.88441157474,2.8621534453892672e-11,fac-opacity-cowan-state,T38246p9_rho2p86215em11,0.1713925013401271,3.63577571448584e-17,0.1713925013401271,7.241686332094012e-18,ok,/home/elads/STAR/full_grid_solar_opacity/runs/T38246p9_rho2p86215em11/fac-opacity-cowan-state/starout.h5
38246.88441157474,4.1131375034185614e-11,fac-opacity-cowan-state,T38246p9_rho4p11314em11,0.17139250134011846,5.22490280970408e-17,0.17139250134011844,1.0406886486620624e-17,ok,/home/elads/STAR/full_grid_solar_opacity/runs/T38246p9_rho4p11314em11/fac-opacity-cowan-state/starout.h5
38246.88441157474,5.910899064227969e-11,fac-opacity-cowan-state,T38246p9_rho5p9109em11,0.17139250134010467,7.508594400152212e-17,0.17139250134010467,1.4955510461648358e-17,ok,/home/elads/STAR/full_grid_solar_opacity/runs/T38246p9_rho5p9109em11/fac-opacity-cowan-state/starout.h5
38246.88441157474,8.4944224982638e-11,fac-opacity-cowan-state,T38246p9_rho8p49442em11,0.17139250134008557,1.079042334108122e-16,0.17139250134008557,2.1492210532917165e-17,ok,/home/elads/STAR/full_grid_solar_opacity/runs/T38246p9_rho8p49442em11/fac-opacity-cowan-state/starout.h5
38246.88441157474,1.2207146966133182e-10,fac-opacity-cowan-state,T38246p9_rho1p22071em10,0.17139250134005912,1.5506659462186374e-16,0.17139250134005918,3.0885942354865905e-17,ok,/home/elads/STAR/full_grid_solar_opacity/runs/T38246p9_rho1p22071em10/fac-opacity-cowan-state/starout.h5
38246.88441157474,1.7542621300415897e-10,fac-opacity-cowan-state,T38246p9_rho1p75426em10,0.17139250134002076,2.2284273126429474e-16,0.17139250134002076,4.438549396003019e-17,ok,/home/elads/STAR/full_grid_solar_opacity/runs/T38246p9_rho1p75426em10/fac-opacity-cowan-state/starout.h5
38246.88441157474,2.52101136279913e-10,fac-opacity-cowan-state,T38246p9_rho2p52101em10,0.17139250133996559,3.2024270305905074e-16,0.1713925013399656,6.378547249774922e-17,ok,/home/elads/STAR/full_grid_solar_opacity/runs/T38246p9_rho2p52101em10/fac-opacity-cowan-state/starout.h5
38246.88441157474,3.6228897509242966e-10,fac-opacity-cowan-state,T38246p9_rho3p62289em10,0.17139250133988732,4.60214564478039e-16,0.1713925013398874,9.166484590067718e-17,ok,/home/elads/STAR/full_grid_solar_opacity/runs/T38246p9_rho3p62289em10/fac-opacity-cowan-state/starout.h5
38246.88441157474,5.20637484663258e-10,fac-opacity-cowan-state,T38246p9_rho5p20637em10,0.1713925013397291,6.61366205138214e-16,0.17139250133972916,1.317298881479605e-16,ok,/home/elads/STAR/full_grid_solar_opacity/runs/T38246p9_rho5p20637em10/fac-opacity-cowan-state/starout.h5
38246.88441157474,7.481966305138837e-10,fac-opacity-cowan-state,T38246p9_rho7p48197em10,0.1713925013395954,9.504422587508586e-16,0.17139250133959552,1.8930747909379907e-16,ok,/home/elads/STAR/full_grid_solar_opacity/runs/T38246p9_rho7p48197em10/fac-opacity-cowan-state/starout.h5
38246.88441157474,1.0752168531898921e-09,fac-opacity-cowan-state,T38246p9_rho1p07522em09,0.17139250133937425,1.3658811190133569e-15,0.1713925013393744,2.720535473032909e-16,ok,/home/elads/STAR/full_grid_solar_opacity/runs/T38246p9_rho1p07522em09/fac-opacity-cowan-state/starout.h5
38246.88441157474,1.5451703926941453e-09,fac-opacity-cowan-state,T38246p9_rho1p54517em09,0.17139250133904477,1.9628984840419177e-15,0.17139250133904496,3.9096592674354803e-16,ok,/home/elads/STAR/full_grid_solar_opacity/runs/T38246p9_rho1p54517em09/fac-opacity-cowan-state/starout.h5
38246.88441157474,2.220530245015531e-09,fac-opacity-cowan-state,T38246p9_rho2p22053em09,0.17139250133857423,2.82083385316743e-15,0.1713925013385745,5.618475114030984e-16,ok,/home/elads/STAR/full_grid_solar_opacity/runs/T38246p9_rho2p22053em09/fac-opacity-cowan-state/starout.h5
38246.88441157474,3.1910749729235452e-09,fac-opacity-cowan-state,T38246p9_rho3p19107em09,0.17139250133790804,4.053746734744152e-15,0.1713925013379085,8.074160927018365e-16,ok,/home/elads/STAR/full_grid_solar_opacity/runs/T38246p9_rho3p19107em09/fac-opacity-cowan-state/starout.h5
38246.88441157474,4.585823366142813e-09,fac-opacity-cowan-state,T38246p9_rho4p58582em09,0.1713925013369679,5.825536486207272e-15,0.1713925013369686,1.1603164302553156e-15,ok,/home/elads/STAR/full_grid_solar_opacity/runs/T38246p9_rho4p58582em09/fac-opacity-cowan-state/starout.h5
38246.88441157474,6.590185477903269e-09,fac-opacity-cowan-state,T38246p9_rho6p59019em09,0.17139250133556966,8.37175950721122e-15,0.17139250133557069,1.6674654656846836e-15,ok,/home/elads/STAR/full_grid_solar_opacity/runs/T38246p9_rho6p59019em09/fac-opacity-cowan-state/starout.h5
38246.88441157474,9.470610000772238e-09,fac-opacity-cowan-state,T38246p9_rho9p47061em09,0.15936600699663547,1.2019955881255736e-14,0.1593660069966368,2.3951289807459237e-15,ok,/home/elads/STAR/full_grid_solar_opacity/runs/T38246p9_rho9p47061em09/fac-opacity-cowan-state/starout.h5
38246.88441157474,1.3610004466105506e-08,fac-opacity-cowan-state,T38246p9_rho1p361em08,0.15936600699410627,1.7274330812573337e-14,0.1593660069941083,3.442063797070639e-15,ok,/home/elads/STAR/full_grid_solar_opacity/runs/T38246p9_rho1p361em08/fac-opacity-cowan-state/starout.h5
38246.88441157474,1.9558636830395073e-08,fac-opacity-cowan-state,T38246p9_rho1p95586em08,0.15936600699082878,2.482984737523514e-14,0.1593660069908317,4.947111795069568e-15,ok,/home/elads/STAR/full_grid_solar_opacity/runs/T38246p9_rho1p95586em08/fac-opacity-cowan-state/starout.h5
38246.88441157474,2.810728502080722e-08,fac-opacity-cowan-state,T38246p9_rho2p81073em08,0.15936600698688358,3.569688287281891e-14,0.15936600698688771,7.110885702064682e-15,ok,/home/elads/STAR/full_grid_solar_opacity/runs/T38246p9_rho2p81073em08/fac-opacity-cowan-state/starout.h5
38246.88441157474,4.039235853150913e-08,fac-opacity-cowan-state,T38246p9_rho4p03924em08,0.15936600698110434,5.1393541271955256e-14,0.15936600698111045,1.0228898539624257e-14,ok,/home/elads/STAR/full_grid_solar_opacity/runs/T38246p9_rho4p03924em08/fac-opacity-cowan-state/starout.h5
38246.88441157474,5.804696634805446e-08,fac-opacity-cowan-state,T38246p9_rho5p8047em08,0.15936600697478598,7.371535544309058e-14,0.15936600697479483,1.468455008554185e-14,ok,/home/elads/STAR/full_grid_solar_opacity/runs/T38246p9_rho5p8047em08/fac-opacity-cowan-state/starout.h5
38246.88441157474,8.341801332506338e-08,fac-opacity-cowan-state,T38246p9_rho8p3418em08,0.15936600696622383,1.0601949738673794e-13,0.1593660069662364,2.1111561785872253e-14,ok,/home/elads/STAR/full_grid_solar_opacity/runs/T38246p9_rho8p3418em08/fac-opacity-cowan-state/starout.h5
38246.88441157474,1.1987818459583772e-07,fac-opacity-cowan-state,T38246p9_rho1p19878em07,0.1593660069557143,1.5220937598816148e-13,0.15936600695573236,3.032281980744516e-14,ok,/home/elads/STAR/full_grid_solar_opacity/runs/T38246p9_rho1p19878em07/fac-opacity-cowan-state/starout.h5
38246.88441157474,1.7227429147699408e-07,fac-opacity-cowan-state,T38246p9_rho1p72274em07,0.1593660069428168,2.1886880524777032e-13,0.15936600694284267,4.3589656335404174e-14,ok,/home/elads/STAR/full_grid_solar_opacity/runs/T38246p9_rho1p72274em07/fac-opacity-cowan-state/starout.h5
38246.88441157474,2.4757157946593376e-07,fac-opacity-cowan-state,T38246p9_rho2p47572em07,0.1593660069271214,3.144688646170512e-13,0.15936600692715888,6.263466182711146e-14,ok,/home/elads/STAR/full_grid_solar_opacity/runs/T38246p9_rho2p47572em07/fac-opacity-cowan-state/starout.h5
38246.88441157474,3.557796490339488e-07,fac-opacity-cowan-state,T38246p9_rho3p5578em07,0.15936600690839905,4.5192828836142106e-13,0.15936600690845248,9.000929312191205e-14,ok,/home/elads/STAR/full_grid_solar_opacity/runs/T38246p9_rho3p5578em07/fac-opacity-cowan-state/starout.h5
38246.88441157474,5.112830759482948e-07,fac-opacity-cowan-state,T38246p9_rho5p11283em07,0.15936600688548694,6.493933773782674e-13,0.15936600688556327,1.2934310140927096e-13,ok,/home/elads/STAR/full_grid_solar_opacity/runs/T38246p9_rho5p11283em07/fac-opacity-cowan-state/starout.h5
38246.88441157474,7.347536163492159e-07,fac-opacity-cowan-state,T38246p9_rho7p34754em07,0.15936600685797966,9.332199588919306e-13,0.15936600685808988,1.8586630278406485e-13,ok,/home/elads/STAR/full_grid_solar_opacity/runs/T38246p9_rho7p34754em07/fac-opacity-cowan-state/starout.h5
38246.88441157474,1.0558981944335787e-06,fac-opacity-cowan-state,T38246p9_rho1p0559em06,0.1593660068249478,1.341022712646426e-12,0.15936600682510704,2.670952928761957e-13,ok,/home/elads/STAR/full_grid_solar_opacity/runs/T38246p9_rho1p0559em06/fac-opacity-cowan-state/starout.h5
38246.88441157474,1.517407974863493e-06,fac-opacity-cowan-state,T38246p9_rho1p51741em06,0.15936600678542284,1.9272687097970486e-12,0.1593660067856514,3.838453211421157e-13,ok,/home/elads/STAR/full_grid_solar_opacity/runs/T38246p9_rho1p51741em06/fac-opacity-cowan-state/starout.h5
38246.88441157474,2.1806334875063253e-06,fac-opacity-cowan-state,T38246p9_rho2p18063em06,0.1593660067383112,2.769711558828412e-12,0.15936600673863946,5.51630421770658e-13,ok,/home/elads/STAR/full_grid_solar_opacity/runs/T38246p9_rho2p18063em06/fac-opacity-cowan-state/starout.h5
38246.88441157474,3.1337402238588983e-06,fac-opacity-cowan-state,T38246p9_rho3p13374em06,0.15936600668229903,3.980292735740952e-12,0.15936600668277082,7.927217147339489e-13,ok,/home/elads/STAR/full_grid_solar_opacity/runs/T38246p9_rho3p13374em06/fac-opacity-cowan-state/starout.h5
38246.88441157474,4.503428864545845e-06,fac-opacity-cowan-state,T38246p9_rho4p50343em06,0.15936600661500613,5.720071111525735e-12,0.15936600661568323,1.1392020734527296e-12,ok,/home/elads/STAR/full_grid_solar_opacity/runs/T38246p9_rho4p50343em06/fac-opacity-cowan-state/starout.h5
38246.88441157474,6.471778159406801e-06,fac-opacity-cowan-state,T38246p9_rho6p47178em06,0.15936600653502056,8.220734868266757e-12,0.15936600653599484,1.6371908715917428e-12,ok,/home/elads/STAR/full_grid_solar_opacity/runs/T38246p9_rho6p47178em06/fac-opacity-cowan-state/starout.h5
38246.88441157474,9.300449458481393e-06,fac-opacity-cowan-state,T38246p9_rho9p30045em06,0.15936600643848559,1.1814198321335102e-11,0.15936600643988472,2.3527959417824925e-12,ok,/home/elads/STAR/full_grid_solar_opacity/runs/T38246p9_rho9p30045em06/fac-opacity-cowan-state/starout.h5
38246.88441157474,1.3365470508911143e-05,fac-opacity-cowan-state,T38246p9_rho1p33655em05,0.15936600633007508,1.6976826951249997e-11,0.1593660063320856,3.3808549228653446e-12,ok,/home/elads/STAR/full_grid_solar_opacity/runs/T38246p9_rho1p33655em05/fac-opacity-cowan-state/starout.h5
38246.88441157474,1.920722248123928e-05,fac-opacity-cowan-state,T38246p9_rho1p92072em05,0.1593660061921384,2.4395229656716072e-11,0.1593660061950269,4.858083851662294e-12,ok,/home/elads/STAR/full_grid_solar_opacity/runs/T38246p9_rho1p92072em05/fac-opacity-cowan-state/starout.h5
38246.88441157474,2.760227522090268e-05,fac-opacity-cowan-state,T38246p9_rho2p76023em05,0.1593660060411756,3.505908403307206e-11,0.15936600604532927,6.981486996923338e-12,ok,/home/elads/STAR/full_grid_solar_opacity/runs/T38246p9_rho2p76023em05/fac-opacity-cowan-state/starout.h5
38246.88441157474,3.966662010161191e-05,fac-opacity-cowan-state,T38246p9_rho3p96666em05,0.15936600584341157,5.0383754933701695e-11,0.15936600584937963,1.0032755351285633e-11,ok,/home/elads/STAR/full_grid_solar_opacity/runs/T38246p9_rho3p96666em05/fac-opacity-cowan-state/starout.h5
38246.88441157474,5.7004023678963655e-05,fac-opacity-cowan-state,T38246p9_rho5p7004em05,0.15936600561000652,7.240295672641792e-11,0.15936600561858258,1.441675256494455e-11,ok,/home/elads/STAR/full_grid_solar_opacity/runs/T38246p9_rho5p7004em05/fac-opacity-cowan-state/starout.h5
38246.88441157474,8.191922344953684e-05,fac-opacity-cowan-state,T38246p9_rho8p19192em05,0.1593660060454777,1.0514707621629775e-10,0.1593660060579998,2.1010857065733414e-11,ok,/home/elads/STAR/full_grid_solar_opacity/runs/T38246p9_rho8p19192em05/fac-opacity-cowan-state/starout.h5
38246.88441157474,0.00011772430676769293,fac-opacity-cowan-state,T38246p9_rho0p000117724,0.15936600451764096,1.5127363945532666e-10,0.15936600453566424,3.023902069964356e-11,ok,/home/elads/STAR/full_grid_solar_opacity/runs/T38246p9_rho0p000117724/fac-opacity-cowan-state/starout.h5
38246.88441157474,0.00016917900122028344,fac-opacity-cowan-state,T38246p9_rho0p000169179,0.15936600689967514,2.1733985331719324e-10,0.15936600692556704,4.3440198882284094e-11,ok,/home/elads/STAR/full_grid_solar_opacity/runs/T38246p9_rho0p000169179/fac-opacity-cowan-state/starout.h5
38246.88441157474,0.0002431234061999784,fac-opacity-cowan-state,T38246p9_rho0p000243123,0.15936600661370245,3.122445953269896e-10,0.15936600665089326,6.24001173639043e-11,ok,/home/elads/STAR/full_grid_solar_opacity/runs/T38246p9_rho0p000243123/fac-opacity-cowan-state/starout.h5
38246.88441157474,0.0003493872774749123,fac-opacity-cowan-state,T38246p9_rho0p000349387,0.15936600058495873,4.4849088836898626e-10,0.15936600063836304,8.960736623940113e-11,ok,/home/elads/STAR/full_grid_solar_opacity/runs/T38246p9_rho0p000349387/fac-opacity-cowan-state/starout.h5
38246.88441157474,0.0005020967399614471,fac-opacity-cowan-state,T38246p9_rho0p000502097,0.15936600068427983,6.445095930017342e-10,0.1593660007610241,1.287618363001147e-10,ok,/home/elads/STAR/full_grid_solar_opacity/runs/T38246p9_rho0p000502097/fac-opacity-cowan-state/starout.h5
38246.88441157474,0.0007215521357901021,fac-opacity-cowan-state,T38246p9_rho0p000721552,0.15936600173652288,9.261137349487361e-10,0.15936600184678965,1.849998422582087e-10,ok,/home/elads/STAR/full_grid_solar_opacity/runs/T38246p9_rho0p000721552/fac-opacity-cowan-state/starout.h5
38246.88441157474,0.0010369266382873438,fac-opacity-cowan-state,T38246p9_rho0p00103693,0.1593660002607369,1.330723331707716e-09,0.15936600041915763,2.6578274616273327e-10,ok,/home/elads/STAR/full_grid_solar_opacity/runs/T38246p9_rho0p00103693/fac-opacity-cowan-state/starout.h5
38246.88441157474,0.0014901443705277455,fac-opacity-cowan-state,T38246p9_rho0p00149014,0.1593659985053534,1.9116375635362055e-09,0.15936599873287097,3.817049920728725e-10,ok,/home/elads/STAR/full_grid_solar_opacity/runs/T38246p9_rho0p00149014/fac-opacity-cowan-state/starout.h5
38246.88441157474,0.002141453563853953,fac-opacity-cowan-state,T38246p9_rho0p00214145,0.1593659977808639,2.746686868271719e-09,0.1593659981077092,5.48320534022361e-10,ok,/home/elads/STAR/full_grid_solar_opacity/runs/T38246p9_rho0p00214145/fac-opacity-cowan-state/starout.h5
38246.88441157474,0.003077435620898055,fac-opacity-cowan-state,T38246p9_rho0p00307744,0.15936599773486648,3.946911722806003e-09,0.15936599820447,7.877547008824419e-10,ok,/home/elads/STAR/full_grid_solar_opacity/runs/T38246p9_rho0p00307744/fac-opacity-cowan-state/starout.h5
38246.88441157474,0.004422514763163053,fac-opacity-cowan-state,T38246p9_rho0p00442251,0.1593660035394143,5.668656373213801e-09,0.15936600421358196,1.1309043451122802e-09,ok,/home/elads/STAR/full_grid_solar_opacity/runs/T38246p9_rho0p00442251/fac-opacity-cowan-state/starout.h5
38246.88441157474,0.006355498291362301,fac-opacity-cowan-state,T38246p9_rho0p0063555,0.15936600167082107,8.14463818538399e-09,0.15936600263921463,1.6243275795155374e-09,ok,/home/elads/STAR/full_grid_solar_opacity/runs/T38246p9_rho0p0063555/fac-opacity-cowan-state/starout.h5
38246.88441157474,0.009133346228248624,fac-opacity-cowan-state,T38246p9_rho0p00913335,0.1593659971623841,1.1701854987137827e-08,0.1593659985533212,2.332853970524769e-09,ok,/home/elads/STAR/full_grid_solar_opacity/runs/T38246p9_rho0p00913335/fac-opacity-cowan-state/starout.h5
38246.88441157474,0.01312533014735226,fac-opacity-cowan-state,T38246p9_rho0p0131253,0.15936599366664286,1.6812208169982263e-08,0.15936599566431253,3.3501054416139184e-09,ok,/home/elads/STAR/full_grid_solar_opacity/runs/T38246p9_rho0p0131253/fac-opacity-cowan-state/starout.h5
38246.88441157474,0.018862122071335155,fac-opacity-cowan-state,T38246p9_rho0p0188621,0.15936599104566487,2.4153294583666408e-08,0.15936599391441175,4.8103435254883365e-09,ok,/home/elads/STAR/full_grid_solar_opacity/runs/T38246p9_rho0p0188621/fac-opacity-cowan-state/starout.h5
38246.88441157474,0.02710633904364831,fac-opacity-cowan-state,T38246p9_rho0p0271063,0.15936598904700525,3.469853496003205e-08,0.15936599316614694,6.906125889522549e-09,ok,/home/elads/STAR/full_grid_solar_opacity/runs/T38246p9_rho0p0271063/fac-opacity-cowan-state/starout.h5
38246.88441157474,0.038953921174427183,fac-opacity-cowan-state,T38246p9_rho0p0389539,0.15936598741221525,4.984446486648408e-08,0.15936599332575507,9.913195476063112e-09,ok,/home/elads/STAR/full_grid_solar_opacity/runs/T38246p9_rho0p0389539/fac-opacity-cowan-state/starout.h5
38246.88441157474,0.0559798197912329,fac-opacity-cowan-state,T38246p9_rho0p0559798,0.15936597544342915,7.159589829310392e-08,0.15936598393132592,1.4226549677873012e-08,ok,/home/elads/STAR/full_grid_solar_opacity/runs/T38246p9_rho0p0559798/fac-opacity-cowan-state/starout.h5
38246.88441157474,0.08044736266284185,fac-opacity-cowan-state,T38246p9_rho0p0804474,0.15936597374758008,1.0282998057487355e-07,0.1593659859277191,2.0411679087139287e-08,ok,/home/elads/STAR/full_grid_solar_opacity/runs/T38246p9_rho0p0804474/fac-opacity-cowan-state/starout.h5
38246.88441157474,0.11560912813835741,fac-opacity-cowan-state,T38246p9_rho0p115609,0.15936597300407523,1.4767714417392988e-07,0.1593659904783965,2.927827340559806e-08,ok,/home/elads/STAR/full_grid_solar_opacity/runs/T38246p9_rho0p115609/fac-opacity-cowan-state/starout.h5
38246.88441157474,0.1661393247274789,fac-opacity-cowan-state,T38246p9_rho0p166139,0.1593659736995578,2.1206723640922544e-07,0.15936599876330637,4.198538928316711e-08,ok,/home/elads/STAR/full_grid_solar_opacity/runs/T38246p9_rho0p166139/fac-opacity-cowan-state/starout.h5
38246.88441157474,0.23875515424585794,fac-opacity-cowan-state,T38246p9_rho0p238755,0.1593659768762306,3.045117071029059e-07,0.15936601281724122,6.019131887805312e-08,ok,/home/elads/STAR/full_grid_solar_opacity/runs/T38246p9_rho0p238755/fac-opacity-cowan-state/starout.h5
38246.88441157474,0.34310975906798746,fac-opacity-cowan-state,T38246p9_rho0p34311,0.15936595483737728,4.372679614863906e-07,0.15936600637085419,8.62778428486865e-08,ok,/home/elads/STAR/full_grid_solar_opacity/runs/T38246p9_rho0p34311/fac-opacity-cowan-state/starout.h5
38246.88441157474,0.49307545690287347,fac-opacity-cowan-state,T38246p9_rho0p493075,0.15936594410706936,6.27927039334713e-07,0.15936601799135652,1.236504258380435e-07,ok,/home/elads/STAR/full_grid_solar_opacity/runs/T38246p9_rho0p493075/fac-opacity-cowan-state/starout.h5
38246.88441157474,0.7085878491488851,fac-opacity-cowan-state,T38246p9_rho0p708588,0.15936592722600282,9.01774940492808e-07,0.159366033147208,1.771832022939279e-07,ok,/home/elads/STAR/full_grid_solar_opacity/runs/T38246p9_rho0p708588/fac-opacity-cowan-state/starout.h5
38246.88441157474,1.0182959482819007,fac-opacity-cowan-state,T38246p9_rho1p0183,0.15936590275473794,1.2951827212176826e-06,0.15936605460102737,2.538591221467786e-07,ok,/home/elads/STAR/full_grid_solar_opacity/runs/T38246p9_rho1p0183/fac-opacity-cowan-state/starout.h5
38246.88441157474,1.4633706173946401,fac-opacity-cowan-state,T38246p9_rho1p46337,0.15936586554880183,1.8604215238589753e-06,0.159366083227156,3.636624348887089e-07,ok,/home/elads/STAR/full_grid_solar_opacity/runs/T38246p9_rho1p46337/fac-opacity-cowan-state/starout.h5
38246.88441157474,2.1029775945461404,fac-opacity-cowan-state,T38246p9_rho2p10298,0.15936581086838067,2.6725852400621132e-06,0.15936612289234492,5.208450383008527e-07,ok,/home/elads/STAR/full_grid_solar_opacity/runs/T38246p9_rho2p10298/fac-opacity-cowan-state/starout.h5
38246.88441157474,3.0221426551783854,fac-opacity-cowan-state,T38246p9_rho3p02214,0.15936572785860026,3.839598163182528e-06,0.1593661750593621,7.457562684487534e-07,ok,/home/elads/STAR/full_grid_solar_opacity/runs/T38246p9_rho3p02214/fac-opacity-cowan-state/starout.h5
38246.88441157474,4.343054463316713,fac-opacity-cowan-state,T38246p9_rho4p34305,0.15936560821178483,5.51654255375529e-06,0.15936624902802562,1.0674116781069423e-06,ok,/home/elads/STAR/full_grid_solar_opacity/runs/T38246p9_rho4p34305/fac-opacity-cowan-state/starout.h5
38246.88441157474,6.241307649397467,fac-opacity-cowan-state,T38246p9_rho6p24131,0.15936547323745512,7.926242581930317e-06,0.15936639125731364,1.5271373803198841e-06,ok,/home/elads/STAR/full_grid_solar_opacity/runs/T38246p9_rho6p24131/fac-opacity-cowan-state/starout.h5
38246.88441157474,8.969245378672715,fac-opacity-cowan-state,T38246p9_rho8p96925,0.1593652193642781,1.1388824562059572e-05,0.15936653407189005,2.183725325151172e-06,ok,/home/elads/STAR/full_grid_solar_opacity/runs/T38246p9_rho8p96925/fac-opacity-cowan-state/starout.h5
38246.88441157474,12.889504440725364,fac-opacity-cowan-state,T38246p9_rho12p8895,0.15936484969760492,1.636422569147588e-05,0.15936673176817523,3.1207095889967537e-06,ok,/home/elads/STAR/full_grid_solar_opacity/runs/T38246p9_rho12p8895/fac-opacity-cowan-state/starout.h5
38246.88441157474,18.52322215674118,fac-opacity-cowan-state,T38246p9_rho18p5232,0.1593643195775632,2.3513142532955728e-05,0.15936701261240424,4.456593428654712e-06,ok,/home/elads/STAR/full_grid_solar_opacity/runs/T38246p9_rho18p5232/fac-opacity-cowan-state/starout.h5
38246.88441157474,26.61931346126126,fac-opacity-cowan-state,T38246p9_rho26p6193,0.15936360037450992,3.3784592014912327e-05,0.15936745175329411,6.359214302918599e-06,ok,/home/elads/STAR/full_grid_solar_opacity/runs/T38246p9_rho26p6193/fac-opacity-cowan-state/starout.h5
38246.88441157474,38.254027466328665,fac-opacity-cowan-state,T38246p9_rho38p254,0.1593625020298777,4.85413048867414e-05,0.15936800660591222,9.065795250407724e-06,ok,/home/elads/STAR/full_grid_solar_opacity/runs/T38246p9_rho38p254/fac-opacity-cowan-state/starout.h5
38246.88441157474,54.97401800103719,fac-opacity-cowan-state,T38246p9_rho54p974,0.15936094968366146,6.973990994357867e-05,0.1593688116052768,1.2910960079163641e-05,ok,/home/elads/STAR/full_grid_solar_opacity/runs/T38246p9_rho54p974/fac-opacity-cowan-state/starout.h5
38246.88441157474,79.0019471240894,fac-opacity-cowan-state,T38246p9_rho79p0019,0.1593586895880256,0.0001001885167466735,0.15936990951374413,1.8365518164021457e-05,ok,/home/elads/STAR/full_grid_solar_opacity/runs/T38246p9_rho79p0019/fac-opacity-cowan-state/starout.h5
38246.88441157474,113.53195339077567,fac-opacity-cowan-state,T38246p9_rho113p532,0.15935544850558162,0.00014391559104898685,0.1593714463924778,2.6090084455411342e-05,ok,/home/elads/STAR/full_grid_solar_opacity/runs/T38246p9_rho113p532/fac-opacity-cowan-state/starout.h5
38246.88441157474,163.15426277379785,fac-opacity-cowan-state,T38246p9_rho163p154,0.1593508051908838,0.0002066964106796835,0.1593735926285767,3.7008632474312895e-05,ok,/home/elads/STAR/full_grid_solar_opacity/runs/T38246p9_rho163p154/fac-opacity-cowan-state/starout.h5
38246.88441157474,234.46538763970608,fac-opacity-cowan-state,T38246p9_rho234p465,0.15934415303316024,0.00029680342884482423,0.15937657434950397,5.240884633483221e-05,ok,/home/elads/STAR/full_grid_solar_opacity/runs/T38246p9_rho234p465/fac-opacity-cowan-state/starout.h5
38246.88441157474,336.94503022121665,fac-opacity-cowan-state,T38246p9_rho336p945,0.15933461985536437,0.0004260713689653394,0.15938068806280153,7.407780362560666e-05,ok,/home/elads/STAR/full_grid_solar_opacity/runs/T38246p9_rho336p945/fac-opacity-cowan-state/starout.h5
38246.88441157474,484.21626123015125,fac-opacity-cowan-state,T38246p9_rho484p216,0.1593209870800189,0.0006114026602506142,0.1593863497908344,0.0001044837673706783,ok,/home/elads/STAR/full_grid_solar_opacity/runs/T38246p9_rho484p216/fac-opacity-cowan-state/starout.h5
38246.88441157474,695.8564947100452,fac-opacity-cowan-state,T38246p9_rho695p856,0.15930154786187498,0.0008768843296475552,0.15939413000022987,0.00014701723237931028,ok,/home/elads/STAR/full_grid_solar_opacity/runs/T38246p9_rho695p856/fac-opacity-cowan-state/starout.h5
38246.88441157474,1000.0,fac-opacity-cowan-state,T38246p9_rho1000,0.15927388280593063,0.0012567223029784737,0.1594047662012856,0.00020630419684890977,ok,/home/elads/STAR/full_grid_solar_opacity/runs/T38246p9_rho1000/fac-opacity-cowan-state/starout.h5
42105.27003763916,1e-17,fac-opacity-cowan-state,T42105p3_rho1em17,0.16379480048582779,9.07162782070991e-24,0.16379480048582779,1.746658120605341e-24,ok,/home/elads/STAR/full_grid_solar_opacity/runs/T42105p3_rho1em17/fac-opacity-cowan-state/starout.h5
42105.27003763916,1.4370779141993746e-17,fac-opacity-cowan-state,T42105p3_rho1p43708em17,0.16379480048582767,1.3030350633501295e-23,0.16379480048582767,2.508923533360794e-24,ok,/home/elads/STAR/full_grid_solar_opacity/runs/T42105p3_rho1p43708em17/fac-opacity-cowan-state/starout.h5
42105.27003763916,2.065192931479625e-17,fac-opacity-cowan-state,T42105p3_rho2p06519em17,0.16379480048582767,1.8719345438796287e-23,0.16379480048582767,3.604358633509853e-24,ok,/home/elads/STAR/full_grid_solar_opacity/runs/T42105p3_rho2p06519em17/fac-opacity-cowan-state/starout.h5
42105.27003763916,2.9678431503900313e-17,fac-opacity-cowan-state,T42105p3_rho2p96784em17,0.16379480048582787,2.689539619898781e-23,0.16379480048582787,5.178677636550407e-24,ok,/home/elads/STAR/full_grid_solar_opacity/runs/T42105p3_rho2p96784em17/fac-opacity-cowan-state/starout.h5
42105.27003763916,4.2650218442334076e-17,fac-opacity-cowan-state,T42105p3_rho4p26502em17,0.16379480048582806,3.864574841481595e-23,0.16379480048582806,7.441227374774551e-24,ok,/home/elads/STAR/full_grid_solar_opacity/runs/T42105p3_rho4p26502em17/fac-opacity-cowan-state/starout.h5
42105.27003763916,6.129168695925715e-17,fac-opacity-cowan-state,T42105p3_rho6p12917em17,0.1637948004858276,5.553446018846218e-23,0.1637948004858276,1.0693160110348557e-23,ok,/home/elads/STAR/full_grid_solar_opacity/runs/T42105p3_rho6p12917em17/fac-opacity-cowan-state/starout.h5
42105.27003763916,8.808092965317026e-17,fac-opacity-cowan-state,T42105p3_rho8p80809em17,0.16379480048582787,7.980734512259306e-23,0.16379480048582784,1.5366904058888943e-23,ok,/home/elads/STAR/full_grid_solar_opacity/runs/T42105p3_rho8p80809em17/fac-opacity-cowan-state/starout.h5
42105.27003763916,1.2657915866672028e-16,fac-opacity-cowan-state,T42105p3_rho1p26579em16,0.16379480048582853,1.1468937201828705e-22,0.16379480048582853,2.2083438236425582e-23,ok,/home/elads/STAR/full_grid_solar_opacity/runs/T42105p3_rho1p26579em16/fac-opacity-cowan-state/starout.h5
42105.27003763916,1.819041133178821e-16,fac-opacity-cowan-state,T42105p3_rho1p81904em16,0.16379480048582795,1.648175614669985e-22,0.16379480048582795,3.173562095269594e-23,ok,/home/elads/STAR/full_grid_solar_opacity/runs/T42105p3_rho1p81904em16/fac-opacity-cowan-state/starout.h5
42105.27003763916,2.6141038375114865e-16,fac-opacity-cowan-state,T42105p3_rho2p6141em16,0.16379480048582826,2.3685567355780406e-22,0.16379480048582823,4.5606559266645617e-23,ok,/home/elads/STAR/full_grid_solar_opacity/runs/T42105p3_rho2p6141em16/fac-opacity-cowan-state/starout.h5
42105.27003763916,3.7566708903116036e-16,fac-opacity-cowan-state,T42105p3_rho3p75667em16,0.1637948004858653,3.403800521846255e-22,0.16379480048586526,6.55401781875073e-23,ok,/home/elads/STAR/full_grid_solar_opacity/runs/T42105p3_rho3p75667em16/fac-opacity-cowan-state/starout.h5
42105.27003763916,5.398628767382507e-16,fac-opacity-cowan-state,T42105p3_rho5p39863em16,0.16379480048580433,4.891526452524945e-22,0.16379480048580433,9.418634013310024e-23,ok,/home/elads/STAR/full_grid_solar_opacity/runs/T42105p3_rho5p39863em16/fac-opacity-cowan-state/starout.h5
42105.27003763916,7.758250168566793e-16,fac-opacity-cowan-state,T42105p3_rho7p75825em16,0.16379480048582779,7.029504489290839e-22,0.16379480048582776,1.3535310648922207e-22,ok,/home/elads/STAR/full_grid_solar_opacity/runs/T42105p3_rho7p75825em16/fac-opacity-cowan-state/starout.h5
42105.27003763916,1.1149209970080914e-15,fac-opacity-cowan-state,T42105p3_rho1p11492em15,0.16379480048582798,1.0101945385638092e-21,0.16379480048582798,1.9451295500601947e-22,ok,/home/elads/STAR/full_grid_solar_opacity/runs/T42105p3_rho1p11492em15/fac-opacity-cowan-state/starout.h5
42105.27003763916,1.6022283408774753e-15,fac-opacity-cowan-state,T42105p3_rho1p60223em15,0.16379480048582812,1.4517282158693169e-21,0.16379480048582812,2.7953026322263173e-22,ok,/home/elads/STAR/full_grid_solar_opacity/runs/T42105p3_rho1p60223em15/fac-opacity-cowan-state/starout.h5
42105.27003763916,2.3025269621793266e-15,fac-opacity-cowan-state,T42105p3_rho2p30253em15,0.16379480048582729,2.0862464798933e-21,0.16379480048582729,4.01706753261367e-22,ok,/home/elads/STAR/full_grid_solar_opacity/runs/T42105p3_rho2p30253em15/fac-opacity-cowan-state/starout.h5
42105.27003763916,3.308910644196489e-15,fac-opacity-cowan-state,T42105p3_rho3p30891em15,0.16379480048582779,2.998098616947423e-21,0.16379480048582776,5.772838811671878e-22,ok,/home/elads/STAR/full_grid_solar_opacity/runs/T42105p3_rho3p30891em15/fac-opacity-cowan-state/starout.h5
42105.27003763916,4.755162406834019e-15,fac-opacity-cowan-state,T42105p3_rho4p75516em15,0.16379480048582817,4.308501048175064e-21,0.16379480048582817,8.296018673319663e-22,ok,/home/elads/STAR/full_grid_solar_opacity/runs/T42105p3_rho4p75516em15/fac-opacity-cowan-state/starout.h5
42105.27003763916,6.8335388732923106e-15,fac-opacity-cowan-state,T42105p3_rho6p83354em15,0.16379480048582812,6.191651319665504e-21,0.16379480048582812,1.1922024496661204e-21,ok,/home/elads/STAR/full_grid_solar_opacity/runs/T42105p3_rho6p83354em15/fac-opacity-cowan-state/starout.h5
42105.27003763916,9.820327790631256e-15,fac-opacity-cowan-state,T42105p3_rho9p82033em15,0.1637948004858279,8.89788465746224e-21,0.16379480048582787,1.7132876803925212e-21,ok,/home/elads/STAR/full_grid_solar_opacity/runs/T42105p3_rho9p82033em15/fac-opacity-cowan-state/starout.h5
42105.27003763916,1.4112576178114521e-14,fac-opacity-cowan-state,T42105p3_rho1p41126em14,0.16379480048581063,1.2786952349419061e-20,0.1637948004858107,2.4621276678094757e-21,ok,/home/elads/STAR/full_grid_solar_opacity/runs/T42105p3_rho1p41126em14/fac-opacity-cowan-state/starout.h5
42105.27003763916,2.0280871538024598e-14,fac-opacity-cowan-state,T42105p3_rho2p02809em14,0.16379480048582795,1.837584487702939e-20,0.16379480048582795,3.5382689312402584e-21,ok,/home/elads/STAR/full_grid_solar_opacity/runs/T42105p3_rho2p02809em14/fac-opacity-cowan-state/starout.h5
42105.27003763916,2.914519256800997e-14,fac-opacity-cowan-state,T42105p3_rho2p91452em14,0.16379480048582823,2.640751761160709e-20,0.16379480048582817,5.084767532080221e-21,ok,/home/elads/STAR/full_grid_solar_opacity/runs/T42105p3_rho2p91452em14/fac-opacity-cowan-state/starout.h5
42105.27003763916,4.188391254457488e-14,fac-opacity-cowan-state,T42105p3_rho4p18839em14,0.1637948004855224,3.7949654796106597e-20,0.1637948004855224,7.307206085749885e-21,ok,/home/elads/STAR/full_grid_solar_opacity/runs/T42105p3_rho4p18839em14/fac-opacity-cowan-state/starout.h5
42105.27003763916,6.019044567806669e-14,fac-opacity-cowan-state,T42105p3_rho6p01904em14,0.16379480048582806,5.453660123074405e-20,0.1637948004858281,1.0501022692875823e-20,ok,/home/elads/STAR/full_grid_solar_opacity/runs/T42105p3_rho6p01904em14/fac-opacity-cowan-state/starout.h5
42105.27003763916,8.649836012976684e-14,fac-opacity-cowan-state,T42105p3_rho8p64984em14,0.16379480048582812,7.837332989808804e-20,0.16379480048582815,1.509078496302782e-20,ok,/home/elads/STAR/full_grid_solar_opacity/runs/T42105p3_rho8p64984em14/fac-opacity-cowan-state/starout.h5
42105.27003763916,1.2430488295695167e-13,fac-opacity-cowan-state,T42105p3_rho1p24305em13,0.16379480048582837,1.126285558468233e-19,0.16379480048582842,2.1686628933497884e-20,ok,/home/elads/STAR/full_grid_solar_opacity/runs/T42105p3_rho1p24305em13/fac-opacity-cowan-state/starout.h5
42105.27003763916,1.7863580192457348e-13,fac-opacity-cowan-state,T42105p3_rho1p78636em13,0.16379480048573652,1.6185596974367867e-19,0.16379480048573652,3.116536808797308e-20,ok,/home/elads/STAR/full_grid_solar_opacity/runs/T42105p3_rho1p78636em13/fac-opacity-cowan-state/starout.h5
42105.27003763916,2.567135656310987e-13,fac-opacity-cowan-state,T42105p3_rho2p56714em13,0.1637948004858683,2.32599575078027e-19,0.16379480048586828,4.478705024437215e-20,ok,/home/elads/STAR/full_grid_solar_opacity/runs/T42105p3_rho2p56714em13/fac-opacity-cowan-state/starout.h5
42105.27003763916,3.6891739544382357e-13,fac-opacity-cowan-state,T42105p3_rho3p68917em13,0.16379480048550657,3.3426361409656175e-19,0.16379480048550657,6.43624623184846e-20,ok,/home/elads/STAR/full_grid_solar_opacity/runs/T42105p3_rho3p68917em13/fac-opacity-cowan-state/starout.h5
42105.27003763916,5.301630411562758e-13,fac-opacity-cowan-state,T42105p3_rho5p30163em13,0.16379480048582531,4.803627229299177e-19,0.1637948004858253,9.249384817811116e-20,ok,/home/elads/STAR/full_grid_solar_opacity/runs/T42105p3_rho5p30163em13/fac-opacity-cowan-state/starout.h5
42105.27003763916,7.618855973704612e-13,fac-opacity-cowan-state,T42105p3_rho7p61886em13,0.16379480048581613,6.903184887883107e-19,0.16379480048581613,1.3292083438589101e-19,ok,/home/elads/STAR/full_grid_solar_opacity/runs/T42105p3_rho7p61886em13/fac-opacity-cowan-state/starout.h5
42105.27003763916,1.0948889651276868e-12,fac-opacity-cowan-state,T42105p3_rho1p09489em12,0.16379480048582717,9.92041285682876e-19,0.1637948004858272,1.9101756447979263e-19,ok,/home/elads/STAR/full_grid_solar_opacity/runs/T42105p3_rho1p09489em12/fac-opacity-cowan-state/starout.h5
42105.27003763916,1.5734407502856082e-12,fac-opacity-cowan-state,T42105p3_rho1p57344em12,0.16379480048582842,1.42564056625719e-18,0.16379480048582845,2.745071133136403e-19,ok,/home/elads/STAR/full_grid_solar_opacity/runs/T42105p3_rho1p57344em12/fac-opacity-cowan-state/starout.h5
42105.27003763916,2.26115695153675e-12,fac-opacity-cowan-state,T42105p3_rho2p26116em12,0.16379480048582679,2.0487569040188634e-18,0.16379480048582679,3.944881734111694e-19,ok,/home/elads/STAR/full_grid_solar_opacity/runs/T42105p3_rho2p26116em12/fac-opacity-cowan-state/starout.h5
42105.27003763916,3.249458715591849e-12,fac-opacity-cowan-state,T42105p3_rho3p24946em12,0.16379480048582618,2.9442246779057307e-18,0.16379480048582618,5.669105005512795e-19,ok,/home/elads/STAR/full_grid_solar_opacity/runs/T42105p3_rho3p24946em12/fac-opacity-cowan-state/starout.h5
42105.27003763916,4.669725353279713e-12,fac-opacity-cowan-state,T42105p3_rho4p66973em12,0.16379480048582531,4.231083957547267e-18,0.1637948004858253,8.146952502159765e-19,ok,/home/elads/STAR/full_grid_solar_opacity/runs/T42105p3_rho4p66973em12/fac-opacity-cowan-state/starout.h5
42105.27003763916,6.710759170575148e-12,fac-opacity-cowan-state,T42105p3_rho6p71076em12,0.16379480048582432,6.080405609474728e-18,0.16379480048582426,1.1707820984433861e-18,ok,/home/elads/STAR/full_grid_solar_opacity/runs/T42105p3_rho6p71076em12/fac-opacity-cowan-state/starout.h5
42105.27003763916,9.64388379154446e-12,fac-opacity-cowan-state,T42105p3_rho9p64388em12,0.1637948004858226,8.738033085066643e-18,0.1637948004858226,1.6825081692007565e-18,ok,/home/elads/STAR/full_grid_solar_opacity/runs/T42105p3_rho9p64388em12/fac-opacity-cowan-state/starout.h5
42105.27003763916,1.3859012403933867e-11,fac-opacity-cowan-state,T42105p3_rho1p3859em11,0.16379480048581968,1.2557263778006507e-17,0.16379480048581974,2.417900815415866e-18,ok,/home/elads/STAR/full_grid_solar_opacity/runs/T42105p3_rho1p3859em11/fac-opacity-cowan-state/starout.h5
42105.27003763916,1.9916480638308542e-11,fac-opacity-cowan-state,T42105p3_rho1p99165em11,0.16379480048581796,1.8045812670127112e-17,0.16379480048581796,3.4747204866300854e-18,ok,/home/elads/STAR/full_grid_solar_opacity/runs/T42105p3_rho1p99165em11/fac-opacity-cowan-state/starout.h5
42105.27003763916,2.8621534453892672e-11,fac-opacity-cowan-state,T42105p3_rho2p86215em11,0.1637948004858106,2.593329992303167e-17,0.1637948004858106,4.993455448822363e-18,ok,/home/elads/STAR/full_grid_solar_opacity/runs/T42105p3_rho2p86215em11/fac-opacity-cowan-state/starout.h5
42105.27003763916,4.1131375034185614e-11,fac-opacity-cowan-state,T42105p3_rho4p11314em11,0.16379480048577552,3.726823096655221e-17,0.16379480048577552,7.175995452410605e-18,ok,/home/elads/STAR/full_grid_solar_opacity/runs/T42105p3_rho4p11314em11/fac-opacity-cowan-state/starout.h5
42105.27003763916,5.910899064227969e-11,fac-opacity-cowan-state,T42105p3_rho5p9109em11,0.16379480048579073,5.355737030758887e-17,0.16379480048579073,1.0312468067461431e-17,ok,/home/elads/STAR/full_grid_solar_opacity/runs/T42105p3_rho5p9109em11/fac-opacity-cowan-state/starout.h5
42105.27003763916,8.4944224982638e-11,fac-opacity-cowan-state,T42105p3_rho8p49442em11,0.16379480048577627,7.696605705163331e-17,0.16379480048577627,1.481980936492667e-17,ok,/home/elads/STAR/full_grid_solar_opacity/runs/T42105p3_rho8p49442em11/fac-opacity-cowan-state/starout.h5
42105.27003763916,1.2207146966133182e-10,fac-opacity-cowan-state,T42105p3_rho1p22071em10,0.16379480048587886,1.1060611250818766e-16,0.16379480048587883,2.1297200284749483e-17,ok,/home/elads/STAR/full_grid_solar_opacity/runs/T42105p3_rho1p22071em10/fac-opacity-cowan-state/starout.h5
42105.27003763916,1.7542621300415897e-10,fac-opacity-cowan-state,T42105p3_rho1p75426em10,0.16379480048573478,1.5894956601476062e-16,0.1637948004857348,3.0605728456955644e-17,ok,/home/elads/STAR/full_grid_solar_opacity/runs/T42105p3_rho1p75426em10/fac-opacity-cowan-state/starout.h5
42105.27003763916,2.52101136279913e-10,fac-opacity-cowan-state,T42105p3_rho2p52101em10,0.16379480048546674,2.2842310744948594e-16,0.1637948004854668,4.3982850502889466e-17,ok,/home/elads/STAR/full_grid_solar_opacity/runs/T42105p3_rho2p52101em10/fac-opacity-cowan-state/starout.h5
42105.27003763916,3.6228897509242966e-10,fac-opacity-cowan-state,T42105p3_rho3p62289em10,0.1637948004856118,3.282623449745074e-16,0.16379480048561182,6.320687798655496e-17,ok,/home/elads/STAR/full_grid_solar_opacity/runs/T42105p3_rho3p62289em10/fac-opacity-cowan-state/starout.h5
42105.27003763916,5.20637484663258e-10,fac-opacity-cowan-state,T42105p3_rho5p20637em10,0.16379480048551703,4.71739899568431e-16,0.16379480048551706,9.083344143953319e-17,ok,/home/elads/STAR/full_grid_solar_opacity/runs/T42105p3_rho5p20637em10/fac-opacity-cowan-state/starout.h5
42105.27003763916,7.481966305138837e-10,fac-opacity-cowan-state,T42105p3_rho7p48197em10,0.16379480048536266,6.779316621202829e-16,0.16379480048536274,1.305355556539609e-16,ok,/home/elads/STAR/full_grid_solar_opacity/runs/T42105p3_rho7p48197em10/fac-opacity-cowan-state/starout.h5
42105.27003763916,1.0752168531898921e-09,fac-opacity-cowan-state,T42105p3_rho1p07522em09,0.16379480048519116,9.742530968388405e-16,0.16379480048519127,1.87591969277828e-16,ok,/home/elads/STAR/full_grid_solar_opacity/runs/T42105p3_rho1p07522em09/fac-opacity-cowan-state/starout.h5
42105.27003763916,1.5451703926941453e-09,fac-opacity-cowan-state,T42105p3_rho1p54517em09,0.1637948004849156,1.4000890745729158e-15,0.1637948004849157,2.69586271189182e-16,ok,/home/elads/STAR/full_grid_solar_opacity/runs/T42105p3_rho1p54517em09/fac-opacity-cowan-state/starout.h5
42105.27003763916,2.220530245015531e-09,fac-opacity-cowan-state,T42105p3_rho2p22053em09,0.16379480048452688,2.0120335197151516e-15,0.1637948004845271,3.8741571852735887e-16,ok,/home/elads/STAR/full_grid_solar_opacity/runs/T42105p3_rho2p22053em09/fac-opacity-cowan-state/starout.h5
42105.27003763916,3.1910749729235452e-09,fac-opacity-cowan-state,T42105p3_rho3p19107em09,0.16379480048397402,2.891440652432619e-15,0.16379480048397438,5.567448292066144e-16,ok,/home/elads/STAR/full_grid_solar_opacity/runs/T42105p3_rho3p19107em09/fac-opacity-cowan-state/starout.h5
42105.27003763916,4.585823366142813e-09,fac-opacity-cowan-state,T42105p3_rho4p58582em09,0.16379480048319678,4.1552164501981275e-15,0.16379480048319725,8.00083563763558e-16,ok,/home/elads/STAR/full_grid_solar_opacity/runs/T42105p3_rho4p58582em09/fac-opacity-cowan-state/starout.h5
42105.27003763916,6.590185477903269e-09,fac-opacity-cowan-state,T42105p3_rho6p59019em09,0.16379480048203904,5.97137366050871e-15,0.16379480048203968,1.149782286385024e-15,ok,/home/elads/STAR/full_grid_solar_opacity/runs/T42105p3_rho6p59019em09/fac-opacity-cowan-state/starout.h5
42105.27003763916,9.470610000772238e-09,fac-opacity-cowan-state,T42105p3_rho9p47061em09,0.16379480048053136,8.5813505419175e-15,0.16379480048053227,1.6523291855034843e-15,ok,/home/elads/STAR/full_grid_solar_opacity/runs/T42105p3_rho9p47061em09/fac-opacity-cowan-state/starout.h5
42105.27003763916,1.3610004466105506e-08,fac-opacity-cowan-state,T42105p3_rho1p361em08,0.15114196855197742,1.2342680758607998e-14,0.15114196855197884,2.375593774891444e-15,ok,/home/elads/STAR/full_grid_solar_opacity/runs/T42105p3_rho1p361em08/fac-opacity-cowan-state/starout.h5
42105.27003763916,1.9558636830395073e-08,fac-opacity-cowan-state,T42105p3_rho1p95586em08,0.151141968549417,1.771807641150777e-14,0.15114196854941894,3.4119847018143412e-15,ok,/home/elads/STAR/full_grid_solar_opacity/runs/T42105p3_rho1p95586em08/fac-opacity-cowan-state/starout.h5
42105.27003763916,2.810728502080722e-08,fac-opacity-cowan-state,T42105p3_rho2p81073em08,0.15114196854604572,2.547110940894346e-14,0.15114196854604858,4.9041651928221785e-15,ok,/home/elads/STAR/full_grid_solar_opacity/runs/T42105p3_rho2p81073em08/fac-opacity-cowan-state/starout.h5
42105.27003763916,4.039235853150913e-08,fac-opacity-cowan-state,T42105p3_rho4p03924em08,0.15114196854163128,3.657912985557197e-14,0.15114196854163542,7.045176466572092e-15,ok,/home/elads/STAR/full_grid_solar_opacity/runs/T42105p3_rho4p03924em08/fac-opacity-cowan-state/starout.h5
42105.27003763916,5.804696634805446e-08,fac-opacity-cowan-state,T42105p3_rho5p8047em08,0.1511419685361205,5.2607650129952865e-14,0.1511419685361264,1.0128436634286022e-14,ok,/home/elads/STAR/full_grid_solar_opacity/runs/T42105p3_rho5p8047em08/fac-opacity-cowan-state/starout.h5
42105.27003763916,8.341801332506338e-08,fac-opacity-cowan-state,T42105p3_rho8p3418em08,0.1511419685290785,7.557742120689891e-14,0.15114196852908698,1.455281536435715e-14,ok,/home/elads/STAR/full_grid_solar_opacity/runs/T42105p3_rho8p3418em08/fac-opacity-cowan-state/starout.h5
42105.27003763916,1.1987818459583772e-07,fac-opacity-cowan-state,T42105p3_rho1p19878em07,0.151141968520447,1.0861926098968681e-13,0.15114196852045908,2.091416938906306e-14,ok,/home/elads/STAR/full_grid_solar_opacity/runs/T42105p3_rho1p19878em07/fac-opacity-cowan-state/starout.h5
42105.27003763916,1.7227429147699408e-07,fac-opacity-cowan-state,T42105p3_rho1p72274em07,0.1511419685098441,1.5607789431107104e-13,0.1511419685098617,3.005344098562488e-14,ok,/home/elads/STAR/full_grid_solar_opacity/runs/T42105p3_rho1p72274em07/fac-opacity-cowan-state/starout.h5
42105.27003763916,2.4757157946593376e-07,fac-opacity-cowan-state,T42105p3_rho2p47572em07,0.15114196849690004,2.2428833387061488e-13,0.15114196849692535,4.3187858120647766e-14,ok,/home/elads/STAR/full_grid_solar_opacity/runs/T42105p3_rho2p47572em07/fac-opacity-cowan-state/starout.h5
42105.27003763916,3.557796490339488e-07,fac-opacity-cowan-state,T42105p3_rho3p5578em07,0.15114196848160236,3.2232190608098416e-13,0.15114196848163838,6.206411664034502e-14,ok,/home/elads/STAR/full_grid_solar_opacity/runs/T42105p3_rho3p5578em07/fac-opacity-cowan-state/starout.h5
42105.27003763916,5.112830759482948e-07,fac-opacity-cowan-state,T42105p3_rho5p11283em07,0.15114196846280376,4.6319144156848e-13,0.15114196846285563,8.918783081031561e-14,ok,/home/elads/STAR/full_grid_solar_opacity/runs/T42105p3_rho5p11283em07/fac-opacity-cowan-state/starout.h5
42105.27003763916,7.347536163492159e-07,fac-opacity-cowan-state,T42105p3_rho7p34754em07,0.15114196844020072,6.656283414526606e-13,0.15114196844027547,1.2816746113811992e-13,ok,/home/elads/STAR/full_grid_solar_opacity/runs/T42105p3_rho7p34754em07/fac-opacity-cowan-state/starout.h5
42105.27003763916,1.0558981944335787e-06,fac-opacity-cowan-state,T42105p3_rho1p0559em06,0.15114196841308014,9.565563130030316e-13,0.15114196841318703,1.8418062528647214e-13,ok,/home/elads/STAR/full_grid_solar_opacity/runs/T42105p3_rho1p0559em06/fac-opacity-cowan-state/starout.h5
42105.27003763916,1.517407974863493e-06,fac-opacity-cowan-state,T42105p3_rho1p51741em06,0.15114196838062754,1.3747775299940237e-12,0.15114196838078156,2.6468958822084e-13,ok,/home/elads/STAR/full_grid_solar_opacity/runs/T42105p3_rho1p51741em06/fac-opacity-cowan-state/starout.h5
42105.27003763916,2.1806334875063253e-06,fac-opacity-cowan-state,T42105p3_rho2p18063em06,0.1511419683415856,1.9755887064400996e-12,0.15114196834180696,3.80383461618571e-13,ok,/home/elads/STAR/full_grid_solar_opacity/runs/T42105p3_rho2p18063em06/fac-opacity-cowan-state/starout.h5
42105.27003763916,3.1337402238588983e-06,fac-opacity-cowan-state,T42105p3_rho3p13374em06,0.15114196829587448,2.839183476743988e-12,0.15114196829619275,5.466347505515677e-13,ok,/home/elads/STAR/full_grid_solar_opacity/runs/T42105p3_rho3p13374em06/fac-opacity-cowan-state/starout.h5
42105.27003763916,4.503428864545845e-06,fac-opacity-cowan-state,T42105p3_rho4p50343em06,0.15114196824071308,4.080109924461072e-12,0.15114196824116935,7.855540473783697e-13,ok,/home/elads/STAR/full_grid_solar_opacity/runs/T42105p3_rho4p50343em06/fac-opacity-cowan-state/starout.h5
42105.27003763916,6.471778159406801e-06,fac-opacity-cowan-state,T42105p3_rho6p47178em06,0.15114196817507128,5.863695032205764e-12,0.15114196817572673,1.128937114621925e-12,ok,/home/elads/STAR/full_grid_solar_opacity/runs/T42105p3_rho6p47178em06/fac-opacity-cowan-state/starout.h5
42105.27003763916,9.300449458481393e-06,fac-opacity-cowan-state,T42105p3_rho9p30045em06,0.15114196809581207,8.426780162347205e-12,0.15114196809675512,1.6223835938846907e-12,ok,/home/elads/STAR/full_grid_solar_opacity/runs/T42105p3_rho9p30045em06/fac-opacity-cowan-state/starout.h5
42105.27003763916,1.3365470508911143e-05,fac-opacity-cowan-state,T42105p3_rho1p33655em05,0.1511419680068386,1.2109360619613622e-11,0.151141968008194,2.3313370067443137e-12,ok,/home/elads/STAR/full_grid_solar_opacity/runs/T42105p3_rho1p33655em05/fac-opacity-cowan-state/starout.h5
42105.27003763916,1.920722248123928e-05,fac-opacity-cowan-state,T42105p3_rho1p92072em05,0.15114196789355153,1.7401025657461226e-11,0.15114196789549922,3.3500486846255654e-12,ok,/home/elads/STAR/full_grid_solar_opacity/runs/T42105p3_rho1p92072em05/fac-opacity-cowan-state/starout.h5
42105.27003763916,2.760227522090268e-05,fac-opacity-cowan-state,T42105p3_rho2p76023em05,0.15114196776974373,2.5007340124638633e-11,0.15114196777254132,4.814272520182427e-12,ok,/home/elads/STAR/full_grid_solar_opacity/runs/T42105p3_rho2p76023em05/fac-opacity-cowan-state/starout.h5
42105.27003763916,3.966662010161191e-05,fac-opacity-cowan-state,T42105p3_rho3p96666em05,0.1511419676074493,3.593813790795978e-11,0.15114196761147045,6.91838344069133e-12,ok,/home/elads/STAR/full_grid_solar_opacity/runs/T42105p3_rho3p96666em05/fac-opacity-cowan-state/starout.h5
42105.27003763916,5.7004023678963655e-05,fac-opacity-cowan-state,T42105p3_rho5p7004em05,0.15114196741604946,5.1644685180143864e-11,0.15114196742182714,9.941660921111004e-12,ok,/home/elads/STAR/full_grid_solar_opacity/runs/T42105p3_rho5p7004em05/fac-opacity-cowan-state/starout.h5
42105.27003763916,8.191922344953684e-05,fac-opacity-cowan-state,T42105p3_rho8p19192em05,0.15114196778856748,7.49267419240928e-11,0.15114196779699207,1.4469807756612438e-11,ok,/home/elads/STAR/full_grid_solar_opacity/runs/T42105p3_rho8p19192em05/fac-opacity-cowan-state/starout.h5
42105.27003763916,0.00011772430676769293,fac-opacity-cowan-state,T42105p3_rho0p000117724,0.15114196636373425,1.0774760612042918e-10,0.15114196637585356,2.081283499688651e-11,ok,/home/elads/STAR/full_grid_solar_opacity/runs/T42105p3_rho0p000117724/fac-opacity-cowan-state/starout.h5
42105.27003763916,0.00016917900122028344,fac-opacity-cowan-state,T42105p3_rho0p000169179,0.15114196954723091,1.5480915119320415e-10,0.15114196956464168,2.990061158399588e-11,ok,/home/elads/STAR/full_grid_solar_opacity/runs/T42105p3_rho0p000169179/fac-opacity-cowan-state/starout.h5
42105.27003763916,0.0002431234061999784,fac-opacity-cowan-state,T42105p3_rho0p000243123,0.1511419652658982,2.2242620246738992e-10,0.15114196529091073,4.2955715488746335e-11,ok,/home/elads/STAR/full_grid_solar_opacity/runs/T42105p3_rho0p000243123/fac-opacity-cowan-state/starout.h5
42105.27003763916,0.0003493872774749123,fac-opacity-cowan-state,T42105p3_rho0p000349387,0.15114196357854973,3.196700826312267e-10,0.15114196361449858,6.173463135508455e-11,ok,/home/elads/STAR/full_grid_solar_opacity/runs/T42105p3_rho0p000349387/fac-opacity-cowan-state/starout.h5
42105.27003763916,0.0005020967399614471,fac-opacity-cowan-state,T42105p3_rho0p000502097,0.15114195960353768,4.592628161800248e-10,0.15114195965517402,8.867804846636947e-11,ok,/home/elads/STAR/full_grid_solar_opacity/runs/T42105p3_rho0p000502097/fac-opacity-cowan-state/starout.h5
42105.27003763916,0.0007215521357901021,fac-opacity-cowan-state,T42105p3_rho0p000721552,0.15114196032859706,6.600276225277732e-10,0.15114196040280647,1.2743610187704662e-10,ok,/home/elads/STAR/full_grid_solar_opacity/runs/T42105p3_rho0p000721552/fac-opacity-cowan-state/starout.h5
42105.27003763916,0.0010369266382873438,fac-opacity-cowan-state,T42105p3_rho0p00103693,0.15114196345239891,9.482506762822242e-10,0.15114196355899628,1.8305274822388402e-10,ok,/home/elads/STAR/full_grid_solar_opacity/runs/T42105p3_rho0p00103693/fac-opacity-cowan-state/starout.h5
42105.27003763916,0.0014901443705277455,fac-opacity-cowan-state,T42105p3_rho0p00149014,0.15114196084496306,1.3626556313081922e-09,0.15114196099813376,2.6301679875351094e-10,ok,/home/elads/STAR/full_grid_solar_opacity/runs/T42105p3_rho0p00149014/fac-opacity-cowan-state/starout.h5
42105.27003763916,0.002141453563853953,fac-opacity-cowan-state,T42105p3_rho0p00214145,0.15114196035857358,1.9579424725732547e-09,0.15114196057862647,3.7784673676672743e-10,ok,/home/elads/STAR/full_grid_solar_opacity/runs/T42105p3_rho0p00214145/fac-opacity-cowan-state/starout.h5
42105.27003763916,0.003077435620898055,fac-opacity-cowan-state,T42105p3_rho0p00307744,0.1511419606375237,2.812683711695806e-09,0.15114196095355392,5.426377321704588e-10,ok,/home/elads/STAR/full_grid_solar_opacity/runs/T42105p3_rho0p00307744/fac-opacity-cowan-state/starout.h5
42105.27003763916,0.004422514763163053,fac-opacity-cowan-state,T42105p3_rho0p00442251,0.15114196615976996,4.039759149170918e-09,0.15114196661348955,7.790644570375152e-10,ok,/home/elads/STAR/full_grid_solar_opacity/runs/T42105p3_rho0p00442251/fac-opacity-cowan-state/starout.h5
42105.27003763916,0.006355498291362301,fac-opacity-cowan-state,T42105p3_rho0p0063555,0.15114196469731533,5.80465802841394e-09,0.1511419653491408,1.1191283731338009e-09,ok,/home/elads/STAR/full_grid_solar_opacity/runs/T42105p3_rho0p0063555/fac-opacity-cowan-state/starout.h5
42105.27003763916,0.009133346228248624,fac-opacity-cowan-state,T42105p3_rho0p00913335,0.15114196098119803,8.340069054929853e-09,0.15114196191750237,1.6074179103378003e-09,ok,/home/elads/STAR/full_grid_solar_opacity/runs/T42105p3_rho0p00913335/fac-opacity-cowan-state/starout.h5
42105.27003763916,0.01312533014735226,fac-opacity-cowan-state,T42105p3_rho0p0131253,0.15114195812840467,1.1982629916442514e-08,0.1511419594732513,2.3085650822805196e-09,ok,/home/elads/STAR/full_grid_solar_opacity/runs/T42105p3_rho0p0131253/fac-opacity-cowan-state/starout.h5
42105.27003763916,0.018862122071335155,fac-opacity-cowan-state,T42105p3_rho0p0188621,0.15114195610894435,1.7215405349857538e-08,0.1511419580404005,3.315180752001152e-09,ok,/home/elads/STAR/full_grid_solar_opacity/runs/T42105p3_rho0p0188621/fac-opacity-cowan-state/starout.h5
42105.27003763916,0.02710633904364831,fac-opacity-cowan-state,T42105p3_rho0p0271063,0.15114195461007407,2.4732432355404713e-08,0.15114195738371392,4.760151473371346e-09,ok,/home/elads/STAR/full_grid_solar_opacity/runs/T42105p3_rho0p0271063/fac-opacity-cowan-state/starout.h5
42105.27003763916,0.038953921174427183,fac-opacity-cowan-state,T42105p3_rho0p0389539,0.15114195342105466,3.552959358165409e-08,0.15114195740350783,6.833839552829745e-09,ok,/home/elads/STAR/full_grid_solar_opacity/runs/T42105p3_rho0p0389539/fac-opacity-cowan-state/starout.h5
42105.27003763916,0.0559798197912329,fac-opacity-cowan-state,T42105p3_rho0p0559798,0.15114194334117928,5.103666658923483e-08,0.1511419490582544,9.80903968450012e-09,ok,/home/elads/STAR/full_grid_solar_opacity/runs/T42105p3_rho0p0559798/fac-opacity-cowan-state/starout.h5
42105.27003763916,0.08044736266284185,fac-opacity-cowan-state,T42105p3_rho0p0804474,0.15114194215669982,7.330583808828095e-08,0.15114195036227387,1.4076484860328327e-08,ok,/home/elads/STAR/full_grid_solar_opacity/runs/T42105p3_rho0p0804474/fac-opacity-cowan-state/starout.h5
42105.27003763916,0.11560912813835741,fac-opacity-cowan-state,T42105p3_rho0p115609,0.15114194169689424,1.0528324468600839e-07,0.15114195347163506,2.0195834555809677e-08,ok,/home/elads/STAR/full_grid_solar_opacity/runs/T42105p3_rho0p115609/fac-opacity-cowan-state/starout.h5
42105.27003763916,0.1661393247274789,fac-opacity-cowan-state,T42105p3_rho0p166139,0.15114194290011584,1.5119954904278875e-07,0.15114195979305425,2.8968773452546907e-08,ok,/home/elads/STAR/full_grid_solar_opacity/runs/T42105p3_rho0p166139/fac-opacity-cowan-state/starout.h5
42105.27003763916,0.23875515424585794,fac-opacity-cowan-state,T42105p3_rho0p238755,0.15114194610222018,2.1712708208968633e-07,0.15114197033318486,4.15427744078728e-08,ok,/home/elads/STAR/full_grid_solar_opacity/runs/T42105p3_rho0p238755/fac-opacity-cowan-state/starout.h5
42105.27003763916,0.34310975906798746,fac-opacity-cowan-state,T42105p3_rho0p34311,0.15114192899613005,3.1180906091772236e-07,0.1511419637496208,5.956620299048047e-08,ok,/home/elads/STAR/full_grid_solar_opacity/runs/T42105p3_rho0p34311/fac-opacity-cowan-state/starout.h5
42105.27003763916,0.49307545690287347,fac-opacity-cowan-state,T42105p3_rho0p493075,0.15114192190777073,4.4779354090606563e-07,0.15114197174965732,8.539707269684508e-08,ok,/home/elads/STAR/full_grid_solar_opacity/runs/T42105p3_rho0p493075/fac-opacity-cowan-state/starout.h5
42105.27003763916,0.7085878491488851,fac-opacity-cowan-state,T42105p3_rho0p708588,0.15114190944102698,6.431280838250799e-07,0.1511419809202256,1.2241591551021865e-07,ok,/home/elads/STAR/full_grid_solar_opacity/runs/T42105p3_rho0p708588/fac-opacity-cowan-state/starout.h5
42105.27003763916,1.0182959482819007,fac-opacity-cowan-state,T42105p3_rho1p0183,0.15114189185609583,9.237440040292862e-07,0.15114199436267786,1.7545976488293232e-07,ok,/home/elads/STAR/full_grid_solar_opacity/runs/T42105p3_rho1p0183/fac-opacity-cowan-state/starout.h5
42105.27003763916,1.4633706173946401,fac-opacity-cowan-state,T42105p3_rho1p46337,0.15114186495850493,1.3269287570450475e-06,0.15114201195879953,2.514557539911947e-07,ok,/home/elads/STAR/full_grid_solar_opacity/runs/T42105p3_rho1p46337/fac-opacity-cowan-state/starout.h5
42105.27003763916,2.1029775945461404,fac-opacity-cowan-state,T42105p3_rho2p10298,0.15114182519761798,1.906265996280491e-06,0.15114203599602163,3.60307029633279e-07,ok,/home/elads/STAR/full_grid_solar_opacity/runs/T42105p3_rho2p10298/fac-opacity-cowan-state/starout.h5
42105.27003763916,3.0221426551783854,fac-opacity-cowan-state,T42105p3_rho3p02214,0.15114176447814615,2.738731653740903e-06,0.15114206673125663,5.16153682621457e-07,ok,/home/elads/STAR/full_grid_solar_opacity/runs/T42105p3_rho3p02214/fac-opacity-cowan-state/starout.h5
42105.27003763916,4.343054463316713,fac-opacity-cowan-state,T42105p3_rho4p34305,0.15114167672834442,3.934959122159635e-06,0.1511421100483924,7.391870901664164e-07,ok,/home/elads/STAR/full_grid_solar_opacity/runs/T42105p3_rho4p34305/fac-opacity-cowan-state/starout.h5
42105.27003763916,6.241307649397467,fac-opacity-cowan-state,T42105p3_rho6p24131,0.15114155266861787,5.6539032777834836e-06,0.15114217376040737,1.0581978370856892e-06,ok,/home/elads/STAR/full_grid_solar_opacity/runs/T42105p3_rho6p24131/fac-opacity-cowan-state/starout.h5
42105.27003763916,8.969245378672715,fac-opacity-cowan-state,T42105p3_rho8p96925,0.15114139718679587,8.123954065946637e-06,0.15114228718156858,1.514203534029382e-06,ok,/home/elads/STAR/full_grid_solar_opacity/runs/T42105p3_rho8p96925/fac-opacity-cowan-state/starout.h5
42105.27003763916,12.889504440725364,fac-opacity-cowan-state,T42105p3_rho12p8895,0.15114112864908802,1.1673235304745596e-05,0.1511424035545009,2.1655678460826472e-06,ok,/home/elads/STAR/full_grid_solar_opacity/runs/T42105p3_rho12p8895/fac-opacity-cowan-state/starout.h5
42105.27003763916,18.52322215674118,fac-opacity-cowan-state,T42105p3_rho18p5232,0.15114073467710942,1.6773137031197465e-05,0.15114256025958658,3.09523257339999e-06,ok,/home/elads/STAR/full_grid_solar_opacity/runs/T42105p3_rho18p5232/fac-opacity-cowan-state/starout.h5
42105.27003763916,26.61931346126126,fac-opacity-cowan-state,T42105p3_rho26p6193,0.1511401385493014,2.4100765592997974e-05,0.15114275149504414,4.4208869959398185e-06,ok,/home/elads/STAR/full_grid_solar_opacity/runs/T42105p3_rho26p6193/fac-opacity-cowan-state/starout.h5
42105.27003763916,38.254027466328665,fac-opacity-cowan-state,T42105p3_rho38p254,0.15113932751057507,3.462860787084753e-05,0.15114306548147066,6.309253339184253e-06,ok,/home/elads/STAR/full_grid_solar_opacity/runs/T42105p3_rho38p254/fac-opacity-cowan-state/starout.h5
42105.27003763916,54.97401800103719,fac-opacity-cowan-state,T42105p3_rho54p974,0.15113818912638158,4.9753047290165297e-05,0.15114353336888064,8.99605543004575e-06,ok,/home/elads/STAR/full_grid_solar_opacity/runs/T42105p3_rho54p974/fac-opacity-cowan-state/starout.h5
42105.27003763916,79.0019471240894,fac-opacity-cowan-state,T42105p3_rho79p0019,0.15113651694456542,7.147850846160192e-05,0.15114415258782754,1.2813851480720871e-05,ok,/home/elads/STAR/full_grid_solar_opacity/runs/T42105p3_rho79p0019/fac-opacity-cowan-state/starout.h5
42105.27003763916,113.53195339077567,fac-opacity-cowan-state,T42105p3_rho113p532,0.15113418059708764,0.00010268131730458265,0.15114508183028472,1.823070155993686e-05,ok,/home/elads/STAR/full_grid_solar_opacity/runs/T42105p3_rho113p532/fac-opacity-cowan-state/starout.h5
42105.27003763916,163.15426277379785,fac-opacity-cowan-state,T42105p3_rho163p154,0.1511307393039208,0.00014748601382395975,0.15114628930754162,2.5903414999429995e-05,ok,/home/elads/STAR/full_grid_solar_opacity/runs/T42105p3_rho163p154/fac-opacity-cowan-state/starout.h5
42105.27003763916,234.46538763970608,fac-opacity-cowan-state,T42105p3_rho234p465,0.15112581176398615,0.0002118034418340141,0.15114797125101634,3.675085891427616e-05,ok,/home/elads/STAR/full_grid_solar_opacity/runs/T42105p3_rho234p465/fac-opacity-cowan-state/starout.h5
42105.27003763916,336.94503022121665,fac-opacity-cowan-state,T42105p3_rho336p945,0.15111874294039754,0.00030409479927030265,0.15115028603747271,5.205364787236495e-05,ok,/home/elads/STAR/full_grid_solar_opacity/runs/T42105p3_rho336p945/fac-opacity-cowan-state/starout.h5
42105.27003763916,484.21626123015125,fac-opacity-cowan-state,T42105p3_rho484p216,0.15110863116676101,0.0004364546110542583,0.15115347428646317,7.358896197756229e-05,ok,/home/elads/STAR/full_grid_solar_opacity/runs/T42105p3_rho484p216/fac-opacity-cowan-state/starout.h5
42105.27003763916,695.8564947100452,fac-opacity-cowan-state,T42105p3_rho695p856,0.15109417022702898,0.0006261361827847905,0.1511578282985701,0.00010381080867256856,ok,/home/elads/STAR/full_grid_solar_opacity/runs/T42105p3_rho695p856/fac-opacity-cowan-state/starout.h5
42105.27003763916,1000.0,fac-opacity-cowan-state,T42105p3_rho1000,0.15107359841099083,0.0008976825499794333,0.15116381396022638,0.0001460880057134969,ok,/home/elads/STAR/full_grid_solar_opacity/runs/T42105p3_rho1000/fac-opacity-cowan-state/starout.h5
46352.89363350045,1e-17,fac-opacity-cowan-state,T46352p9_rho1em17,0.15633203476123214,6.4700443028515584e-24,0.15633203476123214,1.2042355114625465e-24,ok,/home/elads/STAR/full_grid_solar_opacity/runs/T46352p9_rho1em17/fac-opacity-cowan-state/starout.h5
46352.89363350045,1.4370779141993746e-17,fac-opacity-cowan-state,T46352p9_rho1p43708em17,0.15633203476123206,9.294021587405789e-24,0.15633203476123206,1.7298798346281695e-24,ok,/home/elads/STAR/full_grid_solar_opacity/runs/T46352p9_rho1p43708em17/fac-opacity-cowan-state/starout.h5
46352.89363350045,2.065192931479625e-17,fac-opacity-cowan-state,T46352p9_rho2p06519em17,0.15633203476123206,1.3352297932605815e-23,0.15633203476123206,2.4852718541480638e-24,ok,/home/elads/STAR/full_grid_solar_opacity/runs/T46352p9_rho2p06519em17/fac-opacity-cowan-state/starout.h5
46352.89363350045,2.9678431503900313e-17,fac-opacity-cowan-state,T46352p9_rho2p96784em17,0.1563320347612319,1.9184679170230102e-23,0.1563320347612319,3.570884549517298e-24,ok,/home/elads/STAR/full_grid_solar_opacity/runs/T46352p9_rho2p96784em17/fac-opacity-cowan-state/starout.h5
46352.89363350045,4.2650218442334076e-17,fac-opacity-cowan-state,T46352p9_rho4p26502em17,0.15633203476123117,2.7566715777176174e-23,0.15633203476123117,5.131072223621374e-24,ok,/home/elads/STAR/full_grid_solar_opacity/runs/T46352p9_rho4p26502em17/fac-opacity-cowan-state/starout.h5
46352.89363350045,6.129168695925715e-17,fac-opacity-cowan-state,T46352p9_rho6p12917em17,0.1563320347612318,3.9613952383842816e-23,0.15633203476123184,7.373469789733039e-24,ok,/home/elads/STAR/full_grid_solar_opacity/runs/T46352p9_rho6p12917em17/fac-opacity-cowan-state/starout.h5
46352.89363350045,8.808092965317026e-17,fac-opacity-cowan-state,T46352p9_rho8p80809em17,0.15633203476123197,5.692833564652447e-23,0.15633203476123192,1.0596250531132468e-23,ok,/home/elads/STAR/full_grid_solar_opacity/runs/T46352p9_rho8p80809em17/fac-opacity-cowan-state/starout.h5
46352.89363350045,1.2657915866672028e-16,fac-opacity-cowan-state,T46352p9_rho1p26579em16,0.15633203476123145,8.181045366549513e-23,0.1563320347612314,1.5227637576345337e-23,ok,/home/elads/STAR/full_grid_solar_opacity/runs/T46352p9_rho1p26579em16/fac-opacity-cowan-state/starout.h5
46352.89363350045,1.819041133178821e-16,fac-opacity-cowan-state,T46352p9_rho1p81904em16,0.15633203476123098,1.1756799557158624e-22,0.15633203476123095,2.188330152862515e-23,ok,/home/elads/STAR/full_grid_solar_opacity/runs/T46352p9_rho1p81904em16/fac-opacity-cowan-state/starout.h5
46352.89363350045,2.6141038375114865e-16,fac-opacity-cowan-state,T46352p9_rho2p6141em16,0.15633203476123161,1.6895436860654707e-22,0.15633203476123161,3.144800911066772e-23,ok,/home/elads/STAR/full_grid_solar_opacity/runs/T46352p9_rho2p6141em16/fac-opacity-cowan-state/starout.h5
46352.89363350045,3.7566708903116036e-16,fac-opacity-cowan-state,T46352p9_rho3p75667em16,0.15633203476123234,2.4280059037021567e-22,0.15633203476123234,4.519323917192291e-23,ok,/home/elads/STAR/full_grid_solar_opacity/runs/T46352p9_rho3p75667em16/fac-opacity-cowan-state/starout.h5
46352.89363350045,5.398628767382507e-16,fac-opacity-cowan-state,T46352p9_rho5p39863em16,0.15633203476123153,3.489233627215497e-22,0.15633203476123153,6.494620493879928e-23,ok,/home/elads/STAR/full_grid_solar_opacity/runs/T46352p9_rho5p39863em16/fac-opacity-cowan-state/starout.h5
46352.89363350045,7.758250168566793e-16,fac-opacity-cowan-state,T46352p9_rho7p75825em16,0.15633203476123156,5.014300547593195e-22,0.15633203476123156,9.333275602284666e-23,ok,/home/elads/STAR/full_grid_solar_opacity/runs/T46352p9_rho7p75825em16/fac-opacity-cowan-state/starout.h5
46352.89363350045,1.1149209970080914e-15,fac-opacity-cowan-state,T46352p9_rho1p11492em15,0.15633203476123153,7.205940489310765e-22,0.15633203476123153,1.3412644081811906e-22,ok,/home/elads/STAR/full_grid_solar_opacity/runs/T46352p9_rho1p11492em15/fac-opacity-cowan-state/starout.h5
46352.89363350045,1.6022283408774753e-15,fac-opacity-cowan-state,T46352p9_rho1p60223em15,0.15633203476123184,1.0355497783674157e-21,0.15633203476123178,1.927501431916767e-22,ok,/home/elads/STAR/full_grid_solar_opacity/runs/T46352p9_rho1p60223em15/fac-opacity-cowan-state/starout.h5
46352.89363350045,2.3025269621793266e-15,fac-opacity-cowan-state,T46352p9_rho2p30253em15,0.15633203476123242,1.4881656903078483e-21,0.15633203476123242,2.769969689664702e-22,ok,/home/elads/STAR/full_grid_solar_opacity/runs/T46352p9_rho2p30253em15/fac-opacity-cowan-state/starout.h5
46352.89363350045,3.308910644196489e-15,fac-opacity-cowan-state,T46352p9_rho3p30891em15,0.1563320347612324,2.138610006203766e-21,0.1563320347612324,3.9806621975702126e-22,ok,/home/elads/STAR/full_grid_solar_opacity/runs/T46352p9_rho3p30891em15/fac-opacity-cowan-state/starout.h5
46352.89363350045,4.755162406834019e-15,fac-opacity-cowan-state,T46352p9_rho4p75516em15,0.15633203476123206,3.073349106675877e-21,0.15633203476123206,5.720521546789083e-22,ok,/home/elads/STAR/full_grid_solar_opacity/runs/T46352p9_rho4p75516em15/fac-opacity-cowan-state/starout.h5
46352.89363350045,6.8335388732923106e-15,fac-opacity-cowan-state,T46352p9_rho6p83354em15,0.156332034761232,4.416641979975624e-21,0.15633203476123197,8.220834909080184e-22,ok,/home/elads/STAR/full_grid_solar_opacity/runs/T46352p9_rho6p83354em15/fac-opacity-cowan-state/starout.h5
46352.89363350045,9.820327790631256e-15,fac-opacity-cowan-state,T46352p9_rho9p82033em15,0.15633203476123222,6.347058373708766e-21,0.15633203476123217,1.1813979809714852e-21,ok,/home/elads/STAR/full_grid_solar_opacity/runs/T46352p9_rho9p82033em15/fac-opacity-cowan-state/starout.h5
46352.89363350045,1.4112576178114521e-14,fac-opacity-cowan-state,T46352p9_rho1p41126em14,0.156332034761232,9.12121692906062e-21,0.15633203476123197,1.69776086039278e-21,ok,/home/elads/STAR/full_grid_solar_opacity/runs/T46352p9_rho1p41126em14/fac-opacity-cowan-state/starout.h5
46352.89363350045,2.0280871538024598e-14,fac-opacity-cowan-state,T46352p9_rho2p02809em14,0.1563320347612317,1.310789861189354e-20,0.1563320347612317,2.4398144923313174e-21,ok,/home/elads/STAR/full_grid_solar_opacity/runs/T46352p9_rho2p02809em14/fac-opacity-cowan-state/starout.h5
46352.89363350045,2.914519256800997e-14,fac-opacity-cowan-state,T46352p9_rho2p91452em14,0.15633203476123117,1.8837070278985453e-20,0.15633203476123117,3.5062032811779656e-21,ok,/home/elads/STAR/full_grid_solar_opacity/runs/T46352p9_rho2p91452em14/fac-opacity-cowan-state/starout.h5
46352.89363350045,4.188391254457488e-14,fac-opacity-cowan-state,T46352p9_rho4p18839em14,0.1563320347612318,2.7070335297401825e-20,0.1563320347612318,5.0386868691423345e-21,ok,/home/elads/STAR/full_grid_solar_opacity/runs/T46352p9_rho4p18839em14/fac-opacity-cowan-state/starout.h5
46352.89363350045,6.019044567806669e-14,fac-opacity-cowan-state,T46352p9_rho6p01904em14,0.15633203476123173,3.8902176763360353e-20,0.15633203476123173,7.240984849469695e-21,ok,/home/elads/STAR/full_grid_solar_opacity/runs/T46352p9_rho6p01904em14/fac-opacity-cowan-state/starout.h5
46352.89363350045,8.649836012976684e-14,fac-opacity-cowan-state,T46352p9_rho8p64984em14,0.15633203476123128,5.590545231501055e-20,0.15633203476123128,1.0405858200034265e-20,ok,/home/elads/STAR/full_grid_solar_opacity/runs/T46352p9_rho8p64984em14/fac-opacity-cowan-state/starout.h5
46352.89363350045,1.2430488295695167e-13,fac-opacity-cowan-state,T46352p9_rho1p24305em13,0.15633203476123145,8.034047915209838e-20,0.15633203476123145,1.4954026852830874e-20,ok,/home/elads/STAR/full_grid_solar_opacity/runs/T46352p9_rho1p24305em13/fac-opacity-cowan-state/starout.h5
46352.89363350045,1.7863580192457348e-13,fac-opacity-cowan-state,T46352p9_rho1p78636em13,0.15633203476123161,1.154555097127711e-19,0.15633203476123161,2.1490098481907842e-20,ok,/home/elads/STAR/full_grid_solar_opacity/runs/T46352p9_rho1p78636em13/fac-opacity-cowan-state/starout.h5
46352.89363350045,2.567135656310987e-13,fac-opacity-cowan-state,T46352p9_rho2p56714em13,0.15633203476123178,1.659185328177948e-19,0.15633203476123178,3.088294049693512e-20,ok,/home/elads/STAR/full_grid_solar_opacity/runs/T46352p9_rho2p56714em13/fac-opacity-cowan-state/starout.h5
46352.89363350045,3.6891739544382357e-13,fac-opacity-cowan-state,T46352p9_rho3p68917em13,0.15633203476122218,2.384378124197762e-19,0.15633203476122218,4.438118319907432e-20,ok,/home/elads/STAR/full_grid_solar_opacity/runs/T46352p9_rho3p68917em13/fac-opacity-cowan-state/starout.h5
46352.89363350045,5.301630411562758e-13,fac-opacity-cowan-state,T46352p9_rho5p30163em13,0.15633203476122998,3.4265365056285296e-19,0.15633203476122998,6.377920675572808e-20,ok,/home/elads/STAR/full_grid_solar_opacity/runs/T46352p9_rho5p30163em13/fac-opacity-cowan-state/starout.h5
46352.89363350045,7.618855973704612e-13,fac-opacity-cowan-state,T46352p9_rho7p61886em13,0.15633203476123148,4.924199114120074e-19,0.15633203476123148,9.165567448670307e-20,ok,/home/elads/STAR/full_grid_solar_opacity/runs/T46352p9_rho7p61886em13/fac-opacity-cowan-state/starout.h5
46352.89363350045,1.0948889651276868e-12,fac-opacity-cowan-state,T46352p9_rho1p09489em12,0.15633203476123075,7.076457016251179e-19,0.15633203476123078,1.3171633167234866e-19,ok,/home/elads/STAR/full_grid_solar_opacity/runs/T46352p9_rho1p09489em12/fac-opacity-cowan-state/starout.h5
46352.89363350045,1.5734407502856082e-12,fac-opacity-cowan-state,T46352p9_rho1p57344em12,0.15633203476123037,1.0169419913758531e-18,0.15633203476123037,1.892866281787723e-19,ok,/home/elads/STAR/full_grid_solar_opacity/runs/T46352p9_rho1p57344em12/fac-opacity-cowan-state/starout.h5
46352.89363350045,2.26115695153675e-12,fac-opacity-cowan-state,T46352p9_rho2p26116em12,0.15633203476123037,1.4614250656164599e-18,0.15633203476123037,2.7201966767650323e-19,ok,/home/elads/STAR/full_grid_solar_opacity/runs/T46352p9_rho2p26116em12/fac-opacity-cowan-state/starout.h5
46352.89363350045,3.249458715591849e-12,fac-opacity-cowan-state,T46352p9_rho3p24946em12,0.1563320347612301,2.100182436173391e-18,0.15633203476123006,3.9091359249203175e-19,ok,/home/elads/STAR/full_grid_solar_opacity/runs/T46352p9_rho3p24946em12/fac-opacity-cowan-state/starout.h5
46352.89363350045,4.669725353279713e-12,fac-opacity-cowan-state,T46352p9_rho4p66973em12,0.15633203476122928,3.018127798651022e-18,0.15633203476122928,5.617736503665574e-19,ok,/home/elads/STAR/full_grid_solar_opacity/runs/T46352p9_rho4p66973em12/fac-opacity-cowan-state/starout.h5
46352.89363350045,6.710759170575148e-12,fac-opacity-cowan-state,T46352p9_rho6p71076em12,0.15633203476121768,4.3372893078069886e-18,0.15633203476121768,8.073133156008872e-19,ok,/home/elads/STAR/full_grid_solar_opacity/runs/T46352p9_rho6p71076em12/fac-opacity-cowan-state/starout.h5
46352.89363350045,9.64388379154446e-12,fac-opacity-cowan-state,T46352p9_rho9p64388em12,0.15633203476122678,6.233031652264005e-18,0.15633203476122678,1.1601737508406208e-18,ok,/home/elads/STAR/full_grid_solar_opacity/runs/T46352p9_rho9p64388em12/fac-opacity-cowan-state/starout.h5
46352.89363350045,1.3859012403933867e-11,fac-opacity-cowan-state,T46352p9_rho1p3859em11,0.1563320347612248,8.957368284388076e-18,0.1563320347612248,1.6672629793586462e-18,ok,/home/elads/STAR/full_grid_solar_opacity/runs/T46352p9_rho1p3859em11/fac-opacity-cowan-state/starout.h5
46352.89363350045,1.9916480638308542e-11,fac-opacity-cowan-state,T46352p9_rho1p99165em11,0.15633203476122218,1.2872461774375363e-17,0.15633203476122218,2.3959914198828887e-18,ok,/home/elads/STAR/full_grid_solar_opacity/runs/T46352p9_rho1p99165em11/fac-opacity-cowan-state/starout.h5
46352.89363350045,2.8621534453892672e-11,fac-opacity-cowan-state,T46352p9_rho2p86215em11,0.1563320347612174,1.8498765106512852e-17,0.1563320347612174,3.443232568049974e-18,ok,/home/elads/STAR/full_grid_solar_opacity/runs/T46352p9_rho2p86215em11/fac-opacity-cowan-state/starout.h5
46352.89363350045,4.1131375034185614e-11,fac-opacity-cowan-state,T46352p9_rho4p11314em11,0.1563320347612115,2.6584201523662514e-17,0.1563320347612115,4.948199749573345e-18,ok,/home/elads/STAR/full_grid_solar_opacity/runs/T46352p9_rho4p11314em11/fac-opacity-cowan-state/starout.h5
46352.89363350045,5.910899064227969e-11,fac-opacity-cowan-state,T46352p9_rho5p9109em11,0.15633203476120192,3.8203584106036006e-17,0.1563320347612019,7.110951341431339e-18,ok,/home/elads/STAR/full_grid_solar_opacity/runs/T46352p9_rho5p9109em11/fac-opacity-cowan-state/starout.h5
46352.89363350045,8.4944224982638e-11,fac-opacity-cowan-state,T46352p9_rho8p49442em11,0.15633203476118934,5.4901501426991486e-17,0.15633203476118934,1.0218986508715083e-17,ok,/home/elads/STAR/full_grid_solar_opacity/runs/T46352p9_rho8p49442em11/fac-opacity-cowan-state/starout.h5
46352.89363350045,1.2207146966133182e-10,fac-opacity-cowan-state,T46352p9_rho1p22071em10,0.1563320347610443,7.889767711334617e-17,0.1563320347610443,1.4685469332158533e-17,ok,/home/elads/STAR/full_grid_solar_opacity/runs/T46352p9_rho1p22071em10/fac-opacity-cowan-state/starout.h5
46352.89363350045,1.7542621300415897e-10,fac-opacity-cowan-state,T46352p9_rho1p75426em10,0.15633203476114388,1.133820841336125e-16,0.15633203476114388,2.1104158691367346e-17,ok,/home/elads/STAR/full_grid_solar_opacity/runs/T46352p9_rho1p75426em10/fac-opacity-cowan-state/starout.h5
46352.89363350045,2.52101136279913e-10,fac-opacity-cowan-state,T46352p9_rho2p52101em10,0.15633203476110666,1.6293899813268424e-16,0.1563320347611067,3.0328338831097645e-17,ok,/home/elads/STAR/full_grid_solar_opacity/runs/T46352p9_rho2p52101em10/fac-opacity-cowan-state/starout.h5
46352.89363350045,3.6228897509242966e-10,fac-opacity-cowan-state,T46352p9_rho3p62289em10,0.15633203476105292,2.341563693531624e-16,0.15633203476105292,4.3584242807726366e-17,ok,/home/elads/STAR/full_grid_solar_opacity/runs/T46352p9_rho3p62289em10/fac-opacity-cowan-state/starout.h5
46352.89363350045,5.20637484663258e-10,fac-opacity-cowan-state,T46352p9_rho5p20637em10,0.15633203476097457,3.3650180647993566e-16,0.1563320347609746,6.263409857307817e-17,ok,/home/elads/STAR/full_grid_solar_opacity/runs/T46352p9_rho5p20637em10/fac-opacity-cowan-state/starout.h5
46352.89363350045,7.481966305138837e-10,fac-opacity-cowan-state,T46352p9_rho7p48197em10,0.15633203476086316,4.83582192933076e-16,0.15633203476086321,9.001056968189485e-17,ok,/home/elads/STAR/full_grid_solar_opacity/runs/T46352p9_rho7p48197em10/fac-opacity-cowan-state/starout.h5
46352.89363350045,1.0752168531898921e-09,fac-opacity-cowan-state,T46352p9_rho1p07522em09,0.15633203476070626,6.949524782774301e-16,0.15633203476070634,1.293534261042717e-16,ok,/home/elads/STAR/full_grid_solar_opacity/runs/T46352p9_rho1p07522em09/fac-opacity-cowan-state/starout.h5
46352.89363350045,1.5451703926941453e-09,fac-opacity-cowan-state,T46352p9_rho1p54517em09,0.15633203476047822,9.987071078815956e-16,0.1563320347604783,1.858919969683157e-16,ok,/home/elads/STAR/full_grid_solar_opacity/runs/T46352p9_rho1p54517em09/fac-opacity-cowan-state/starout.h5
46352.89363350045,2.220530245015531e-09,fac-opacity-cowan-state,T46352p9_rho2p22053em09,0.15633203476015628,1.4352171711742962e-15,0.15633203476015645,2.6714073939529675e-16,ok,/home/elads/STAR/full_grid_solar_opacity/runs/T46352p9_rho2p22053em09/fac-opacity-cowan-state/starout.h5
46352.89363350045,3.1910749729235452e-09,fac-opacity-cowan-state,T46352p9_rho3p19107em09,0.15633203475969817,2.0625128831250207e-15,0.15633203475969845,3.8390087036078576e-16,ok,/home/elads/STAR/full_grid_solar_opacity/runs/T46352p9_rho3p19107em09/fac-opacity-cowan-state/starout.h5
46352.89363350045,4.585823366142813e-09,fac-opacity-cowan-state,T46352p9_rho4p58582em09,0.15633203475905758,2.9639853475532157e-15,0.15633203475905788,5.516940742576423e-16,ok,/home/elads/STAR/full_grid_solar_opacity/runs/T46352p9_rho4p58582em09/fac-opacity-cowan-state/starout.h5
46352.89363350045,6.590185477903269e-09,fac-opacity-cowan-state,T46352p9_rho6p59019em09,0.156332034758098,4.2594788808365505e-15,0.15633203475809848,7.928270723913623e-16,ok,/home/elads/STAR/full_grid_solar_opacity/runs/T46352p9_rho6p59019em09/fac-opacity-cowan-state/starout.h5
46352.89363350045,9.470610000772238e-09,fac-opacity-cowan-state,T46352p9_rho9p47061em09,0.1563320347568393,6.121210860601893e-15,0.15633203475683988,1.1393548305386062e-15,ok,/home/elads/STAR/full_grid_solar_opacity/runs/T46352p9_rho9p47061em09/fac-opacity-cowan-state/starout.h5
46352.89363350045,1.3610004466105506e-08,fac-opacity-cowan-state,T46352p9_rho1p361em08,0.14303741250293167,8.835226774376123e-15,0.14303741250293261,1.6409691929390556e-15,ok,/home/elads/STAR/full_grid_solar_opacity/runs/T46352p9_rho1p361em08/fac-opacity-cowan-state/starout.h5
46352.89363350045,1.9558636830395073e-08,fac-opacity-cowan-state,T46352p9_rho1p95586em08,0.14303741250078325,1.2625861125015482e-14,0.14303741250078458,2.3515416067395354e-15,ok,/home/elads/STAR/full_grid_solar_opacity/runs/T46352p9_rho1p95586em08/fac-opacity-cowan-state/starout.h5
46352.89363350045,2.810728502080722e-08,fac-opacity-cowan-state,T46352p9_rho2p81073em08,0.14303741249801402,1.819458977478353e-14,0.143037412498016,3.3840292315133867e-15,ok,/home/elads/STAR/full_grid_solar_opacity/runs/T46352p9_rho2p81073em08/fac-opacity-cowan-state/starout.h5
46352.89363350045,4.039235853150913e-08,fac-opacity-cowan-state,T46352p9_rho4p03924em08,0.14303741249439858,2.6117722358136777e-14,0.14303741249440133,4.860364927422969e-15,ok,/home/elads/STAR/full_grid_solar_opacity/runs/T46352p9_rho4p03924em08/fac-opacity-cowan-state/starout.h5
46352.89363350045,5.804696634805446e-08,fac-opacity-cowan-state,T46352p9_rho5p8047em08,0.14303741248987684,3.7541163463666883e-14,0.1430374124898809,6.985420123982009e-15,ok,/home/elads/STAR/full_grid_solar_opacity/runs/T46352p9_rho5p8047em08/fac-opacity-cowan-state/starout.h5
46352.89363350045,8.341801332506338e-08,fac-opacity-cowan-state,T46352p9_rho8p3418em08,0.14303741248411167,5.3914334072466186e-14,0.14303741248411744,1.0035204499692367e-14,ok,/home/elads/STAR/full_grid_solar_opacity/runs/T46352p9_rho8p3418em08/fac-opacity-cowan-state/starout.h5
46352.89363350045,1.1987818459583772e-07,fac-opacity-cowan-state,T46352p9_rho1p19878em07,0.1430374124770391,7.749271926798417e-14,0.14303741247704727,1.4422498014993966e-14,ok,/home/elads/STAR/full_grid_solar_opacity/runs/T46352p9_rho1p19878em07/fac-opacity-cowan-state/starout.h5
46352.89363350045,1.7227429147699408e-07,fac-opacity-cowan-state,T46352p9_rho1p72274em07,0.14303741246834498,1.1132989714782469e-13,0.14303741246835666,2.0723028491370272e-14,ok,/home/elads/STAR/full_grid_solar_opacity/runs/T46352p9_rho1p72274em07/fac-opacity-cowan-state/starout.h5
46352.89363350045,2.4757157946593376e-07,fac-opacity-cowan-state,T46352p9_rho2p47572em07,0.14303741245779575,1.6001058314563036e-13,0.1430374124578129,2.978225777612339e-14,ok,/home/elads/STAR/full_grid_solar_opacity/runs/T46352p9_rho2p47572em07/fac-opacity-cowan-state/starout.h5
46352.89363350045,3.557796490339488e-07,fac-opacity-cowan-state,T46352p9_rho3p5578em07,0.14303741244521792,2.2988902773414276e-13,0.14303741244524243,4.2793699416175103e-14,ok,/home/elads/STAR/full_grid_solar_opacity/runs/T46352p9_rho3p5578em07/fac-opacity-cowan-state/starout.h5
46352.89363350045,5.112830759482948e-07,fac-opacity-cowan-state,T46352p9_rho5p11283em07,0.14303741242981277,3.304326059100379e-13,0.14303741242984772,6.150256522392478e-14,ok,/home/elads/STAR/full_grid_solar_opacity/runs/T46352p9_rho5p11283em07/fac-opacity-cowan-state/starout.h5
46352.89363350045,7.347536163492159e-07,fac-opacity-cowan-state,T46352p9_rho7p34754em07,0.14303741241129275,4.748185924064407e-13,0.14303741241134324,8.83798423068252e-14,ok,/home/elads/STAR/full_grid_solar_opacity/runs/T46352p9_rho7p34754em07/fac-opacity-cowan-state/starout.h5
46352.89363350045,1.0558981944335787e-06,fac-opacity-cowan-state,T46352p9_rho1p0559em06,0.14303741238907336,6.823625475925073e-13,0.14303741238914602,1.2700584923629203e-13,ok,/home/elads/STAR/full_grid_solar_opacity/runs/T46352p9_rho1p0559em06/fac-opacity-cowan-state/starout.h5
46352.89363350045,1.517407974863493e-06,fac-opacity-cowan-state,T46352p9_rho1p51741em06,0.1430374123624841,9.806275873411834e-13,0.14303741236258763,1.8252206616454536e-13,ok,/home/elads/STAR/full_grid_solar_opacity/runs/T46352p9_rho1p51741em06/fac-opacity-cowan-state/starout.h5
46352.89363350045,2.1806334875063253e-06,fac-opacity-cowan-state,T46352p9_rho2p18063em06,0.14303741233079065,1.4092861323077729e-12,0.14303741233094,2.6230122237422304e-13,ok,/home/elads/STAR/full_grid_solar_opacity/runs/T46352p9_rho2p18063em06/fac-opacity-cowan-state/starout.h5
46352.89363350045,3.1337402238588983e-06,fac-opacity-cowan-state,T46352p9_rho3p13374em06,0.1430374122931155,2.0252396462275024e-12,0.1430374122933308,3.769440226649615e-13,ok,/home/elads/STAR/full_grid_solar_opacity/runs/T46352p9_rho3p13374em06/fac-opacity-cowan-state/starout.h5
46352.89363350045,4.503428864545845e-06,fac-opacity-cowan-state,T46352p9_rho4p50343em06,0.1430374122478524,2.9104514676951874e-12,0.14303741224816047,5.416934437560603e-13,ok,/home/elads/STAR/full_grid_solar_opacity/runs/T46352p9_rho4p50343em06/fac-opacity-cowan-state/starout.h5
46352.89363350045,6.471778159406801e-06,fac-opacity-cowan-state,T46352p9_rho6p47178em06,0.14303741219409585,4.182673691544433e-12,0.14303741219453894,7.784713702504642e-13,ok,/home/elads/STAR/full_grid_solar_opacity/runs/T46352p9_rho6p47178em06/fac-opacity-cowan-state/starout.h5
46352.89363350045,9.300449458481393e-06,fac-opacity-cowan-state,T46352p9_rho9p30045em06,0.14303741212915785,6.010956534601222e-12,0.14303741212979343,1.1187315184226838e-12,ok,/home/elads/STAR/full_grid_solar_opacity/runs/T46352p9_rho9p30045em06/fac-opacity-cowan-state/starout.h5
46352.89363350045,1.3365470508911143e-05,fac-opacity-cowan-state,T46352p9_rho1p33655em05,0.1430374120562702,8.637926768377427e-12,0.14303741205718462,1.607624381269477e-12,ok,/home/elads/STAR/full_grid_solar_opacity/runs/T46352p9_rho1p33655em05/fac-opacity-cowan-state/starout.h5
46352.89363350045,1.920722248123928e-05,fac-opacity-cowan-state,T46352p9_rho1p92072em05,0.1430374119635004,1.2412766461921277e-11,0.14303741196481415,2.3101329480145525e-12,ok,/home/elads/STAR/full_grid_solar_opacity/runs/T46352p9_rho1p92072em05/fac-opacity-cowan-state/starout.h5
46352.89363350045,2.760227522090268e-05,fac-opacity-cowan-state,T46352p9_rho2p76023em05,0.14303741186213592,1.7838539702183166e-11,0.14303741186402372,3.3198183746724463e-12,ok,/home/elads/STAR/full_grid_solar_opacity/runs/T46352p9_rho2p76023em05/fac-opacity-cowan-state/starout.h5
46352.89363350045,3.966662010161191e-05,fac-opacity-cowan-state,T46352p9_rho3p96666em05,0.14303741172922224,2.5635632104597234e-11,0.143037411731935,4.770781340383095e-12,ok,/home/elads/STAR/full_grid_solar_opacity/runs/T46352p9_rho3p96666em05/fac-opacity-cowan-state/starout.h5
46352.89363350045,5.7004023678963655e-05,fac-opacity-cowan-state,T46352p9_rho5p7004em05,0.14303741157251632,3.68399114735853e-11,0.1430374115764153,6.855666373937805e-12,ok,/home/elads/STAR/full_grid_solar_opacity/runs/T46352p9_rho5p7004em05/fac-opacity-cowan-state/starout.h5
46352.89363350045,8.191922344953684e-05,fac-opacity-cowan-state,T46352p9_rho8p19192em05,0.14303741069572337,5.327023412368105e-11,0.14303741070138234,9.937686300414318e-12,ok,/home/elads/STAR/full_grid_solar_opacity/runs/T46352p9_rho8p19192em05/fac-opacity-cowan-state/starout.h5
46352.89363350045,0.00011772430676769293,fac-opacity-cowan-state,T46352p9_rho0p000117724,0.1430374117324913,7.678511331820813e-11,0.1430374117406574,1.4334017096459902e-11,ok,/home/elads/STAR/full_grid_solar_opacity/runs/T46352p9_rho0p000117724/fac-opacity-cowan-state/starout.h5
46352.89363350045,0.00016917900122028344,fac-opacity-cowan-state,T46352p9_rho0p000169179,0.1430374134621909,1.1035748211336613e-10,0.14303741347392648,2.0601557904838774e-11,ok,/home/elads/STAR/full_grid_solar_opacity/runs/T46352p9_rho0p000169179/fac-opacity-cowan-state/starout.h5
46352.89363350045,0.0002431234061999784,fac-opacity-cowan-state,T46352p9_rho0p000243123,0.14303740845631902,1.5847050549809076e-10,0.14303740847316543,2.9574350595991565e-11,ok,/home/elads/STAR/full_grid_solar_opacity/runs/T46352p9_rho0p000243123/fac-opacity-cowan-state/starout.h5
46352.89363350045,0.0003493872774749123,fac-opacity-cowan-state,T46352p9_rho0p000349387,0.1430374064156846,2.278085502344059e-10,0.1430374064399052,4.251759973150327e-11,ok,/home/elads/STAR/full_grid_solar_opacity/runs/T46352p9_rho0p000349387/fac-opacity-cowan-state/starout.h5
46352.89363350045,0.0005020967399614471,fac-opacity-cowan-state,T46352p9_rho0p000502097,0.14303741276511947,3.2737210138873386e-10,0.1430374127999237,6.109664216757934e-11,ok,/home/elads/STAR/full_grid_solar_opacity/runs/T46352p9_rho0p000502097/fac-opacity-cowan-state/starout.h5
46352.89363350045,0.0007215521357901021,fac-opacity-cowan-state,T46352p9_rho0p000721552,0.1430374132619548,4.70363163080867e-10,0.1430374133119553,8.777066804650708e-11,ok,/home/elads/STAR/full_grid_solar_opacity/runs/T46352p9_rho0p000721552/fac-opacity-cowan-state/starout.h5
46352.89363350045,0.0010369266382873438,fac-opacity-cowan-state,T46352p9_rho0p00103693,0.1430374118706924,6.758673557568398e-10,0.14303741194253086,1.261027794246501e-10,ok,/home/elads/STAR/full_grid_solar_opacity/runs/T46352p9_rho0p00103693/fac-opacity-cowan-state/starout.h5
46352.89363350045,0.0014901443705277455,fac-opacity-cowan-state,T46352p9_rho0p00149014,0.14303741154940428,9.7114296098326e-10,0.14303741165261669,1.8117006974695724e-10,ok,/home/elads/STAR/full_grid_solar_opacity/runs/T46352p9_rho0p00149014/fac-opacity-cowan-state/starout.h5
46352.89363350045,0.002141453563853953,fac-opacity-cowan-state,T46352p9_rho0p00214145,0.14303741145916718,1.395180426103086e-09,0.14303741160741468,2.6021898392412814e-10,ok,/home/elads/STAR/full_grid_solar_opacity/runs/T46352p9_rho0p00214145/fac-opacity-cowan-state/starout.h5
46352.89363350045,0.003077435620898055,fac-opacity-cowan-state,T46352p9_rho0p00307744,0.14303741176814816,2.004770580401192e-09,0.14303741198114664,3.7385350429864654e-10,ok,/home/elads/STAR/full_grid_solar_opacity/runs/T46352p9_rho0p00307744/fac-opacity-cowan-state/starout.h5
46352.89363350045,0.004422514763163053,fac-opacity-cowan-state,T46352p9_rho0p00442251,0.143037404498985,2.8800143234957146e-09,0.1430374048048911,5.369150131902424e-10,ok,/home/elads/STAR/full_grid_solar_opacity/runs/T46352p9_rho0p00442251/fac-opacity-cowan-state/starout.h5
46352.89363350045,0.006355498291362301,fac-opacity-cowan-state,T46352p9_rho0p0063555,0.14303740978745116,4.137485046111023e-09,0.1430374102268051,7.711099515676732e-10,ok,/home/elads/STAR/full_grid_solar_opacity/runs/T46352p9_rho0p0063555/fac-opacity-cowan-state/starout.h5
46352.89363350045,0.009133346228248624,fac-opacity-cowan-state,T46352p9_rho0p00913335,0.143037406723962,5.9448327406745114e-09,0.14303740735511095,1.1076375185898467e-09,ok,/home/elads/STAR/full_grid_solar_opacity/runs/T46352p9_rho0p00913335/fac-opacity-cowan-state/starout.h5
46352.89363350045,0.01312533014735226,fac-opacity-cowan-state,T46352p9_rho0p0131253,0.14303740441996865,8.541470549050928e-09,0.14303740532657608,1.5909153121728086e-09,ok,/home/elads/STAR/full_grid_solar_opacity/runs/T46352p9_rho0p0131253/fac-opacity-cowan-state/starout.h5
46352.89363350045,0.018862122071335155,fac-opacity-cowan-state,T46352p9_rho0p0188621,0.14303740282240837,1.227184293698728e-08,0.14303740412458407,2.2848315794188228e-09,ok,/home/elads/STAR/full_grid_solar_opacity/runs/T46352p9_rho0p0188621/fac-opacity-cowan-state/starout.h5
46352.89363350045,0.02710633904364831,fac-opacity-cowan-state,T46352p9_rho0p0271063,0.14303740174083335,1.763083203410263e-08,0.14303740361099282,3.2810752482642075e-09,ok,/home/elads/STAR/full_grid_solar_opacity/runs/T46352p9_rho0p0271063/fac-opacity-cowan-state/starout.h5
46352.89363350045,0.038953921174427183,fac-opacity-cowan-state,T46352p9_rho0p0389539,0.14303740089212766,2.5328664890615932e-08,0.14303740357767017,4.711047302443837e-09,ok,/home/elads/STAR/full_grid_solar_opacity/runs/T46352p9_rho0p0389539/fac-opacity-cowan-state/starout.h5
46352.89363350045,0.0559798197912329,fac-opacity-cowan-state,T46352p9_rho0p0559798,0.1430373923953703,3.638503888805084e-08,0.1430373962511893,6.7630982530191395e-09,ok,/home/elads/STAR/full_grid_solar_opacity/runs/T46352p9_rho0p0559798/fac-opacity-cowan-state/starout.h5
46352.89363350045,0.08044736266284185,fac-opacity-cowan-state,T46352p9_rho0p0804474,0.1430373916066022,5.226384741251997e-08,0.14303739714168062,9.707146741247815e-09,ok,/home/elads/STAR/full_grid_solar_opacity/runs/T46352p9_rho0p0804474/fac-opacity-cowan-state/starout.h5
46352.89363350045,0.11560912813835741,fac-opacity-cowan-state,T46352p9_rho0p115609,0.1430373914417244,7.506670278145528e-08,0.1430373993859123,1.3929931270201675e-08,ok,/home/elads/STAR/full_grid_solar_opacity/runs/T46352p9_rho0p115609/fac-opacity-cowan-state/starout.h5
46352.89363350045,0.1661393247274789,fac-opacity-cowan-state,T46352p9_rho0p166139,0.14303739261385456,1.0781168862641053e-07,0.14303740401364815,1.9985658063962106e-08,ok,/home/elads/STAR/full_grid_solar_opacity/runs/T46352p9_rho0p166139/fac-opacity-cowan-state/starout.h5
46352.89363350045,0.23875515424585794,fac-opacity-cowan-state,T46352p9_rho0p238755,0.1430373959124042,1.5483170906052262e-07,0.14303741226808694,2.8668094354689775e-08,ok,/home/elads/STAR/full_grid_solar_opacity/runs/T46352p9_rho0p238755/fac-opacity-cowan-state/starout.h5
46352.89363350045,0.34310975906798746,fac-opacity-cowan-state,T46352p9_rho0p34311,0.14303738256913962,2.223633553272685e-07,0.14303740603357812,4.111754216426007e-08,ok,/home/elads/STAR/full_grid_solar_opacity/runs/T46352p9_rho0p34311/fac-opacity-cowan-state/starout.h5
46352.89363350045,0.49307545690287347,fac-opacity-cowan-state,T46352p9_rho0p493075,0.14303737778372808,3.193588899943931e-07,0.1430374114445825,5.896607037844881e-08,ok,/home/elads/STAR/full_grid_solar_opacity/runs/T46352p9_rho0p493075/fac-opacity-cowan-state/starout.h5
46352.89363350045,0.7085878491488851,fac-opacity-cowan-state,T46352p9_rho0p708588,0.1430373694694729,4.5869237799209457e-07,0.14303741775695486,8.4554562572338e-08,ok,/home/elads/STAR/full_grid_solar_opacity/runs/T46352p9_rho0p708588/fac-opacity-cowan-state/starout.h5
46352.89363350045,1.0182959482819007,fac-opacity-cowan-state,T46352p9_rho1p0183,0.1430373565726422,6.58869290477533e-07,0.14303742584286544,1.21236590326787e-07,ok,/home/elads/STAR/full_grid_solar_opacity/runs/T46352p9_rho1p0183/fac-opacity-cowan-state/starout.h5
46352.89363350045,1.4633706173946401,fac-opacity-cowan-state,T46352p9_rho1p46337,0.14303733717658784,9.464791290532637e-07,0.143037436545686,1.738114413378736e-07,ok,/home/elads/STAR/full_grid_solar_opacity/runs/T46352p9_rho1p46337/fac-opacity-cowan-state/starout.h5
46352.89363350045,2.1029775945461404,fac-opacity-cowan-state,T46352p9_rho2p10298,0.14303730839376544,1.3597492892673065e-06,0.14303745093720419,2.491509461544218e-07,ok,/home/elads/STAR/full_grid_solar_opacity/runs/T46352p9_rho2p10298/fac-opacity-cowan-state/starout.h5
46352.89363350045,3.0221426551783854,fac-opacity-cowan-state,T46352p9_rho3p02214,0.14303726538456005,1.953601815195317e-06,0.14303746984775628,3.570775100546338e-07,ok,/home/elads/STAR/full_grid_solar_opacity/runs/T46352p9_rho3p02214/fac-opacity-cowan-state/starout.h5
46352.89363350045,4.343054463316713,fac-opacity-cowan-state,T46352p9_rho4p34305,0.14303720129174322,2.8069534821678866e-06,0.14303749453738804,5.116230677317457e-07,ok,/home/elads/STAR/full_grid_solar_opacity/runs/T46352p9_rho4p34305/fac-opacity-cowan-state/starout.h5
46352.89363350045,6.241307649397467,fac-opacity-cowan-state,T46352p9_rho6p24131,0.14303711260352198,4.033209517886268e-06,0.14303753311405795,7.32823352821672e-07,ok,/home/elads/STAR/full_grid_solar_opacity/runs/T46352p9_rho6p24131/fac-opacity-cowan-state/starout.h5
46352.89363350045,8.969245378672715,fac-opacity-cowan-state,T46352p9_rho8p96925,0.14303697384209973,5.795302387200917e-06,0.14303757671863168,1.0492528648937849e-06,ok,/home/elads/STAR/full_grid_solar_opacity/runs/T46352p9_rho8p96925/fac-opacity-cowan-state/starout.h5
46352.89363350045,12.889504440725364,fac-opacity-cowan-state,T46352p9_rho12p8895,0.14303680631598042,8.327343912760339e-06,0.14303767041815546,1.5016309145459609e-06,ok,/home/elads/STAR/full_grid_solar_opacity/runs/T46352p9_rho12p8895/fac-opacity-cowan-state/starout.h5
46352.89363350045,18.52322215674118,fac-opacity-cowan-state,T46352p9_rho18p5232,0.1430365162466182,1.1965653488441106e-05,0.1430377543705105,2.147908098703027e-06,ok,/home/elads/STAR/full_grid_solar_opacity/runs/T46352p9_rho18p5232/fac-opacity-cowan-state/starout.h5
46352.89363350045,26.61931346126126,fac-opacity-cowan-state,T46352p9_rho26p6193,0.1430360718268725,1.7193368994209455e-05,0.14303784520793697,3.0704578555671163e-06,ok,/home/elads/STAR/full_grid_solar_opacity/runs/T46352p9_rho26p6193/fac-opacity-cowan-state/starout.h5
46352.89363350045,38.254027466328665,fac-opacity-cowan-state,T46352p9_rho38p254,0.14303547605262226,2.470444520978376e-05,0.14303801500366212,4.386197576658557e-06,ok,/home/elads/STAR/full_grid_solar_opacity/runs/T46352p9_rho38p254/fac-opacity-cowan-state/starout.h5
46352.89363350045,54.97401800103719,fac-opacity-cowan-state,T46352p9_rho54p974,0.14303464250927528,3.5495432035894004e-05,0.14303827574445724,6.260791462402196e-06,ok,/home/elads/STAR/full_grid_solar_opacity/runs/T46352p9_rho54p974/fac-opacity-cowan-state/starout.h5
46352.89363350045,79.0019471240894,fac-opacity-cowan-state,T46352p9_rho79p0019,0.1430334139935584,5.099704117814006e-05,0.14303861023335124,8.928528164949013e-06,ok,/home/elads/STAR/full_grid_solar_opacity/runs/T46352p9_rho79p0019/fac-opacity-cowan-state/starout.h5
46352.89363350045,113.53195339077567,fac-opacity-cowan-state,T46352p9_rho113p532,0.1430316469055081,7.32626368922268e-05,0.1430390738023044,1.2720036886719353e-05,ok,/home/elads/STAR/full_grid_solar_opacity/runs/T46352p9_rho113p532/fac-opacity-cowan-state/starout.h5
46352.89363350045,163.15426277379785,fac-opacity-cowan-state,T46352p9_rho163p154,0.1430291128293818,0.0001052377663122343,0.14303972024354417,1.8100742586626626e-05,ok,/home/elads/STAR/full_grid_solar_opacity/runs/T46352p9_rho163p154/fac-opacity-cowan-state/starout.h5
46352.89363350045,234.46538763970608,fac-opacity-cowan-state,T46352p9_rho234p465,0.1430254815558975,0.00015114503201034063,0.1430406189548884,2.572395781350859e-05,ok,/home/elads/STAR/full_grid_solar_opacity/runs/T46352p9_rho234p465/fac-opacity-cowan-state/starout.h5
46352.89363350045,336.94503022121665,fac-opacity-cowan-state,T46352p9_rho336p945,0.1430202826309508,0.000217032231130493,0.14304186410348738,3.650371590534557e-05,ok,/home/elads/STAR/full_grid_solar_opacity/runs/T46352p9_rho336p945/fac-opacity-cowan-state/starout.h5
46352.89363350045,484.21626123015125,fac-opacity-cowan-state,T46352p9_rho484p216,0.1430128682203579,0.000311550420293819,0.1430436036168511,5.17139704540648e-05,ok,/home/elads/STAR/full_grid_solar_opacity/runs/T46352p9_rho484p216/fac-opacity-cowan-state/starout.h5
46352.89363350045,695.8564947100452,fac-opacity-cowan-state,T46352p9_rho695p856,0.14300217924593744,0.0004470520097622583,0.14304589645136098,7.31222817939963e-05,ok,/home/elads/STAR/full_grid_solar_opacity/runs/T46352p9_rho695p856/fac-opacity-cowan-state/starout.h5
46352.89363350045,1000.0,fac-opacity-cowan-state,T46352p9_rho1000,0.14298696127344196,0.0006411332925415258,0.14304905348187016,0.00010316860278907602,ok,/home/elads/STAR/full_grid_solar_opacity/runs/T46352p9_rho1000/fac-opacity-cowan-state/starout.h5
51029.021931884556,1e-17,fac-opacity-cowan-state,T51029_rho1em17,0.14897904316111274,4.614875591296908e-24,0.14897904316111274,8.301900884714952e-25,ok,/home/elads/STAR/full_grid_solar_opacity/runs/T51029_rho1em17/fac-opacity-cowan-state/starout.h5
51029.021931884556,1.4370779141993746e-17,fac-opacity-cowan-state,T51029_rho1p43708em17,0.14897904316111343,6.629472168640255e-24,0.14897904316111343,1.1926253382947888e-24,ok,/home/elads/STAR/full_grid_solar_opacity/runs/T51029_rho1p43708em17/fac-opacity-cowan-state/starout.h5
51029.021931884556,2.065192931479625e-17,fac-opacity-cowan-state,T51029_rho2p06519em17,0.14897904316111343,9.52460491158341e-24,0.14897904316111343,1.7134731166727097e-24,ok,/home/elads/STAR/full_grid_solar_opacity/runs/T51029_rho2p06519em17/fac-opacity-cowan-state/starout.h5
51029.021931884556,2.9678431503900313e-17,fac-opacity-cowan-state,T51029_rho2p96784em17,0.14897904316111343,1.3685334328341535e-23,0.14897904316111343,2.4620048560655356e-24,ok,/home/elads/STAR/full_grid_solar_opacity/runs/T51029_rho2p96784em17/fac-opacity-cowan-state/starout.h5
51029.021931884556,4.2650218442334076e-17,fac-opacity-cowan-state,T51029_rho4p26502em17,0.1489790431611135,1.9664903841090748e-23,0.14897904316111346,3.537749319412236e-24,ok,/home/elads/STAR/full_grid_solar_opacity/runs/T51029_rho4p26502em17/fac-opacity-cowan-state/starout.h5
51029.021931884556,6.129168695925715e-17,fac-opacity-cowan-state,T51029_rho6p12917em17,0.14897904316111377,2.8259014823494363e-23,0.14897904316111377,5.0838513563877095e-24,ok,/home/elads/STAR/full_grid_solar_opacity/runs/T51029_rho6p12917em17/fac-opacity-cowan-state/starout.h5
51029.021931884556,8.808092965317026e-17,fac-opacity-cowan-state,T51029_rho8p80809em17,0.1489790431611818,4.0610405987955195e-23,0.1489790431611818,7.305890501754134e-24,ok,/home/elads/STAR/full_grid_solar_opacity/runs/T51029_rho8p80809em17/fac-opacity-cowan-state/starout.h5
51029.021931884556,1.2657915866672028e-16,fac-opacity-cowan-state,T51029_rho1p26579em16,0.1489790431611818,5.8360317670629e-23,0.1489790431611818,1.0499133905076247e-23,ok,/home/elads/STAR/full_grid_solar_opacity/runs/T51029_rho1p26579em16/fac-opacity-cowan-state/starout.h5
51029.021931884556,1.819041133178821e-16,fac-opacity-cowan-state,T51029_rho1p81904em16,0.1489790431611953,8.38683235840973e-23,0.1489790431611953,1.5088073432359124e-23,ok,/home/elads/STAR/full_grid_solar_opacity/runs/T51029_rho1p81904em16/fac-opacity-cowan-state/starout.h5
51029.021931884556,2.6141038375114865e-16,fac-opacity-cowan-state,T51029_rho2p6141em16,0.14897904316112454,1.205253153848487e-22,0.1489790431611245,2.168273708681723e-23,ok,/home/elads/STAR/full_grid_solar_opacity/runs/T51029_rho2p6141em16/fac-opacity-cowan-state/starout.h5
51029.021931884556,3.7566708903116036e-16,fac-opacity-cowan-state,T51029_rho3p75667em16,0.14897904316089866,1.7320426912330534e-22,0.14897904316089866,3.1159782685947674e-23,ok,/home/elads/STAR/full_grid_solar_opacity/runs/T51029_rho3p75667em16/fac-opacity-cowan-state/starout.h5
51029.021931884556,5.398628767382507e-16,fac-opacity-cowan-state,T51029_rho5p39863em16,0.14897904316112742,2.489080294668714e-22,0.14897904316112742,4.477903520212416e-23,ok,/home/elads/STAR/full_grid_solar_opacity/runs/T51029_rho5p39863em16/fac-opacity-cowan-state/starout.h5
51029.021931884556,7.758250168566793e-16,fac-opacity-cowan-state,T51029_rho7p75825em16,0.14897904316112698,3.5770023211263343e-22,0.14897904316112695,6.435096252958865e-23,ok,/home/elads/STAR/full_grid_solar_opacity/runs/T51029_rho7p75825em16/fac-opacity-cowan-state/starout.h5
51029.021931884556,1.1149209970080914e-15,fac-opacity-cowan-state,T51029_rho1p11492em15,0.1489790431611095,5.140431029291064e-22,0.14897904316110944,9.247734686507508e-23,ok,/home/elads/STAR/full_grid_solar_opacity/runs/T51029_rho1p11492em15/fac-opacity-cowan-state/starout.h5
51029.021931884556,1.6022283408774753e-15,fac-opacity-cowan-state,T51029_rho1p60223em15,0.14897904316112745,7.38719988881559e-22,0.14897904316112742,1.3289715246726788e-22,ok,/home/elads/STAR/full_grid_solar_opacity/runs/T51029_rho1p60223em15/fac-opacity-cowan-state/starout.h5
51029.021931884556,2.3025269621793266e-15,fac-opacity-cowan-state,T51029_rho2p30253em15,0.14897904316112778,1.0615981772572731e-21,0.14897904316112778,1.9098356202820622e-22,ok,/home/elads/STAR/full_grid_solar_opacity/runs/T51029_rho2p30253em15/fac-opacity-cowan-state/starout.h5
51029.021931884556,3.308910644196489e-15,fac-opacity-cowan-state,T51029_rho3p30891em15,0.14897904316113464,1.5255992894951847e-21,0.14897904316113464,2.744582583031537e-22,ok,/home/elads/STAR/full_grid_solar_opacity/runs/T51029_rho3p30891em15/fac-opacity-cowan-state/starout.h5
51029.021931884556,4.755162406834019e-15,fac-opacity-cowan-state,T51029_rho4p75516em15,0.1489790431611276,2.1924050153533416e-21,0.1489790431611276,3.9441789626127077e-22,ok,/home/elads/STAR/full_grid_solar_opacity/runs/T51029_rho4p75516em15/fac-opacity-cowan-state/starout.h5
51029.021931884556,6.8335388732923106e-15,fac-opacity-cowan-state,T51029_rho6p83354em15,0.1489790431611207,3.1506567904646452e-21,0.1489790431611207,5.668092411139355e-22,ok,/home/elads/STAR/full_grid_solar_opacity/runs/T51029_rho6p83354em15/fac-opacity-cowan-state/starout.h5
51029.021931884556,9.820327790631256e-15,fac-opacity-cowan-state,T51029_rho9p82033em15,0.1489790431611244,4.527739204556644e-21,0.14897904316112434,8.145490277675714e-22,ok,/home/elads/STAR/full_grid_solar_opacity/runs/T51029_rho9p82033em15/fac-opacity-cowan-state/starout.h5
51029.021931884556,1.4112576178114521e-14,fac-opacity-cowan-state,T51029_rho1p41126em14,0.14897904316115151,6.5067138573009486e-21,0.14897904316115146,1.1705703913136794e-21,ok,/home/elads/STAR/full_grid_solar_opacity/runs/T51029_rho1p41126em14/fac-opacity-cowan-state/starout.h5
51029.021931884556,2.0280871538024598e-14,fac-opacity-cowan-state,T51029_rho2p02809em14,0.148979043161127,9.35065452326145e-21,0.14897904316112698,1.6822008105315882e-21,ok,/home/elads/STAR/full_grid_solar_opacity/runs/T51029_rho2p02809em14/fac-opacity-cowan-state/starout.h5
51029.021931884556,2.914519256800997e-14,fac-opacity-cowan-state,T51029_rho2p91452em14,0.1489790431611276,1.3437618652156054e-20,0.1489790431611276,2.4174535516816864e-21,ok,/home/elads/STAR/full_grid_solar_opacity/runs/T51029_rho2p91452em14/fac-opacity-cowan-state/starout.h5
51029.021931884556,4.188391254457488e-14,fac-opacity-cowan-state,T51029_rho4p18839em14,0.1489790431611267,1.9310904118504875e-20,0.14897904316112667,3.4740689547537585e-21,ok,/home/elads/STAR/full_grid_solar_opacity/runs/T51029_rho4p18839em14/fac-opacity-cowan-state/starout.h5
51029.021931884556,6.019044567806669e-14,fac-opacity-cowan-state,T51029_rho6p01904em14,0.14897904316112726,2.7751272163019866e-20,0.14897904316112726,4.992507477922348e-21,ok,/home/elads/STAR/full_grid_solar_opacity/runs/T51029_rho6p01904em14/fac-opacity-cowan-state/starout.h5
51029.021931884556,8.649836012976684e-14,fac-opacity-cowan-state,T51029_rho8p64984em14,0.14897904316112684,3.988073768551242e-20,0.14897904316112678,7.17462177334734e-21,ok,/home/elads/STAR/full_grid_solar_opacity/runs/T51029_rho8p64984em14/fac-opacity-cowan-state/starout.h5
51029.021931884556,1.2430488295695167e-13,fac-opacity-cowan-state,T51029_rho1p24305em13,0.1489790431611267,5.731172254690666e-20,0.1489790431611267,1.0310489632946809e-20,ok,/home/elads/STAR/full_grid_solar_opacity/runs/T51029_rho1p24305em13/fac-opacity-cowan-state/starout.h5
51029.021931884556,1.7863580192457348e-13,fac-opacity-cowan-state,T51029_rho1p78636em13,0.1489790431611236,8.236140301729047e-20,0.14897904316112362,1.4816975662807114e-20,ok,/home/elads/STAR/full_grid_solar_opacity/runs/T51029_rho1p78636em13/fac-opacity-cowan-state/starout.h5
51029.021931884556,2.567135656310987e-13,fac-opacity-cowan-state,T51029_rho2p56714em13,0.14897904316112726,1.1835974025142905e-19,0.14897904316112726,2.1293146238297248e-20,ok,/home/elads/STAR/full_grid_solar_opacity/runs/T51029_rho2p56714em13/fac-opacity-cowan-state/starout.h5
51029.021931884556,3.6891739544382357e-13,fac-opacity-cowan-state,T51029_rho3p68917em13,0.14897904316112717,1.700921480100978e-19,0.14897904316112717,3.0599906513386913e-20,ok,/home/elads/STAR/full_grid_solar_opacity/runs/T51029_rho3p68917em13/fac-opacity-cowan-state/starout.h5
51029.021931884556,5.301630411562758e-13,fac-opacity-cowan-state,T51029_rho5p30163em13,0.14897904316112723,2.444356416799948e-19,0.14897904316112717,4.397444501134425e-20,ok,/home/elads/STAR/full_grid_solar_opacity/runs/T51029_rho5p30163em13/fac-opacity-cowan-state/starout.h5
51029.021931884556,7.618855973704612e-13,fac-opacity-cowan-state,T51029_rho7p61886em13,0.14897904316112343,3.51273026562988e-19,0.14897904316112343,6.319469739519929e-20,ok,/home/elads/STAR/full_grid_solar_opacity/runs/T51029_rho7p61886em13/fac-opacity-cowan-state/starout.h5
51029.021931884556,1.0948889651276868e-12,fac-opacity-cowan-state,T51029_rho1p09489em12,0.14897904316112717,5.048066777528687e-19,0.14897904316112717,9.081569860481806e-20,ok,/home/elads/STAR/full_grid_solar_opacity/runs/T51029_rho1p09489em12/fac-opacity-cowan-state/starout.h5
51029.021931884556,1.5734407502856082e-12,fac-opacity-cowan-state,T51029_rho1p57344em12,0.14897904316112628,7.254465310834479e-19,0.14897904316112628,1.3050923530990005e-19,ok,/home/elads/STAR/full_grid_solar_opacity/runs/T51029_rho1p57344em12/fac-opacity-cowan-state/starout.h5
51029.021931884556,2.26115695153675e-12,fac-opacity-cowan-state,T51029_rho2p26116em12,0.14897904316112615,1.0425233008717751e-18,0.1489790431611262,1.8755195965910568e-19,ok,/home/elads/STAR/full_grid_solar_opacity/runs/T51029_rho2p26116em12/fac-opacity-cowan-state/starout.h5
51029.021931884556,3.249458715591849e-12,fac-opacity-cowan-state,T51029_rho3p24946em12,0.1489790431611256,1.498187624924035e-18,0.1489790431611256,2.6952685105430245e-19,ok,/home/elads/STAR/full_grid_solar_opacity/runs/T51029_rho3p24946em12/fac-opacity-cowan-state/starout.h5
51029.021931884556,4.669725353279713e-12,fac-opacity-cowan-state,T51029_rho4p66973em12,0.1489790431611249,2.1530134284614277e-18,0.14897904316112487,3.873312721921705e-19,ok,/home/elads/STAR/full_grid_solar_opacity/runs/T51029_rho4p66973em12/fac-opacity-cowan-state/starout.h5
51029.021931884556,6.710759170575148e-12,fac-opacity-cowan-state,T51029_rho6p71076em12,0.14897904316111935,3.0940504729429436e-18,0.14897904316111937,5.566256371184053e-19,ok,/home/elads/STAR/full_grid_solar_opacity/runs/T51029_rho6p71076em12/fac-opacity-cowan-state/starout.h5
51029.021931884556,9.64388379154446e-12,fac-opacity-cowan-state,T51029_rho9p64388em12,0.14897904316112354,4.446396450333182e-18,0.14897904316112354,7.999152503860406e-19,ok,/home/elads/STAR/full_grid_solar_opacity/runs/T51029_rho9p64388em12/fac-opacity-cowan-state/starout.h5
51029.021931884556,1.3859012403933867e-11,fac-opacity-cowan-state,T51029_rho1p3859em11,0.1489790431611157,6.389826925640076e-18,0.1489790431611157,1.149542063123706e-18,ok,/home/elads/STAR/full_grid_solar_opacity/runs/T51029_rho1p3859em11/fac-opacity-cowan-state/starout.h5
51029.021931884556,1.9916480638308542e-11,fac-opacity-cowan-state,T51029_rho1p99165em11,0.14897904316111887,9.182693264884746e-18,0.14897904316111887,1.6519839605698753e-18,ok,/home/elads/STAR/full_grid_solar_opacity/runs/T51029_rho1p99165em11/fac-opacity-cowan-state/starout.h5
51029.021931884556,2.8621534453892672e-11,fac-opacity-cowan-state,T51029_rho2p86215em11,0.14897904316111601,1.3196265142734651e-17,0.14897904316111601,2.374033037371568e-18,ok,/home/elads/STAR/full_grid_solar_opacity/runs/T51029_rho2p86215em11/fac-opacity-cowan-state/starout.h5
51029.021931884556,4.1131375034185614e-11,fac-opacity-cowan-state,T51029_rho4p11314em11,0.1489790431611102,1.8964081723828227e-17,0.14897904316111021,3.411674026614172e-18,ok,/home/elads/STAR/full_grid_solar_opacity/runs/T51029_rho4p11314em11/fac-opacity-cowan-state/starout.h5
51029.021931884556,5.910899064227969e-11,fac-opacity-cowan-state,T51029_rho5p9109em11,0.1489790431611036,2.7252874311095363e-17,0.14897904316110358,4.902843380645144e-18,ok,/home/elads/STAR/full_grid_solar_opacity/runs/T51029_rho5p9109em11/fac-opacity-cowan-state/starout.h5
51029.021931884556,8.4944224982638e-11,fac-opacity-cowan-state,T51029_rho8p49442em11,0.14897904316109295,3.9164493481179995e-17,0.14897904316109295,7.045766162429971e-18,ok,/home/elads/STAR/full_grid_solar_opacity/runs/T51029_rho8p49442em11/fac-opacity-cowan-state/starout.h5
51029.021931884556,1.2207146966133182e-10,fac-opacity-cowan-state,T51029_rho1p22071em10,0.14897904316107716,5.628239833875185e-17,0.1489790431610771,1.01253097211861e-17,ok,/home/elads/STAR/full_grid_solar_opacity/runs/T51029_rho1p22071em10/fac-opacity-cowan-state/starout.h5
51029.021931884556,1.7542621300415897e-10,fac-opacity-cowan-state,T51029_rho1p75426em10,0.14897904316105534,8.088217447202963e-17,0.14897904316105534,1.4550855874227227e-17,ok,/home/elads/STAR/full_grid_solar_opacity/runs/T51029_rho1p75426em10/fac-opacity-cowan-state/starout.h5
51029.021931884556,2.52101136279913e-10,fac-opacity-cowan-state,T51029_rho2p52101em10,0.14897904316102442,1.1623404438422376e-16,0.14897904316102442,2.091072315720446e-17,ok,/home/elads/STAR/full_grid_solar_opacity/runs/T51029_rho2p52101em10/fac-opacity-cowan-state/starout.h5
51029.021931884556,3.6228897509242966e-10,fac-opacity-cowan-state,T51029_rho3p62289em10,0.14897904316086785,1.670375773774534e-16,0.14897904316086785,3.0050371425592824e-17,ok,/home/elads/STAR/full_grid_solar_opacity/runs/T51029_rho3p62289em10/fac-opacity-cowan-state/starout.h5
51029.021931884556,5.20637484663258e-10,fac-opacity-cowan-state,T51029_rho5p20637em10,0.1489790431609183,2.400465565295707e-16,0.14897904316091834,4.31848143812266e-17,ok,/home/elads/STAR/full_grid_solar_opacity/runs/T51029_rho5p20637em10/fac-opacity-cowan-state/starout.h5
51029.021931884556,7.481966305138837e-10,fac-opacity-cowan-state,T51029_rho7p48197em10,0.14897904316082478,3.4496735927309504e-16,0.14897904316082478,6.206023125140528e-17,ok,/home/elads/STAR/full_grid_solar_opacity/runs/T51029_rho7p48197em10/fac-opacity-cowan-state/starout.h5
51029.021931884556,1.0752168531898921e-09,fac-opacity-cowan-state,T51029_rho1p07522em09,0.14897904316069363,4.957490891531536e-16,0.14897904316069366,8.918606308630306e-17,ok,/home/elads/STAR/full_grid_solar_opacity/runs/T51029_rho1p07522em09/fac-opacity-cowan-state/starout.h5
51029.021931884556,1.5451703926941453e-09,fac-opacity-cowan-state,T51029_rho1p54517em09,0.1489790431605172,7.124334453337349e-16,0.14897904316051724,1.2816786430795536e-16,ok,/home/elads/STAR/full_grid_solar_opacity/runs/T51029_rho1p54517em09/fac-opacity-cowan-state/starout.h5
51029.021931884556,2.220530245015531e-09,fac-opacity-cowan-state,T51029_rho2p22053em09,0.1489790431602405,1.02382036023401e-15,0.1489790431602406,1.8418683408677702e-16,ok,/home/elads/STAR/full_grid_solar_opacity/runs/T51029_rho2p22053em09/fac-opacity-cowan-state/starout.h5
51029.021931884556,3.1910749729235452e-09,fac-opacity-cowan-state,T51029_rho3p19107em09,0.14897904315986374,1.4713053334812439e-15,0.1489790431598639,2.6469003354056543e-16,ok,/home/elads/STAR/full_grid_solar_opacity/runs/T51029_rho3p19107em09/fac-opacity-cowan-state/starout.h5
51029.021931884556,4.585823366142813e-09,fac-opacity-cowan-state,T51029_rho4p58582em09,0.14897904315933302,2.114375949634027e-15,0.14897904315933322,3.8037929900227023e-16,ok,/home/elads/STAR/full_grid_solar_opacity/runs/T51029_rho4p58582em09/fac-opacity-cowan-state/starout.h5
51029.021931884556,6.590185477903269e-09,fac-opacity-cowan-state,T51029_rho6p59019em09,0.14897904315779698,3.0385227207487318e-15,0.14897904315779725,5.466343806740749e-16,ok,/home/elads/STAR/full_grid_solar_opacity/runs/T51029_rho6p59019em09/fac-opacity-cowan-state/starout.h5
51029.021931884556,9.470610000772238e-09,fac-opacity-cowan-state,T51029_rho9p47061em09,0.14897904315751173,4.366595903534283e-15,0.14897904315751212,7.8555606819119865e-16,ok,/home/elads/STAR/full_grid_solar_opacity/runs/T51029_rho9p47061em09/fac-opacity-cowan-state/starout.h5
51029.021931884556,1.3610004466105506e-08,fac-opacity-cowan-state,T51029_rho1p361em08,0.13503163225470902,6.271369523668828e-15,0.13503163225470965,1.128582670616761e-15,ok,/home/elads/STAR/full_grid_solar_opacity/runs/T51029_rho1p361em08/fac-opacity-cowan-state/starout.h5
51029.021931884556,1.9558636830395073e-08,fac-opacity-cowan-state,T51029_rho1p95586em08,0.13503163225299006,9.022199145046437e-15,0.1350316322529909,1.6227081826600386e-15,ok,/home/elads/STAR/full_grid_solar_opacity/runs/T51029_rho1p95586em08/fac-opacity-cowan-state/starout.h5
51029.021931884556,2.810728502080722e-08,fac-opacity-cowan-state,T51029_rho2p81073em08,0.1350316322507288,1.2953658552484327e-14,0.13503163225073017,2.330912029794762e-15,ok,/home/elads/STAR/full_grid_solar_opacity/runs/T51029_rho2p81073em08/fac-opacity-cowan-state/starout.h5
51029.021931884556,4.039235853150913e-08,fac-opacity-cowan-state,T51029_rho4p03924em08,0.13503163224777126,1.862658032993455e-14,0.1350316322477731,3.3506681284895286e-15,ok,/home/elads/STAR/full_grid_solar_opacity/runs/T51029_rho4p03924em08/fac-opacity-cowan-state/starout.h5
51029.021931884556,5.804696634805446e-08,fac-opacity-cowan-state,T51029_rho5p8047em08,0.13503163224407594,2.6756152428342298e-14,0.13503163224407866,4.814132989914743e-15,ok,/home/elads/STAR/full_grid_solar_opacity/runs/T51029_rho5p8047em08/fac-opacity-cowan-state/starout.h5
51029.021931884556,8.341801332506338e-08,fac-opacity-cowan-state,T51029_rho8p3418em08,0.13503163223936215,3.8452437584604596e-14,0.13503163223936598,6.918369536226207e-15,ok,/home/elads/STAR/full_grid_solar_opacity/runs/T51029_rho8p3418em08/fac-opacity-cowan-state/starout.h5
51029.021931884556,1.1987818459583772e-07,fac-opacity-cowan-state,T51029_rho1p19878em07,0.1350316322335802,5.5261506648063745e-14,0.13503163223358572,9.942365233774236e-15,ok,/home/elads/STAR/full_grid_solar_opacity/runs/T51029_rho1p19878em07/fac-opacity-cowan-state/starout.h5
51029.021931884556,1.7227429147699408e-07,fac-opacity-cowan-state,T51029_rho1p72274em07,0.13503163222647663,7.941008255699393e-14,0.13503163222648465,1.4287424064350134e-14,ok,/home/elads/STAR/full_grid_solar_opacity/runs/T51029_rho1p72274em07/fac-opacity-cowan-state/starout.h5
51029.021931884556,2.4757157946593376e-07,fac-opacity-cowan-state,T51029_rho2p47572em07,0.1350316322178502,1.1420438676330092e-13,0.13503163221786182,2.053942682818915e-14,ok,/home/elads/STAR/full_grid_solar_opacity/runs/T51029_rho2p47572em07/fac-opacity-cowan-state/starout.h5
51029.021931884556,3.557796490339488e-07,fac-opacity-cowan-state,T51029_rho3p5578em07,0.13503163220757816,1.6400711710396885e-13,0.13503163220759484,2.950676185211431e-14,ok,/home/elads/STAR/full_grid_solar_opacity/runs/T51029_rho3p5578em07/fac-opacity-cowan-state/starout.h5
51029.021931884556,5.112830759482948e-07,fac-opacity-cowan-state,T51029_rho5p11283em07,0.1350316321949848,2.3575003281328553e-13,0.13503163219500836,4.240782969986978e-14,ok,/home/elads/STAR/full_grid_solar_opacity/runs/T51029_rho5p11283em07/fac-opacity-cowan-state/starout.h5
51029.021931884556,7.347536163492159e-07,fac-opacity-cowan-state,T51029_rho7p34754em07,0.13503163217984854,3.3870105141162467e-13,0.13503163217988273,6.093531198858199e-14,ok,/home/elads/STAR/full_grid_solar_opacity/runs/T51029_rho7p34754em07/fac-opacity-cowan-state/starout.h5
51029.021931884556,1.0558981944335787e-06,fac-opacity-cowan-state,T51029_rho1p0559em06,0.13503163216168765,4.86807779063272e-13,0.13503163216173647,8.757190188876353e-14,ok,/home/elads/STAR/full_grid_solar_opacity/runs/T51029_rho1p0559em06/fac-opacity-cowan-state/starout.h5
51029.021931884556,1.517407974863493e-06,fac-opacity-cowan-state,T51029_rho1p51741em06,0.13503163213995587,6.995612919027582e-13,0.13503163214002606,1.2584820034212686e-13,ok,/home/elads/STAR/full_grid_solar_opacity/runs/T51029_rho1p51741em06/fac-opacity-cowan-state/starout.h5
51029.021931884556,2.1806334875063253e-06,fac-opacity-cowan-state,T51029_rho2p18063em06,0.13503163211405358,1.0053646767924654e-12,0.13503163211415428,1.8085567305627677e-13,ok,/home/elads/STAR/full_grid_solar_opacity/runs/T51029_rho2p18063em06/fac-opacity-cowan-state/starout.h5
51029.021931884556,3.1337402238588983e-06,fac-opacity-cowan-state,T51029_rho3p13374em06,0.13503163208326338,1.4447490562374672e-12,0.13503163208340815,2.599004665284233e-13,ok,/home/elads/STAR/full_grid_solar_opacity/runs/T51029_rho3p13374em06/fac-opacity-cowan-state/starout.h5
51029.021931884556,4.503428864545845e-06,fac-opacity-cowan-state,T51029_rho4p50343em06,0.13503163204627003,2.076236873067164e-12,0.13503163204647817,3.73493949842428e-13,ok,/home/elads/STAR/full_grid_solar_opacity/runs/T51029_rho4p50343em06/fac-opacity-cowan-state/starout.h5
51029.021931884556,6.471778159406801e-06,fac-opacity-cowan-state,T51029_rho6p47178em06,0.1350316320023569,2.983747903940158e-12,0.1350316320026554,5.367471689766291e-13,ok,/home/elads/STAR/full_grid_solar_opacity/runs/T51029_rho6p47178em06/fac-opacity-cowan-state/starout.h5
51029.021931884556,9.300449458481393e-06,fac-opacity-cowan-state,T51029_rho9p30045em06,0.1350316319493173,4.288006070367831e-12,0.13503163194974682,7.713528263144976e-13,ok,/home/elads/STAR/full_grid_solar_opacity/runs/T51029_rho9p30045em06/fac-opacity-cowan-state/starout.h5
51029.021931884556,1.3365470508911143e-05,fac-opacity-cowan-state,T51029_rho1p33655em05,0.1350316318897311,6.162015256496984e-12,0.13503163189034842,1.1084529032835371e-12,ok,/home/elads/STAR/full_grid_solar_opacity/runs/T51029_rho1p33655em05/fac-opacity-cowan-state/starout.h5
51029.021931884556,1.920722248123928e-05,fac-opacity-cowan-state,T51029_rho1p92072em05,0.13503163181392555,8.854949785573136e-12,0.13503163181481315,1.5928495288059436e-12,ok,/home/elads/STAR/full_grid_solar_opacity/runs/T51029_rho1p92072em05/fac-opacity-cowan-state/starout.h5
51029.021931884556,2.760227522090268e-05,fac-opacity-cowan-state,T51029_rho2p76023em05,0.13503163173113666,1.2725335922121244e-11,0.13503163173241184,2.2890264046538748e-12,ok,/home/elads/STAR/full_grid_solar_opacity/runs/T51029_rho2p76023em05/fac-opacity-cowan-state/starout.h5
51029.021931884556,3.966662010161191e-05,fac-opacity-cowan-state,T51029_rho3p96666em05,0.13503163162257364,1.8287593072781912e-11,0.13503163162440626,3.2894787026348193e-12,ok,/home/elads/STAR/full_grid_solar_opacity/runs/T51029_rho3p96666em05/fac-opacity-cowan-state/starout.h5
51029.021931884556,5.7004023678963655e-05,fac-opacity-cowan-state,T51029_rho5p7004em05,0.13503163149459427,2.6280428246135938e-11,0.1350316314972283,4.727066627407253e-12,ok,/home/elads/STAR/full_grid_solar_opacity/runs/T51029_rho5p7004em05/fac-opacity-cowan-state/starout.h5
51029.021931884556,8.191922344953684e-05,fac-opacity-cowan-state,T51029_rho8p19192em05,0.13503163178160502,3.77668703153759e-11,0.13503163178538957,6.792940634490496e-12,ok,/home/elads/STAR/full_grid_solar_opacity/runs/T51029_rho8p19192em05/fac-opacity-cowan-state/starout.h5
51029.021931884556,0.00011772430676769293,fac-opacity-cowan-state,T51029_rho0p000117724,0.13503163260532008,5.427378507675798e-11,0.13503163261075848,9.76160576261537e-12,ok,/home/elads/STAR/full_grid_solar_opacity/runs/T51029_rho0p000117724/fac-opacity-cowan-state/starout.h5
51029.021931884556,0.00016917900122028344,fac-opacity-cowan-state,T51029_rho0p000169179,0.13503163200134202,7.865003373427654e-11,0.1350316320092595,1.4187053089807897e-11,ok,/home/elads/STAR/full_grid_solar_opacity/runs/T51029_rho0p000169179/fac-opacity-cowan-state/starout.h5
51029.021931884556,0.0002431234061999784,fac-opacity-cowan-state,T51029_rho0p000243123,0.13503163316009403,1.129984457553064e-10,0.1350316331714669,2.0380853560235114e-11,ok,/home/elads/STAR/full_grid_solar_opacity/runs/T51029_rho0p000243123/fac-opacity-cowan-state/starout.h5
51029.021931884556,0.0003493872774749123,fac-opacity-cowan-state,T51029_rho0p000349387,0.13503162611696348,1.6240874765936523e-10,0.1350316261333104,2.9292812727864666e-11,ok,/home/elads/STAR/full_grid_solar_opacity/runs/T51029_rho0p000349387/fac-opacity-cowan-state/starout.h5
51029.021931884556,0.0005020967399614471,fac-opacity-cowan-state,T51029_rho0p000502097,0.13503163220305228,2.3324110421609967e-10,0.13503163222652037,4.205702506879544e-11,ok,/home/elads/STAR/full_grid_solar_opacity/runs/T51029_rho0p000502097/fac-opacity-cowan-state/starout.h5
51029.021931884556,0.0007215521357901021,fac-opacity-cowan-state,T51029_rho0p000721552,0.13503162925528134,3.3536926943354574e-10,0.13503162928903442,6.048107001367732e-11,ok,/home/elads/STAR/full_grid_solar_opacity/runs/T51029_rho0p000721552/fac-opacity-cowan-state/starout.h5
51029.021931884556,0.0010369266382873438,fac-opacity-cowan-state,T51029_rho0p00103693,0.1350316249482163,4.817179716726085e-10,0.1350316249966849,8.685318918934463e-11,ok,/home/elads/STAR/full_grid_solar_opacity/runs/T51029_rho0p00103693/fac-opacity-cowan-state/starout.h5
51029.021931884556,0.0014901443705277455,fac-opacity-cowan-state,T51029_rho0p00149014,0.13503162693375093,6.922867911963617e-10,0.13503162700340576,1.248113118362382e-10,ok,/home/elads/STAR/full_grid_solar_opacity/runs/T51029_rho0p00149014/fac-opacity-cowan-state/starout.h5
51029.021931884556,0.002141453563853953,fac-opacity-cowan-state,T51029_rho0p00214145,0.1350316255599994,9.946036004683891e-10,0.13503162566005375,1.7928130425790184e-10,ok,/home/elads/STAR/full_grid_solar_opacity/runs/T51029_rho0p00214145/fac-opacity-cowan-state/starout.h5
51029.021931884556,0.003077435620898055,fac-opacity-cowan-state,T51029_rho0p00307744,0.13503162595664994,1.4289074355208548e-09,0.13503162610036437,2.5751068928721986e-10,ok,/home/elads/STAR/full_grid_solar_opacity/runs/T51029_rho0p00307744/fac-opacity-cowan-state/starout.h5
51029.021931884556,0.004422514763163053,fac-opacity-cowan-state,T51029_rho0p00442251,0.13503162540315206,2.0535156051897506e-09,0.13503162560968168,3.700312802142368e-10,ok,/home/elads/STAR/full_grid_solar_opacity/runs/T51029_rho0p00442251/fac-opacity-cowan-state/starout.h5
51029.021931884556,0.006355498291362301,fac-opacity-cowan-state,T51029_rho0p0063555,0.13503163041474045,2.9501121255185344e-09,0.13503163071136703,5.314453081451788e-10,ok,/home/elads/STAR/full_grid_solar_opacity/runs/T51029_rho0p0063555/fac-opacity-cowan-state/starout.h5
51029.021931884556,0.009133346228248624,fac-opacity-cowan-state,T51029_rho0p00913335,0.13503162789271703,4.237996155964295e-09,0.13503162831871404,7.632079981107185e-10,ok,/home/elads/STAR/full_grid_solar_opacity/runs/T51029_rho0p00913335/fac-opacity-cowan-state/starout.h5
51029.021931884556,0.01312533014735226,fac-opacity-cowan-state,T51029_rho0p0131253,0.13503162603800165,6.08923812919172e-09,0.13503162664995844,1.096286130327482e-09,ok,/home/elads/STAR/full_grid_solar_opacity/runs/T51029_rho0p0131253/fac-opacity-cowan-state/starout.h5
51029.021931884556,0.018862122071335155,fac-opacity-cowan-state,T51029_rho0p0188621,0.13503162479663078,8.748861864938643e-09,0.13503162567566357,1.5745950878352327e-09,ok,/home/elads/STAR/full_grid_solar_opacity/runs/T51029_rho0p0188621/fac-opacity-cowan-state/starout.h5
51029.021931884556,0.02710633904364831,fac-opacity-cowan-state,T51029_rho0p0271063,0.1350316240126527,1.2569729615884785e-08,0.13503162527521037,2.261372860337062e-09,ok,/home/elads/STAR/full_grid_solar_opacity/runs/T51029_rho0p0271063/fac-opacity-cowan-state/starout.h5
51029.021931884556,0.038953921174427183,fac-opacity-cowan-state,T51029_rho0p0389539,0.1350316234282389,1.8058430648506642e-08,0.13503162524145887,3.247310551492673e-09,ok,/home/elads/STAR/full_grid_solar_opacity/runs/T51029_rho0p0389539/fac-opacity-cowan-state/starout.h5
51029.021931884556,0.0559798197912329,fac-opacity-cowan-state,T51029_rho0p0559798,0.13503161626580307,2.59422532116788e-08,0.13503161886949042,4.6624176847913636e-09,ok,/home/elads/STAR/full_grid_solar_opacity/runs/T51029_rho0p0559798/fac-opacity-cowan-state/starout.h5
51029.021931884556,0.08044736266284185,fac-opacity-cowan-state,T51029_rho0p0804474,0.13503161575354425,3.726540693427823e-08,0.1350316194917104,6.6930703776937365e-09,ok,/home/elads/STAR/full_grid_solar_opacity/runs/T51029_rho0p0804474/fac-opacity-cowan-state/starout.h5
51029.021931884556,0.11560912813835741,fac-opacity-cowan-state,T51029_rho0p115609,0.1350316157985362,5.352723280963748e-08,0.1350316211646138,9.606429780654861e-09,ok,/home/elads/STAR/full_grid_solar_opacity/runs/T51029_rho0p115609/fac-opacity-cowan-state/starout.h5
51029.021931884556,0.1661393247274789,fac-opacity-cowan-state,T51029_rho0p166139,0.13503161700230934,7.68809266700128e-08,0.1350316247040171,1.378546874281291e-08,ok,/home/elads/STAR/full_grid_solar_opacity/runs/T51029_rho0p166139/fac-opacity-cowan-state/starout.h5
51029.021931884556,0.23875515424585794,fac-opacity-cowan-state,T51029_rho0p238755,0.1350316199369695,1.1041795984443892e-07,0.13503163098921442,1.977891900516372e-08,ok,/home/elads/STAR/full_grid_solar_opacity/runs/T51029_rho0p238755/fac-opacity-cowan-state/starout.h5
51029.021931884556,0.34310975906798746,fac-opacity-cowan-state,T51029_rho0p34311,0.13503160976932832,1.585876430806096e-07,0.13503162562887183,2.8375277750756972e-08,ok,/home/elads/STAR/full_grid_solar_opacity/runs/T51029_rho0p34311/fac-opacity-cowan-state/starout.h5
51029.021931884556,0.49307545690287347,fac-opacity-cowan-state,T51029_rho0p493075,0.13503160656551713,2.2777707637990891e-07,0.1350316293223414,4.070366110750824e-08,ok,/home/elads/STAR/full_grid_solar_opacity/runs/T51029_rho0p493075/fac-opacity-cowan-state/starout.h5
51029.021931884556,0.7085878491488851,fac-opacity-cowan-state,T51029_rho0p708588,0.13503160085160357,3.271705543239522e-07,0.13503163350507416,5.838381609004499e-08,ok,/home/elads/STAR/full_grid_solar_opacity/runs/T51029_rho0p708588/fac-opacity-cowan-state/starout.h5
51029.021931884556,1.0182959482819007,fac-opacity-cowan-state,T51029_rho1p0183,0.13503159227738573,4.699697622308144e-07,0.13503163913226446,8.373776995084151e-08,ok,/home/elads/STAR/full_grid_solar_opacity/runs/T51029_rho1p0183/fac-opacity-cowan-state/starout.h5
51029.021931884556,1.4633706173946401,fac-opacity-cowan-state,T51029_rho1p46337,0.13503157820792128,6.751483625284604e-07,0.13503164544147486,1.2009180795726185e-07,ok,/home/elads/STAR/full_grid_solar_opacity/runs/T51029_rho1p46337/fac-opacity-cowan-state/starout.h5
51029.021931884556,2.1029775945461404,fac-opacity-cowan-state,T51029_rho2p10298,0.13503155763545227,9.699695299211286e-07,0.1350316541090905,1.7220688301917542e-07,ok,/home/elads/STAR/full_grid_solar_opacity/runs/T51029_rho2p10298/fac-opacity-cowan-state/starout.h5
51029.021931884556,3.0221426551783854,fac-opacity-cowan-state,T51029_rho3p02214,0.13503152672730848,1.3936206396538483e-06,0.1350316651526214,2.468990172646142e-07,ok,/home/elads/STAR/full_grid_solar_opacity/runs/T51029_rho3p02214/fac-opacity-cowan-state/starout.h5
51029.021931884556,4.343054463316713,fac-opacity-cowan-state,T51029_rho4p34305,0.13503148057790754,2.0024040401056347e-06,0.13503167918092182,3.539116966919607e-07,ok,/home/elads/STAR/full_grid_solar_opacity/runs/T51029_rho4p34305/fac-opacity-cowan-state/starout.h5
51029.021931884556,6.241307649397467,fac-opacity-cowan-state,T51029_rho6p24131,0.1350314181303395,2.8772240030023074e-06,0.13503170303571335,5.071688418797062e-07,ok,/home/elads/STAR/full_grid_solar_opacity/runs/T51029_rho6p24131/fac-opacity-cowan-state/starout.h5
51029.021931884556,8.969245378672715,fac-opacity-cowan-state,T51029_rho8p96925,0.13503131651429476,4.13432798786065e-06,0.13503172515489278,7.265523839375288e-07,ok,/home/elads/STAR/full_grid_solar_opacity/runs/T51029_rho8p96925/fac-opacity-cowan-state/starout.h5
51029.021931884556,12.889504440725364,fac-opacity-cowan-state,T51029_rho12p8895,0.13503120171329455,5.940745864366735e-06,0.13503178770264118,1.0404266168682698e-06,ok,/home/elads/STAR/full_grid_solar_opacity/runs/T51029_rho12p8895/fac-opacity-cowan-state/starout.h5
51029.021931884556,18.52322215674118,fac-opacity-cowan-state,T51029_rho18p5232,0.1350309921002509,8.536442967490926e-06,0.1350318321905994,1.4892156302785932e-06,ok,/home/elads/STAR/full_grid_solar_opacity/runs/T51029_rho18p5232/fac-opacity-cowan-state/starout.h5
51029.021931884556,26.61931346126126,fac-opacity-cowan-state,T51029_rho26p6193,0.1350306612212949,1.2266156028968702e-05,0.1350318652324372,2.130467746519593e-06,ok,/home/elads/STAR/full_grid_solar_opacity/runs/T51029_rho26p6193/fac-opacity-cowan-state/starout.h5
51029.021931884556,38.254027466328665,fac-opacity-cowan-state,T51029_rho38p254,0.13503022573360832,1.7625085436038867e-05,0.13503195070722657,3.0460063200988434e-06,ok,/home/elads/STAR/full_grid_solar_opacity/runs/T51029_rho38p254/fac-opacity-cowan-state/starout.h5
51029.021931884556,54.97401800103719,fac-opacity-cowan-state,T51029_rho54p974,0.13502962516022868,2.5324428742724937e-05,0.1350320955108774,4.351994823752272e-06,ok,/home/elads/STAR/full_grid_solar_opacity/runs/T51029_rho54p974/fac-opacity-cowan-state/starout.h5
51029.021931884556,79.0019471240894,fac-opacity-cowan-state,T51029_rho79p0019,0.13502872491666137,3.6385353784294386e-05,0.13503226108477429,6.2130733109322095e-06,ok,/home/elads/STAR/full_grid_solar_opacity/runs/T51029_rho79p0019/fac-opacity-cowan-state/starout.h5
51029.021931884556,113.53195339077567,fac-opacity-cowan-state,T51029_rho113p532,0.13502743450227192,5.227371703855657e-05,0.13503249364005118,8.862154782573364e-06,ok,/home/elads/STAR/full_grid_solar_opacity/runs/T51029_rho113p532/fac-opacity-cowan-state/starout.h5
51029.021931884556,163.15426277379785,fac-opacity-cowan-state,T51029_rho163p154,0.1350255849648684,7.509278941069167e-05,0.13503281859520774,1.2628011238863293e-05,ok,/home/elads/STAR/full_grid_solar_opacity/runs/T51029_rho163p154/fac-opacity-cowan-state/starout.h5
51029.021931884556,234.46538763970608,fac-opacity-cowan-state,T51029_rho234p465,0.13502292333909174,0.00010785868552372539,0.1350332588983769,1.797355933608865e-05,ok,/home/elads/STAR/full_grid_solar_opacity/runs/T51029_rho234p465/fac-opacity-cowan-state/starout.h5
51029.021931884556,336.94503022121665,fac-opacity-cowan-state,T51029_rho336p945,0.13501912627793136,0.00015489323790042684,0.13503388215861423,2.554872230059497e-05,ok,/home/elads/STAR/full_grid_solar_opacity/runs/T51029_rho336p945/fac-opacity-cowan-state/starout.h5
51029.021931884556,484.21626123015125,fac-opacity-cowan-state,T51029_rho484p216,0.13501368140172745,0.00022238229570680442,0.13503472873464367,3.626286460434497e-05,ok,/home/elads/STAR/full_grid_solar_opacity/runs/T51029_rho484p216/fac-opacity-cowan-state/starout.h5
51029.021931884556,695.8564947100452,fac-opacity-cowan-state,T51029_rho695p856,0.13500585342035007,0.00031916629127711746,0.13503584277673844,5.138334831388918e-05,ok,/home/elads/STAR/full_grid_solar_opacity/runs/T51029_rho695p856/fac-opacity-cowan-state/starout.h5
51029.021931884556,1000.0,fac-opacity-cowan-state,T51029_rho1000,0.1349947056076619,0.00045785250968206296,0.1350373832298322,7.266826141512115e-05,ok,/home/elads/STAR/full_grid_solar_opacity/runs/T51029_rho1000/fac-opacity-cowan-state/starout.h5
56176.88293450572,1e-17,fac-opacity-cowan-state,T56176p9_rho1em17,0.14169533116459934,3.2918620712409297e-24,0.14169533116459934,5.721330549763537e-25,ok,/home/elads/STAR/full_grid_solar_opacity/runs/T56176p9_rho1em17/fac-opacity-cowan-state/starout.h5
56176.88293450572,1.4370779141993746e-17,fac-opacity-cowan-state,T56176p9_rho1p43708em17,0.14169533116459923,4.7291211586120956e-24,0.1416953311645992,8.219451650616554e-25,ok,/home/elads/STAR/full_grid_solar_opacity/runs/T56176p9_rho1p43708em17/fac-opacity-cowan-state/starout.h5
56176.88293450572,2.065192931479625e-17,fac-opacity-cowan-state,T56176p9_rho2p06519em17,0.1416953311645992,6.794574711821935e-24,0.1416953311645992,1.1809446739655926e-24,ok,/home/elads/STAR/full_grid_solar_opacity/runs/T56176p9_rho2p06519em17/fac-opacity-cowan-state/starout.h5
56176.88293450572,2.9678431503900313e-17,fac-opacity-cowan-state,T56176p9_rho2p96784em17,0.14169533116459918,9.762914045336863e-24,0.14169533116459915,1.6968743934986605e-24,ok,/home/elads/STAR/full_grid_solar_opacity/runs/T56176p9_rho2p96784em17/fac-opacity-cowan-state/starout.h5
56176.88293450572,4.2650218442334076e-17,fac-opacity-cowan-state,T56176p9_rho4p26502em17,0.14169533116459904,1.4028819155530857e-23,0.14169533116459898,2.438332815539179e-24,ok,/home/elads/STAR/full_grid_solar_opacity/runs/T56176p9_rho4p26502em17/fac-opacity-cowan-state/starout.h5
56176.88293450572,6.129168695925715e-17,fac-opacity-cowan-state,T56176p9_rho6p12917em17,0.14169533116459912,2.0159887838567024e-23,0.14169533116459912,3.503971313353201e-24,ok,/home/elads/STAR/full_grid_solar_opacity/runs/T56176p9_rho6p12917em17/fac-opacity-cowan-state/starout.h5
56176.88293450572,8.808092965317026e-17,fac-opacity-cowan-state,T56176p9_rho8p80809em17,0.14169533116459898,2.8971329595425666e-23,0.14169533116459898,5.0354797987883105e-24,ok,/home/elads/STAR/full_grid_solar_opacity/runs/T56176p9_rho8p80809em17/fac-opacity-cowan-state/starout.h5
56176.88293450572,1.2657915866672028e-16,fac-opacity-cowan-state,T56176p9_rho1p26579em16,0.1416953311645991,4.163405810323227e-23,0.14169533116459906,7.236376839183248e-24,ok,/home/elads/STAR/full_grid_solar_opacity/runs/T56176p9_rho1p26579em16/fac-opacity-cowan-state/starout.h5
56176.88293450572,1.819041133178821e-16,fac-opacity-cowan-state,T56176p9_rho1p81904em16,0.14169533116459893,5.98313856043734e-23,0.14169533116459893,1.039923735453431e-23,ok,/home/elads/STAR/full_grid_solar_opacity/runs/T56176p9_rho1p81904em16/fac-opacity-cowan-state/starout.h5
56176.88293450572,2.6141038375114865e-16,fac-opacity-cowan-state,T56176p9_rho2p6141em16,0.14169533116459893,8.598236312096832e-23,0.14169533116459893,1.4944514381193623e-23,ok,/home/elads/STAR/full_grid_solar_opacity/runs/T56176p9_rho2p6141em16/fac-opacity-cowan-state/starout.h5
56176.88293450572,3.7566708903116036e-16,fac-opacity-cowan-state,T56176p9_rho3p75667em16,0.1416953311645994,1.2356335576171317e-22,0.14169533116459934,2.1476431719461634e-23,ok,/home/elads/STAR/full_grid_solar_opacity/runs/T56176p9_rho3p75667em16/fac-opacity-cowan-state/starout.h5
56176.88293450572,5.398628767382507e-16,fac-opacity-cowan-state,T56176p9_rho5p39863em16,0.14169533116459884,1.775701701923544e-22,0.14169533116459884,3.0863305652068173e-23,ok,/home/elads/STAR/full_grid_solar_opacity/runs/T56176p9_rho5p39863em16/fac-opacity-cowan-state/starout.h5
56176.88293450572,7.758250168566793e-16,fac-opacity-cowan-state,T56176p9_rho7p75825em16,0.14169533116459898,2.551821714474401e-22,0.14169533116459898,4.435297516045181e-23,ok,/home/elads/STAR/full_grid_solar_opacity/runs/T56176p9_rho7p75825em16/fac-opacity-cowan-state/starout.h5
56176.88293450572,1.1149209970080914e-15,fac-opacity-cowan-state,T56176p9_rho1p11492em15,0.14169533116459862,3.6671666485457115e-22,0.14169533116459862,6.373868136701523e-23,ok,/home/elads/STAR/full_grid_solar_opacity/runs/T56176p9_rho1p11492em15/fac-opacity-cowan-state/starout.h5
56176.88293450572,1.6022283408774753e-15,fac-opacity-cowan-state,T56176p9_rho1p60223em15,0.14169533116459884,5.270004230541093e-22,0.14169533116459884,9.159745178114832e-23,ok,/home/elads/STAR/full_grid_solar_opacity/runs/T56176p9_rho1p60223em15/fac-opacity-cowan-state/starout.h5
56176.88293450572,2.3025269621793266e-15,fac-opacity-cowan-state,T56176p9_rho2p30253em15,0.14169533116459912,7.573406730477263e-22,0.14169533116459912,1.3163267561760573e-22,ok,/home/elads/STAR/full_grid_solar_opacity/runs/T56176p9_rho2p30253em15/fac-opacity-cowan-state/starout.h5
56176.88293450572,3.308910644196489e-15,fac-opacity-cowan-state,T56176p9_rho3p30891em15,0.14169533116459884,1.0883575626664392e-21,0.14169533116459884,1.8916641229899978e-22,ok,/home/elads/STAR/full_grid_solar_opacity/runs/T56176p9_rho3p30891em15/fac-opacity-cowan-state/starout.h5
56176.88293450572,4.755162406834019e-15,fac-opacity-cowan-state,T56176p9_rho4p75516em15,0.14169533116459865,1.5640546148484038e-21,0.14169533116459865,2.718468731098475e-22,ok,/home/elads/STAR/full_grid_solar_opacity/runs/T56176p9_rho4p75516em15/fac-opacity-cowan-state/starout.h5
56176.88293450572,6.8335388732923106e-15,fac-opacity-cowan-state,T56176p9_rho6p83354em15,0.1416953311645991,2.2476683501480835e-21,0.14169533116459906,3.9066513814691365e-22,ok,/home/elads/STAR/full_grid_solar_opacity/runs/T56176p9_rho6p83354em15/fac-opacity-cowan-state/starout.h5
56176.88293450572,9.820327790631256e-15,fac-opacity-cowan-state,T56176p9_rho9p82033em15,0.14169533116459698,3.2300745415367796e-21,0.14169533116459698,5.614162418002819e-22,ok,/home/elads/STAR/full_grid_solar_opacity/runs/T56176p9_rho9p82033em15/fac-opacity-cowan-state/starout.h5
56176.88293450572,1.4112576178114521e-14,fac-opacity-cowan-state,T56176p9_rho1p41126em14,0.1416953311645994,4.641868764186538e-21,0.14169533116459934,8.0679887821355e-22,ok,/home/elads/STAR/full_grid_solar_opacity/runs/T56176p9_rho1p41126em14/fac-opacity-cowan-state/starout.h5
56176.88293450572,2.0280871538024598e-14,fac-opacity-cowan-state,T56176p9_rho2p02809em14,0.1416953311645994,6.67072705062675e-21,0.1416953311645994,1.1594328429876411e-21,ok,/home/elads/STAR/full_grid_solar_opacity/runs/T56176p9_rho2p02809em14/fac-opacity-cowan-state/starout.h5
56176.88293450572,2.914519256800997e-14,fac-opacity-cowan-state,T56176p9_rho2p91452em14,0.14169533116459945,9.58635444379393e-21,0.14169533116459945,1.666195317057628e-21,ok,/home/elads/STAR/full_grid_solar_opacity/runs/T56176p9_rho2p91452em14/fac-opacity-cowan-state/starout.h5
56176.88293450572,4.188391254457488e-14,fac-opacity-cowan-state,T56176p9_rho4p18839em14,0.14169533116459893,1.3776338040199388e-20,0.14169533116459893,2.39445245401825e-21,ok,/home/elads/STAR/full_grid_solar_opacity/runs/T56176p9_rho4p18839em14/fac-opacity-cowan-state/starout.h5
56176.88293450572,6.019044567806669e-14,fac-opacity-cowan-state,T56176p9_rho6p01904em14,0.14169533116459673,1.9797670662372204e-20,0.14169533116459673,3.441014656754431e-21,ok,/home/elads/STAR/full_grid_solar_opacity/runs/T56176p9_rho6p01904em14/fac-opacity-cowan-state/starout.h5
56176.88293450572,8.649836012976684e-14,fac-opacity-cowan-state,T56176p9_rho8p64984em14,0.1416953311645992,2.8450794486581953e-20,0.1416953311645992,4.9450060329292495e-21,ok,/home/elads/STAR/full_grid_solar_opacity/runs/T56176p9_rho8p64984em14/fac-opacity-cowan-state/starout.h5
56176.88293450572,1.2430488295695167e-13,fac-opacity-cowan-state,T56176p9_rho1p24305em13,0.1416953311645989,4.088600677722483e-20,0.1416953311645989,7.106358664284285e-21,ok,/home/elads/STAR/full_grid_solar_opacity/runs/T56176p9_rho1p24305em13/fac-opacity-cowan-state/starout.h5
56176.88293450572,1.7863580192457348e-13,fac-opacity-cowan-state,T56176p9_rho1p78636em13,0.14169533116459931,5.875637474195596e-20,0.14169533116459934,1.0212390691396623e-20,ok,/home/elads/STAR/full_grid_solar_opacity/runs/T56176p9_rho1p78636em13/fac-opacity-cowan-state/starout.h5
56176.88293450572,2.567135656310987e-13,fac-opacity-cowan-state,T56176p9_rho2p56714em13,0.14169533116459898,8.443748371192072e-20,0.14169533116459898,1.4676000319057582e-20,ok,/home/elads/STAR/full_grid_solar_opacity/runs/T56176p9_rho2p56714em13/fac-opacity-cowan-state/starout.h5
56176.88293450572,3.6891739544382357e-13,fac-opacity-cowan-state,T56176p9_rho3p68917em13,0.14169533116459834,1.2134323497510666e-19,0.14169533116459834,2.109055453080808e-20,ok,/home/elads/STAR/full_grid_solar_opacity/runs/T56176p9_rho3p68917em13/fac-opacity-cowan-state/starout.h5
56176.88293450572,5.301630411562758e-13,fac-opacity-cowan-state,T56176p9_rho5p30163em13,0.14169533116459865,1.7437967281993802e-19,0.14169533116459865,3.0308768388298465e-20,ok,/home/elads/STAR/full_grid_solar_opacity/runs/T56176p9_rho5p30163em13/fac-opacity-cowan-state/starout.h5
56176.88293450572,7.618855973704612e-13,fac-opacity-cowan-state,T56176p9_rho7p61886em13,0.1416953311645992,2.5059716366986643e-19,0.14169533116459918,4.355605938167197e-20,ok,/home/elads/STAR/full_grid_solar_opacity/runs/T56176p9_rho7p61886em13/fac-opacity-cowan-state/starout.h5
56176.88293450572,1.0948889651276868e-12,fac-opacity-cowan-state,T56176p9_rho1p09489em12,0.1416953311645999,3.601276410801824e-19,0.1416953311645999,6.25934495288066e-20,ok,/home/elads/STAR/full_grid_solar_opacity/runs/T56176p9_rho1p09489em12/fac-opacity-cowan-state/starout.h5
56176.88293450572,1.5734407502856082e-12,fac-opacity-cowan-state,T56176p9_rho1p57344em12,0.1416953311645984,5.175314909636736e-19,0.1416953311645984,8.995166580154736e-20,ok,/home/elads/STAR/full_grid_solar_opacity/runs/T56176p9_rho1p57344em12/fac-opacity-cowan-state/starout.h5
56176.88293450572,2.26115695153675e-12,fac-opacity-cowan-state,T56176p9_rho2p26116em12,0.14169533116458466,7.4373314663732425e-19,0.14169533116458463,1.2926756429571226e-19,ok,/home/elads/STAR/full_grid_solar_opacity/runs/T56176p9_rho2p26116em12/fac-opacity-cowan-state/starout.h5
56176.88293450572,3.249458715591849e-12,fac-opacity-cowan-state,T56176p9_rho3p24946em12,0.14169533116459815,1.0688027091100364e-18,0.14169533116459815,1.8576760026086421e-19,ok,/home/elads/STAR/full_grid_solar_opacity/runs/T56176p9_rho3p24946em12/fac-opacity-cowan-state/starout.h5
56176.88293450572,4.669725353279713e-12,fac-opacity-cowan-state,T56176p9_rho4p66973em12,0.1416953311645977,1.5359533515255762e-18,0.1416953311645977,2.6696261273797676e-19,ok,/home/elads/STAR/full_grid_solar_opacity/runs/T56176p9_rho4p66973em12/fac-opacity-cowan-state/starout.h5
56176.88293450572,6.710759170575148e-12,fac-opacity-cowan-state,T56176p9_rho6p71076em12,0.1416953311645968,2.2072859352417717e-18,0.1416953311645968,3.8364629107182013e-19,ok,/home/elads/STAR/full_grid_solar_opacity/runs/T56176p9_rho6p71076em12/fac-opacity-cowan-state/starout.h5
56176.88293450572,9.64388379154446e-12,fac-opacity-cowan-state,T56176p9_rho9p64388em12,0.14169533116459493,3.1720444580430603e-18,0.14169533116459493,5.5133004467660725e-19,ok,/home/elads/STAR/full_grid_solar_opacity/runs/T56176p9_rho9p64388em12/fac-opacity-cowan-state/starout.h5
56176.88293450572,1.3859012403933867e-11,fac-opacity-cowan-state,T56176p9_rho1p3859em11,0.14169533116458793,4.558479761836311e-18,0.14169533116458793,7.923050205517639e-19,ok,/home/elads/STAR/full_grid_solar_opacity/runs/T56176p9_rho1p3859em11/fac-opacity-cowan-state/starout.h5
56176.88293450572,1.9916480638308542e-11,fac-opacity-cowan-state,T56176p9_rho1p99165em11,0.1416953311645924,6.550898278207983e-18,0.1416953311645924,1.1386053334237812e-18,ok,/home/elads/STAR/full_grid_solar_opacity/runs/T56176p9_rho1p99165em11/fac-opacity-cowan-state/starout.h5
56176.88293450572,2.8621534453892672e-11,fac-opacity-cowan-state,T56176p9_rho2p86215em11,0.14169533116458977,9.414162076370694e-18,0.14169533116458977,1.6362663898502289e-18,ok,/home/elads/STAR/full_grid_solar_opacity/runs/T56176p9_rho2p86215em11/fac-opacity-cowan-state/starout.h5
56176.88293450572,4.1131375034185614e-11,fac-opacity-cowan-state,T56176p9_rho4p11314em11,0.141695331164585,1.3528896397208017e-17,0.141695331164585,2.3514443099691055e-18,ok,/home/elads/STAR/full_grid_solar_opacity/runs/T56176p9_rho4p11314em11/fac-opacity-cowan-state/starout.h5
56176.88293450572,5.910899064227969e-11,fac-opacity-cowan-state,T56176p9_rho5p9109em11,0.14169533116457894,1.9442086035041377e-17,0.14169533116457894,3.3792100118722066e-18,ok,/home/elads/STAR/full_grid_solar_opacity/runs/T56176p9_rho5p9109em11/fac-opacity-cowan-state/starout.h5
56176.88293450572,8.4944224982638e-11,fac-opacity-cowan-state,T56176p9_rho8p49442em11,0.14169533116457111,2.7939789009794507e-17,0.14169533116457114,4.85618751606921e-18,ok,/home/elads/STAR/full_grid_solar_opacity/runs/T56176p9_rho8p49442em11/fac-opacity-cowan-state/starout.h5
56176.88293450572,1.2207146966133182e-10,fac-opacity-cowan-state,T56176p9_rho1p22071em10,0.14169533116455846,4.015163831500572e-17,0.14169533116455849,6.978717297105198e-18,ok,/home/elads/STAR/full_grid_solar_opacity/runs/T56176p9_rho1p22071em10/fac-opacity-cowan-state/starout.h5
56176.88293450572,1.7542621300415897e-10,fac-opacity-cowan-state,T56176p9_rho1p75426em10,0.14169533116454022,5.770102157748065e-17,0.14169533116454022,1.0028958631890825e-17,ok,/home/elads/STAR/full_grid_solar_opacity/runs/T56176p9_rho1p75426em10/fac-opacity-cowan-state/starout.h5
56176.88293450572,2.52101136279913e-10,fac-opacity-cowan-state,T56176p9_rho2p52101em10,0.1416953311645152,8.292089248661717e-17,0.14169533116451521,1.441239959341524e-17,ok,/home/elads/STAR/full_grid_solar_opacity/runs/T56176p9_rho2p52101em10/fac-opacity-cowan-state/starout.h5
56176.88293450572,3.6228897509242966e-10,fac-opacity-cowan-state,T56176p9_rho3p62289em10,0.14169533116443597,1.1916390377069447e-16,0.14169533116443594,2.071176053587132e-17,ok,/home/elads/STAR/full_grid_solar_opacity/runs/T56176p9_rho3p62289em10/fac-opacity-cowan-state/starout.h5
56176.88293450572,5.20637484663258e-10,fac-opacity-cowan-state,T56176p9_rho5p20637em10,0.1416953311643969,1.712481527309309e-16,0.1416953311643969,2.976446744917857e-17,ok,/home/elads/STAR/full_grid_solar_opacity/runs/T56176p9_rho5p20637em10/fac-opacity-cowan-state/starout.h5
56176.88293450572,7.481966305138837e-10,fac-opacity-cowan-state,T56176p9_rho7p48197em10,0.1416953311643487,2.460979966043498e-16,0.1416953311643487,4.277402658847934e-17,ok,/home/elads/STAR/full_grid_solar_opacity/runs/T56176p9_rho7p48197em10/fac-opacity-cowan-state/starout.h5
56176.88293450572,1.0752168531898921e-09,fac-opacity-cowan-state,T56176p9_rho1p07522em09,0.14169533116424082,3.5366433701134817e-16,0.14169533116424085,6.146997898071784e-17,ok,/home/elads/STAR/full_grid_solar_opacity/runs/T56176p9_rho1p07522em09/fac-opacity-cowan-state/starout.h5
56176.88293450572,1.5451703926941453e-09,fac-opacity-cowan-state,T56176p9_rho1p54517em09,0.14169533116408697,5.082450190626283e-16,0.14169533116408703,8.83374286145979e-17,ok,/home/elads/STAR/full_grid_solar_opacity/runs/T56176p9_rho1p54517em09/fac-opacity-cowan-state/starout.h5
56176.88293450572,2.220530245015531e-09,fac-opacity-cowan-state,T56176p9_rho2p22053em09,0.14169533116386318,7.303862875697339e-16,0.14169533116386326,1.2694752081961724e-16,ok,/home/elads/STAR/full_grid_solar_opacity/runs/T56176p9_rho2p22053em09/fac-opacity-cowan-state/starout.h5
56176.88293450572,3.1910749729235452e-09,fac-opacity-cowan-state,T56176p9_rho3p19107em09,0.14169533116355937,1.0496190047488327e-15,0.14169533116355948,1.824329511308945e-16,ok,/home/elads/STAR/full_grid_solar_opacity/runs/T56176p9_rho3p19107em09/fac-opacity-cowan-state/starout.h5
56176.88293450572,4.585823366142813e-09,fac-opacity-cowan-state,T56176p9_rho4p58582em09,0.14169533116310548,1.5083810685197051e-15,0.14169533116310562,2.6216975766350855e-16,ok,/home/elads/STAR/full_grid_solar_opacity/runs/T56176p9_rho4p58582em09/fac-opacity-cowan-state/starout.h5
56176.88293450572,6.590185477903269e-09,fac-opacity-cowan-state,T56176p9_rho6p59019em09,0.1416953311624695,2.1676603930293053e-15,0.14169533116246966,3.767581022016786e-16,ok,/home/elads/STAR/full_grid_solar_opacity/runs/T56176p9_rho6p59019em09/fac-opacity-cowan-state/starout.h5
56176.88293450572,9.470610000772238e-09,fac-opacity-cowan-state,T56176p9_rho9p47061em09,0.14169533116161637,3.115096591088895e-15,0.14169533116161667,5.414304367999353e-16,ok,/home/elads/STAR/full_grid_solar_opacity/runs/T56176p9_rho9p47061em09/fac-opacity-cowan-state/starout.h5
56176.88293450572,1.3610004466105506e-08,fac-opacity-cowan-state,T56176p9_rho1p361em08,0.1416953311603289,4.47663006435328e-15,0.14169533116032937,7.780762003889751e-16,ok,/home/elads/STAR/full_grid_solar_opacity/runs/T56176p9_rho1p361em08/fac-opacity-cowan-state/starout.h5
56176.88293450572,1.9558636830395073e-08,fac-opacity-cowan-state,T56176p9_rho1p95586em08,0.1270915825164073,6.443618256068023e-15,0.12709158251640795,1.1189966481684753e-15,ok,/home/elads/STAR/full_grid_solar_opacity/runs/T56176p9_rho1p95586em08/fac-opacity-cowan-state/starout.h5
56176.88293450572,2.810728502080722e-08,fac-opacity-cowan-state,T56176p9_rho2p81073em08,0.1270915825145652,9.24470380502647e-15,0.1270915825145661,1.606849370404977e-15,ok,/home/elads/STAR/full_grid_solar_opacity/runs/T56176p9_rho2p81073em08/fac-opacity-cowan-state/starout.h5
56176.88293450572,4.039235853150913e-08,fac-opacity-cowan-state,T56176p9_rho4p03924em08,0.12709158251215055,1.3296210333170848e-14,0.12709158251215177,2.3100352537511796e-15,ok,/home/elads/STAR/full_grid_solar_opacity/runs/T56176p9_rho4p03924em08/fac-opacity-cowan-state/starout.h5
56176.88293450572,5.804696634805446e-08,fac-opacity-cowan-state,T56176p9_rho5p8047em08,0.12709158250914082,1.9086575689742617e-14,0.12709158250914268,3.3179803034101213e-15,ok,/home/elads/STAR/full_grid_solar_opacity/runs/T56176p9_rho5p8047em08/fac-opacity-cowan-state/starout.h5
56176.88293450572,8.341801332506338e-08,fac-opacity-cowan-state,T56176p9_rho8p3418em08,0.12709158250529728,2.7446925824522054e-14,0.12709158250529992,4.769622059487935e-15,ok,/home/elads/STAR/full_grid_solar_opacity/runs/T56176p9_rho8p3418em08/fac-opacity-cowan-state/starout.h5
56176.88293450572,1.1987818459583772e-07,fac-opacity-cowan-state,T56176p9_rho1p19878em07,0.12709158250058553,3.9429649354618204e-14,0.1270915825005893,6.853159498405743e-15,ok,/home/elads/STAR/full_grid_solar_opacity/runs/T56176p9_rho1p19878em07/fac-opacity-cowan-state/starout.h5
56176.88293450572,1.7227429147699408e-07,fac-opacity-cowan-state,T56176p9_rho1p72274em07,0.12709158249479183,5.6663521236888656e-14,0.12709158249479707,9.84846775277061e-15,ok,/home/elads/STAR/full_grid_solar_opacity/runs/T56176p9_rho1p72274em07/fac-opacity-cowan-state/starout.h5
56176.88293450572,2.4757157946593376e-07,fac-opacity-cowan-state,T56176p9_rho2p47572em07,0.12709158248776473,8.141875990667647e-14,0.12709158248777244,1.4152053346861223e-14,ok,/home/elads/STAR/full_grid_solar_opacity/runs/T56176p9_rho2p47572em07/fac-opacity-cowan-state/starout.h5
56176.88293450572,3.557796490339488e-07,fac-opacity-cowan-state,T56176p9_rho3p5578em07,0.12709158247939933,1.1700775684606915e-13,0.1270915824794104,2.0337690021717837e-14,ok,/home/elads/STAR/full_grid_solar_opacity/runs/T56176p9_rho3p5578em07/fac-opacity-cowan-state/starout.h5
56176.88293450572,5.112830759482948e-07,fac-opacity-cowan-state,T56176p9_rho5p11283em07,0.12709158246913757,1.6814932152347644e-13,0.1270915824691536,2.922673235923747e-14,ok,/home/elads/STAR/full_grid_solar_opacity/runs/T56176p9_rho5p11283em07/fac-opacity-cowan-state/starout.h5
56176.88293450572,7.347536163492159e-07,fac-opacity-cowan-state,T56176p9_rho7p34754em07,0.12709158245680188,2.4165645516553237e-13,0.12709158245682478,4.200147788000552e-14,ok,/home/elads/STAR/full_grid_solar_opacity/runs/T56176p9_rho7p34754em07/fac-opacity-cowan-state/starout.h5
56176.88293450572,1.0558981944335787e-06,fac-opacity-cowan-state,T56176p9_rho1p0559em06,0.12709158244200144,3.472634034049313e-13,0.12709158244203472,6.035815946030947e-14,ok,/home/elads/STAR/full_grid_solar_opacity/runs/T56176p9_rho1p0559em06/fac-opacity-cowan-state/starout.h5
56176.88293450572,1.517407974863493e-06,fac-opacity-cowan-state,T56176p9_rho1p51741em06,0.12709158242428845,4.990704448210301e-13,0.1270915824243361,8.674062716104966e-14,ok,/home/elads/STAR/full_grid_solar_opacity/runs/T56176p9_rho1p51741em06/fac-opacity-cowan-state/starout.h5
56176.88293450572,2.1806334875063253e-06,fac-opacity-cowan-state,T56176p9_rho2p18063em06,0.12709158240318644,7.172063020700374e-13,0.12709158240325494,1.246550796554737e-13,ok,/home/elads/STAR/full_grid_solar_opacity/runs/T56176p9_rho2p18063em06/fac-opacity-cowan-state/starout.h5
56176.88293450572,3.1337402238588983e-06,fac-opacity-cowan-state,T56176p9_rho3p13374em06,0.12709158237809928,1.0306827404518675e-12,0.127091582378197,1.7913577791108033e-13,ok,/home/elads/STAR/full_grid_solar_opacity/runs/T56176p9_rho3p13374em06/fac-opacity-cowan-state/starout.h5
56176.88293450572,4.503428864545845e-06,fac-opacity-cowan-state,T56176p9_rho4p50343em06,0.12709158234795673,1.4811672757020222e-12,0.12709158234809667,2.574313907395005e-13,ok,/home/elads/STAR/full_grid_solar_opacity/runs/T56176p9_rho4p50343em06/fac-opacity-cowan-state/starout.h5
56176.88293450572,6.471778159406801e-06,fac-opacity-cowan-state,T56176p9_rho6p47178em06,0.12709158231219414,2.1286008680043697e-12,0.12709158231239548,3.6995080055073206e-13,ok,/home/elads/STAR/full_grid_solar_opacity/runs/T56176p9_rho6p47178em06/fac-opacity-cowan-state/starout.h5
56176.88293450572,9.300449458481393e-06,fac-opacity-cowan-state,T56176p9_rho9p30045em06,0.1270915822689426,3.0590730486757302e-12,0.12709158226923326,5.316504033945311e-13,ok,/home/elads/STAR/full_grid_solar_opacity/runs/T56176p9_rho9p30045em06/fac-opacity-cowan-state/starout.h5
56176.88293450572,1.3365470508911143e-05,fac-opacity-cowan-state,T56176p9_rho1p33655em05,0.12709158222042732,4.3959620616816726e-12,0.12709158222084493,7.64002279533074e-13,ok,/home/elads/STAR/full_grid_solar_opacity/runs/T56176p9_rho1p33655em05/fac-opacity-cowan-state/starout.h5
56176.88293450572,1.920722248123928e-05,fac-opacity-cowan-state,T56176p9_rho1p92072em05,0.127091582158672,6.317207819921744e-12,0.12709158215927197,1.097884474159981e-12,ok,/home/elads/STAR/full_grid_solar_opacity/runs/T56176p9_rho1p92072em05/fac-opacity-cowan-state/starout.h5
56176.88293450572,2.760227522090268e-05,fac-opacity-cowan-state,T56176p9_rho2p76023em05,0.12709158209126184,9.078335619499453e-12,0.12709158209212335,1.5777278284984065e-12,ok,/home/elads/STAR/full_grid_solar_opacity/runs/T56176p9_rho2p76023em05/fac-opacity-cowan-state/starout.h5
56176.88293450572,3.966662010161191e-05,fac-opacity-cowan-state,T56176p9_rho3p96666em05,0.1270915820028416,1.3046430046664929e-11,0.12709158200408047,2.267301043942661e-12,ok,/home/elads/STAR/full_grid_solar_opacity/runs/T56176p9_rho3p96666em05/fac-opacity-cowan-state/starout.h5
56176.88293450572,5.7004023678963655e-05,fac-opacity-cowan-state,T56176p9_rho5p7004em05,0.12709158189856554,1.8748558315920074e-11,0.12709158190034614,3.2581970035302848e-12,ok,/home/elads/STAR/full_grid_solar_opacity/runs/T56176p9_rho5p7004em05/fac-opacity-cowan-state/starout.h5
56176.88293450572,8.191922344953684e-05,fac-opacity-cowan-state,T56176p9_rho8p19192em05,0.12709158107555396,2.6943839758882632e-11,0.12709158107811272,4.682284076623867e-12,ok,/home/elads/STAR/full_grid_solar_opacity/runs/T56176p9_rho8p19192em05/fac-opacity-cowan-state/starout.h5
56176.88293450572,0.00011772430676769293,fac-opacity-cowan-state,T56176p9_rho0p000117724,0.12709158220917152,3.87199698084176e-11,0.12709158221284833,6.728545479403862e-12,ok,/home/elads/STAR/full_grid_solar_opacity/runs/T56176p9_rho0p000117724/fac-opacity-cowan-state/starout.h5
56176.88293450572,0.00016917900122028344,fac-opacity-cowan-state,T56176p9_rho0p000169179,0.12709158333291687,5.60824255376447e-11,0.12709158333826506,9.772726278061416e-12,ok,/home/elads/STAR/full_grid_solar_opacity/runs/T56176p9_rho0p000169179/fac-opacity-cowan-state/starout.h5
56176.88293450572,0.0002431234061999784,fac-opacity-cowan-state,T56176p9_rho0p000243123,0.12709158236216325,8.059553680426388e-11,0.12709158236984955,1.4044043416358117e-11,ok,/home/elads/STAR/full_grid_solar_opacity/runs/T56176p9_rho0p000243123/fac-opacity-cowan-state/starout.h5
56176.88293450572,0.0003493872774749123,fac-opacity-cowan-state,T56176p9_rho0p000349387,0.1270915791778386,1.1575603096299547e-10,0.12709157918887706,2.016630374972238e-11,ok,/home/elads/STAR/full_grid_solar_opacity/runs/T56176p9_rho0p000349387/fac-opacity-cowan-state/starout.h5
56176.88293450572,0.0005020967399614471,fac-opacity-cowan-state,T56176p9_rho0p000502097,0.12709158261236825,1.6636806341127427e-10,0.12709158262823178,2.8983780570429687e-11,ok,/home/elads/STAR/full_grid_solar_opacity/runs/T56176p9_rho0p000502097/fac-opacity-cowan-state/starout.h5
56176.88293450572,0.0007215521357901021,fac-opacity-cowan-state,T56176p9_rho0p000721552,0.12709157858369532,2.3893310102504204e-10,0.12709157860647174,4.161475295338762e-11,ok,/home/elads/STAR/full_grid_solar_opacity/runs/T56176p9_rho0p000721552/fac-opacity-cowan-state/starout.h5
56176.88293450572,0.0010369266382873438,fac-opacity-cowan-state,T56176p9_rho0p00103693,0.12709158213774868,3.434790847428516e-10,0.12709158217049438,5.98270403859756e-11,ok,/home/elads/STAR/full_grid_solar_opacity/runs/T56176p9_rho0p00103693/fac-opacity-cowan-state/starout.h5
56176.88293450572,0.0014901443705277455,fac-opacity-cowan-state,T56176p9_rho0p00149014,0.12709158197662793,4.93463953631759e-10,0.1270915820236643,8.593702605091943e-11,ok,/home/elads/STAR/full_grid_solar_opacity/runs/T56176p9_rho0p00149014/fac-opacity-cowan-state/starout.h5
56176.88293450572,0.002141453563853953,fac-opacity-cowan-state,T56176p9_rho0p00214145,0.1270915818509453,7.091493107598761e-10,0.1270915819185422,1.2349021251663736e-10,ok,/home/elads/STAR/full_grid_solar_opacity/runs/T56176p9_rho0p00214145/fac-opacity-cowan-state/starout.h5
56176.88293450572,0.003077435620898055,fac-opacity-cowan-state,T56176p9_rho0p00307744,0.12709158249409008,1.0188235255337105e-09,0.12709158259118442,1.7738266317561471e-10,ok,/home/elads/STAR/full_grid_solar_opacity/runs/T56176p9_rho0p00307744/fac-opacity-cowan-state/starout.h5
56176.88293450572,0.004422514763163053,fac-opacity-cowan-state,T56176p9_rho0p00442251,0.12709157635897425,1.4639421158245122e-09,0.12709157649847416,2.5484096976423584e-10,ok,/home/elads/STAR/full_grid_solar_opacity/runs/T56176p9_rho0p00442251/fac-opacity-cowan-state/starout.h5
56176.88293450572,0.006355498291362301,fac-opacity-cowan-state,T56176p9_rho0p0063555,0.12709157576634975,2.1025270607034364e-09,0.12709157596662046,3.658737821172373e-10,ok,/home/elads/STAR/full_grid_solar_opacity/runs/T56176p9_rho0p0063555/fac-opacity-cowan-state/starout.h5
56176.88293450572,0.009133346228248624,fac-opacity-cowan-state,T56176p9_rho0p00913335,0.127091579263305,3.02220994275098e-09,0.12709157955120093,5.258805114813821e-10,ok,/home/elads/STAR/full_grid_solar_opacity/runs/T56176p9_rho0p00913335/fac-opacity-cowan-state/starout.h5
56176.88293450572,0.01312533014735226,fac-opacity-cowan-state,T56176p9_rho0p0131253,0.12709157778013389,4.341503185962717e-09,0.12709157819358255,7.552026187927302e-10,ok,/home/elads/STAR/full_grid_solar_opacity/runs/T56176p9_rho0p0131253/fac-opacity-cowan-state/starout.h5
56176.88293450572,0.018862122071335155,fac-opacity-cowan-state,T56176p9_rho0p0188621,0.12709157682333827,6.237903166813593e-09,0.1270915774172668,1.0847780715924291e-09,ok,/home/elads/STAR/full_grid_solar_opacity/runs/T56176p9_rho0p0188621/fac-opacity-cowan-state/starout.h5
56176.88293450572,0.02710633904364831,fac-opacity-cowan-state,T56176p9_rho0p0271063,0.12709157623697515,8.962444877371185e-09,0.1270915770901101,1.558063492903698e-09,ok,/home/elads/STAR/full_grid_solar_opacity/runs/T56176p9_rho0p0271063/fac-opacity-cowan-state/starout.h5
56176.88293450572,0.038953921174427183,fac-opacity-cowan-state,T56176p9_rho0p0389539,0.1270915758830047,1.287628532835281e-08,0.12709157710832739,2.237569233214771e-09,ok,/home/elads/STAR/full_grid_solar_opacity/runs/T56176p9_rho0p0389539/fac-opacity-cowan-state/starout.h5
56176.88293450572,0.0559798197912329,fac-opacity-cowan-state,T56176p9_rho0p0559798,0.12709156985753614,1.8498379286263218e-08,0.12709157161722098,3.213035939717877e-09,ok,/home/elads/STAR/full_grid_solar_opacity/runs/T56176p9_rho0p0559798/fac-opacity-cowan-state/starout.h5
56176.88293450572,0.08044736266284185,fac-opacity-cowan-state,T56176p9_rho0p0804474,0.1270915695441534,2.6573574413029954e-08,0.12709157207089128,4.613073587855073e-09,ok,/home/elads/STAR/full_grid_solar_opacity/runs/T56176p9_rho0p0804474/fac-opacity-cowan-state/starout.h5
56176.88293450572,0.11560912813835741,fac-opacity-cowan-state,T56176p9_rho0p115609,0.12709156971498783,3.8171527000130096e-08,0.12709157334260232,6.6221132494353775e-09,ok,/home/elads/STAR/full_grid_solar_opacity/runs/T56176p9_rho0p115609/fac-opacity-cowan-state/starout.h5
56176.88293450572,0.1661393247274789,fac-opacity-cowan-state,T56176p9_rho0p166139,0.1270915709081092,5.4828488030917354e-08,0.12709157611553423,9.504634651339076e-09,ok,/home/elads/STAR/full_grid_solar_opacity/runs/T56176p9_rho0p166139/fac-opacity-cowan-state/starout.h5
56176.88293450572,0.23875515424585794,fac-opacity-cowan-state,T56176p9_rho0p238755,0.12709157362081783,7.875032812563832e-08,0.12709158109506372,1.3639730966223273e-08,ok,/home/elads/STAR/full_grid_solar_opacity/runs/T56176p9_rho0p238755/fac-opacity-cowan-state/starout.h5
56176.88293450572,0.34310975906798746,fac-opacity-cowan-state,T56176p9_rho0p34311,0.12709156560771992,1.1311115725749853e-07,0.1270915763350716,1.9572168213208e-08,ok,/home/elads/STAR/full_grid_solar_opacity/runs/T56176p9_rho0p34311/fac-opacity-cowan-state/starout.h5
56176.88293450572,0.49307545690287347,fac-opacity-cowan-state,T56176p9_rho0p493075,0.12709156377356307,1.6246839582413947e-07,0.12709157916944536,2.808252114490621e-08,ok,/home/elads/STAR/full_grid_solar_opacity/runs/T56176p9_rho0p493075/fac-opacity-cowan-state/starout.h5
56176.88293450572,0.7085878491488851,fac-opacity-cowan-state,T56176p9_rho0p708588,0.12709155986867632,2.3337449108882603e-07,0.12709158196490483,4.0290811799276246e-08,ok,/home/elads/STAR/full_grid_solar_opacity/runs/T56176p9_rho0p708588/fac-opacity-cowan-state/starout.h5
56176.88293450572,1.0182959482819007,fac-opacity-cowan-state,T56176p9_rho1p0183,0.12709155410084125,3.352478334527134e-07,0.12709158581415872,5.780317955215784e-08,ok,/home/elads/STAR/full_grid_solar_opacity/runs/T56176p9_rho1p0183/fac-opacity-cowan-state/starout.h5
56176.88293450572,1.4633706173946401,fac-opacity-cowan-state,T56176p9_rho1p46337,0.12709154432193004,4.816253367716766e-07,0.12709158983926278,8.292196200081039e-08,ok,/home/elads/STAR/full_grid_solar_opacity/runs/T56176p9_rho1p46337/fac-opacity-cowan-state/starout.h5
56176.88293450572,2.1029775945461404,fac-opacity-cowan-state,T56176p9_rho2p10298,0.1270915300392905,6.919576823200669e-07,0.12709159536900363,1.1894427210824735e-07,ok,/home/elads/STAR/full_grid_solar_opacity/runs/T56176p9_rho2p10298/fac-opacity-cowan-state/starout.h5
56176.88293450572,3.0221426551783854,fac-opacity-cowan-state,T56176p9_rho3p02214,0.12709150806513556,9.942019397626751e-07,0.1270916018292009,1.7059297207928766e-07,ok,/home/elads/STAR/full_grid_solar_opacity/runs/T56176p9_rho3p02214/fac-opacity-cowan-state/starout.h5
56176.88293450572,4.343054463316713,fac-opacity-cowan-state,T56176p9_rho4p34305,0.1270914752748624,1.4285283356051304e-06,0.12709160984152318,2.446254620028442e-07,ok,/home/elads/STAR/full_grid_solar_opacity/runs/T56176p9_rho4p34305/fac-opacity-cowan-state/starout.h5
56176.88293450572,6.241307649397467,fac-opacity-cowan-state,T56176p9_rho6p24131,0.12709143236427958,2.0526585662236346e-06,0.12709162547076508,3.507058444275756e-07,ok,/home/elads/STAR/full_grid_solar_opacity/runs/T56176p9_rho6p24131/fac-opacity-cowan-state/starout.h5
56176.88293450572,8.969245378672715,fac-opacity-cowan-state,T56176p9_rho8p96925,0.1270913606555779,2.9495317954371466e-06,0.12709163773132878,5.026465567610413e-07,ok,/home/elads/STAR/full_grid_solar_opacity/runs/T56176p9_rho8p96925/fac-opacity-cowan-state/starout.h5
56176.88293450572,12.889504440725364,fac-opacity-cowan-state,T56176p9_rho12p8895,0.1270912561978853,4.238322040283576e-06,0.1270916536885513,7.201746410173042e-07,ok,/home/elads/STAR/full_grid_solar_opacity/runs/T56176p9_rho12p8895/fac-opacity-cowan-state/starout.h5
56176.88293450572,18.52322215674118,fac-opacity-cowan-state,T56176p9_rho18p5232,0.12709113206926304,6.090254731534345e-06,0.12709170218883226,1.0314392341261967e-06,ok,/home/elads/STAR/full_grid_solar_opacity/runs/T56176p9_rho18p5232/fac-opacity-cowan-state/starout.h5
56176.88293450572,26.61931346126126,fac-opacity-cowan-state,T56176p9_rho26p6193,0.12709088797832382,8.751310601253298e-06,0.12709170549825927,1.4765666758706915e-06,ok,/home/elads/STAR/full_grid_solar_opacity/runs/T56176p9_rho26p6193/fac-opacity-cowan-state/starout.h5
56176.88293450572,38.254027466328665,fac-opacity-cowan-state,T56176p9_rho38p254,0.12709057548359537,1.2574865351607484e-05,0.12709174742795443,2.1126992358811756e-06,ok,/home/elads/STAR/full_grid_solar_opacity/runs/T56176p9_rho38p254/fac-opacity-cowan-state/starout.h5
56176.88293450572,54.97401800103719,fac-opacity-cowan-state,T56176p9_rho54p974,0.12709014621746959,1.806846808682566e-05,0.12709182568777788,3.0211010742936947e-06,ok,/home/elads/STAR/full_grid_solar_opacity/runs/T56176p9_rho54p974/fac-opacity-cowan-state/starout.h5
56176.88293450572,79.0019471240894,fac-opacity-cowan-state,T56176p9_rho79p0019,0.12708949665901068,2.596096382493946e-05,0.12709190253039682,4.3171739898880195e-06,ok,/home/elads/STAR/full_grid_solar_opacity/runs/T56176p9_rho79p0019/fac-opacity-cowan-state/starout.h5
56176.88293450572,113.53195339077567,fac-opacity-cowan-state,T56176p9_rho113p532,0.12708856865300913,3.729875152024817e-05,0.12709201360313893,6.164533898893033e-06,ok,/home/elads/STAR/full_grid_solar_opacity/runs/T56176p9_rho113p532/fac-opacity-cowan-state/starout.h5
56176.88293450572,163.15426277379785,fac-opacity-cowan-state,T56176p9_rho163p154,0.12708723040567443,5.3583539886043835e-05,0.1270921607326694,8.794703472556932e-06,ok,/home/elads/STAR/full_grid_solar_opacity/runs/T56176p9_rho163p154/fac-opacity-cowan-state/starout.h5
56176.88293450572,234.46538763970608,fac-opacity-cowan-state,T56176p9_rho234p465,0.1270853186984508,7.696946942046225e-05,0.12709237079654664,1.2534587098597626e-05,ok,/home/elads/STAR/full_grid_solar_opacity/runs/T56176p9_rho234p465/fac-opacity-cowan-state/starout.h5
56176.88293450572,336.94503022121665,fac-opacity-cowan-state,T56176p9_rho336p945,0.12708256618047592,0.00011054433244580388,0.12709264645648224,1.784457291790484e-05,ok,/home/elads/STAR/full_grid_solar_opacity/runs/T56176p9_rho336p945/fac-opacity-cowan-state/starout.h5
56176.88293450572,484.21626123015125,fac-opacity-cowan-state,T56176p9_rho484p216,0.12707863535171054,0.00015873016371697603,0.12709303304111627,2.5371131881405022e-05,ok,/home/elads/STAR/full_grid_solar_opacity/runs/T56176p9_rho484p216/fac-opacity-cowan-state/starout.h5
56176.88293450572,695.8564947100452,fac-opacity-cowan-state,T56176p9_rho695p856,0.1270729847119321,0.00022785153961001888,0.1270935306222852,3.6018862705377174e-05,ok,/home/elads/STAR/full_grid_solar_opacity/runs/T56176p9_rho695p856/fac-opacity-cowan-state/starout.h5
56176.88293450572,1000.0,fac-opacity-cowan-state,T56176p9_rho1000,0.12706492821212972,0.0003269367559357909,0.12709421719600944,5.104827737417492e-05,ok,/home/elads/STAR/full_grid_solar_opacity/runs/T56176p9_rho1000/fac-opacity-cowan-state/starout.h5
61844.065529018015,1e-17,fac-opacity-cowan-state,T61844p1_rho1em17,0.13454400732066832,2.3482836536689324e-24,0.1345440073206683,3.943012533742736e-25,ok,/home/elads/STAR/full_grid_solar_opacity/runs/T61844p1_rho1em17/fac-opacity-cowan-state/starout.h5
61844.065529018015,1.4370779141993746e-17,fac-opacity-cowan-state,T61844p1_rho1p43708em17,0.13454400732066832,3.37370289052877e-24,0.1345440073206683,5.664882488666055e-25,ok,/home/elads/STAR/full_grid_solar_opacity/runs/T61844p1_rho1p43708em17/fac-opacity-cowan-state/starout.h5
61844.065529018015,2.065192931479625e-17,fac-opacity-cowan-state,T61844p1_rho2p06519em17,0.1345440073206683,4.847310374944564e-24,0.1345440073206683,8.1393440016381665e-25,ok,/home/elads/STAR/full_grid_solar_opacity/runs/T61844p1_rho2p06519em17/fac-opacity-cowan-state/starout.h5
61844.065529018015,2.9678431503900313e-17,fac-opacity-cowan-state,T61844p1_rho2p96784em17,0.13454400732066843,6.965073707780387e-24,0.13454400732066843,1.169545278616302e-24,ok,/home/elads/STAR/full_grid_solar_opacity/runs/T61844p1_rho2p96784em17/fac-opacity-cowan-state/starout.h5
61844.065529018015,4.2650218442334076e-17,fac-opacity-cowan-state,T61844p1_rho4p26502em17,0.13454400732066013,1.0008568964783054e-23,0.13454400732066013,1.6806018815785413e-24,ok,/home/elads/STAR/full_grid_solar_opacity/runs/T61844p1_rho4p26502em17/fac-opacity-cowan-state/starout.h5
61844.065529018015,6.129168695925715e-17,fac-opacity-cowan-state,T61844p1_rho6p12917em17,0.1345440073206681,1.4382704974452784e-23,0.1345440073206681,2.415093564185845e-24,ok,/home/elads/STAR/full_grid_solar_opacity/runs/T61844p1_rho6p12917em17/fac-opacity-cowan-state/starout.h5
61844.065529018015,8.808092965317026e-17,fac-opacity-cowan-state,T61844p1_rho8p80809em17,0.13454400732066765,2.0669067720747206e-23,0.13454400732066762,3.4706776357541334e-24,ok,/home/elads/STAR/full_grid_solar_opacity/runs/T61844p1_rho8p80809em17/fac-opacity-cowan-state/starout.h5
61844.065529018015,1.2657915866672028e-16,fac-opacity-cowan-state,T61844p1_rho1p26579em16,0.13454400732066768,2.970306092521805e-23,0.13454400732066768,4.987634207033935e-24,ok,/home/elads/STAR/full_grid_solar_opacity/runs/T61844p1_rho1p26579em16/fac-opacity-cowan-state/starout.h5
61844.065529018015,1.819041133178821e-16,fac-opacity-cowan-state,T61844p1_rho1p81904em16,0.13454400732066804,4.268561309137001e-23,0.134544007320668,7.167618991041387e-24,ok,/home/elads/STAR/full_grid_solar_opacity/runs/T61844p1_rho1p81904em16/fac-opacity-cowan-state/starout.h5
61844.065529018015,2.6141038375114865e-16,fac-opacity-cowan-state,T61844p1_rho2p6141em16,0.13454400732066765,6.134255217722644e-23,0.13454400732066762,1.0300427009910415e-23,ok,/home/elads/STAR/full_grid_solar_opacity/runs/T61844p1_rho2p6141em16/fac-opacity-cowan-state/starout.h5
61844.065529018015,3.7566708903116036e-16,fac-opacity-cowan-state,T61844p1_rho3p75667em16,0.1345440073206677,8.81540277180956e-23,0.1345440073206677,1.48025163200322e-23,ok,/home/elads/STAR/full_grid_solar_opacity/runs/T61844p1_rho3p75667em16/fac-opacity-cowan-state/starout.h5
61844.065529018015,5.398628767382507e-16,fac-opacity-cowan-state,T61844p1_rho5p39863em16,0.13454400732066796,1.266842070944703e-22,0.13454400732066793,2.127236931653213e-23,ok,/home/elads/STAR/full_grid_solar_opacity/runs/T61844p1_rho5p39863em16/fac-opacity-cowan-state/starout.h5
61844.065529018015,7.758250168566793e-16,fac-opacity-cowan-state,T61844p1_rho7p75825em16,0.1345440073206677,1.820550778828105e-22,0.1345440073206677,3.0570052395543843e-23,ok,/home/elads/STAR/full_grid_solar_opacity/runs/T61844p1_rho7p75825em16/fac-opacity-cowan-state/starout.h5
61844.065529018015,1.1149209970080914e-15,fac-opacity-cowan-state,T61844p1_rho1p11492em15,0.13454400732066776,2.6162733435050686e-22,0.13454400732066776,4.3931547572232685e-23,ok,/home/elads/STAR/full_grid_solar_opacity/runs/T61844p1_rho1p11492em15/fac-opacity-cowan-state/starout.h5
61844.065529018015,1.6022283408774753e-15,fac-opacity-cowan-state,T61844p1_rho1p60223em15,0.1345440073206662,3.7597886789815056e-22,0.13454400732066618,6.31330573585372e-23,ok,/home/elads/STAR/full_grid_solar_opacity/runs/T61844p1_rho1p60223em15/fac-opacity-cowan-state/starout.h5
61844.065529018015,2.3025269621793266e-15,fac-opacity-cowan-state,T61844p1_rho2p30253em15,0.134544007320668,5.403109333904929e-22,0.134544007320668,9.072712333973641e-23,ok,/home/elads/STAR/full_grid_solar_opacity/runs/T61844p1_rho2p30253em15/fac-opacity-cowan-state/starout.h5
61844.065529018015,3.308910644196489e-15,fac-opacity-cowan-state,T61844p1_rho3p30891em15,0.13454400732066835,7.764689198270627e-22,0.13454400732066835,1.3038194691119742e-22,ok,/home/elads/STAR/full_grid_solar_opacity/runs/T61844p1_rho3p30891em15/fac-opacity-cowan-state/starout.h5
61844.065529018015,4.755162406834019e-15,fac-opacity-cowan-state,T61844p1_rho4p75516em15,0.134544007320668,1.115846344616128e-21,0.134544007320668,1.8736901780591318e-22,ok,/home/elads/STAR/full_grid_solar_opacity/runs/T61844p1_rho4p75516em15/fac-opacity-cowan-state/starout.h5
61844.065529018015,6.8335388732923106e-15,fac-opacity-cowan-state,T61844p1_rho6p83354em15,0.13454400732066674,1.6035581575635614e-21,0.1345440073206668,2.69263880301304e-22,ok,/home/elads/STAR/full_grid_solar_opacity/runs/T61844p1_rho6p83354em15/fac-opacity-cowan-state/starout.h5
61844.065529018015,9.820327790631256e-15,fac-opacity-cowan-state,T61844p1_rho9p82033em15,0.13454400732066812,2.3044380353198768e-21,0.1345440073206681,3.8695317926861965e-22,ok,/home/elads/STAR/full_grid_solar_opacity/runs/T61844p1_rho9p82033em15/fac-opacity-cowan-state/starout.h5
61844.065529018015,1.4112576178114521e-14,fac-opacity-cowan-state,T61844p1_rho1p41126em14,0.13454400732066757,3.311657034576861e-21,0.13454400732066757,5.560818725097518e-22,ok,/home/elads/STAR/full_grid_solar_opacity/runs/T61844p1_rho1p41126em14/fac-opacity-cowan-state/starout.h5
61844.065529018015,2.0280871538024598e-14,fac-opacity-cowan-state,T61844p1_rho2p02809em14,0.13454400732066768,4.759109232878869e-21,0.13454400732066768,7.991329846325631e-22,ok,/home/elads/STAR/full_grid_solar_opacity/runs/T61844p1_rho2p02809em14/fac-opacity-cowan-state/starout.h5
61844.065529018015,2.914519256800997e-14,fac-opacity-cowan-state,T61844p1_rho2p91452em14,0.1345440073206677,6.839210832117141e-21,0.1345440073206677,1.148416371361551e-21,ok,/home/elads/STAR/full_grid_solar_opacity/runs/T61844p1_rho2p91452em14/fac-opacity-cowan-state/starout.h5
61844.065529018015,4.188391254457488e-14,fac-opacity-cowan-state,T61844p1_rho4p18839em14,0.1345440073206681,9.828478893012867e-21,0.1345440073206681,1.650363811406826e-21,ok,/home/elads/STAR/full_grid_solar_opacity/runs/T61844p1_rho4p18839em14/fac-opacity-cowan-state/starout.h5
61844.065529018015,6.019044567806669e-14,fac-opacity-cowan-state,T61844p1_rho6p01904em14,0.1345440073206682,1.4124289941263734e-20,0.13454400732066815,2.3717013808898382e-21,ok,/home/elads/STAR/full_grid_solar_opacity/runs/T61844p1_rho6p01904em14/fac-opacity-cowan-state/starout.h5
61844.065529018015,8.649836012976684e-14,fac-opacity-cowan-state,T61844p1_rho8p64984em14,0.13454400732066832,2.02977051276805e-20,0.13454400732066835,3.4083196715326725e-21,ok,/home/elads/STAR/full_grid_solar_opacity/runs/T61844p1_rho8p64984em14/fac-opacity-cowan-state/starout.h5
61844.065529018015,1.2430488295695167e-13,fac-opacity-cowan-state,T61844p1_rho1p24305em13,0.13454400732066737,2.916938348402788e-20,0.13454400732066737,4.898020867319924e-21,ok,/home/elads/STAR/full_grid_solar_opacity/runs/T61844p1_rho1p24305em13/fac-opacity-cowan-state/starout.h5
61844.065529018015,1.7863580192457348e-13,fac-opacity-cowan-state,T61844p1_rho1p78636em13,0.13454400732066785,4.191867637494684e-20,0.13454400732066785,7.038837572500085e-21,ok,/home/elads/STAR/full_grid_solar_opacity/runs/T61844p1_rho1p78636em13/fac-opacity-cowan-state/starout.h5
61844.065529018015,2.567135656310987e-13,fac-opacity-cowan-state,T61844p1_rho2p56714em13,0.1345440073206682,6.024040286155404e-20,0.13454400732066815,1.0115357831867176e-20,ok,/home/elads/STAR/full_grid_solar_opacity/runs/T61844p1_rho2p56714em13/fac-opacity-cowan-state/starout.h5
61844.065529018015,3.6891739544382357e-13,fac-opacity-cowan-state,T61844p1_rho3p68917em13,0.13454400732066762,8.657015028143634e-20,0.1345440073206676,1.4536556939869517e-20,ok,/home/elads/STAR/full_grid_solar_opacity/runs/T61844p1_rho3p68917em13/fac-opacity-cowan-state/starout.h5
61844.065529018015,5.301630411562758e-13,fac-opacity-cowan-state,T61844p1_rho5p30163em13,0.1345440073206675,1.2440804863380745e-19,0.1345440073206675,2.089016452321983e-20,ok,/home/elads/STAR/full_grid_solar_opacity/runs/T61844p1_rho5p30163em13/fac-opacity-cowan-state/starout.h5
61844.065529018015,7.618855973704612e-13,fac-opacity-cowan-state,T61844p1_rho7p61886em13,0.1345440073206677,1.7878405643221733e-19,0.1345440073206677,3.00207935461108e-20,ok,/home/elads/STAR/full_grid_solar_opacity/runs/T61844p1_rho7p61886em13/fac-opacity-cowan-state/starout.h5
61844.065529018015,1.0948889651276868e-12,fac-opacity-cowan-state,T61844p1_rho1p09489em12,0.13454400732066746,2.5692662028442357e-19,0.13454400732066743,4.314221951582079e-20,ok,/home/elads/STAR/full_grid_solar_opacity/runs/T61844p1_rho1p09489em12/fac-opacity-cowan-state/starout.h5
61844.065529018015,1.5734407502856082e-12,fac-opacity-cowan-state,T61844p1_rho1p57344em12,0.13454400732067068,3.6922358502264467e-19,0.13454400732067068,6.199873294254526e-20,ok,/home/elads/STAR/full_grid_solar_opacity/runs/T61844p1_rho1p57344em12/fac-opacity-cowan-state/starout.h5
61844.065529018015,2.26115695153675e-12,fac-opacity-cowan-state,T61844p1_rho2p26116em12,0.13454400732066732,5.306031050654867e-19,0.13454400732066732,8.909701724653133e-20,ok,/home/elads/STAR/full_grid_solar_opacity/runs/T61844p1_rho2p26116em12/fac-opacity-cowan-state/starout.h5
61844.065529018015,3.249458715591849e-12,fac-opacity-cowan-state,T61844p1_rho3p24946em12,0.13454400732066718,7.625181329964461e-19,0.13454400732066718,1.2803937657933403e-19,ok,/home/elads/STAR/full_grid_solar_opacity/runs/T61844p1_rho3p24946em12/fac-opacity-cowan-state/starout.h5
61844.065529018015,4.669725353279713e-12,fac-opacity-cowan-state,T61844p1_rho4p66973em12,0.13454400732066657,1.0957982836707598e-18,0.13454400732066657,1.8400261092020982e-19,ok,/home/elads/STAR/full_grid_solar_opacity/runs/T61844p1_rho4p66973em12/fac-opacity-cowan-state/starout.h5
61844.065529018015,6.710759170575148e-12,fac-opacity-cowan-state,T61844p1_rho6p71076em12,0.13454400732066663,1.5747482002594575e-18,0.1345440073206666,2.6442619910579886e-19,ok,/home/elads/STAR/full_grid_solar_opacity/runs/T61844p1_rho6p71076em12/fac-opacity-cowan-state/starout.h5
61844.065529018015,9.64388379154446e-12,fac-opacity-cowan-state,T61844p1_rho9p64388em12,0.13454400732066502,2.2630372301180406e-18,0.13454400732066502,3.800012714471833e-19,ok,/home/elads/STAR/full_grid_solar_opacity/runs/T61844p1_rho9p64388em12/fac-opacity-cowan-state/starout.h5
61844.065529018015,1.3859012403933867e-11,fac-opacity-cowan-state,T61844p1_rho1p3859em11,0.13454400732066443,3.252163337112314e-18,0.13454400732066443,5.4609183963231865e-19,ok,/home/elads/STAR/full_grid_solar_opacity/runs/T61844p1_rho1p3859em11/fac-opacity-cowan-state/starout.h5
61844.065529018015,1.9916480638308542e-11,fac-opacity-cowan-state,T61844p1_rho1p99165em11,0.13454400732066246,4.673616241818493e-18,0.13454400732066243,7.84777189429403e-19,ok,/home/elads/STAR/full_grid_solar_opacity/runs/T61844p1_rho1p99165em11/fac-opacity-cowan-state/starout.h5
61844.065529018015,2.8621534453892672e-11,fac-opacity-cowan-state,T61844p1_rho2p86215em11,0.13454400732066044,6.716356648989691e-18,0.13454400732066044,1.1277869285704672e-18,ok,/home/elads/STAR/full_grid_solar_opacity/runs/T61844p1_rho2p86215em11/fac-opacity-cowan-state/starout.h5
61844.065529018015,4.1131375034185614e-11,fac-opacity-cowan-state,T61844p1_rho4p11314em11,0.1345440073206569,9.651934706216494e-18,0.1345440073206569,1.620718808240353e-18,ok,/home/elads/STAR/full_grid_solar_opacity/runs/T61844p1_rho4p11314em11/fac-opacity-cowan-state/starout.h5
61844.065529018015,5.910899064227969e-11,fac-opacity-cowan-state,T61844p1_rho5p9109em11,0.1345440073206518,1.3870587314780703e-17,0.1345440073206518,2.329100043834208e-18,ok,/home/elads/STAR/full_grid_solar_opacity/runs/T61844p1_rho5p9109em11/fac-opacity-cowan-state/starout.h5
61844.065529018015,8.4944224982638e-11,fac-opacity-cowan-state,T61844p1_rho8p49442em11,0.1345440073206436,1.993311405440989e-17,0.1345440073206436,3.347098142915459e-18,ok,/home/elads/STAR/full_grid_solar_opacity/runs/T61844p1_rho8p49442em11/fac-opacity-cowan-state/starout.h5
61844.065529018015,1.2207146966133182e-10,fac-opacity-cowan-state,T61844p1_rho1p22071em10,0.13454400732063496,2.8645430344045387e-17,0.13454400732063496,4.81003963016219e-18,ok,/home/elads/STAR/full_grid_solar_opacity/runs/T61844p1_rho1p22071em10/fac-opacity-cowan-state/starout.h5
61844.065529018015,1.7542621300415897e-10,fac-opacity-cowan-state,T61844p1_rho1p75426em10,0.13454400732062025,4.116570830000054e-17,0.13454400732062025,6.912400617679598e-18,ok,/home/elads/STAR/full_grid_solar_opacity/runs/T61844p1_rho1p75426em10/fac-opacity-cowan-state/starout.h5
61844.065529018015,2.52101136279913e-10,fac-opacity-cowan-state,T61844p1_rho2p52101em10,0.13454400732059857,5.915834401583874e-17,0.13454400732059857,9.933660444198588e-18,ok,/home/elads/STAR/full_grid_solar_opacity/runs/T61844p1_rho2p52101em10/fac-opacity-cowan-state/starout.h5
61844.065529018015,3.6228897509242966e-10,fac-opacity-cowan-state,T61844p1_rho3p62289em10,0.13454400732056865,8.501521669063504e-17,0.13454400732056865,1.4275454468597585e-17,ok,/home/elads/STAR/full_grid_solar_opacity/runs/T61844p1_rho3p62289em10/fac-opacity-cowan-state/starout.h5
61844.065529018015,5.20637484663258e-10,fac-opacity-cowan-state,T61844p1_rho5p20637em10,0.1345440073205227,1.2217369832084465e-16,0.1345440073205227,2.0514972307854075e-17,ok,/home/elads/STAR/full_grid_solar_opacity/runs/T61844p1_rho5p20637em10/fac-opacity-cowan-state/starout.h5
61844.065529018015,7.481966305138837e-10,fac-opacity-cowan-state,T61844p1_rho7p48197em10,0.13454400732046318,1.7557375524884127e-16,0.13454400732046318,2.948171020498317e-17,ok,/home/elads/STAR/full_grid_solar_opacity/runs/T61844p1_rho7p48197em10/fac-opacity-cowan-state/starout.h5
61844.065529018015,1.0752168531898921e-09,fac-opacity-cowan-state,T61844p1_rho1p07522em09,0.1345440073203745,2.5231448802602057e-16,0.1345440073203745,4.2367715861773245e-17,ok,/home/elads/STAR/full_grid_solar_opacity/runs/T61844p1_rho1p07522em09/fac-opacity-cowan-state/starout.h5
61844.065529018015,1.5451703926941453e-09,fac-opacity-cowan-state,T61844p1_rho1p54517em09,0.13454400732024838,3.6259653736665874e-16,0.13454400732024838,6.088585081730998e-17,ok,/home/elads/STAR/full_grid_solar_opacity/runs/T61844p1_rho1p54517em09/fac-opacity-cowan-state/starout.h5
61844.065529018015,2.220530245015531e-09,fac-opacity-cowan-state,T61844p1_rho2p22053em09,0.13454400732006755,5.210785204972163e-16,0.1345440073200676,8.749755196161266e-17,ok,/home/elads/STAR/full_grid_solar_opacity/runs/T61844p1_rho2p22053em09/fac-opacity-cowan-state/starout.h5
61844.065529018015,3.1910749729235452e-09,fac-opacity-cowan-state,T61844p1_rho3p19107em09,0.13454400731981342,7.488283777674919e-16,0.1345440073198135,1.257404560228592e-16,ok,/home/elads/STAR/full_grid_solar_opacity/runs/T61844p1_rho3p19107em09/fac-opacity-cowan-state/starout.h5
61844.065529018015,4.585823366142813e-09,fac-opacity-cowan-state,T61844p1_rho4p58582em09,0.13454400731945337,1.0761224577276078e-15,0.13454400731945348,1.806984318586842e-16,ok,/home/elads/STAR/full_grid_solar_opacity/runs/T61844p1_rho4p58582em09/fac-opacity-cowan-state/starout.h5
61844.065529018015,6.590185477903269e-09,fac-opacity-cowan-state,T61844p1_rho6p59019em09,0.13454400731878738,1.5464710145280938e-15,0.1345440073187875,2.5967751783510783e-16,ok,/home/elads/STAR/full_grid_solar_opacity/runs/T61844p1_rho6p59019em09/fac-opacity-cowan-state/starout.h5
61844.065529018015,9.470610000772238e-09,fac-opacity-cowan-state,T61844p1_rho9p47061em09,0.13454400731820998,2.2223983425140613e-15,0.1345440073182102,3.7317652069905956e-16,ok,/home/elads/STAR/full_grid_solar_opacity/runs/T61844p1_rho9p47061em09/fac-opacity-cowan-state/starout.h5
61844.065529018015,1.3610004466105506e-08,fac-opacity-cowan-state,T61844p1_rho1p361em08,0.13454400731715088,3.1937538384021555e-15,0.13454400731715113,5.36282567253769e-16,ok,/home/elads/STAR/full_grid_solar_opacity/runs/T61844p1_rho1p361em08/fac-opacity-cowan-state/starout.h5
61844.065529018015,1.9558636830395073e-08,fac-opacity-cowan-state,T61844p1_rho1p95586em08,0.11927841846911379,4.585366229874276e-15,0.11927841846911424,7.703603384673114e-16,ok,/home/elads/STAR/full_grid_solar_opacity/runs/T61844p1_rho1p95586em08/fac-opacity-cowan-state/starout.h5
61844.065529018015,2.810728502080722e-08,fac-opacity-cowan-state,T61844p1_rho2p81073em08,0.11927841846761714,6.590749631607304e-15,0.11927841846761775,1.1071546065120107e-15,ok,/home/elads/STAR/full_grid_solar_opacity/runs/T61844p1_rho2p81073em08/fac-opacity-cowan-state/starout.h5
61844.065529018015,4.039235853150913e-08,fac-opacity-cowan-state,T61844p1_rho4p03924em08,0.11927841846565229,9.472531369544704e-15,0.11927841846565311,1.591154093892415e-15,ok,/home/elads/STAR/full_grid_solar_opacity/runs/T61844p1_rho4p03924em08/fac-opacity-cowan-state/starout.h5
61844.065529018015,5.804696634805446e-08,fac-opacity-cowan-state,T61844p1_rho5p8047em08,0.11927841846320736,1.3616689415046817e-14,0.1192784184632086,2.2868934054983492e-15,ok,/home/elads/STAR/full_grid_solar_opacity/runs/T61844p1_rho5p8047em08/fac-opacity-cowan-state/starout.h5
61844.065529018015,8.341801332506338e-08,fac-opacity-cowan-state,T61844p1_rho8p3418em08,0.11927841846008143,1.9602949410005418e-14,0.11927841846008318,3.2890126083023056e-15,ok,/home/elads/STAR/full_grid_solar_opacity/runs/T61844p1_rho8p3418em08/fac-opacity-cowan-state/starout.h5
61844.065529018015,1.1987818459583772e-07,fac-opacity-cowan-state,T61844p1_rho1p19878em07,0.1192784184562528,2.811943010590695e-14,0.11927841845625535,4.722692147455506e-15,ok,/home/elads/STAR/full_grid_solar_opacity/runs/T61844p1_rho1p19878em07/fac-opacity-cowan-state/starout.h5
61844.065529018015,1.7227429147699408e-07,fac-opacity-cowan-state,T61844p1_rho1p72274em07,0.11927841845154634,4.044509849271955e-14,0.11927841845155003,6.7894752098760456e-15,ok,/home/elads/STAR/full_grid_solar_opacity/runs/T61844p1_rho1p72274em07/fac-opacity-cowan-state/starout.h5
61844.065529018015,2.4757157946593376e-07,fac-opacity-cowan-state,T61844p1_rho2p47572em07,0.11927841844583377,5.810471595115791e-14,0.119278418445839,9.755619079479086e-15,ok,/home/elads/STAR/full_grid_solar_opacity/runs/T61844p1_rho2p47572em07/fac-opacity-cowan-state/starout.h5
61844.065529018015,3.557796490339488e-07,fac-opacity-cowan-state,T61844p1_rho3p5578em07,0.1192784184390406,8.349746647240651e-14,0.1192784184390482,1.4019242066306544e-14,ok,/home/elads/STAR/full_grid_solar_opacity/runs/T61844p1_rho3p5578em07/fac-opacity-cowan-state/starout.h5
61844.065529018015,5.112830759482948e-07,fac-opacity-cowan-state,T61844p1_rho5p11283em07,0.11927841843070139,1.1997294015773433e-13,0.1192784184307121,2.014522379468631e-14,ok,/home/elads/STAR/full_grid_solar_opacity/runs/T61844p1_rho5p11283em07/fac-opacity-cowan-state/starout.h5
61844.065529018015,7.347536163492159e-07,fac-opacity-cowan-state,T61844p1_rho7p34754em07,0.11927841842067674,1.7241634463212945e-13,0.1192784184206925,2.8950314256215616e-14,ok,/home/elads/STAR/full_grid_solar_opacity/runs/T61844p1_rho7p34754em07/fac-opacity-cowan-state/starout.h5
61844.065529018015,1.0558981944335787e-06,fac-opacity-cowan-state,T61844p1_rho1p0559em06,0.11927841840865071,2.4775315804496783e-13,0.1192784184086729,4.160223350863545e-14,ok,/home/elads/STAR/full_grid_solar_opacity/runs/T61844p1_rho1p0559em06/fac-opacity-cowan-state/starout.h5
61844.065529018015,1.517407974863493e-06,fac-opacity-cowan-state,T61844p1_rho1p51741em06,0.11927841839426329,3.5606198890965676e-13,0.11927841839429533,5.978663343317242e-14,ok,/home/elads/STAR/full_grid_solar_opacity/runs/T61844p1_rho1p51741em06/fac-opacity-cowan-state/starout.h5
61844.065529018015,2.1806334875063253e-06,fac-opacity-cowan-state,T61844p1_rho2p18063em06,0.11927841837711246,5.116760659108803e-13,0.11927841837715858,8.591832211138717e-14,ok,/home/elads/STAR/full_grid_solar_opacity/runs/T61844p1_rho2p18063em06/fac-opacity-cowan-state/starout.h5
61844.065529018015,3.1337402238588983e-06,fac-opacity-cowan-state,T61844p1_rho3p13374em06,0.1192784183567298,7.353422183751154e-13,0.11927841835679637,1.234706895016367e-13,ok,/home/elads/STAR/full_grid_solar_opacity/runs/T61844p1_rho3p13374em06/fac-opacity-cowan-state/starout.h5
61844.065529018015,4.503428864545845e-06,fac-opacity-cowan-state,T61844p1_rho4p50343em06,0.1192784183322386,1.0567239920747238e-12,0.1192784183323338,1.7743539348275742e-13,ok,/home/elads/STAR/full_grid_solar_opacity/runs/T61844p1_rho4p50343em06/fac-opacity-cowan-state/starout.h5
61844.065529018015,6.471778159406801e-06,fac-opacity-cowan-state,T61844p1_rho6p47178em06,0.11927841830319262,1.5186246525306077e-12,0.119278418303329,2.549896602214582e-13,ok,/home/elads/STAR/full_grid_solar_opacity/runs/T61844p1_rho6p47178em06/fac-opacity-cowan-state/starout.h5
61844.065529018015,9.300449458481393e-06,fac-opacity-cowan-state,T61844p1_rho9p30045em06,0.11927841826802629,2.1824043932258155e-12,0.1192784182682228,3.664414795471099e-13,ok,/home/elads/STAR/full_grid_solar_opacity/runs/T61844p1_rho9p30045em06/fac-opacity-cowan-state/starout.h5
61844.065529018015,1.3365470508911143e-05,fac-opacity-cowan-state,T61844p1_rho1p33655em05,0.11927841822862945,3.1362672209995283e-12,0.11927841822891144,5.265947247628937e-13,ok,/home/elads/STAR/full_grid_solar_opacity/runs/T61844p1_rho1p33655em05/fac-opacity-cowan-state/starout.h5
61844.065529018015,1.920722248123928e-05,fac-opacity-cowan-state,T61844p1_rho1p92072em05,0.11927841817847049,4.506926220158595e-12,0.119278418178877,7.567316280017802e-13,ok,/home/elads/STAR/full_grid_solar_opacity/runs/T61844p1_rho1p92072em05/fac-opacity-cowan-state/starout.h5
61844.065529018015,2.760227522090268e-05,fac-opacity-cowan-state,T61844p1_rho2p76023em05,0.11927841812373483,6.476819461646997e-12,0.11927841812431883,1.0874697467191108e-12,ok,/home/elads/STAR/full_grid_solar_opacity/runs/T61844p1_rho2p76023em05/fac-opacity-cowan-state/starout.h5
61844.065529018015,3.966662010161191e-05,fac-opacity-cowan-state,T61844p1_rho3p96666em05,0.1192784180519247,9.30777582447581e-12,0.11927841805276312,1.5627696972828287e-12,ok,/home/elads/STAR/full_grid_solar_opacity/runs/T61844p1_rho3p96666em05/fac-opacity-cowan-state/starout.h5
61844.065529018015,5.7004023678963655e-05,fac-opacity-cowan-state,T61844p1_rho5p7004em05,0.1192784179672557,1.3375935236238677e-11,0.11927841796846139,2.245772929491836e-12,ok,/home/elads/STAR/full_grid_solar_opacity/runs/T61844p1_rho5p7004em05/fac-opacity-cowan-state/starout.h5
61844.065529018015,8.191922344953684e-05,fac-opacity-cowan-state,T61844p1_rho8p19192em05,0.11927841816930165,1.9222146977582085e-11,0.1192784181710342,3.2272658616795595e-12,ok,/home/elads/STAR/full_grid_solar_opacity/runs/T61844p1_rho8p19192em05/fac-opacity-cowan-state/starout.h5
61844.065529018015,0.00011772430676769293,fac-opacity-cowan-state,T61844p1_rho0p000117724,0.11927841911801428,2.7623544949203703e-11,0.11927841912050387,4.637696518188748e-12,ok,/home/elads/STAR/full_grid_solar_opacity/runs/T61844p1_rho0p000117724/fac-opacity-cowan-state/starout.h5
61844.065529018015,0.00016917900122028344,fac-opacity-cowan-state,T61844p1_rho0p000169179,0.11927841614563531,3.969739203397052e-11,0.11927841614921358,6.664565813535872e-12,ok,/home/elads/STAR/full_grid_solar_opacity/runs/T61844p1_rho0p000169179/fac-opacity-cowan-state/starout.h5
61844.065529018015,0.0002431234061999784,fac-opacity-cowan-state,T61844p1_rho0p000243123,0.11927841823735255,5.740644939442926e-11,0.1192784182425456,9.659153450376037e-12,ok,/home/elads/STAR/full_grid_solar_opacity/runs/T61844p1_rho0p000243123/fac-opacity-cowan-state/starout.h5
61844.065529018015,0.0003493872774749123,fac-opacity-cowan-state,T61844p1_rho0p000349387,0.11927841836099638,8.255306128734306e-11,0.11927841836846664,1.3893441629000493e-11,ok,/home/elads/STAR/full_grid_solar_opacity/runs/T61844p1_rho0p000349387/fac-opacity-cowan-state/starout.h5
61844.065529018015,0.0005020967399614471,fac-opacity-cowan-state,T61844p1_rho0p000502097,0.11927841857464987,1.1862943090151448e-10,0.11927841858538389,1.9964173518973556e-11,ok,/home/elads/STAR/full_grid_solar_opacity/runs/T61844p1_rho0p000502097/fac-opacity-cowan-state/starout.h5
61844.065529018015,0.0007215521357901021,fac-opacity-cowan-state,T61844p1_rho0p000721552,0.11927841922801462,1.704091527167783e-10,0.1192784192434333,2.867307622176146e-11,ok,/home/elads/STAR/full_grid_solar_opacity/runs/T61844p1_rho0p000721552/fac-opacity-cowan-state/starout.h5
61844.065529018015,0.0010369266382873438,fac-opacity-cowan-state,T61844p1_rho0p00103693,0.11927841370243582,2.448773793737447e-10,0.11927841372458912,4.120026513547757e-11,ok,/home/elads/STAR/full_grid_solar_opacity/runs/T61844p1_rho0p00103693/fac-opacity-cowan-state/starout.h5
61844.065529018015,0.0014901443705277455,fac-opacity-cowan-state,T61844p1_rho0p00149014,0.11927841357607238,3.518412394128513e-10,0.11927841360789841,5.918964132337172e-11,ok,/home/elads/STAR/full_grid_solar_opacity/runs/T61844p1_rho0p00149014/fac-opacity-cowan-state/starout.h5
61844.065529018015,0.002141453563853953,fac-opacity-cowan-state,T61844p1_rho0p00214145,0.11927841803840368,5.056320861240788e-10,0.11927841808414069,8.505697735616771e-11,ok,/home/elads/STAR/full_grid_solar_opacity/runs/T61844p1_rho0p00214145/fac-opacity-cowan-state/starout.h5
61844.065529018015,0.003077435620898055,fac-opacity-cowan-state,T61844p1_rho0p00307744,0.11927841274271044,7.264016227272515e-10,0.11927841280840477,1.221718540754079e-10,ok,/home/elads/STAR/full_grid_solar_opacity/runs/T61844p1_rho0p00307744/fac-opacity-cowan-state/starout.h5
61844.065529018015,0.004422514763163053,fac-opacity-cowan-state,T61844p1_rho0p00442251,0.11927841293885999,1.0437685932635823e-09,0.11927841303324715,1.755256296758047e-10,ok,/home/elads/STAR/full_grid_solar_opacity/runs/T61844p1_rho0p00442251/fac-opacity-cowan-state/starout.h5
61844.065529018015,0.006355498291362301,fac-opacity-cowan-state,T61844p1_rho0p0063555,0.11927841246057092,1.4996431110703004e-09,0.11927841259615837,2.5213996174045356e-10,ok,/home/elads/STAR/full_grid_solar_opacity/runs/T61844p1_rho0p0063555/fac-opacity-cowan-state/starout.h5
61844.065529018015,0.009133346228248624,fac-opacity-cowan-state,T61844p1_rho0p00913335,0.11927841078858031,2.154765008107978e-09,0.11927841098337366,3.62220153075318e-10,ok,/home/elads/STAR/full_grid_solar_opacity/runs/T61844p1_rho0p00913335/fac-opacity-cowan-state/starout.h5
61844.065529018015,0.01312533014735226,fac-opacity-cowan-state,T61844p1_rho0p0131253,0.11927841488441905,3.0964041203283927e-09,0.11927841516431407,5.20424658585093e-10,ok,/home/elads/STAR/full_grid_solar_opacity/runs/T61844p1_rho0p0131253/fac-opacity-cowan-state/starout.h5
61844.065529018015,0.018862122071335155,fac-opacity-cowan-state,T61844p1_rho0p0188621,0.11927841416701038,4.4480390360455545e-09,0.11927841456896397,7.473588588687316e-10,ok,/home/elads/STAR/full_grid_solar_opacity/runs/T61844p1_rho0p0188621/fac-opacity-cowan-state/starout.h5
61844.065529018015,0.02710633904364831,fac-opacity-cowan-state,T61844p1_rho0p0271063,0.11927841375479382,6.3909251876908255e-09,0.11927841433219923,1.0735010292895808e-09,ok,/home/elads/STAR/full_grid_solar_opacity/runs/T61844p1_rho0p0271063/fac-opacity-cowan-state/starout.h5
61844.065529018015,0.038953921174427183,fac-opacity-cowan-state,T61844p1_rho0p0389539,0.11927841351605191,9.182097059270416e-09,0.1192784143454294,1.54182706144376e-09,ok,/home/elads/STAR/full_grid_solar_opacity/runs/T61844p1_rho0p0389539/fac-opacity-cowan-state/starout.h5
61844.065529018015,0.0559798197912329,fac-opacity-cowan-state,T61844p1_rho0p0559798,0.11927840848895833,1.3191634638103381e-08,0.11927840968013792,2.2142141575732418e-09,ok,/home/elads/STAR/full_grid_solar_opacity/runs/T61844p1_rho0p0559798/fac-opacity-cowan-state/starout.h5
61844.065529018015,0.08044736266284185,fac-opacity-cowan-state,T61844p1_rho0p0804474,0.11927840832193318,1.895096828586123e-08,0.11927841003253606,3.1794184949962373e-09,ok,/home/elads/STAR/full_grid_solar_opacity/runs/T61844p1_rho0p0804474/fac-opacity-cowan-state/starout.h5
61844.065529018015,0.11560912813835741,fac-opacity-cowan-state,T61844p1_rho0p115609,0.11927840856611092,2.722323033586059e-08,0.11927841102232109,4.564731030412816e-09,ok,/home/elads/STAR/full_grid_solar_opacity/runs/T61844p1_rho0p115609/fac-opacity-cowan-state/starout.h5
61844.065529018015,0.1661393247274789,fac-opacity-cowan-state,T61844p1_rho0p166139,0.11927840971463104,3.910453171588681e-08,0.11927841324101217,6.552751863448763e-09,ok,/home/elads/STAR/full_grid_solar_opacity/runs/T61844p1_rho0p166139/fac-opacity-cowan-state/starout.h5
61844.065529018015,0.23875515424585794,fac-opacity-cowan-state,T61844p1_rho0p238755,0.11927841212871189,5.6168901261049284e-08,0.11927841719096414,9.405303810963567e-09,ok,/home/elads/STAR/full_grid_solar_opacity/runs/T61844p1_rho0p238755/fac-opacity-cowan-state/starout.h5
61844.065529018015,0.34310975906798746,fac-opacity-cowan-state,T61844p1_rho0p34311,0.11927840601088657,8.068089235420684e-08,0.11927841327768503,1.3498657063346809e-08,ok,/home/elads/STAR/full_grid_solar_opacity/runs/T61844p1_rho0p34311/fac-opacity-cowan-state/starout.h5
61844.065529018015,0.49307545690287347,fac-opacity-cowan-state,T61844p1_rho0p493075,0.11927840483460156,1.1589230704858244e-07,0.11927841526578047,1.9372182381976547e-08,ok,/home/elads/STAR/full_grid_solar_opacity/runs/T61844p1_rho0p493075/fac-opacity-cowan-state/starout.h5
61844.065529018015,0.7085878491488851,fac-opacity-cowan-state,T61844p1_rho0p708588,0.11927840245306608,1.6647826670323804e-07,0.11927841742676086,2.7800052388518717e-08,ok,/home/elads/STAR/full_grid_solar_opacity/runs/T61844p1_rho0p708588/fac-opacity-cowan-state/starout.h5
61844.065529018015,1.0182959482819007,fac-opacity-cowan-state,T61844p1_rho1p0183,0.11927839872454897,2.391585382200673e-07,0.11927842021956059,3.989281506387914e-08,ok,/home/elads/STAR/full_grid_solar_opacity/runs/T61844p1_rho1p0183/fac-opacity-cowan-state/starout.h5
61844.065529018015,1.4633706173946401,fac-opacity-cowan-state,T61844p1_rho1p46337,0.11927839245214976,3.4359069953389304e-07,0.11927842330959308,5.724291395022183e-08,ok,/home/elads/STAR/full_grid_solar_opacity/runs/T61844p1_rho1p46337/fac-opacity-cowan-state/starout.h5
61844.065529018015,2.1029775945461404,fac-opacity-cowan-state,T61844p1_rho2p10298,0.11927838247282367,4.936546656603131e-07,0.1192784267715081,8.213298102610384e-08,ok,/home/elads/STAR/full_grid_solar_opacity/runs/T61844p1_rho2p10298/fac-opacity-cowan-state/starout.h5
61844.065529018015,3.0221426551783854,fac-opacity-cowan-state,T61844p1_rho3p02214,0.11927836734304403,7.092929561701148e-07,0.1192784309370008,1.1783235865242309e-07,ok,/home/elads/STAR/full_grid_solar_opacity/runs/T61844p1_rho3p02214/fac-opacity-cowan-state/starout.h5
61844.065529018015,4.343054463316713,fac-opacity-cowan-state,T61844p1_rho4p34305,0.11927834450492796,1.0191681768811274e-06,0.11927843579551903,1.690241088603151e-07,ok,/home/elads/STAR/full_grid_solar_opacity/runs/T61844p1_rho4p34305/fac-opacity-cowan-state/starout.h5
61844.065529018015,6.241307649397467,fac-opacity-cowan-state,T61844p1_rho6p24131,0.11927831030561191,1.4644652386718263e-06,0.11927844134671,2.4241035407180057e-07,ok,/home/elads/STAR/full_grid_solar_opacity/runs/T61844p1_rho6p24131/fac-opacity-cowan-state/starout.h5
61844.065529018015,8.969245378672715,fac-opacity-cowan-state,T61844p1_rho8p96925,0.11927826581337679,2.104360651150326e-06,0.11927845389440296,3.4757719162267194e-07,ok,/home/elads/STAR/full_grid_solar_opacity/runs/T61844p1_rho8p96925/fac-opacity-cowan-state/starout.h5
61844.065529018015,12.889504440725364,fac-opacity-cowan-state,T61844p1_rho12p8895,0.11927818691228716,3.0238854294377923e-06,0.11927845682619277,4.982288317201024e-07,ok,/home/elads/STAR/full_grid_solar_opacity/runs/T61844p1_rho12p8895/fac-opacity-cowan-state/starout.h5
61844.065529018015,18.52322215674118,fac-opacity-cowan-state,T61844p1_rho18p5232,0.11927808635575485,4.345216312073986e-06,0.11927847364485851,7.139419560616277e-07,ok,/home/elads/STAR/full_grid_solar_opacity/runs/T61844p1_rho18p5232/fac-opacity-cowan-state/starout.h5
61844.065529018015,26.61931346126126,fac-opacity-cowan-state,T61844p1_rho26p6193,0.11927793034768921,6.2438804176984355e-06,0.11927848594565006,1.022656731476279e-06,ok,/home/elads/STAR/full_grid_solar_opacity/runs/T61844p1_rho26p6193/fac-opacity-cowan-state/starout.h5
61844.065529018015,38.254027466328665,fac-opacity-cowan-state,T61844p1_rho38p254,0.11927771084516946,8.972043173446892e-06,0.11927850771392791,1.4642146129496895e-06,ok,/home/elads/STAR/full_grid_solar_opacity/runs/T61844p1_rho38p254/fac-opacity-cowan-state/starout.h5
61844.065529018015,54.97401800103719,fac-opacity-cowan-state,T61844p1_rho54p974,0.11927741072978132,1.2891921157248902e-05,0.11927855333884096,2.095364328908694e-06,ok,/home/elads/STAR/full_grid_solar_opacity/runs/T61844p1_rho54p974/fac-opacity-cowan-state/starout.h5
61844.065529018015,79.0019471240894,fac-opacity-cowan-state,T61844p1_rho79p0019,0.11927695404321516,1.852371194965406e-05,0.11927859189642769,2.9968339002056147e-06,ok,/home/elads/STAR/full_grid_solar_opacity/runs/T61844p1_rho79p0019/fac-opacity-cowan-state/starout.h5
61844.065529018015,113.53195339077567,fac-opacity-cowan-state,T61844p1_rho113p532,0.11927629339835442,2.6614352183096596e-05,0.11927864031899178,4.283302181528424e-06,ok,/home/elads/STAR/full_grid_solar_opacity/runs/T61844p1_rho113p532/fac-opacity-cowan-state/starout.h5
61844.065529018015,163.15426277379785,fac-opacity-cowan-state,T61844p1_rho163p154,0.11927534646965164,3.8235997245632605e-05,0.11927870805729114,6.117405389916893e-06,ok,/home/elads/STAR/full_grid_solar_opacity/runs/T61844p1_rho163p154/fac-opacity-cowan-state/starout.h5
61844.065529018015,234.46538763970608,fac-opacity-cowan-state,T61844p1_rho234p465,0.11927399047193822,5.492695993501943e-05,0.1192788031370499,8.729350785662779e-06,ok,/home/elads/STAR/full_grid_solar_opacity/runs/T61844p1_rho234p465/fac-opacity-cowan-state/starout.h5
61844.065529018015,336.94503022121665,fac-opacity-cowan-state,T61844p1_rho336p945,0.11927203782320252,7.88930746571807e-05,0.11927892418112836,1.244426399318831e-05,ok,/home/elads/STAR/full_grid_solar_opacity/runs/T61844p1_rho336p945/fac-opacity-cowan-state/starout.h5
61844.065529018015,484.21626123015125,fac-opacity-cowan-state,T61844p1_rho484p216,0.1192692500360592,0.00011329479038937495,0.11927909735031682,1.772013584945147e-05,ok,/home/elads/STAR/full_grid_solar_opacity/runs/T61844p1_rho484p216/fac-opacity-cowan-state/starout.h5
61844.065529018015,695.8564947100452,fac-opacity-cowan-state,T61844p1_rho695p856,0.11926522942679568,0.00016265507888310292,0.11927930038301583,2.520012667734574e-05,ok,/home/elads/STAR/full_grid_solar_opacity/runs/T61844p1_rho695p856/fac-opacity-cowan-state/starout.h5
61844.065529018015,1000.0,fac-opacity-cowan-state,T61844p1_rho1000,0.1192595172302688,0.0002334366568185412,0.11927960587940552,3.5784183155641425e-05,ok,/home/elads/STAR/full_grid_solar_opacity/runs/T61844p1_rho1000/fac-opacity-cowan-state/starout.h5
68082.95941974065,1e-17,fac-opacity-cowan-state,T68083_rho1em17,0.12759501713467877,1.6752725561623033e-24,0.12759501713467877,2.718766443817217e-25,ok,/home/elads/STAR/full_grid_solar_opacity/runs/T68083_rho1em17/fac-opacity-cowan-state/starout.h5
68082.95941974065,1.4370779141993746e-17,fac-opacity-cowan-state,T68083_rho1p43708em17,0.12759501713467877,2.4068949613869323e-24,0.12759501713467877,3.9061554663206924e-25,ok,/home/elads/STAR/full_grid_solar_opacity/runs/T68083_rho1p43708em17/fac-opacity-cowan-state/starout.h5
68082.95941974065,2.065192931479625e-17,fac-opacity-cowan-state,T68083_rho2p06519em17,0.12759501713467877,3.458293438684867e-24,0.12759501713467877,5.612526122787769e-25,ok,/home/elads/STAR/full_grid_solar_opacity/runs/T68083_rho2p06519em17/fac-opacity-cowan-state/starout.h5
68082.95941974065,2.9678431503900313e-17,fac-opacity-cowan-state,T68083_rho2p96784em17,0.12759501713467866,4.969280602891603e-24,0.12759501713467866,8.064781374236777e-25,ok,/home/elads/STAR/full_grid_solar_opacity/runs/T68083_rho2p96784em17/fac-opacity-cowan-state/starout.h5
68082.95941974065,4.2650218442334076e-17,fac-opacity-cowan-state,T68083_rho4p26502em17,0.12759501713467838,7.140750747969557e-24,0.12759501713467838,1.1588957921385375e-24,ok,/home/elads/STAR/full_grid_solar_opacity/runs/T68083_rho4p26502em17/fac-opacity-cowan-state/starout.h5
68082.95941974065,6.129168695925715e-17,fac-opacity-cowan-state,T68083_rho6p12917em17,0.12759501713467888,1.0261571305288035e-23,0.12759501713467888,1.665385861948226e-24,ok,/home/elads/STAR/full_grid_solar_opacity/runs/T68083_rho6p12917em17/fac-opacity-cowan-state/starout.h5
68082.95941974065,8.808092965317026e-17,fac-opacity-cowan-state,T68083_rho8p80809em17,0.12759501713467855,1.4746677550692317e-23,0.12759501713467852,2.3932892531787395e-24,ok,/home/elads/STAR/full_grid_solar_opacity/runs/T68083_rho8p80809em17/fac-opacity-cowan-state/starout.h5
68082.95941974065,1.2657915866672028e-16,fac-opacity-cowan-state,T68083_rho1p26579em16,0.1275950171346787,2.119212476819935e-23,0.1275950171346787,3.439343150876682e-24,ok,/home/elads/STAR/full_grid_solar_opacity/runs/T68083_rho1p26579em16/fac-opacity-cowan-state/starout.h5
68082.95941974065,1.819041133178821e-16,fac-opacity-cowan-state,T68083_rho1p81904em16,0.12759501713467852,3.045473466514594e-23,0.12759501713467852,4.942604102412503e-24,ok,/home/elads/STAR/full_grid_solar_opacity/runs/T68083_rho1p81904em16/fac-opacity-cowan-state/starout.h5
68082.95941974065,2.6141038375114865e-16,fac-opacity-cowan-state,T68083_rho2p6141em16,0.12759501713467894,4.3765826896047745e-23,0.1275950171346789,7.102907248777086e-24,ok,/home/elads/STAR/full_grid_solar_opacity/runs/T68083_rho2p6141em16/fac-opacity-cowan-state/starout.h5
68082.95941974065,3.7566708903116036e-16,fac-opacity-cowan-state,T68083_rho3p75667em16,0.12759501713467825,6.289490387007612e-23,0.12759501713467822,1.0207431258843451e-23,ok,/home/elads/STAR/full_grid_solar_opacity/runs/T68083_rho3p75667em16/fac-opacity-cowan-state/starout.h5
68082.95941974065,5.398628767382507e-16,fac-opacity-cowan-state,T68083_rho5p39863em16,0.1275950171346787,9.038487793949595e-23,0.1275950171346787,1.466887406594269e-23,ok,/home/elads/STAR/full_grid_solar_opacity/runs/T68083_rho5p39863em16/fac-opacity-cowan-state/starout.h5
68082.95941974065,7.758250168566793e-16,fac-opacity-cowan-state,T68083_rho7p75825em16,0.12759501713467858,1.2989011338928426e-22,0.12759501713467858,2.1080315170650768e-23,ok,/home/elads/STAR/full_grid_solar_opacity/runs/T68083_rho7p75825em16/fac-opacity-cowan-state/starout.h5
68082.95941974065,1.1149209970080914e-15,fac-opacity-cowan-state,T68083_rho1p11492em15,0.12759501713467875,1.866622155709922e-22,0.12759501713467872,3.029405571133691e-23,ok,/home/elads/STAR/full_grid_solar_opacity/runs/T68083_rho1p11492em15/fac-opacity-cowan-state/starout.h5
68082.95941974065,1.6022283408774753e-15,fac-opacity-cowan-state,T68083_rho1p60223em15,0.12759501713467894,2.68248151010256e-22,0.1275950171346789,4.3534918936834466e-23,ok,/home/elads/STAR/full_grid_solar_opacity/runs/T68083_rho1p60223em15/fac-opacity-cowan-state/starout.h5
68082.95941974065,2.3025269621793266e-15,fac-opacity-cowan-state,T68083_rho2p30253em15,0.12759501713467838,3.854934990033594e-22,0.12759501713467838,6.25630713579591e-23,ok,/home/elads/STAR/full_grid_solar_opacity/runs/T68083_rho2p30253em15/fac-opacity-cowan-state/starout.h5
68082.95941974065,3.308910644196489e-15,fac-opacity-cowan-state,T68083_rho3p30891em15,0.12759501713467852,5.539842031376936e-22,0.12759501713467852,8.990800959710943e-23,ok,/home/elads/STAR/full_grid_solar_opacity/runs/T68083_rho3p30891em15/fac-opacity-cowan-state/starout.h5
68082.95941974065,4.755162406834019e-15,fac-opacity-cowan-state,T68083_rho4p75516em15,0.12759501713467758,7.961184735169516e-22,0.12759501713467758,1.2920481655039785e-22,ok,/home/elads/STAR/full_grid_solar_opacity/runs/T68083_rho4p75516em15/fac-opacity-cowan-state/starout.h5
68082.95941974065,6.8335388732923106e-15,fac-opacity-cowan-state,T68083_rho6p83354em15,0.12759501713467855,1.1440842955085716e-21,0.12759501713467855,1.8567739131563016e-22,ok,/home/elads/STAR/full_grid_solar_opacity/runs/T68083_rho6p83354em15/fac-opacity-cowan-state/starout.h5
68082.95941974065,9.820327790631256e-15,fac-opacity-cowan-state,T68083_rho9p82033em15,0.12759501713467866,1.6441383002895756e-21,0.12759501713467866,2.668328824762309e-22,ok,/home/elads/STAR/full_grid_solar_opacity/runs/T68083_rho9p82033em15/fac-opacity-cowan-state/starout.h5
68082.95941974065,1.4112576178114521e-14,fac-opacity-cowan-state,T68083_rho1p41126em14,0.12759501713467866,2.3627548804251295e-21,0.12759501713467866,3.834596485467406e-22,ok,/home/elads/STAR/full_grid_solar_opacity/runs/T68083_rho1p41126em14/fac-opacity-cowan-state/starout.h5
68082.95941974065,2.0280871538024598e-14,fac-opacity-cowan-state,T68083_rho2p02809em14,0.1275950171346783,3.395462919592193e-21,0.1275950171346783,5.510614013294778e-22,ok,/home/elads/STAR/full_grid_solar_opacity/runs/T68083_rho2p02809em14/fac-opacity-cowan-state/starout.h5
68082.95941974065,2.914519256800997e-14,fac-opacity-cowan-state,T68083_rho2p91452em14,0.1275950171346785,4.879544868562827e-21,0.1275950171346785,7.919181836657539e-22,ok,/home/elads/STAR/full_grid_solar_opacity/runs/T68083_rho2p91452em14/fac-opacity-cowan-state/starout.h5
68082.95941974065,4.188391254457488e-14,fac-opacity-cowan-state,T68083_rho4p18839em14,0.1275950171346782,7.012286288072182e-21,0.1275950171346782,1.1380481502316666e-21,ok,/home/elads/STAR/full_grid_solar_opacity/runs/T68083_rho4p18839em14/fac-opacity-cowan-state/starout.h5
68082.95941974065,6.019044567806669e-14,fac-opacity-cowan-state,T68083_rho6p01904em14,0.12759501713467858,1.0077201906927483e-20,0.12759501713467858,1.6354638845275729e-21,ok,/home/elads/STAR/full_grid_solar_opacity/runs/T68083_rho6p01904em14/fac-opacity-cowan-state/starout.h5
68082.95941974065,8.649836012976684e-14,fac-opacity-cowan-state,T68083_rho8p64984em14,0.1275950171346783,1.4481724545421017e-20,0.12759501713467827,2.35028906496596e-21,ok,/home/elads/STAR/full_grid_solar_opacity/runs/T68083_rho8p64984em14/fac-opacity-cowan-state/starout.h5
68082.95941974065,1.2430488295695167e-13,fac-opacity-cowan-state,T68083_rho1p24305em13,0.12759501713467838,2.0811366741322056e-20,0.12759501713467838,3.377548536985835e-21,ok,/home/elads/STAR/full_grid_solar_opacity/runs/T68083_rho1p24305em13/fac-opacity-cowan-state/starout.h5
68082.95941974065,1.7863580192457348e-13,fac-opacity-cowan-state,T68083_rho1p78636em13,0.12759501713467866,2.9907555891193595e-20,0.12759501713467866,4.853800481424157e-21,ok,/home/elads/STAR/full_grid_solar_opacity/runs/T68083_rho1p78636em13/fac-opacity-cowan-state/starout.h5
68082.95941974065,2.567135656310987e-13,fac-opacity-cowan-state,T68083_rho2p56714em13,0.12759501713467866,4.29794883270883e-20,0.12759501713467866,6.975289514788155e-21,ok,/home/elads/STAR/full_grid_solar_opacity/runs/T68083_rho2p56714em13/fac-opacity-cowan-state/starout.h5
68082.95941974065,3.6891739544382357e-13,fac-opacity-cowan-state,T68083_rho3p68917em13,0.12759501713467836,6.176487352980363e-20,0.12759501713467836,1.0024034495285587e-20,ok,/home/elads/STAR/full_grid_solar_opacity/runs/T68083_rho3p68917em13/fac-opacity-cowan-state/starout.h5
68082.95941974065,5.301630411562758e-13,fac-opacity-cowan-state,T68083_rho5p30163em13,0.1275950171346783,8.876093630142963e-20,0.1275950171346783,1.4405318676632e-20,ok,/home/elads/STAR/full_grid_solar_opacity/runs/T68083_rho5p30163em13/fac-opacity-cowan-state/starout.h5
68082.95941974065,7.618855973704612e-13,fac-opacity-cowan-state,T68083_rho7p61886em13,0.12759501713467836,1.2755638251126005e-19,0.12759501713467836,2.070156545862045e-20,ok,/home/elads/STAR/full_grid_solar_opacity/runs/T68083_rho7p61886em13/fac-opacity-cowan-state/starout.h5
68082.95941974065,1.0948889651276868e-12,fac-opacity-cowan-state,T68083_rho1p09489em12,0.12759501713467858,1.8330846464026344e-19,0.12759501713467855,2.9749763137489245e-20,ok,/home/elads/STAR/full_grid_solar_opacity/runs/T68083_rho1p09489em12/fac-opacity-cowan-state/starout.h5
68082.95941974065,1.5734407502856082e-12,fac-opacity-cowan-state,T68083_rho1p57344em12,0.12759501713467855,2.6342855782812493e-19,0.12759501713467855,4.27527293580266e-20,ok,/home/elads/STAR/full_grid_solar_opacity/runs/T68083_rho1p57344em12/fac-opacity-cowan-state/starout.h5
68082.95941974065,2.26115695153675e-12,fac-opacity-cowan-state,T68083_rho2p26116em12,0.12759501713467794,3.785673919231459e-19,0.1275950171346779,6.143900774547954e-20,ok,/home/elads/STAR/full_grid_solar_opacity/runs/T68083_rho2p26116em12/fac-opacity-cowan-state/starout.h5
68082.95941974065,3.249458715591849e-12,fac-opacity-cowan-state,T68083_rho3p24946em12,0.12759501713467816,5.440309116476117e-19,0.12759501713467816,8.829265253684052e-20,ok,/home/elads/STAR/full_grid_solar_opacity/runs/T68083_rho3p24946em12/fac-opacity-cowan-state/starout.h5
68082.95941974065,4.669725353279713e-12,fac-opacity-cowan-state,T68083_rho4p66973em12,0.12759501713467744,7.818149778743601e-19,0.1275950171346774,1.268834472756069e-19,ok,/home/elads/STAR/full_grid_solar_opacity/runs/T68083_rho4p66973em12/fac-opacity-cowan-state/starout.h5
68082.95941974065,6.710759170575148e-12,fac-opacity-cowan-state,T68083_rho6p71076em12,0.1275950171346767,1.123529400604348e-18,0.12759501713467672,1.8234145610768926e-19,ok,/home/elads/STAR/full_grid_solar_opacity/runs/T68083_rho6p71076em12/fac-opacity-cowan-state/starout.h5
68082.95941974065,9.64388379154446e-12,fac-opacity-cowan-state,T68083_rho9p64388em12,0.12759501713467664,1.6146000040442413e-18,0.12759501713467664,2.620389906992863e-19,ok,/home/elads/STAR/full_grid_solar_opacity/runs/T68083_rho9p64388em12/fac-opacity-cowan-state/starout.h5
68082.95941974065,1.3859012403933867e-11,fac-opacity-cowan-state,T68083_rho1p3859em11,0.12759501713467558,2.3203073230838493e-18,0.12759501713467558,3.76570650900482e-19,ok,/home/elads/STAR/full_grid_solar_opacity/runs/T68083_rho1p3859em11/fac-opacity-cowan-state/starout.h5
68082.95941974065,1.9916480638308542e-11,fac-opacity-cowan-state,T68083_rho1p99165em11,0.12759501713467422,3.3344646000922843e-18,0.12759501713467422,5.41161706960772e-19,ok,/home/elads/STAR/full_grid_solar_opacity/runs/T68083_rho1p99165em11/fac-opacity-cowan-state/starout.h5
68082.95941974065,2.8621534453892672e-11,fac-opacity-cowan-state,T68083_rho2p86215em11,0.12759501713467242,4.791888659501467e-18,0.12759501713467242,7.776920387700566e-19,ok,/home/elads/STAR/full_grid_solar_opacity/runs/T68083_rho2p86215em11/fac-opacity-cowan-state/starout.h5
68082.95941974065,4.1131375034185614e-11,fac-opacity-cowan-state,T68083_rho4p11314em11,0.12759501713466953,6.886321239084696e-18,0.12759501713466953,1.1176046620283942e-18,ok,/home/elads/STAR/full_grid_solar_opacity/runs/T68083_rho4p11314em11/fac-opacity-cowan-state/starout.h5
68082.95941974065,5.910899064227969e-11,fac-opacity-cowan-state,T68083_rho5p9109em11,0.12759501713466567,9.896183339548534e-18,0.12759501713466567,1.6060854797112544e-18,ok,/home/elads/STAR/full_grid_solar_opacity/runs/T68083_rho5p9109em11/fac-opacity-cowan-state/starout.h5
68082.95941974065,8.4944224982638e-11,fac-opacity-cowan-state,T68083_rho8p49442em11,0.12759501713465995,1.4221586788360985e-17,0.12759501713465995,2.30807002267005e-18,ok,/home/elads/STAR/full_grid_solar_opacity/runs/T68083_rho8p49442em11/fac-opacity-cowan-state/starout.h5
68082.95941974065,1.2207146966133182e-10,fac-opacity-cowan-state,T68083_rho1p22071em10,0.1275950171346518,2.0437524524883616e-17,0.1275950171346518,3.316875901396551e-18,ok,/home/elads/STAR/full_grid_solar_opacity/runs/T68083_rho1p22071em10/fac-opacity-cowan-state/starout.h5
68082.95941974065,1.7542621300415897e-10,fac-opacity-cowan-state,T68083_rho1p75426em10,0.12759501713456264,2.9370310790927656e-17,0.12759501713456264,4.766608460623697e-18,ok,/home/elads/STAR/full_grid_solar_opacity/runs/T68083_rho1p75426em10/fac-opacity-cowan-state/starout.h5
68082.95941974065,2.52101136279913e-10,fac-opacity-cowan-state,T68083_rho2p52101em10,0.12759501713462248,4.2207431179601344e-17,0.12759501713462248,6.849988715467889e-18,ok,/home/elads/STAR/full_grid_solar_opacity/runs/T68083_rho2p52101em10/fac-opacity-cowan-state/starout.h5
68082.95941974065,3.6228897509242966e-10,fac-opacity-cowan-state,T68083_rho3p62289em10,0.12759501713459703,6.065540533161364e-17,0.12759501713459706,9.843973252398692e-18,ok,/home/elads/STAR/full_grid_solar_opacity/runs/T68083_rho3p62289em10/fac-opacity-cowan-state/starout.h5
68082.95941974065,5.20637484663258e-10,fac-opacity-cowan-state,T68083_rho5p20637em10,0.12759501713490384,8.716666987469792e-17,0.12759501713490387,1.41465753340433e-17,ok,/home/elads/STAR/full_grid_solar_opacity/runs/T68083_rho5p20637em10/fac-opacity-cowan-state/starout.h5
68082.95941974065,7.481966305138837e-10,fac-opacity-cowan-state,T68083_rho7p48197em10,0.1275950171345104,1.2526566933777765e-16,0.12759501713451044,2.0329786031960942e-17,ok,/home/elads/STAR/full_grid_solar_opacity/runs/T68083_rho7p48197em10/fac-opacity-cowan-state/starout.h5
68082.95941974065,1.0752168531898921e-09,fac-opacity-cowan-state,T68083_rho1p07522em09,0.1275950171344387,1.8001726780731375e-16,0.1275950171344387,2.9215595231189143e-17,ok,/home/elads/STAR/full_grid_solar_opacity/runs/T68083_rho1p07522em09/fac-opacity-cowan-state/starout.h5
68082.95941974065,1.5451703926941453e-09,fac-opacity-cowan-state,T68083_rho1p54517em09,0.12759501713433322,2.586993407746224e-16,0.12759501713433324,4.1985157886021653e-17,ok,/home/elads/STAR/full_grid_solar_opacity/runs/T68083_rho1p54517em09/fac-opacity-cowan-state/starout.h5
68082.95941974065,2.220530245015531e-09,fac-opacity-cowan-state,T68083_rho2p22053em09,0.1275950171341858,3.717704738383907e-16,0.12759501713418586,6.033584200505247e-17,ok,/home/elads/STAR/full_grid_solar_opacity/runs/T68083_rho2p22053em09/fac-opacity-cowan-state/starout.h5
68082.95941974065,3.1910749729235452e-09,fac-opacity-cowan-state,T68083_rho3p19107em09,0.1275950171339762,5.34261752483984e-16,0.12759501713397625,8.670708557831484e-17,ok,/home/elads/STAR/full_grid_solar_opacity/runs/T68083_rho3p19107em09/fac-opacity-cowan-state/starout.h5
68082.95941974065,4.585823366142813e-09,fac-opacity-cowan-state,T68083_rho4p58582em09,0.12759501713368057,7.677741962441829e-16,0.12759501713368063,1.246045762774382e-16,ok,/home/elads/STAR/full_grid_solar_opacity/runs/T68083_rho4p58582em09/fac-opacity-cowan-state/starout.h5
68082.95941974065,6.590185477903269e-09,fac-opacity-cowan-state,T68083_rho6p59019em09,0.12759501713323548,1.1033506278891105e-15,0.1275950171332356,1.790663319732955e-16,ok,/home/elads/STAR/full_grid_solar_opacity/runs/T68083_rho6p59019em09/fac-opacity-cowan-state/starout.h5
68082.95941974065,9.470610000772238e-09,fac-opacity-cowan-state,T68083_rho9p47061em09,0.12759501713264798,1.5855997606092576e-15,0.12759501713264812,2.5733202814200386e-16,ok,/home/elads/STAR/full_grid_solar_opacity/runs/T68083_rho9p47061em09/fac-opacity-cowan-state/starout.h5
68082.95941974065,1.3610004466105506e-08,fac-opacity-cowan-state,T68083_rho1p361em08,0.12759501713178348,2.278625935726307e-15,0.12759501713178367,3.698053478511114e-16,ok,/home/elads/STAR/full_grid_solar_opacity/runs/T68083_rho1p361em08/fac-opacity-cowan-state/starout.h5
68082.95941974065,1.9558636830395073e-08,fac-opacity-cowan-state,T68083_rho1p95586em08,0.1116574028947523,3.2698089615435026e-15,0.11165740289475258,5.311270325188377e-16,ok,/home/elads/STAR/full_grid_solar_opacity/runs/T68083_rho1p95586em08/fac-opacity-cowan-state/starout.h5
68082.95941974065,2.810728502080722e-08,fac-opacity-cowan-state,T68083_rho2p81073em08,0.1116574028939033,4.710558200308488e-15,0.1116574028939037,7.640450729886122e-16,ok,/home/elads/STAR/full_grid_solar_opacity/runs/T68083_rho2p81073em08/fac-opacity-cowan-state/starout.h5
68082.95941974065,4.039235853150913e-08,fac-opacity-cowan-state,T68083_rho4p03924em08,0.11165740289230755,6.762024896337963e-15,0.11165740289230813,1.0974852854216646e-15,ok,/home/elads/STAR/full_grid_solar_opacity/runs/T68083_rho4p03924em08/fac-opacity-cowan-state/starout.h5
68082.95941974065,5.804696634805446e-08,fac-opacity-cowan-state,T68083_rho5p8047em08,0.11165740289032555,9.717483131367515e-15,0.11165740289032637,1.577157828491543e-15,ok,/home/elads/STAR/full_grid_solar_opacity/runs/T68083_rho5p8047em08/fac-opacity-cowan-state/starout.h5
68082.95941974065,8.341801332506338e-08,fac-opacity-cowan-state,T68083_rho8p3418em08,0.11165740288779175,1.3965464837961825e-14,0.11165740288779294,2.266532292740565e-15,ok,/home/elads/STAR/full_grid_solar_opacity/runs/T68083_rho8p3418em08/fac-opacity-cowan-state/starout.h5
68082.95941974065,1.1987818459583772e-07,fac-opacity-cowan-state,T68083_rho1p19878em07,0.11165740288468774,2.0073559465836535e-14,0.11165740288468946,3.25744503985348e-15,ok,/home/elads/STAR/full_grid_solar_opacity/runs/T68083_rho1p19878em07/fac-opacity-cowan-state/starout.h5
68082.95941974065,1.7227429147699408e-07,fac-opacity-cowan-state,T68083_rho1p72274em07,0.11165740288087435,2.883918853312923e-14,0.1116574028808769,4.680629599585524e-15,ok,/home/elads/STAR/full_grid_solar_opacity/runs/T68083_rho1p72274em07/fac-opacity-cowan-state/starout.h5
68082.95941974065,2.4757157946593376e-07,fac-opacity-cowan-state,T68083_rho2p47572em07,0.11165740287624226,4.145004286525546e-14,0.11165740287624591,6.726816166487926e-15,ok,/home/elads/STAR/full_grid_solar_opacity/runs/T68083_rho2p47572em07/fac-opacity-cowan-state/starout.h5
68082.95941974065,3.557796490339488e-07,fac-opacity-cowan-state,T68083_rho3p5578em07,0.11165740287074163,5.955786307869297e-14,0.11165740287074684,9.666313125415657e-15,ok,/home/elads/STAR/full_grid_solar_opacity/runs/T68083_rho3p5578em07/fac-opacity-cowan-state/starout.h5
68082.95941974065,5.112830759482948e-07,fac-opacity-cowan-state,T68083_rho5p11283em07,0.11165740286398189,8.559019077206341e-14,0.11165740286398929,1.3891245940045697e-14,ok,/home/elads/STAR/full_grid_solar_opacity/runs/T68083_rho5p11283em07/fac-opacity-cowan-state/starout.h5
68082.95941974065,7.347536163492159e-07,fac-opacity-cowan-state,T68083_rho7p34754em07,0.1116574028558589,1.2300302955291782e-13,0.1116574028558695,1.9962945653230284e-14,ok,/home/elads/STAR/full_grid_solar_opacity/runs/T68083_rho7p34754em07/fac-opacity-cowan-state/starout.h5
68082.95941974065,1.0558981944335787e-06,fac-opacity-cowan-state,T68083_rho1p0559em06,0.11165740284611136,1.7676339700757858e-13,0.11165740284612653,2.868805316630214e-14,ok,/home/elads/STAR/full_grid_solar_opacity/runs/T68083_rho1p0559em06/fac-opacity-cowan-state/starout.h5
68082.95941974065,1.517407974863493e-06,fac-opacity-cowan-state,T68083_rho1p51741em06,0.11165740283445078,2.5402746767696265e-13,0.11165740283447262,4.122769425987757e-14,ok,/home/elads/STAR/full_grid_solar_opacity/runs/T68083_rho1p51741em06/fac-opacity-cowan-state/starout.h5
68082.95941974065,2.1806334875063253e-06,fac-opacity-cowan-state,T68083_rho2p18063em06,0.11165740282055026,3.6506452932206116e-13,0.11165740282058166,5.924756709234209e-14,ok,/home/elads/STAR/full_grid_solar_opacity/runs/T68083_rho2p18063em06/fac-opacity-cowan-state/starout.h5
68082.95941974065,3.1337402238588983e-06,fac-opacity-cowan-state,T68083_rho3p13374em06,0.11165740280404676,5.246646749853325e-13,0.11165740280409168,8.51440972467328e-14,ok,/home/elads/STAR/full_grid_solar_opacity/runs/T68083_rho3p13374em06/fac-opacity-cowan-state/starout.h5
68082.95941974065,4.503428864545845e-06,fac-opacity-cowan-state,T68083_rho4p50343em06,0.1116574027841825,7.539286460842778e-13,0.11165740278424699,1.2235580477853457e-13,ok,/home/elads/STAR/full_grid_solar_opacity/runs/T68083_rho4p50343em06/fac-opacity-cowan-state/starout.h5
68082.95941974065,6.471778159406801e-06,fac-opacity-cowan-state,T68083_rho6p47178em06,0.11165740276065447,1.0835071408559296e-12,0.11165740276074755,1.7583632442769543e-13,ok,/home/elads/STAR/full_grid_solar_opacity/runs/T68083_rho6p47178em06/fac-opacity-cowan-state/starout.h5
68082.95941974065,9.300449458481393e-06,fac-opacity-cowan-state,T68083_rho9p30045em06,0.11165740273217369,1.5570774141533396e-12,0.11165740273230705,2.526911319972137e-13,ok,/home/elads/STAR/full_grid_solar_opacity/runs/T68083_rho9p30045em06/fac-opacity-cowan-state/starout.h5
68082.95941974065,1.3365470508911143e-05,fac-opacity-cowan-state,T68083_rho1p33655em05,0.1116574027002386,2.237628549318451e-12,0.11165740270043052,3.63131760891881e-13,ok,/home/elads/STAR/full_grid_solar_opacity/runs/T68083_rho1p33655em05/fac-opacity-cowan-state/starout.h5
68082.95941974065,1.920722248123928e-05,fac-opacity-cowan-state,T68083_rho1p92072em05,0.11165740265959367,3.2155670278697514e-12,0.11165740265986893,5.21834462634475e-13,ok,/home/elads/STAR/full_grid_solar_opacity/runs/T68083_rho1p92072em05/fac-opacity-cowan-state/starout.h5
68082.95941974065,2.760227522090268e-05,fac-opacity-cowan-state,T68083_rho2p76023em05,0.11165740261526139,4.621027985493529e-12,0.1116574026156577,7.499082707801264e-13,ok,/home/elads/STAR/full_grid_solar_opacity/runs/T68083_rho2p76023em05/fac-opacity-cowan-state/starout.h5
68082.95941974065,3.966662010161191e-05,fac-opacity-cowan-state,T68083_rho3p96666em05,0.11165740255709201,6.640809394680256e-12,0.11165740255766178,1.0776715549844517e-12,ok,/home/elads/STAR/full_grid_solar_opacity/runs/T68083_rho3p96666em05/fac-opacity-cowan-state/starout.h5
68082.95941974065,5.7004023678963655e-05,fac-opacity-cowan-state,T68083_rho5p7004em05,0.11165740248833302,9.543366491037387e-12,0.11165740248915064,1.5486722674432531e-12,ok,/home/elads/STAR/full_grid_solar_opacity/runs/T68083_rho5p7004em05/fac-opacity-cowan-state/starout.h5
68082.95941974065,8.191922344953684e-05,fac-opacity-cowan-state,T68083_rho8p19192em05,0.11165740266072006,1.3714455122238496e-11,0.1116574026618956,2.2255113267614373e-12,ok,/home/elads/STAR/full_grid_solar_opacity/runs/T68083_rho8p19192em05/fac-opacity-cowan-state/starout.h5
68082.95941974065,0.00011772430676769293,fac-opacity-cowan-state,T68083_rho0p000117724,0.11165740348341413,1.9708637659231997e-11,0.11165740348510518,3.198157777260029e-12,ok,/home/elads/STAR/full_grid_solar_opacity/runs/T68083_rho0p000117724/fac-opacity-cowan-state/starout.h5
68082.95941974065,0.00016917900122028344,fac-opacity-cowan-state,T68083_rho0p000169179,0.1116574035348503,2.832280013272319e-11,0.11165740353727911,4.595890603990479e-12,ok,/home/elads/STAR/full_grid_solar_opacity/runs/T68083_rho0p000169179/fac-opacity-cowan-state/starout.h5
68082.95941974065,0.0002431234061999784,fac-opacity-cowan-state,T68083_rho0p000243123,0.11165740294757594,4.0933845170260276e-11,0.11165740295109805,6.655813087897429e-12,ok,/home/elads/STAR/full_grid_solar_opacity/runs/T68083_rho0p000243123/fac-opacity-cowan-state/starout.h5
68082.95941974065,0.0003493872774749123,fac-opacity-cowan-state,T68083_rho0p000349387,0.1116574000990843,5.882122711448774e-11,0.1116574001041459,9.563989884709768e-12,ok,/home/elads/STAR/full_grid_solar_opacity/runs/T68083_rho0p000349387/fac-opacity-cowan-state/starout.h5
68082.95941974065,0.0005020967399614471,fac-opacity-cowan-state,T68083_rho0p000502097,0.11165739860457047,8.457760243941974e-11,0.11165739861185035,1.3754431743830002e-11,ok,/home/elads/STAR/full_grid_solar_opacity/runs/T68083_rho0p000502097/fac-opacity-cowan-state/starout.h5
68082.95941974065,0.0007215521357901021,fac-opacity-cowan-state,T68083_rho0p000721552,0.1116574027812775,1.215116550999914e-10,0.11165740279173582,1.9758257144063566e-11,ok,/home/elads/STAR/full_grid_solar_opacity/runs/T68083_rho0p000721552/fac-opacity-cowan-state/starout.h5
68082.95941974065,0.0010369266382873438,fac-opacity-cowan-state,T68083_rho0p00103693,0.11165740361409146,1.7462442708717413e-10,0.11165740362911847,2.8393888013489106e-11,ok,/home/elads/STAR/full_grid_solar_opacity/runs/T68083_rho0p00103693/fac-opacity-cowan-state/starout.h5
68082.95941974065,0.0014901443705277455,fac-opacity-cowan-state,T68083_rho0p00149014,0.11165740251877093,2.508382571097109e-10,0.11165740254035184,4.0777751768348814e-11,ok,/home/elads/STAR/full_grid_solar_opacity/runs/T68083_rho0p00149014/fac-opacity-cowan-state/starout.h5
68082.95941974065,0.002141453563853953,fac-opacity-cowan-state,T68083_rho0p00214145,0.11165739692533838,3.60513740764892e-10,0.11165739695635742,5.860672058970523e-11,ok,/home/elads/STAR/full_grid_solar_opacity/runs/T68083_rho0p00214145/fac-opacity-cowan-state/starout.h5
68082.95941974065,0.003077435620898055,fac-opacity-cowan-state,T68083_rho0p00307744,0.11165740230647814,5.180565820434038e-10,0.11165740235104939,8.421080378062162e-11,ok,/home/elads/STAR/full_grid_solar_opacity/runs/T68083_rho0p00307744/fac-opacity-cowan-state/starout.h5
68082.95941974065,0.004422514763163053,fac-opacity-cowan-state,T68083_rho0p00442251,0.11165739734935799,7.442573398546153e-10,0.1116573974133796,1.2095783385025624e-10,ok,/home/elads/STAR/full_grid_solar_opacity/runs/T68083_rho0p00442251/fac-opacity-cowan-state/starout.h5
68082.95941974065,0.006355498291362301,fac-opacity-cowan-state,T68083_rho0p0063555,0.11165739753159701,1.0694821450966542e-09,0.11165739762358969,1.7379430149714074e-10,ok,/home/elads/STAR/full_grid_solar_opacity/runs/T68083_rho0p0063555/fac-opacity-cowan-state/starout.h5
68082.95941974065,0.009133346228248624,fac-opacity-cowan-state,T68083_rho0p00913335,0.11165739622520919,1.5366896291981239e-09,0.11165739635737121,2.496763594617998e-10,ok,/home/elads/STAR/full_grid_solar_opacity/runs/T68083_rho0p00913335/fac-opacity-cowan-state/starout.h5
68082.95941974065,0.01312533014735226,fac-opacity-cowan-state,T68083_rho0p0131253,0.11165739565206986,2.2080687585441274e-09,0.11165739584195238,3.586989898355744e-10,ok,/home/elads/STAR/full_grid_solar_opacity/runs/T68083_rho0p0131253/fac-opacity-cowan-state/starout.h5
68082.95941974065,0.018862122071335155,fac-opacity-cowan-state,T68083_rho0p0188621,0.11165739968366435,3.171890427047997e-09,0.11165739995634899,5.151166149091255e-10,ok,/home/elads/STAR/full_grid_solar_opacity/runs/T68083_rho0p0188621/fac-opacity-cowan-state/starout.h5
68082.95941974065,0.02710633904364831,fac-opacity-cowan-state,T68083_rho0p0271063,0.11165739940149663,4.55767629283654e-09,0.11165739979326282,7.400098197345341e-10,ok,/home/elads/STAR/full_grid_solar_opacity/runs/T68083_rho0p0271063/fac-opacity-cowan-state/starout.h5
68082.95941974065,0.038953921174427183,fac-opacity-cowan-state,T68083_rho0p0389539,0.11165739927045727,6.5483481844329285e-09,0.11165739983321926,1.0629269361545074e-09,ok,/home/elads/STAR/full_grid_solar_opacity/runs/T68083_rho0p0389539/fac-opacity-cowan-state/starout.h5
68082.95941974065,0.0559798197912329,fac-opacity-cowan-state,T68083_rho0p0559798,0.11165739503441677,9.408074681575599e-09,0.11165739584273661,1.5266051070576955e-09,ok,/home/elads/STAR/full_grid_solar_opacity/runs/T68083_rho0p0559798/fac-opacity-cowan-state/starout.h5
68082.95941974065,0.08044736266284185,fac-opacity-cowan-state,T68083_rho0p0804474,0.11165739499769933,1.3515995671014844e-08,0.11165739615860362,2.192304461902888e-09,ok,/home/elads/STAR/full_grid_solar_opacity/runs/T68083_rho0p0804474/fac-opacity-cowan-state/starout.h5
68082.95941974065,0.11560912813835741,fac-opacity-cowan-state,T68083_rho0p115609,0.11165739528686312,1.941661230139201e-08,0.11165739695396179,3.147911138423064e-09,ok,/home/elads/STAR/full_grid_solar_opacity/runs/T68083_rho0p115609/fac-opacity-cowan-state/starout.h5
68082.95941974065,0.1661393247274789,fac-opacity-cowan-state,T68083_rho0p166139,0.11165739634125264,2.789200604000117e-08,0.11165739873500474,4.519520273075221e-09,ok,/home/elads/STAR/full_grid_solar_opacity/runs/T68083_rho0p166139/fac-opacity-cowan-state/starout.h5
68082.95941974065,0.23875515424585794,fac-opacity-cowan-state,T68083_rho0p238755,0.1116573984980578,4.0065371867461414e-08,0.11165740193485585,6.487995123860719e-09,ok,/home/elads/STAR/full_grid_solar_opacity/runs/T68083_rho0p238755/fac-opacity-cowan-state/starout.h5
68082.95941974065,0.34310975906798746,fac-opacity-cowan-state,T68083_rho0p34311,0.1116573938139156,5.7552435759873384e-08,0.11165739874812768,9.313278933227253e-09,ok,/home/elads/STAR/full_grid_solar_opacity/runs/T68083_rho0p34311/fac-opacity-cowan-state/starout.h5
68082.95941974065,0.49307545690287347,fac-opacity-cowan-state,T68083_rho0p493075,0.11165739333905525,8.267346457376981e-08,0.1116574004230061,1.3368116066132547e-08,ok,/home/elads/STAR/full_grid_solar_opacity/runs/T68083_rho0p493075/fac-opacity-cowan-state/starout.h5
68082.95941974065,0.7085878491488851,fac-opacity-cowan-state,T68083_rho0p708588,0.11165739188675443,1.1876433092092802e-07,0.11165740205723028,1.9187677088218256e-08,ok,/home/elads/STAR/full_grid_solar_opacity/runs/T68083_rho0p708588/fac-opacity-cowan-state/starout.h5
68082.95941974065,1.0182959482819007,fac-opacity-cowan-state,T68083_rho1p0183,0.11165738962451835,1.7061953000772035e-07,0.11165740422685884,2.753987357394819e-08,ok,/home/elads/STAR/full_grid_solar_opacity/runs/T68083_rho1p0183/fac-opacity-cowan-state/starout.h5
68082.95941974065,1.4633706173946401,fac-opacity-cowan-state,T68083_rho1p46337,0.11165738560725592,2.45129723584257e-07,0.11165740657345775,3.952623360347718e-08,ok,/home/elads/STAR/full_grid_solar_opacity/runs/T68083_rho1p46337/fac-opacity-cowan-state/starout.h5
68082.95941974065,2.1029775945461404,fac-opacity-cowan-state,T68083_rho2p10298,0.11165737939188108,3.521978474146581e-07,0.111657409496195,5.672633990358403e-08,ok,/home/elads/STAR/full_grid_solar_opacity/runs/T68083_rho2p10298/fac-opacity-cowan-state/starout.h5
68082.95941974065,3.0221426551783854,fac-opacity-cowan-state,T68083_rho3p02214,0.11165736905095264,5.060546262378705e-07,0.11165741227649764,8.140430580941322e-08,ok,/home/elads/STAR/full_grid_solar_opacity/runs/T68083_rho3p02214/fac-opacity-cowan-state/starout.h5
68082.95941974065,4.343054463316713,fac-opacity-cowan-state,T68083_rho4p34305,0.11165735354946935,7.271483377779422e-07,0.11165741561377292,1.1680374239236301e-07,ok,/home/elads/STAR/full_grid_solar_opacity/runs/T68083_rho4p34305/fac-opacity-cowan-state/starout.h5
68082.95941974065,6.241307649397467,fac-opacity-cowan-state,T68083_rho6p24131,0.1116573304386172,1.0448658218688639e-06,0.11165741954808539,1.6757098398006157e-07,ok,/home/elads/STAR/full_grid_solar_opacity/runs/T68083_rho6p24131/fac-opacity-cowan-state/starout.h5
68082.95941974065,8.969245378672715,fac-opacity-cowan-state,T68083_rho8p96925,0.111657296374487,1.5014326777695269e-06,0.11165742430519107,2.403569220819366e-07,ok,/home/elads/STAR/full_grid_solar_opacity/runs/T68083_rho8p96925/fac-opacity-cowan-state/starout.h5
68082.95941974065,12.889504440725364,fac-opacity-cowan-state,T68083_rho12p8895,0.1116572461591174,2.15752098996459e-06,0.11165742980532581,3.4467638300262405e-07,ok,/home/elads/STAR/full_grid_solar_opacity/runs/T68083_rho12p8895/fac-opacity-cowan-state/starout.h5
68082.95941974065,18.52322215674118,fac-opacity-cowan-state,T68083_rho18p5232,0.11165717835621757,3.1003104827306742e-06,0.1116574419497547,4.941348338610598e-07,ok,/home/elads/STAR/full_grid_solar_opacity/runs/T68083_rho18p5232/fac-opacity-cowan-state/starout.h5
68082.95941974065,26.61931346126126,fac-opacity-cowan-state,T68083_rho26p6193,0.11165707059688405,4.455054477240863e-06,0.11165744888373967,7.081710318387924e-07,ok,/home/elads/STAR/full_grid_solar_opacity/runs/T68083_rho26p6193/fac-opacity-cowan-state/starout.h5
68082.95941974065,38.254027466328665,fac-opacity-cowan-state,T68083_rho38p254,0.11165691748472772,6.401701807262004e-06,0.11165746027179373,1.0145371632548134e-06,ok,/home/elads/STAR/full_grid_solar_opacity/runs/T68083_rho38p254/fac-opacity-cowan-state/starout.h5
68082.95941974065,54.97401800103719,fac-opacity-cowan-state,T68083_rho54p974,0.11165671724564052,9.198752810843076e-06,0.11165749590290319,1.452816557323558e-06,ok,/home/elads/STAR/full_grid_solar_opacity/runs/T68083_rho54p974/fac-opacity-cowan-state/starout.h5
68082.95941974065,79.0019471240894,fac-opacity-cowan-state,T68083_rho79p0019,0.11165640088231671,1.3217482133180946e-05,0.11165751763416504,2.079405011715383e-06,ok,/home/elads/STAR/full_grid_solar_opacity/runs/T68083_rho79p0019/fac-opacity-cowan-state/starout.h5
68082.95941974065,113.53195339077567,fac-opacity-cowan-state,T68083_rho113p532,0.11165594339852106,1.89910554721888e-05,0.11165754459183344,2.9745557182208295e-06,ok,/home/elads/STAR/full_grid_solar_opacity/runs/T68083_rho113p532/fac-opacity-cowan-state/starout.h5
68082.95941974065,163.15426277379785,fac-opacity-cowan-state,T68083_rho163p154,0.11165529122607644,2.728490304760296e-05,0.11165758625513926,4.25230714213202e-06,ok,/home/elads/STAR/full_grid_solar_opacity/runs/T68083_rho163p154/fac-opacity-cowan-state/starout.h5
68082.95941974065,234.46538763970608,fac-opacity-cowan-state,T68083_rho234p465,0.11165435184886502,3.919748226919279e-05,0.11165764011562937,6.07443597862491e-06,ok,/home/elads/STAR/full_grid_solar_opacity/runs/T68083_rho234p465/fac-opacity-cowan-state/starout.h5
68082.95941974065,336.94503022121665,fac-opacity-cowan-state,T68083_rho336p945,0.11165300591264987,5.6304378585583274e-05,0.11165771517867132,8.669999195952806e-06,ok,/home/elads/STAR/full_grid_solar_opacity/runs/T68083_rho336p945/fac-opacity-cowan-state/starout.h5
68082.95941974065,484.21626123015125,fac-opacity-cowan-state,T68083_rho484p216,0.11165107461132062,8.08639272683414e-05,0.11165781545388898,1.2362577356114131e-05,ok,/home/elads/STAR/full_grid_solar_opacity/runs/T68083_rho484p216/fac-opacity-cowan-state/starout.h5
68082.95941974065,695.8564947100452,fac-opacity-cowan-state,T68083_rho695p856,0.1116482853418425,0.00011610990058787975,0.11165792830196898,1.760805458245334e-05,ok,/home/elads/STAR/full_grid_solar_opacity/runs/T68083_rho695p856/fac-opacity-cowan-state/starout.h5
68082.95941974065,1000.0,fac-opacity-cowan-state,T68083_rho1000,0.1116443271469177,0.0001666664078006096,0.11165811172798774,2.504667490805304e-05,ok,/home/elads/STAR/full_grid_solar_opacity/runs/T68083_rho1000/fac-opacity-cowan-state/starout.h5
74951.23943905512,1e-17,fac-opacity-cowan-state,T74951p2_rho1em17,0.12089118805955057,1.1952126549329209e-24,0.12089118805955054,1.8761667551356565e-25,ok,/home/elads/STAR/full_grid_solar_opacity/runs/T74951p2_rho1em17/fac-opacity-cowan-state/starout.h5
74951.23943905512,1.4370779141993746e-17,fac-opacity-cowan-state,T74951p2_rho1p43708em17,0.12089118805955057,1.7172375623566004e-24,0.12089118805955054,2.6956412911842513e-25,ok,/home/elads/STAR/full_grid_solar_opacity/runs/T74951p2_rho1p43708em17/fac-opacity-cowan-state/starout.h5
74951.23943905512,2.065192931479625e-17,fac-opacity-cowan-state,T74951p2_rho2p06519em17,0.12089118805955054,2.4674280694197094e-24,0.12089118805955054,3.8732901045983052e-25,ok,/home/elads/STAR/full_grid_solar_opacity/runs/T74951p2_rho2p06519em17/fac-opacity-cowan-state/starout.h5
74951.23943905512,2.9678431503900313e-17,fac-opacity-cowan-state,T74951p2_rho2p96784em17,0.12089118805955007,3.545538172753055e-24,0.12089118805955007,5.565703076387354e-25,ok,/home/elads/STAR/full_grid_solar_opacity/runs/T74951p2_rho2p96784em17/fac-opacity-cowan-state/starout.h5
74951.23943905512,4.2650218442334076e-17,fac-opacity-cowan-state,T74951p2_rho4p26502em17,0.12089118805954986,5.09490543177429e-24,0.12089118805954982,7.997888175704751e-25,ok,/home/elads/STAR/full_grid_solar_opacity/runs/T74951p2_rho4p26502em17/fac-opacity-cowan-state/starout.h5
74951.23943905512,6.129168695925715e-17,fac-opacity-cowan-state,T74951p2_rho6p12917em17,0.12089118805954992,7.321623022617783e-24,0.12089118805954989,1.1493360353201198e-24,ok,/home/elads/STAR/full_grid_solar_opacity/runs/T74951p2_rho6p12917em17/fac-opacity-cowan-state/starout.h5
74951.23943905512,8.808092965317026e-17,fac-opacity-cowan-state,T74951p2_rho8p80809em17,0.12089118805955013,1.0521742790968075e-23,0.12089118805955013,1.6516854412190277e-24,ok,/home/elads/STAR/full_grid_solar_opacity/runs/T74951p2_rho8p80809em17/fac-opacity-cowan-state/starout.h5
74951.23943905512,1.2657915866672028e-16,fac-opacity-cowan-state,T74951p2_rho1p26579em16,0.12089118805955039,1.51205642936785e-23,0.12089118805955036,2.3736006847574125e-24,ok,/home/elads/STAR/full_grid_solar_opacity/runs/T74951p2_rho1p26579em16/fac-opacity-cowan-state/starout.h5
74951.23943905512,1.819041133178821e-16,fac-opacity-cowan-state,T74951p2_rho1p81904em16,0.12089118805955,2.1729429152983557e-23,0.12089118805955,3.411049136397021e-24,ok,/home/elads/STAR/full_grid_solar_opacity/runs/T74951p2_rho1p81904em16/fac-opacity-cowan-state/starout.h5
74951.23943905512,2.6141038375114865e-16,fac-opacity-cowan-state,T74951p2_rho2p6141em16,0.12089118805954994,3.122688295930475e-23,0.12089118805954997,4.9019434156554134e-24,ok,/home/elads/STAR/full_grid_solar_opacity/runs/T74951p2_rho2p6141em16/fac-opacity-cowan-state/starout.h5
74951.23943905512,3.7566708903116036e-16,fac-opacity-cowan-state,T74951p2_rho3p75667em16,0.12089118805955042,4.4875464314807917e-23,0.12089118805955043,7.044474708202121e-24,ok,/home/elads/STAR/full_grid_solar_opacity/runs/T74951p2_rho3p75667em16/fac-opacity-cowan-state/starout.h5
74951.23943905512,5.398628767382507e-16,fac-opacity-cowan-state,T74951p2_rho5p39863em16,0.12089118805955039,6.448953919368967e-23,0.12089118805955039,1.0123459068834896e-23,ok,/home/elads/STAR/full_grid_solar_opacity/runs/T74951p2_rho5p39863em16/fac-opacity-cowan-state/starout.h5
74951.23943905512,7.758250168566793e-16,fac-opacity-cowan-state,T74951p2_rho7p75825em16,0.12089118805955064,9.267649362029311e-23,0.12089118805955064,1.45481996131232e-23,ok,/home/elads/STAR/full_grid_solar_opacity/runs/T74951p2_rho7p75825em16/fac-opacity-cowan-state/starout.h5
74951.23943905512,1.1149209970080914e-15,fac-opacity-cowan-state,T74951p2_rho1p11492em15,0.12089118805955,1.3318334393517261e-22,0.12089118805955,2.0906896607139615e-23,ok,/home/elads/STAR/full_grid_solar_opacity/runs/T74951p2_rho1p11492em15/fac-opacity-cowan-state/starout.h5
74951.23943905512,1.6022283408774753e-15,fac-opacity-cowan-state,T74951p2_rho1p60223em15,0.12089118805955013,1.9139484486489362e-22,0.12089118805955013,3.0044839778917787e-23,ok,/home/elads/STAR/full_grid_solar_opacity/runs/T74951p2_rho1p60223em15/fac-opacity-cowan-state/starout.h5
74951.23943905512,2.3025269621793266e-15,fac-opacity-cowan-state,T74951p2_rho2p30253em15,0.12089118805955057,2.75049308742518e-22,0.12089118805955054,4.317677631304367e-23,ok,/home/elads/STAR/full_grid_solar_opacity/runs/T74951p2_rho2p30253em15/fac-opacity-cowan-state/starout.h5
74951.23943905512,3.308910644196489e-15,fac-opacity-cowan-state,T74951p2_rho3p30891em15,0.1208911880595501,3.952672944774153e-22,0.1208911880595501,6.204839277165415e-23,ok,/home/elads/STAR/full_grid_solar_opacity/runs/T74951p2_rho3p30891em15/fac-opacity-cowan-state/starout.h5
74951.23943905512,4.755162406834019e-15,fac-opacity-cowan-state,T74951p2_rho4p75516em15,0.12089118805955003,5.680299080364648e-22,0.12089118805955003,8.916837624142026e-23,ok,/home/elads/STAR/full_grid_solar_opacity/runs/T74951p2_rho4p75516em15/fac-opacity-cowan-state/starout.h5
74951.23943905512,6.8335388732923106e-15,fac-opacity-cowan-state,T74951p2_rho6p83354em15,0.1208911880595506,8.163032520272937e-22,0.12089118805955054,1.2814190655611853e-22,ok,/home/elads/STAR/full_grid_solar_opacity/runs/T74951p2_rho6p83354em15/fac-opacity-cowan-state/starout.h5
74951.23943905512,9.820327790631256e-15,fac-opacity-cowan-state,T74951p2_rho9p82033em15,0.12089118805955013,1.1730913984001047e-21,0.12089118805955013,1.8414990738622177e-22,ok,/home/elads/STAR/full_grid_solar_opacity/runs/T74951p2_rho9p82033em15/fac-opacity-cowan-state/starout.h5
74951.23943905512,1.4112576178114521e-14,fac-opacity-cowan-state,T74951p2_rho1p41126em14,0.12089118805955039,1.6858237754097435e-21,0.12089118805955039,2.646377699813353e-22,ok,/home/elads/STAR/full_grid_solar_opacity/runs/T74951p2_rho1p41126em14/fac-opacity-cowan-state/starout.h5
74951.23943905512,2.0280871538024598e-14,fac-opacity-cowan-state,T74951p2_rho2p02809em14,0.12089118805955036,2.4226601738724443e-21,0.12089118805955033,3.803051030375823e-22,ok,/home/elads/STAR/full_grid_solar_opacity/runs/T74951p2_rho2p02809em14/fac-opacity-cowan-state/starout.h5
74951.23943905512,2.914519256800997e-14,fac-opacity-cowan-state,T74951p2_rho2p91452em14,0.12089118805955018,3.481551519195439e-21,0.12089118805955015,5.465280769790606e-22,ok,/home/elads/STAR/full_grid_solar_opacity/runs/T74951p2_rho2p91452em14/fac-opacity-cowan-state/starout.h5
74951.23943905512,4.188391254457488e-14,fac-opacity-cowan-state,T74951p2_rho4p18839em14,0.12089118805955036,5.00326092316672e-21,0.12089118805955033,7.854034475967054e-22,ok,/home/elads/STAR/full_grid_solar_opacity/runs/T74951p2_rho4p18839em14/fac-opacity-cowan-state/starout.h5
74951.23943905512,6.019044567806669e-14,fac-opacity-cowan-state,T74951p2_rho6p01904em14,0.12089118805955015,7.190075944670775e-21,0.12089118805955013,1.1286859737892879e-21,ok,/home/elads/STAR/full_grid_solar_opacity/runs/T74951p2_rho6p01904em14/fac-opacity-cowan-state/starout.h5
74951.23943905512,8.649836012976684e-14,fac-opacity-cowan-state,T74951p2_rho8p64984em14,0.12089118805954982,1.0332699625844654e-20,0.12089118805954979,1.6220097257793403e-21,ok,/home/elads/STAR/full_grid_solar_opacity/runs/T74951p2_rho8p64984em14/fac-opacity-cowan-state/starout.h5
74951.23943905512,1.2430488295695167e-13,fac-opacity-cowan-state,T74951p2_rho1p24305em13,0.12089118805955003,1.484889477640723e-20,0.12089118805955003,2.3309544018463325e-21,ok,/home/elads/STAR/full_grid_solar_opacity/runs/T74951p2_rho1p24305em13/fac-opacity-cowan-state/starout.h5
74951.23943905512,1.7863580192457348e-13,fac-opacity-cowan-state,T74951p2_rho1p78636em13,0.12089118805955,2.1339019302469416e-20,0.12089118805955003,3.3497631853824894e-21,ok,/home/elads/STAR/full_grid_solar_opacity/runs/T74951p2_rho1p78636em13/fac-opacity-cowan-state/starout.h5
74951.23943905512,2.567135656310987e-13,fac-opacity-cowan-state,T74951p2_rho2p56714em13,0.12089118805955,3.0665834043667625e-20,0.12089118805955,4.8138707931040065e-21,ok,/home/elads/STAR/full_grid_solar_opacity/runs/T74951p2_rho2p56714em13/fac-opacity-cowan-state/starout.h5
74951.23943905512,3.6891739544382357e-13,fac-opacity-cowan-state,T74951p2_rho3p68917em13,0.12089118805954994,4.4069193657741804e-20,0.12089118805954992,6.917907510106111e-21,ok,/home/elads/STAR/full_grid_solar_opacity/runs/T74951p2_rho3p68917em13/fac-opacity-cowan-state/starout.h5
74951.23943905512,5.301630411562758e-13,fac-opacity-cowan-state,T74951p2_rho5p30163em13,0.12089118805955021,6.333086646201916e-20,0.12089118805955018,9.94157231835482e-21,ok,/home/elads/STAR/full_grid_solar_opacity/runs/T74951p2_rho5p30163em13/fac-opacity-cowan-state/starout.h5
74951.23943905512,7.618855973704612e-13,fac-opacity-cowan-state,T74951p2_rho7p61886em13,0.12089118805955007,9.101139182248003e-20,0.1208911880595501,1.4286814320943233e-20,ok,/home/elads/STAR/full_grid_solar_opacity/runs/T74951p2_rho7p61886em13/fac-opacity-cowan-state/starout.h5
74951.23943905512,1.0948889651276868e-12,fac-opacity-cowan-state,T74951p2_rho1p09489em12,0.12089118805954986,1.3079046588038496e-19,0.12089118805954986,2.0531265972184433e-20,ok,/home/elads/STAR/full_grid_solar_opacity/runs/T74951p2_rho1p09489em12/fac-opacity-cowan-state/starout.h5
74951.23943905512,1.5734407502856082e-12,fac-opacity-cowan-state,T74951p2_rho1p57344em12,0.12089118805954994,1.8795609918134777e-19,0.12089118805954992,2.950503025273418e-20,ok,/home/elads/STAR/full_grid_solar_opacity/runs/T74951p2_rho1p57344em12/fac-opacity-cowan-state/starout.h5
74951.23943905512,2.26115695153675e-12,fac-opacity-cowan-state,T74951p2_rho2p26116em12,0.12089118805954979,2.701075779410434e-19,0.12089118805954976,4.2401030189583865e-20,ok,/home/elads/STAR/full_grid_solar_opacity/runs/T74951p2_rho2p26116em12/fac-opacity-cowan-state/starout.h5
74951.23943905512,3.249458715591849e-12,fac-opacity-cowan-state,T74951p2_rho3p24946em12,0.12089118805954956,3.881656769610479e-19,0.12089118805954956,6.093359035689059e-20,ok,/home/elads/STAR/full_grid_solar_opacity/runs/T74951p2_rho3p24946em12/fac-opacity-cowan-state/starout.h5
74951.23943905512,4.669725353279713e-12,fac-opacity-cowan-state,T74951p2_rho4p66973em12,0.12089118805954947,5.578244129837209e-19,0.12089118805954947,8.756633059715823e-20,ok,/home/elads/STAR/full_grid_solar_opacity/runs/T74951p2_rho4p66973em12/fac-opacity-cowan-state/starout.h5
74951.23943905512,6.710759170575148e-12,fac-opacity-cowan-state,T74951p2_rho6p71076em12,0.12089118805954926,8.016373336145219e-19,0.12089118805954926,1.2583966820399868e-19,ok,/home/elads/STAR/full_grid_solar_opacity/runs/T74951p2_rho6p71076em12/fac-opacity-cowan-state/starout.h5
74951.23943905512,9.64388379154446e-12,fac-opacity-cowan-state,T74951p2_rho9p64388em12,0.12089118805954846,1.1520156771113188e-18,0.12089118805954846,1.8084146336941948e-19,ok,/home/elads/STAR/full_grid_solar_opacity/runs/T74951p2_rho9p64388em12/fac-opacity-cowan-state/starout.h5
74951.23943905512,1.3859012403933867e-11,fac-opacity-cowan-state,T74951p2_rho1p3859em11,0.12089118805954738,1.6555369651993451e-18,0.12089118805954738,2.5988337485386635e-19,ok,/home/elads/STAR/full_grid_solar_opacity/runs/T74951p2_rho1p3859em11/fac-opacity-cowan-state/starout.h5
74951.23943905512,1.9916480638308542e-11,fac-opacity-cowan-state,T74951p2_rho1p99165em11,0.12089118805954467,2.3791367475614924e-18,0.12089118805954467,3.7347282967575655e-19,ok,/home/elads/STAR/full_grid_solar_opacity/runs/T74951p2_rho1p99165em11/fac-opacity-cowan-state/starout.h5
74951.23943905512,2.8621534453892672e-11,fac-opacity-cowan-state,T74951p2_rho2p86215em11,0.12089118805954482,3.4190065832101287e-18,0.12089118805954482,5.367098116801045e-19,ok,/home/elads/STAR/full_grid_solar_opacity/runs/T74951p2_rho2p86215em11/fac-opacity-cowan-state/starout.h5
74951.23943905512,4.1131375034185614e-11,fac-opacity-cowan-state,T74951p2_rho4p11314em11,0.12089118805954285,4.91338097500224e-18,0.12089118805954283,7.712941396669456e-19,ok,/home/elads/STAR/full_grid_solar_opacity/runs/T74951p2_rho4p11314em11/fac-opacity-cowan-state/starout.h5
74951.23943905512,5.910899064227969e-11,fac-opacity-cowan-state,T74951p2_rho5p9109em11,0.12089118805953943,7.060913153555678e-18,0.12089118805953943,1.1084100601956285e-18,ok,/home/elads/STAR/full_grid_solar_opacity/runs/T74951p2_rho5p9109em11/fac-opacity-cowan-state/starout.h5
74951.23943905512,8.4944224982638e-11,fac-opacity-cowan-state,T74951p2_rho8p49442em11,0.12089118805953471,1.0147082773718783e-17,0.12089118805953471,1.592871686655337e-18,ok,/home/elads/STAR/full_grid_solar_opacity/runs/T74951p2_rho8p49442em11/fac-opacity-cowan-state/starout.h5
74951.23943905512,1.2207146966133182e-10,fac-opacity-cowan-state,T74951p2_rho1p22071em10,0.12089118805952749,1.4582146763192207e-17,0.12089118805952749,2.289080474389034e-18,ok,/home/elads/STAR/full_grid_solar_opacity/runs/T74951p2_rho1p22071em10/fac-opacity-cowan-state/starout.h5
74951.23943905512,1.7542621300415897e-10,fac-opacity-cowan-state,T74951p2_rho1p75426em10,0.12089118805951751,2.0955678332212924e-17,0.12089118805951751,3.2895866120369265e-18,ok,/home/elads/STAR/full_grid_solar_opacity/runs/T74951p2_rho1p75426em10/fac-opacity-cowan-state/starout.h5
74951.23943905512,2.52101136279913e-10,fac-opacity-cowan-state,T74951p2_rho2p52101em10,0.12089118805950314,3.011494509473362e-17,0.12089118805950314,4.727392673180002e-18,ok,/home/elads/STAR/full_grid_solar_opacity/runs/T74951p2_rho2p52101em10/fac-opacity-cowan-state/starout.h5
74951.23943905512,3.6228897509242966e-10,fac-opacity-cowan-state,T74951p2_rho3p62289em10,0.12089118805948262,4.3277544120341644e-17,0.12089118805948262,6.7936347637932924e-18,ok,/home/elads/STAR/full_grid_solar_opacity/runs/T74951p2_rho3p62289em10/fac-opacity-cowan-state/starout.h5
74951.23943905512,5.20637484663258e-10,fac-opacity-cowan-state,T74951p2_rho5p20637em10,0.12089118805944862,6.21932789819834e-17,0.12089118805944862,9.762993405517472e-18,ok,/home/elads/STAR/full_grid_solar_opacity/runs/T74951p2_rho5p20637em10/fac-opacity-cowan-state/starout.h5
74951.23943905512,7.481966305138837e-10,fac-opacity-cowan-state,T74951p2_rho7p48197em10,0.12089118805941115,8.93768059948823e-17,0.12089118805941115,1.4030213305586083e-17,ok,/home/elads/STAR/full_grid_solar_opacity/runs/T74951p2_rho7p48197em10/fac-opacity-cowan-state/starout.h5
74951.23943905512,1.0752168531898921e-09,fac-opacity-cowan-state,T74951p2_rho1p07522em09,0.12089118805935246,1.2844184613951188e-16,0.12089118805935246,2.0162568024617564e-17,ok,/home/elads/STAR/full_grid_solar_opacity/runs/T74951p2_rho1p07522em09/fac-opacity-cowan-state/starout.h5
74951.23943905512,1.5451703926941453e-09,fac-opacity-cowan-state,T74951p2_rho1p54517em09,0.12089118805926699,1.8458119778591476e-16,0.12089118805926699,2.897521636681519e-17,ok,/home/elads/STAR/full_grid_solar_opacity/runs/T74951p2_rho1p54517em09/fac-opacity-cowan-state/starout.h5
74951.23943905512,2.220530245015531e-09,fac-opacity-cowan-state,T74951p2_rho2p22053em09,0.12089118805914575,2.6525714760483613e-16,0.12089118805914581,4.1639580354546895e-17,ok,/home/elads/STAR/full_grid_solar_opacity/runs/T74951p2_rho2p22053em09/fac-opacity-cowan-state/starout.h5
74951.23943905512,3.1910749729235452e-09,fac-opacity-cowan-state,T74951p2_rho3p19107em09,0.12089118805897427,3.8119427098922626e-16,0.12089118805897428,5.983918174473486e-17,ok,/home/elads/STAR/full_grid_solar_opacity/runs/T74951p2_rho3p19107em09/fac-opacity-cowan-state/starout.h5
74951.23943905512,4.585823366142813e-09,fac-opacity-cowan-state,T74951p2_rho4p58582em09,0.12089118805873243,5.478047988473872e-16,0.12089118805873246,8.599339772391033e-17,ok,/home/elads/STAR/full_grid_solar_opacity/runs/T74951p2_rho4p58582em09/fac-opacity-cowan-state/starout.h5
74951.23943905512,6.590185477903269e-09,fac-opacity-cowan-state,T74951p2_rho6p59019em09,0.12089118805836506,7.872376082857823e-16,0.12089118805836514,1.2357910526014596e-16,ok,/home/elads/STAR/full_grid_solar_opacity/runs/T74951p2_rho6p59019em09/fac-opacity-cowan-state/starout.h5
74951.23943905512,9.470610000772238e-09,fac-opacity-cowan-state,T74951p2_rho9p47061em09,0.12089118805789631,1.1313208878512275e-15,0.12089118805789642,1.7759262707902903e-16,ok,/home/elads/STAR/full_grid_solar_opacity/runs/T74951p2_rho9p47061em09/fac-opacity-cowan-state/starout.h5
74951.23943905512,1.3610004466105506e-08,fac-opacity-cowan-state,T74951p2_rho1p361em08,0.12089118805717029,1.625793029309668e-15,0.12089118805717039,2.552138855860963e-16,ok,/home/elads/STAR/full_grid_solar_opacity/runs/T74951p2_rho1p361em08/fac-opacity-cowan-state/starout.h5
74951.23943905512,1.9558636830395073e-08,fac-opacity-cowan-state,T74951p2_rho1p95586em08,0.12089118805630465,2.3363857073483944e-15,0.1208911880563048,3.667612840183436e-16,ok,/home/elads/STAR/full_grid_solar_opacity/runs/T74951p2_rho1p95586em08/fac-opacity-cowan-state/starout.h5
74951.23943905512,2.810728502080722e-08,fac-opacity-cowan-state,T74951p2_rho2p81073em08,0.10426760508321695,3.3711528033153093e-15,0.10426760508321721,5.27918682952602e-16,ok,/home/elads/STAR/full_grid_solar_opacity/runs/T74951p2_rho2p81073em08/fac-opacity-cowan-state/starout.h5
74951.23943905512,4.039235853150913e-08,fac-opacity-cowan-state,T74951p2_rho4p03924em08,0.10426760508192788,4.818346052566506e-15,0.10426760508192823,7.570088721276111e-16,ok,/home/elads/STAR/full_grid_solar_opacity/runs/T74951p2_rho4p03924em08/fac-opacity-cowan-state/starout.h5
74951.23943905512,5.804696634805446e-08,fac-opacity-cowan-state,T74951p2_rho5p8047em08,0.10426760507974582,6.9446265324335705e-15,0.1042676050797464,1.0891533994642811e-15,ok,/home/elads/STAR/full_grid_solar_opacity/runs/T74951p2_rho5p8047em08/fac-opacity-cowan-state/starout.h5
74951.23943905512,8.341801332506338e-08,fac-opacity-cowan-state,T74951p2_rho8p3418em08,0.10426760507827505,9.967873639300782e-15,0.10426760507827583,1.564431758263377e-15,ok,/home/elads/STAR/full_grid_solar_opacity/runs/T74951p2_rho8p3418em08/fac-opacity-cowan-state/starout.h5
74951.23943905512,1.1987818459583772e-07,fac-opacity-cowan-state,T74951p2_rho1p19878em07,0.10426760507576464,1.432740074259714e-14,0.10426760507576584,2.2483709268716574e-15,ok,/home/elads/STAR/full_grid_solar_opacity/runs/T74951p2_rho1p19878em07/fac-opacity-cowan-state/starout.h5
74951.23943905512,1.7227429147699408e-07,fac-opacity-cowan-state,T74951p2_rho1p72274em07,0.10426760507268226,2.057668818710436e-14,0.10426760507268396,3.2302637693552185e-15,ok,/home/elads/STAR/full_grid_solar_opacity/runs/T74951p2_rho1p72274em07/fac-opacity-cowan-state/starout.h5
74951.23943905512,2.4757157946593376e-07,fac-opacity-cowan-state,T74951p2_rho2p47572em07,0.10426760506893534,2.95804487563422e-14,0.10426760506893779,4.642763711901562e-15,ok,/home/elads/STAR/full_grid_solar_opacity/runs/T74951p2_rho2p47572em07/fac-opacity-cowan-state/starout.h5
74951.23943905512,3.557796490339488e-07,fac-opacity-cowan-state,T74951p2_rho3p5578em07,0.10426760506449276,4.249399298284592e-14,0.10426760506449621,6.6710309579511425e-15,ok,/home/elads/STAR/full_grid_solar_opacity/runs/T74951p2_rho3p5578em07/fac-opacity-cowan-state/starout.h5
74951.23943905512,5.112830759482948e-07,fac-opacity-cowan-state,T74951p2_rho5p11283em07,0.10426760505902842,6.107514361580369e-14,0.10426760505903333,9.587259204355061e-15,ok,/home/elads/STAR/full_grid_solar_opacity/runs/T74951p2_rho5p11283em07/fac-opacity-cowan-state/starout.h5
74951.23943905512,7.347536163492159e-07,fac-opacity-cowan-state,T74951p2_rho7p34754em07,0.10426760505245944,8.776841775794806e-14,0.1042676050524668,1.3777514314007391e-14,ok,/home/elads/STAR/full_grid_solar_opacity/runs/T74951p2_rho7p34754em07/fac-opacity-cowan-state/starout.h5
74951.23943905512,1.0558981944335787e-06,fac-opacity-cowan-state,T74951p2_rho1p0559em06,0.10426760504457978,1.261284607862745e-13,0.1042676050445901,1.9799185129100495e-14,ok,/home/elads/STAR/full_grid_solar_opacity/runs/T74951p2_rho1p0559em06/fac-opacity-cowan-state/starout.h5
74951.23943905512,1.517407974863493e-06,fac-opacity-cowan-state,T74951p2_rho1p51741em06,0.10426760503515221,1.8125351150644975e-13,0.10426760503516698,2.845303827051017e-14,ok,/home/elads/STAR/full_grid_solar_opacity/runs/T74951p2_rho1p51741em06/fac-opacity-cowan-state/starout.h5
74951.23943905512,2.1806334875063253e-06,fac-opacity-cowan-state,T74951p2_rho2p18063em06,0.10426760502391588,2.604813508693832e-13,0.10426760502393723,4.0889356875013426e-14,ok,/home/elads/STAR/full_grid_solar_opacity/runs/T74951p2_rho2p18063em06/fac-opacity-cowan-state/starout.h5
74951.23943905512,3.1337402238588983e-06,fac-opacity-cowan-state,T74951p2_rho3p13374em06,0.10426760501055812,3.743277598412182e-13,0.1042676050105885,5.876099815477615e-14,ok,/home/elads/STAR/full_grid_solar_opacity/runs/T74951p2_rho3p13374em06/fac-opacity-cowan-state/starout.h5
74951.23943905512,4.503428864545845e-06,fac-opacity-cowan-state,T74951p2_rho4p50343em06,0.10426760499451197,5.379431522144587e-13,0.10426760499455588,8.444299908363164e-14,ok,/home/elads/STAR/full_grid_solar_opacity/runs/T74951p2_rho4p50343em06/fac-opacity-cowan-state/starout.h5
74951.23943905512,6.471778159406801e-06,fac-opacity-cowan-state,T74951p2_rho6p47178em06,0.10426760497550182,7.73066923286335e-13,0.104267604975565,1.2135174729728076e-13,ok,/home/elads/STAR/full_grid_solar_opacity/runs/T74951p2_rho6p47178em06/fac-opacity-cowan-state/starout.h5
74951.23943905512,9.300449458481393e-06,fac-opacity-cowan-state,T74951p2_rho9p30045em06,0.10426760495247249,1.110976361408126e-12,0.10426760495256329,1.7439213666411799e-13,ok,/home/elads/STAR/full_grid_solar_opacity/runs/T74951p2_rho9p30045em06/fac-opacity-cowan-state/starout.h5
74951.23943905512,1.3365470508911143e-05,fac-opacity-cowan-state,T74951p2_rho1p33655em05,0.10426760492666166,1.5965452719502899e-12,0.10426760492679216,2.5061261620560493e-13,ok,/home/elads/STAR/full_grid_solar_opacity/runs/T74951p2_rho1p33655em05/fac-opacity-cowan-state/starout.h5
74951.23943905512,1.920722248123928e-05,fac-opacity-cowan-state,T74951p2_rho1p92072em05,0.10426760489380632,2.2943133100790177e-12,0.10426760489399453,3.60141418829452e-13,ok,/home/elads/STAR/full_grid_solar_opacity/runs/T74951p2_rho1p92072em05/fac-opacity-cowan-state/starout.h5
74951.23943905512,2.760227522090268e-05,fac-opacity-cowan-state,T74951p2_rho2p76023em05,0.10426760485799703,3.2971043027908196e-12,0.1042676048582665,5.175461769087994e-13,ok,/home/elads/STAR/full_grid_solar_opacity/runs/T74951p2_rho2p76023em05/fac-opacity-cowan-state/starout.h5
74951.23943905512,3.966662010161191e-05,fac-opacity-cowan-state,T74951p2_rho3p96666em05,0.10426760481098706,4.7382339348759754e-12,0.10426760481137513,7.43750919370259e-13,ok,/home/elads/STAR/full_grid_solar_opacity/runs/T74951p2_rho3p96666em05/fac-opacity-cowan-state/starout.h5
74951.23943905512,5.7004023678963655e-05,fac-opacity-cowan-state,T74951p2_rho5p7004em05,0.10426760475541075,6.809260493258236e-12,0.10426760475596872,1.0688145571567333e-12,ok,/home/elads/STAR/full_grid_solar_opacity/runs/T74951p2_rho5p7004em05/fac-opacity-cowan-state/starout.h5
74951.23943905512,8.191922344953684e-05,fac-opacity-cowan-state,T74951p2_rho8p19192em05,0.10426760442367117,9.785660512520238e-12,0.10426760442447235,1.5359931627695343e-12,ok,/home/elads/STAR/full_grid_solar_opacity/runs/T74951p2_rho8p19192em05/fac-opacity-cowan-state/starout.h5
74951.23943905512,0.00011772430676769293,fac-opacity-cowan-state,T74951p2_rho0p000117724,0.10426760307794634,1.4062225075836645e-11,0.10426760307909744,2.2072226076184944e-12,ok,/home/elads/STAR/full_grid_solar_opacity/runs/T74951p2_rho0p000117724/fac-opacity-cowan-state/starout.h5
74951.23943905512,0.00016917900122028344,fac-opacity-cowan-state,T74951p2_rho0p000169179,0.10426760320997339,2.0208546821004027e-11,0.10426760321162773,3.1718987258633406e-12,ok,/home/elads/STAR/full_grid_solar_opacity/runs/T74951p2_rho0p000169179/fac-opacity-cowan-state/starout.h5
74951.23943905512,0.0002431234061999784,fac-opacity-cowan-state,T74951p2_rho0p000243123,0.10426760567854212,2.9041036776872287e-11,0.104267605680919,4.5581415512657615e-12,ok,/home/elads/STAR/full_grid_solar_opacity/runs/T74951p2_rho0p000243123/fac-opacity-cowan-state/starout.h5
74951.23943905512,0.0003493872774749123,fac-opacity-cowan-state,T74951p2_rho0p000349387,0.10426760375996126,4.1734146637623506e-11,0.10426760376337763,6.550224766815917e-12,ok,/home/elads/STAR/full_grid_solar_opacity/runs/T74951p2_rho0p000349387/fac-opacity-cowan-state/starout.h5
74951.23943905512,0.0005020967399614471,fac-opacity-cowan-state,T74951p2_rho0p000502097,0.10426760115625001,6.027732841745274e-11,0.10426760116119883,9.478166014445081e-12,ok,/home/elads/STAR/full_grid_solar_opacity/runs/T74951p2_rho0p000502097/fac-opacity-cowan-state/starout.h5
74951.23943905512,0.0007215521357901021,fac-opacity-cowan-state,T74951p2_rho0p000721552,0.10426760497192568,8.66710859185752e-11,0.10426760497904339,1.3630878737711945e-11,ok,/home/elads/STAR/full_grid_solar_opacity/runs/T74951p2_rho0p000721552/fac-opacity-cowan-state/starout.h5
74951.23943905512,0.0010369266382873438,fac-opacity-cowan-state,T74951p2_rho0p00103693,0.10426760575126912,1.2452083979424096e-10,0.10426760576149373,1.9581267148657513e-11,ok,/home/elads/STAR/full_grid_solar_opacity/runs/T74951p2_rho0p00103693/fac-opacity-cowan-state/starout.h5
74951.23943905512,0.0014901443705277455,fac-opacity-cowan-state,T74951p2_rho0p00149014,0.10426760569504584,1.7890549752373415e-10,0.10426760570973302,2.8130054519325424e-11,ok,/home/elads/STAR/full_grid_solar_opacity/runs/T74951p2_rho0p00149014/fac-opacity-cowan-state/starout.h5
74951.23943905512,0.002141453563853953,fac-opacity-cowan-state,T74951p2_rho0p00214145,0.10426760103076382,2.570801271825579e-10,0.1042676010518678,4.0418751196077934e-11,ok,/home/elads/STAR/full_grid_solar_opacity/runs/T74951p2_rho0p00214145/fac-opacity-cowan-state/starout.h5
74951.23943905512,0.003077435620898055,fac-opacity-cowan-state,T74951p2_rho0p00307744,0.10426760469057861,3.6944133732252176e-10,0.10426760472090513,5.80814556986084e-11,ok,/home/elads/STAR/full_grid_solar_opacity/runs/T74951p2_rho0p00307744/fac-opacity-cowan-state/starout.h5
74951.23943905512,0.004422514763163053,fac-opacity-cowan-state,T74951p2_rho0p00442251,0.1042676004315986,5.309104010424032e-10,0.10426760047517866,8.346179889787721e-11,ok,/home/elads/STAR/full_grid_solar_opacity/runs/T74951p2_rho0p00442251/fac-opacity-cowan-state/starout.h5
74951.23943905512,0.006355498291362301,fac-opacity-cowan-state,T74951p2_rho0p0063555,0.10426760029662344,7.627400082920942e-10,0.10426760035922208,1.198855346324381e-10,ok,/home/elads/STAR/full_grid_solar_opacity/runs/T74951p2_rho0p0063555/fac-opacity-cowan-state/starout.h5
74951.23943905512,0.009133346228248624,fac-opacity-cowan-state,T74951p2_rho0p00913335,0.1042675991910489,1.0958759855454077e-09,0.10426759928097527,1.7221780878596102e-10,ok,/home/elads/STAR/full_grid_solar_opacity/runs/T74951p2_rho0p00913335/fac-opacity-cowan-state/starout.h5
74951.23943905512,0.01312533014735226,fac-opacity-cowan-state,T74951p2_rho0p0131253,0.10426760303294183,1.574738932543193e-09,0.10426760316215154,2.474405339758987e-10,ok,/home/elads/STAR/full_grid_solar_opacity/runs/T74951p2_rho0p0131253/fac-opacity-cowan-state/starout.h5
74951.23943905512,0.018862122071335155,fac-opacity-cowan-state,T74951p2_rho0p0188621,0.10426760271252146,2.2624974829926467e-09,0.10426760289813053,3.554337412435878e-10,ok,/home/elads/STAR/full_grid_solar_opacity/runs/T74951p2_rho0p0188621/fac-opacity-cowan-state/starout.h5
74951.23943905512,0.02710633904364831,fac-opacity-cowan-state,T74951p2_rho0p0271063,0.10426760253598713,3.250575109174287e-09,0.10426760280259853,5.10538648906974e-10,ok,/home/elads/STAR/full_grid_solar_opacity/runs/T74951p2_rho0p0271063/fac-opacity-cowan-state/starout.h5
74951.23943905512,0.038953921174427183,fac-opacity-cowan-state,T74951p2_rho0p0389539,0.10426760248259262,4.6704386293486765e-09,0.10426760286559889,7.333706941333878e-10,ok,/home/elads/STAR/full_grid_solar_opacity/runs/T74951p2_rho0p0389539/fac-opacity-cowan-state/starout.h5
74951.23943905512,0.0559798197912329,fac-opacity-cowan-state,T74951p2_rho0p0559798,0.10426759893731313,6.710241510966665e-09,0.10426759948748046,1.0533717139887969e-09,ok,/home/elads/STAR/full_grid_solar_opacity/runs/T74951p2_rho0p0559798/fac-opacity-cowan-state/starout.h5
74951.23943905512,0.08044736266284185,fac-opacity-cowan-state,T74951p2_rho0p0804474,0.10426759894869753,9.64047993546431e-09,0.10426759973890774,1.5128516938590768e-09,ok,/home/elads/STAR/full_grid_solar_opacity/runs/T74951p2_rho0p0804474/fac-opacity-cowan-state/starout.h5
74951.23943905512,0.11560912813835741,fac-opacity-cowan-state,T74951p2_rho0p115609,0.10426759928155156,1.3849668881596434e-08,0.1042676004164248,2.1725261825024295e-09,ok,/home/elads/STAR/full_grid_solar_opacity/runs/T74951p2_rho0p115609/fac-opacity-cowan-state/starout.h5
74951.23943905512,0.1661393247274789,fac-opacity-cowan-state,T74951p2_rho0p166139,0.1042676002382474,1.989586632781174e-08,0.10426760186796834,3.1195270379940187e-09,ok,/home/elads/STAR/full_grid_solar_opacity/runs/T74951p2_rho0p166139/fac-opacity-cowan-state/starout.h5
74951.23943905512,0.23875515424585794,fac-opacity-cowan-state,T74951p2_rho0p238755,0.10426760214207523,2.858057032017967e-08,0.10426760448220673,4.4788601061462986e-09,ok,/home/elads/STAR/full_grid_solar_opacity/runs/T74951p2_rho0p238755/fac-opacity-cowan-state/starout.h5
74951.23943905512,0.34310975906798746,fac-opacity-cowan-state,T74951p2_rho0p34311,0.10426759859954918,4.105663859405207e-08,0.1042676019597042,6.430203819496615e-09,ok,/home/elads/STAR/full_grid_solar_opacity/runs/T74951p2_rho0p34311/fac-opacity-cowan-state/starout.h5
74951.23943905512,0.49307545690287347,fac-opacity-cowan-state,T74951p2_rho0p493075,0.10426759851793067,5.897974533318576e-08,0.10426760334268292,9.231288565581881e-09,ok,/home/elads/STAR/full_grid_solar_opacity/runs/T74951p2_rho0p493075/fac-opacity-cowan-state/starout.h5
74951.23943905512,0.7085878491488851,fac-opacity-cowan-state,T74951p2_rho0p708588,0.10426759775165212,8.473013902634494e-08,0.10426760467952718,1.3252216246967912e-08,ok,/home/elads/STAR/full_grid_solar_opacity/runs/T74951p2_rho0p708588/fac-opacity-cowan-state/starout.h5
74951.23943905512,1.0182959482819007,fac-opacity-cowan-state,T74951p2_rho1p0183,0.10426759656065412,1.2172892865464026e-07,0.10426760650881499,1.9024222105470577e-08,ok,/home/elads/STAR/full_grid_solar_opacity/runs/T74951p2_rho1p0183/fac-opacity-cowan-state/starout.h5
74951.23943905512,1.4633706173946401,fac-opacity-cowan-state,T74951p2_rho1p46337,0.10426759420745245,1.7489275333562278e-07,0.10426760849321745,2.7309557074814442e-08,ok,/home/elads/STAR/full_grid_solar_opacity/runs/T74951p2_rho1p46337/fac-opacity-cowan-state/starout.h5
74951.23943905512,2.1029775945461404,fac-opacity-cowan-state,T74951p2_rho2p10298,0.10426759049417572,2.5128752832890597e-07,0.10426761100948843,3.9201648228309316e-08,ok,/home/elads/STAR/full_grid_solar_opacity/runs/T74951p2_rho2p10298/fac-opacity-cowan-state/starout.h5
74951.23943905512,3.0221426551783854,fac-opacity-cowan-state,T74951p2_rho3p02214,0.10426758426289273,3.6106723215284154e-07,0.10426761372471965,5.62685299490089e-08,ok,/home/elads/STAR/full_grid_solar_opacity/runs/T74951p2_rho3p02214/fac-opacity-cowan-state/starout.h5
74951.23943905512,4.343054463316713,fac-opacity-cowan-state,T74951p2_rho4p34305,0.1042675740233689,5.188234650567856e-07,0.10426761633294236,8.07579853920224e-08,ok,/home/elads/STAR/full_grid_solar_opacity/runs/T74951p2_rho4p34305/fac-opacity-cowan-state/starout.h5
74951.23943905512,6.241307649397467,fac-opacity-cowan-state,T74951p2_rho6p24131,0.10426755901677953,7.455231538562306e-07,0.10426761977481792,1.158908176147613e-07,ok,/home/elads/STAR/full_grid_solar_opacity/runs/T74951p2_rho6p24131/fac-opacity-cowan-state/starout.h5
74951.23943905512,8.969245378672715,fac-opacity-cowan-state,T74951p2_rho8p96925,0.10426753677178886,1.0712970137117858e-06,0.10426762401812703,1.6628120655428413e-07,ok,/home/elads/STAR/full_grid_solar_opacity/runs/T74951p2_rho8p96925/fac-opacity-cowan-state/starout.h5
74951.23943905512,12.889504440725364,fac-opacity-cowan-state,T74951p2_rho12p8895,0.10426750400957185,1.5394395029775736e-06,0.10426762928303178,2.385351750234509e-07,ok,/home/elads/STAR/full_grid_solar_opacity/runs/T74951p2_rho12p8895/fac-opacity-cowan-state/starout.h5
74951.23943905512,18.52322215674118,fac-opacity-cowan-state,T74951p2_rho18p5232,0.10426746062229926,2.212159008080852e-06,0.10426764048018612,3.421058286212094e-07,ok,/home/elads/STAR/full_grid_solar_opacity/runs/T74951p2_rho18p5232/fac-opacity-cowan-state/starout.h5
74951.23943905512,26.61931346126126,fac-opacity-cowan-state,T74951p2_rho26p6193,0.10426738918914623,3.1788371194809746e-06,0.10426764738488946,4.905126348163353e-07,ok,/home/elads/STAR/full_grid_solar_opacity/runs/T74951p2_rho26p6193/fac-opacity-cowan-state/starout.h5
74951.23943905512,38.254027466328665,fac-opacity-cowan-state,T74951p2_rho38p254,0.10426728701851705,4.567889749818644e-06,0.10426765762059524,7.030769211332352e-07,ok,/home/elads/STAR/full_grid_solar_opacity/runs/T74951p2_rho38p254/fac-opacity-cowan-state/starout.h5
74951.23943905512,54.97401800103719,fac-opacity-cowan-state,T74951p2_rho54p974,0.10426715816123373,6.563800328729423e-06,0.1042676900187186,1.007390394711303e-06,ok,/home/elads/STAR/full_grid_solar_opacity/runs/T74951p2_rho54p974/fac-opacity-cowan-state/starout.h5
74951.23943905512,79.0019471240894,fac-opacity-cowan-state,T74951p2_rho79p0019,0.10426694770006278,9.431554763569538e-06,0.10426771083089463,1.4428172833353936e-06,ok,/home/elads/STAR/full_grid_solar_opacity/runs/T74951p2_rho79p0019/fac-opacity-cowan-state/starout.h5
74951.23943905512,113.53195339077567,fac-opacity-cowan-state,T74951p2_rho113p532,0.10426664642447116,1.355172323033407e-05,0.10426774115052682,2.0654606731247137e-06,ok,/home/elads/STAR/full_grid_solar_opacity/runs/T74951p2_rho113p532/fac-opacity-cowan-state/starout.h5
74951.23943905512,163.15426277379785,fac-opacity-cowan-state,T74951p2_rho163p154,0.10426620928875086,1.9470733496178663e-05,0.1042677792850878,2.955180123992042e-06,ok,/home/elads/STAR/full_grid_solar_opacity/runs/T74951p2_rho163p154/fac-opacity-cowan-state/starout.h5
74951.23943905512,234.46538763970608,fac-opacity-cowan-state,T74951p2_rho234p465,0.10426558551819974,2.7972912268610086e-05,0.10426783643703363,4.225490812052983e-06,ok,/home/elads/STAR/full_grid_solar_opacity/runs/T74951p2_rho234p465/fac-opacity-cowan-state/starout.h5
74951.23943905512,336.94503022121665,fac-opacity-cowan-state,T74951p2_rho336p945,0.10426468784538197,4.018354381889008e-05,0.10426791386147019,6.037475435490495e-06,ok,/home/elads/STAR/full_grid_solar_opacity/runs/T74951p2_rho336p945/fac-opacity-cowan-state/starout.h5
74951.23943905512,484.21626123015125,fac-opacity-cowan-state,T74951p2_rho484p216,0.1042634063671549,5.771611045545288e-05,0.10426802795978196,8.619270607880057e-06,ok,/home/elads/STAR/full_grid_solar_opacity/runs/T74951p2_rho484p216/fac-opacity-cowan-state/starout.h5
74951.23943905512,695.8564947100452,fac-opacity-cowan-state,T74951p2_rho695p856,0.10426153748290784,8.288207125163488e-05,0.10426815510234112,1.229321629336729e-05,ok,/home/elads/STAR/full_grid_solar_opacity/runs/T74951p2_rho695p856/fac-opacity-cowan-state/starout.h5
74951.23943905512,1000.0,fac-opacity-cowan-state,T74951p2_rho1000,0.10425889838353194,0.00011898895586102275,0.10426836852169923,1.7513511402184248e-05,ok,/home/elads/STAR/full_grid_solar_opacity/runs/T74951p2_rho1000/fac-opacity-cowan-state/starout.h5
82512.39871664176,1e-17,fac-opacity-cowan-state,T82512p4_rho1em17,0.11442316571005146,8.527631664596942e-25,0.11442316571005146,1.2957181421899054e-25,ok,/home/elads/STAR/full_grid_solar_opacity/runs/T82512p4_rho1em17/fac-opacity-cowan-state/starout.h5
82512.39871664176,1.4370779141993746e-17,fac-opacity-cowan-state,T82512p4_rho1p43708em17,0.11442316571005146,1.2252523020188129e-24,0.11442316571005146,1.8617125475623423e-25,ok,/home/elads/STAR/full_grid_solar_opacity/runs/T82512p4_rho1p43708em17/fac-opacity-cowan-state/starout.h5
82512.39871664176,2.065192931479625e-17,fac-opacity-cowan-state,T82512p4_rho2p06519em17,0.11442316571005146,1.7605482336949464e-24,0.11442316571005146,2.6750906388232136e-25,ok,/home/elads/STAR/full_grid_solar_opacity/runs/T82512p4_rho2p06519em17/fac-opacity-cowan-state/starout.h5
82512.39871664176,2.9678431503900313e-17,fac-opacity-cowan-state,T82512p4_rho2p96784em17,0.1144231657100506,2.529827232558644e-24,0.11442316571005062,3.844001821365243e-25,ok,/home/elads/STAR/full_grid_solar_opacity/runs/T82512p4_rho2p96784em17/fac-opacity-cowan-state/starout.h5
82512.39871664176,4.2650218442334076e-17,fac-opacity-cowan-state,T82512p4_rho4p26502em17,0.11442316571005073,3.6353649364451054e-24,0.11442316571005076,5.523851141161976e-25,ok,/home/elads/STAR/full_grid_solar_opacity/runs/T82512p4_rho4p26502em17/fac-opacity-cowan-state/starout.h5
82512.39871664176,6.129168695925715e-17,fac-opacity-cowan-state,T82512p4_rho6p12917em17,0.11442316571005122,5.224206672310999e-24,0.11442316571005118,7.93806637465357e-25,ok,/home/elads/STAR/full_grid_solar_opacity/runs/T82512p4_rho6p12917em17/fac-opacity-cowan-state/starout.h5
82512.39871664176,8.808092965317026e-17,fac-opacity-cowan-state,T82512p4_rho8p80809em17,0.11442316571005105,7.507592064373182e-24,0.11442316571005105,1.1407619930592619e-24,ok,/home/elads/STAR/full_grid_solar_opacity/runs/T82512p4_rho8p80809em17/fac-opacity-cowan-state/starout.h5
82512.39871664176,1.2657915866672028e-16,fac-opacity-cowan-state,T82512p4_rho1p26579em16,0.11442316571005057,1.0788994821551359e-23,0.1144231657100506,1.6393638758687276e-24,ok,/home/elads/STAR/full_grid_solar_opacity/runs/T82512p4_rho1p26579em16/fac-opacity-cowan-state/starout.h5
82512.39871664176,1.819041133178821e-16,fac-opacity-cowan-state,T82512p4_rho1p81904em16,0.11442316571005105,1.5504626280407676e-23,0.11442316571005104,2.3558936293165536e-24,ok,/home/elads/STAR/full_grid_solar_opacity/runs/T82512p4_rho1p81904em16/fac-opacity-cowan-state/starout.h5
82512.39871664176,2.6141038375114865e-16,fac-opacity-cowan-state,T82512p4_rho2p6141em16,0.1144231657100507,2.2281356165036225e-23,0.1144231657100507,3.3856027291296046e-24,ok,/home/elads/STAR/full_grid_solar_opacity/runs/T82512p4_rho2p6141em16/fac-opacity-cowan-state/starout.h5
82512.39871664176,3.7566708903116036e-16,fac-opacity-cowan-state,T82512p4_rho3p75667em16,0.11442316571005252,3.202004518472162e-23,0.1144231657100525,4.8653749696924915e-24,ok,/home/elads/STAR/full_grid_solar_opacity/runs/T82512p4_rho3p75667em16/fac-opacity-cowan-state/starout.h5
82512.39871664176,5.398628767382507e-16,fac-opacity-cowan-state,T82512p4_rho5p39863em16,0.11442316571005198,4.6015300117701986e-23,0.11442316571005198,6.99192294657529e-24,ok,/home/elads/STAR/full_grid_solar_opacity/runs/T82512p4_rho5p39863em16/fac-opacity-cowan-state/starout.h5
82512.39871664176,7.758250168566793e-16,fac-opacity-cowan-state,T82512p4_rho7p75825em16,0.11442316571005198,6.612757233167476e-23,0.11442316571005198,1.0047938159435743e-23,ok,/home/elads/STAR/full_grid_solar_opacity/runs/T82512p4_rho7p75825em16/fac-opacity-cowan-state/starout.h5
82512.39871664176,1.1149209970080914e-15,fac-opacity-cowan-state,T82512p4_rho1p11492em15,0.11442316571005183,9.503047496668373e-23,0.11442316571005183,1.4439670189431137e-23,ok,/home/elads/STAR/full_grid_solar_opacity/runs/T82512p4_rho1p11492em15/fac-opacity-cowan-state/starout.h5
82512.39871664176,1.6022283408774753e-15,fac-opacity-cowan-state,T82512p4_rho1p60223em15,0.1144231657100528,1.3656619873021767e-22,0.1144231657100528,2.0750931402757765e-23,ok,/home/elads/STAR/full_grid_solar_opacity/runs/T82512p4_rho1p60223em15/fac-opacity-cowan-state/starout.h5
82512.39871664176,2.3025269621793266e-15,fac-opacity-cowan-state,T82512p4_rho2p30253em15,0.11442316571005191,1.962562711724935e-22,0.1144231657100519,2.982070565936889e-23,ok,/home/elads/STAR/full_grid_solar_opacity/runs/T82512p4_rho2p30253em15/fac-opacity-cowan-state/starout.h5
82512.39871664176,3.308910644196489e-15,fac-opacity-cowan-state,T82512p4_rho3p30891em15,0.11442316571005191,2.8203555810968386e-22,0.11442316571005191,4.2854678260975076e-23,ok,/home/elads/STAR/full_grid_solar_opacity/runs/T82512p4_rho3p30891em15/fac-opacity-cowan-state/starout.h5
82512.39871664176,4.755162406834019e-15,fac-opacity-cowan-state,T82512p4_rho4p75516em15,0.1144231657100516,4.0530707830515287e-22,0.1144231657100516,6.158551263069856e-23,ok,/home/elads/STAR/full_grid_solar_opacity/runs/T82512p4_rho4p75516em15/fac-opacity-cowan-state/starout.h5
82512.39871664176,6.8335388732923106e-15,fac-opacity-cowan-state,T82512p4_rho6p83354em15,0.11442316571005211,5.824578629854463e-22,0.11442316571005211,8.850318177239273e-23,ok,/home/elads/STAR/full_grid_solar_opacity/runs/T82512p4_rho6p83354em15/fac-opacity-cowan-state/starout.h5
82512.39871664176,9.820327790631256e-15,fac-opacity-cowan-state,T82512p4_rho9p82033em15,0.11442316571005201,8.370373485111583e-22,0.11442316571005201,1.2718597043761595e-22,ok,/home/elads/STAR/full_grid_solar_opacity/runs/T82512p4_rho9p82033em15/fac-opacity-cowan-state/starout.h5
82512.39871664176,1.4112576178114521e-14,fac-opacity-cowan-state,T82512p4_rho1p41126em14,0.11442316571005169,1.2028879146013186e-21,0.11442316571005169,1.8277615297171557e-22,ok,/home/elads/STAR/full_grid_solar_opacity/runs/T82512p4_rho1p41126em14/fac-opacity-cowan-state/starout.h5
82512.39871664176,2.0280871538024598e-14,fac-opacity-cowan-state,T82512p4_rho2p02809em14,0.11442316571005241,1.72864369976842e-21,0.11442316571005241,2.626635789888413e-22,ok,/home/elads/STAR/full_grid_solar_opacity/runs/T82512p4_rho2p02809em14/fac-opacity-cowan-state/starout.h5
82512.39871664176,2.914519256800997e-14,fac-opacity-cowan-state,T82512p4_rho2p91452em14,0.11442316571005211,2.484195753093721e-21,0.11442316571005211,3.7746803808221655e-22,ok,/home/elads/STAR/full_grid_solar_opacity/runs/T82512p4_rho2p91452em14/fac-opacity-cowan-state/starout.h5
82512.39871664176,4.188391254457488e-14,fac-opacity-cowan-state,T82512p4_rho4p18839em14,0.11442316571005191,3.569982954916268e-21,0.11442316571005191,5.424509953163737e-22,ok,/home/elads/STAR/full_grid_solar_opacity/runs/T82512p4_rho4p18839em14/fac-opacity-cowan-state/starout.h5
82512.39871664176,6.019044567806669e-14,fac-opacity-cowan-state,T82512p4_rho6p01904em14,0.1144231657100522,5.130343804041592e-21,0.1144231657100522,7.795443657617106e-22,ok,/home/elads/STAR/full_grid_solar_opacity/runs/T82512p4_rho6p01904em14/fac-opacity-cowan-state/starout.h5
82512.39871664176,8.649836012976684e-14,fac-opacity-cowan-state,T82512p4_rho8p64984em14,0.1144231657100516,7.372704011793812e-21,0.1144231657100516,1.1202660247628372e-21,ok,/home/elads/STAR/full_grid_solar_opacity/runs/T82512p4_rho8p64984em14/fac-opacity-cowan-state/starout.h5
82512.39871664176,1.2430488295695167e-13,fac-opacity-cowan-state,T82512p4_rho1p24305em13,0.11442316571005197,1.0595150423285128e-20,0.11442316571005197,1.609909606497852e-21,ok,/home/elads/STAR/full_grid_solar_opacity/runs/T82512p4_rho1p24305em13/fac-opacity-cowan-state/starout.h5
82512.39871664176,1.7863580192457348e-13,fac-opacity-cowan-state,T82512p4_rho1p78636em13,0.11442316571005183,1.5226057193463954e-20,0.1144231657100518,2.313565620253883e-21,ok,/home/elads/STAR/full_grid_solar_opacity/runs/T82512p4_rho1p78636em13/fac-opacity-cowan-state/starout.h5
82512.39871664176,2.567135656310987e-13,fac-opacity-cowan-state,T82512p4_rho2p56714em13,0.11442316571005214,2.188103119683677e-20,0.11442316571005215,3.3247741542849916e-21,ok,/home/elads/STAR/full_grid_solar_opacity/runs/T82512p4_rho2p56714em13/fac-opacity-cowan-state/starout.h5
82512.39871664176,3.6891739544382357e-13,fac-opacity-cowan-state,T82512p4_rho3p68917em13,0.11442316571003913,3.144474757136398e-20,0.11442316571003913,4.777959628550951e-21,ok,/home/elads/STAR/full_grid_solar_opacity/runs/T82512p4_rho3p68917em13/fac-opacity-cowan-state/starout.h5
82512.39871664176,5.301630411562758e-13,fac-opacity-cowan-state,T82512p4_rho5p30163em13,0.11442316571005211,4.518855379923125e-20,0.11442316571005211,6.866300475452378e-21,ok,/home/elads/STAR/full_grid_solar_opacity/runs/T82512p4_rho5p30163em13/fac-opacity-cowan-state/starout.h5
82512.39871664176,7.618855973704612e-13,fac-opacity-cowan-state,T82512p4_rho7p61886em13,0.11442316571005169,6.493947487935915e-20,0.11442316571005169,9.867409061636819e-21,ok,/home/elads/STAR/full_grid_solar_opacity/runs/T82512p4_rho7p61886em13/fac-opacity-cowan-state/starout.h5
82512.39871664176,1.0948889651276868e-12,fac-opacity-cowan-state,T82512p4_rho1p09489em12,0.11442316571005201,9.332308902684867e-20,0.11442316571005201,1.4180236156116916e-20,ok,/home/elads/STAR/full_grid_solar_opacity/runs/T82512p4_rho1p09489em12/fac-opacity-cowan-state/starout.h5
82512.39871664176,1.5734407502856082e-12,fac-opacity-cowan-state,T82512p4_rho1p57344em12,0.11442316571005183,1.341125568525081e-19,0.11442316571005183,2.0378105155908798e-20,ok,/home/elads/STAR/full_grid_solar_opacity/runs/T82512p4_rho1p57344em12/fac-opacity-cowan-state/starout.h5
82512.39871664176,2.26115695153675e-12,fac-opacity-cowan-state,T82512p4_rho2p26116em12,0.11442316571005162,1.9273020554900095e-19,0.11442316571005162,2.928492660156336e-20,ok,/home/elads/STAR/full_grid_solar_opacity/runs/T82512p4_rho2p26116em12/fac-opacity-cowan-state/starout.h5
82512.39871664176,3.249458715591849e-12,fac-opacity-cowan-state,T82512p4_rho3p24946em12,0.11442316571005169,2.76968346029277e-19,0.11442316571005169,4.2084724755328855e-20,ok,/home/elads/STAR/full_grid_solar_opacity/runs/T82512p4_rho3p24946em12/fac-opacity-cowan-state/starout.h5
82512.39871664176,4.669725353279713e-12,fac-opacity-cowan-state,T82512p4_rho4p66973em12,0.11442316571005125,3.9802514235323222e-19,0.11442316571005125,6.04790355984801e-20,ok,/home/elads/STAR/full_grid_solar_opacity/runs/T82512p4_rho4p66973em12/fac-opacity-cowan-state/starout.h5
82512.39871664176,6.710759170575148e-12,fac-opacity-cowan-state,T82512p4_rho6p71076em12,0.11442316571005084,5.719932396572946e-19,0.11442316571005084,8.691310057918649e-20,ok,/home/elads/STAR/full_grid_solar_opacity/runs/T82512p4_rho6p71076em12/fac-opacity-cowan-state/starout.h5
82512.39871664176,9.64388379154446e-12,fac-opacity-cowan-state,T82512p4_rho9p64388em12,0.11442316571005078,8.219990394709939e-19,0.11442316571005078,1.249009244973092e-19,ok,/home/elads/STAR/full_grid_solar_opacity/runs/T82512p4_rho9p64388em12/fac-opacity-cowan-state/starout.h5
82512.39871664176,1.3859012403933867e-11,fac-opacity-cowan-state,T82512p4_rho1p3859em11,0.11442316571005029,1.1812770079885218e-18,0.11442316571005026,1.7949240984599387e-19,ok,/home/elads/STAR/full_grid_solar_opacity/runs/T82512p4_rho1p3859em11/fac-opacity-cowan-state/starout.h5
82512.39871664176,1.9916480638308542e-11,fac-opacity-cowan-state,T82512p4_rho1p99165em11,0.11442316571004876,1.697587676832161e-18,0.11442316571004876,2.579446621783446e-19,ok,/home/elads/STAR/full_grid_solar_opacity/runs/T82512p4_rho1p99165em11/fac-opacity-cowan-state/starout.h5
82512.39871664176,2.8621534453892672e-11,fac-opacity-cowan-state,T82512p4_rho2p86215em11,0.11442316571004754,2.43956663814695e-18,0.11442316571004754,3.7068670498323355e-19,ok,/home/elads/STAR/full_grid_solar_opacity/runs/T82512p4_rho2p86215em11/fac-opacity-cowan-state/starout.h5
82512.39871664176,4.1131375034185614e-11,fac-opacity-cowan-state,T82512p4_rho4p11314em11,0.11442316571004708,3.5058484622880465e-18,0.11442316571004708,5.327058428447456e-19,ok,/home/elads/STAR/full_grid_solar_opacity/runs/T82512p4_rho4p11314em11/fac-opacity-cowan-state/starout.h5
82512.39871664176,5.910899064227969e-11,fac-opacity-cowan-state,T82512p4_rho5p9109em11,0.11442316571004275,5.0381784389816594e-18,0.11442316571004275,7.655399564990813e-19,ok,/home/elads/STAR/full_grid_solar_opacity/runs/T82512p4_rho5p9109em11/fac-opacity-cowan-state/starout.h5
82512.39871664176,8.4944224982638e-11,fac-opacity-cowan-state,T82512p4_rho8p49442em11,0.1144231657100391,7.2402553033979e-18,0.11442316571003908,1.1001406167910268e-18,ok,/home/elads/STAR/full_grid_solar_opacity/runs/T82512p4_rho8p49442em11/fac-opacity-cowan-state/starout.h5
82512.39871664176,1.2207146966133182e-10,fac-opacity-cowan-state,T82512p4_rho1p22071em10,0.11442316571003353,1.0404810093384597e-17,0.1144231657100335,1.5809876669607118e-18,ok,/home/elads/STAR/full_grid_solar_opacity/runs/T82512p4_rho1p22071em10/fac-opacity-cowan-state/starout.h5
82512.39871664176,1.7542621300415897e-10,fac-opacity-cowan-state,T82512p4_rho1p75426em10,0.11442316571002517,1.4952521128975675e-17,0.11442316571002516,2.272002237961948e-18,ok,/home/elads/STAR/full_grid_solar_opacity/runs/T82512p4_rho1p75426em10/fac-opacity-cowan-state/starout.h5
82512.39871664176,2.52101136279913e-10,fac-opacity-cowan-state,T82512p4_rho2p52101em10,0.11442316571001368,2.1487938859477864e-17,0.11442316571001368,3.2650443969841418e-18,ok,/home/elads/STAR/full_grid_solar_opacity/runs/T82512p4_rho2p52101em10/fac-opacity-cowan-state/starout.h5
82512.39871664176,3.6228897509242966e-10,fac-opacity-cowan-state,T82512p4_rho3p62289em10,0.11442316570999736,3.087985460249541e-17,0.11442316570999736,4.692124926287443e-18,ok,/home/elads/STAR/full_grid_solar_opacity/runs/T82512p4_rho3p62289em10/fac-opacity-cowan-state/starout.h5
82512.39871664176,5.20637484663258e-10,fac-opacity-cowan-state,T82512p4_rho5p20637em10,0.11442316570997378,4.437680246637914e-17,0.11442316570997378,6.7429554074726236e-18,ok,/home/elads/STAR/full_grid_solar_opacity/runs/T82512p4_rho5p20637em10/fac-opacity-cowan-state/starout.h5
82512.39871664176,7.481966305138837e-10,fac-opacity-cowan-state,T82512p4_rho7p48197em10,0.11442316570993726,6.37730492965775e-17,0.11442316570993726,9.690169711892464e-18,ok,/home/elads/STAR/full_grid_solar_opacity/runs/T82512p4_rho7p48197em10/fac-opacity-cowan-state/starout.h5
82512.39871664176,1.0752168531898921e-09,fac-opacity-cowan-state,T82512p4_rho1p07522em09,0.11442316570988982,9.164706818697003e-17,0.11442316570988982,1.3925559985025236e-17,ok,/home/elads/STAR/full_grid_solar_opacity/runs/T82512p4_rho1p07522em09/fac-opacity-cowan-state/starout.h5
82512.39871664176,1.5451703926941453e-09,fac-opacity-cowan-state,T82512p4_rho1p54517em09,0.11442316570981963,1.3170410725794456e-16,0.11442316570981967,2.0012131723942744e-17,ok,/home/elads/STAR/full_grid_solar_opacity/runs/T82512p4_rho1p54517em09/fac-opacity-cowan-state/starout.h5
82512.39871664176,2.220530245015531e-09,fac-opacity-cowan-state,T82512p4_rho2p22053em09,0.11442316570972073,1.8926879628467947e-16,0.11442316570972073,2.875895357132127e-17,ok,/home/elads/STAR/full_grid_solar_opacity/runs/T82512p4_rho2p22053em09/fac-opacity-cowan-state/starout.h5
82512.39871664176,3.1910749729235452e-09,fac-opacity-cowan-state,T82512p4_rho3p19107em09,0.11442316570958022,2.719934079175324e-16,0.11442316570958022,4.132876975759829e-17,ok,/home/elads/STAR/full_grid_solar_opacity/runs/T82512p4_rho3p19107em09/fac-opacity-cowan-state/starout.h5
82512.39871664176,4.585823366142813e-09,fac-opacity-cowan-state,T82512p4_rho4p58582em09,0.11442316570938153,3.9087500232118063e-16,0.11442316570938155,5.939255459228033e-17,ok,/home/elads/STAR/full_grid_solar_opacity/runs/T82512p4_rho4p58582em09/fac-opacity-cowan-state/starout.h5
82512.39871664176,6.590185477903269e-09,fac-opacity-cowan-state,T82512p4_rho6p59019em09,0.11442316570907762,5.617174057503175e-16,0.11442316570907765,8.535165532177796e-17,ok,/home/elads/STAR/full_grid_solar_opacity/runs/T82512p4_rho6p59019em09/fac-opacity-cowan-state/starout.h5
82512.39871664176,9.470610000772238e-09,fac-opacity-cowan-state,T82512p4_rho9p47061em09,0.11442316570866685,8.072309978240384e-16,0.11442316570866691,1.2265685817659631e-16,ok,/home/elads/STAR/full_grid_solar_opacity/runs/T82512p4_rho9p47061em09/fac-opacity-cowan-state/starout.h5
82512.39871664176,1.3610004466105506e-08,fac-opacity-cowan-state,T82512p4_rho1p361em08,0.11442316570809559,1.160051608778816e-15,0.11442316570809566,1.7626710063739077e-16,ok,/home/elads/STAR/full_grid_solar_opacity/runs/T82512p4_rho1p361em08/fac-opacity-cowan-state/starout.h5
82512.39871664176,1.9558636830395073e-08,fac-opacity-cowan-state,T82512p4_rho1p95586em08,0.11442316570738738,1.6670807947777328e-15,0.11442316570738752,2.533089481520689e-16,ok,/home/elads/STAR/full_grid_solar_opacity/runs/T82512p4_rho1p95586em08/fac-opacity-cowan-state/starout.h5
82512.39871664176,2.810728502080722e-08,fac-opacity-cowan-state,T82512p4_rho2p81073em08,0.09710171179805545,2.394132892922426e-15,0.09710171179805564,3.6393447914367597e-16,ok,/home/elads/STAR/full_grid_solar_opacity/runs/T82512p4_rho2p81073em08/fac-opacity-cowan-state/starout.h5
82512.39871664176,4.039235853150913e-08,fac-opacity-cowan-state,T82512p4_rho4p03924em08,0.09710171179699886,3.4437537997565505e-15,0.09710171179699913,5.23185465266075e-16,ok,/home/elads/STAR/full_grid_solar_opacity/runs/T82512p4_rho4p03924em08/fac-opacity-cowan-state/starout.h5
82512.39871664176,5.804696634805446e-08,fac-opacity-cowan-state,T82512p4_rho5p8047em08,0.09710171179572523,4.943794515324944e-15,0.09710171179572563,7.515579325946155e-16,ok,/home/elads/STAR/full_grid_solar_opacity/runs/T82512p4_rho5p8047em08/fac-opacity-cowan-state/starout.h5
82512.39871664176,8.341801332506338e-08,fac-opacity-cowan-state,T82512p4_rho8p3418em08,0.0971017117939342,7.111379967487696e-15,0.09710171179393473,1.0804344315323393e-15,ok,/home/elads/STAR/full_grid_solar_opacity/runs/T82512p4_rho8p3418em08/fac-opacity-cowan-state/starout.h5
82512.39871664176,1.1987818459583772e-07,fac-opacity-cowan-state,T82512p4_rho1p19878em07,0.09710171179204644,1.0215505773637338e-14,0.09710171179204725,1.5524244635971817e-15,ok,/home/elads/STAR/full_grid_solar_opacity/runs/T82512p4_rho1p19878em07/fac-opacity-cowan-state/starout.h5
82512.39871664176,1.7227429147699408e-07,fac-opacity-cowan-state,T82512p4_rho1p72274em07,0.09710171178955872,1.4680340155378404e-14,0.0971017117895599,2.2309402586389778e-15,ok,/home/elads/STAR/full_grid_solar_opacity/runs/T82512p4_rho1p72274em07/fac-opacity-cowan-state/starout.h5
82512.39871664176,2.4757157946593376e-07,fac-opacity-cowan-state,T82512p4_rho2p47572em07,0.09710171178653836,2.1098048706826017e-14,0.09710171178653995,3.2060974793823214e-15,ok,/home/elads/STAR/full_grid_solar_opacity/runs/T82512p4_rho2p47572em07/fac-opacity-cowan-state/starout.h5
82512.39871664176,3.557796490339488e-07,fac-opacity-cowan-state,T82512p4_rho3p5578em07,0.09710171178295797,3.032232693516341e-14,0.09710171178296031,4.6075642993548296e-15,ok,/home/elads/STAR/full_grid_solar_opacity/runs/T82512p4_rho3p5578em07/fac-opacity-cowan-state/starout.h5
82512.39871664176,5.112830759482948e-07,fac-opacity-cowan-state,T82512p4_rho5p11283em07,0.0971017117785517,4.359896487009017e-14,0.09710171177855523,6.6227462650567385e-15,ok,/home/elads/STAR/full_grid_solar_opacity/runs/T82512p4_rho5p11283em07/fac-opacity-cowan-state/starout.h5
82512.39871664176,7.347536163492159e-07,fac-opacity-cowan-state,T82512p4_rho7p34754em07,0.09710171177325509,6.261874354875327e-14,0.09710171177325999,9.515307181085324e-15,ok,/home/elads/STAR/full_grid_solar_opacity/runs/T82512p4_rho7p34754em07/fac-opacity-cowan-state/starout.h5
82512.39871664176,1.0558981944335787e-06,fac-opacity-cowan-state,T82512p4_rho1p0559em06,0.09710171176690098,9.000958746438379e-14,0.09710171176690804,1.367542593759299e-14,ok,/home/elads/STAR/full_grid_solar_opacity/runs/T82512p4_rho1p0559em06/fac-opacity-cowan-state/starout.h5
82512.39871664176,1.517407974863493e-06,fac-opacity-cowan-state,T82512p4_rho1p51741em06,0.09710171175929992,1.2931864743823515e-13,0.09710171175931008,1.9650982173489818e-14,ok,/home/elads/STAR/full_grid_solar_opacity/runs/T82512p4_rho1p51741em06/fac-opacity-cowan-state/starout.h5
82512.39871664176,2.1806334875063253e-06,fac-opacity-cowan-state,T82512p4_rho2p18063em06,0.09710171175023974,1.858743697558784e-13,0.09710171175025444,2.8241714943477676e-14,ok,/home/elads/STAR/full_grid_solar_opacity/runs/T82512p4_rho2p18063em06/fac-opacity-cowan-state/starout.h5
82512.39871664176,3.1337402238588983e-06,fac-opacity-cowan-state,T82512p4_rho3p13374em06,0.0971017117394719,2.6709938037622054e-13,0.09710171173949264,4.058465800109117e-14,ok,/home/elads/STAR/full_grid_solar_opacity/runs/T82512p4_rho3p13374em06/fac-opacity-cowan-state/starout.h5
82512.39871664176,4.503428864545845e-06,fac-opacity-cowan-state,T82512p4_rho4p50343em06,0.09710171172653422,3.8384928495425606e-13,0.09710171172656432,5.832266921614079e-14,ok,/home/elads/STAR/full_grid_solar_opacity/runs/T82512p4_rho4p50343em06/fac-opacity-cowan-state/starout.h5
82512.39871664176,6.471778159406801e-06,fac-opacity-cowan-state,T82512p4_rho6p47178em06,0.09710171171121668,5.516096197911917e-13,0.09710171171126017,8.38139932625703e-14,ok,/home/elads/STAR/full_grid_solar_opacity/runs/T82512p4_rho6p47178em06/fac-opacity-cowan-state/starout.h5
82512.39871664176,9.300449458481393e-06,fac-opacity-cowan-state,T82512p4_rho9p30045em06,0.09710171169264849,7.927184313903631e-13,0.09710171169271013,1.204473867248684e-13,ok,/home/elads/STAR/full_grid_solar_opacity/runs/T82512p4_rho9p30045em06/fac-opacity-cowan-state/starout.h5
82512.39871664176,1.3365470508911143e-05,fac-opacity-cowan-state,T82512p4_rho1p33655em05,0.09710171167183955,1.1391813467964678e-12,0.09710171167192849,1.730910578413472e-13,ok,/home/elads/STAR/full_grid_solar_opacity/runs/T82512p4_rho1p33655em05/fac-opacity-cowan-state/starout.h5
82512.39871664176,1.920722248123928e-05,fac-opacity-cowan-state,T82512p4_rho1p92072em05,0.09710171164535647,1.6370876874889679e-12,0.09710171164548459,2.4874111086907594e-13,ok,/home/elads/STAR/full_grid_solar_opacity/runs/T82512p4_rho1p92072em05/fac-opacity-cowan-state/starout.h5
82512.39871664176,2.760227522090268e-05,fac-opacity-cowan-state,T82512p4_rho2p76023em05,0.09710171161650513,2.3526085483650347e-12,0.09710171161668975,3.574572223165457e-13,ok,/home/elads/STAR/full_grid_solar_opacity/runs/T82512p4_rho2p76023em05/fac-opacity-cowan-state/starout.h5
82512.39871664176,3.966662010161191e-05,fac-opacity-cowan-state,T82512p4_rho3p96666em05,0.09710171157862421,3.3809070259177224e-12,0.09710171157888915,5.136922158494233e-13,ok,/home/elads/STAR/full_grid_solar_opacity/runs/T82512p4_rho3p96666em05/fac-opacity-cowan-state/starout.h5
82512.39871664176,5.7004023678963655e-05,fac-opacity-cowan-state,T82512p4_rho5p7004em05,0.09710171153428193,4.8586181427701235e-12,0.09710171153466202,7.382084280721187e-13,ok,/home/elads/STAR/full_grid_solar_opacity/runs/T82512p4_rho5p7004em05/fac-opacity-cowan-state/starout.h5
82512.39871664176,8.191922344953684e-05,fac-opacity-cowan-state,T82512p4_rho8p19192em05,0.09710171124770871,6.982427231547149e-12,0.09710171124825502,1.0608814411385585e-12,ok,/home/elads/STAR/full_grid_solar_opacity/runs/T82512p4_rho8p19192em05/fac-opacity-cowan-state/starout.h5
82512.39871664176,0.00011772430676769293,fac-opacity-cowan-state,T82512p4_rho0p000117724,0.09710171225673962,1.0033901425714389e-11,0.09710171225752612,1.5244940389088209e-12,ok,/home/elads/STAR/full_grid_solar_opacity/runs/T82512p4_rho0p000117724/fac-opacity-cowan-state/starout.h5
82512.39871664176,0.00016917900122028344,fac-opacity-cowan-state,T82512p4_rho0p000169179,0.0971017120715632,1.441950666651227e-11,0.09710171207269183,2.1907879667329e-12,ok,/home/elads/STAR/full_grid_solar_opacity/runs/T82512p4_rho0p000169179/fac-opacity-cowan-state/starout.h5
82512.39871664176,0.0002431234061999784,fac-opacity-cowan-state,T82512p4_rho0p000243123,0.09710171234267255,2.072184742807014e-11,0.09710171234429632,3.148262664822699e-12,ok,/home/elads/STAR/full_grid_solar_opacity/runs/T82512p4_rho0p000243123/fac-opacity-cowan-state/starout.h5
82512.39871664176,0.0003493872774749123,fac-opacity-cowan-state,T82512p4_rho0p000349387,0.0971017100663556,2.9779481304355837e-11,0.09710171006868747,4.524297123481446e-12,ok,/home/elads/STAR/full_grid_solar_opacity/runs/T82512p4_rho0p000349387/fac-opacity-cowan-state/starout.h5
82512.39871664176,0.0005020967399614471,fac-opacity-cowan-state,T82512p4_rho0p000502097,0.09710170984533466,4.299021459888551e-11,0.09710170984871114,6.542493409973561e-12,ok,/home/elads/STAR/full_grid_solar_opacity/runs/T82512p4_rho0p000502097/fac-opacity-cowan-state/starout.h5
82512.39871664176,0.0007215521357901021,fac-opacity-cowan-state,T82512p4_rho0p000721552,0.09710170847371903,6.180304951010205e-11,0.09710170847857445,9.406756883408337e-12,ok,/home/elads/STAR/full_grid_solar_opacity/runs/T82512p4_rho0p000721552/fac-opacity-cowan-state/starout.h5
82512.39871664176,0.0010369266382873438,fac-opacity-cowan-state,T82512p4_rho0p00103693,0.09710171144490244,8.88237503289057e-11,0.09710171145188023,1.3519554110756437e-11,ok,/home/elads/STAR/full_grid_solar_opacity/runs/T82512p4_rho0p00103693/fac-opacity-cowan-state/starout.h5
82512.39871664176,0.0014901443705277455,fac-opacity-cowan-state,T82512p4_rho0p00149014,0.09710171238639355,1.275741790544726e-10,0.09710171239641309,1.9413068014893944e-11,ok,/home/elads/STAR/full_grid_solar_opacity/runs/T82512p4_rho0p00149014/fac-opacity-cowan-state/starout.h5
82512.39871664176,0.002141453563853953,fac-opacity-cowan-state,T82512p4_rho0p00214145,0.0971017081328768,1.833577762483053e-10,0.09710170814727714,2.7902064200845683e-11,ok,/home/elads/STAR/full_grid_solar_opacity/runs/T82512p4_rho0p00214145/fac-opacity-cowan-state/starout.h5
82512.39871664176,0.003077435620898055,fac-opacity-cowan-state,T82512p4_rho0p00307744,0.09710170791819756,2.6347110772049517e-10,0.09710170793888945,4.008997924798403e-11,ok,/home/elads/STAR/full_grid_solar_opacity/runs/T82512p4_rho0p00307744/fac-opacity-cowan-state/starout.h5
82512.39871664176,0.004422514763163053,fac-opacity-cowan-state,T82512p4_rho0p00442251,0.09710170711716655,3.786120629935435e-10,0.09710170714690032,5.7606527361442734e-11,ok,/home/elads/STAR/full_grid_solar_opacity/runs/T82512p4_rho0p00442251/fac-opacity-cowan-state/starout.h5
82512.39871664176,0.006355498291362301,fac-opacity-cowan-state,T82512p4_rho0p0063555,0.09710171183673658,5.439653496044076e-10,0.09710171187944866,8.275327361652381e-11,ok,/home/elads/STAR/full_grid_solar_opacity/runs/T82512p4_rho0p0063555/fac-opacity-cowan-state/starout.h5
82512.39871664176,0.009133346228248624,fac-opacity-cowan-state,T82512p4_rho0p00913335,0.09710171090852081,7.816956754901738e-10,0.0971017109698987,1.18909637736985e-10,ok,/home/elads/STAR/full_grid_solar_opacity/runs/T82512p4_rho0p00913335/fac-opacity-cowan-state/starout.h5
82512.39871664176,0.01312533014735226,fac-opacity-cowan-state,T82512p4_rho0p0131253,0.09710170629548764,1.1231841570170097e-09,0.09710170638366848,1.7083211994037943e-10,ok,/home/elads/STAR/full_grid_solar_opacity/runs/T82512p4_rho0p0131253/fac-opacity-cowan-state/starout.h5
82512.39871664176,0.018862122071335155,fac-opacity-cowan-state,T82512p4_rho0p0188621,0.09710170614550306,1.6138557461753163e-09,0.09710170627219072,2.454235938920645e-10,ok,/home/elads/STAR/full_grid_solar_opacity/runs/T82512p4_rho0p0188621/fac-opacity-cowan-state/starout.h5
82512.39871664176,0.02710633904364831,fac-opacity-cowan-state,T82512p4_rho0p0271063,0.09710170594506531,2.318356986892047e-09,0.09710170612700599,3.524658204423088e-10,ok,/home/elads/STAR/full_grid_solar_opacity/runs/T82512p4_rho0p0271063/fac-opacity-cowan-state/starout.h5
82512.39871664176,0.038953921174427183,fac-opacity-cowan-state,T82512p4_rho0p0389539,0.09710170997916563,3.3313331719120757e-09,0.09710171024057893,5.063858097999297e-10,ok,/home/elads/STAR/full_grid_solar_opacity/runs/T82512p4_rho0p0389539/fac-opacity-cowan-state/starout.h5
82512.39871664176,0.0559798197912329,fac-opacity-cowan-state,T82512p4_rho0p0559798,0.097101707019639,4.786397653001931e-09,0.09710170739516372,7.27394228412623e-10,ok,/home/elads/STAR/full_grid_solar_opacity/runs/T82512p4_rho0p0559798/fac-opacity-cowan-state/starout.h5
82512.39871664176,0.08044736266284185,fac-opacity-cowan-state,T82512p4_rho0p0804474,0.0971017070784589,6.876719270809169e-09,0.09710170761787001,1.0447683200091342e-09,ok,/home/elads/STAR/full_grid_solar_opacity/runs/T82512p4_rho0p0804474/fac-opacity-cowan-state/starout.h5
82512.39871664176,0.11560912813835741,fac-opacity-cowan-state,T82512p4_rho0p115609,0.0971017074151693,9.879518663023066e-09,0.0971017081899145,1.500478272013587e-09,ok,/home/elads/STAR/full_grid_solar_opacity/runs/T82512p4_rho0p115609/fac-opacity-cowan-state/starout.h5
82512.39871664176,0.1661393247274789,fac-opacity-cowan-state,T82512p4_rho0p166139,0.09710170827996471,1.41930205107118e-08,0.09710170939263135,2.1547682882080584e-09,ok,/home/elads/STAR/full_grid_solar_opacity/runs/T82512p4_rho0p166139/fac-opacity-cowan-state/starout.h5
82512.39871664176,0.23875515424585794,fac-opacity-cowan-state,T82512p4_rho0p238755,0.0971017099453191,2.0389184069721215e-08,0.09710171154317529,3.094087100123301e-09,ok,/home/elads/STAR/full_grid_solar_opacity/runs/T82512p4_rho0p238755/fac-opacity-cowan-state/starout.h5
82512.39871664176,0.34310975906798746,fac-opacity-cowan-state,T82512p4_rho0p34311,0.09710170728650667,2.9290619132720793e-08,0.09710170958109102,4.442696522482609e-09,ok,/home/elads/STAR/full_grid_solar_opacity/runs/T82512p4_rho0p34311/fac-opacity-cowan-state/starout.h5
82512.39871664176,0.49307545690287347,fac-opacity-cowan-state,T82512p4_rho0p493075,0.09710170749543652,4.207882293718888e-08,0.09710171079054139,6.3788919090023115e-09,ok,/home/elads/STAR/full_grid_solar_opacity/runs/T82512p4_rho0p493075/fac-opacity-cowan-state/starout.h5
82512.39871664176,0.7085878491488851,fac-opacity-cowan-state,T82512p4_rho0p708588,0.09710170722518566,6.045226734036578e-08,0.09710171195719167,9.158749917821963e-09,ok,/home/elads/STAR/full_grid_solar_opacity/runs/T82512p4_rho0p708588/fac-opacity-cowan-state/starout.h5
82512.39871664176,1.0182959482819007,fac-opacity-cowan-state,T82512p4_rho1p0183,0.09710170676554528,8.685208705367382e-08,0.09710171356132409,1.314991224195891e-08,ok,/home/elads/STAR/full_grid_solar_opacity/runs/T82512p4_rho1p0183/fac-opacity-cowan-state/starout.h5
82512.39871664176,1.4633706173946401,fac-opacity-cowan-state,T82512p4_rho1p46337,0.0971017056764228,1.2478664413956006e-07,0.0971017154364894,1.888006799997306e-08,ok,/home/elads/STAR/full_grid_solar_opacity/runs/T82512p4_rho1p46337/fac-opacity-cowan-state/starout.h5
82512.39871664176,2.1029775945461404,fac-opacity-cowan-state,T82512p4_rho2p10298,0.09710170374656402,1.7929784291006644e-07,0.09710171776444806,2.710640638775885e-08,ok,/home/elads/STAR/full_grid_solar_opacity/runs/T82512p4_rho2p10298/fac-opacity-cowan-state/starout.h5
82512.39871664176,3.0221426551783854,fac-opacity-cowan-state,T82512p4_rho3p02214,0.09710170014133553,2.576310400917046e-07,0.09710172027493007,3.891513253982277e-08,ok,/home/elads/STAR/full_grid_solar_opacity/runs/T82512p4_rho3p02214/fac-opacity-cowan-state/starout.h5
82512.39871664176,4.343054463316713,fac-opacity-cowan-state,T82512p4_rho4p34305,0.09710169454293724,3.7019820684203516e-07,0.09710172346053847,5.586408016532729e-08,ok,/home/elads/STAR/full_grid_solar_opacity/runs/T82512p4_rho4p34305/fac-opacity-cowan-state/starout.h5
82512.39871664176,6.241307649397467,fac-opacity-cowan-state,T82512p4_rho6p24131,0.09710168513384276,5.319614039297674e-07,0.09710172666716725,8.018671223565492e-08,ok,/home/elads/STAR/full_grid_solar_opacity/runs/T82512p4_rho6p24131/fac-opacity-cowan-state/starout.h5
82512.39871664176,8.969245378672715,fac-opacity-cowan-state,T82512p4_rho8p96925,0.09710167162290537,7.644198234284465e-07,0.09710173127358966,1.1508386518132178e-07,ok,/home/elads/STAR/full_grid_solar_opacity/runs/T82512p4_rho8p96925/fac-opacity-cowan-state/starout.h5
82512.39871664176,12.889504440725364,fac-opacity-cowan-state,T82512p4_rho12p8895,0.09710165163064699,1.0984686717063244e-06,0.0971017372973549,1.651418097210226e-07,ok,/home/elads/STAR/full_grid_solar_opacity/runs/T82512p4_rho12p8895/fac-opacity-cowan-state/starout.h5
82512.39871664176,18.52322215674118,fac-opacity-cowan-state,T82512p4_rho18p5232,0.09710162653228042,1.578499960133894e-06,0.09710174955302805,2.3692783449225068e-07,ok,/home/elads/STAR/full_grid_solar_opacity/runs/T82512p4_rho18p5232/fac-opacity-cowan-state/starout.h5
82512.39871664176,26.61931346126126,fac-opacity-cowan-state,T82512p4_rho26p6193,0.09710158177817219,2.2682976613049406e-06,0.09710175842517155,3.398417550388179e-07,ok,/home/elads/STAR/full_grid_solar_opacity/runs/T82512p4_rho26p6193/fac-opacity-cowan-state/starout.h5
82512.39871664176,38.254027466328665,fac-opacity-cowan-state,T82512p4_rho38p254,0.09710151817015268,3.259505305043996e-06,0.09710177179273712,4.87330014260993e-07,ok,/home/elads/STAR/full_grid_solar_opacity/runs/T82512p4_rho38p254/fac-opacity-cowan-state/starout.h5
82512.39871664176,54.97401800103719,fac-opacity-cowan-state,T82512p4_rho54p974,0.09710144430296709,4.6837840790114226e-06,0.09710180839801841,6.986146799058808e-07,ok,/home/elads/STAR/full_grid_solar_opacity/runs/T82512p4_rho54p974/fac-opacity-cowan-state/starout.h5
82512.39871664176,79.0019471240894,fac-opacity-cowan-state,T82512p4_rho79p0019,0.09710131182281946,6.730259981011695e-06,0.09710183443179127,1.0011520734802928e-06,ok,/home/elads/STAR/full_grid_solar_opacity/runs/T82512p4_rho79p0019/fac-opacity-cowan-state/starout.h5
82512.39871664176,113.53195339077567,fac-opacity-cowan-state,T82512p4_rho113p532,0.0971011227322978,9.670577892684036e-06,0.09710187273585039,1.4341267563404277e-06,ok,/home/elads/STAR/full_grid_solar_opacity/runs/T82512p4_rho113p532/fac-opacity-cowan-state/starout.h5
82512.39871664176,163.15426277379785,fac-opacity-cowan-state,T82512p4_rho163p154,0.0971008516281424,1.389481621429937e-05,0.09710192774951922,2.053401482473477e-06,ok,/home/elads/STAR/full_grid_solar_opacity/runs/T82512p4_rho163p154/fac-opacity-cowan-state/starout.h5
82512.39871664176,234.46538763970608,fac-opacity-cowan-state,T82512p4_rho234p465,0.09710045868841041,1.9962967657792168e-05,0.09710200236160747,2.938519116265451e-06,ok,/home/elads/STAR/full_grid_solar_opacity/runs/T82512p4_rho234p465/fac-opacity-cowan-state/starout.h5
82512.39871664176,336.94503022121665,fac-opacity-cowan-state,T82512p4_rho336p945,0.09709989665670991,2.867864799368745e-05,0.09710211040033011,4.202579249244336e-06,ok,/home/elads/STAR/full_grid_solar_opacity/runs/T82512p4_rho336p945/fac-opacity-cowan-state/starout.h5
82512.39871664176,484.21626123015125,fac-opacity-cowan-state,T82512p4_rho484p216,0.09709909662736692,4.1194458107358775e-05,0.09710227024639728,6.006121563227317e-06,ok,/home/elads/STAR/full_grid_solar_opacity/runs/T82512p4_rho484p216/fac-opacity-cowan-state/starout.h5
82512.39871664176,695.8564947100452,fac-opacity-cowan-state,T82512p4_rho695p856,0.09709791877873862,5.916229355404001e-05,0.09710246666833397,8.576560394314309e-06,ok,/home/elads/STAR/full_grid_solar_opacity/runs/T82512p4_rho695p856/fac-opacity-cowan-state/starout.h5
82512.39871664176,1000.0,fac-opacity-cowan-state,T82512p4_rho1000,0.09709626694529454,8.494727468894135e-05,0.09710278111074024,1.2235282079531847e-05,ok,/home/elads/STAR/full_grid_solar_opacity/runs/T82512p4_rho1000/fac-opacity-cowan-state/starout.h5
90836.33563538433,1e-17,fac-opacity-cowan-state,T90836p3_rho1em17,0.10815863097673677,6.084624676684811e-25,0.10815863097673677,8.953791122568039e-26,ok,/home/elads/STAR/full_grid_solar_opacity/runs/T90836p3_rho1em17/fac-opacity-cowan-state/starout.h5
90836.33563538433,1.4370779141993746e-17,fac-opacity-cowan-state,T90836p3_rho1p43708em17,0.10815863097673678,8.74261471040615e-25,0.10815863097673677,1.286527406372626e-25,ok,/home/elads/STAR/full_grid_solar_opacity/runs/T90836p3_rho1p43708em17/fac-opacity-cowan-state/starout.h5
90836.33563538433,2.065192931479625e-17,fac-opacity-cowan-state,T90836p3_rho2p06519em17,0.10815863097673677,1.2562353592876072e-24,0.10815863097673677,1.8486379950868673e-25,ok,/home/elads/STAR/full_grid_solar_opacity/runs/T90836p3_rho2p06519em17/fac-opacity-cowan-state/starout.h5
90836.33563538433,2.9678431503900313e-17,fac-opacity-cowan-state,T90836p3_rho2p96784em17,0.10815863097673685,1.8051720000007065e-24,0.10815863097673685,2.656448552255213e-25,ok,/home/elads/STAR/full_grid_solar_opacity/runs/T90836p3_rho2p96784em17/fac-opacity-cowan-state/starout.h5
90836.33563538433,4.2650218442334076e-17,fac-opacity-cowan-state,T90836p3_rho4p26502em17,0.10815863097673624,2.5940512799858975e-24,0.10815863097673624,3.8173546400332323e-25,ok,/home/elads/STAR/full_grid_solar_opacity/runs/T90836p3_rho4p26502em17/fac-opacity-cowan-state/starout.h5
90836.33563538433,6.129168695925715e-17,fac-opacity-cowan-state,T90836p3_rho6p12917em17,0.10815863097673677,3.727793643175488e-24,0.10815863097673677,5.485752433127764e-25,ok,/home/elads/STAR/full_grid_solar_opacity/runs/T90836p3_rho6p12917em17/fac-opacity-cowan-state/starout.h5
90836.33563538433,8.808092965317026e-17,fac-opacity-cowan-state,T90836p3_rho8p80809em17,0.10815863097673678,5.3571299375990365e-24,0.10815863097673677,7.883453704173474e-25,ok,/home/elads/STAR/full_grid_solar_opacity/runs/T90836p3_rho8p80809em17/fac-opacity-cowan-state/starout.h5
90836.33563538433,1.2657915866672028e-16,fac-opacity-cowan-state,T90836p3_rho1p26579em16,0.10815863097673645,7.698613168508274e-24,0.10815863097673645,1.1329137277354195e-24,ok,/home/elads/STAR/full_grid_solar_opacity/runs/T90836p3_rho1p26579em16/fac-opacity-cowan-state/starout.h5
90836.33563538433,1.819041133178821e-16,fac-opacity-cowan-state,T90836p3_rho1p81904em16,0.10815863097673668,1.106350702496559e-23,0.10815863097673666,1.6280853023100637e-24,ok,/home/elads/STAR/full_grid_solar_opacity/runs/T90836p3_rho1p81904em16/fac-opacity-cowan-state/starout.h5
90836.33563538433,2.6141038375114865e-16,fac-opacity-cowan-state,T90836p3_rho2p6141em16,0.1081586309767366,1.5899121713688817e-23,0.10815863097673657,2.3396854471275377e-24,ok,/home/elads/STAR/full_grid_solar_opacity/runs/T90836p3_rho2p6141em16/fac-opacity-cowan-state/starout.h5
90836.33563538433,3.7566708903116036e-16,fac-opacity-cowan-state,T90836p3_rho3p75667em16,0.10815863097673627,2.2848276899380234e-23,0.10815863097673624,3.362310322459199e-24,ok,/home/elads/STAR/full_grid_solar_opacity/runs/T90836p3_rho3p75667em16/fac-opacity-cowan-state/starout.h5
90836.33563538433,5.398628767382507e-16,fac-opacity-cowan-state,T90836p3_rho5p39863em16,0.10815863097674094,3.2834754350708987e-23,0.10815863097674094,4.8319019271548475e-24,ok,/home/elads/STAR/full_grid_solar_opacity/runs/T90836p3_rho5p39863em16/fac-opacity-cowan-state/starout.h5
90836.33563538433,7.758250168566793e-16,fac-opacity-cowan-state,T90836p3_rho7p75825em16,0.10815863097673652,4.718610084808118e-23,0.10815863097673652,6.943819619528987e-24,ok,/home/elads/STAR/full_grid_solar_opacity/runs/T90836p3_rho7p75825em16/fac-opacity-cowan-state/starout.h5
90836.33563538433,1.1149209970080914e-15,fac-opacity-cowan-state,T90836p3_rho1p11492em15,0.1081586309767364,6.781010422844408e-23,0.1081586309767364,9.978809930121513e-24,ok,/home/elads/STAR/full_grid_solar_opacity/runs/T90836p3_rho1p11492em15/fac-opacity-cowan-state/starout.h5
90836.33563538433,1.6022283408774753e-15,fac-opacity-cowan-state,T90836p3_rho1p60223em15,0.10815863097673624,9.744840448910753e-23,0.1081586309767362,1.4340327548950652e-23,ok,/home/elads/STAR/full_grid_solar_opacity/runs/T90836p3_rho1p60223em15/fac-opacity-cowan-state/starout.h5
90836.33563538433,2.3025269621793266e-15,fac-opacity-cowan-state,T90836p3_rho2p30253em15,0.10815863097673685,1.400409519841702e-22,0.10815863097673685,2.0608168292272222e-23,ok,/home/elads/STAR/full_grid_solar_opacity/runs/T90836p3_rho2p30253em15/fac-opacity-cowan-state/starout.h5
90836.33563538433,3.308910644196489e-15,fac-opacity-cowan-state,T90836p3_rho3p30891em15,0.1081586309767366,2.012497628223965e-22,0.1081586309767366,2.961554399884721e-23,ok,/home/elads/STAR/full_grid_solar_opacity/runs/T90836p3_rho3p30891em15/fac-opacity-cowan-state/starout.h5
90836.33563538433,4.755162406834019e-15,fac-opacity-cowan-state,T90836p3_rho4p75516em15,0.10815863097673618,2.892115940675785e-22,0.10815863097673618,4.255984487329205e-23,ok,/home/elads/STAR/full_grid_solar_opacity/runs/T90836p3_rho4p75516em15/fac-opacity-cowan-state/starout.h5
90836.33563538433,6.8335388732923106e-15,fac-opacity-cowan-state,T90836p3_rho6p83354em15,0.1081586309767366,4.1561960276965194e-22,0.1081586309767366,6.116181425447658e-23,ok,/home/elads/STAR/full_grid_solar_opacity/runs/T90836p3_rho6p83354em15/fac-opacity-cowan-state/starout.h5
90836.33563538433,9.820327790631256e-15,fac-opacity-cowan-state,T90836p3_rho9p82033em15,0.10815863097673645,5.972777644193992e-22,0.10815863097673645,8.789429422688484e-23,ok,/home/elads/STAR/full_grid_solar_opacity/runs/T90836p3_rho9p82033em15/fac-opacity-cowan-state/starout.h5
90836.33563538433,1.4112576178114521e-14,fac-opacity-cowan-state,T90836p3_rho1p41126em14,0.10815863097673645,8.583347034778e-22,0.10815863097673645,1.26310951663377e-22,ok,/home/elads/STAR/full_grid_solar_opacity/runs/T90836p3_rho1p41126em14/fac-opacity-cowan-state/starout.h5
90836.33563538433,2.0280871538024598e-14,fac-opacity-cowan-state,T90836p3_rho2p02809em14,0.10815863097673632,1.2334938768148194e-21,0.10815863097673635,1.815186832039882e-22,ok,/home/elads/STAR/full_grid_solar_opacity/runs/T90836p3_rho2p02809em14/fac-opacity-cowan-state/starout.h5
90836.33563538433,2.914519256800997e-14,fac-opacity-cowan-state,T90836p3_rho2p91452em14,0.10815863097673681,1.7726268578901233e-21,0.10815863097673678,2.608564974281869e-22,ok,/home/elads/STAR/full_grid_solar_opacity/runs/T90836p3_rho2p91452em14/fac-opacity-cowan-state/starout.h5
90836.33563538433,4.188391254457488e-14,fac-opacity-cowan-state,T90836p3_rho4p18839em14,0.10815863097673682,2.547402982323587e-21,0.10815863097673682,3.7487112162772494e-22,ok,/home/elads/STAR/full_grid_solar_opacity/runs/T90836p3_rho4p18839em14/fac-opacity-cowan-state/starout.h5
90836.33563538433,6.019044567806669e-14,fac-opacity-cowan-state,T90836p3_rho6p01904em14,0.10815863097673677,3.6608166732840515e-21,0.10815863097673677,5.387190246054043e-22,ok,/home/elads/STAR/full_grid_solar_opacity/runs/T90836p3_rho6p01904em14/fac-opacity-cowan-state/starout.h5
90836.33563538433,8.649836012976684e-14,fac-opacity-cowan-state,T90836p3_rho8p64984em14,0.10815863097673656,5.260878966823531e-21,0.10815863097673657,7.741812361646869e-22,ok,/home/elads/STAR/full_grid_solar_opacity/runs/T90836p3_rho8p64984em14/fac-opacity-cowan-state/starout.h5
90836.33563538433,1.2430488295695167e-13,fac-opacity-cowan-state,T90836p3_rho1p24305em13,0.10815863097673627,7.560293217714028e-21,0.10815863097673627,1.112558789013564e-21,ok,/home/elads/STAR/full_grid_solar_opacity/runs/T90836p3_rho1p24305em13/fac-opacity-cowan-state/starout.h5
90836.33563538433,1.7863580192457348e-13,fac-opacity-cowan-state,T90836p3_rho1p78636em13,0.10815863097673624,1.086473081482608e-20,0.10815863097673624,1.5988337244800105e-21,ok,/home/elads/STAR/full_grid_solar_opacity/runs/T90836p3_rho1p78636em13/fac-opacity-cowan-state/starout.h5
90836.33563538433,2.567135656310987e-13,fac-opacity-cowan-state,T90836p3_rho2p56714em13,0.10815863097673618,1.5613465242827287e-20,0.10815863097673618,2.297648709523553e-21,ok,/home/elads/STAR/full_grid_solar_opacity/runs/T90836p3_rho2p56714em13/fac-opacity-cowan-state/starout.h5
90836.33563538433,3.6891739544382357e-13,fac-opacity-cowan-state,T90836p3_rho3p68917em13,0.10815863097673677,2.243776680539673e-20,0.10815863097673677,3.301900314410032e-21,ok,/home/elads/STAR/full_grid_solar_opacity/runs/T90836p3_rho3p68917em13/fac-opacity-cowan-state/starout.h5
90836.33563538433,5.301630411562758e-13,fac-opacity-cowan-state,T90836p3_rho5p30163em13,0.10815863097673653,3.224482035108422e-20,0.10815863097673657,4.7450881842624515e-21,ok,/home/elads/STAR/full_grid_solar_opacity/runs/T90836p3_rho5p30163em13/fac-opacity-cowan-state/starout.h5
90836.33563538433,7.618855973704612e-13,fac-opacity-cowan-state,T90836p3_rho7p61886em13,0.10815863097673678,4.6338320946412583e-20,0.10815863097673677,6.819061664280122e-21,ok,/home/elads/STAR/full_grid_solar_opacity/runs/T90836p3_rho7p61886em13/fac-opacity-cowan-state/starout.h5
90836.33563538433,1.0948889651276868e-12,fac-opacity-cowan-state,T90836p3_rho1p09489em12,0.10815863097673677,6.659178049390838e-20,0.10815863097673677,9.799523284149145e-21,ok,/home/elads/STAR/full_grid_solar_opacity/runs/T90836p3_rho1p09489em12/fac-opacity-cowan-state/starout.h5
90836.33563538433,1.5734407502856082e-12,fac-opacity-cowan-state,T90836p3_rho1p57344em12,0.10815863097673728,9.569758163624174e-20,0.10815863097673727,1.408267911537963e-20,ok,/home/elads/STAR/full_grid_solar_opacity/runs/T90836p3_rho1p57344em12/fac-opacity-cowan-state/starout.h5
90836.33563538433,2.26115695153675e-12,fac-opacity-cowan-state,T90836p3_rho2p26116em12,0.10815863097672297,1.375248885700085e-19,0.10815863097672297,2.0237908194437166e-20,ok,/home/elads/STAR/full_grid_solar_opacity/runs/T90836p3_rho2p26116em12/fac-opacity-cowan-state/starout.h5
90836.33563538433,3.249458715591849e-12,fac-opacity-cowan-state,T90836p3_rho3p24946em12,0.10815863097673602,1.9763399389134802e-19,0.10815863097673602,2.908345284428528e-20,ok,/home/elads/STAR/full_grid_solar_opacity/runs/T90836p3_rho3p24946em12/fac-opacity-cowan-state/starout.h5
90836.33563538433,4.669725353279713e-12,fac-opacity-cowan-state,T90836p3_rho4p66973em12,0.10815863097673585,2.840154741665959e-19,0.10815863097673585,4.179519144057605e-20,ok,/home/elads/STAR/full_grid_solar_opacity/runs/T90836p3_rho4p66973em12/fac-opacity-cowan-state/starout.h5
90836.33563538433,6.710759170575148e-12,fac-opacity-cowan-state,T90836p3_rho6p71076em12,0.10815863097673589,4.081524155910913e-19,0.10815863097673589,6.0062953623738e-20,ok,/home/elads/STAR/full_grid_solar_opacity/runs/T90836p3_rho6p71076em12/fac-opacity-cowan-state/starout.h5
90836.33563538433,9.64388379154446e-12,fac-opacity-cowan-state,T90836p3_rho9p64388em12,0.10815863097673527,5.865469155370676e-19,0.10815863097673525,8.631515723004253e-20,ok,/home/elads/STAR/full_grid_solar_opacity/runs/T90836p3_rho9p64388em12/fac-opacity-cowan-state/starout.h5
90836.33563538433,1.3859012403933867e-11,fac-opacity-cowan-state,T90836p3_rho1p3859em11,0.1081586309767351,8.429137868670303e-19,0.1081586309767351,1.2404162985605334e-19,ok,/home/elads/STAR/full_grid_solar_opacity/runs/T90836p3_rho1p3859em11/fac-opacity-cowan-state/starout.h5
90836.33563538433,1.9916480638308542e-11,fac-opacity-cowan-state,T90836p3_rho1p99165em11,0.1081586309767344,1.2113330711821378e-18,0.1081586309767344,1.7825752687150398e-19,ok,/home/elads/STAR/full_grid_solar_opacity/runs/T90836p3_rho1p99165em11/fac-opacity-cowan-state/starout.h5
90836.33563538433,2.8621534453892672e-11,fac-opacity-cowan-state,T90836p3_rho2p86215em11,0.10815863097673317,1.740780442247034e-18,0.10815863097673317,2.5617001667388606e-19,ok,/home/elads/STAR/full_grid_solar_opacity/runs/T90836p3_rho2p86215em11/fac-opacity-cowan-state/starout.h5
90836.33563538433,4.1131375034185614e-11,fac-opacity-cowan-state,T90836p3_rho4p11314em11,0.10815863097673176,2.501637699472863e-18,0.10815863097673176,3.681363552600025e-19,ok,/home/elads/STAR/full_grid_solar_opacity/runs/T90836p3_rho4p11314em11/fac-opacity-cowan-state/starout.h5
90836.33563538433,5.910899064227969e-11,fac-opacity-cowan-state,T90836p3_rho5p9109em11,0.10815863097672947,3.5950488316155795e-18,0.10815863097672947,5.2904070432718e-19,ok,/home/elads/STAR/full_grid_solar_opacity/runs/T90836p3_rho5p9109em11/fac-opacity-cowan-state/starout.h5
90836.33563538433,8.4944224982638e-11,fac-opacity-cowan-state,T90836p3_rho8p49442em11,0.1081586309767264,5.166365477952013e-18,0.1081586309767264,7.602727420999865e-19,ok,/home/elads/STAR/full_grid_solar_opacity/runs/T90836p3_rho8p49442em11/fac-opacity-cowan-state/starout.h5
90836.33563538433,1.2207146966133182e-10,fac-opacity-cowan-state,T90836p3_rho1p22071em10,0.10815863097672186,7.424469250381417e-18,0.10815863097672189,1.0925711091853558e-18,ok,/home/elads/STAR/full_grid_solar_opacity/runs/T90836p3_rho1p22071em10/fac-opacity-cowan-state/starout.h5
90836.33563538433,1.7542621300415897e-10,fac-opacity-cowan-state,T90836p3_rho1p75426em10,0.10815863097671492,1.0669539782518586e-17,0.10815863097671492,1.570109683478611e-18,ok,/home/elads/STAR/full_grid_solar_opacity/runs/T90836p3_rho1p75426em10/fac-opacity-cowan-state/starout.h5
90836.33563538433,2.52101136279913e-10,fac-opacity-cowan-state,T90836p3_rho2p52101em10,0.1081586309767053,1.5332960303753398e-17,0.1081586309767053,2.256370007547713e-18,ok,/home/elads/STAR/full_grid_solar_opacity/runs/T90836p3_rho2p52101em10/fac-opacity-cowan-state/starout.h5
90836.33563538433,3.6228897509242966e-10,fac-opacity-cowan-state,T90836p3_rho3p62289em10,0.1081586309766909,2.20346655766122e-17,0.1081586309766909,3.2425804601082345e-18,ok,/home/elads/STAR/full_grid_solar_opacity/runs/T90836p3_rho3p62289em10/fac-opacity-cowan-state/starout.h5
90836.33563538433,5.20637484663258e-10,fac-opacity-cowan-state,T90836p3_rho5p20637em10,0.10815863097667171,3.166555809073182e-17,0.10815863097667171,4.65984436819183e-18,ok,/home/elads/STAR/full_grid_solar_opacity/runs/T90836p3_rho5p20637em10/fac-opacity-cowan-state/starout.h5
90836.33563538433,7.481966305138837e-10,fac-opacity-cowan-state,T90836p3_rho7p48197em10,0.10815863097664731,4.5505946831219115e-17,0.10815863097664732,6.696569097412771e-18,ok,/home/elads/STAR/full_grid_solar_opacity/runs/T90836p3_rho7p48197em10/fac-opacity-cowan-state/starout.h5
90836.33563538433,1.0752168531898921e-09,fac-opacity-cowan-state,T90836p3_rho1p07522em09,0.1081586309765616,6.539571578032883e-17,0.1081586309765616,9.623508029818138e-18,ok,/home/elads/STAR/full_grid_solar_opacity/runs/T90836p3_rho1p07522em09/fac-opacity-cowan-state/starout.h5
90836.33563538433,1.5451703926941453e-09,fac-opacity-cowan-state,T90836p3_rho1p54517em09,0.10815863097654664,9.397880245881376e-17,0.10815863097654667,1.3829738882626459e-17,ok,/home/elads/STAR/full_grid_solar_opacity/runs/T90836p3_rho1p54517em09/fac-opacity-cowan-state/starout.h5
90836.33563538433,2.220530245015531e-09,fac-opacity-cowan-state,T90836p3_rho2p22053em09,0.10815863097651701,1.3505469240018187e-16,0.10815863097651701,1.9874388699475846e-17,ok,/home/elads/STAR/full_grid_solar_opacity/runs/T90836p3_rho2p22053em09/fac-opacity-cowan-state/starout.h5
90836.33563538433,3.1910749729235452e-09,fac-opacity-cowan-state,T90836p3_rho3p19107em09,0.10815863097635002,1.940837295986385e-16,0.10815863097635002,2.856099110197612e-17,ok,/home/elads/STAR/full_grid_solar_opacity/runs/T90836p3_rho3p19107em09/fac-opacity-cowan-state/starout.h5
90836.33563538433,4.585823366142813e-09,fac-opacity-cowan-state,T90836p3_rho4p58582em09,0.10815863097618908,2.7891296785251195e-16,0.1081586309761891,4.104430169565887e-17,ok,/home/elads/STAR/full_grid_solar_opacity/runs/T90836p3_rho4p58582em09/fac-opacity-cowan-state/starout.h5
90836.33563538433,6.590185477903269e-09,fac-opacity-cowan-state,T90836p3_rho6p59019em09,0.10815863097593953,4.0081935973862247e-16,0.10815863097593957,5.898381099685244e-17,ok,/home/elads/STAR/full_grid_solar_opacity/runs/T90836p3_rho6p59019em09/fac-opacity-cowan-state/starout.h5
90836.33563538433,9.470610000772238e-09,fac-opacity-cowan-state,T90836p3_rho9p47061em09,0.10815863097562113,5.760081614136612e-16,0.10815863097562117,8.476425227500295e-17,ok,/home/elads/STAR/full_grid_solar_opacity/runs/T90836p3_rho9p47061em09/fac-opacity-cowan-state/starout.h5
90836.33563538433,1.3610004466105506e-08,fac-opacity-cowan-state,T90836p3_rho1p361em08,0.1081586309751308,8.277670987731335e-16,0.10815863097513084,1.2181260365410242e-16,ok,/home/elads/STAR/full_grid_solar_opacity/runs/T90836p3_rho1p361em08/fac-opacity-cowan-state/starout.h5
90836.33563538433,1.9558636830395073e-08,fac-opacity-cowan-state,T90836p3_rho1p95586em08,0.10815863097454949,1.1895633328642204e-15,0.1081586309745496,1.7505381990922684e-16,ok,/home/elads/STAR/full_grid_solar_opacity/runs/T90836p3_rho1p95586em08/fac-opacity-cowan-state/starout.h5
90836.33563538433,2.810728502080722e-08,fac-opacity-cowan-state,T90836p3_rho2p81073em08,0.10815863097378726,1.7094935368633453e-15,0.10815863097378738,2.515656845368724e-16,ok,/home/elads/STAR/full_grid_solar_opacity/runs/T90836p3_rho2p81073em08/fac-opacity-cowan-state/starout.h5
90836.33563538433,4.039235853150913e-08,fac-opacity-cowan-state,T90836p3_rho4p03924em08,0.09013376854835686,2.4610345215688744e-15,0.09013376854835702,3.6174361103563043e-16,ok,/home/elads/STAR/full_grid_solar_opacity/runs/T90836p3_rho4p03924em08/fac-opacity-cowan-state/starout.h5
90836.33563538433,5.804696634805446e-08,fac-opacity-cowan-state,T90836p3_rho5p8047em08,0.09013376854731853,3.5302901977661076e-15,0.0901337685473188,5.195237314263106e-16,ok,/home/elads/STAR/full_grid_solar_opacity/runs/T90836p3_rho5p8047em08/fac-opacity-cowan-state/starout.h5
90836.33563538433,8.341801332506338e-08,fac-opacity-cowan-state,T90836p3_rho8p3418em08,0.09013376854598906,5.077232378573458e-15,0.09013376854598944,7.467942589468428e-16,ok,/home/elads/STAR/full_grid_solar_opacity/runs/T90836p3_rho8p3418em08/fac-opacity-cowan-state/starout.h5
90836.33563538433,1.1987818459583772e-07,fac-opacity-cowan-state,T90836p3_rho1p19878em07,0.09013376854437026,7.288154747679224e-15,0.0901337685443708,1.0727751921230601e-15,ok,/home/elads/STAR/full_grid_solar_opacity/runs/T90836p3_rho1p19878em07/fac-opacity-cowan-state/starout.h5
90836.33563538433,1.7227429147699408e-07,fac-opacity-cowan-state,T90836p3_rho1p72274em07,0.09013376854236269,1.0480645213461514e-14,0.09013376854236345,1.5420194922754532e-15,ok,/home/elads/STAR/full_grid_solar_opacity/runs/T90836p3_rho1p72274em07/fac-opacity-cowan-state/starout.h5
90836.33563538433,2.4757157946593376e-07,fac-opacity-cowan-state,T90836p3_rho2p47572em07,0.09013376853993628,1.5057090202070385e-14,0.09013376853993744,2.215769585250307e-15,ok,/home/elads/STAR/full_grid_solar_opacity/runs/T90836p3_rho2p47572em07/fac-opacity-cowan-state/starout.h5
90836.33563538433,3.557796490339488e-07,fac-opacity-cowan-state,T90836p3_rho3p5578em07,0.09013376853706091,2.1639182752427123e-14,0.09013376853706255,3.1842778381223952e-15,ok,/home/elads/STAR/full_grid_solar_opacity/runs/T90836p3_rho3p5578em07/fac-opacity-cowan-state/starout.h5
90836.33563538433,5.112830759482948e-07,fac-opacity-cowan-state,T90836p3_rho5p11283em07,0.09013376853351722,3.1091358082945826e-14,0.09013376853351955,4.575748165250664e-15,ok,/home/elads/STAR/full_grid_solar_opacity/runs/T90836p3_rho5p11283em07/fac-opacity-cowan-state/starout.h5
90836.33563538433,7.347536163492159e-07,fac-opacity-cowan-state,T90836p3_rho7p34754em07,0.09013376852926377,4.469035127042416e-14,0.09013376852926717,6.576189480325749e-15,ok,/home/elads/STAR/full_grid_solar_opacity/runs/T90836p3_rho7p34754em07/fac-opacity-cowan-state/starout.h5
90836.33563538433,1.0558981944335787e-06,fac-opacity-cowan-state,T90836p3_rho1p0559em06,0.09013376852415463,6.421809242942073e-14,0.09013376852415934,9.45023136926725e-15,ok,/home/elads/STAR/full_grid_solar_opacity/runs/T90836p3_rho1p0559em06/fac-opacity-cowan-state/starout.h5
90836.33563538433,1.517407974863493e-06,fac-opacity-cowan-state,T90836p3_rho1p51741em06,0.09013376851804532,9.228898330828815e-14,0.09013376851805216,1.3580905765130917e-14,ok,/home/elads/STAR/full_grid_solar_opacity/runs/T90836p3_rho1p51741em06/fac-opacity-cowan-state/starout.h5
90836.33563538433,2.1806334875063253e-06,fac-opacity-cowan-state,T90836p3_rho2p18063em06,0.09013376851076561,1.3262396826782076e-13,0.09013376851077573,1.9516798015895788e-14,ok,/home/elads/STAR/full_grid_solar_opacity/runs/T90836p3_rho2p18063em06/fac-opacity-cowan-state/starout.h5
90836.33563538433,3.1337402238588983e-06,fac-opacity-cowan-state,T90836p3_rho3p13374em06,0.09013376850211215,1.9058896551302765e-13,0.09013376850212651,2.8046786962454297e-14,ok,/home/elads/STAR/full_grid_solar_opacity/runs/T90836p3_rho3p13374em06/fac-opacity-cowan-state/starout.h5
90836.33563538433,4.503428864545845e-06,fac-opacity-cowan-state,T90836p3_rho4p50343em06,0.09013376849171517,2.738913900237139e-13,0.09013376849173571,4.030538284275461e-14,ok,/home/elads/STAR/full_grid_solar_opacity/runs/T90836p3_rho4p50343em06/fac-opacity-cowan-state/starout.h5
90836.33563538433,6.471778159406801e-06,fac-opacity-cowan-state,T90836p3_rho6p47178em06,0.09013376847941311,3.93605192815395e-13,0.09013376847944242,5.792152651432725e-14,ok,/home/elads/STAR/full_grid_solar_opacity/runs/T90836p3_rho6p47178em06/fac-opacity-cowan-state/starout.h5
90836.33563538433,9.300449458481393e-06,fac-opacity-cowan-state,T90836p3_rho9p30045em06,0.09013376846448845,5.656457295449926e-13,0.09013376846453103,8.323839298685851e-14,ok,/home/elads/STAR/full_grid_solar_opacity/runs/T90836p3_rho9p30045em06/fac-opacity-cowan-state/starout.h5
90836.33563538433,1.3365470508911143e-05,fac-opacity-cowan-state,T90836p3_rho1p33655em05,0.09013376844777071,8.128792735198252e-13,0.09013376844783183,1.1961909564453643e-13,ok,/home/elads/STAR/full_grid_solar_opacity/runs/T90836p3_rho1p33655em05/fac-opacity-cowan-state/starout.h5
90836.33563538433,1.920722248123928e-05,fac-opacity-cowan-state,T90836p3_rho1p92072em05,0.09013376842649616,1.168180796128045e-12,0.09013376842658384,1.7189963123662384e-13,ok,/home/elads/STAR/full_grid_solar_opacity/runs/T90836p3_rho1p92072em05/fac-opacity-cowan-state/starout.h5
90836.33563538433,2.760227522090268e-05,fac-opacity-cowan-state,T90836p3_rho2p76023em05,0.090133768403328,1.6787300612612355e-12,0.09013376840345393,2.4703119364195947e-13,ok,/home/elads/STAR/full_grid_solar_opacity/runs/T90836p3_rho2p76023em05/fac-opacity-cowan-state/starout.h5
90836.33563538433,3.966662010161191e-05,fac-opacity-cowan-state,T90836p3_rho3p96666em05,0.09013376837290174,2.412499098791998e-12,0.09013376837308291,3.5500215368694405e-13,ok,/home/elads/STAR/full_grid_solar_opacity/runs/T90836p3_rho3p96666em05/fac-opacity-cowan-state/starout.h5
90836.33563538433,5.7004023678963655e-05,fac-opacity-cowan-state,T90836p3_rho5p7004em05,0.09013376833671972,3.4669354086633557e-12,0.09013376833698043,5.101617865212167e-13,ok,/home/elads/STAR/full_grid_solar_opacity/runs/T90836p3_rho5p7004em05/fac-opacity-cowan-state/starout.h5
90836.33563538433,8.191922344953684e-05,fac-opacity-cowan-state,T90836p3_rho8p19192em05,0.09013376814037746,4.9823391651259805e-12,0.0901337681407521,7.331479204390133e-13,ok,/home/elads/STAR/full_grid_solar_opacity/runs/T90836p3_rho8p19192em05/fac-opacity-cowan-state/starout.h5
90836.33563538433,0.00011772430676769293,fac-opacity-cowan-state,T90836p3_rho0p000117724,0.09013376675277084,7.1599784071713876e-12,0.09013376675330871,1.0535771982662893e-12,ok,/home/elads/STAR/full_grid_solar_opacity/runs/T90836p3_rho0p000117724/fac-opacity-cowan-state/starout.h5
90836.33563538433,0.00016917900122028344,fac-opacity-cowan-state,T90836p3_rho0p000169179,0.09013376668334223,1.0289257172562292e-11,0.09013376668411498,1.5140245591368832e-12,ok,/home/elads/STAR/full_grid_solar_opacity/runs/T90836p3_rho0p000169179/fac-opacity-cowan-state/starout.h5
90836.33563538433,0.0002431234061999784,fac-opacity-cowan-state,T90836p3_rho0p000243123,0.09013376828769926,1.478664832953184e-11,0.0901337682888104,2.1757690392137542e-12,ok,/home/elads/STAR/full_grid_solar_opacity/runs/T90836p3_rho0p000243123/fac-opacity-cowan-state/starout.h5
90836.33563538433,0.0003493872774749123,fac-opacity-cowan-state,T90836p3_rho0p000349387,0.09013376682223509,2.1249474325263367e-11,0.09013376682383209,3.1266870592622634e-12,ok,/home/elads/STAR/full_grid_solar_opacity/runs/T90836p3_rho0p000349387/fac-opacity-cowan-state/starout.h5
90836.33563538433,0.0005020967399614471,fac-opacity-cowan-state,T90836p3_rho0p000502097,0.09013376724509255,3.053666501492754e-11,0.09013376724738598,4.493134654136193e-12,ok,/home/elads/STAR/full_grid_solar_opacity/runs/T90836p3_rho0p000502097/fac-opacity-cowan-state/starout.h5
90836.33563538433,0.0007215521357901021,fac-opacity-cowan-state,T90836p3_rho0p000721552,0.09013376909362403,4.4062167663065185e-11,0.09013376909694228,6.4933117053687904e-12,ok,/home/elads/STAR/full_grid_solar_opacity/runs/T90836p3_rho0p000721552/fac-opacity-cowan-state/starout.h5
90836.33563538433,0.0010369266382873438,fac-opacity-cowan-state,T90836p3_rho0p00103693,0.09013376912871686,6.335041866456461e-11,0.09013376913349079,9.337301930828505e-12,ok,/home/elads/STAR/full_grid_solar_opacity/runs/T90836p3_rho0p00103693/fac-opacity-cowan-state/starout.h5
90836.33563538433,0.0014901443705277455,fac-opacity-cowan-state,T90836p3_rho0p00149014,0.09013376861699514,9.102553030044362e-11,0.09013376862385154,1.3415265435002868e-11,ok,/home/elads/STAR/full_grid_solar_opacity/runs/T90836p3_rho0p00149014/fac-opacity-cowan-state/starout.h5
90836.33563538433,0.002141453563853953,fac-opacity-cowan-state,T90836p3_rho0p00214145,0.09013376876750438,1.3078127259980127e-10,0.0901337687773551,1.9272381723792548e-11,ok,/home/elads/STAR/full_grid_solar_opacity/runs/T90836p3_rho0p00214145/fac-opacity-cowan-state/starout.h5
90836.33563538433,0.003077435620898055,fac-opacity-cowan-state,T90836p3_rho0p00307744,0.09013376900116327,1.8793860729568148e-10,0.0901337690153192,2.7694217812478002e-11,ok,/home/elads/STAR/full_grid_solar_opacity/runs/T90836p3_rho0p00307744/fac-opacity-cowan-state/starout.h5
90836.33563538433,0.004422514763163053,fac-opacity-cowan-state,T90836p3_rho0p00442251,0.09013376468574792,2.699718631318762e-10,0.09013376470607781,3.97745354261898e-11,ok,/home/elads/STAR/full_grid_solar_opacity/runs/T90836p3_rho0p00442251/fac-opacity-cowan-state/starout.h5
90836.33563538433,0.006355498291362301,fac-opacity-cowan-state,T90836p3_rho0p0063555,0.09013376457444887,3.8803973795561884e-10,0.0901337646036718,5.717080297127666e-11,ok,/home/elads/STAR/full_grid_solar_opacity/runs/T90836p3_rho0p0063555/fac-opacity-cowan-state/starout.h5
90836.33563538433,0.009133346228248624,fac-opacity-cowan-state,T90836p3_rho0p00913335,0.09013376328640445,5.575736448233518e-10,0.09013376332839164,8.214054938754309e-11,ok,/home/elads/STAR/full_grid_solar_opacity/runs/T90836p3_rho0p00913335/fac-opacity-cowan-state/starout.h5
90836.33563538433,0.01312533014735226,fac-opacity-cowan-state,T90836p3_rho0p0131253,0.0901337637067033,8.011755666757783e-10,0.09013376376702938,1.1801423226994817e-10,ok,/home/elads/STAR/full_grid_solar_opacity/runs/T90836p3_rho0p0131253/fac-opacity-cowan-state/starout.h5
90836.33563538433,0.018862122071335155,fac-opacity-cowan-state,T90836p3_rho0p0188621,0.0901337635804602,1.1511495218908557e-09,0.09013376366712615,1.695413467993572e-10,ok,/home/elads/STAR/full_grid_solar_opacity/runs/T90836p3_rho0p0188621/fac-opacity-cowan-state/starout.h5
90836.33563538433,0.02710633904364831,fac-opacity-cowan-state,T90836p3_rho0p0271063,0.09013376719728951,1.654031295640392e-09,0.09013376732180266,2.435686107291028e-10,ok,/home/elads/STAR/full_grid_solar_opacity/runs/T90836p3_rho0p0271063/fac-opacity-cowan-state/starout.h5
90836.33563538433,0.038953921174427183,fac-opacity-cowan-state,T90836p3_rho0p0389539,0.09013376353586125,2.376368423792154e-09,0.09013376371471567,3.4986494554562795e-10,ok,/home/elads/STAR/full_grid_solar_opacity/runs/T90836p3_rho0p0389539/fac-opacity-cowan-state/starout.h5
90836.33563538433,0.0559798197912329,fac-opacity-cowan-state,T90836p3_rho0p0559798,0.09013376485921842,3.4143696869957885e-09,0.09013376511615735,5.025860482674396e-10,ok,/home/elads/STAR/full_grid_solar_opacity/runs/T90836p3_rho0p0559798/fac-opacity-cowan-state/starout.h5
90836.33563538433,0.08044736266284185,fac-opacity-cowan-state,T90836p3_rho0p0804474,0.09013376495001081,4.905620935904137e-09,0.0901337653191025,7.219240819969622e-10,ok,/home/elads/STAR/full_grid_solar_opacity/runs/T90836p3_rho0p0804474/fac-opacity-cowan-state/starout.h5
90836.33563538433,0.11560912813835741,fac-opacity-cowan-state,T90836p3_rho0p115609,0.09013376525525701,7.047921746292762e-09,0.09013376578541406,1.0369009678676202e-09,ok,/home/elads/STAR/full_grid_solar_opacity/runs/T90836p3_rho0p115609/fac-opacity-cowan-state/starout.h5
90836.33563538433,0.1661393247274789,fac-opacity-cowan-state,T90836p3_rho0p166139,0.09013376605342809,1.012544272428984e-08,0.09013376681488428,1.4891859454079602e-09,ok,/home/elads/STAR/full_grid_solar_opacity/runs/T90836p3_rho0p166139/fac-opacity-cowan-state/starout.h5
90836.33563538433,0.23875515424585794,fac-opacity-cowan-state,T90836p3_rho0p238755,0.09013376750666223,1.4546361533431947e-08,0.09013376860025885,2.1385886702679025e-09,ok,/home/elads/STAR/full_grid_solar_opacity/runs/T90836p3_rho0p238755/fac-opacity-cowan-state/starout.h5
90836.33563538433,0.34310975906798746,fac-opacity-cowan-state,T90836p3_rho0p34311,0.09013376553740346,2.089767272925873e-08,0.09013376710799935,3.0710799917219876e-09,ok,/home/elads/STAR/full_grid_solar_opacity/runs/T90836p3_rho0p34311/fac-opacity-cowan-state/starout.h5
90836.33563538433,0.49307545690287347,fac-opacity-cowan-state,T90836p3_rho0p493075,0.0901337659293061,3.002251211616013e-08,0.0901337681849586,4.4100426756057884e-09,ok,/home/elads/STAR/full_grid_solar_opacity/runs/T90836p3_rho0p493075/fac-opacity-cowan-state/starout.h5
90836.33563538433,0.7085878491488851,fac-opacity-cowan-state,T90836p3_rho0p708588,0.09013376603865536,4.3132906435449947e-08,0.09013376927825348,6.332713870589854e-09,ok,/home/elads/STAR/full_grid_solar_opacity/runs/T90836p3_rho0p708588/fac-opacity-cowan-state/starout.h5
90836.33563538433,1.0182959482819007,fac-opacity-cowan-state,T90836p3_rho1p0183,0.09013376612007631,6.19708344078086e-08,0.09013377077303014,9.093603959913553e-09,ok,/home/elads/STAR/full_grid_solar_opacity/runs/T90836p3_rho1p0183/fac-opacity-cowan-state/starout.h5
90836.33563538433,1.4633706173946401,fac-opacity-cowan-state,T90836p3_rho1p46337,0.09013376581535074,8.903973875341777e-08,0.09013377249856394,1.3058074848637288e-08,ok,/home/elads/STAR/full_grid_solar_opacity/runs/T90836p3_rho1p46337/fac-opacity-cowan-state/starout.h5
90836.33563538433,2.1029775945461404,fac-opacity-cowan-state,T90836p3_rho2p10298,0.09013376519092767,1.2793752064480094e-07,0.0901337747906794,1.8750598538557833e-08,ok,/home/elads/STAR/full_grid_solar_opacity/runs/T90836p3_rho2p10298/fac-opacity-cowan-state/starout.h5
90836.33563538433,3.0221426551783854,fac-opacity-cowan-state,T90836p3_rho3p02214,0.09013376366108801,1.838343247927239e-07,0.09013377745051113,2.69237395194601e-08,ok,/home/elads/STAR/full_grid_solar_opacity/runs/T90836p3_rho3p02214/fac-opacity-cowan-state/starout.h5
90836.33563538433,4.343054463316713,fac-opacity-cowan-state,T90836p3_rho4p34305,0.09013376096289069,2.6415997600904247e-07,0.09013378077072949,3.8657213960737616e-08,ok,/home/elads/STAR/full_grid_solar_opacity/runs/T90836p3_rho4p34305/fac-opacity-cowan-state/starout.h5
90836.33563538433,6.241307649397467,fac-opacity-cowan-state,T90836p3_rho6p24131,0.09013375617297165,3.7959134246984465e-07,0.09013378462586473,5.549971722495991e-08,ok,/home/elads/STAR/full_grid_solar_opacity/runs/T90836p3_rho6p24131/fac-opacity-cowan-state/starout.h5
90836.33563538433,8.969245378672715,fac-opacity-cowan-state,T90836p3_rho8p96925,0.09013374903729851,5.45470319513213e-07,0.09013378990744622,7.967179010219542e-08,ok,/home/elads/STAR/full_grid_solar_opacity/runs/T90836p3_rho8p96925/fac-opacity-cowan-state/starout.h5
90836.33563538433,12.889504440725364,fac-opacity-cowan-state,T90836p3_rho12p8895,0.090133738364093,7.838438119164719e-07,0.09013379706852076,1.1435675304309415e-07,ok,/home/elads/STAR/full_grid_solar_opacity/runs/T90836p3_rho12p8895/fac-opacity-cowan-state/starout.h5
90836.33563538433,18.52322215674118,fac-opacity-cowan-state,T90836p3_rho18p5232,0.0901337222911261,1.1263909152639017e-06,0.09013380660787643,1.6411592114650866e-07,ok,/home/elads/STAR/full_grid_solar_opacity/runs/T90836p3_rho18p5232/fac-opacity-cowan-state/starout.h5
90836.33563538433,26.61931346126126,fac-opacity-cowan-state,T90836p3_rho26p6193,0.09013370177125749,1.6186307828085917e-06,0.09013382286697964,2.35482590183728e-07,ok,/home/elads/STAR/full_grid_solar_opacity/runs/T90836p3_rho26p6193/fac-opacity-cowan-state/starout.h5
90836.33563538433,38.254027466328665,fac-opacity-cowan-state,T90836p3_rho38p254,0.09013366694175809,2.325964906969949e-06,0.09013384084557105,3.378099608060378e-07,ok,/home/elads/STAR/full_grid_solar_opacity/runs/T90836p3_rho38p254/fac-opacity-cowan-state/starout.h5
90836.33563538433,54.97401800103719,fac-opacity-cowan-state,T90836p3_rho54p974,0.09013361234944293,3.3423566675083057e-06,0.0901338620663476,4.844808903426727e-07,ok,/home/elads/STAR/full_grid_solar_opacity/runs/T90836p3_rho54p974/fac-opacity-cowan-state/starout.h5
90836.33563538433,79.0019471240894,fac-opacity-cowan-state,T90836p3_rho79p0019,0.09013355724003452,4.8027957088694066e-06,0.09013391578033185,6.946320319654572e-07,ok,/home/elads/STAR/full_grid_solar_opacity/runs/T90836p3_rho79p0019/fac-opacity-cowan-state/starout.h5
90836.33563538433,113.53195339077567,fac-opacity-cowan-state,T90836p3_rho113p532,0.09013345352364893,6.901171467029696e-06,0.09013396824235653,9.95604890702912e-07,ok,/home/elads/STAR/full_grid_solar_opacity/runs/T90836p3_rho113p532/fac-opacity-cowan-state/starout.h5
90836.33563538433,163.15426277379785,fac-opacity-cowan-state,T90836p3_rho163p154,0.0901333020418871,9.915943746933625e-06,0.0901340408536284,1.4264320102472806e-06,ok,/home/elads/STAR/full_grid_solar_opacity/runs/T90836p3_rho163p154/fac-opacity-cowan-state/starout.h5
90836.33563538433,234.46538763970608,fac-opacity-cowan-state,T90836p3_rho234p465,0.09013308253451659,1.4246921417696337e-05,0.09013414280636477,2.042776638694887e-06,ok,/home/elads/STAR/full_grid_solar_opacity/runs/T90836p3_rho234p465/fac-opacity-cowan-state/starout.h5
90836.33563538433,336.94503022121665,fac-opacity-cowan-state,T90836p3_rho336p945,0.09013277114316529,2.046795864079588e-05,0.09013429241034847,2.9239225968256067e-06,ok,/home/elads/STAR/full_grid_solar_opacity/runs/T90836p3_rho336p945/fac-opacity-cowan-state/starout.h5
90836.33563538433,484.21626123015125,fac-opacity-cowan-state,T90836p3_rho484p216,0.09013232600848317,2.9402333185211924e-05,0.09013450813723975,4.182633474510651e-06,ok,/home/elads/STAR/full_grid_solar_opacity/runs/T90836p3_rho484p216/fac-opacity-cowan-state/starout.h5
90836.33563538433,695.8564947100452,fac-opacity-cowan-state,T90836p3_rho695p856,0.09013166210051547,4.223037496196343e-05,0.0901347911964237,5.979008636195985e-06,ok,/home/elads/STAR/full_grid_solar_opacity/runs/T90836p3_rho695p856/fac-opacity-cowan-state/starout.h5
90836.33563538433,1000.0,fac-opacity-cowan-state,T90836p3_rho1000,0.09013074277666308,6.064289931660692e-05,0.09013522809263252,8.539895597022181e-06,ok,/home/elads/STAR/full_grid_solar_opacity/runs/T90836p3_rho1000/fac-opacity-cowan-state/starout.h5
100000.0,1e-17,fac-opacity-cowan-state,T100000_rho1em17,0.10209018501608784,4.3417055003619695e-25,0.10209018501608784,6.191994436813778e-26,ok,/home/elads/STAR/full_grid_solar_opacity/runs/T100000_rho1em17/fac-opacity-cowan-state/starout.h5
100000.0,1.4370779141993746e-17,fac-opacity-cowan-state,T100000_rho1p43708em17,0.10209018501608784,6.238455484624675e-25,0.10209018501608784,8.897159586346171e-26,ok,/home/elads/STAR/full_grid_solar_opacity/runs/T100000_rho1p43708em17/fac-opacity-cowan-state/starout.h5
100000.0,2.065192931479625e-17,fac-opacity-cowan-state,T100000_rho2p06519em17,0.10209018501608784,8.964233045522192e-25,0.10209018501608784,1.2784692745620351e-25,ok,/home/elads/STAR/full_grid_solar_opacity/runs/T100000_rho2p06519em17/fac-opacity-cowan-state/starout.h5
100000.0,2.9678431503900313e-17,fac-opacity-cowan-state,T100000_rho2p96784em17,0.1020901850160884,1.288145129308492e-24,0.1020901850160884,1.8371462477050003e-25,ok,/home/elads/STAR/full_grid_solar_opacity/runs/T100000_rho2p96784em17/fac-opacity-cowan-state/starout.h5
100000.0,4.2650218442334076e-17,fac-opacity-cowan-state,T100000_rho4p26502em17,0.10209018501608828,1.8510888004480586e-24,0.10209018501608828,2.6400200185763225e-25,ok,/home/elads/STAR/full_grid_solar_opacity/runs/T100000_rho4p26502em17/fac-opacity-cowan-state/starout.h5
100000.0,6.129168695925715e-17,fac-opacity-cowan-state,T100000_rho6p12917em17,0.10209018501608833,2.6601211541657888e-24,0.10209018501608833,3.79386383195806e-25,ok,/home/elads/STAR/full_grid_solar_opacity/runs/T100000_rho6p12917em17/fac-opacity-cowan-state/starout.h5
100000.0,8.808092965317026e-17,fac-opacity-cowan-state,T100000_rho8p80809em17,0.10209018501608784,3.8228013764212775e-24,0.10209018501608784,5.45207794649897e-25,ok,/home/elads/STAR/full_grid_solar_opacity/runs/T100000_rho8p80809em17/fac-opacity-cowan-state/starout.h5
100000.0,1.2657915866672028e-16,fac-opacity-cowan-state,T100000_rho1p26579em16,0.10209018501608849,5.493663460683845e-24,0.1020901850160885,7.835060847909618e-25,ok,/home/elads/STAR/full_grid_solar_opacity/runs/T100000_rho1p26579em16/fac-opacity-cowan-state/starout.h5
100000.0,1.819041133178821e-16,fac-opacity-cowan-state,T100000_rho1p81904em16,0.10209018501608819,7.894822471548092e-24,0.10209018501608819,1.1259592929892969e-24,ok,/home/elads/STAR/full_grid_solar_opacity/runs/T100000_rho1p81904em16/fac-opacity-cowan-state/starout.h5
100000.0,2.6141038375114865e-16,fac-opacity-cowan-state,T100000_rho2p6141em16,0.1020901850160881,1.134547508720613e-23,0.1020901850160881,1.6180912430070283e-24,ok,/home/elads/STAR/full_grid_solar_opacity/runs/T100000_rho2p6141em16/fac-opacity-cowan-state/starout.h5
100000.0,3.7566708903116036e-16,fac-opacity-cowan-state,T100000_rho3p75667em16,0.10209018501608819,1.6304331824963665e-23,0.10209018501608819,2.3253232146222548e-24,ok,/home/elads/STAR/full_grid_solar_opacity/runs/T100000_rho3p75667em16/fac-opacity-cowan-state/starout.h5
100000.0,5.398628767382507e-16,fac-opacity-cowan-state,T100000_rho5p39863em16,0.10209018501608834,2.343059533076151e-23,0.10209018501608834,3.341670649824206e-24,ok,/home/elads/STAR/full_grid_solar_opacity/runs/T100000_rho5p39863em16/fac-opacity-cowan-state/starout.h5
100000.0,7.758250168566793e-16,fac-opacity-cowan-state,T100000_rho7p75825em16,0.10209018501608819,3.3671591413527436e-23,0.10209018501608819,4.802241133748637e-24,ok,/home/elads/STAR/full_grid_solar_opacity/runs/T100000_rho7p75825em16/fac-opacity-cowan-state/starout.h5
100000.0,1.1149209970080914e-15,fac-opacity-cowan-state,T100000_rho1p11492em15,0.10209018501608774,4.838870090863906e-23,0.10209018501608774,6.901194746545222e-24,ok,/home/elads/STAR/full_grid_solar_opacity/runs/T100000_rho1p11492em15/fac-opacity-cowan-state/starout.h5
100000.0,1.6022283408774753e-15,fac-opacity-cowan-state,T100000_rho1p60223em15,0.10209018501608819,6.95383342428988e-23,0.10209018501608817,9.917554666558869e-24,ok,/home/elads/STAR/full_grid_solar_opacity/runs/T100000_rho1p60223em15/fac-opacity-cowan-state/starout.h5
100000.0,2.3025269621793266e-15,fac-opacity-cowan-state,T100000_rho2p30253em15,0.10209018501608805,9.993200573230089e-23,0.10209018501608805,1.4252298958714595e-23,ok,/home/elads/STAR/full_grid_solar_opacity/runs/T100000_rho2p30253em15/fac-opacity-cowan-state/starout.h5
100000.0,3.308910644196489e-15,fac-opacity-cowan-state,T100000_rho3p30891em15,0.10209018501608788,1.4361008073246962e-22,0.10209018501608785,2.0481664374141276e-23,ok,/home/elads/STAR/full_grid_solar_opacity/runs/T100000_rho3p30891em15/fac-opacity-cowan-state/starout.h5
100000.0,4.755162406834019e-15,fac-opacity-cowan-state,T100000_rho4p75516em15,0.10209018501608817,2.0637887839049933e-22,0.10209018501608817,2.943374795090406e-23,ok,/home/elads/STAR/full_grid_solar_opacity/runs/T100000_rho4p75516em15/fac-opacity-cowan-state/starout.h5
100000.0,6.8335388732923106e-15,fac-opacity-cowan-state,T100000_rho6p83354em15,0.10209018501608796,2.965825336609568e-22,0.10209018501608795,4.229858986283676e-23,ok,/home/elads/STAR/full_grid_solar_opacity/runs/T100000_rho6p83354em15/fac-opacity-cowan-state/starout.h5
100000.0,9.820327790631256e-15,fac-opacity-cowan-state,T100000_rho9p82033em15,0.10209018501608828,4.262122171696784e-22,0.10209018501608828,6.078637043633084e-23,ok,/home/elads/STAR/full_grid_solar_opacity/runs/T100000_rho9p82033em15/fac-opacity-cowan-state/starout.h5
100000.0,1.4112576178114521e-14,fac-opacity-cowan-state,T100000_rho1p41126em14,0.10209018501608816,6.125001771388648e-22,0.10209018501608817,8.735475210004948e-23,ok,/home/elads/STAR/full_grid_solar_opacity/runs/T100000_rho1p41126em14/fac-opacity-cowan-state/starout.h5
100000.0,2.0280871538024598e-14,fac-opacity-cowan-state,T100000_rho2p02809em14,0.10209018501608834,8.802104983423313e-22,0.10209018501608834,1.2553558776164539e-22,ok,/home/elads/STAR/full_grid_solar_opacity/runs/T100000_rho2p02809em14/fac-opacity-cowan-state/starout.h5
100000.0,2.914519256800997e-14,fac-opacity-cowan-state,T100000_rho2p91452em14,0.10209018501608819,1.2649311008526254e-21,0.10209018501608819,1.8040442506833206e-22,ok,/home/elads/STAR/full_grid_solar_opacity/runs/T100000_rho2p91452em14/fac-opacity-cowan-state/starout.h5
100000.0,4.188391254457488e-14,fac-opacity-cowan-state,T100000_rho4p18839em14,0.10209018501608816,1.817804599388744e-21,0.10209018501608813,2.5925522170302104e-22,ok,/home/elads/STAR/full_grid_solar_opacity/runs/T100000_rho4p18839em14/fac-opacity-cowan-state/starout.h5
100000.0,6.019044567806669e-14,fac-opacity-cowan-state,T100000_rho6p01904em14,0.10209018501608844,2.612326917018029e-21,0.10209018501608844,3.7256996329168603e-22,ok,/home/elads/STAR/full_grid_solar_opacity/runs/T100000_rho6p01904em14/fac-opacity-cowan-state/starout.h5
100000.0,8.649836012976684e-14,fac-opacity-cowan-state,T100000_rho8p64984em14,0.10209018501608813,3.7541174403519944e-21,0.10209018501608813,5.354120819793257e-22,ok,/home/elads/STAR/full_grid_solar_opacity/runs/T100000_rho8p64984em14/fac-opacity-cowan-state/starout.h5
100000.0,1.2430488295695167e-13,fac-opacity-cowan-state,T100000_rho1p24305em13,0.10209018501608734,5.394959432479904e-21,0.10209018501608735,7.694289003612291e-22,ok,/home/elads/STAR/full_grid_solar_opacity/runs/T100000_rho1p24305em13/fac-opacity-cowan-state/starout.h5
100000.0,1.7863580192457348e-13,fac-opacity-cowan-state,T100000_rho1p78636em13,0.10209018501608844,7.75297733663741e-21,0.10209018501608844,1.1057293202341343e-21,ok,/home/elads/STAR/full_grid_solar_opacity/runs/T100000_rho1p78636em13/fac-opacity-cowan-state/starout.h5
100000.0,2.567135656310987e-13,fac-opacity-cowan-state,T100000_rho2p56714em13,0.10209018501608838,1.1141632892979662e-20,0.10209018501608835,1.5890192380528548e-21,ok,/home/elads/STAR/full_grid_solar_opacity/runs/T100000_rho2p56714em13/fac-opacity-cowan-state/starout.h5
100000.0,3.6891739544382357e-13,fac-opacity-cowan-state,T100000_rho3p68917em13,0.10209018501608522,1.601139510148729e-20,0.10209018501608522,2.2835445245356893e-21,ok,/home/elads/STAR/full_grid_solar_opacity/runs/T100000_rho3p68917em13/fac-opacity-cowan-state/starout.h5
100000.0,5.301630411562758e-13,fac-opacity-cowan-state,T100000_rho5p30163em13,0.10209018501608834,2.30096231593294e-20,0.10209018501608834,3.281631520051422e-21,ok,/home/elads/STAR/full_grid_solar_opacity/runs/T100000_rho5p30163em13/fac-opacity-cowan-state/starout.h5
100000.0,7.618855973704612e-13,fac-opacity-cowan-state,T100000_rho7p61886em13,0.10209018501608788,3.306662251766611e-20,0.10209018501608788,4.715960340251608e-21,ok,/home/elads/STAR/full_grid_solar_opacity/runs/T100000_rho7p61886em13/fac-opacity-cowan-state/starout.h5
100000.0,1.0948889651276868e-12,fac-opacity-cowan-state,T100000_rho1p09489em12,0.10209018501608844,4.751931490962559e-20,0.10209018501608844,6.777202695390501e-21,ok,/home/elads/STAR/full_grid_solar_opacity/runs/T100000_rho1p09489em12/fac-opacity-cowan-state/starout.h5
100000.0,1.5734407502856082e-12,fac-opacity-cowan-state,T100000_rho1p57344em12,0.10209018501608833,6.828896097069468e-20,0.10209018501608833,9.739368714027118e-21,ok,/home/elads/STAR/full_grid_solar_opacity/runs/T100000_rho1p57344em12/fac-opacity-cowan-state/starout.h5
100000.0,2.26115695153675e-12,fac-opacity-cowan-state,T100000_rho2p26116em12,0.1020901850160878,9.813656224250181e-20,0.1020901850160878,1.3996232316333933e-20,ok,/home/elads/STAR/full_grid_solar_opacity/runs/T100000_rho2p26116em12/fac-opacity-cowan-state/starout.h5
100000.0,3.249458715591849e-12,fac-opacity-cowan-state,T100000_rho3p24946em12,0.10209018501608802,1.4102989410696832e-19,0.10209018501608802,2.011367741711249e-20,ok,/home/elads/STAR/full_grid_solar_opacity/runs/T100000_rho3p24946em12/fac-opacity-cowan-state/starout.h5
100000.0,4.669725353279713e-12,fac-opacity-cowan-state,T100000_rho4p66973em12,0.10209018501608733,2.0267096012656252e-19,0.10209018501608733,2.8904923494721505e-20,ok,/home/elads/STAR/full_grid_solar_opacity/runs/T100000_rho4p66973em12/fac-opacity-cowan-state/starout.h5
100000.0,6.710759170575148e-12,fac-opacity-cowan-state,T100000_rho6p71076em12,0.10209018501608788,2.912539860894799e-19,0.10209018501608788,4.153863064586512e-20,ok,/home/elads/STAR/full_grid_solar_opacity/runs/T100000_rho6p71076em12/fac-opacity-cowan-state/starout.h5
100000.0,9.64388379154446e-12,fac-opacity-cowan-state,T100000_rho9p64388em12,0.10209018501608688,4.1855471888650114e-19,0.10209018501608688,5.969425520841775e-20,ok,/home/elads/STAR/full_grid_solar_opacity/runs/T100000_rho9p64388em12/fac-opacity-cowan-state/starout.h5
100000.0,1.3859012403933867e-11,fac-opacity-cowan-state,T100000_rho1p3859em11,0.10209018501608633,6.014958229481656e-19,0.10209018501608633,8.578530675820401e-20,ok,/home/elads/STAR/full_grid_solar_opacity/runs/T100000_rho1p3859em11/fac-opacity-cowan-state/starout.h5
100000.0,1.9916480638308542e-11,fac-opacity-cowan-state,T100000_rho1p99165em11,0.1020901850160865,8.643964975410672e-19,0.1020901850160865,1.232801882501532e-19,ok,/home/elads/STAR/full_grid_solar_opacity/runs/T100000_rho1p99165em11/fac-opacity-cowan-state/starout.h5
100000.0,2.8621534453892672e-11,fac-opacity-cowan-state,T100000_rho2p86215em11,0.10209018501608529,1.2422053247412818e-18,0.10209018501608529,1.7716326434510424e-19,ok,/home/elads/STAR/full_grid_solar_opacity/runs/T100000_rho2p86215em11/fac-opacity-cowan-state/starout.h5
100000.0,4.1131375034185614e-11,fac-opacity-cowan-state,T100000_rho4p11314em11,0.1020901850160839,1.7851461113756356e-18,0.1020901850160839,2.545974526215885e-19,ok,/home/elads/STAR/full_grid_solar_opacity/runs/T100000_rho4p11314em11/fac-opacity-cowan-state/starout.h5
100000.0,5.910899064227969e-11,fac-opacity-cowan-state,T100000_rho5p9109em11,0.10209018501608184,2.565394318655069e-18,0.10209018501608182,3.658764142897034e-19,ok,/home/elads/STAR/full_grid_solar_opacity/runs/T100000_rho5p9109em11/fac-opacity-cowan-state/starout.h5
100000.0,8.4944224982638e-11,fac-opacity-cowan-state,T100000_rho8p49442em11,0.10209018501607962,3.686671599452673e-18,0.10209018501607962,5.25792926757312e-19,ok,/home/elads/STAR/full_grid_solar_opacity/runs/T100000_rho8p49442em11/fac-opacity-cowan-state/starout.h5
100000.0,1.2207146966133182e-10,fac-opacity-cowan-state,T100000_rho1p22071em10,0.10209018501607599,5.298034057932303e-18,0.10209018501607599,7.556053711531237e-19,ok,/home/elads/STAR/full_grid_solar_opacity/runs/T100000_rho1p22071em10/fac-opacity-cowan-state/starout.h5
100000.0,1.7542621300415897e-10,fac-opacity-cowan-state,T100000_rho1p75426em10,0.10209018501607028,7.613687128495658e-18,0.10209018501607031,1.0858637169046932e-18,ok,/home/elads/STAR/full_grid_solar_opacity/runs/T100000_rho1p75426em10/fac-opacity-cowan-state/starout.h5
100000.0,2.52101136279913e-10,fac-opacity-cowan-state,T100000_rho2p52101em10,0.1020901850160625,1.0941461712714575e-17,0.1020901850160625,1.5604707865532482e-18,ok,/home/elads/STAR/full_grid_solar_opacity/runs/T100000_rho2p52101em10/fac-opacity-cowan-state/starout.h5
100000.0,3.6228897509242966e-10,fac-opacity-cowan-state,T100000_rho3p62289em10,0.10209018501605104,1.572373696300193e-17,0.10209018501605104,2.242518633045161e-18,ok,/home/elads/STAR/full_grid_solar_opacity/runs/T100000_rho3p62289em10/fac-opacity-cowan-state/starout.h5
100000.0,5.20637484663258e-10,fac-opacity-cowan-state,T100000_rho5p20637em10,0.10209018501603523,2.259625084458581e-17,0.10209018501603523,3.222676043524666e-18,ok,/home/elads/STAR/full_grid_solar_opacity/runs/T100000_rho5p20637em10/fac-opacity-cowan-state/starout.h5
100000.0,7.481966305138837e-10,fac-opacity-cowan-state,T100000_rho7p48197em10,0.10209018501601282,3.247261436805369e-17,0.1020901850160128,4.6312418973433256e-18,ok,/home/elads/STAR/full_grid_solar_opacity/runs/T100000_rho7p48197em10/fac-opacity-cowan-state/starout.h5
100000.0,1.0752168531898921e-09,fac-opacity-cowan-state,T100000_rho1p07522em09,0.10209018501598004,4.666574469507043e-17,0.10209018501598004,6.655464130968664e-18,ok,/home/elads/STAR/full_grid_solar_opacity/runs/T100000_rho1p07522em09/fac-opacity-cowan-state/starout.h5
100000.0,1.5451703926941453e-09,fac-opacity-cowan-state,T100000_rho1p54517em09,0.1020901850159332,6.706234130141136e-17,0.1020901850159332,9.564424197070716e-18,ok,/home/elads/STAR/full_grid_solar_opacity/runs/T100000_rho1p54517em09/fac-opacity-cowan-state/starout.h5
100000.0,2.220530245015531e-09,fac-opacity-cowan-state,T100000_rho2p22053em09,0.1020901850158672,9.637370248627258e-17,0.10209018501586721,1.3744808380092132e-17,ok,/home/elads/STAR/full_grid_solar_opacity/runs/T100000_rho2p22053em09/fac-opacity-cowan-state/starout.h5
100000.0,3.1910749729235452e-09,fac-opacity-cowan-state,T100000_rho3p19107em09,0.1020901850157731,1.384962734160054e-16,0.10209018501577315,1.9752327529777404e-17,ok,/home/elads/STAR/full_grid_solar_opacity/runs/T100000_rho3p19107em09/fac-opacity-cowan-state/starout.h5
100000.0,4.585823366142813e-09,fac-opacity-cowan-state,T100000_rho4p58582em09,0.10209018501564077,1.9902962706968875e-16,0.10209018501564077,2.838559133750999e-17,ok,/home/elads/STAR/full_grid_solar_opacity/runs/T100000_rho4p58582em09/fac-opacity-cowan-state/starout.h5
100000.0,6.590185477903269e-09,fac-opacity-cowan-state,T100000_rho6p59019em09,0.10209018501543586,2.8602086835805353e-16,0.10209018501543587,4.0792274859249585e-17,ok,/home/elads/STAR/full_grid_solar_opacity/runs/T100000_rho6p59019em09/fac-opacity-cowan-state/starout.h5
100000.0,9.470610000772238e-09,fac-opacity-cowan-state,T100000_rho9p47061em09,0.10209018501517718,4.110339345041841e-16,0.10209018501517719,5.862162564795734e-17,ok,/home/elads/STAR/full_grid_solar_opacity/runs/T100000_rho9p47061em09/fac-opacity-cowan-state/starout.h5
100000.0,1.3610004466105506e-08,fac-opacity-cowan-state,T100000_rho1p361em08,0.10209018501477285,5.9068679489394e-16,0.1020901850147729,8.424369852401735e-17,ok,/home/elads/STAR/full_grid_solar_opacity/runs/T100000_rho1p361em08/fac-opacity-cowan-state/starout.h5
100000.0,1.9558636830395073e-08,fac-opacity-cowan-state,T100000_rho1p95586em08,0.10209018501429701,8.48861333141293e-16,0.1020901850142971,1.2106452175851425e-16,ok,/home/elads/STAR/full_grid_solar_opacity/runs/T100000_rho1p95586em08/fac-opacity-cowan-state/starout.h5
100000.0,2.810728502080722e-08,fac-opacity-cowan-state,T100000_rho2p81073em08,0.1020901850136731,1.2198788318220859e-15,0.10209018501367322,1.7397897618240148e-16,ok,/home/elads/STAR/full_grid_solar_opacity/runs/T100000_rho2p81073em08/fac-opacity-cowan-state/starout.h5
100000.0,4.039235853150913e-08,fac-opacity-cowan-state,T100000_rho4p03924em08,0.08336029782189859,1.7513876928566961e-15,0.0833602978218987,2.499432199979981e-16,ok,/home/elads/STAR/full_grid_solar_opacity/runs/T100000_rho4p03924em08/fac-opacity-cowan-state/starout.h5
100000.0,5.804696634805446e-08,fac-opacity-cowan-state,T100000_rho5p8047em08,0.08336029782107005,2.516776848306117e-15,0.08336029782107021,3.5918321842343783e-16,ok,/home/elads/STAR/full_grid_solar_opacity/runs/T100000_rho5p8047em08/fac-opacity-cowan-state/starout.h5
100000.0,8.341801332506338e-08,fac-opacity-cowan-state,T100000_rho8p3418em08,0.08336029782000273,3.617835614398922e-15,0.083360297820003,5.162190154866838e-16,ok,/home/elads/STAR/full_grid_solar_opacity/runs/T100000_rho8p3418em08/fac-opacity-cowan-state/starout.h5
100000.0,1.1987818459583772e-07,fac-opacity-cowan-state,T100000_rho1p19878em07,0.08336029781870058,5.2010007147343524e-15,0.08336029781870097,7.419355493344204e-16,ok,/home/elads/STAR/full_grid_solar_opacity/runs/T100000_rho1p19878em07/fac-opacity-cowan-state/starout.h5
100000.0,1.7227429147699408e-07,fac-opacity-cowan-state,T100000_rho1p72274em07,0.08336029781709815,7.48688909788267e-15,0.08336029781709868,1.0668036609302313e-15,ok,/home/elads/STAR/full_grid_solar_opacity/runs/T100000_rho1p72274em07/fac-opacity-cowan-state/starout.h5
100000.0,2.4757157946593376e-07,fac-opacity-cowan-state,T100000_rho2p47572em07,0.08336029781515462,1.074062923260922e-14,0.08336029781515542,1.5322106700472456e-15,ok,/home/elads/STAR/full_grid_solar_opacity/runs/T100000_rho2p47572em07/fac-opacity-cowan-state/starout.h5
100000.0,3.557796490339488e-07,fac-opacity-cowan-state,T100000_rho3p5578em07,0.08336029781283325,1.5448318847516127e-14,0.08336029781283431,2.202515867627626e-15,ok,/home/elads/STAR/full_grid_solar_opacity/runs/T100000_rho3p5578em07/fac-opacity-cowan-state/starout.h5
100000.0,5.112830759482948e-07,fac-opacity-cowan-state,T100000_rho5p11283em07,0.08336029781001746,2.219314319649748e-14,0.08336029781001908,3.1648465442571024e-15,ok,/home/elads/STAR/full_grid_solar_opacity/runs/T100000_rho5p11283em07/fac-opacity-cowan-state/starout.h5
100000.0,7.347536163492159e-07,fac-opacity-cowan-state,T100000_rho7p34754em07,0.08336029780661845,3.189391752993233e-14,0.08336029780662077,4.548153021898287e-15,ok,/home/elads/STAR/full_grid_solar_opacity/runs/T100000_rho7p34754em07/fac-opacity-cowan-state/starout.h5
100000.0,1.0558981944335787e-06,fac-opacity-cowan-state,T100000_rho1p0559em06,0.08336029780252065,4.58258158888695e-14,0.08336029780252391,6.535680423068536e-15,ok,/home/elads/STAR/full_grid_solar_opacity/runs/T100000_rho1p0559em06/fac-opacity-cowan-state/starout.h5
100000.0,1.517407974863493e-06,fac-opacity-cowan-state,T100000_rho1p51741em06,0.08336029779762802,6.585970105096784e-14,0.08336029779763268,9.392517604941366e-15,ok,/home/elads/STAR/full_grid_solar_opacity/runs/T100000_rho1p51741em06/fac-opacity-cowan-state/starout.h5
100000.0,2.1806334875063253e-06,fac-opacity-cowan-state,T100000_rho2p18063em06,0.08336029779179763,9.46386403360467e-14,0.08336029779180441,1.3497527811633756e-14,ok,/home/elads/STAR/full_grid_solar_opacity/runs/T100000_rho2p18063em06/fac-opacity-cowan-state/starout.h5
100000.0,3.1337402238588983e-06,fac-opacity-cowan-state,T100000_rho3p13374em06,0.08336029778486997,1.3600809328169249e-13,0.08336029778487986,1.9397057875383716e-14,ok,/home/elads/STAR/full_grid_solar_opacity/runs/T100000_rho3p13374em06/fac-opacity-cowan-state/starout.h5
100000.0,4.503428864545845e-06,fac-opacity-cowan-state,T100000_rho4p50343em06,0.08336029777654617,1.9544290691114408e-13,0.08336029777656019,2.7874528236155317e-14,ok,/home/elads/STAR/full_grid_solar_opacity/runs/T100000_rho4p50343em06/fac-opacity-cowan-state/starout.h5
100000.0,6.471778159406801e-06,fac-opacity-cowan-state,T100000_rho6p47178em06,0.08336029776670044,2.808797805808587e-13,0.08336029776672049,4.005806884651518e-14,ok,/home/elads/STAR/full_grid_solar_opacity/runs/T100000_rho6p47178em06/fac-opacity-cowan-state/starout.h5
100000.0,9.300449458481393e-06,fac-opacity-cowan-state,T100000_rho9p30045em06,0.08336029775474932,4.0364115214536385e-13,0.08336029775477835,5.756662824074903e-14,ok,/home/elads/STAR/full_grid_solar_opacity/runs/T100000_rho9p30045em06/fac-opacity-cowan-state/starout.h5
100000.0,1.3365470508911143e-05,fac-opacity-cowan-state,T100000_rho1p33655em05,0.08336029774136729,5.800652658265749e-13,0.08336029774140913,8.272725025202295e-14,ok,/home/elads/STAR/full_grid_solar_opacity/runs/T100000_rho1p33655em05/fac-opacity-cowan-state/starout.h5
100000.0,1.920722248123928e-05,fac-opacity-cowan-state,T100000_rho1p92072em05,0.0833602977243361,8.33594530359264e-13,0.0833602977243964,1.1888449868529256e-13,ok,/home/elads/STAR/full_grid_solar_opacity/runs/T100000_rho1p92072em05/fac-opacity-cowan-state/starout.h5
100000.0,2.760227522090268e-05,fac-opacity-cowan-state,T100000_rho2p76023em05,0.08336029770580403,1.1979391365773917e-12,0.08336029770589093,1.708450506348782e-13,ok,/home/elads/STAR/full_grid_solar_opacity/runs/T100000_rho2p76023em05/fac-opacity-cowan-state/starout.h5
100000.0,3.966662010161191e-05,fac-opacity-cowan-state,T100000_rho3p96666em05,0.08336029768145367,1.7215316700654841e-12,0.08336029768157817,2.4551710293170595e-13,ok,/home/elads/STAR/full_grid_solar_opacity/runs/T100000_rho3p96666em05/fac-opacity-cowan-state/starout.h5
100000.0,5.7004023678963655e-05,fac-opacity-cowan-state,T100000_rho5p7004em05,0.08336029765266993,2.4739854035258067e-12,0.08336029765284883,3.528252543841135e-13,ok,/home/elads/STAR/full_grid_solar_opacity/runs/T100000_rho5p7004em05/fac-opacity-cowan-state/starout.h5
100000.0,8.191922344953684e-05,fac-opacity-cowan-state,T100000_rho8p19192em05,0.0833602973202649,3.555344086332105e-12,0.08336029732052211,5.070390175643756e-13,ok,/home/elads/STAR/full_grid_solar_opacity/runs/T100000_rho8p19192em05/fac-opacity-cowan-state/starout.h5
100000.0,0.00011772430676769293,fac-opacity-cowan-state,T100000_rho0p000117724,0.08336029816662041,5.10921129790867e-12,0.08336029816698934,7.286366415933702e-13,ok,/home/elads/STAR/full_grid_solar_opacity/runs/T100000_rho0p000117724/fac-opacity-cowan-state/starout.h5
100000.0,0.00016917900122028344,fac-opacity-cowan-state,T100000_rho0p000169179,0.08336029729289594,7.342328593592396e-12,0.08336029729342662,1.0470965287653329e-12,ok,/home/elads/STAR/full_grid_solar_opacity/runs/T100000_rho0p000169179/fac-opacity-cowan-state/starout.h5
100000.0,0.0002431234061999784,fac-opacity-cowan-state,T100000_rho0p000243123,0.08336029824640144,1.0551488030045179e-11,0.08336029824716434,1.5047407013223842e-12,ok,/home/elads/STAR/full_grid_solar_opacity/runs/T100000_rho0p000243123/fac-opacity-cowan-state/starout.h5
100000.0,0.0003493872774749123,fac-opacity-cowan-state,T100000_rho0p000349387,0.08336029617629581,1.516331487295359e-11,0.08336029617739153,2.162398499836848e-12,ok,/home/elads/STAR/full_grid_solar_opacity/runs/T100000_rho0p000349387/fac-opacity-cowan-state/starout.h5
100000.0,0.0005020967399614471,fac-opacity-cowan-state,T100000_rho0p000502097,0.08336029805529686,2.179084582615891e-11,0.0833602980568714,3.107490530338463e-12,ok,/home/elads/STAR/full_grid_solar_opacity/runs/T100000_rho0p000502097/fac-opacity-cowan-state/starout.h5
100000.0,0.0007215521357901021,fac-opacity-cowan-state,T100000_rho0p000721552,0.08336029765994815,3.143121197790909e-11,0.08336029766222393,4.488634538980725e-12,ok,/home/elads/STAR/full_grid_solar_opacity/runs/T100000_rho0p000721552/fac-opacity-cowan-state/starout.h5
100000.0,0.0010369266382873438,fac-opacity-cowan-state,T100000_rho0p00103693,0.08336029572904367,4.500265058578504e-11,0.0833602957322942,6.417372395322437e-12,ok,/home/elads/STAR/full_grid_solar_opacity/runs/T100000_rho0p00103693/fac-opacity-cowan-state/starout.h5
100000.0,0.0014901443705277455,fac-opacity-cowan-state,T100000_rho0p00149014,0.08336029808156885,6.492593037734986e-11,0.08336029808627125,9.272617508425601e-12,ok,/home/elads/STAR/full_grid_solar_opacity/runs/T100000_rho0p00149014/fac-opacity-cowan-state/starout.h5
100000.0,0.002141453563853953,fac-opacity-cowan-state,T100000_rho0p00214145,0.08336029502264533,9.330530517698569e-11,0.08336029502940395,1.3325567800396752e-11,ok,/home/elads/STAR/full_grid_solar_opacity/runs/T100000_rho0p00214145/fac-opacity-cowan-state/starout.h5
100000.0,0.003077435620898055,fac-opacity-cowan-state,T100000_rho0p00307744,0.08336029463692542,1.3405265747797062e-10,0.08336029464663414,1.914253738195719e-11,ok,/home/elads/STAR/full_grid_solar_opacity/runs/T100000_rho0p00307744/fac-opacity-cowan-state/starout.h5
100000.0,0.004422514763163053,fac-opacity-cowan-state,T100000_rho0p00442251,0.0833602974418276,1.9264606437220864e-10,0.08336029745577936,2.7508958415286324e-11,ok,/home/elads/STAR/full_grid_solar_opacity/runs/T100000_rho0p00442251/fac-opacity-cowan-state/starout.h5
100000.0,0.006355498291362301,fac-opacity-cowan-state,T100000_rho0p0063555,0.08336029732866018,2.7680790018709e-10,0.08336029734870436,3.9523296926960895e-11,ok,/home/elads/STAR/full_grid_solar_opacity/runs/T100000_rho0p0063555/fac-opacity-cowan-state/starout.h5
100000.0,0.009133346228248624,fac-opacity-cowan-state,T100000_rho0p00913335,0.08336029726189123,3.977522608777249e-10,0.08336029729068932,5.6787366248988735e-11,ok,/home/elads/STAR/full_grid_solar_opacity/runs/T100000_rho0p00913335/fac-opacity-cowan-state/starout.h5
100000.0,0.01312533014735226,fac-opacity-cowan-state,T100000_rho0p0131253,0.08336029298080956,5.715570356810543e-10,0.0833602930221922,8.15952936902046e-11,ok,/home/elads/STAR/full_grid_solar_opacity/runs/T100000_rho0p0131253/fac-opacity-cowan-state/starout.h5
100000.0,0.018862122071335155,fac-opacity-cowan-state,T100000_rho0p0188621,0.08336029345867502,8.211846018419584e-10,0.0833602935181214,1.1721445752482357e-10,ok,/home/elads/STAR/full_grid_solar_opacity/runs/T100000_rho0p0188621/fac-opacity-cowan-state/starout.h5
100000.0,0.02710633904364831,fac-opacity-cowan-state,T100000_rho0p0271063,0.08336029351888818,1.1800362567901532e-09,0.08336029360430798,1.6842053342205595e-10,ok,/home/elads/STAR/full_grid_solar_opacity/runs/T100000_rho0p0271063/fac-opacity-cowan-state/starout.h5
100000.0,0.038953921174427183,fac-opacity-cowan-state,T100000_rho0p0389539,0.08336029362813842,1.6954546316299486e-09,0.083360293750849,2.419428336298674e-10,ok,/home/elads/STAR/full_grid_solar_opacity/runs/T100000_rho0p0389539/fac-opacity-cowan-state/starout.h5
100000.0,0.0559798197912329,fac-opacity-cowan-state,T100000_rho0p0559798,0.0833602939479351,2.435974209349235e-09,0.08336029412421628,3.4755054295147657e-10,ok,/home/elads/STAR/full_grid_solar_opacity/runs/T100000_rho0p0559798/fac-opacity-cowan-state/starout.h5
100000.0,0.08044736266284185,fac-opacity-cowan-state,T100000_rho0p0804474,0.08336029510622552,3.499736555023786e-09,0.08336029535943358,4.992089399432862e-10,ok,/home/elads/STAR/full_grid_solar_opacity/runs/T100000_rho0p0804474/fac-opacity-cowan-state/starout.h5
100000.0,0.11560912813835741,fac-opacity-cowan-state,T100000_rho0p115609,0.08336029539795328,5.028213682182678e-09,0.08336029576167905,7.170661823191288e-10,ok,/home/elads/STAR/full_grid_solar_opacity/runs/T100000_rho0p115609/fac-opacity-cowan-state/starout.h5
100000.0,0.1661393247274789,fac-opacity-cowan-state,T100000_rho0p166139,0.0833602960877564,7.224027109978747e-09,0.0833602966102054,1.0299273684700158e-09,ok,/home/elads/STAR/full_grid_solar_opacity/runs/T100000_rho0p166139/fac-opacity-cowan-state/starout.h5
100000.0,0.23875515424585794,fac-opacity-cowan-state,T100000_rho0p238755,0.0833602973731324,1.0378474837129224e-08,0.08336029812352509,1.4791936073063119e-09,ok,/home/elads/STAR/full_grid_solar_opacity/runs/T100000_rho0p238755/fac-opacity-cowan-state/starout.h5
100000.0,0.34310975906798746,fac-opacity-cowan-state,T100000_rho0p34311,0.08336029594412522,1.491044239840208e-08,0.08336029702190993,2.1243790000921998e-09,ok,/home/elads/STAR/full_grid_solar_opacity/runs/T100000_rho0p34311/fac-opacity-cowan-state/starout.h5
100000.0,0.49307545690287347,fac-opacity-cowan-state,T100000_rho0p493075,0.08336029644991735,2.142162771264145e-08,0.08336029799793349,3.0509119684331864e-09,ok,/home/elads/STAR/full_grid_solar_opacity/runs/T100000_rho0p493075/fac-opacity-cowan-state/starout.h5
100000.0,0.7085878491488851,fac-opacity-cowan-state,T100000_rho0p708588,0.08336029680480851,3.077695527086229e-08,0.08336029902827327,4.381523571268493e-09,ok,/home/elads/STAR/full_grid_solar_opacity/runs/T100000_rho0p708588/fac-opacity-cowan-state/starout.h5
100000.0,1.0182959482819007,fac-opacity-cowan-state,T100000_rho1p0183,0.08336029724690563,4.421951898111466e-08,0.08336030044067333,6.292480731147676e-09,ok,/home/elads/STAR/full_grid_solar_opacity/runs/T100000_rho1p0183/fac-opacity-cowan-state/starout.h5
100000.0,1.4633706173946401,fac-opacity-cowan-state,T100000_rho1p46337,0.08336029757584121,6.353583677596648e-08,0.08336030216355693,9.036892906084817e-09,ok,/home/elads/STAR/full_grid_solar_opacity/runs/T100000_rho1p46337/fac-opacity-cowan-state/starout.h5
100000.0,2.1029775945461404,fac-opacity-cowan-state,T100000_rho2p10298,0.08336029786915868,9.129336301772864e-08,0.08336030445949262,1.2978147334240256e-08,ok,/home/elads/STAR/full_grid_solar_opacity/runs/T100000_rho2p10298/fac-opacity-cowan-state/starout.h5
100000.0,3.0221426551783854,fac-opacity-cowan-state,T100000_rho3p02214,0.08336029773941953,1.311815957375096e-07,0.08336030720683364,1.863784305829206e-08,ok,/home/elads/STAR/full_grid_solar_opacity/runs/T100000_rho3p02214/fac-opacity-cowan-state/starout.h5
100000.0,4.343054463316713,fac-opacity-cowan-state,T100000_rho4p34305,0.08336029718273893,1.885025666707465e-07,0.08336031078348029,2.6764548575158502e-08,ok,/home/elads/STAR/full_grid_solar_opacity/runs/T100000_rho4p34305/fac-opacity-cowan-state/starout.h5
100000.0,6.241307649397467,fac-opacity-cowan-state,T100000_rho6p24131,0.08336029587772845,2.7087539567058315e-07,0.08336031541640292,3.8432343290984785e-08,ok,/home/elads/STAR/full_grid_solar_opacity/runs/T100000_rho6p24131/fac-opacity-cowan-state/starout.h5
100000.0,8.969245378672715,fac-opacity-cowan-state,T100000_rho8p96925,0.08336029331102178,3.892488122991318e-07,0.08336032137979389,5.518201718680842e-08,ok,/home/elads/STAR/full_grid_solar_opacity/runs/T100000_rho8p96925/fac-opacity-cowan-state/starout.h5
100000.0,12.889504440725364,fac-opacity-cowan-state,T100000_rho12p8895,0.08336028932438702,5.593556087865327e-07,0.08336032964632686,7.922317634540246e-08,ok,/home/elads/STAR/full_grid_solar_opacity/runs/T100000_rho12p8895/fac-opacity-cowan-state/starout.h5
100000.0,18.52322215674118,fac-opacity-cowan-state,T100000_rho18p5232,0.08336028318786204,8.038036255318456e-07,0.08336034111000735,1.1372388778196282e-07,ok,/home/elads/STAR/full_grid_solar_opacity/runs/T100000_rho18p5232/fac-opacity-cowan-state/starout.h5
100000.0,26.61931346126126,fac-opacity-cowan-state,T100000_rho26p6193,0.08336027324789766,1.155077913593847e-06,0.08336035644879097,1.6322455950168165e-07,ok,/home/elads/STAR/full_grid_solar_opacity/runs/T100000_rho26p6193/fac-opacity-cowan-state/starout.h5
100000.0,38.254027466328665,fac-opacity-cowan-state,T100000_rho38p254,0.08336026317809954,1.6598542965309857e-06,0.08336038268312207,2.3422982271882063e-07,ok,/home/elads/STAR/full_grid_solar_opacity/runs/T100000_rho38p254/fac-opacity-cowan-state/starout.h5
100000.0,54.97401800103719,fac-opacity-cowan-state,T100000_rho54p974,0.08336023884565154,2.38519380201392e-06,0.08336041048369668,3.3605393405309544e-07,ok,/home/elads/STAR/full_grid_solar_opacity/runs/T100000_rho54p974/fac-opacity-cowan-state/starout.h5
100000.0,79.0019471240894,fac-opacity-cowan-state,T100000_rho79p0019,0.08336022622046596,3.427443452447077e-06,0.08336047271350551,4.820278341025967e-07,ok,/home/elads/STAR/full_grid_solar_opacity/runs/T100000_rho79p0019/fac-opacity-cowan-state/starout.h5
100000.0,113.53195339077567,fac-opacity-cowan-state,T100000_rho113p532,0.08336018175833083,4.9249971222711384e-06,0.0833605357165647,6.912174856603266e-07,ok,/home/elads/STAR/full_grid_solar_opacity/runs/T100000_rho113p532/fac-opacity-cowan-state/starout.h5
100000.0,163.15426277379785,fac-opacity-cowan-state,T100000_rho163p154,0.08336011905952014,7.076632178852248e-06,0.08336062727493566,9.908733202358982e-07,ok,/home/elads/STAR/full_grid_solar_opacity/runs/T100000_rho163p154/fac-opacity-cowan-state/starout.h5
100000.0,234.46538763970608,fac-opacity-cowan-state,T100000_rho234p465,0.08336002964276427,1.0167784577780513e-05,0.08336075923870898,1.4199081867839718e-06,ok,/home/elads/STAR/full_grid_solar_opacity/runs/T100000_rho234p465/fac-opacity-cowan-state/starout.h5
100000.0,336.94503022121665,fac-opacity-cowan-state,T100000_rho336p945,0.08335989807640432,1.4608211194890382e-05,0.08336094531072703,2.0338315251390314e-06,ok,/home/elads/STAR/full_grid_solar_opacity/runs/T100000_rho336p945/fac-opacity-cowan-state/starout.h5
100000.0,484.21626123015125,fac-opacity-cowan-state,T100000_rho484p216,0.08335971616323835,2.0985909593291326e-05,0.08336121902034993,2.9117319371370166e-06,ok,/home/elads/STAR/full_grid_solar_opacity/runs/T100000_rho484p216/fac-opacity-cowan-state/starout.h5
100000.0,695.8564947100452,fac-opacity-cowan-state,T100000_rho695p856,0.08335942773001188,3.0144147824857096e-05,0.08336158391040431,4.166121667295656e-06,ok,/home/elads/STAR/full_grid_solar_opacity/runs/T100000_rho695p856/fac-opacity-cowan-state/starout.h5
100000.0,1000.0,fac-opacity-cowan-state,T100000_rho1000,0.08335904733604652,4.3291424000197036e-05,0.0833621399326652,5.956788704398384e-06,ok,/home/elads/STAR/full_grid_solar_opacity/runs/T100000_rho1000/fac-opacity-cowan-state/starout.h5
