temp_eV,rho_gcc,mode,label,kross_scattering,kplanck,krosseland,krosseland_absorption,status,h5_path
74.0406930047493,1e-17,fac-opacity-cowan-state,T74p0407_rho1em17,0.34082238672455933,6.828605629187562e-05,0.34082582497986835,3.4244441689700826e-06,ok,/home/elads/STAR/full_grid_solar_opacity/runs/T74p0407_rho1em17/fac-opacity-cowan-state/starout.h5
74.0406930047493,1.4370779141993746e-17,fac-opacity-cowan-state,T74p0407_rho1p43708em17,0.3408223867302057,6.8286056077359e-05,0.34082582498552716,3.4244441814607595e-06,ok,/home/elads/STAR/full_grid_solar_opacity/runs/T74p0407_rho1p43708em17/fac-opacity-cowan-state/starout.h5
74.0406930047493,2.065192931479625e-17,fac-opacity-cowan-state,T74p0407_rho2p06519em17,0.3408223867355536,6.828605634953844e-05,0.340825824986057,3.4244393970711028e-06,ok,/home/elads/STAR/full_grid_solar_opacity/runs/T74p0407_rho2p06519em17/fac-opacity-cowan-state/starout.h5
74.0406930047493,2.9678431503900313e-17,fac-opacity-cowan-state,T74p0407_rho2p96784em17,0.34082236999402316,6.82860563434831e-05,0.3408258082446091,3.424439480264167e-06,ok,/home/elads/STAR/full_grid_solar_opacity/runs/T74p0407_rho2p96784em17/fac-opacity-cowan-state/starout.h5
74.0406930047493,4.2650218442334076e-17,fac-opacity-cowan-state,T74p0407_rho4p26502em17,0.34082238675033877,6.828605653865049e-05,0.3408258250064927,3.4244450150890318e-06,ok,/home/elads/STAR/full_grid_solar_opacity/runs/T74p0407_rho4p26502em17/fac-opacity-cowan-state/starout.h5
74.0406930047493,6.129168695925715e-17,fac-opacity-cowan-state,T74p0407_rho6p12917em17,0.3408223867596593,6.82860568192729e-05,0.34082582501040837,3.4244396406126865e-06,ok,/home/elads/STAR/full_grid_solar_opacity/runs/T74p0407_rho6p12917em17/fac-opacity-cowan-state/starout.h5
74.0406930047493,8.808092965317026e-17,fac-opacity-cowan-state,T74p0407_rho8p80809em17,0.34082238676793436,6.828605703000845e-05,0.34082582502859216,3.4244494881556602e-06,ok,/home/elads/STAR/full_grid_solar_opacity/runs/T74p0407_rho8p80809em17/fac-opacity-cowan-state/starout.h5
74.0406930047493,1.2657915866672028e-16,fac-opacity-cowan-state,T74p0407_rho1p26579em16,0.3408223867769354,6.828605737839292e-05,0.34082582502770353,3.4244396615323966e-06,ok,/home/elads/STAR/full_grid_solar_opacity/runs/T74p0407_rho1p26579em16/fac-opacity-cowan-state/starout.h5
74.0406930047493,1.819041133178821e-16,fac-opacity-cowan-state,T74p0407_rho1p81904em16,0.34082238638264806,6.828605787150935e-05,0.34082582463352484,3.4244397690559905e-06,ok,/home/elads/STAR/full_grid_solar_opacity/runs/T74p0407_rho1p81904em16/fac-opacity-cowan-state/starout.h5
74.0406930047493,2.6141038375114865e-16,fac-opacity-cowan-state,T74p0407_rho2p6141em16,0.34082239505604756,6.828605846753972e-05,0.3408258333071842,3.4244400295043666e-06,ok,/home/elads/STAR/full_grid_solar_opacity/runs/T74p0407_rho2p6141em16/fac-opacity-cowan-state/starout.h5
74.0406930047493,3.7566708903116036e-16,fac-opacity-cowan-state,T74p0407_rho3p75667em16,0.34082219927570484,6.828700867166414e-05,0.3408256367562437,3.423674385615893e-06,ok,/home/elads/STAR/full_grid_solar_opacity/runs/T74p0407_rho3p75667em16/fac-opacity-cowan-state/starout.h5
74.0406930047493,5.398628767382507e-16,fac-opacity-cowan-state,T74p0407_rho5p39863em16,0.3408215412616469,6.8291921762726e-05,0.3408249803483246,3.4252686444483085e-06,ok,/home/elads/STAR/full_grid_solar_opacity/runs/T74p0407_rho5p39863em16/fac-opacity-cowan-state/starout.h5
74.0406930047493,7.758250168566793e-16,fac-opacity-cowan-state,T74p0407_rho7p75825em16,0.34082081466635056,7.577121841053211e-05,0.340823420061878,2.596018635332034e-06,ok,/home/elads/STAR/full_grid_solar_opacity/runs/T74p0407_rho7p75825em16/fac-opacity-cowan-state/starout.h5
74.0406930047493,1.1149209970080914e-15,fac-opacity-cowan-state,T74p0407_rho1p11492em15,0.34082018610875936,0.00010810831048683878,0.34082428323141906,4.0800247336237065e-06,ok,/home/elads/STAR/full_grid_solar_opacity/runs/T74p0407_rho1p11492em15/fac-opacity-cowan-state/starout.h5
74.0406930047493,1.6022283408774753e-15,fac-opacity-cowan-state,T74p0407_rho1p60223em15,0.3408194429304741,0.00015359844345103868,0.34082460526427427,5.143843482990206e-06,ok,/home/elads/STAR/full_grid_solar_opacity/runs/T74p0407_rho1p60223em15/fac-opacity-cowan-state/starout.h5
74.0406930047493,2.3025269621793266e-15,fac-opacity-cowan-state,T74p0407_rho2p30253em15,0.3408186803709275,0.00021662422863996894,0.34082811690730375,9.421598784938437e-06,ok,/home/elads/STAR/full_grid_solar_opacity/runs/T74p0407_rho2p30253em15/fac-opacity-cowan-state/starout.h5
74.0406930047493,3.308910644196489e-15,fac-opacity-cowan-state,T74p0407_rho3p30891em15,0.34081790301511766,0.00030290328674312055,0.34091261130592515,9.484060316147436e-05,ok,/home/elads/STAR/full_grid_solar_opacity/runs/T74p0407_rho3p30891em15/fac-opacity-cowan-state/starout.h5
74.0406930047493,4.755162406834019e-15,fac-opacity-cowan-state,T74p0407_rho4p75516em15,0.3408171117427401,0.0004182725729060954,0.34082823795434486,1.1108526434053325e-05,ok,/home/elads/STAR/full_grid_solar_opacity/runs/T74p0407_rho4p75516em15/fac-opacity-cowan-state/starout.h5
74.0406930047493,6.8335388732923106e-15,fac-opacity-cowan-state,T74p0407_rho6p83354em15,0.3408162893905491,0.0005691363410789836,0.3408316572708858,1.5352970248147072e-05,ok,/home/elads/STAR/full_grid_solar_opacity/runs/T74p0407_rho6p83354em15/fac-opacity-cowan-state/starout.h5
74.0406930047493,9.820327790631256e-15,fac-opacity-cowan-state,T74p0407_rho9p82033em15,0.3408154840126059,0.0007619303868571924,0.34082914215969745,1.3635541201026549e-05,ok,/home/elads/STAR/full_grid_solar_opacity/runs/T74p0407_rho9p82033em15/fac-opacity-cowan-state/starout.h5
74.0406930047493,1.4112576178114521e-14,fac-opacity-cowan-state,T74p0407_rho1p41126em14,0.34081466689367235,0.0010024705871736425,0.34084933961583314,3.467676797920968e-05,ok,/home/elads/STAR/full_grid_solar_opacity/runs/T74p0407_rho1p41126em14/fac-opacity-cowan-state/starout.h5
74.0406930047493,2.0280871538024598e-14,fac-opacity-cowan-state,T74p0407_rho2p02809em14,0.34081369459058786,0.001295001828218334,0.34084603989870177,3.233650389668088e-05,ok,/home/elads/STAR/full_grid_solar_opacity/runs/T74p0407_rho2p02809em14/fac-opacity-cowan-state/starout.h5
74.0406930047493,2.914519256800997e-14,fac-opacity-cowan-state,T74p0407_rho2p91452em14,0.34081284990190835,0.0016471977321176718,0.3408912239708232,7.842808513068728e-05,ok,/home/elads/STAR/full_grid_solar_opacity/runs/T74p0407_rho2p91452em14/fac-opacity-cowan-state/starout.h5
74.0406930047493,4.188391254457488e-14,fac-opacity-cowan-state,T74p0407_rho4p18839em14,0.34081191542130923,0.002072918859766404,0.3409542270297743,0.000142458340610222,ok,/home/elads/STAR/full_grid_solar_opacity/runs/T74p0407_rho4p18839em14/fac-opacity-cowan-state/starout.h5
74.0406930047493,6.019044567806669e-14,fac-opacity-cowan-state,T74p0407_rho6p01904em14,0.3408109114074863,0.0025883293249808234,0.3410525440553543,0.00024190979449036456,ok,/home/elads/STAR/full_grid_solar_opacity/runs/T74p0407_rho6p01904em14/fac-opacity-cowan-state/starout.h5
74.0406930047493,8.649836012976684e-14,fac-opacity-cowan-state,T74p0407_rho8p64984em14,0.340809982430572,0.0032190230266273896,0.3411512816195664,0.0003417125119794049,ok,/home/elads/STAR/full_grid_solar_opacity/runs/T74p0407_rho8p64984em14/fac-opacity-cowan-state/starout.h5
74.0406930047493,1.2430488295695167e-13,fac-opacity-cowan-state,T74p0407_rho1p24305em13,0.34080890673051845,0.003990836231017201,0.3410969466540269,0.0002883118381993118,ok,/home/elads/STAR/full_grid_solar_opacity/runs/T74p0407_rho1p24305em13/fac-opacity-cowan-state/starout.h5
74.0406930047493,1.7863580192457348e-13,fac-opacity-cowan-state,T74p0407_rho1p78636em13,0.3408078000614582,0.004948069016195192,0.3410806736314211,0.00027308580749001475,ok,/home/elads/STAR/full_grid_solar_opacity/runs/T74p0407_rho1p78636em13/fac-opacity-cowan-state/starout.h5
74.0406930047493,2.567135656310987e-13,fac-opacity-cowan-state,T74p0407_rho2p56714em13,0.3408066363877218,0.006130540622051726,0.34118959763244383,0.0003832979077797981,ok,/home/elads/STAR/full_grid_solar_opacity/runs/T74p0407_rho2p56714em13/fac-opacity-cowan-state/starout.h5
74.0406930047493,3.6891739544382357e-13,fac-opacity-cowan-state,T74p0407_rho3p68917em13,0.34080535045799437,0.0076046579862289005,0.3414810285461638,0.0006764489147746569,ok,/home/elads/STAR/full_grid_solar_opacity/runs/T74p0407_rho3p68917em13/fac-opacity-cowan-state/starout.h5
74.0406930047493,5.301630411562758e-13,fac-opacity-cowan-state,T74p0407_rho5p30163em13,0.340804332123003,0.009411135248042716,0.34201928482023397,0.001216508090252552,ok,/home/elads/STAR/full_grid_solar_opacity/runs/T74p0407_rho5p30163em13/fac-opacity-cowan-state/starout.h5
74.0406930047493,7.618855973704612e-13,fac-opacity-cowan-state,T74p0407_rho7p61886em13,0.34075637924994406,0.011626201572146715,0.341907817613759,0.0011527201341569023,ok,/home/elads/STAR/full_grid_solar_opacity/runs/T74p0407_rho7p61886em13/fac-opacity-cowan-state/starout.h5
74.0406930047493,1.0948889651276868e-12,fac-opacity-cowan-state,T74p0407_rho1p09489em12,0.3407546097209821,0.014326786420592768,0.34193555393563163,0.0011821847876998777,ok,/home/elads/STAR/full_grid_solar_opacity/runs/T74p0407_rho1p09489em12/fac-opacity-cowan-state/starout.h5
74.0406930047493,1.5734407502856082e-12,fac-opacity-cowan-state,T74p0407_rho1p57344em12,0.34075277428253137,0.01752896253462053,0.342260444572051,0.0015092806966349166,ok,/home/elads/STAR/full_grid_solar_opacity/runs/T74p0407_rho1p57344em12/fac-opacity-cowan-state/starout.h5
74.0406930047493,2.26115695153675e-12,fac-opacity-cowan-state,T74p0407_rho2p26116em12,0.3407507297788328,0.021186943625487325,0.3426421259686799,0.0018934961222954857,ok,/home/elads/STAR/full_grid_solar_opacity/runs/T74p0407_rho2p26116em12/fac-opacity-cowan-state/starout.h5
74.0406930047493,3.249458715591849e-12,fac-opacity-cowan-state,T74p0407_rho3p24946em12,0.3407487586519611,0.025372178523444498,0.342884220321303,0.002137658002138334,ok,/home/elads/STAR/full_grid_solar_opacity/runs/T74p0407_rho3p24946em12/fac-opacity-cowan-state/starout.h5
74.0406930047493,4.669725353279713e-12,fac-opacity-cowan-state,T74p0407_rho4p66973em12,0.3407466797292067,0.03016085910957112,0.3431087511077734,0.0023643678061241627,ok,/home/elads/STAR/full_grid_solar_opacity/runs/T74p0407_rho4p66973em12/fac-opacity-cowan-state/starout.h5
74.0406930047493,6.710759170575148e-12,fac-opacity-cowan-state,T74p0407_rho6p71076em12,0.3407446081015739,0.035544934998986935,0.3432337426838968,0.0024914185348957067,ok,/home/elads/STAR/full_grid_solar_opacity/runs/T74p0407_rho6p71076em12/fac-opacity-cowan-state/starout.h5
74.0406930047493,9.64388379154446e-12,fac-opacity-cowan-state,T74p0407_rho9p64388em12,0.3407424010801094,0.04157027533780991,0.34387753472613647,0.0031381632500295563,ok,/home/elads/STAR/full_grid_solar_opacity/runs/T74p0407_rho9p64388em12/fac-opacity-cowan-state/starout.h5
74.0406930047493,1.3859012403933867e-11,fac-opacity-cowan-state,T74p0407_rho1p3859em11,0.3407401186100254,0.04821334147298163,0.34437205839800494,0.003635392848967358,ok,/home/elads/STAR/full_grid_solar_opacity/runs/T74p0407_rho1p3859em11/fac-opacity-cowan-state/starout.h5
74.0406930047493,1.9916480638308542e-11,fac-opacity-cowan-state,T74p0407_rho1p99165em11,0.3407379342098326,0.055549051703133207,0.3441623732134779,0.003427308562850201,ok,/home/elads/STAR/full_grid_solar_opacity/runs/T74p0407_rho1p99165em11/fac-opacity-cowan-state/starout.h5
74.0406930047493,2.8621534453892672e-11,fac-opacity-cowan-state,T74p0407_rho2p86215em11,0.3407358222215286,0.06289541848272771,0.3452396310358759,0.004508094853044668,ok,/home/elads/STAR/full_grid_solar_opacity/runs/T74p0407_rho2p86215em11/fac-opacity-cowan-state/starout.h5
74.0406930047493,4.1131375034185614e-11,fac-opacity-cowan-state,T74p0407_rho4p11314em11,0.34073335910670954,0.07153029486228023,0.3458694924799202,0.005140738386063361,ok,/home/elads/STAR/full_grid_solar_opacity/runs/T74p0407_rho4p11314em11/fac-opacity-cowan-state/starout.h5
74.0406930047493,5.910899064227969e-11,fac-opacity-cowan-state,T74p0407_rho5p9109em11,0.34073097674297625,0.0804143692490483,0.34581414581707515,0.005087203111446794,ok,/home/elads/STAR/full_grid_solar_opacity/runs/T74p0407_rho5p9109em11/fac-opacity-cowan-state/starout.h5
74.0406930047493,8.4944224982638e-11,fac-opacity-cowan-state,T74p0407_rho8p49442em11,0.3407286534079866,0.09056164233217054,0.34681432344877455,0.0060907327268100225,ok,/home/elads/STAR/full_grid_solar_opacity/runs/T74p0407_rho8p49442em11/fac-opacity-cowan-state/starout.h5
74.0406930047493,1.2207146966133182e-10,fac-opacity-cowan-state,T74p0407_rho1p22071em10,0.3407261745801895,0.10077611091073745,0.3471518789933942,0.006431034500384632,ok,/home/elads/STAR/full_grid_solar_opacity/runs/T74p0407_rho1p22071em10/fac-opacity-cowan-state/starout.h5
74.0406930047493,1.7542621300415897e-10,fac-opacity-cowan-state,T74p0407_rho1p75426em10,0.3407236918230067,0.11123878581618787,0.3476856497624641,0.006967256929139469,ok,/home/elads/STAR/full_grid_solar_opacity/runs/T74p0407_rho1p75426em10/fac-opacity-cowan-state/starout.h5
74.0406930047493,2.52101136279913e-10,fac-opacity-cowan-state,T74p0407_rho2p52101em10,0.340721364724464,0.12206317177579414,0.34830678868000653,0.007591203386159229,ok,/home/elads/STAR/full_grid_solar_opacity/runs/T74p0407_rho2p52101em10/fac-opacity-cowan-state/starout.h5
74.0406930047493,3.6228897509242966e-10,fac-opacity-cowan-state,T74p0407_rho3p62289em10,0.34071897823241637,0.13302413905324195,0.34772140721460676,0.007006731078588717,ok,/home/elads/STAR/full_grid_solar_opacity/runs/T74p0407_rho3p62289em10/fac-opacity-cowan-state/starout.h5
74.0406930047493,5.20637484663258e-10,fac-opacity-cowan-state,T74p0407_rho5p20637em10,0.3407164904114375,0.14408652001594432,0.34839856409555386,0.007686805081824289,ok,/home/elads/STAR/full_grid_solar_opacity/runs/T74p0407_rho5p20637em10/fac-opacity-cowan-state/starout.h5
74.0406930047493,7.481966305138837e-10,fac-opacity-cowan-state,T74p0407_rho7p48197em10,0.3407138693959492,0.1552672172703299,0.352088108312559,0.011383315102856836,ok,/home/elads/STAR/full_grid_solar_opacity/runs/T74p0407_rho7p48197em10/fac-opacity-cowan-state/starout.h5
74.0406930047493,1.0752168531898921e-09,fac-opacity-cowan-state,T74p0407_rho1p07522em09,0.34071125789149836,0.16634475567387352,0.35040561010255605,0.009700595646110964,ok,/home/elads/STAR/full_grid_solar_opacity/runs/T74p0407_rho1p07522em09/fac-opacity-cowan-state/starout.h5
74.0406930047493,1.5451703926941453e-09,fac-opacity-cowan-state,T74p0407_rho1p54517em09,0.3407085602678255,0.17697888760899172,0.3494806015338927,0.008776332086284463,ok,/home/elads/STAR/full_grid_solar_opacity/runs/T74p0407_rho1p54517em09/fac-opacity-cowan-state/starout.h5
74.0406930047493,2.220530245015531e-09,fac-opacity-cowan-state,T74p0407_rho2p22053em09,0.3407054822618142,0.1880906027798123,0.3503624218672742,0.009661725947259442,ok,/home/elads/STAR/full_grid_solar_opacity/runs/T74p0407_rho2p22053em09/fac-opacity-cowan-state/starout.h5
74.0406930047493,3.1910749729235452e-09,fac-opacity-cowan-state,T74p0407_rho3p19107em09,0.34070244016140105,0.1983488700869148,0.350129411255826,0.00943020264218007,ok,/home/elads/STAR/full_grid_solar_opacity/runs/T74p0407_rho3p19107em09/fac-opacity-cowan-state/starout.h5
74.0406930047493,4.585823366142813e-09,fac-opacity-cowan-state,T74p0407_rho4p58582em09,0.3406991870956711,0.2078546771087071,0.3499493008534968,0.009252678898410291,ok,/home/elads/STAR/full_grid_solar_opacity/runs/T74p0407_rho4p58582em09/fac-opacity-cowan-state/starout.h5
74.0406930047493,6.590185477903269e-09,fac-opacity-cowan-state,T74p0407_rho6p59019em09,0.3406957472092404,0.2273244869303644,0.3510539536836301,0.010361165998074792,ok,/home/elads/STAR/full_grid_solar_opacity/runs/T74p0407_rho6p59019em09/fac-opacity-cowan-state/starout.h5
74.0406930047493,9.470610000772238e-09,fac-opacity-cowan-state,T74p0407_rho9p47061em09,0.3406923614350463,0.22539039707751354,0.35000124322202053,0.00931028803180099,ok,/home/elads/STAR/full_grid_solar_opacity/runs/T74p0407_rho9p47061em09/fac-opacity-cowan-state/starout.h5
74.0406930047493,1.3610004466105506e-08,fac-opacity-cowan-state,T74p0407_rho1p361em08,0.3406867269239194,0.23809802378381462,0.35003905477976416,0.009351304574388406,ok,/home/elads/STAR/full_grid_solar_opacity/runs/T74p0407_rho1p361em08/fac-opacity-cowan-state/starout.h5
74.0406930047493,1.9558636830395073e-08,fac-opacity-cowan-state,T74p0407_rho1p95586em08,0.34068211897938155,0.24569510060160404,0.350566425680548,0.009882476032591144,ok,/home/elads/STAR/full_grid_solar_opacity/runs/T74p0407_rho1p95586em08/fac-opacity-cowan-state/starout.h5
74.0406930047493,2.810728502080722e-08,fac-opacity-cowan-state,T74p0407_rho2p81073em08,0.3406786585330033,0.2527082635773331,0.3506522404400365,0.009971053957839782,ok,/home/elads/STAR/full_grid_solar_opacity/runs/T74p0407_rho2p81073em08/fac-opacity-cowan-state/starout.h5
74.0406930047493,4.039235853150913e-08,fac-opacity-cowan-state,T74p0407_rho4p03924em08,0.3406742642434653,0.2596988047095427,0.35032024411311186,0.00964160038618814,ok,/home/elads/STAR/full_grid_solar_opacity/runs/T74p0407_rho4p03924em08/fac-opacity-cowan-state/starout.h5
74.0406930047493,5.804696634805446e-08,fac-opacity-cowan-state,T74p0407_rho5p8047em08,0.34066955523903025,0.26631052769581187,0.3518800846321943,0.011205126665368693,ok,/home/elads/STAR/full_grid_solar_opacity/runs/T74p0407_rho5p8047em08/fac-opacity-cowan-state/starout.h5
74.0406930047493,8.341801332506338e-08,fac-opacity-cowan-state,T74p0407_rho8p3418em08,0.34066467082599516,0.2758052370976612,0.35153497414113904,0.010865213713411733,ok,/home/elads/STAR/full_grid_solar_opacity/runs/T74p0407_rho8p3418em08/fac-opacity-cowan-state/starout.h5
74.0406930047493,1.1987818459583772e-07,fac-opacity-cowan-state,T74p0407_rho1p19878em07,0.34065952215153034,0.28321489494740276,0.3525125059455516,0.011845306313936632,ok,/home/elads/STAR/full_grid_solar_opacity/runs/T74p0407_rho1p19878em07/fac-opacity-cowan-state/starout.h5
74.0406930047493,1.7227429147699408e-07,fac-opacity-cowan-state,T74p0407_rho1p72274em07,0.34065376543377257,0.29369437664392706,0.3516067762467631,0.010943678959859555,ok,/home/elads/STAR/full_grid_solar_opacity/runs/T74p0407_rho1p72274em07/fac-opacity-cowan-state/starout.h5
74.0406930047493,2.4757157946593376e-07,fac-opacity-cowan-state,T74p0407_rho2p47572em07,0.3406473004575651,0.30617423840833335,0.35286412182170585,0.012206381718295344,ok,/home/elads/STAR/full_grid_solar_opacity/runs/T74p0407_rho2p47572em07/fac-opacity-cowan-state/starout.h5
74.0406930047493,3.557796490339488e-07,fac-opacity-cowan-state,T74p0407_rho3p5578em07,0.3406400914675299,0.32625564431915643,0.35617272649417975,0.015521616184730481,ok,/home/elads/STAR/full_grid_solar_opacity/runs/T74p0407_rho3p5578em07/fac-opacity-cowan-state/starout.h5
74.0406930047493,5.112830759482948e-07,fac-opacity-cowan-state,T74p0407_rho5p11283em07,0.34063295238230135,0.3487384957569945,0.3592192211698726,0.018572860404458474,ok,/home/elads/STAR/full_grid_solar_opacity/runs/T74p0407_rho5p11283em07/fac-opacity-cowan-state/starout.h5
74.0406930047493,7.347536163492159e-07,fac-opacity-cowan-state,T74p0407_rho7p34754em07,0.34062153465728257,0.3784624148987113,0.3604861690660355,0.019845828627877357,ok,/home/elads/STAR/full_grid_solar_opacity/runs/T74p0407_rho7p34754em07/fac-opacity-cowan-state/starout.h5
74.0406930047493,1.0558981944335787e-06,fac-opacity-cowan-state,T74p0407_rho1p0559em06,0.34060886755554964,0.4187483854018091,0.36326325290481837,0.02263308265184484,ok,/home/elads/STAR/full_grid_solar_opacity/runs/T74p0407_rho1p0559em06/fac-opacity-cowan-state/starout.h5
74.0406930047493,1.517407974863493e-06,fac-opacity-cowan-state,T74p0407_rho1p51741em06,0.3405931184751648,0.47596828192612883,0.3698899622573478,0.02927141807523834,ok,/home/elads/STAR/full_grid_solar_opacity/runs/T74p0407_rho1p51741em06/fac-opacity-cowan-state/starout.h5
74.0406930047493,2.1806334875063253e-06,fac-opacity-cowan-state,T74p0407_rho2p18063em06,0.34057225630171845,0.5547120831773946,0.37669887377436867,0.03609697345911094,ok,/home/elads/STAR/full_grid_solar_opacity/runs/T74p0407_rho2p18063em06/fac-opacity-cowan-state/starout.h5
74.0406930047493,3.1337402238588983e-06,fac-opacity-cowan-state,T74p0407_rho3p13374em06,0.3405449971165381,0.6556683250448057,0.3858065641705147,0.04522626045730853,ok,/home/elads/STAR/full_grid_solar_opacity/runs/T74p0407_rho3p13374em06/fac-opacity-cowan-state/starout.h5
74.0406930047493,4.503428864545845e-06,fac-opacity-cowan-state,T74p0407_rho4p50343em06,0.3405096508504835,0.788158007341142,0.3986600912168733,0.05810469817665079,ok,/home/elads/STAR/full_grid_solar_opacity/runs/T74p0407_rho4p50343em06/fac-opacity-cowan-state/starout.h5
74.0406930047493,6.471778159406801e-06,fac-opacity-cowan-state,T74p0407_rho6p47178em06,0.3404617529624878,0.9967182121966849,0.4191661597191271,0.078652815750914,ok,/home/elads/STAR/full_grid_solar_opacity/runs/T74p0407_rho6p47178em06/fac-opacity-cowan-state/starout.h5
74.0406930047493,9.300449458481393e-06,fac-opacity-cowan-state,T74p0407_rho9p30045em06,0.3403961982036611,1.2282238692658949,0.4442966693037957,0.1038273629385637,ok,/home/elads/STAR/full_grid_solar_opacity/runs/T74p0407_rho9p30045em06/fac-opacity-cowan-state/starout.h5
74.0406930047493,1.3365470508911143e-05,fac-opacity-cowan-state,T74p0407_rho1p33655em05,0.3403113053594782,1.5242625859926466,0.45974459081456354,0.11934047065516946,ok,/home/elads/STAR/full_grid_solar_opacity/runs/T74p0407_rho1p33655em05/fac-opacity-cowan-state/starout.h5
74.0406930047493,1.920722248123928e-05,fac-opacity-cowan-state,T74p0407_rho1p92072em05,0.3401935666814713,1.8536279907193736,0.4861704280009697,0.14585781503029988,ok,/home/elads/STAR/full_grid_solar_opacity/runs/T74p0407_rho1p92072em05/fac-opacity-cowan-state/starout.h5
74.0406930047493,2.760227522090268e-05,fac-opacity-cowan-state,T74p0407_rho2p76023em05,0.3400329934675006,2.3377917886994615,0.5373809269237787,0.19718905996376465,ok,/home/elads/STAR/full_grid_solar_opacity/runs/T74p0407_rho2p76023em05/fac-opacity-cowan-state/starout.h5
74.0406930047493,3.966662010161191e-05,fac-opacity-cowan-state,T74p0407_rho3p96666em05,0.33981413091122065,2.881203475830546,0.6154712565278292,0.27544377274076465,ok,/home/elads/STAR/full_grid_solar_opacity/runs/T74p0407_rho3p96666em05/fac-opacity-cowan-state/starout.h5
74.0406930047493,5.7004023678963655e-05,fac-opacity-cowan-state,T74p0407_rho5p7004em05,0.33952888789080593,3.5622959051125065,0.6680253656984286,0.3282067824936416,ok,/home/elads/STAR/full_grid_solar_opacity/runs/T74p0407_rho5p7004em05/fac-opacity-cowan-state/starout.h5
74.0406930047493,8.191922344953684e-05,fac-opacity-cowan-state,T74p0407_rho8p19192em05,0.3391176652519192,4.409183748151983,0.7864333762194339,0.44693089229338484,ok,/home/elads/STAR/full_grid_solar_opacity/runs/T74p0407_rho8p19192em05/fac-opacity-cowan-state/starout.h5
74.0406930047493,0.00011772430676769293,fac-opacity-cowan-state,T74p0407_rho0p000117724,0.33855608109916496,5.423026718567942,0.9557673013665103,0.6166800919756565,ok,/home/elads/STAR/full_grid_solar_opacity/runs/T74p0407_rho0p000117724/fac-opacity-cowan-state/starout.h5
74.0406930047493,0.00016917900122028344,fac-opacity-cowan-state,T74p0407_rho0p000169179,0.3377942041804766,6.5363439706320765,1.164548964003264,0.8260496339649229,ok,/home/elads/STAR/full_grid_solar_opacity/runs/T74p0407_rho0p000169179/fac-opacity-cowan-state/starout.h5
74.0406930047493,0.0002431234061999784,fac-opacity-cowan-state,T74p0407_rho0p000243123,0.33676256878576105,8.044940608046486,1.4350858168495602,1.0973518986688058,ok,/home/elads/STAR/full_grid_solar_opacity/runs/T74p0407_rho0p000243123/fac-opacity-cowan-state/starout.h5
74.0406930047493,0.0003493872774749123,fac-opacity-cowan-state,T74p0407_rho0p000349387,0.3353751124867415,10.228060729173233,2.081973817021013,1.745356744684979,ok,/home/elads/STAR/full_grid_solar_opacity/runs/T74p0407_rho0p000349387/fac-opacity-cowan-state/starout.h5
74.0406930047493,0.0005020967399614471,fac-opacity-cowan-state,T74p0407_rho0p000502097,0.3335337834227843,12.623670479566345,2.5594048117644883,2.2240998324396277,ok,/home/elads/STAR/full_grid_solar_opacity/runs/T74p0407_rho0p000502097/fac-opacity-cowan-state/starout.h5
74.0406930047493,0.0007215521357901021,fac-opacity-cowan-state,T74p0407_rho0p000721552,0.3311096548559226,15.654437433056007,3.554964734175707,3.2216311249535536,ok,/home/elads/STAR/full_grid_solar_opacity/runs/T74p0407_rho0p000721552/fac-opacity-cowan-state/starout.h5
74.0406930047493,0.0010369266382873438,fac-opacity-cowan-state,T74p0407_rho0p00103693,0.32796656411194364,19.531125009823093,4.63256414747328,4.301431745845963,ok,/home/elads/STAR/full_grid_solar_opacity/runs/T74p0407_rho0p00103693/fac-opacity-cowan-state/starout.h5
74.0406930047493,0.0014901443705277455,fac-opacity-cowan-state,T74p0407_rho0p00149014,0.3239551770669072,24.19593134524081,6.435002670418709,6.106564171295532,ok,/home/elads/STAR/full_grid_solar_opacity/runs/T74p0407_rho0p00149014/fac-opacity-cowan-state/starout.h5
74.0406930047493,0.002141453563853953,fac-opacity-cowan-state,T74p0407_rho0p00214145,0.31893676152885486,30.169617591748853,8.490357418272962,8.165550816005004,ok,/home/elads/STAR/full_grid_solar_opacity/runs/T74p0407_rho0p00214145/fac-opacity-cowan-state/starout.h5
74.0406930047493,0.003077435620898055,fac-opacity-cowan-state,T74p0407_rho0p00307744,0.31278753941725884,37.83651450964648,10.794361118271565,10.473723466501598,ok,/home/elads/STAR/full_grid_solar_opacity/runs/T74p0407_rho0p00307744/fac-opacity-cowan-state/starout.h5
74.0406930047493,0.004422514763163053,fac-opacity-cowan-state,T74p0407_rho0p00442251,0.3054521928647684,47.79821891884793,13.899558218724579,13.584101428154364,ok,/home/elads/STAR/full_grid_solar_opacity/runs/T74p0407_rho0p00442251/fac-opacity-cowan-state/starout.h5
74.0406930047493,0.006355498291362301,fac-opacity-cowan-state,T74p0407_rho0p0063555,0.2969492382359701,61.18104900920281,16.763127474948213,16.453404575288253,ok,/home/elads/STAR/full_grid_solar_opacity/runs/T74p0407_rho0p0063555/fac-opacity-cowan-state/starout.h5
74.0406930047493,0.009133346228248624,fac-opacity-cowan-state,T74p0407_rho0p00913335,0.2873918784775195,78.41391097440759,18.72453202165169,18.420736187125875,ok,/home/elads/STAR/full_grid_solar_opacity/runs/T74p0407_rho0p00913335/fac-opacity-cowan-state/starout.h5
74.0406930047493,0.01312533014735226,fac-opacity-cowan-state,T74p0407_rho0p0131253,0.27700648893102847,101.70259499335648,23.166849141815756,22.872200259397054,ok,/home/elads/STAR/full_grid_solar_opacity/runs/T74p0407_rho0p0131253/fac-opacity-cowan-state/starout.h5
74.0406930047493,0.018862122071335155,fac-opacity-cowan-state,T74p0407_rho0p0188621,0.2661199970513446,134.46866942966517,26.942241005694882,26.657670858250434,ok,/home/elads/STAR/full_grid_solar_opacity/runs/T74p0407_rho0p0188621/fac-opacity-cowan-state/starout.h5
74.0406930047493,0.02710633904364831,fac-opacity-cowan-state,T74p0407_rho0p0271063,0.2551146663644911,196.7194574090337,31.5945146272756,31.31989829260757,ok,/home/elads/STAR/full_grid_solar_opacity/runs/T74p0407_rho0p0271063/fac-opacity-cowan-state/starout.h5
74.0406930047493,0.038953921174427183,fac-opacity-cowan-state,T74p0407_rho0p0389539,0.24441663977392383,236.04395352216918,34.93198269956898,34.66894622876104,ok,/home/elads/STAR/full_grid_solar_opacity/runs/T74p0407_rho0p0389539/fac-opacity-cowan-state/starout.h5
74.0406930047493,0.0559798197912329,fac-opacity-cowan-state,T74p0407_rho0p0559798,0.2344153331512254,321.00157266705986,40.59068628073366,40.33885587455697,ok,/home/elads/STAR/full_grid_solar_opacity/runs/T74p0407_rho0p0559798/fac-opacity-cowan-state/starout.h5
74.0406930047493,0.08044736266284185,fac-opacity-cowan-state,T74p0407_rho0p0804474,0.22544573800759476,434.3531930404883,46.08351733030266,45.84264610325542,ok,/home/elads/STAR/full_grid_solar_opacity/runs/T74p0407_rho0p0804474/fac-opacity-cowan-state/starout.h5
74.0406930047493,0.11560912813835741,fac-opacity-cowan-state,T74p0407_rho0p115609,0.21778953765745343,599.3832195217566,56.82863663752988,56.59657409136307,ok,/home/elads/STAR/full_grid_solar_opacity/runs/T74p0407_rho0p115609/fac-opacity-cowan-state/starout.h5
74.0406930047493,0.1661393247274789,fac-opacity-cowan-state,T74p0407_rho0p166139,0.21163253280424874,811.4967153073709,68.97995920333919,68.7563291893179,ok,/home/elads/STAR/full_grid_solar_opacity/runs/T74p0407_rho0p166139/fac-opacity-cowan-state/starout.h5
74.0406930047493,0.23875515424585794,fac-opacity-cowan-state,T74p0407_rho0p238755,0.20713323906512002,1110.7212183069337,87.05684921941206,86.83989681817549,ok,/home/elads/STAR/full_grid_solar_opacity/runs/T74p0407_rho0p238755/fac-opacity-cowan-state/starout.h5
74.0406930047493,0.34310975906798746,fac-opacity-cowan-state,T74p0407_rho0p34311,0.20383433515731644,1498.3737293664842,106.8055114374004,106.59337249723599,ok,/home/elads/STAR/full_grid_solar_opacity/runs/T74p0407_rho0p34311/fac-opacity-cowan-state/starout.h5
74.0406930047493,0.49307545690287347,fac-opacity-cowan-state,T74p0407_rho0p493075,0.20268007051994547,2027.4902243060383,129.88990851679927,129.68056212230442,ok,/home/elads/STAR/full_grid_solar_opacity/runs/T74p0407_rho0p493075/fac-opacity-cowan-state/starout.h5
74.0406930047493,0.7085878491488851,fac-opacity-cowan-state,T74p0407_rho0p708588,0.20342601281496214,2704.6481067124555,149.57840536163457,149.37032735025628,ok,/home/elads/STAR/full_grid_solar_opacity/runs/T74p0407_rho0p708588/fac-opacity-cowan-state/starout.h5
74.0406930047493,1.0182959482819007,fac-opacity-cowan-state,T74p0407_rho1p0183,0.206267471480561,3570.1558296952567,170.19694499510683,169.98683622823128,ok,/home/elads/STAR/full_grid_solar_opacity/runs/T74p0407_rho1p0183/fac-opacity-cowan-state/starout.h5
74.0406930047493,1.4633706173946401,fac-opacity-cowan-state,T74p0407_rho1p46337,0.21149541343745257,4654.243164302946,214.68144250559797,214.46701234133354,ok,/home/elads/STAR/full_grid_solar_opacity/runs/T74p0407_rho1p46337/fac-opacity-cowan-state/starout.h5
74.0406930047493,2.1029775945461404,fac-opacity-cowan-state,T74p0407_rho2p10298,0.21934362380387173,5915.549893790718,251.6709311615,251.44959080288865,ok,/home/elads/STAR/full_grid_solar_opacity/runs/T74p0407_rho2p10298/fac-opacity-cowan-state/starout.h5
74.0406930047493,3.0221426551783854,fac-opacity-cowan-state,T74p0407_rho3p02214,0.23016919322517843,7276.835130370875,304.6632706689765,304.4317231053889,ok,/home/elads/STAR/full_grid_solar_opacity/runs/T74p0407_rho3p02214/fac-opacity-cowan-state/starout.h5
74.0406930047493,4.343054463316713,fac-opacity-cowan-state,T74p0407_rho4p34305,0.24394990262298719,8586.166588219421,385.1738729378992,384.92908854582566,ok,/home/elads/STAR/full_grid_solar_opacity/runs/T74p0407_rho4p34305/fac-opacity-cowan-state/starout.h5
74.0406930047493,6.241307649397467,fac-opacity-cowan-state,T74p0407_rho6p24131,0.26019890343434177,9858.768559612196,489.99228229478217,489.7317655345896,ok,/home/elads/STAR/full_grid_solar_opacity/runs/T74p0407_rho6p24131/fac-opacity-cowan-state/starout.h5
74.0406930047493,8.969245378672715,fac-opacity-cowan-state,T74p0407_rho8p96925,0.2791316684927478,11343.485593339256,611.3742179159475,611.0951373705208,ok,/home/elads/STAR/full_grid_solar_opacity/runs/T74p0407_rho8p96925/fac-opacity-cowan-state/starout.h5
74.0406930047493,12.889504440725364,fac-opacity-cowan-state,T74p0407_rho12p8895,0.2986370851332673,13655.562245941132,749.7257657397286,749.4273983705922,ok,/home/elads/STAR/full_grid_solar_opacity/runs/T74p0407_rho12p8895/fac-opacity-cowan-state/starout.h5
74.0406930047493,18.52322215674118,fac-opacity-cowan-state,T74p0407_rho18p5232,0.3175721831295155,15715.307973463923,872.1421555328853,871.8249626225958,ok,/home/elads/STAR/full_grid_solar_opacity/runs/T74p0407_rho18p5232/fac-opacity-cowan-state/starout.h5
74.0406930047493,26.61931346126126,fac-opacity-cowan-state,T74p0407_rho26p6193,0.3351998193258283,16668.982180349325,967.0595869332312,966.724830769262,ok,/home/elads/STAR/full_grid_solar_opacity/runs/T74p0407_rho26p6193/fac-opacity-cowan-state/starout.h5
74.0406930047493,38.254027466328665,fac-opacity-cowan-state,T74p0407_rho38p254,0.35165884564480193,15668.667896599685,1122.9279579862264,1122.5768332800644,ok,/home/elads/STAR/full_grid_solar_opacity/runs/T74p0407_rho38p254/fac-opacity-cowan-state/starout.h5
74.0406930047493,54.97401800103719,fac-opacity-cowan-state,T74p0407_rho54p974,0.3680820165036602,12611.891683550575,1506.2538405034895,1505.8864114320738,ok,/home/elads/STAR/full_grid_solar_opacity/runs/T74p0407_rho54p974/fac-opacity-cowan-state/starout.h5
74.0406930047493,79.0019471240894,fac-opacity-cowan-state,T74p0407_rho79p0019,0.3865967203454748,9420.540955954422,2300.8606390070686,2300.474730170435,ok,/home/elads/STAR/full_grid_solar_opacity/runs/T74p0407_rho79p0019/fac-opacity-cowan-state/starout.h5
74.0406930047493,113.53195339077567,fac-opacity-cowan-state,T74p0407_rho113p532,0.40918560049773367,7515.296093077805,3258.1943618009914,3257.7857265495472,ok,/home/elads/STAR/full_grid_solar_opacity/runs/T74p0407_rho113p532/fac-opacity-cowan-state/starout.h5
74.0406930047493,163.15426277379785,fac-opacity-cowan-state,T74p0407_rho163p154,0.4377051750369401,5700.009075785832,3481.2210610928264,3480.7837455982562,ok,/home/elads/STAR/full_grid_solar_opacity/runs/T74p0407_rho163p154/fac-opacity-cowan-state/starout.h5
74.0406930047493,234.46538763970608,fac-opacity-cowan-state,T74p0407_rho234p465,0.47315055172379306,4168.084228018462,3095.5947726294567,3095.1219134583557,ok,/home/elads/STAR/full_grid_solar_opacity/runs/T74p0407_rho234p465/fac-opacity-cowan-state/starout.h5
74.0406930047493,336.94503022121665,fac-opacity-cowan-state,T74p0407_rho336p945,0.5164797229956043,2958.9685508935913,2498.14118053423,2497.624915599198,ok,/home/elads/STAR/full_grid_solar_opacity/runs/T74p0407_rho336p945/fac-opacity-cowan-state/starout.h5
74.0406930047493,484.21626123015125,fac-opacity-cowan-state,T74p0407_rho484p216,0.5682321022739564,2048.6688236251957,1885.59469475822,1885.0266059455084,ok,/home/elads/STAR/full_grid_solar_opacity/runs/T74p0407_rho484p216/fac-opacity-cowan-state/starout.h5
74.0406930047493,695.8564947100452,fac-opacity-cowan-state,T74p0407_rho695p856,0.6293673755840213,1387.442706747405,1349.640324565264,1349.011033732899,ok,/home/elads/STAR/full_grid_solar_opacity/runs/T74p0407_rho695p856/fac-opacity-cowan-state/starout.h5
74.0406930047493,1000.0,fac-opacity-cowan-state,T74p0407_rho1000,0.7005225140370533,922.8984336318837,927.8099028853657,927.1093990063877,ok,/home/elads/STAR/full_grid_solar_opacity/runs/T74p0407_rho1000/fac-opacity-cowan-state/starout.h5
81.50999540750705,1e-17,fac-opacity-cowan-state,T81p51_rho1em17,0.340761311304779,2.5102185639404266e-06,0.3407626258415718,1.3083974341636847e-06,ok,/home/elads/STAR/full_grid_solar_opacity/runs/T81p51_rho1em17/fac-opacity-cowan-state/starout.h5
81.50999540750705,1.4370779141993746e-17,fac-opacity-cowan-state,T81p51_rho1p43708em17,0.3407613113106621,2.510218581248524e-06,0.3407626258467646,1.3083967500822678e-06,ok,/home/elads/STAR/full_grid_solar_opacity/runs/T81p51_rho1p43708em17/fac-opacity-cowan-state/starout.h5
81.50999540750705,2.065192931479625e-17,fac-opacity-cowan-state,T81p51_rho2p06519em17,0.3407613113174055,2.510218604635842e-06,0.3407626258532414,1.3083964849383168e-06,ok,/home/elads/STAR/full_grid_solar_opacity/runs/T81p51_rho2p06519em17/fac-opacity-cowan-state/starout.h5
81.50999540750705,2.9678431503900313e-17,fac-opacity-cowan-state,T81p51_rho2p96784em17,0.340761311324759,2.5102186377020877e-06,0.340762625861387,1.3083972706592795e-06,ok,/home/elads/STAR/full_grid_solar_opacity/runs/T81p51_rho2p96784em17/fac-opacity-cowan-state/starout.h5
81.50999540750705,4.2650218442334076e-17,fac-opacity-cowan-state,T81p51_rho4p26502em17,0.34076131134537846,2.5102186857784856e-06,0.34076262588154954,1.308396818587914e-06,ok,/home/elads/STAR/full_grid_solar_opacity/runs/T81p51_rho4p26502em17/fac-opacity-cowan-state/starout.h5
81.50999540750705,6.129168695925715e-17,fac-opacity-cowan-state,T81p51_rho6p12917em17,0.34076131134119075,2.510218754548183e-06,0.3407626258766796,1.3083961405691818e-06,ok,/home/elads/STAR/full_grid_solar_opacity/runs/T81p51_rho6p12917em17/fac-opacity-cowan-state/starout.h5
81.50999540750705,8.808092965317026e-17,fac-opacity-cowan-state,T81p51_rho8p80809em17,0.34076131135037174,2.5102188510550067e-06,0.34076262588515716,1.3083954441323542e-06,ok,/home/elads/STAR/full_grid_solar_opacity/runs/T81p51_rho8p80809em17/fac-opacity-cowan-state/starout.h5
81.50999540750705,1.2657915866672028e-16,fac-opacity-cowan-state,T81p51_rho1p26579em16,0.34076131136419163,2.51021898787696e-06,0.3407626258981013,1.3083945761039801e-06,ok,/home/elads/STAR/full_grid_solar_opacity/runs/T81p51_rho1p26579em16/fac-opacity-cowan-state/starout.h5
81.50999540750705,1.819041133178821e-16,fac-opacity-cowan-state,T81p51_rho1p81904em16,0.34076131136950694,2.510219184528522e-06,0.3407626259040696,1.308395224503464e-06,ok,/home/elads/STAR/full_grid_solar_opacity/runs/T81p51_rho1p81904em16/fac-opacity-cowan-state/starout.h5
81.50999540750705,2.6141038375114865e-16,fac-opacity-cowan-state,T81p51_rho2p6141em16,0.34076131210580424,2.510219484060403e-06,0.34076262664023865,1.3083950986967024e-06,ok,/home/elads/STAR/full_grid_solar_opacity/runs/T81p51_rho2p6141em16/fac-opacity-cowan-state/starout.h5
81.50999540750705,3.7566708903116036e-16,fac-opacity-cowan-state,T81p51_rho3p75667em16,0.3407613106869662,2.510656811355564e-06,0.3407626255479943,1.3087192578800549e-06,ok,/home/elads/STAR/full_grid_solar_opacity/runs/T81p51_rho3p75667em16/fac-opacity-cowan-state/starout.h5
81.50999540750705,5.398628767382507e-16,fac-opacity-cowan-state,T81p51_rho5p39863em16,0.34076099272626287,2.5134334456574755e-06,0.3407623083544842,1.309480353125447e-06,ok,/home/elads/STAR/full_grid_solar_opacity/runs/T81p51_rho5p39863em16/fac-opacity-cowan-state/starout.h5
81.50999540750705,7.758250168566793e-16,fac-opacity-cowan-state,T81p51_rho7p75825em16,0.3407605935342556,2.8106480459569405e-06,0.3407618242975302,1.2249724091033568e-06,ok,/home/elads/STAR/full_grid_solar_opacity/runs/T81p51_rho7p75825em16/fac-opacity-cowan-state/starout.h5
81.50999540750705,1.1149209970080914e-15,fac-opacity-cowan-state,T81p51_rho1p11492em15,0.34076017274320186,4.041041690100896e-06,0.3407621654392713,1.9833869364759376e-06,ok,/home/elads/STAR/full_grid_solar_opacity/runs/T81p51_rho1p11492em15/fac-opacity-cowan-state/starout.h5
81.50999540750705,1.6022283408774753e-15,fac-opacity-cowan-state,T81p51_rho1p60223em15,0.3407595483399437,5.811423623816758e-06,0.34076222271481527,2.661855570463087e-06,ok,/home/elads/STAR/full_grid_solar_opacity/runs/T81p51_rho1p60223em15/fac-opacity-cowan-state/starout.h5
81.50999540750705,2.3025269621793266e-15,fac-opacity-cowan-state,T81p51_rho2p30253em15,0.3407590005050693,8.356325568302699e-06,0.3407625374837102,3.5204319561865638e-06,ok,/home/elads/STAR/full_grid_solar_opacity/runs/T81p51_rho2p30253em15/fac-opacity-cowan-state/starout.h5
81.50999540750705,3.308910644196489e-15,fac-opacity-cowan-state,T81p51_rho3p30891em15,0.34075841237742105,1.2012725478575055e-05,0.34076281702592026,4.384056101869834e-06,ok,/home/elads/STAR/full_grid_solar_opacity/runs/T81p51_rho3p30891em15/fac-opacity-cowan-state/starout.h5
81.50999540750705,4.755162406834019e-15,fac-opacity-cowan-state,T81p51_rho4p75516em15,0.3407577497499763,1.7350680650674117e-05,0.34076279122157926,5.017728368036499e-06,ok,/home/elads/STAR/full_grid_solar_opacity/runs/T81p51_rho4p75516em15/fac-opacity-cowan-state/starout.h5
81.50999540750705,6.8335388732923106e-15,fac-opacity-cowan-state,T81p51_rho6p83354em15,0.34075712751216936,2.481503222684437e-05,0.3407636614752984,6.5033882169773954e-06,ok,/home/elads/STAR/full_grid_solar_opacity/runs/T81p51_rho6p83354em15/fac-opacity-cowan-state/starout.h5
81.50999540750705,9.820327790631256e-15,fac-opacity-cowan-state,T81p51_rho9p82033em15,0.3407564887944212,3.560993958760498e-05,0.3407639846231517,7.460787271039662e-06,ok,/home/elads/STAR/full_grid_solar_opacity/runs/T81p51_rho9p82033em15/fac-opacity-cowan-state/starout.h5
81.50999540750705,1.4112576178114521e-14,fac-opacity-cowan-state,T81p51_rho1p41126em14,0.34075576600822854,5.10180234133793e-05,0.34076486819228796,9.0613103631727e-06,ok,/home/elads/STAR/full_grid_solar_opacity/runs/T81p51_rho1p41126em14/fac-opacity-cowan-state/starout.h5
81.50999540750705,2.0280871538024598e-14,fac-opacity-cowan-state,T81p51_rho2p02809em14,0.3407548860319718,7.290843338130643e-05,0.3407642885000216,9.359769591222761e-06,ok,/home/elads/STAR/full_grid_solar_opacity/runs/T81p51_rho2p02809em14/fac-opacity-cowan-state/starout.h5
81.50999540750705,2.914519256800997e-14,fac-opacity-cowan-state,T81p51_rho2p91452em14,0.34075420490099734,0.0001038396317399376,0.3407656049878412,1.1349935000404963e-05,ok,/home/elads/STAR/full_grid_solar_opacity/runs/T81p51_rho2p91452em14/fac-opacity-cowan-state/starout.h5
81.50999540750705,4.188391254457488e-14,fac-opacity-cowan-state,T81p51_rho4p18839em14,0.3407534161730355,0.00014719707503884315,0.34078204597809925,2.860287333103505e-05,ok,/home/elads/STAR/full_grid_solar_opacity/runs/T81p51_rho4p18839em14/fac-opacity-cowan-state/starout.h5
81.50999540750705,6.019044567806669e-14,fac-opacity-cowan-state,T81p51_rho6p01904em14,0.34075260305722455,0.00020732230594360594,0.34076933563147266,1.667393390965382e-05,ok,/home/elads/STAR/full_grid_solar_opacity/runs/T81p51_rho6p01904em14/fac-opacity-cowan-state/starout.h5
81.50999540750705,8.649836012976684e-14,fac-opacity-cowan-state,T81p51_rho8p64984em14,0.3407517682492593,0.00028954697831060327,0.34079167793587795,3.988903545051149e-05,ok,/home/elads/STAR/full_grid_solar_opacity/runs/T81p51_rho8p64984em14/fac-opacity-cowan-state/starout.h5
81.50999540750705,1.2430488295695167e-13,fac-opacity-cowan-state,T81p51_rho1p24305em13,0.34075090873726704,0.0003994955590951611,0.3407719725628787,2.0994186418556616e-05,ok,/home/elads/STAR/full_grid_solar_opacity/runs/T81p51_rho1p24305em13/fac-opacity-cowan-state/starout.h5
81.50999540750705,1.7863580192457348e-13,fac-opacity-cowan-state,T81p51_rho1p78636em13,0.34075003595037706,0.0005441681048685481,0.3407751451810519,2.5026990975426383e-05,ok,/home/elads/STAR/full_grid_solar_opacity/runs/T81p51_rho1p78636em13/fac-opacity-cowan-state/starout.h5
81.50999540750705,2.567135656310987e-13,fac-opacity-cowan-state,T81p51_rho2p56714em13,0.34074914618206986,0.0007304638619311878,0.34078657730757467,3.734017124255882e-05,ok,/home/elads/STAR/full_grid_solar_opacity/runs/T81p51_rho2p56714em13/fac-opacity-cowan-state/starout.h5
81.50999540750705,3.6891739544382357e-13,fac-opacity-cowan-state,T81p51_rho3p68917em13,0.34074827331226337,0.0009653020245268558,0.3408305993537733,8.229114111240426e-05,ok,/home/elads/STAR/full_grid_solar_opacity/runs/T81p51_rho3p68917em13/fac-opacity-cowan-state/starout.h5
81.50999540750705,5.301630411562758e-13,fac-opacity-cowan-state,T81p51_rho5p30163em13,0.3407472012617274,0.001258611910755305,0.34083092356618555,8.36612646680521e-05,ok,/home/elads/STAR/full_grid_solar_opacity/runs/T81p51_rho5p30163em13/fac-opacity-cowan-state/starout.h5
81.50999540750705,7.618855973704612e-13,fac-opacity-cowan-state,T81p51_rho7p61886em13,0.34074630583178844,0.0016244523720562705,0.3408593282578857,0.00011297315350535196,ok,/home/elads/STAR/full_grid_solar_opacity/runs/T81p51_rho7p61886em13/fac-opacity-cowan-state/starout.h5
81.50999540750705,1.0948889651276868e-12,fac-opacity-cowan-state,T81p51_rho1p09489em12,0.3406942634598202,0.002082192210359985,0.3408660622346925,0.00017177270891246643,ok,/home/elads/STAR/full_grid_solar_opacity/runs/T81p51_rho1p09489em12/fac-opacity-cowan-state/starout.h5
81.50999540750705,1.5734407502856082e-12,fac-opacity-cowan-state,T81p51_rho1p57344em12,0.3406931710516279,0.002657252811170414,0.34102278030016214,0.00032976929006403247,ok,/home/elads/STAR/full_grid_solar_opacity/runs/T81p51_rho1p57344em12/fac-opacity-cowan-state/starout.h5
81.50999540750705,2.26115695153675e-12,fac-opacity-cowan-state,T81p51_rho2p26116em12,0.340691939754041,0.0033798196755854553,0.3410018199151919,0.00030984368211065525,ok,/home/elads/STAR/full_grid_solar_opacity/runs/T81p51_rho2p26116em12/fac-opacity-cowan-state/starout.h5
81.50999540750705,3.249458715591849e-12,fac-opacity-cowan-state,T81p51_rho3p24946em12,0.3406906191425388,0.004293216322261444,0.34100227592718996,0.00031147476870070515,ok,/home/elads/STAR/full_grid_solar_opacity/runs/T81p51_rho3p24946em12/fac-opacity-cowan-state/starout.h5
81.50999540750705,4.669725353279713e-12,fac-opacity-cowan-state,T81p51_rho4p66973em12,0.3406894085635398,0.00541392388926917,0.34113986274652147,0.00045033782586447835,ok,/home/elads/STAR/full_grid_solar_opacity/runs/T81p51_rho4p66973em12/fac-opacity-cowan-state/starout.h5
81.50999540750705,6.710759170575148e-12,fac-opacity-cowan-state,T81p51_rho6p71076em12,0.34068794657444496,0.006864871707662162,0.3411831804923213,0.0004949867383056371,ok,/home/elads/STAR/full_grid_solar_opacity/runs/T81p51_rho6p71076em12/fac-opacity-cowan-state/starout.h5
81.50999540750705,9.64388379154446e-12,fac-opacity-cowan-state,T81p51_rho9p64388em12,0.3406862273123478,0.008670847593411348,0.3416150899364336,0.0009292433407844361,ok,/home/elads/STAR/full_grid_solar_opacity/runs/T81p51_rho9p64388em12/fac-opacity-cowan-state/starout.h5
81.50999540750705,1.3859012403933867e-11,fac-opacity-cowan-state,T81p51_rho1p3859em11,0.3406847429028911,0.010887124422936071,0.3417397006294165,0.001055080278605719,ok,/home/elads/STAR/full_grid_solar_opacity/runs/T81p51_rho1p3859em11/fac-opacity-cowan-state/starout.h5
81.50999540750705,1.9916480638308542e-11,fac-opacity-cowan-state,T81p51_rho1p99165em11,0.3406827815465457,0.013544977320796162,0.34195534183544546,0.0012728038042203115,ok,/home/elads/STAR/full_grid_solar_opacity/runs/T81p51_rho1p99165em11/fac-opacity-cowan-state/starout.h5
81.50999540750705,2.8621534453892672e-11,fac-opacity-cowan-state,T81p51_rho2p86215em11,0.34068070164452063,0.016708853918998172,0.34220865782516197,0.001528278487386605,ok,/home/elads/STAR/full_grid_solar_opacity/runs/T81p51_rho2p86215em11/fac-opacity-cowan-state/starout.h5
81.50999540750705,4.1131375034185614e-11,fac-opacity-cowan-state,T81p51_rho4p11314em11,0.3406784251091231,0.02036213327264075,0.34268723973217213,0.0020093979560914165,ok,/home/elads/STAR/full_grid_solar_opacity/runs/T81p51_rho4p11314em11/fac-opacity-cowan-state/starout.h5
81.50999540750705,5.910899064227969e-11,fac-opacity-cowan-state,T81p51_rho5p9109em11,0.34067624599975666,0.02457963026702376,0.3426622038853438,0.0019859077802047327,ok,/home/elads/STAR/full_grid_solar_opacity/runs/T81p51_rho5p9109em11/fac-opacity-cowan-state/starout.h5
81.50999540750705,8.4944224982638e-11,fac-opacity-cowan-state,T81p51_rho8p49442em11,0.3406739435666607,0.029407903867321193,0.34299861172554524,0.0023245418261461327,ok,/home/elads/STAR/full_grid_solar_opacity/runs/T81p51_rho8p49442em11/fac-opacity-cowan-state/starout.h5
81.50999540750705,1.2207146966133182e-10,fac-opacity-cowan-state,T81p51_rho1p22071em10,0.3406716708617559,0.03486213279423568,0.3436711696355213,0.0030000484636358033,ok,/home/elads/STAR/full_grid_solar_opacity/runs/T81p51_rho1p22071em10/fac-opacity-cowan-state/starout.h5
81.50999540750705,1.7542621300415897e-10,fac-opacity-cowan-state,T81p51_rho1p75426em10,0.3406692278677008,0.04098449054381213,0.3441505176579034,0.003481692220292617,ok,/home/elads/STAR/full_grid_solar_opacity/runs/T81p51_rho1p75426em10/fac-opacity-cowan-state/starout.h5
81.50999540750705,2.52101136279913e-10,fac-opacity-cowan-state,T81p51_rho2p52101em10,0.3406671282312647,0.0472036195414605,0.3445460561041973,0.0038795012651998786,ok,/home/elads/STAR/full_grid_solar_opacity/runs/T81p51_rho2p52101em10/fac-opacity-cowan-state/starout.h5
81.50999540750705,3.6228897509242966e-10,fac-opacity-cowan-state,T81p51_rho3p62289em10,0.3406645901704811,0.054866862363206266,0.3449400698139026,0.0042760573836460964,ok,/home/elads/STAR/full_grid_solar_opacity/runs/T81p51_rho3p62289em10/fac-opacity-cowan-state/starout.h5
81.50999540750705,5.20637484663258e-10,fac-opacity-cowan-state,T81p51_rho5p20637em10,0.3406618783112152,0.06312944148833866,0.345821934000864,0.005160433387644772,ok,/home/elads/STAR/full_grid_solar_opacity/runs/T81p51_rho5p20637em10/fac-opacity-cowan-state/starout.h5
81.50999540750705,7.481966305138837e-10,fac-opacity-cowan-state,T81p51_rho7p48197em10,0.3406593995092607,0.07236856889406863,0.34601559263835563,0.00535643903204884,ok,/home/elads/STAR/full_grid_solar_opacity/runs/T81p51_rho7p48197em10/fac-opacity-cowan-state/starout.h5
81.50999540750705,1.0752168531898921e-09,fac-opacity-cowan-state,T81p51_rho1p07522em09,0.3406568134258151,0.08190343228281298,0.3463894896946462,0.005732398882628464,ok,/home/elads/STAR/full_grid_solar_opacity/runs/T81p51_rho1p07522em09/fac-opacity-cowan-state/starout.h5
81.50999540750705,1.5451703926941453e-09,fac-opacity-cowan-state,T81p51_rho1p54517em09,0.340654186574876,0.09217361143966296,0.34754815430474434,0.006894190358645717,ok,/home/elads/STAR/full_grid_solar_opacity/runs/T81p51_rho1p54517em09/fac-opacity-cowan-state/starout.h5
81.50999540750705,2.220530245015531e-09,fac-opacity-cowan-state,T81p51_rho2p22053em09,0.3406514686206604,0.10337893216135714,0.3479934892966747,0.007341199910996818,ok,/home/elads/STAR/full_grid_solar_opacity/runs/T81p51_rho2p22053em09/fac-opacity-cowan-state/starout.h5
81.50999540750705,3.1910749729235452e-09,fac-opacity-cowan-state,T81p51_rho3p19107em09,0.3406488701180066,0.11429627467665039,0.3481737699181494,0.007523533565231589,ok,/home/elads/STAR/full_grid_solar_opacity/runs/T81p51_rho3p19107em09/fac-opacity-cowan-state/starout.h5
81.50999540750705,4.585823366142813e-09,fac-opacity-cowan-state,T81p51_rho4p58582em09,0.340646206562143,0.12620733088944702,0.34813459860767704,0.0074857342505506,ok,/home/elads/STAR/full_grid_solar_opacity/runs/T81p51_rho4p58582em09/fac-opacity-cowan-state/starout.h5
81.50999540750705,6.590185477903269e-09,fac-opacity-cowan-state,T81p51_rho6p59019em09,0.3406431882466932,0.13850272478248932,0.35003676324011895,0.00939234640088812,ok,/home/elads/STAR/full_grid_solar_opacity/runs/T81p51_rho6p59019em09/fac-opacity-cowan-state/starout.h5
81.50999540750705,9.470610000772238e-09,fac-opacity-cowan-state,T81p51_rho9p47061em09,0.3406402363871471,0.15130816699653918,0.35126433310128613,0.010623491553509678,ok,/home/elads/STAR/full_grid_solar_opacity/runs/T81p51_rho9p47061em09/fac-opacity-cowan-state/starout.h5
81.50999540750705,1.3610004466105506e-08,fac-opacity-cowan-state,T81p51_rho1p361em08,0.3406357289714043,0.17299684426482012,0.3506798369923036,0.010039657227342295,ok,/home/elads/STAR/full_grid_solar_opacity/runs/T81p51_rho1p361em08/fac-opacity-cowan-state/starout.h5
81.50999540750705,1.9558636830395073e-08,fac-opacity-cowan-state,T81p51_rho1p95586em08,0.34063230093924396,0.18624246258503296,0.35248381782305555,0.011847768372743648,ok,/home/elads/STAR/full_grid_solar_opacity/runs/T81p51_rho1p95586em08/fac-opacity-cowan-state/starout.h5
81.50999540750705,2.810728502080722e-08,fac-opacity-cowan-state,T81p51_rho2p81073em08,0.3406284940551066,0.2064362374395794,0.35146762101829393,0.0108331111275414,ok,/home/elads/STAR/full_grid_solar_opacity/runs/T81p51_rho2p81073em08/fac-opacity-cowan-state/starout.h5
81.50999540750705,4.039235853150913e-08,fac-opacity-cowan-state,T81p51_rho4p03924em08,0.3406248680565997,0.22381137799120698,0.3523781611816347,0.011746848771683669,ok,/home/elads/STAR/full_grid_solar_opacity/runs/T81p51_rho4p03924em08/fac-opacity-cowan-state/starout.h5
81.50999540750705,5.804696634805446e-08,fac-opacity-cowan-state,T81p51_rho5p8047em08,0.34062083199476145,0.23081343158177878,0.3526223924548759,0.011993869204402225,ok,/home/elads/STAR/full_grid_solar_opacity/runs/T81p51_rho5p8047em08/fac-opacity-cowan-state/starout.h5
81.50999540750705,8.341801332506338e-08,fac-opacity-cowan-state,T81p51_rho8p3418em08,0.340615946273763,0.24810446031754316,0.35369356736196833,0.013068459932756153,ok,/home/elads/STAR/full_grid_solar_opacity/runs/T81p51_rho8p3418em08/fac-opacity-cowan-state/starout.h5
81.50999540750705,1.1987818459583772e-07,fac-opacity-cowan-state,T81p51_rho1p19878em07,0.34061132486453266,0.263985269585408,0.35378162527095075,0.01315738894409065,ok,/home/elads/STAR/full_grid_solar_opacity/runs/T81p51_rho1p19878em07/fac-opacity-cowan-state/starout.h5
81.50999540750705,1.7227429147699408e-07,fac-opacity-cowan-state,T81p51_rho1p72274em07,0.34060598855902896,0.28282766330338666,0.354097111886652,0.013477327826436456,ok,/home/elads/STAR/full_grid_solar_opacity/runs/T81p51_rho1p72274em07/fac-opacity-cowan-state/starout.h5
81.50999540750705,2.4757157946593376e-07,fac-opacity-cowan-state,T81p51_rho2p47572em07,0.34060020206173075,0.30310788773975744,0.35527411177367496,0.014658347617935334,ok,/home/elads/STAR/full_grid_solar_opacity/runs/T81p51_rho2p47572em07/fac-opacity-cowan-state/starout.h5
81.50999540750705,3.557796490339488e-07,fac-opacity-cowan-state,T81p51_rho3p5578em07,0.3405936959692069,0.3276578420174579,0.3575808199986149,0.016972813049477134,ok,/home/elads/STAR/full_grid_solar_opacity/runs/T81p51_rho3p5578em07/fac-opacity-cowan-state/starout.h5
81.50999540750705,5.112830759482948e-07,fac-opacity-cowan-state,T81p51_rho5p11283em07,0.34058637154878985,0.35363076751501066,0.35803888604588857,0.017435467168415975,ok,/home/elads/STAR/full_grid_solar_opacity/runs/T81p51_rho5p11283em07/fac-opacity-cowan-state/starout.h5
81.50999540750705,7.347536163492159e-07,fac-opacity-cowan-state,T81p51_rho7p34754em07,0.34057792605549103,0.3832630706141441,0.3586819799945298,0.018085008360829328,ok,/home/elads/STAR/full_grid_solar_opacity/runs/T81p51_rho7p34754em07/fac-opacity-cowan-state/starout.h5
81.50999540750705,1.0558981944335787e-06,fac-opacity-cowan-state,T81p51_rho1p0559em06,0.3405676317199042,0.4207703926784436,0.36095520422012883,0.02036318708555858,ok,/home/elads/STAR/full_grid_solar_opacity/runs/T81p51_rho1p0559em06/fac-opacity-cowan-state/starout.h5
81.50999540750705,1.517407974863493e-06,fac-opacity-cowan-state,T81p51_rho1p51741em06,0.34055521922618776,0.46583947829515243,0.3651503845234983,0.024570366614726658,ok,/home/elads/STAR/full_grid_solar_opacity/runs/T81p51_rho1p51741em06/fac-opacity-cowan-state/starout.h5
81.50999540750705,2.1806334875063253e-06,fac-opacity-cowan-state,T81p51_rho2p18063em06,0.3405395291563176,0.5249153599035561,0.3693896544472622,0.028824771307325654,ok,/home/elads/STAR/full_grid_solar_opacity/runs/T81p51_rho2p18063em06/fac-opacity-cowan-state/starout.h5
81.50999540750705,3.1337402238588983e-06,fac-opacity-cowan-state,T81p51_rho3p13374em06,0.34051924379075577,0.59882744755967,0.3777714010438024,0.03722089275286373,ok,/home/elads/STAR/full_grid_solar_opacity/runs/T81p51_rho3p13374em06/fac-opacity-cowan-state/starout.h5
81.50999540750705,4.503428864545845e-06,fac-opacity-cowan-state,T81p51_rho4p50343em06,0.3404924813939764,0.6905009430097943,0.3831422949830508,0.04260893802306398,ok,/home/elads/STAR/full_grid_solar_opacity/runs/T81p51_rho4p50343em06/fac-opacity-cowan-state/starout.h5
81.50999540750705,6.471778159406801e-06,fac-opacity-cowan-state,T81p51_rho6p47178em06,0.3404566844363485,0.8313704242926483,0.3987389726813603,0.05823745205730117,ok,/home/elads/STAR/full_grid_solar_opacity/runs/T81p51_rho6p47178em06/fac-opacity-cowan-state/starout.h5
81.50999540750705,9.300449458481393e-06,fac-opacity-cowan-state,T81p51_rho9p30045em06,0.3404082568095605,0.9940317062451614,0.41784175793842493,0.07737552110400414,ok,/home/elads/STAR/full_grid_solar_opacity/runs/T81p51_rho9p30045em06/fac-opacity-cowan-state/starout.h5
81.50999540750705,1.3365470508911143e-05,fac-opacity-cowan-state,T81p51_rho1p33655em05,0.34034238251074295,1.1843340812806469,0.4317050887043285,0.09128889703767475,ok,/home/elads/STAR/full_grid_solar_opacity/runs/T81p51_rho1p33655em05/fac-opacity-cowan-state/starout.h5
81.50999540750705,1.920722248123928e-05,fac-opacity-cowan-state,T81p51_rho1p92072em05,0.340253248528251,1.4412246766356935,0.4561568782821622,0.11580753854273469,ok,/home/elads/STAR/full_grid_solar_opacity/runs/T81p51_rho1p92072em05/fac-opacity-cowan-state/starout.h5
81.50999540750705,2.760227522090268e-05,fac-opacity-cowan-state,T81p51_rho2p76023em05,0.3401301975972748,1.7745076325754197,0.48884024303311996,0.14858598293831818,ok,/home/elads/STAR/full_grid_solar_opacity/runs/T81p51_rho2p76023em05/fac-opacity-cowan-state/starout.h5
81.50999540750705,3.966662010161191e-05,fac-opacity-cowan-state,T81p51_rho3p96666em05,0.3399608652565496,2.2305059714923425,0.5430510800751647,0.20292127872783508,ok,/home/elads/STAR/full_grid_solar_opacity/runs/T81p51_rho3p96666em05/fac-opacity-cowan-state/starout.h5
81.50999540750705,5.7004023678963655e-05,fac-opacity-cowan-state,T81p51_rho5p7004em05,0.33974741388874574,2.738638096824408,0.5867561238951984,0.24678397311054262,ok,/home/elads/STAR/full_grid_solar_opacity/runs/T81p51_rho5p7004em05/fac-opacity-cowan-state/starout.h5
81.50999540750705,8.191922344953684e-05,fac-opacity-cowan-state,T81p51_rho8p19192em05,0.3394296532546509,3.3800944007452975,0.6518180390716387,0.31207832880466313,ok,/home/elads/STAR/full_grid_solar_opacity/runs/T81p51_rho8p19192em05/fac-opacity-cowan-state/starout.h5
81.50999540750705,0.00011772430676769293,fac-opacity-cowan-state,T81p51_rho0p000117724,0.33898895447097427,4.14676967839223,0.7568667961835986,0.4174574178392958,ok,/home/elads/STAR/full_grid_solar_opacity/runs/T81p51_rho0p000117724/fac-opacity-cowan-state/starout.h5
81.50999540750705,0.00016917900122028344,fac-opacity-cowan-state,T81p51_rho0p000169179,0.33839255495697734,5.11037598226386,0.8761701841158991,0.5371995734186316,ok,/home/elads/STAR/full_grid_solar_opacity/runs/T81p51_rho0p000169179/fac-opacity-cowan-state/starout.h5
81.50999540750705,0.0002431234061999784,fac-opacity-cowan-state,T81p51_rho0p000243123,0.3375818255268397,6.16083245903101,1.0972829765828773,0.7589215437296521,ok,/home/elads/STAR/full_grid_solar_opacity/runs/T81p51_rho0p000243123/fac-opacity-cowan-state/starout.h5
81.50999540750705,0.0003493872774749123,fac-opacity-cowan-state,T81p51_rho0p000349387,0.33648628144768916,7.42529827007732,1.3982605082059476,1.060746598048401,ok,/home/elads/STAR/full_grid_solar_opacity/runs/T81p51_rho0p000349387/fac-opacity-cowan-state/starout.h5
81.50999540750705,0.0005020967399614471,fac-opacity-cowan-state,T81p51_rho0p000502097,0.33501723783960713,8.970257425415276,1.7830596172022894,1.4466538661505355,ok,/home/elads/STAR/full_grid_solar_opacity/runs/T81p51_rho0p000502097/fac-opacity-cowan-state/starout.h5
81.50999540750705,0.0007215521357901021,fac-opacity-cowan-state,T81p51_rho0p000721552,0.3330659606994207,10.928544362462812,2.259001914566987,1.9239219822411935,ok,/home/elads/STAR/full_grid_solar_opacity/runs/T81p51_rho0p000721552/fac-opacity-cowan-state/starout.h5
81.50999540750705,0.0010369266382873438,fac-opacity-cowan-state,T81p51_rho0p00103693,0.33050727719926626,13.716136990548016,3.0504909534437434,2.7174060496641723,ok,/home/elads/STAR/full_grid_solar_opacity/runs/T81p51_rho0p00103693/fac-opacity-cowan-state/starout.h5
81.50999540750705,0.0014901443705277455,fac-opacity-cowan-state,T81p51_rho0p00149014,0.32719851563856606,17.30035967888592,4.230008040674872,3.8994839713354743,ok,/home/elads/STAR/full_grid_solar_opacity/runs/T81p51_rho0p00149014/fac-opacity-cowan-state/starout.h5
81.50999540750705,0.002141453563853953,fac-opacity-cowan-state,T81p51_rho0p00214145,0.3229946892004143,21.72087402685957,5.578546616879741,5.250885426323218,ok,/home/elads/STAR/full_grid_solar_opacity/runs/T81p51_rho0p00214145/fac-opacity-cowan-state/starout.h5
81.50999540750705,0.003077435620898055,fac-opacity-cowan-state,T81p51_rho0p00307744,0.3177507823185871,27.861632854513118,8.215052463397852,7.89186801104941,ok,/home/elads/STAR/full_grid_solar_opacity/runs/T81p51_rho0p00307744/fac-opacity-cowan-state/starout.h5
81.50999540750705,0.004422514763163053,fac-opacity-cowan-state,T81p51_rho0p00442251,0.31136641304428714,34.76335033554358,9.41041862859619,9.090844007723327,ok,/home/elads/STAR/full_grid_solar_opacity/runs/T81p51_rho0p00442251/fac-opacity-cowan-state/starout.h5
81.50999540750705,0.006355498291362301,fac-opacity-cowan-state,T81p51_rho0p0063555,0.3037966200862952,44.26233483920947,11.765694232045618,11.451378608291478,ok,/home/elads/STAR/full_grid_solar_opacity/runs/T81p51_rho0p0063555/fac-opacity-cowan-state/starout.h5
81.50999540750705,0.009133346228248624,fac-opacity-cowan-state,T81p51_rho0p00913335,0.2950765594216401,56.89911915785747,14.506632273764664,14.19883879182613,ok,/home/elads/STAR/full_grid_solar_opacity/runs/T81p51_rho0p00913335/fac-opacity-cowan-state/starout.h5
81.50999540750705,0.01312533014735226,fac-opacity-cowan-state,T81p51_rho0p0131253,0.28534604334787905,74.07374157660303,17.6149221060289,17.314552132242742,ok,/home/elads/STAR/full_grid_solar_opacity/runs/T81p51_rho0p0131253/fac-opacity-cowan-state/starout.h5
81.50999540750705,0.018862122071335155,fac-opacity-cowan-state,T81p51_rho0p0188621,0.27485666654866303,96.16622936008099,20.939298095990903,20.648722769537446,ok,/home/elads/STAR/full_grid_solar_opacity/runs/T81p51_rho0p0188621/fac-opacity-cowan-state/starout.h5
81.50999540750705,0.02710633904364831,fac-opacity-cowan-state,T81p51_rho0p0271063,0.26394697765375275,127.02046967961371,25.10361956115828,24.822996937485787,ok,/home/elads/STAR/full_grid_solar_opacity/runs/T81p51_rho0p0271063/fac-opacity-cowan-state/starout.h5
81.50999540750705,0.038953921174427183,fac-opacity-cowan-state,T81p51_rho0p0389539,0.253015449475753,171.02534110538312,29.727755793733213,29.457325268141727,ok,/home/elads/STAR/full_grid_solar_opacity/runs/T81p51_rho0p0389539/fac-opacity-cowan-state/starout.h5
81.50999540750705,0.0559798197912329,fac-opacity-cowan-state,T81p51_rho0p0559798,0.24249176269532177,228.9309552183387,33.794722068072154,33.53583949286603,ok,/home/elads/STAR/full_grid_solar_opacity/runs/T81p51_rho0p0559798/fac-opacity-cowan-state/starout.h5
81.50999540750705,0.08044736266284185,fac-opacity-cowan-state,T81p51_rho0p0804474,0.23274037569247907,309.87502722201043,38.54517308285962,38.29709504906041,ok,/home/elads/STAR/full_grid_solar_opacity/runs/T81p51_rho0p0804474/fac-opacity-cowan-state/starout.h5
81.50999540750705,0.11560912813835741,fac-opacity-cowan-state,T81p51_rho0p115609,0.2241214276750768,423.7521501671042,44.719991344081464,44.4823298199965,ok,/home/elads/STAR/full_grid_solar_opacity/runs/T81p51_rho0p115609/fac-opacity-cowan-state/starout.h5
81.50999540750705,0.1661393247274789,fac-opacity-cowan-state,T81p51_rho0p166139,0.21688369068413227,579.1415162319151,51.938912979343414,51.709780358426045,ok,/home/elads/STAR/full_grid_solar_opacity/runs/T81p51_rho0p166139/fac-opacity-cowan-state/starout.h5
81.50999540750705,0.23875515424585794,fac-opacity-cowan-state,T81p51_rho0p238755,0.21124206573589643,795.8155932118692,64.14766036678458,63.92566546476722,ok,/home/elads/STAR/full_grid_solar_opacity/runs/T81p51_rho0p238755/fac-opacity-cowan-state/starout.h5
81.50999540750705,0.34310975906798746,fac-opacity-cowan-state,T81p51_rho0p34311,0.2068788065018173,1080.7812004695306,78.70375624680923,78.48744331769025,ok,/home/elads/STAR/full_grid_solar_opacity/runs/T81p51_rho0p34311/fac-opacity-cowan-state/starout.h5
81.50999540750705,0.49307545690287347,fac-opacity-cowan-state,T81p51_rho0p493075,0.20459778090578984,1478.0641178788323,96.05720955266007,95.84467354489644,ok,/home/elads/STAR/full_grid_solar_opacity/runs/T81p51_rho0p493075/fac-opacity-cowan-state/starout.h5
81.50999540750705,0.7085878491488851,fac-opacity-cowan-state,T81p51_rho0p708588,0.20422933206706748,1996.765860988867,117.97495626159122,117.76514432232972,ok,/home/elads/STAR/full_grid_solar_opacity/runs/T81p51_rho0p708588/fac-opacity-cowan-state/starout.h5
81.50999540750705,1.0182959482819007,fac-opacity-cowan-state,T81p51_rho1p0183,0.20589656314045698,2663.5923262663473,140.43886872071118,140.22885039968006,ok,/home/elads/STAR/full_grid_solar_opacity/runs/T81p51_rho1p0183/fac-opacity-cowan-state/starout.h5
81.50999540750705,1.4633706173946401,fac-opacity-cowan-state,T81p51_rho1p46337,0.20992128944826163,3502.170332287556,165.00321406694908,164.78968141589888,ok,/home/elads/STAR/full_grid_solar_opacity/runs/T81p51_rho1p46337/fac-opacity-cowan-state/starout.h5
81.50999540750705,2.1029775945461404,fac-opacity-cowan-state,T81p51_rho2p10298,0.21648769760721773,4516.155887253602,202.8186034481841,202.5994229844099,ok,/home/elads/STAR/full_grid_solar_opacity/runs/T81p51_rho2p10298/fac-opacity-cowan-state/starout.h5
81.50999540750705,3.0221426551783854,fac-opacity-cowan-state,T81p51_rho3p02214,0.2259903619649965,5675.830627044499,244.56483754163386,244.33702326333577,ok,/home/elads/STAR/full_grid_solar_opacity/runs/T81p51_rho3p02214/fac-opacity-cowan-state/starout.h5
81.50999540750705,4.343054463316713,fac-opacity-cowan-state,T81p51_rho4p34305,0.23850543354770992,6846.387983351669,287.0874455560031,286.84770999552626,ok,/home/elads/STAR/full_grid_solar_opacity/runs/T81p51_rho4p34305/fac-opacity-cowan-state/starout.h5
81.50999540750705,6.241307649397467,fac-opacity-cowan-state,T81p51_rho6p24131,0.2539073765549286,7918.540258655328,363.8051676566006,363.5506686977666,ok,/home/elads/STAR/full_grid_solar_opacity/runs/T81p51_rho6p24131/fac-opacity-cowan-state/starout.h5
81.50999540750705,8.969245378672715,fac-opacity-cowan-state,T81p51_rho8p96925,0.2718029987849224,8900.198337006314,457.96152744742943,457.68962187738015,ok,/home/elads/STAR/full_grid_solar_opacity/runs/T81p51_rho8p96925/fac-opacity-cowan-state/starout.h5
81.50999540750705,12.889504440725364,fac-opacity-cowan-state,T81p51_rho12p8895,0.29110090487443513,10662.801444359513,572.5093392607704,572.2184485326453,ok,/home/elads/STAR/full_grid_solar_opacity/runs/T81p51_rho12p8895/fac-opacity-cowan-state/starout.h5
81.50999540750705,18.52322215674118,fac-opacity-cowan-state,T81p51_rho18p5232,0.3103364666791219,12581.596658555402,686.5716854673707,686.2617272557535,ok,/home/elads/STAR/full_grid_solar_opacity/runs/T81p51_rho18p5232/fac-opacity-cowan-state/starout.h5
81.50999540750705,26.61931346126126,fac-opacity-cowan-state,T81p51_rho26p6193,0.32850142863856335,13966.16985370707,771.8064665846425,771.4784255272367,ok,/home/elads/STAR/full_grid_solar_opacity/runs/T81p51_rho26p6193/fac-opacity-cowan-state/starout.h5
81.50999540750705,38.254027466328665,fac-opacity-cowan-state,T81p51_rho38p254,0.3452476604326508,14089.243031491753,864.536639838937,864.191924296848,ok,/home/elads/STAR/full_grid_solar_opacity/runs/T81p51_rho38p254/fac-opacity-cowan-state/starout.h5
81.50999540750705,54.97401800103719,fac-opacity-cowan-state,T81p51_rho54p974,0.36148266269956414,12387.261930230045,1062.382742998341,1062.0219171946837,ok,/home/elads/STAR/full_grid_solar_opacity/runs/T81p51_rho54p974/fac-opacity-cowan-state/starout.h5
81.50999540750705,79.0019471240894,fac-opacity-cowan-state,T81p51_rho79p0019,0.3789075962856844,9434.311266658711,1535.8352864848268,1535.4571458529217,ok,/home/elads/STAR/full_grid_solar_opacity/runs/T81p51_rho79p0019/fac-opacity-cowan-state/starout.h5
81.50999540750705,113.53195339077567,fac-opacity-cowan-state,T81p51_rho113p532,0.39966856556353986,6985.815019047336,2321.804990058373,2321.406026482649,ok,/home/elads/STAR/full_grid_solar_opacity/runs/T81p51_rho113p532/fac-opacity-cowan-state/starout.h5
81.50999540750705,163.15426277379785,fac-opacity-cowan-state,T81p51_rho163p154,0.42567452226612973,5412.914451940052,2851.768278122174,2851.343112830812,ok,/home/elads/STAR/full_grid_solar_opacity/runs/T81p51_rho163p154/fac-opacity-cowan-state/starout.h5
81.50999540750705,234.46538763970608,fac-opacity-cowan-state,T81p51_rho234p465,0.4582581444367509,4025.654618324126,2728.009543280698,2727.5516568025564,ok,/home/elads/STAR/full_grid_solar_opacity/runs/T81p51_rho234p465/fac-opacity-cowan-state/starout.h5
81.50999540750705,336.94503022121665,fac-opacity-cowan-state,T81p51_rho336p945,0.4983961790082553,2899.796012702822,2296.491497808793,2295.993384079814,ok,/home/elads/STAR/full_grid_solar_opacity/runs/T81p51_rho336p945/fac-opacity-cowan-state/starout.h5
81.50999540750705,484.21626123015125,fac-opacity-cowan-state,T81p51_rho484p216,0.5466934981523827,2033.6078868820941,1791.6176116932386,1791.0711210958511,ok,/home/elads/STAR/full_grid_solar_opacity/runs/T81p51_rho484p216/fac-opacity-cowan-state/starout.h5
81.50999540750705,695.8564947100452,fac-opacity-cowan-state,T81p51_rho695p856,0.6040760856544688,1392.3812856249951,1317.2762527958096,1316.6723026691104,ok,/home/elads/STAR/full_grid_solar_opacity/runs/T81p51_rho695p856/fac-opacity-cowan-state/starout.h5
81.50999540750705,1000.0,fac-opacity-cowan-state,T81p51_rho1000,0.6711453671228167,934.4079933350972,923.970105158923,923.2990158871942,ok,/home/elads/STAR/full_grid_solar_opacity/runs/T81p51_rho1000/fac-opacity-cowan-state/starout.h5
89.7328088339968,1e-17,fac-opacity-cowan-state,T89p7328_rho1em17,0.340692140370611,1.4735199785354475e-07,0.34069243042200975,2.887580725001476e-07,ok,/home/elads/STAR/full_grid_solar_opacity/runs/T89p7328_rho1em17/fac-opacity-cowan-state/starout.h5
89.7328088339968,1.4370779141993746e-17,fac-opacity-cowan-state,T89p7328_rho1p43708em17,0.34069214037250484,1.473520088775107e-07,0.34069243042390196,2.88758070230562e-07,ok,/home/elads/STAR/full_grid_solar_opacity/runs/T89p7328_rho1p43708em17/fac-opacity-cowan-state/starout.h5
89.7328088339968,2.065192931479625e-17,fac-opacity-cowan-state,T89p7328_rho2p06519em17,0.34069214037946804,1.4735202493055436e-07,0.3406924304308741,2.887580799117731e-07,ok,/home/elads/STAR/full_grid_solar_opacity/runs/T89p7328_rho2p06519em17/fac-opacity-cowan-state/starout.h5
89.7328088339968,2.9678431503900313e-17,fac-opacity-cowan-state,T89p7328_rho2p96784em17,0.3406921403861568,1.4735204759342805e-07,0.3406924304375674,2.8875808250310975e-07,ok,/home/elads/STAR/full_grid_solar_opacity/runs/T89p7328_rho2p96784em17/fac-opacity-cowan-state/starout.h5
89.7328088339968,4.2650218442334076e-17,fac-opacity-cowan-state,T89p7328_rho4p26502em17,0.3406921315674171,1.4735208012201839e-07,0.3406924216188347,2.8875809117585437e-07,ok,/home/elads/STAR/full_grid_solar_opacity/runs/T89p7328_rho4p26502em17/fac-opacity-cowan-state/starout.h5
89.7328088339968,6.129168695925715e-17,fac-opacity-cowan-state,T89p7328_rho6p12917em17,0.3406921399289607,1.4735212655503625e-07,0.3406924299804062,2.8875811822257543e-07,ok,/home/elads/STAR/full_grid_solar_opacity/runs/T89p7328_rho6p12917em17/fac-opacity-cowan-state/starout.h5
89.7328088339968,8.808092965317026e-17,fac-opacity-cowan-state,T89p7328_rho8p80809em17,0.3406921399303791,1.4735219340108288e-07,0.34069242998184546,2.8875814059163984e-07,ok,/home/elads/STAR/full_grid_solar_opacity/runs/T89p7328_rho8p80809em17/fac-opacity-cowan-state/starout.h5
89.7328088339968,1.2657915866672028e-16,fac-opacity-cowan-state,T89p7328_rho1p26579em16,0.3406921399317853,1.4735228926465433e-07,0.34069242998329236,2.8875818010013614e-07,ok,/home/elads/STAR/full_grid_solar_opacity/runs/T89p7328_rho1p26579em16/fac-opacity-cowan-state/starout.h5
89.7328088339968,1.819041133178821e-16,fac-opacity-cowan-state,T89p7328_rho1p81904em16,0.3406921399983386,1.4735242706720192e-07,0.3406924300498877,2.887582234054138e-07,ok,/home/elads/STAR/full_grid_solar_opacity/runs/T89p7328_rho1p81904em16/fac-opacity-cowan-state/starout.h5
89.7328088339968,2.6141038375114865e-16,fac-opacity-cowan-state,T89p7328_rho2p6141em16,0.3406921399351377,1.4735266345969895e-07,0.34069242998687166,2.887584075372943e-07,ok,/home/elads/STAR/full_grid_solar_opacity/runs/T89p7328_rho2p6141em16/fac-opacity-cowan-state/starout.h5
89.7328088339968,3.7566708903116036e-16,fac-opacity-cowan-state,T89p7328_rho3p75667em16,0.3406921394530259,1.474814932725234e-07,0.3406924297869304,2.890382740829083e-07,ok,/home/elads/STAR/full_grid_solar_opacity/runs/T89p7328_rho3p75667em16/fac-opacity-cowan-state/starout.h5
89.7328088339968,5.398628767382507e-16,fac-opacity-cowan-state,T89p7328_rho5p39863em16,0.34069181591333875,1.4893746570449763e-07,0.3406921071405423,2.899229361179256e-07,ok,/home/elads/STAR/full_grid_solar_opacity/runs/T89p7328_rho5p39863em16/fac-opacity-cowan-state/starout.h5
89.7328088339968,7.758250168566793e-16,fac-opacity-cowan-state,T89p7328_rho7p75825em16,0.34069142394772245,1.6919355515199186e-07,0.34069177067861717,3.4518138664934173e-07,ok,/home/elads/STAR/full_grid_solar_opacity/runs/T89p7328_rho7p75825em16/fac-opacity-cowan-state/starout.h5
89.7328088339968,1.1149209970080914e-15,fac-opacity-cowan-state,T89p7328_rho1p11492em15,0.34069103955768215,2.418609914009202e-07,0.3406915019067683,4.602832699442763e-07,ok,/home/elads/STAR/full_grid_solar_opacity/runs/T89p7328_rho1p11492em15/fac-opacity-cowan-state/starout.h5
89.7328088339968,1.6022283408774753e-15,fac-opacity-cowan-state,T89p7328_rho1p60223em15,0.34069066663271336,3.460497692409847e-07,0.3406913616505102,6.919275810499762e-07,ok,/home/elads/STAR/full_grid_solar_opacity/runs/T89p7328_rho1p60223em15/fac-opacity-cowan-state/starout.h5
89.7328088339968,2.3025269621793266e-15,fac-opacity-cowan-state,T89p7328_rho2p30253em15,0.34069021267956284,4.953351904602906e-07,0.34069114075557344,9.239620836553999e-07,ok,/home/elads/STAR/full_grid_solar_opacity/runs/T89p7328_rho2p30253em15/fac-opacity-cowan-state/starout.h5
89.7328088339968,3.308910644196489e-15,fac-opacity-cowan-state,T89p7328_rho3p30891em15,0.34068979407462924,7.09506958920326e-07,0.340691093539228,1.2937016217455525e-06,ok,/home/elads/STAR/full_grid_solar_opacity/runs/T89p7328_rho3p30891em15/fac-opacity-cowan-state/starout.h5
89.7328088339968,4.755162406834019e-15,fac-opacity-cowan-state,T89p7328_rho4p75516em15,0.340689376371513,1.0166531960207409e-06,0.34069122070646707,1.836134000517546e-06,ok,/home/elads/STAR/full_grid_solar_opacity/runs/T89p7328_rho4p75516em15/fac-opacity-cowan-state/starout.h5
89.7328088339968,6.8335388732923106e-15,fac-opacity-cowan-state,T89p7328_rho6p83354em15,0.34068898577766127,1.457234411172603e-06,0.34069163802855135,2.6404905024869915e-06,ok,/home/elads/STAR/full_grid_solar_opacity/runs/T89p7328_rho6p83354em15/fac-opacity-cowan-state/starout.h5
89.7328088339968,9.820327790631256e-15,fac-opacity-cowan-state,T89p7328_rho9p82033em15,0.3406885891725653,2.089590905195202e-06,0.3406922283924894,3.623067866742821e-06,ok,/home/elads/STAR/full_grid_solar_opacity/runs/T89p7328_rho9p82033em15/fac-opacity-cowan-state/starout.h5
89.7328088339968,1.4112576178114521e-14,fac-opacity-cowan-state,T89p7328_rho1p41126em14,0.3406881832361454,2.9970923413123097e-06,0.3406930475547015,4.842740053306737e-06,ok,/home/elads/STAR/full_grid_solar_opacity/runs/T89p7328_rho1p41126em14/fac-opacity-cowan-state/starout.h5
89.7328088339968,2.0280871538024598e-14,fac-opacity-cowan-state,T89p7328_rho2p02809em14,0.3406879624591489,4.300232697419246e-06,0.3406943643241438,6.3734919190145224e-06,ok,/home/elads/STAR/full_grid_solar_opacity/runs/T89p7328_rho2p02809em14/fac-opacity-cowan-state/starout.h5
89.7328088339968,2.914519256800997e-14,fac-opacity-cowan-state,T89p7328_rho2p91452em14,0.34068749339847876,6.171446398222992e-06,0.340693502246388,5.9817757543479704e-06,ok,/home/elads/STAR/full_grid_solar_opacity/runs/T89p7328_rho2p91452em14/fac-opacity-cowan-state/starout.h5
89.7328088339968,4.188391254457488e-14,fac-opacity-cowan-state,T89p7328_rho4p18839em14,0.3406868160476025,8.862227440053528e-06,0.3406970475524529,1.0185940948647803e-05,ok,/home/elads/STAR/full_grid_solar_opacity/runs/T89p7328_rho4p18839em14/fac-opacity-cowan-state/starout.h5
89.7328088339968,6.019044567806669e-14,fac-opacity-cowan-state,T89p7328_rho6p01904em14,0.34068620110383957,1.2722308159492584e-05,0.34069829784586825,1.2042740370272357e-05,ok,/home/elads/STAR/full_grid_solar_opacity/runs/T89p7328_rho6p01904em14/fac-opacity-cowan-state/starout.h5
89.7328088339968,8.649836012976684e-14,fac-opacity-cowan-state,T89p7328_rho8p64984em14,0.34068557140469874,1.8260520993900922e-05,0.34071078985456227,2.5175699544422205e-05,ok,/home/elads/STAR/full_grid_solar_opacity/runs/T89p7328_rho8p64984em14/fac-opacity-cowan-state/starout.h5
89.7328088339968,1.2430488295695167e-13,fac-opacity-cowan-state,T89p7328_rho1p24305em13,0.34068485085455236,2.6210327842098634e-05,0.3407120697565618,2.716600539095781e-05,ok,/home/elads/STAR/full_grid_solar_opacity/runs/T89p7328_rho1p24305em13/fac-opacity-cowan-state/starout.h5
89.7328088339968,1.7863580192457348e-13,fac-opacity-cowan-state,T89p7328_rho1p78636em13,0.34068413372444917,3.753422300545829e-05,0.3407033832597333,1.9163348996297745e-05,ok,/home/elads/STAR/full_grid_solar_opacity/runs/T89p7328_rho1p78636em13/fac-opacity-cowan-state/starout.h5
89.7328088339968,2.567135656310987e-13,fac-opacity-cowan-state,T89p7328_rho2p56714em13,0.3406833098452753,5.372063419946758e-05,0.3407050075428744,2.1600996796164656e-05,ok,/home/elads/STAR/full_grid_solar_opacity/runs/T89p7328_rho2p56714em13/fac-opacity-cowan-state/starout.h5
89.7328088339968,3.6891739544382357e-13,fac-opacity-cowan-state,T89p7328_rho3p68917em13,0.3406826217046721,7.671766196609518e-05,0.34070746724494216,2.4733800648491962e-05,ok,/home/elads/STAR/full_grid_solar_opacity/runs/T89p7328_rho3p68917em13/fac-opacity-cowan-state/starout.h5
89.7328088339968,5.301630411562758e-13,fac-opacity-cowan-state,T89p7328_rho5p30163em13,0.34068174337217333,0.0001091776963629104,0.34070936459484835,2.749853377420139e-05,ok,/home/elads/STAR/full_grid_solar_opacity/runs/T89p7328_rho5p30163em13/fac-opacity-cowan-state/starout.h5
89.7328088339968,7.618855973704612e-13,fac-opacity-cowan-state,T89p7328_rho7p61886em13,0.3406809014917805,0.00015479762618900926,0.34071605054273213,3.501694418585904e-05,ok,/home/elads/STAR/full_grid_solar_opacity/runs/T89p7328_rho7p61886em13/fac-opacity-cowan-state/starout.h5
89.7328088339968,1.0948889651276868e-12,fac-opacity-cowan-state,T89p7328_rho1p09489em12,0.3406239501310792,0.00021824637388883708,0.3406932525283744,6.922141495357995e-05,ok,/home/elads/STAR/full_grid_solar_opacity/runs/T89p7328_rho1p09489em12/fac-opacity-cowan-state/starout.h5
89.7328088339968,1.5734407502856082e-12,fac-opacity-cowan-state,T89p7328_rho1p57344em12,0.34062305921518843,0.00030538600569721396,0.34071520385823856,9.208360610854072e-05,ok,/home/elads/STAR/full_grid_solar_opacity/runs/T89p7328_rho1p57344em12/fac-opacity-cowan-state/starout.h5
89.7328088339968,2.26115695153675e-12,fac-opacity-cowan-state,T89p7328_rho2p26116em12,0.3406221279675438,0.0004237947773164681,0.340672287182856,4.996062797609682e-05,ok,/home/elads/STAR/full_grid_solar_opacity/runs/T89p7328_rho2p26116em12/fac-opacity-cowan-state/starout.h5
89.7328088339968,3.249458715591849e-12,fac-opacity-cowan-state,T89p7328_rho3p24946em12,0.3406211877130971,0.0005817727741555613,0.3406793309523053,5.7897457054081524e-05,ok,/home/elads/STAR/full_grid_solar_opacity/runs/T89p7328_rho3p24946em12/fac-opacity-cowan-state/starout.h5
89.7328088339968,4.669725353279713e-12,fac-opacity-cowan-state,T89p7328_rho4p66973em12,0.3406202192123104,0.00078997756765869,0.3407042532142298,8.37421937954163e-05,ok,/home/elads/STAR/full_grid_solar_opacity/runs/T89p7328_rho4p66973em12/fac-opacity-cowan-state/starout.h5
89.7328088339968,6.710759170575148e-12,fac-opacity-cowan-state,T89p7328_rho6p71076em12,0.34061923797266674,0.00106173890729041,0.34075303397948736,0.00013351901728898979,ok,/home/elads/STAR/full_grid_solar_opacity/runs/T89p7328_rho6p71076em12/fac-opacity-cowan-state/starout.h5
89.7328088339968,9.64388379154446e-12,fac-opacity-cowan-state,T89p7328_rho9p64388em12,0.3406180682953591,0.001414295708572407,0.34075456948017796,0.00013614065443060517,ok,/home/elads/STAR/full_grid_solar_opacity/runs/T89p7328_rho9p64388em12/fac-opacity-cowan-state/starout.h5
89.7328088339968,1.3859012403933867e-11,fac-opacity-cowan-state,T89p7328_rho1p3859em11,0.3406169918727815,0.001872110097208646,0.34080669018254833,0.00018935711059598788,ok,/home/elads/STAR/full_grid_solar_opacity/runs/T89p7328_rho1p3859em11/fac-opacity-cowan-state/starout.h5
89.7328088339968,1.9916480638308542e-11,fac-opacity-cowan-state,T89p7328_rho1p99165em11,0.34061590140452874,0.0024673440640331,0.3410060169080892,0.00038980148884135683,ok,/home/elads/STAR/full_grid_solar_opacity/runs/T89p7328_rho1p99165em11/fac-opacity-cowan-state/starout.h5
89.7328088339968,2.8621534453892672e-11,fac-opacity-cowan-state,T89p7328_rho2p86215em11,0.3406145815958871,0.003236034949439789,0.3410040908493938,0.00038888164476137373,ok,/home/elads/STAR/full_grid_solar_opacity/runs/T89p7328_rho2p86215em11/fac-opacity-cowan-state/starout.h5
89.7328088339968,4.1131375034185614e-11,fac-opacity-cowan-state,T89p7328_rho4p11314em11,0.3406132316270378,0.004237383422339047,0.341067326064432,0.0004530977058463399,ok,/home/elads/STAR/full_grid_solar_opacity/runs/T89p7328_rho4p11314em11/fac-opacity-cowan-state/starout.h5
89.7328088339968,5.910899064227969e-11,fac-opacity-cowan-state,T89p7328_rho5p9109em11,0.34061172431509146,0.005524071159301707,0.34119199269571027,0.0005791888265307168,ok,/home/elads/STAR/full_grid_solar_opacity/runs/T89p7328_rho5p9109em11/fac-opacity-cowan-state/starout.h5
89.7328088339968,8.4944224982638e-11,fac-opacity-cowan-state,T89p7328_rho8p49442em11,0.3406100481957415,0.007141383668010885,0.3413840364830806,0.0007725863490757163,ok,/home/elads/STAR/full_grid_solar_opacity/runs/T89p7328_rho8p49442em11/fac-opacity-cowan-state/starout.h5
89.7328088339968,1.2207146966133182e-10,fac-opacity-cowan-state,T89p7328_rho1p22071em10,0.34060824035268467,0.009208075190956745,0.34161454382266926,0.0010049181365211605,ok,/home/elads/STAR/full_grid_solar_opacity/runs/T89p7328_rho1p22071em10/fac-opacity-cowan-state/starout.h5
89.7328088339968,1.7542621300415897e-10,fac-opacity-cowan-state,T89p7328_rho1p75426em10,0.34060630396009267,0.011775111267120667,0.34188099141963324,0.0012727787837047606,ok,/home/elads/STAR/full_grid_solar_opacity/runs/T89p7328_rho1p75426em10/fac-opacity-cowan-state/starout.h5
89.7328088339968,2.52101136279913e-10,fac-opacity-cowan-state,T89p7328_rho2p52101em10,0.34060444025738,0.014857708974670224,0.34229452249206155,0.001688183697934833,ok,/home/elads/STAR/full_grid_solar_opacity/runs/T89p7328_rho2p52101em10/fac-opacity-cowan-state/starout.h5
89.7328088339968,3.6228897509242966e-10,fac-opacity-cowan-state,T89p7328_rho3p62289em10,0.3406021922479403,0.018532040798264683,0.3426078882638978,0.0020033126193637492,ok,/home/elads/STAR/full_grid_solar_opacity/runs/T89p7328_rho3p62289em10/fac-opacity-cowan-state/starout.h5
89.7328088339968,5.20637484663258e-10,fac-opacity-cowan-state,T89p7328_rho5p20637em10,0.3405996947601645,0.022852681068173234,0.3430218850409089,0.002419140493587746,ok,/home/elads/STAR/full_grid_solar_opacity/runs/T89p7328_rho5p20637em10/fac-opacity-cowan-state/starout.h5
89.7328088339968,7.481966305138837e-10,fac-opacity-cowan-state,T89p7328_rho7p48197em10,0.3405972694531449,0.027859000730984757,0.34318571929156966,0.002584708010484783,ok,/home/elads/STAR/full_grid_solar_opacity/runs/T89p7328_rho7p48197em10/fac-opacity-cowan-state/starout.h5
89.7328088339968,1.0752168531898921e-09,fac-opacity-cowan-state,T89p7328_rho1p07522em09,0.3405948693198808,0.03361592721966461,0.34383849650487486,0.003239570805746841,ok,/home/elads/STAR/full_grid_solar_opacity/runs/T89p7328_rho1p07522em09/fac-opacity-cowan-state/starout.h5
89.7328088339968,1.5451703926941453e-09,fac-opacity-cowan-state,T89p7328_rho1p54517em09,0.3405922449595804,0.04018505736069563,0.344385450627568,0.0037885238895646336,ok,/home/elads/STAR/full_grid_solar_opacity/runs/T89p7328_rho1p54517em09/fac-opacity-cowan-state/starout.h5
89.7328088339968,2.220530245015531e-09,fac-opacity-cowan-state,T89p7328_rho2p22053em09,0.34058975167105604,0.04720398852352666,0.34524717492213564,0.004652486516106979,ok,/home/elads/STAR/full_grid_solar_opacity/runs/T89p7328_rho2p22053em09/fac-opacity-cowan-state/starout.h5
89.7328088339968,3.1910749729235452e-09,fac-opacity-cowan-state,T89p7328_rho3p19107em09,0.3405869533480995,0.05595261560923388,0.34554372700518954,0.004949959491580367,ok,/home/elads/STAR/full_grid_solar_opacity/runs/T89p7328_rho3p19107em09/fac-opacity-cowan-state/starout.h5
89.7328088339968,4.585823366142813e-09,fac-opacity-cowan-state,T89p7328_rho4p58582em09,0.34058446978666224,0.06489273830566902,0.3467137753162053,0.006122599333315874,ok,/home/elads/STAR/full_grid_solar_opacity/runs/T89p7328_rho4p58582em09/fac-opacity-cowan-state/starout.h5
89.7328088339968,6.590185477903269e-09,fac-opacity-cowan-state,T89p7328_rho6p59019em09,0.340581378091674,0.07583743552276381,0.34741754371027606,0.00682935699025348,ok,/home/elads/STAR/full_grid_solar_opacity/runs/T89p7328_rho6p59019em09/fac-opacity-cowan-state/starout.h5
89.7328088339968,9.470610000772238e-09,fac-opacity-cowan-state,T89p7328_rho9p47061em09,0.34057852888825785,0.08729118600607082,0.34715730737501954,0.006569232562200856,ok,/home/elads/STAR/full_grid_solar_opacity/runs/T89p7328_rho9p47061em09/fac-opacity-cowan-state/starout.h5
89.7328088339968,1.3610004466105506e-08,fac-opacity-cowan-state,T89p7328_rho1p361em08,0.34057488282532944,0.10667622013200105,0.3493974000666163,0.00881279776329855,ok,/home/elads/STAR/full_grid_solar_opacity/runs/T89p7328_rho1p361em08/fac-opacity-cowan-state/starout.h5
89.7328088339968,1.9558636830395073e-08,fac-opacity-cowan-state,T89p7328_rho1p95586em08,0.34057230376298586,0.12092519612706282,0.3496057620372907,0.009022000435710489,ok,/home/elads/STAR/full_grid_solar_opacity/runs/T89p7328_rho1p95586em08/fac-opacity-cowan-state/starout.h5
89.7328088339968,2.810728502080722e-08,fac-opacity-cowan-state,T89p7328_rho2p81073em08,0.3405686806298331,0.13624179745861303,0.35043078893229584,0.009849027286782466,ok,/home/elads/STAR/full_grid_solar_opacity/runs/T89p7328_rho2p81073em08/fac-opacity-cowan-state/starout.h5
89.7328088339968,4.039235853150913e-08,fac-opacity-cowan-state,T89p7328_rho4p03924em08,0.3405652315381206,0.15275596199400876,0.3523544331407751,0.011775836895687848,ok,/home/elads/STAR/full_grid_solar_opacity/runs/T89p7328_rho4p03924em08/fac-opacity-cowan-state/starout.h5
89.7328088339968,5.804696634805446e-08,fac-opacity-cowan-state,T89p7328_rho5p8047em08,0.34056176684333933,0.17093547399162104,0.35349908659026386,0.012923422623987841,ok,/home/elads/STAR/full_grid_solar_opacity/runs/T89p7328_rho5p8047em08/fac-opacity-cowan-state/starout.h5
89.7328088339968,8.341801332506338e-08,fac-opacity-cowan-state,T89p7328_rho8p3418em08,0.3405579664829512,0.19117184299261988,0.3533793015007869,0.012803692906262648,ok,/home/elads/STAR/full_grid_solar_opacity/runs/T89p7328_rho8p3418em08/fac-opacity-cowan-state/starout.h5
89.7328088339968,1.1987818459583772e-07,fac-opacity-cowan-state,T89p7328_rho1p19878em07,0.34055380717307315,0.21165535424292428,0.3546831358877479,0.014110448155728272,ok,/home/elads/STAR/full_grid_solar_opacity/runs/T89p7328_rho1p19878em07/fac-opacity-cowan-state/starout.h5
89.7328088339968,1.7227429147699408e-07,fac-opacity-cowan-state,T89p7328_rho1p72274em07,0.3405490048076639,0.23905842803578026,0.3552830678628382,0.01471278135622879,ok,/home/elads/STAR/full_grid_solar_opacity/runs/T89p7328_rho1p72274em07/fac-opacity-cowan-state/starout.h5
89.7328088339968,2.4757157946593376e-07,fac-opacity-cowan-state,T89p7328_rho2p47572em07,0.3405442646152434,0.26594847751247497,0.3569530219783556,0.016385420670155776,ok,/home/elads/STAR/full_grid_solar_opacity/runs/T89p7328_rho2p47572em07/fac-opacity-cowan-state/starout.h5
89.7328088339968,3.557796490339488e-07,fac-opacity-cowan-state,T89p7328_rho3p5578em07,0.3405385425204727,0.29040520154699767,0.35870409368704154,0.01814261638670003,ok,/home/elads/STAR/full_grid_solar_opacity/runs/T89p7328_rho3p5578em07/fac-opacity-cowan-state/starout.h5
89.7328088339968,5.112830759482948e-07,fac-opacity-cowan-state,T89p7328_rho5p11283em07,0.340532337902579,0.3214508100618275,0.35926669778870174,0.018709159026208122,ok,/home/elads/STAR/full_grid_solar_opacity/runs/T89p7328_rho5p11283em07/fac-opacity-cowan-state/starout.h5
89.7328088339968,7.347536163492159e-07,fac-opacity-cowan-state,T89p7328_rho7p34754em07,0.3405248605882955,0.3556687811159147,0.36168892723581175,0.02113561439495003,ok,/home/elads/STAR/full_grid_solar_opacity/runs/T89p7328_rho7p34754em07/fac-opacity-cowan-state/starout.h5
89.7328088339968,1.0558981944335787e-06,fac-opacity-cowan-state,T89p7328_rho1p0559em06,0.34051625847493705,0.39690954476818546,0.36371406111857224,0.023165215739234,ok,/home/elads/STAR/full_grid_solar_opacity/runs/T89p7328_rho1p0559em06/fac-opacity-cowan-state/starout.h5
89.7328088339968,1.517407974863493e-06,fac-opacity-cowan-state,T89p7328_rho1p51741em06,0.3405057588429193,0.4431732835599189,0.36469912936643134,0.024160234859701535,ok,/home/elads/STAR/full_grid_solar_opacity/runs/T89p7328_rho1p51741em06/fac-opacity-cowan-state/starout.h5
89.7328088339968,2.1806334875063253e-06,fac-opacity-cowan-state,T89p7328_rho2p18063em06,0.3404928678651718,0.4981706661441025,0.37125002274099483,0.030725649735767063,ok,/home/elads/STAR/full_grid_solar_opacity/runs/T89p7328_rho2p18063em06/fac-opacity-cowan-state/starout.h5
89.7328088339968,3.1337402238588983e-06,fac-opacity-cowan-state,T89p7328_rho3p13374em06,0.3404767156290074,0.5625849920658255,0.3723189861474697,0.03180573443311996,ok,/home/elads/STAR/full_grid_solar_opacity/runs/T89p7328_rho3p13374em06/fac-opacity-cowan-state/starout.h5
89.7328088339968,4.503428864545845e-06,fac-opacity-cowan-state,T89p7328_rho4p50343em06,0.34045571424849275,0.6368223283719703,0.3773175899980893,0.03682057815263136,ok,/home/elads/STAR/full_grid_solar_opacity/runs/T89p7328_rho4p50343em06/fac-opacity-cowan-state/starout.h5
89.7328088339968,6.471778159406801e-06,fac-opacity-cowan-state,T89p7328_rho6p47178em06,0.3404282096132869,0.7438422677208364,0.38820217783330085,0.04772748207550688,ok,/home/elads/STAR/full_grid_solar_opacity/runs/T89p7328_rho6p47178em06/fac-opacity-cowan-state/starout.h5
89.7328088339968,9.300449458481393e-06,fac-opacity-cowan-state,T89p7328_rho9p30045em06,0.3403915477680985,0.8634814781095232,0.40078408117980796,0.06033789859954699,ok,/home/elads/STAR/full_grid_solar_opacity/runs/T89p7328_rho9p30045em06/fac-opacity-cowan-state/starout.h5
89.7328088339968,1.3365470508911143e-05,fac-opacity-cowan-state,T89p7328_rho1p33655em05,0.3403418475891228,1.0004858857183454,0.41169874497389647,0.07129141490673657,ok,/home/elads/STAR/full_grid_solar_opacity/runs/T89p7328_rho1p33655em05/fac-opacity-cowan-state/starout.h5
89.7328088339968,1.920722248123928e-05,fac-opacity-cowan-state,T89p7328_rho1p92072em05,0.3402737511690831,1.1825153564418418,0.4260348648600718,0.08568117325944216,ok,/home/elads/STAR/full_grid_solar_opacity/runs/T89p7328_rho1p92072em05/fac-opacity-cowan-state/starout.h5
89.7328088339968,2.760227522090268e-05,fac-opacity-cowan-state,T89p7328_rho2p76023em05,0.3401805295339606,1.4393117362379693,0.45437477251294545,0.11409078017950035,ok,/home/elads/STAR/full_grid_solar_opacity/runs/T89p7328_rho2p76023em05/fac-opacity-cowan-state/starout.h5
89.7328088339968,3.966662010161191e-05,fac-opacity-cowan-state,T89p7328_rho3p96666em05,0.3400510951116793,1.7855848755952306,0.4936758138308614,0.15348461459520246,ok,/home/elads/STAR/full_grid_solar_opacity/runs/T89p7328_rho3p96666em05/fac-opacity-cowan-state/starout.h5
89.7328088339968,5.7004023678963655e-05,fac-opacity-cowan-state,T89p7328_rho5p7004em05,0.3398838372294439,2.1276977543348425,0.5226274941760799,0.18256336118694338,ok,/home/elads/STAR/full_grid_solar_opacity/runs/T89p7328_rho5p7004em05/fac-opacity-cowan-state/starout.h5
89.7328088339968,8.191922344953684e-05,fac-opacity-cowan-state,T89p7328_rho8p19192em05,0.33964085276500233,2.610533410266011,0.5746386012386098,0.23475407339949533,ok,/home/elads/STAR/full_grid_solar_opacity/runs/T89p7328_rho8p19192em05/fac-opacity-cowan-state/starout.h5
89.7328088339968,0.00011772430676769293,fac-opacity-cowan-state,T89p7328_rho0p000117724,0.3393050559750147,3.2157784232504176,0.6630431073040265,0.32340639812520106,ok,/home/elads/STAR/full_grid_solar_opacity/runs/T89p7328_rho0p000117724/fac-opacity-cowan-state/starout.h5
89.7328088339968,0.00016917900122028344,fac-opacity-cowan-state,T89p7328_rho0p000169179,0.3388436268066188,3.9322344305876715,0.751914214264552,0.41262574361857335,ok,/home/elads/STAR/full_grid_solar_opacity/runs/T89p7328_rho0p000169179/fac-opacity-cowan-state/starout.h5
89.7328088339968,0.0002431234061999784,fac-opacity-cowan-state,T89p7328_rho0p000243123,0.3382118831738324,4.770993607275218,0.8676015983159299,0.5287684998007502,ok,/home/elads/STAR/full_grid_solar_opacity/runs/T89p7328_rho0p000243123/fac-opacity-cowan-state/starout.h5
89.7328088339968,0.0003493872774749123,fac-opacity-cowan-state,T89p7328_rho0p000349387,0.33734747777654395,5.76785661955549,1.0437240539825865,0.7055485287051287,ok,/home/elads/STAR/full_grid_solar_opacity/runs/T89p7328_rho0p000349387/fac-opacity-cowan-state/starout.h5
89.7328088339968,0.0005020967399614471,fac-opacity-cowan-state,T89p7328_rho0p000502097,0.3361848118756723,7.084411499393887,1.3460089501947365,1.008731396094681,ok,/home/elads/STAR/full_grid_solar_opacity/runs/T89p7328_rho0p000502097/fac-opacity-cowan-state/starout.h5
89.7328088339968,0.0007215521357901021,fac-opacity-cowan-state,T89p7328_rho0p000721552,0.3346273898983918,8.273490482677936,1.6158641174597872,1.2796760055158545,ok,/home/elads/STAR/full_grid_solar_opacity/runs/T89p7328_rho0p000721552/fac-opacity-cowan-state/starout.h5
89.7328088339968,0.0010369266382873438,fac-opacity-cowan-state,T89p7328_rho0p00103693,0.33256425169032017,9.96552484127468,2.1580577765363773,1.8234399764032,ok,/home/elads/STAR/full_grid_solar_opacity/runs/T89p7328_rho0p00103693/fac-opacity-cowan-state/starout.h5
89.7328088339968,0.0014901443705277455,fac-opacity-cowan-state,T89p7328_rho0p00149014,0.32986413439113954,12.331032054665659,2.9045748385330574,2.5720416859481903,ok,/home/elads/STAR/full_grid_solar_opacity/runs/T89p7328_rho0p00149014/fac-opacity-cowan-state/starout.h5
89.7328088339968,0.002141453563853953,fac-opacity-cowan-state,T89p7328_rho0p00214145,0.3263860556964578,14.932018977109907,3.616088815657593,3.285933812977513,ok,/home/elads/STAR/full_grid_solar_opacity/runs/T89p7328_rho0p00214145/fac-opacity-cowan-state/starout.h5
89.7328088339968,0.003077435620898055,fac-opacity-cowan-state,T89p7328_rho0p00307744,0.32197772528771895,18.869428416916733,4.9106383442652355,4.583659853710852,ok,/home/elads/STAR/full_grid_solar_opacity/runs/T89p7328_rho0p00307744/fac-opacity-cowan-state/starout.h5
89.7328088339968,0.004422514763163053,fac-opacity-cowan-state,T89p7328_rho0p00442251,0.3165111778373304,25.071259596450126,7.200132934173951,6.878117672436449,ok,/home/elads/STAR/full_grid_solar_opacity/runs/T89p7328_rho0p00442251/fac-opacity-cowan-state/starout.h5
89.7328088339968,0.006355498291362301,fac-opacity-cowan-state,T89p7328_rho0p0063555,0.30989544487428505,32.1675380771721,9.32237391941501,9.005488720510632,ok,/home/elads/STAR/full_grid_solar_opacity/runs/T89p7328_rho0p0063555/fac-opacity-cowan-state/starout.h5
89.7328088339968,0.009133346228248624,fac-opacity-cowan-state,T89p7328_rho0p00913335,0.3020951739888917,40.58040692325965,10.557452714338568,10.244964740826264,ok,/home/elads/STAR/full_grid_solar_opacity/runs/T89p7328_rho0p00913335/fac-opacity-cowan-state/starout.h5
89.7328088339968,0.01312533014735226,fac-opacity-cowan-state,T89p7328_rho0p0131253,0.29316805330415596,54.03603250831482,14.773311847726532,14.470356834455535,ok,/home/elads/STAR/full_grid_solar_opacity/runs/T89p7328_rho0p0131253/fac-opacity-cowan-state/starout.h5
89.7328088339968,0.018862122071335155,fac-opacity-cowan-state,T89p7328_rho0p0188621,0.28328246099852616,69.34099217824166,16.04884841971856,15.752713622753852,ok,/home/elads/STAR/full_grid_solar_opacity/runs/T89p7328_rho0p0188621/fac-opacity-cowan-state/starout.h5
89.7328088339968,0.02710633904364831,fac-opacity-cowan-state,T89p7328_rho0p0271063,0.2727057300137896,92.69486690160298,20.625629391455195,20.340077369466318,ok,/home/elads/STAR/full_grid_solar_opacity/runs/T89p7328_rho0p0271063/fac-opacity-cowan-state/starout.h5
89.7328088339968,0.038953921174427183,fac-opacity-cowan-state,T89p7328_rho0p0389539,0.2617989579510803,121.63098023797377,22.266820810873288,21.990136266658872,ok,/home/elads/STAR/full_grid_solar_opacity/runs/T89p7328_rho0p0389539/fac-opacity-cowan-state/starout.h5
89.7328088339968,0.0559798197912329,fac-opacity-cowan-state,T89p7328_rho0p0559798,0.2509710282183265,164.1201826793519,26.111640335240935,25.845648267305343,ok,/home/elads/STAR/full_grid_solar_opacity/runs/T89p7328_rho0p0559798/fac-opacity-cowan-state/starout.h5
89.7328088339968,0.08044736266284185,fac-opacity-cowan-state,T89p7328_rho0p0804474,0.2406268383784604,221.1322336482133,28.403179593140067,28.147632238253927,ok,/home/elads/STAR/full_grid_solar_opacity/runs/T89p7328_rho0p0804474/fac-opacity-cowan-state/starout.h5
89.7328088339968,0.11560912813835741,fac-opacity-cowan-state,T89p7328_rho0p115609,0.23117176090997632,301.7902696622976,33.86122337967023,33.61646799131449,ok,/home/elads/STAR/full_grid_solar_opacity/runs/T89p7328_rho0p115609/fac-opacity-cowan-state/starout.h5
89.7328088339968,0.1661393247274789,fac-opacity-cowan-state,T89p7328_rho0p166139,0.2229279683622063,416.7687525529391,45.30573658288655,45.07139862967929,ok,/home/elads/STAR/full_grid_solar_opacity/runs/T89p7328_rho0p166139/fac-opacity-cowan-state/starout.h5
89.7328088339968,0.23875515424585794,fac-opacity-cowan-state,T89p7328_rho0p238755,0.21616268337916483,572.6692856356473,48.46861042757397,48.24198985465297,ok,/home/elads/STAR/full_grid_solar_opacity/runs/T89p7328_rho0p238755/fac-opacity-cowan-state/starout.h5
89.7328088339968,0.34310975906798746,fac-opacity-cowan-state,T89p7328_rho0p34311,0.21068915073486916,779.8026292368035,59.30036852039706,59.08001507976163,ok,/home/elads/STAR/full_grid_solar_opacity/runs/T89p7328_rho0p34311/fac-opacity-cowan-state/starout.h5
89.7328088339968,0.49307545690287347,fac-opacity-cowan-state,T89p7328_rho0p493075,0.20724411501971046,1073.0025251246639,78.01868188369174,77.80390668795765,ok,/home/elads/STAR/full_grid_solar_opacity/runs/T89p7328_rho0p493075/fac-opacity-cowan-state/starout.h5
89.7328088339968,0.7085878491488851,fac-opacity-cowan-state,T89p7328_rho0p708588,0.20569206139302826,1466.0993112836597,90.42515001564537,90.21191046532097,ok,/home/elads/STAR/full_grid_solar_opacity/runs/T89p7328_rho0p708588/fac-opacity-cowan-state/starout.h5
89.7328088339968,1.0182959482819007,fac-opacity-cowan-state,T89p7328_rho1p0183,0.20619909215573645,1972.3107507190025,112.74770278819805,112.53610128758164,ok,/home/elads/STAR/full_grid_solar_opacity/runs/T89p7328_rho1p0183/fac-opacity-cowan-state/starout.h5
89.7328088339968,1.4633706173946401,fac-opacity-cowan-state,T89p7328_rho1p46337,0.2089243072171944,2617.3583063941714,130.51279988275112,130.29943370194934,ok,/home/elads/STAR/full_grid_solar_opacity/runs/T89p7328_rho1p46337/fac-opacity-cowan-state/starout.h5
89.7328088339968,2.1029775945461404,fac-opacity-cowan-state,T89p7328_rho2p10298,0.21426454272926487,3418.3691411451327,158.44980272890103,158.2322933063002,ok,/home/elads/STAR/full_grid_solar_opacity/runs/T89p7328_rho2p10298/fac-opacity-cowan-state/starout.h5
89.7328088339968,3.0221426551783854,fac-opacity-cowan-state,T89p7328_rho3p02214,0.2224111407222835,4365.395037705224,187.92944827741965,187.70446286322746,ok,/home/elads/STAR/full_grid_solar_opacity/runs/T89p7328_rho3p02214/fac-opacity-cowan-state/starout.h5
89.7328088339968,4.343054463316713,fac-opacity-cowan-state,T89p7328_rho4p34305,0.23360275646324097,5382.398064165349,232.35132446144533,232.1160767554709,ok,/home/elads/STAR/full_grid_solar_opacity/runs/T89p7328_rho4p34305/fac-opacity-cowan-state/starout.h5
89.7328088339968,6.241307649397467,fac-opacity-cowan-state,T89p7328_rho6p24131,0.247811642287255,6380.654379613724,274.0666087279032,273.8178485994142,ok,/home/elads/STAR/full_grid_solar_opacity/runs/T89p7328_rho6p24131/fac-opacity-cowan-state/starout.h5
89.7328088339968,8.969245378672715,fac-opacity-cowan-state,T89p7328_rho8p96925,0.2646003260485656,7243.193848914628,345.637008305766,345.37208104279347,ok,/home/elads/STAR/full_grid_solar_opacity/runs/T89p7328_rho8p96925/fac-opacity-cowan-state/starout.h5
89.7328088339968,12.889504440725364,fac-opacity-cowan-state,T89p7328_rho12p8895,0.2835831585333014,8271.567127670283,432.4634338906557,432.1799529713541,ok,/home/elads/STAR/full_grid_solar_opacity/runs/T89p7328_rho12p8895/fac-opacity-cowan-state/starout.h5
89.7328088339968,18.52322215674118,fac-opacity-cowan-state,T89p7328_rho18p5232,0.3029461382506086,9911.964212085122,533.0884718398913,532.7858790215136,ok,/home/elads/STAR/full_grid_solar_opacity/runs/T89p7328_rho18p5232/fac-opacity-cowan-state/starout.h5
89.7328088339968,26.61931346126126,fac-opacity-cowan-state,T89p7328_rho26p6193,0.3215792228757206,11374.871559376492,615.4463258680934,615.1252242820699,ok,/home/elads/STAR/full_grid_solar_opacity/runs/T89p7328_rho26p6193/fac-opacity-cowan-state/starout.h5
89.7328088339968,38.254027466328665,fac-opacity-cowan-state,T89p7328_rho38p254,0.33881508003738686,12112.307247854316,687.1514335199512,686.8131620054676,ok,/home/elads/STAR/full_grid_solar_opacity/runs/T89p7328_rho38p254/fac-opacity-cowan-state/starout.h5
89.7328088339968,54.97401800103719,fac-opacity-cowan-state,T89p7328_rho54p974,0.3551056095313879,11546.048625598865,784.7853166946634,784.4308617175884,ok,/home/elads/STAR/full_grid_solar_opacity/runs/T89p7328_rho54p974/fac-opacity-cowan-state/starout.h5
89.7328088339968,79.0019471240894,fac-opacity-cowan-state,T89p7328_rho79p0019,0.3717217982783372,9491.936254541404,1041.0194416254444,1040.6485190330973,ok,/home/elads/STAR/full_grid_solar_opacity/runs/T89p7328_rho79p0019/fac-opacity-cowan-state/starout.h5
89.7328088339968,113.53195339077567,fac-opacity-cowan-state,T89p7328_rho113p532,0.39095086790981043,6882.775393781961,1582.6040194349473,1582.21391829742,ok,/home/elads/STAR/full_grid_solar_opacity/runs/T89p7328_rho113p532/fac-opacity-cowan-state/starout.h5
89.7328088339968,163.15426277379785,fac-opacity-cowan-state,T89p7328_rho163p154,0.4146530489890928,5090.354917320879,2192.922287790511,2192.508308558954,ok,/home/elads/STAR/full_grid_solar_opacity/runs/T89p7328_rho163p154/fac-opacity-cowan-state/starout.h5
89.7328088339968,234.46538763970608,fac-opacity-cowan-state,T89p7328_rho234p465,0.4445361967939662,3855.6158777531377,2334.4518598437794,2334.0077998964966,ok,/home/elads/STAR/full_grid_solar_opacity/runs/T89p7328_rho234p465/fac-opacity-cowan-state/starout.h5
89.7328088339968,336.94503022121665,fac-opacity-cowan-state,T89p7328_rho336p945,0.4815908483642199,2820.4669738683865,2069.2468599541903,2068.765631323398,ok,/home/elads/STAR/full_grid_solar_opacity/runs/T89p7328_rho336p945/fac-opacity-cowan-state/starout.h5
89.7328088339968,484.21626123015125,fac-opacity-cowan-state,T89p7328_rho484p216,0.5265405498098141,2005.1868073111682,1673.6171986036645,1673.090931998328,ok,/home/elads/STAR/full_grid_solar_opacity/runs/T89p7328_rho484p216/fac-opacity-cowan-state/starout.h5
89.7328088339968,695.8564947100452,fac-opacity-cowan-state,T89p7328_rho695p856,0.5802895386335538,1389.4123343190952,1267.995120951341,1267.415019152846,ok,/home/elads/STAR/full_grid_solar_opacity/runs/T89p7328_rho695p856/fac-opacity-cowan-state/starout.h5
89.7328088339968,1000.0,fac-opacity-cowan-state,T89p7328_rho1000,0.6434118835846068,941.7253284068344,910.78974382678,910.1464372538057,ok,/home/elads/STAR/full_grid_solar_opacity/runs/T89p7328_rho1000/fac-opacity-cowan-state/starout.h5
98.7851482628967,1e-17,fac-opacity-cowan-state,T98p7851_rho1em17,0.34061554303426717,1.7640290606769502e-08,0.34061558521464635,4.199133740915827e-08,ok,/home/elads/STAR/full_grid_solar_opacity/runs/T98p7851_rho1em17/fac-opacity-cowan-state/starout.h5
98.7851482628967,1.4370779141993746e-17,fac-opacity-cowan-state,T98p7851_rho1p43708em17,0.34061554335411665,1.7640298450051257e-08,0.34061558553449955,4.19913413831967e-08,ok,/home/elads/STAR/full_grid_solar_opacity/runs/T98p7851_rho1p43708em17/fac-opacity-cowan-state/starout.h5
98.7851482628967,2.065192931479625e-17,fac-opacity-cowan-state,T98p7851_rho2p06519em17,0.3406155436552756,1.7640309726782225e-08,0.3406155858356655,4.1991348152539596e-08,ok,/home/elads/STAR/full_grid_solar_opacity/runs/T98p7851_rho2p06519em17/fac-opacity-cowan-state/starout.h5
98.7851482628967,2.9678431503900313e-17,fac-opacity-cowan-state,T98p7851_rho2p96784em17,0.3406155452859468,1.764032505822981e-08,0.34061558746632475,4.19913364148377e-08,ok,/home/elads/STAR/full_grid_solar_opacity/runs/T98p7851_rho2p96784em17/fac-opacity-cowan-state/starout.h5
98.7851482628967,4.2650218442334076e-17,fac-opacity-cowan-state,T98p7851_rho4p26502em17,0.3406155263476902,1.7640347869796788e-08,0.34061556852807395,4.1991341900912754e-08,ok,/home/elads/STAR/full_grid_solar_opacity/runs/T98p7851_rho4p26502em17/fac-opacity-cowan-state/starout.h5
98.7851482628967,6.129168695925715e-17,fac-opacity-cowan-state,T98p7851_rho6p12917em17,0.3406155452869369,1.7640382018002488e-08,0.3406155874673528,4.199137464416607e-08,ok,/home/elads/STAR/full_grid_solar_opacity/runs/T98p7851_rho6p12917em17/fac-opacity-cowan-state/starout.h5
98.7851482628967,8.808092965317026e-17,fac-opacity-cowan-state,T98p7851_rho8p80809em17,0.3406155452880071,1.7640429586345944e-08,0.3406155874684445,4.199139644798209e-08,ok,/home/elads/STAR/full_grid_solar_opacity/runs/T98p7851_rho8p80809em17/fac-opacity-cowan-state/starout.h5
98.7851482628967,1.2657915866672028e-16,fac-opacity-cowan-state,T98p7851_rho1p26579em16,0.34061554528801,1.7640497859490377e-08,0.3406155874684669,4.199141628150645e-08,ok,/home/elads/STAR/full_grid_solar_opacity/runs/T98p7851_rho1p26579em16/fac-opacity-cowan-state/starout.h5
98.7851482628967,1.819041133178821e-16,fac-opacity-cowan-state,T98p7851_rho1p81904em16,0.3406155452885136,1.7640595910192097e-08,0.34061558746900933,4.19914556428602e-08,ok,/home/elads/STAR/full_grid_solar_opacity/runs/T98p7851_rho1p81904em16/fac-opacity-cowan-state/starout.h5
98.7851482628967,2.6141038375114865e-16,fac-opacity-cowan-state,T98p7851_rho2p6141em16,0.340615545287496,1.7640763755642744e-08,0.34061558746811743,4.199158007596677e-08,ok,/home/elads/STAR/full_grid_solar_opacity/runs/T98p7851_rho2p6141em16/fac-opacity-cowan-state/starout.h5
98.7851482628967,3.7566708903116036e-16,fac-opacity-cowan-state,T98p7851_rho3p75667em16,0.34061554527276683,1.7674034740129307e-08,0.3406155875713427,4.2108430559374874e-08,ok,/home/elads/STAR/full_grid_solar_opacity/runs/T98p7851_rho3p75667em16/fac-opacity-cowan-state/starout.h5
98.7851482628967,5.398628767382507e-16,fac-opacity-cowan-state,T98p7851_rho5p39863em16,0.3406153196383329,1.911366772078441e-08,0.3406153630038433,4.3164750589979315e-08,ok,/home/elads/STAR/full_grid_solar_opacity/runs/T98p7851_rho5p39863em16/fac-opacity-cowan-state/starout.h5
98.7851482628967,7.758250168566793e-16,fac-opacity-cowan-state,T98p7851_rho7p75825em16,0.3406150258568184,2.48722136171567e-08,0.3406151011786529,7.498552245620588e-08,ok,/home/elads/STAR/full_grid_solar_opacity/runs/T98p7851_rho7p75825em16/fac-opacity-cowan-state/starout.h5
98.7851482628967,1.1149209970080914e-15,fac-opacity-cowan-state,T98p7851_rho1p11492em15,0.34061464839319977,3.4857983015941926e-08,0.3406147564187728,1.0755232846768742e-07,ok,/home/elads/STAR/full_grid_solar_opacity/runs/T98p7851_rho1p11492em15/fac-opacity-cowan-state/starout.h5
98.7851482628967,1.6022283408774753e-15,fac-opacity-cowan-state,T98p7851_rho1p60223em15,0.3406143297427318,4.8754756150357544e-08,0.3406144823802703,1.5196132708261805e-07,ok,/home/elads/STAR/full_grid_solar_opacity/runs/T98p7851_rho1p60223em15/fac-opacity-cowan-state/starout.h5
98.7851482628967,2.3025269621793266e-15,fac-opacity-cowan-state,T98p7851_rho2p30253em15,0.3406138751267713,6.786359136369872e-08,0.3406140922580068,2.1617882553511105e-07,ok,/home/elads/STAR/full_grid_solar_opacity/runs/T98p7851_rho2p30253em15/fac-opacity-cowan-state/starout.h5
98.7851482628967,3.308910644196489e-15,fac-opacity-cowan-state,T98p7851_rho3p30891em15,0.3406135278921687,9.43119699607069e-08,0.3406138372185271,3.079748718596616e-07,ok,/home/elads/STAR/full_grid_solar_opacity/runs/T98p7851_rho3p30891em15/fac-opacity-cowan-state/starout.h5
98.7851482628967,4.755162406834019e-15,fac-opacity-cowan-state,T98p7851_rho4p75516em15,0.34061312224327167,1.3115947266554386e-07,0.34061357389634755,4.4969881526671617e-07,ok,/home/elads/STAR/full_grid_solar_opacity/runs/T98p7851_rho4p75516em15/fac-opacity-cowan-state/starout.h5
98.7851482628967,6.8335388732923106e-15,fac-opacity-cowan-state,T98p7851_rho6p83354em15,0.340612707719772,1.8280841011169287e-07,0.3406132413195977,5.312783144950031e-07,ok,/home/elads/STAR/full_grid_solar_opacity/runs/T98p7851_rho6p83354em15/fac-opacity-cowan-state/starout.h5
98.7851482628967,9.820327790631256e-15,fac-opacity-cowan-state,T98p7851_rho9p82033em15,0.34061228721834985,2.558135632448289e-07,0.3406131912753628,9.001972107374862e-07,ok,/home/elads/STAR/full_grid_solar_opacity/runs/T98p7851_rho9p82033em15/fac-opacity-cowan-state/starout.h5
98.7851482628967,1.4112576178114521e-14,fac-opacity-cowan-state,T98p7851_rho1p41126em14,0.3406118652536096,3.5928337566806324e-07,0.3406131300300786,1.2594450576747365e-06,ok,/home/elads/STAR/full_grid_solar_opacity/runs/T98p7851_rho1p41126em14/fac-opacity-cowan-state/starout.h5
98.7851482628967,2.0280871538024598e-14,fac-opacity-cowan-state,T98p7851_rho2p02809em14,0.34061144282659983,5.067751041928672e-07,0.34061326432150757,1.8138071012857401e-06,ok,/home/elads/STAR/full_grid_solar_opacity/runs/T98p7851_rho2p02809em14/fac-opacity-cowan-state/starout.h5
98.7851482628967,2.914519256800997e-14,fac-opacity-cowan-state,T98p7851_rho2p91452em14,0.34061102644824576,7.164253477270057e-07,0.34061196475745803,9.337373309549194e-07,ok,/home/elads/STAR/full_grid_solar_opacity/runs/T98p7851_rho2p91452em14/fac-opacity-cowan-state/starout.h5
98.7851482628967,4.188391254457488e-14,fac-opacity-cowan-state,T98p7851_rho4p18839em14,0.340610618075113,1.0174930530451097e-06,0.34061412440362243,3.4916185599379465e-06,ok,/home/elads/STAR/full_grid_solar_opacity/runs/T98p7851_rho4p18839em14/fac-opacity-cowan-state/starout.h5
98.7851482628967,6.019044567806669e-14,fac-opacity-cowan-state,T98p7851_rho6p01904em14,0.3406102161812761,1.4461889441396617e-06,0.3406148666255487,4.6308788775526275e-06,ok,/home/elads/STAR/full_grid_solar_opacity/runs/T98p7851_rho6p01904em14/fac-opacity-cowan-state/starout.h5
98.7851482628967,8.649836012976684e-14,fac-opacity-cowan-state,T98p7851_rho8p64984em14,0.3406097381601518,2.0581665267579924e-06,0.3406164943281834,6.727903219802914e-06,ok,/home/elads/STAR/full_grid_solar_opacity/runs/T98p7851_rho8p64984em14/fac-opacity-cowan-state/starout.h5
98.7851482628967,1.2430488295695167e-13,fac-opacity-cowan-state,T98p7851_rho1p24305em13,0.34060928756963094,2.931853012541629e-06,0.34061835004042945,9.024586889477872e-06,ok,/home/elads/STAR/full_grid_solar_opacity/runs/T98p7851_rho1p24305em13/fac-opacity-cowan-state/starout.h5
98.7851482628967,1.7863580192457348e-13,fac-opacity-cowan-state,T98p7851_rho1p78636em13,0.3406088311740064,4.17998725727116e-06,0.3406211556329261,1.2272827768179338e-05,ok,/home/elads/STAR/full_grid_solar_opacity/runs/T98p7851_rho1p78636em13/fac-opacity-cowan-state/starout.h5
98.7851482628967,2.567135656310987e-13,fac-opacity-cowan-state,T98p7851_rho2p56714em13,0.34060836296379743,5.960744100833406e-06,0.34061270714439773,4.323519689163661e-06,ok,/home/elads/STAR/full_grid_solar_opacity/runs/T98p7851_rho2p56714em13/fac-opacity-cowan-state/starout.h5
98.7851482628967,3.6891739544382357e-13,fac-opacity-cowan-state,T98p7851_rho3p68917em13,0.34060790398248747,8.50955233318464e-06,0.34062654810425236,1.8566775037281455e-05,ok,/home/elads/STAR/full_grid_solar_opacity/runs/T98p7851_rho3p68917em13/fac-opacity-cowan-state/starout.h5
98.7851482628967,5.301630411562758e-13,fac-opacity-cowan-state,T98p7851_rho5p30163em13,0.340607489338676,1.2164834710737413e-05,0.3406312600326488,2.3670454660699645e-05,ok,/home/elads/STAR/full_grid_solar_opacity/runs/T98p7851_rho5p30163em13/fac-opacity-cowan-state/starout.h5
98.7851482628967,7.618855973704612e-13,fac-opacity-cowan-state,T98p7851_rho7p61886em13,0.34060689599115646,1.740575596151744e-05,0.3406357656305109,2.874738436533468e-05,ok,/home/elads/STAR/full_grid_solar_opacity/runs/T98p7851_rho7p61886em13/fac-opacity-cowan-state/starout.h5
98.7851482628967,1.0948889651276868e-12,fac-opacity-cowan-state,T98p7851_rho1p09489em12,0.3405446027383987,2.4888420885290832e-05,0.3405766922068358,3.195311762982958e-05,ok,/home/elads/STAR/full_grid_solar_opacity/runs/T98p7851_rho1p09489em12/fac-opacity-cowan-state/starout.h5
98.7851482628967,1.5734407502856082e-12,fac-opacity-cowan-state,T98p7851_rho1p57344em12,0.34054380050178973,3.558494236328386e-05,0.34058822293581187,4.428410681821731e-05,ok,/home/elads/STAR/full_grid_solar_opacity/runs/T98p7851_rho1p57344em12/fac-opacity-cowan-state/starout.h5
98.7851482628967,2.26115695153675e-12,fac-opacity-cowan-state,T98p7851_rho2p26116em12,0.34054307501053876,5.0847537878913965e-05,0.3405860354410765,4.277524143192195e-05,ok,/home/elads/STAR/full_grid_solar_opacity/runs/T98p7851_rho2p26116em12/fac-opacity-cowan-state/starout.h5
98.7851482628967,3.249458715591849e-12,fac-opacity-cowan-state,T98p7851_rho3p24946em12,0.34054228063868536,7.256442670297595e-05,0.34058849526964674,4.601491463183673e-05,ok,/home/elads/STAR/full_grid_solar_opacity/runs/T98p7851_rho3p24946em12/fac-opacity-cowan-state/starout.h5
98.7851482628967,4.669725353279713e-12,fac-opacity-cowan-state,T98p7851_rho4p66973em12,0.340541326264987,0.00010343989629183234,0.34058887590078263,4.734617195268187e-05,ok,/home/elads/STAR/full_grid_solar_opacity/runs/T98p7851_rho4p66973em12/fac-opacity-cowan-state/starout.h5
98.7851482628967,6.710759170575148e-12,fac-opacity-cowan-state,T98p7851_rho6p71076em12,0.3405405725789348,0.00014707051491469236,0.3406000801390515,5.924813680423271e-05,ok,/home/elads/STAR/full_grid_solar_opacity/runs/T98p7851_rho6p71076em12/fac-opacity-cowan-state/starout.h5
98.7851482628967,9.64388379154446e-12,fac-opacity-cowan-state,T98p7851_rho9p64388em12,0.34053962185135356,0.00020844209200618003,0.34061531938167944,7.541688849496614e-05,ok,/home/elads/STAR/full_grid_solar_opacity/runs/T98p7851_rho9p64388em12/fac-opacity-cowan-state/starout.h5
98.7851482628967,1.3859012403933867e-11,fac-opacity-cowan-state,T98p7851_rho1p3859em11,0.3405387045706298,0.0002944340797092092,0.3406177233207902,7.868227650243132e-05,ok,/home/elads/STAR/full_grid_solar_opacity/runs/T98p7851_rho1p3859em11/fac-opacity-cowan-state/starout.h5
98.7851482628967,1.9916480638308542e-11,fac-opacity-cowan-state,T98p7851_rho1p99165em11,0.34053774887389526,0.00041379982485013417,0.3406421181254297,0.00010401255184193007,ok,/home/elads/STAR/full_grid_solar_opacity/runs/T98p7851_rho1p99165em11/fac-opacity-cowan-state/starout.h5
98.7851482628967,2.8621534453892672e-11,fac-opacity-cowan-state,T98p7851_rho2p86215em11,0.34053676196360083,0.0005784127796820883,0.3406540922333422,0.00011684105465007171,ok,/home/elads/STAR/full_grid_solar_opacity/runs/T98p7851_rho2p86215em11/fac-opacity-cowan-state/starout.h5
98.7851482628967,4.1131375034185614e-11,fac-opacity-cowan-state,T98p7851_rho4p11314em11,0.34053574989158125,0.0008030847701840438,0.3406695684941638,0.00013323886638231635,ok,/home/elads/STAR/full_grid_solar_opacity/runs/T98p7851_rho4p11314em11/fac-opacity-cowan-state/starout.h5
98.7851482628967,5.910899064227969e-11,fac-opacity-cowan-state,T98p7851_rho5p9109em11,0.3405346970518549,0.0011078474635000043,0.3407110740920739,0.00017566781350070661,ok,/home/elads/STAR/full_grid_solar_opacity/runs/T98p7851_rho5p9109em11/fac-opacity-cowan-state/starout.h5
98.7851482628967,8.4944224982638e-11,fac-opacity-cowan-state,T98p7851_rho8p49442em11,0.34053361412009797,0.0015184317030976743,0.34079271960589125,0.0002583831463459127,ok,/home/elads/STAR/full_grid_solar_opacity/runs/T98p7851_rho8p49442em11/fac-opacity-cowan-state/starout.h5
98.7851482628967,1.2207146966133182e-10,fac-opacity-cowan-state,T98p7851_rho1p22071em10,0.3405324204892853,0.0020679434325334696,0.3408080857717234,0.00027467013486327465,ok,/home/elads/STAR/full_grid_solar_opacity/runs/T98p7851_rho1p22071em10/fac-opacity-cowan-state/starout.h5
98.7851482628967,1.7542621300415897e-10,fac-opacity-cowan-state,T98p7851_rho1p75426em10,0.34053116869722705,0.0028035520411262694,0.3409287865967636,0.00039634579710882907,ok,/home/elads/STAR/full_grid_solar_opacity/runs/T98p7851_rho1p75426em10/fac-opacity-cowan-state/starout.h5
98.7851482628967,2.52101136279913e-10,fac-opacity-cowan-state,T98p7851_rho2p52101em10,0.3405299219098272,0.003784190549611391,0.3411416061102665,0.0006100982253444665,ok,/home/elads/STAR/full_grid_solar_opacity/runs/T98p7851_rho2p52101em10/fac-opacity-cowan-state/starout.h5
98.7851482628967,3.6228897509242966e-10,fac-opacity-cowan-state,T98p7851_rho3p62289em10,0.3405284800193843,0.005083790809580647,0.3412673939464386,0.0007365991421882901,ok,/home/elads/STAR/full_grid_solar_opacity/runs/T98p7851_rho3p62289em10/fac-opacity-cowan-state/starout.h5
98.7851482628967,5.20637484663258e-10,fac-opacity-cowan-state,T98p7851_rho5p20637em10,0.34052689195002445,0.006788125983572516,0.3414130753763919,0.0008832013058370523,ok,/home/elads/STAR/full_grid_solar_opacity/runs/T98p7851_rho5p20637em10/fac-opacity-cowan-state/starout.h5
98.7851482628967,7.481966305138837e-10,fac-opacity-cowan-state,T98p7851_rho7p48197em10,0.34052511846647215,0.008975553350847883,0.3416612668081466,0.0011325820761577308,ok,/home/elads/STAR/full_grid_solar_opacity/runs/T98p7851_rho7p48197em10/fac-opacity-cowan-state/starout.h5
98.7851482628967,1.0752168531898921e-09,fac-opacity-cowan-state,T98p7851_rho1p07522em09,0.34052322333999285,0.011813014127527818,0.34190016164183373,0.0013726537963233163,ok,/home/elads/STAR/full_grid_solar_opacity/runs/T98p7851_rho1p07522em09/fac-opacity-cowan-state/starout.h5
98.7851482628967,1.5451703926941453e-09,fac-opacity-cowan-state,T98p7851_rho1p54517em09,0.3405211351229448,0.015347411999783936,0.34247786453506585,0.0019521869447986543,ok,/home/elads/STAR/full_grid_solar_opacity/runs/T98p7851_rho1p54517em09/fac-opacity-cowan-state/starout.h5
98.7851482628967,2.220530245015531e-09,fac-opacity-cowan-state,T98p7851_rho2p22053em09,0.3405189150884499,0.01968979523649133,0.3428378045634526,0.002312835780099111,ok,/home/elads/STAR/full_grid_solar_opacity/runs/T98p7851_rho2p22053em09/fac-opacity-cowan-state/starout.h5
98.7851482628967,3.1910749729235452e-09,fac-opacity-cowan-state,T98p7851_rho3p19107em09,0.34051675937165615,0.024876137772497278,0.3433337516944962,0.0028097493713441506,ok,/home/elads/STAR/full_grid_solar_opacity/runs/T98p7851_rho3p19107em09/fac-opacity-cowan-state/starout.h5
98.7851482628967,4.585823366142813e-09,fac-opacity-cowan-state,T98p7851_rho4p58582em09,0.340514042749725,0.03100934648044473,0.3440239528084864,0.0035009130862699257,ok,/home/elads/STAR/full_grid_solar_opacity/runs/T98p7851_rho4p58582em09/fac-opacity-cowan-state/starout.h5
98.7851482628967,6.590185477903269e-09,fac-opacity-cowan-state,T98p7851_rho6p59019em09,0.3405112123688642,0.03817917369154554,0.3445823203105449,0.004060957269087644,ok,/home/elads/STAR/full_grid_solar_opacity/runs/T98p7851_rho6p59019em09/fac-opacity-cowan-state/starout.h5
98.7851482628967,9.470610000772238e-09,fac-opacity-cowan-state,T98p7851_rho9p47061em09,0.34050871339881245,0.046462690625040846,0.34537917225350157,0.004858974102502946,ok,/home/elads/STAR/full_grid_solar_opacity/runs/T98p7851_rho9p47061em09/fac-opacity-cowan-state/starout.h5
98.7851482628967,1.3610004466105506e-08,fac-opacity-cowan-state,T98p7851_rho1p361em08,0.3405049385025643,0.06095088387314583,0.3467707607939544,0.00625101628405536,ok,/home/elads/STAR/full_grid_solar_opacity/runs/T98p7851_rho1p361em08/fac-opacity-cowan-state/starout.h5
98.7851482628967,1.9558636830395073e-08,fac-opacity-cowan-state,T98p7851_rho1p95586em08,0.34050201376529887,0.07260726768391326,0.3476097536797502,0.007091042543031917,ok,/home/elads/STAR/full_grid_solar_opacity/runs/T98p7851_rho1p95586em08/fac-opacity-cowan-state/starout.h5
98.7851482628967,2.810728502080722e-08,fac-opacity-cowan-state,T98p7851_rho2p81073em08,0.3404989705432044,0.08569795305526441,0.349207564011029,0.008690231942434677,ok,/home/elads/STAR/full_grid_solar_opacity/runs/T98p7851_rho2p81073em08/fac-opacity-cowan-state/starout.h5
98.7851482628967,4.039235853150913e-08,fac-opacity-cowan-state,T98p7851_rho4p03924em08,0.34049594270031186,0.10084373218807059,0.34998157957946613,0.009465888852354021,ok,/home/elads/STAR/full_grid_solar_opacity/runs/T98p7851_rho4p03924em08/fac-opacity-cowan-state/starout.h5
98.7851482628967,5.804696634805446e-08,fac-opacity-cowan-state,T98p7851_rho5p8047em08,0.3404926894394782,0.11771361744868299,0.3511430698647084,0.01062734926643574,ok,/home/elads/STAR/full_grid_solar_opacity/runs/T98p7851_rho5p8047em08/fac-opacity-cowan-state/starout.h5
98.7851482628967,8.341801332506338e-08,fac-opacity-cowan-state,T98p7851_rho8p3418em08,0.3404893949305687,0.13645877637086978,0.35278406876782686,0.012269760168306476,ok,/home/elads/STAR/full_grid_solar_opacity/runs/T98p7851_rho8p3418em08/fac-opacity-cowan-state/starout.h5
98.7851482628967,1.1987818459583772e-07,fac-opacity-cowan-state,T98p7851_rho1p19878em07,0.34048580410319795,0.1568725956191597,0.35389358849323793,0.01338216471509698,ok,/home/elads/STAR/full_grid_solar_opacity/runs/T98p7851_rho1p19878em07/fac-opacity-cowan-state/starout.h5
98.7851482628967,1.7227429147699408e-07,fac-opacity-cowan-state,T98p7851_rho1p72274em07,0.3404819233471777,0.18009818812694123,0.3550795140550733,0.014567798549057888,ok,/home/elads/STAR/full_grid_solar_opacity/runs/T98p7851_rho1p72274em07/fac-opacity-cowan-state/starout.h5
98.7851482628967,2.4757157946593376e-07,fac-opacity-cowan-state,T98p7851_rho2p47572em07,0.34047768603353495,0.20583711213716835,0.3573324308859124,0.016825220100309065,ok,/home/elads/STAR/full_grid_solar_opacity/runs/T98p7851_rho2p47572em07/fac-opacity-cowan-state/starout.h5
98.7851482628967,3.557796490339488e-07,fac-opacity-cowan-state,T98p7851_rho3p5578em07,0.34047280686766546,0.23547266028925348,0.3595741140813414,0.019068108976954858,ok,/home/elads/STAR/full_grid_solar_opacity/runs/T98p7851_rho3p5578em07/fac-opacity-cowan-state/starout.h5
98.7851482628967,5.112830759482948e-07,fac-opacity-cowan-state,T98p7851_rho5p11283em07,0.34046739231867107,0.2675209565444533,0.3610151441095733,0.02051171820026977,ok,/home/elads/STAR/full_grid_solar_opacity/runs/T98p7851_rho5p11283em07/fac-opacity-cowan-state/starout.h5
98.7851482628967,7.347536163492159e-07,fac-opacity-cowan-state,T98p7851_rho7p34754em07,0.3404613621506688,0.30356411965653957,0.36219904844692485,0.021697914427290105,ok,/home/elads/STAR/full_grid_solar_opacity/runs/T98p7851_rho7p34754em07/fac-opacity-cowan-state/starout.h5
98.7851482628967,1.0558981944335787e-06,fac-opacity-cowan-state,T98p7851_rho1p0559em06,0.3404542346263107,0.3457799294885503,0.36539481577362243,0.02489706326337218,ok,/home/elads/STAR/full_grid_solar_opacity/runs/T98p7851_rho1p0559em06/fac-opacity-cowan-state/starout.h5
98.7851482628967,1.517407974863493e-06,fac-opacity-cowan-state,T98p7851_rho1p51741em06,0.34044548575311945,0.3981082119828433,0.3677926818288798,0.027301091469353174,ok,/home/elads/STAR/full_grid_solar_opacity/runs/T98p7851_rho1p51741em06/fac-opacity-cowan-state/starout.h5
98.7851482628967,2.1806334875063253e-06,fac-opacity-cowan-state,T98p7851_rho2p18063em06,0.3404342368097184,0.448001890792063,0.37136037253584125,0.030879691270811943,ok,/home/elads/STAR/full_grid_solar_opacity/runs/T98p7851_rho2p18063em06/fac-opacity-cowan-state/starout.h5
98.7851482628967,3.1337402238588983e-06,fac-opacity-cowan-state,T98p7851_rho3p13374em06,0.3404218334288433,0.5113280445881095,0.37591787688943756,0.03544388643875703,ok,/home/elads/STAR/full_grid_solar_opacity/runs/T98p7851_rho3p13374em06/fac-opacity-cowan-state/starout.h5
98.7851482628967,4.503428864545845e-06,fac-opacity-cowan-state,T98p7851_rho4p50343em06,0.34040493993723947,0.5818340883755132,0.3783432217947004,0.03788395684360379,ok,/home/elads/STAR/full_grid_solar_opacity/runs/T98p7851_rho4p50343em06/fac-opacity-cowan-state/starout.h5
98.7851482628967,6.471778159406801e-06,fac-opacity-cowan-state,T98p7851_rho6p47178em06,0.34038259805221427,0.6756313599978623,0.3869347010007755,0.046491258124952806,ok,/home/elads/STAR/full_grid_solar_opacity/runs/T98p7851_rho6p47178em06/fac-opacity-cowan-state/starout.h5
98.7851482628967,9.300449458481393e-06,fac-opacity-cowan-state,T98p7851_rho9p30045em06,0.34035428230162496,0.7770819858753979,0.3940835635778082,0.05366735865826312,ok,/home/elads/STAR/full_grid_solar_opacity/runs/T98p7851_rho9p30045em06/fac-opacity-cowan-state/starout.h5
98.7851482628967,1.3365470508911143e-05,fac-opacity-cowan-state,T98p7851_rho1p33655em05,0.3403158465703572,0.8919778352388048,0.402256059768488,0.061869998717588165,ok,/home/elads/STAR/full_grid_solar_opacity/runs/T98p7851_rho1p33655em05/fac-opacity-cowan-state/starout.h5
98.7851482628967,1.920722248123928e-05,fac-opacity-cowan-state,T98p7851_rho1p92072em05,0.3402634269161598,1.0295724190048394,0.41194310236702053,0.07160033869686355,ok,/home/elads/STAR/full_grid_solar_opacity/runs/T98p7851_rho1p92072em05/fac-opacity-cowan-state/starout.h5
98.7851482628967,2.760227522090268e-05,fac-opacity-cowan-state,T98p7851_rho2p76023em05,0.34019220220572005,1.2201530069983002,0.4344376956633662,0.0941476866556233,ok,/home/elads/STAR/full_grid_solar_opacity/runs/T98p7851_rho2p76023em05/fac-opacity-cowan-state/starout.h5
98.7851482628967,3.966662010161191e-05,fac-opacity-cowan-state,T98p7851_rho3p96666em05,0.3400937117337672,1.47185199985484,0.462065916558318,0.12184973402123737,ok,/home/elads/STAR/full_grid_solar_opacity/runs/T98p7851_rho3p96666em05/fac-opacity-cowan-state/starout.h5
98.7851482628967,5.7004023678963655e-05,fac-opacity-cowan-state,T98p7851_rho5p7004em05,0.3399635172315408,1.7159821656600767,0.47490182975775613,0.13478992579454094,ok,/home/elads/STAR/full_grid_solar_opacity/runs/T98p7851_rho5p7004em05/fac-opacity-cowan-state/starout.h5
98.7851482628967,8.191922344953684e-05,fac-opacity-cowan-state,T98p7851_rho8p19192em05,0.33977687308334203,2.0801140464646948,0.5198245392703258,0.1798493502551607,ok,/home/elads/STAR/full_grid_solar_opacity/runs/T98p7851_rho8p19192em05/fac-opacity-cowan-state/starout.h5
98.7851482628967,0.00011772430676769293,fac-opacity-cowan-state,T98p7851_rho0p000117724,0.3395187043186621,2.524808154091895,0.5802907778510942,0.24050553322519388,ok,/home/elads/STAR/full_grid_solar_opacity/runs/T98p7851_rho0p000117724/fac-opacity-cowan-state/starout.h5
98.7851482628967,0.00016917900122028344,fac-opacity-cowan-state,T98p7851_rho0p000169179,0.33916248405647187,3.0721857839555087,0.6425367867719828,0.3030179191765659,ok,/home/elads/STAR/full_grid_solar_opacity/runs/T98p7851_rho0p000169179/fac-opacity-cowan-state/starout.h5
98.7851482628967,0.0002431234061999784,fac-opacity-cowan-state,T98p7851_rho0p000243123,0.3386728243136328,3.7099001784143804,0.7187639593308547,0.3795897101177321,ok,/home/elads/STAR/full_grid_solar_opacity/runs/T98p7851_rho0p000243123/fac-opacity-cowan-state/starout.h5
98.7851482628967,0.0003493872774749123,fac-opacity-cowan-state,T98p7851_rho0p000349387,0.3380010458305394,4.54626949772077,0.8490433487826723,0.5103754137942411,ok,/home/elads/STAR/full_grid_solar_opacity/runs/T98p7851_rho0p000349387/fac-opacity-cowan-state/starout.h5
98.7851482628967,0.0005020967399614471,fac-opacity-cowan-state,T98p7851_rho0p000502097,0.33708854725965154,5.46209584554809,1.0373738984965413,0.6993839005239221,ok,/home/elads/STAR/full_grid_solar_opacity/runs/T98p7851_rho0p000502097/fac-opacity-cowan-state/starout.h5
98.7851482628967,0.0007215521357901021,fac-opacity-cowan-state,T98p7851_rho0p000721552,0.33585571448512674,6.595495132979597,1.224148228271896,0.8870597174051063,ok,/home/elads/STAR/full_grid_solar_opacity/runs/T98p7851_rho0p000721552/fac-opacity-cowan-state/starout.h5
98.7851482628967,0.0010369266382873438,fac-opacity-cowan-state,T98p7851_rho0p00103693,0.33420452875142925,7.752382886958139,1.577305835215835,1.2414924535788814,ok,/home/elads/STAR/full_grid_solar_opacity/runs/T98p7851_rho0p00103693/fac-opacity-cowan-state/starout.h5
98.7851482628967,0.0014901443705277455,fac-opacity-cowan-state,T98p7851_rho0p00149014,0.3320236577948114,9.283689605758426,1.973101534669118,1.6389151693052537,ok,/home/elads/STAR/full_grid_solar_opacity/runs/T98p7851_rho0p00149014/fac-opacity-cowan-state/starout.h5
98.7851482628967,0.002141453563853953,fac-opacity-cowan-state,T98p7851_rho0p00214145,0.32917977855902464,11.39465749742931,2.853525864851393,2.521571066966179,ok,/home/elads/STAR/full_grid_solar_opacity/runs/T98p7851_rho0p00214145/fac-opacity-cowan-state/starout.h5
98.7851482628967,0.003077435620898055,fac-opacity-cowan-state,T98p7851_rho0p00307744,0.32552110569737025,13.59734933331243,3.3135204337540665,2.9839574678813667,ok,/home/elads/STAR/full_grid_solar_opacity/runs/T98p7851_rho0p00307744/fac-opacity-cowan-state/starout.h5
98.7851482628967,0.004422514763163053,fac-opacity-cowan-state,T98p7851_rho0p00442251,0.32091080666454985,17.64077222871128,4.450448692049862,4.1245492816682985,ok,/home/elads/STAR/full_grid_solar_opacity/runs/T98p7851_rho0p00442251/fac-opacity-cowan-state/starout.h5
98.7851482628967,0.006355498291362301,fac-opacity-cowan-state,T98p7851_rho0p0063555,0.31522220782411575,22.144312289015872,5.568959808834079,5.246963571909369,ok,/home/elads/STAR/full_grid_solar_opacity/runs/T98p7851_rho0p0063555/fac-opacity-cowan-state/starout.h5
98.7851482628967,0.009133346228248624,fac-opacity-cowan-state,T98p7851_rho0p00913335,0.3083724782773818,28.383321674253395,7.221953341811866,6.904854692266298,ok,/home/elads/STAR/full_grid_solar_opacity/runs/T98p7851_rho0p00913335/fac-opacity-cowan-state/starout.h5
98.7851482628967,0.01312533014735226,fac-opacity-cowan-state,T98p7851_rho0p0131253,0.3003460814651302,38.19889165596055,9.748843819347563,9.4392784835505,ok,/home/elads/STAR/full_grid_solar_opacity/runs/T98p7851_rho0p0131253/fac-opacity-cowan-state/starout.h5
98.7851482628967,0.018862122071335155,fac-opacity-cowan-state,T98p7851_rho0p0188621,0.29122961587494295,48.98973854623462,11.39768677482321,11.09483997097947,ok,/home/elads/STAR/full_grid_solar_opacity/runs/T98p7851_rho0p0188621/fac-opacity-cowan-state/starout.h5
98.7851482628967,0.02710633904364831,fac-opacity-cowan-state,T98p7851_rho0p0271063,0.2812000595422547,65.97090698618058,14.114160679111846,13.820317062935622,ok,/home/elads/STAR/full_grid_solar_opacity/runs/T98p7851_rho0p0271063/fac-opacity-cowan-state/starout.h5
98.7851482628967,0.038953921174427183,fac-opacity-cowan-state,T98p7851_rho0p0389539,0.27055925702063305,87.15070665352101,17.375114361834278,17.09140506029332,ok,/home/elads/STAR/full_grid_solar_opacity/runs/T98p7851_rho0p0389539/fac-opacity-cowan-state/starout.h5
98.7851482628967,0.0559798197912329,fac-opacity-cowan-state,T98p7851_rho0p0559798,0.25968086560210774,118.5994190922098,20.397063613015398,20.123796857314055,ok,/home/elads/STAR/full_grid_solar_opacity/runs/T98p7851_rho0p0559798/fac-opacity-cowan-state/starout.h5
98.7851482628967,0.08044736266284185,fac-opacity-cowan-state,T98p7851_rho0p0804474,0.24896722441952263,159.64707431380612,23.08882346887628,22.82684061090558,ok,/home/elads/STAR/full_grid_solar_opacity/runs/T98p7851_rho0p0804474/fac-opacity-cowan-state/starout.h5
98.7851482628967,0.11560912813835741,fac-opacity-cowan-state,T98p7851_rho0p115609,0.23884916007410886,217.56658222823688,26.43456075678454,26.18315486576181,ok,/home/elads/STAR/full_grid_solar_opacity/runs/T98p7851_rho0p115609/fac-opacity-cowan-state/starout.h5
98.7851482628967,0.1661393247274789,fac-opacity-cowan-state,T98p7851_rho0p166139,0.22972107161978272,297.54783127007397,32.60481733536819,32.363172415694066,ok,/home/elads/STAR/full_grid_solar_opacity/runs/T98p7851_rho0p166139/fac-opacity-cowan-state/starout.h5
98.7851482628967,0.23875515424585794,fac-opacity-cowan-state,T98p7851_rho0p238755,0.22189015796514763,412.51210004445846,42.22382619217527,41.992322028132214,ok,/home/elads/STAR/full_grid_solar_opacity/runs/T98p7851_rho0p238755/fac-opacity-cowan-state/starout.h5
98.7851482628967,0.34310975906798746,fac-opacity-cowan-state,T98p7851_rho0p34311,0.215312022311657,564.8261390705156,50.29951755847763,50.07568012123456,ok,/home/elads/STAR/full_grid_solar_opacity/runs/T98p7851_rho0p34311/fac-opacity-cowan-state/starout.h5
98.7851482628967,0.49307545690287347,fac-opacity-cowan-state,T98p7851_rho0p493075,0.21067001759492882,775.8528250561562,60.01006101769997,59.791192938705734,ok,/home/elads/STAR/full_grid_solar_opacity/runs/T98p7851_rho0p493075/fac-opacity-cowan-state/starout.h5
98.7851482628967,0.7085878491488851,fac-opacity-cowan-state,T98p7851_rho0p708588,0.20790193099378554,1067.629204999029,69.6066754889631,69.39006211671861,ok,/home/elads/STAR/full_grid_solar_opacity/runs/T98p7851_rho0p708588/fac-opacity-cowan-state/starout.h5
98.7851482628967,1.0182959482819007,fac-opacity-cowan-state,T98p7851_rho1p0183,0.20718200695084799,1452.2089093883076,92.55332905491794,92.34052592068907,ok,/home/elads/STAR/full_grid_solar_opacity/runs/T98p7851_rho1p0183/fac-opacity-cowan-state/starout.h5
98.7851482628967,1.4633706173946401,fac-opacity-cowan-state,T98p7851_rho1p46337,0.20869779105539793,1944.2473195695948,111.3253303723589,111.11195742736852,ok,/home/elads/STAR/full_grid_solar_opacity/runs/T98p7851_rho1p46337/fac-opacity-cowan-state/starout.h5
98.7851482628967,2.1029775945461404,fac-opacity-cowan-state,T98p7851_rho2p10298,0.21273521791059352,2567.6073919181954,118.35346479714681,118.13609349792871,ok,/home/elads/STAR/full_grid_solar_opacity/runs/T98p7851_rho2p10298/fac-opacity-cowan-state/starout.h5
98.7851482628967,3.0221426551783854,fac-opacity-cowan-state,T98p7851_rho3p02214,0.21945787559898433,3323.7792902576225,145.89598026976782,145.67319303453556,ok,/home/elads/STAR/full_grid_solar_opacity/runs/T98p7851_rho3p02214/fac-opacity-cowan-state/starout.h5
98.7851482628967,4.343054463316713,fac-opacity-cowan-state,T98p7851_rho4p34305,0.22930314561153006,4181.526298076785,171.4622259182606,171.23058313748345,ok,/home/elads/STAR/full_grid_solar_opacity/runs/T98p7851_rho4p34305/fac-opacity-cowan-state/starout.h5
98.7851482628967,6.241307649397467,fac-opacity-cowan-state,T98p7851_rho6p24131,0.24219110074300734,5076.13901036782,202.2534502345289,202.0098023410048,ok,/home/elads/STAR/full_grid_solar_opacity/runs/T98p7851_rho6p24131/fac-opacity-cowan-state/starout.h5
98.7851482628967,8.969245378672715,fac-opacity-cowan-state,T98p7851_rho8p96925,0.2578944984037501,5873.621691414457,255.19401052809565,254.9354638438666,ok,/home/elads/STAR/full_grid_solar_opacity/runs/T98p7851_rho8p96925/fac-opacity-cowan-state/starout.h5
98.7851482628967,12.889504440725364,fac-opacity-cowan-state,T98p7851_rho12p8895,0.27616445673900397,6524.9739819319275,325.19669161928323,324.920456948698,ok,/home/elads/STAR/full_grid_solar_opacity/runs/T98p7851_rho12p8895/fac-opacity-cowan-state/starout.h5
98.7851482628967,18.52322215674118,fac-opacity-cowan-state,T98p7851_rho18p5232,0.2954581632337859,7728.91707876445,408.3096543201179,408.01448599485076,ok,/home/elads/STAR/full_grid_solar_opacity/runs/T98p7851_rho18p5232/fac-opacity-cowan-state/starout.h5
98.7851482628967,26.61931346126126,fac-opacity-cowan-state,T98p7851_rho26p6193,0.3144503424435456,9075.554212155203,484.66570369210984,484.35173702484826,ok,/home/elads/STAR/full_grid_solar_opacity/runs/T98p7851_rho26p6193/fac-opacity-cowan-state/starout.h5
98.7851482628967,38.254027466328665,fac-opacity-cowan-state,T98p7851_rho38p254,0.33222462760926097,10075.195183538337,552.4617868532996,552.1301299311974,ok,/home/elads/STAR/full_grid_solar_opacity/runs/T98p7851_rho38p254/fac-opacity-cowan-state/starout.h5
98.7851482628967,54.97401800103719,fac-opacity-cowan-state,T98p7851_rho54p974,0.3487424865395746,10213.65582319861,607.2992007925917,606.9511115222415,ok,/home/elads/STAR/full_grid_solar_opacity/runs/T98p7851_rho54p974/fac-opacity-cowan-state/starout.h5
98.7851482628967,79.0019471240894,fac-opacity-cowan-state,T98p7851_rho79p0019,0.3649306558564798,9168.99955393022,733.5757156795183,733.2115843880229,ok,/home/elads/STAR/full_grid_solar_opacity/runs/T98p7851_rho79p0019/fac-opacity-cowan-state/starout.h5
98.7851482628967,113.53195339077567,fac-opacity-cowan-state,T98p7851_rho113p532,0.382912393450148,7077.111959896591,1058.3624991510103,1057.980528538288,ok,/home/elads/STAR/full_grid_solar_opacity/runs/T98p7851_rho113p532/fac-opacity-cowan-state/starout.h5
98.7851482628967,163.15426277379785,fac-opacity-cowan-state,T98p7851_rho163p154,0.40462077979455224,4915.180895651449,1580.9843565347007,1580.5806067672427,ok,/home/elads/STAR/full_grid_solar_opacity/runs/T98p7851_rho163p154/fac-opacity-cowan-state/starout.h5
98.7851482628967,234.46538763970608,fac-opacity-cowan-state,T98p7851_rho234p465,0.43193458619672287,3660.286910863665,1913.5548218882236,1913.1235109488025,ok,/home/elads/STAR/full_grid_solar_opacity/runs/T98p7851_rho234p465/fac-opacity-cowan-state/starout.h5
98.7851482628967,336.94503022121665,fac-opacity-cowan-state,T98p7851_rho336p945,0.4660205786811991,2721.7871109366265,1823.12386176038,1822.6582999870277,ok,/home/elads/STAR/full_grid_solar_opacity/runs/T98p7851_rho336p945/fac-opacity-cowan-state/starout.h5
98.7851482628967,484.21626123015125,fac-opacity-cowan-state,T98p7851_rho484p216,0.5077298308116419,1963.129823890258,1535.1791228293853,1534.6717498637497,ok,/home/elads/STAR/full_grid_solar_opacity/runs/T98p7851_rho484p216/fac-opacity-cowan-state/starout.h5
98.7851482628967,695.8564947100452,fac-opacity-cowan-state,T98p7851_rho695p856,0.5579583596610194,1377.8752832893795,1201.6956789135252,1201.1379831781653,ok,/home/elads/STAR/full_grid_solar_opacity/runs/T98p7851_rho695p856/fac-opacity-cowan-state/starout.h5
98.7851482628967,1000.0,fac-opacity-cowan-state,T98p7851_rho1000,0.6172641455628349,944.2343676875328,886.9631459412461,886.3460500132304,ok,/home/elads/STAR/full_grid_solar_opacity/runs/T98p7851_rho1000/fac-opacity-cowan-state/starout.h5
108.75069714328744,1e-17,fac-opacity-cowan-state,T108p751_rho1em17,0.34052850582061733,2.720002994544357e-09,0.3405285090956719,3.240969898643151e-09,ok,/home/elads/STAR/full_grid_solar_opacity/runs/T108p751_rho1em17/fac-opacity-cowan-state/starout.h5
108.75069714328744,1.4370779141993746e-17,fac-opacity-cowan-state,T108p751_rho1p43708em17,0.3405285058358006,2.7200088830996823e-09,0.340528509110866,3.240979705624703e-09,ok,/home/elads/STAR/full_grid_solar_opacity/runs/T108p751_rho1p43708em17/fac-opacity-cowan-state/starout.h5
108.75069714328744,2.065192931479625e-17,fac-opacity-cowan-state,T108p751_rho2p06519em17,0.3405285058513041,2.7200171208629622e-09,0.34052850912636523,3.240975410669953e-09,ok,/home/elads/STAR/full_grid_solar_opacity/runs/T108p751_rho2p06519em17/fac-opacity-cowan-state/starout.h5
108.75069714328744,2.9678431503900313e-17,fac-opacity-cowan-state,T108p751_rho2p96784em17,0.3405285058682917,2.720028860043912e-09,0.34052850914335964,3.2409826949055784e-09,ok,/home/elads/STAR/full_grid_solar_opacity/runs/T108p751_rho2p96784em17/fac-opacity-cowan-state/starout.h5
108.75069714328744,4.2650218442334076e-17,fac-opacity-cowan-state,T108p751_rho4p26502em17,0.34052850588537864,2.7200457019470308e-09,0.3405285091604434,3.240978873840134e-09,ok,/home/elads/STAR/full_grid_solar_opacity/runs/T108p751_rho4p26502em17/fac-opacity-cowan-state/starout.h5
108.75069714328744,6.129168695925715e-17,fac-opacity-cowan-state,T108p751_rho6p12917em17,0.3405285059028216,2.720069372578047e-09,0.3405285091779056,3.2409982540600367e-09,ok,/home/elads/STAR/full_grid_solar_opacity/runs/T108p751_rho6p12917em17/fac-opacity-cowan-state/starout.h5
108.75069714328744,8.808092965317026e-17,fac-opacity-cowan-state,T108p751_rho8p80809em17,0.34052850592303563,2.720103612941206e-09,0.34052850919813327,3.241011991608925e-09,ok,/home/elads/STAR/full_grid_solar_opacity/runs/T108p751_rho8p80809em17/fac-opacity-cowan-state/starout.h5
108.75069714328744,1.2657915866672028e-16,fac-opacity-cowan-state,T108p751_rho1p26579em16,0.3405285059427946,2.720152558410998e-09,0.3405285092179096,3.2410300279348967e-09,ok,/home/elads/STAR/full_grid_solar_opacity/runs/T108p751_rho1p26579em16/fac-opacity-cowan-state/starout.h5
108.75069714328744,1.819041133178821e-16,fac-opacity-cowan-state,T108p751_rho1p81904em16,0.34052852692181224,2.7202228459895116e-09,0.3405285301969518,3.241053600297362e-09,ok,/home/elads/STAR/full_grid_solar_opacity/runs/T108p751_rho1p81904em16/fac-opacity-cowan-state/starout.h5
108.75069714328744,2.6141038375114865e-16,fac-opacity-cowan-state,T108p751_rho2p6141em16,0.34052850570372084,2.7203440277647927e-09,0.340528508978944,3.2411363595898344e-09,ok,/home/elads/STAR/full_grid_solar_opacity/runs/T108p751_rho2p6141em16/fac-opacity-cowan-state/starout.h5
108.75069714328744,3.7566708903116036e-16,fac-opacity-cowan-state,T108p751_rho3p75667em16,0.3405285056950238,2.73064766407998e-09,0.3405285090089219,3.2794560134338277e-09,ok,/home/elads/STAR/full_grid_solar_opacity/runs/T108p751_rho3p75667em16/fac-opacity-cowan-state/starout.h5
108.75069714328744,5.398628767382507e-16,fac-opacity-cowan-state,T108p751_rho5p39863em16,0.34052846995306096,3.2726350520859775e-09,0.3405284736414997,3.6499002989332076e-09,ok,/home/elads/STAR/full_grid_solar_opacity/runs/T108p751_rho5p39863em16/fac-opacity-cowan-state/starout.h5
108.75069714328744,7.758250168566793e-16,fac-opacity-cowan-state,T108p751_rho7p75825em16,0.34052839662068646,4.283472527791638e-09,0.3405284010232213,4.356911659120667e-09,ok,/home/elads/STAR/full_grid_solar_opacity/runs/T108p751_rho7p75825em16/fac-opacity-cowan-state/starout.h5
108.75069714328744,1.1149209970080914e-15,fac-opacity-cowan-state,T108p751_rho1p11492em15,0.34052831756114343,6.019563338704692e-09,0.3405283227533859,5.140590398338481e-09,ok,/home/elads/STAR/full_grid_solar_opacity/runs/T108p751_rho1p11492em15/fac-opacity-cowan-state/starout.h5
108.75069714328744,1.6022283408774753e-15,fac-opacity-cowan-state,T108p751_rho1p60223em15,0.3405282618585861,8.466401631424319e-09,0.3405282684014722,6.4793261249450196e-09,ok,/home/elads/STAR/full_grid_solar_opacity/runs/T108p751_rho1p60223em15/fac-opacity-cowan-state/starout.h5
108.75069714328744,2.3025269621793266e-15,fac-opacity-cowan-state,T108p751_rho2p30253em15,0.3405281635400991,1.1914964588933124e-08,0.3405281722229526,8.603016261292523e-09,ok,/home/elads/STAR/full_grid_solar_opacity/runs/T108p751_rho2p30253em15/fac-opacity-cowan-state/starout.h5
108.75069714328744,3.308910644196489e-15,fac-opacity-cowan-state,T108p751_rho3p30891em15,0.34052804416746474,2.061928380257305e-08,0.3405280989791783,5.45534222727832e-08,ok,/home/elads/STAR/full_grid_solar_opacity/runs/T108p751_rho3p30891em15/fac-opacity-cowan-state/starout.h5
108.75069714328744,4.755162406834019e-15,fac-opacity-cowan-state,T108p751_rho4p75516em15,0.3405278254674924,3.201354209169052e-08,0.34052790391966864,7.80759588461021e-08,ok,/home/elads/STAR/full_grid_solar_opacity/runs/T108p751_rho4p75516em15/fac-opacity-cowan-state/starout.h5
108.75069714328744,6.8335388732923106e-15,fac-opacity-cowan-state,T108p751_rho6p83354em15,0.340527622087129,4.934397509405709e-08,0.3405277791185549,1.563495295729992e-07,ok,/home/elads/STAR/full_grid_solar_opacity/runs/T108p751_rho6p83354em15/fac-opacity-cowan-state/starout.h5
108.75069714328744,9.820327790631256e-15,fac-opacity-cowan-state,T108p751_rho9p82033em15,0.34052737954649426,6.996541290974847e-08,0.34052758916627857,2.0870530026207807e-07,ok,/home/elads/STAR/full_grid_solar_opacity/runs/T108p751_rho9p82033em15/fac-opacity-cowan-state/starout.h5
108.75069714328744,1.4112576178114521e-14,fac-opacity-cowan-state,T108p751_rho1p41126em14,0.3405271005165124,9.841305428138013e-08,0.3405273927301962,2.9095520118990237e-07,ok,/home/elads/STAR/full_grid_solar_opacity/runs/T108p751_rho1p41126em14/fac-opacity-cowan-state/starout.h5
108.75069714328744,2.0280871538024598e-14,fac-opacity-cowan-state,T108p751_rho2p02809em14,0.3405267400059228,1.3781822300775436e-07,0.34052718996752135,4.4806212991411705e-07,ok,/home/elads/STAR/full_grid_solar_opacity/runs/T108p751_rho2p02809em14/fac-opacity-cowan-state/starout.h5
108.75069714328744,2.914519256800997e-14,fac-opacity-cowan-state,T108p751_rho2p91452em14,0.34052645732090914,1.9208359463491006e-07,0.34052710701645966,6.469722879013153e-07,ok,/home/elads/STAR/full_grid_solar_opacity/runs/T108p751_rho2p91452em14/fac-opacity-cowan-state/starout.h5
108.75069714328744,4.188391254457488e-14,fac-opacity-cowan-state,T108p751_rho4p18839em14,0.34052599050154947,2.6653383718584267e-07,0.34052692282407887,9.284394950788243e-07,ok,/home/elads/STAR/full_grid_solar_opacity/runs/T108p751_rho4p18839em14/fac-opacity-cowan-state/starout.h5
108.75069714328744,6.019044567806669e-14,fac-opacity-cowan-state,T108p751_rho6p01904em14,0.3405256270102102,3.678585306454203e-07,0.34052694181977944,1.3093897252431355e-06,ok,/home/elads/STAR/full_grid_solar_opacity/runs/T108p751_rho6p01904em14/fac-opacity-cowan-state/starout.h5
108.75069714328744,8.649836012976684e-14,fac-opacity-cowan-state,T108p751_rho8p64984em14,0.3405252542020395,5.064899197059612e-07,0.34052714039976195,1.8785138978470277e-06,ok,/home/elads/STAR/full_grid_solar_opacity/runs/T108p751_rho8p64984em14/fac-opacity-cowan-state/starout.h5
108.75069714328744,1.2430488295695167e-13,fac-opacity-cowan-state,T108p751_rho1p24305em13,0.34052482884512403,6.970330547600378e-07,0.34052731126413716,2.472315258690835e-06,ok,/home/elads/STAR/full_grid_solar_opacity/runs/T108p751_rho1p24305em13/fac-opacity-cowan-state/starout.h5
108.75069714328744,1.7863580192457348e-13,fac-opacity-cowan-state,T108p751_rho1p78636em13,0.34052439130587087,9.612882075420584e-07,0.3405281506692757,3.7443141829183754e-06,ok,/home/elads/STAR/full_grid_solar_opacity/runs/T108p751_rho1p78636em13/fac-opacity-cowan-state/starout.h5
108.75069714328744,2.567135656310987e-13,fac-opacity-cowan-state,T108p751_rho2p56714em13,0.34052394632916627,1.3305898295338413e-06,0.34052907396642146,5.107184720541099e-06,ok,/home/elads/STAR/full_grid_solar_opacity/runs/T108p751_rho2p56714em13/fac-opacity-cowan-state/starout.h5
108.75069714328744,3.6891739544382357e-13,fac-opacity-cowan-state,T108p751_rho3p68917em13,0.340523496113246,1.8507169650888262e-06,0.34053079015159743,7.26522851591935e-06,ok,/home/elads/STAR/full_grid_solar_opacity/runs/T108p751_rho3p68917em13/fac-opacity-cowan-state/starout.h5
108.75069714328744,5.301630411562758e-13,fac-opacity-cowan-state,T108p751_rho5p30163em13,0.34052304947540174,2.5869489429532556e-06,0.3405333471115212,1.0257127470547239e-05,ok,/home/elads/STAR/full_grid_solar_opacity/runs/T108p751_rho5p30163em13/fac-opacity-cowan-state/starout.h5
108.75069714328744,7.618855973704612e-13,fac-opacity-cowan-state,T108p751_rho7p61886em13,0.34052261382253934,3.630907759105679e-06,0.34053528536951716,1.2621576023699752e-05,ok,/home/elads/STAR/full_grid_solar_opacity/runs/T108p751_rho7p61886em13/fac-opacity-cowan-state/starout.h5
108.75069714328744,1.0948889651276868e-12,fac-opacity-cowan-state,T108p751_rho1p09489em12,0.3405221865410865,5.116189873584783e-06,0.3405404525657841,1.8194373263003753e-05,ok,/home/elads/STAR/full_grid_solar_opacity/runs/T108p751_rho1p09489em12/fac-opacity-cowan-state/starout.h5
108.75069714328744,1.5734407502856082e-12,fac-opacity-cowan-state,T108p751_rho1p57344em12,0.34045377347751155,7.225761424006423e-06,0.3404769833107433,2.311841012622847e-05,ok,/home/elads/STAR/full_grid_solar_opacity/runs/T108p751_rho1p57344em12/fac-opacity-cowan-state/starout.h5
108.75069714328744,2.26115695153675e-12,fac-opacity-cowan-state,T108p751_rho2p26116em12,0.34045325297887663,1.0221614172447159e-05,0.34048228819425974,2.892208673096253e-05,ok,/home/elads/STAR/full_grid_solar_opacity/runs/T108p751_rho2p26116em12/fac-opacity-cowan-state/starout.h5
108.75069714328744,3.249458715591849e-12,fac-opacity-cowan-state,T108p751_rho3p24946em12,0.3404527374313278,1.451149232516145e-05,0.34048983979206476,3.695558626406639e-05,ok,/home/elads/STAR/full_grid_solar_opacity/runs/T108p751_rho3p24946em12/fac-opacity-cowan-state/starout.h5
108.75069714328744,4.669725353279713e-12,fac-opacity-cowan-state,T108p751_rho4p66973em12,0.34045223271023545,2.0579229033346732e-05,0.3404949343407265,4.2531864367032576e-05,ok,/home/elads/STAR/full_grid_solar_opacity/runs/T108p751_rho4p66973em12/fac-opacity-cowan-state/starout.h5
108.75069714328744,6.710759170575148e-12,fac-opacity-cowan-state,T108p751_rho6p71076em12,0.34045160335583624,2.9227729312845328e-05,0.34050552933086337,5.371084623449842e-05,ok,/home/elads/STAR/full_grid_solar_opacity/runs/T108p751_rho6p71076em12/fac-opacity-cowan-state/starout.h5
108.75069714328744,9.64388379154446e-12,fac-opacity-cowan-state,T108p751_rho9p64388em12,0.34045100424201424,4.1545625613632774e-05,0.34051409631206264,6.284313700128507e-05,ok,/home/elads/STAR/full_grid_solar_opacity/runs/T108p751_rho9p64388em12/fac-opacity-cowan-state/starout.h5
108.75069714328744,1.3859012403933867e-11,fac-opacity-cowan-state,T108p751_rho1p3859em11,0.34045051906640994,5.908622342002783e-05,0.34051937262026816,6.857393281569197e-05,ok,/home/elads/STAR/full_grid_solar_opacity/runs/T108p751_rho1p3859em11/fac-opacity-cowan-state/starout.h5
108.75069714328744,1.9916480638308542e-11,fac-opacity-cowan-state,T108p751_rho1p99165em11,0.3404497724229315,8.409308129595118e-05,0.3405300761426469,7.997459290313588e-05,ok,/home/elads/STAR/full_grid_solar_opacity/runs/T108p751_rho1p99165em11/fac-opacity-cowan-state/starout.h5
108.75069714328744,2.8621534453892672e-11,fac-opacity-cowan-state,T108p751_rho2p86215em11,0.3404489700431024,0.00011955690086776035,0.3405323599390783,8.304842123639227e-05,ok,/home/elads/STAR/full_grid_solar_opacity/runs/T108p751_rho2p86215em11/fac-opacity-cowan-state/starout.h5
108.75069714328744,4.1131375034185614e-11,fac-opacity-cowan-state,T108p751_rho4p11314em11,0.3404481292305812,0.00017011853070990574,0.34054661033388606,9.807165065584449e-05,ok,/home/elads/STAR/full_grid_solar_opacity/runs/T108p751_rho4p11314em11/fac-opacity-cowan-state/starout.h5
108.75069714328744,5.910899064227969e-11,fac-opacity-cowan-state,T108p751_rho5p9109em11,0.3404471370450092,0.00024147163272707637,0.34055774676438094,0.00011014519576147551,ok,/home/elads/STAR/full_grid_solar_opacity/runs/T108p751_rho5p9109em11/fac-opacity-cowan-state/starout.h5
108.75069714328744,8.4944224982638e-11,fac-opacity-cowan-state,T108p751_rho8p49442em11,0.3404462698095261,0.00034204352187831795,0.340575671279617,0.0001288551010336992,ok,/home/elads/STAR/full_grid_solar_opacity/runs/T108p751_rho8p49442em11/fac-opacity-cowan-state/starout.h5
108.75069714328744,1.2207146966133182e-10,fac-opacity-cowan-state,T108p751_rho1p22071em10,0.3404452560474021,0.00048299635446413466,0.34059858612110583,0.0001526904047248996,ok,/home/elads/STAR/full_grid_solar_opacity/runs/T108p751_rho1p22071em10/fac-opacity-cowan-state/starout.h5
108.75069714328744,1.7542621300415897e-10,fac-opacity-cowan-state,T108p751_rho1p75426em10,0.3404442593492062,0.0006796769568502884,0.3406518932373658,0.00020696033384501225,ok,/home/elads/STAR/full_grid_solar_opacity/runs/T108p751_rho1p75426em10/fac-opacity-cowan-state/starout.h5
108.75069714328744,2.52101136279913e-10,fac-opacity-cowan-state,T108p751_rho2p52101em10,0.34044320926212224,0.000953674869570234,0.3406416316263635,0.00019758658372017327,ok,/home/elads/STAR/full_grid_solar_opacity/runs/T108p751_rho2p52101em10/fac-opacity-cowan-state/starout.h5
108.75069714328744,3.6228897509242966e-10,fac-opacity-cowan-state,T108p751_rho3p62289em10,0.3404420760297074,0.0013324794820169911,0.34070874787049477,0.0002655629234817599,ok,/home/elads/STAR/full_grid_solar_opacity/runs/T108p751_rho3p62289em10/fac-opacity-cowan-state/starout.h5
108.75069714328744,5.20637484663258e-10,fac-opacity-cowan-state,T108p751_rho5p20637em10,0.3404410023528359,0.0018535258389434327,0.34077040700698147,0.000328041794506765,ok,/home/elads/STAR/full_grid_solar_opacity/runs/T108p751_rho5p20637em10/fac-opacity-cowan-state/starout.h5
108.75069714328744,7.481966305138837e-10,fac-opacity-cowan-state,T108p751_rho7p48197em10,0.34043983142251333,0.0025663130266491622,0.34086867660336756,0.0004272159057504612,ok,/home/elads/STAR/full_grid_solar_opacity/runs/T108p751_rho7p48197em10/fac-opacity-cowan-state/starout.h5
108.75069714328744,1.0752168531898921e-09,fac-opacity-cowan-state,T108p751_rho1p07522em09,0.34043859820141936,0.003538714200013182,0.3409863888665979,0.0005457102916633135,ok,/home/elads/STAR/full_grid_solar_opacity/runs/T108p751_rho1p07522em09/fac-opacity-cowan-state/starout.h5
108.75069714328744,1.5451703926941453e-09,fac-opacity-cowan-state,T108p751_rho1p54517em09,0.34043724021668015,0.004855354412595847,0.3411685922006249,0.0007286857085869266,ok,/home/elads/STAR/full_grid_solar_opacity/runs/T108p751_rho1p54517em09/fac-opacity-cowan-state/starout.h5
108.75069714328744,2.220530245015531e-09,fac-opacity-cowan-state,T108p751_rho2p22053em09,0.34043576485768257,0.006631149306954954,0.3415095170480105,0.0010701955637919635,ok,/home/elads/STAR/full_grid_solar_opacity/runs/T108p751_rho2p22053em09/fac-opacity-cowan-state/starout.h5
108.75069714328744,3.1910749729235452e-09,fac-opacity-cowan-state,T108p751_rho3p19107em09,0.34043420406038477,0.008998339453684548,0.34179832331874294,0.00135920766845349,ok,/home/elads/STAR/full_grid_solar_opacity/runs/T108p751_rho3p19107em09/fac-opacity-cowan-state/starout.h5
108.75069714328744,4.585823366142813e-09,fac-opacity-cowan-state,T108p751_rho4p58582em09,0.3404324524870777,0.012116638697043443,0.34213476913340274,0.0016961078539582135,ok,/home/elads/STAR/full_grid_solar_opacity/runs/T108p751_rho4p58582em09/fac-opacity-cowan-state/starout.h5
108.75069714328744,6.590185477903269e-09,fac-opacity-cowan-state,T108p751_rho6p59019em09,0.34043026313492336,0.016145182330749377,0.34245222500239964,0.0020149092842728185,ok,/home/elads/STAR/full_grid_solar_opacity/runs/T108p751_rho6p59019em09/fac-opacity-cowan-state/starout.h5
108.75069714328744,9.470610000772238e-09,fac-opacity-cowan-state,T108p751_rho9p47061em09,0.3404279970690629,0.021282065491138008,0.3430765699478297,0.0026401587681237834,ok,/home/elads/STAR/full_grid_solar_opacity/runs/T108p751_rho9p47061em09/fac-opacity-cowan-state/starout.h5
108.75069714328744,1.3610004466105506e-08,fac-opacity-cowan-state,T108p751_rho1p361em08,0.34042532709240914,0.0308760581905563,0.34419283038336723,0.00375534762520237,ok,/home/elads/STAR/full_grid_solar_opacity/runs/T108p751_rho1p361em08/fac-opacity-cowan-state/starout.h5
108.75069714328744,1.9558636830395073e-08,fac-opacity-cowan-state,T108p751_rho1p95586em08,0.34042278098279827,0.03942852988073013,0.3450223094882627,0.004585052535085165,ok,/home/elads/STAR/full_grid_solar_opacity/runs/T108p751_rho1p95586em08/fac-opacity-cowan-state/starout.h5
108.75069714328744,2.810728502080722e-08,fac-opacity-cowan-state,T108p751_rho2p81073em08,0.34041998337995516,0.0495639590804477,0.3462774906344841,0.005840041420966358,ok,/home/elads/STAR/full_grid_solar_opacity/runs/T108p751_rho2p81073em08/fac-opacity-cowan-state/starout.h5
108.75069714328744,4.039235853150913e-08,fac-opacity-cowan-state,T108p751_rho4p03924em08,0.34041719649430263,0.06146497392600109,0.3471400932852269,0.0067023673278416695,ok,/home/elads/STAR/full_grid_solar_opacity/runs/T108p751_rho4p03924em08/fac-opacity-cowan-state/starout.h5
108.75069714328744,5.804696634805446e-08,fac-opacity-cowan-state,T108p751_rho5p8047em08,0.3404141173589778,0.0753183190026655,0.3486222571364037,0.008184941583971862,ok,/home/elads/STAR/full_grid_solar_opacity/runs/T108p751_rho5p8047em08/fac-opacity-cowan-state/starout.h5
108.75069714328744,8.341801332506338e-08,fac-opacity-cowan-state,T108p751_rho8p3418em08,0.340410791432975,0.09145300559969327,0.3503511062517585,0.009912629637503056,ok,/home/elads/STAR/full_grid_solar_opacity/runs/T108p751_rho8p3418em08/fac-opacity-cowan-state/starout.h5
108.75069714328744,1.1987818459583772e-07,fac-opacity-cowan-state,T108p751_rho1p19878em07,0.3404073516720346,0.10944273180221376,0.3521290100893438,0.011689928123076152,ok,/home/elads/STAR/full_grid_solar_opacity/runs/T108p751_rho1p19878em07/fac-opacity-cowan-state/starout.h5
108.75069714328744,1.7227429147699408e-07,fac-opacity-cowan-state,T108p751_rho1p72274em07,0.3404037170330259,0.13026909028243913,0.3538894393623905,0.01345008741656019,ok,/home/elads/STAR/full_grid_solar_opacity/runs/T108p751_rho1p72274em07/fac-opacity-cowan-state/starout.h5
108.75069714328744,2.4757157946593376e-07,fac-opacity-cowan-state,T108p751_rho2p47572em07,0.3404000319326329,0.1540337968097237,0.3556157966569432,0.015178374084545842,ok,/home/elads/STAR/full_grid_solar_opacity/runs/T108p751_rho2p47572em07/fac-opacity-cowan-state/starout.h5
108.75069714328744,3.557796490339488e-07,fac-opacity-cowan-state,T108p751_rho3p5578em07,0.3403959284794674,0.18181430784589295,0.35796448126200325,0.01752622520351703,ok,/home/elads/STAR/full_grid_solar_opacity/runs/T108p751_rho3p5578em07/fac-opacity-cowan-state/starout.h5
108.75069714328744,5.112830759482948e-07,fac-opacity-cowan-state,T108p751_rho5p11283em07,0.3403913523558355,0.21205662707697406,0.3600877794097156,0.019648702093276703,ok,/home/elads/STAR/full_grid_solar_opacity/runs/T108p751_rho5p11283em07/fac-opacity-cowan-state/starout.h5
108.75069714328744,7.347536163492159e-07,fac-opacity-cowan-state,T108p751_rho7p34754em07,0.3403862316120483,0.24610999079259718,0.3619694099795823,0.021534063202994086,ok,/home/elads/STAR/full_grid_solar_opacity/runs/T108p751_rho7p34754em07/fac-opacity-cowan-state/starout.h5
108.75069714328744,1.0558981944335787e-06,fac-opacity-cowan-state,T108p751_rho1p0559em06,0.3403802825467783,0.2857580497027057,0.36471694437732943,0.024282367565317528,ok,/home/elads/STAR/full_grid_solar_opacity/runs/T108p751_rho1p0559em06/fac-opacity-cowan-state/starout.h5
108.75069714328744,1.517407974863493e-06,fac-opacity-cowan-state,T108p751_rho1p51741em06,0.34037319276177325,0.33033767987546964,0.3689724812733414,0.028542986919458526,ok,/home/elads/STAR/full_grid_solar_opacity/runs/T108p751_rho1p51741em06/fac-opacity-cowan-state/starout.h5
108.75069714328744,2.1806334875063253e-06,fac-opacity-cowan-state,T108p751_rho2p18063em06,0.3403644269553725,0.3821217684873937,0.3721867505950264,0.031758993213619906,ok,/home/elads/STAR/full_grid_solar_opacity/runs/T108p751_rho2p18063em06/fac-opacity-cowan-state/starout.h5
108.75069714328744,3.1337402238588983e-06,fac-opacity-cowan-state,T108p751_rho3p13374em06,0.340353702079412,0.4418531385096219,0.3770860251613275,0.036664573975338705,ok,/home/elads/STAR/full_grid_solar_opacity/runs/T108p751_rho3p13374em06/fac-opacity-cowan-state/starout.h5
108.75069714328744,4.503428864545845e-06,fac-opacity-cowan-state,T108p751_rho4p50343em06,0.3403405912672375,0.5076419402085437,0.38026087585438356,0.03984753061859969,ok,/home/elads/STAR/full_grid_solar_opacity/runs/T108p751_rho4p50343em06/fac-opacity-cowan-state/starout.h5
108.75069714328744,6.471778159406801e-06,fac-opacity-cowan-state,T108p751_rho6p47178em06,0.34032294275765945,0.6002160438494298,0.3874950662316253,0.04709582479769055,ok,/home/elads/STAR/full_grid_solar_opacity/runs/T108p751_rho6p47178em06/fac-opacity-cowan-state/starout.h5
108.75069714328744,9.300449458481393e-06,fac-opacity-cowan-state,T108p751_rho9p30045em06,0.3403003024995747,0.6945628085277383,0.39275198862195454,0.05237123972975156,ok,/home/elads/STAR/full_grid_solar_opacity/runs/T108p751_rho9p30045em06/fac-opacity-cowan-state/starout.h5
108.75069714328744,1.3365470508911143e-05,fac-opacity-cowan-state,T108p751_rho1p33655em05,0.34027032999359297,0.7905091069993777,0.4018710386636372,0.06151069844273353,ok,/home/elads/STAR/full_grid_solar_opacity/runs/T108p751_rho1p33655em05/fac-opacity-cowan-state/starout.h5
108.75069714328744,1.920722248123928e-05,fac-opacity-cowan-state,T108p751_rho1p92072em05,0.3402296717007934,0.9118530494789268,0.41025396803197106,0.06992799992735968,ok,/home/elads/STAR/full_grid_solar_opacity/runs/T108p751_rho1p92072em05/fac-opacity-cowan-state/starout.h5
108.75069714328744,2.760227522090268e-05,fac-opacity-cowan-state,T108p751_rho2p76023em05,0.34017454379146844,1.068237756326984,0.42576943636740794,0.08548936001659255,ok,/home/elads/STAR/full_grid_solar_opacity/runs/T108p751_rho2p76023em05/fac-opacity-cowan-state/starout.h5
108.75069714328744,3.966662010161191e-05,fac-opacity-cowan-state,T108p751_rho3p96666em05,0.3400987963656637,1.2660113135728155,0.4420974326179961,0.10187202029444728,ok,/home/elads/STAR/full_grid_solar_opacity/runs/T108p751_rho3p96666em05/fac-opacity-cowan-state/starout.h5
108.75069714328744,5.7004023678963655e-05,fac-opacity-cowan-state,T108p751_rho5p7004em05,0.3399990277131249,1.4605145660085925,0.45676418596413787,0.11662502426829253,ok,/home/elads/STAR/full_grid_solar_opacity/runs/T108p751_rho5p7004em05/fac-opacity-cowan-state/starout.h5
108.75069714328744,8.191922344953684e-05,fac-opacity-cowan-state,T108p751_rho8p19192em05,0.3398544144800569,1.7276112620528488,0.48685196412045706,0.14682322507802797,ok,/home/elads/STAR/full_grid_solar_opacity/runs/T108p751_rho8p19192em05/fac-opacity-cowan-state/starout.h5
108.75069714328744,0.00011772430676769293,fac-opacity-cowan-state,T108p751_rho0p000117724,0.33965635580624737,2.0519270273244046,0.5308372262933313,0.19095516622583514,ok,/home/elads/STAR/full_grid_solar_opacity/runs/T108p751_rho0p000117724/fac-opacity-cowan-state/starout.h5
108.75069714328744,0.00016917900122028344,fac-opacity-cowan-state,T108p751_rho0p000169179,0.3393816025884922,2.4544997799554444,0.5844009461153372,0.24472500207052655,ok,/home/elads/STAR/full_grid_solar_opacity/runs/T108p751_rho0p000169179/fac-opacity-cowan-state/starout.h5
108.75069714328744,0.0002431234061999784,fac-opacity-cowan-state,T108p751_rho0p000243123,0.3390029695774663,2.943864174838774,0.6315691589465874,0.2921731133678214,ok,/home/elads/STAR/full_grid_solar_opacity/runs/T108p751_rho0p000243123/fac-opacity-cowan-state/starout.h5
108.75069714328744,0.0003493872774749123,fac-opacity-cowan-state,T108p751_rho0p000349387,0.33848137968363906,3.63817480070729,0.7330461913765964,0.3940390722961451,ok,/home/elads/STAR/full_grid_solar_opacity/runs/T108p751_rho0p000349387/fac-opacity-cowan-state/starout.h5
108.75069714328744,0.0005020967399614471,fac-opacity-cowan-state,T108p751_rho0p000502097,0.33776883258767965,4.2844227048516865,0.8570509442573673,0.5185782728505485,ok,/home/elads/STAR/full_grid_solar_opacity/runs/T108p751_rho0p000502097/fac-opacity-cowan-state/starout.h5
108.75069714328744,0.0007215521357901021,fac-opacity-cowan-state,T108p751_rho0p000721552,0.3367997125651993,5.099912082777504,0.9877787568838037,0.6500121175678114,ok,/home/elads/STAR/full_grid_solar_opacity/runs/T108p751_rho0p000721552/fac-opacity-cowan-state/starout.h5
108.75069714328744,0.0010369266382873438,fac-opacity-cowan-state,T108p751_rho0p00103693,0.3354932885598911,6.3629885105249375,1.2312875525675355,0.8945251396471334,ok,/home/elads/STAR/full_grid_solar_opacity/runs/T108p751_rho0p00103693/fac-opacity-cowan-state/starout.h5
108.75069714328744,0.0014901443705277455,fac-opacity-cowan-state,T108p751_rho0p00149014,0.33374800910485397,7.522543898505791,1.5090528556675287,1.1735875446780049,ok,/home/elads/STAR/full_grid_solar_opacity/runs/T108p751_rho0p00149014/fac-opacity-cowan-state/starout.h5
108.75069714328744,0.002141453563853953,fac-opacity-cowan-state,T108p751_rho0p00214145,0.33144406306763513,8.870995674812654,2.056059109269903,1.7225141990058703,ok,/home/elads/STAR/full_grid_solar_opacity/runs/T108p751_rho0p00214145/fac-opacity-cowan-state/starout.h5
108.75069714328744,0.003077435620898055,fac-opacity-cowan-state,T108p751_rho0p00307744,0.32844507902464454,11.099321480662095,2.474614497760574,2.1430896450860297,ok,/home/elads/STAR/full_grid_solar_opacity/runs/T108p751_rho0p00307744/fac-opacity-cowan-state/starout.h5
108.75069714328744,0.004422514763163053,fac-opacity-cowan-state,T108p751_rho0p00442251,0.32460659605319075,13.083532969475229,3.3208933849615376,2.992646777505456,ok,/home/elads/STAR/full_grid_solar_opacity/runs/T108p751_rho0p00442251/fac-opacity-cowan-state/starout.h5
108.75069714328744,0.006355498291362301,fac-opacity-cowan-state,T108p751_rho0p0063555,0.31979086588375893,16.48438859624983,4.020405299486954,3.695283034958219,ok,/home/elads/STAR/full_grid_solar_opacity/runs/T108p751_rho0p0063555/fac-opacity-cowan-state/starout.h5
108.75069714328744,0.009133346228248624,fac-opacity-cowan-state,T108p751_rho0p00913335,0.3138798281231235,20.558056966748982,5.141281551109572,4.820901771483373,ok,/home/elads/STAR/full_grid_solar_opacity/runs/T108p751_rho0p00913335/fac-opacity-cowan-state/starout.h5
108.75069714328744,0.01312533014735226,fac-opacity-cowan-state,T108p751_rho0p0131253,0.3068013588117573,26.174607912950943,6.225303637626903,5.9098484721024676,ok,/home/elads/STAR/full_grid_solar_opacity/runs/T108p751_rho0p0131253/fac-opacity-cowan-state/starout.h5
108.75069714328744,0.018862122071335155,fac-opacity-cowan-state,T108p751_rho0p0188621,0.29855906496594975,35.059621289945746,7.9672881680847105,7.658854151573622,ok,/home/elads/STAR/full_grid_solar_opacity/runs/T108p751_rho0p0188621/fac-opacity-cowan-state/starout.h5
108.75069714328744,0.02710633904364831,fac-opacity-cowan-state,T108p751_rho0p0271063,0.28925922769096807,46.22931028306245,10.025647886310907,9.725612616785254,ok,/home/elads/STAR/full_grid_solar_opacity/runs/T108p751_rho0p0271063/fac-opacity-cowan-state/starout.h5
108.75069714328744,0.038953921174427183,fac-opacity-cowan-state,T108p751_rho0p0389539,0.27911127989298085,63.77845043878242,12.840703844608448,12.550797306853436,ok,/home/elads/STAR/full_grid_solar_opacity/runs/T108p751_rho0p0389539/fac-opacity-cowan-state/starout.h5
108.75069714328744,0.0559798197912329,fac-opacity-cowan-state,T108p751_rho0p0559798,0.2684267446294513,84.41350147546517,15.29808452380255,15.017772854837334,ok,/home/elads/STAR/full_grid_solar_opacity/runs/T108p751_rho0p0559798/fac-opacity-cowan-state/starout.h5
108.75069714328744,0.08044736266284185,fac-opacity-cowan-state,T108p751_rho0p0804474,0.25758724318276355,114.6538271268213,19.037768766616466,18.768544520565907,ok,/home/elads/STAR/full_grid_solar_opacity/runs/T108p751_rho0p0804474/fac-opacity-cowan-state/starout.h5
108.75069714328744,0.11560912813835741,fac-opacity-cowan-state,T108p751_rho0p115609,0.24702449557660783,155.99321238279128,22.176517912202087,21.917930632994242,ok,/home/elads/STAR/full_grid_solar_opacity/runs/T108p751_rho0p115609/fac-opacity-cowan-state/starout.h5
108.75069714328744,0.1661393247274789,fac-opacity-cowan-state,T108p751_rho0p166139,0.23716841615542456,214.37335726189292,26.12152087466436,25.87260601772982,ok,/home/elads/STAR/full_grid_solar_opacity/runs/T108p751_rho0p166139/fac-opacity-cowan-state/starout.h5
108.75069714328744,0.23875515424585794,fac-opacity-cowan-state,T108p751_rho0p238755,0.22839620680068076,296.78260675898366,32.95597722179558,32.714801313524966,ok,/home/elads/STAR/full_grid_solar_opacity/runs/T108p751_rho0p238755/fac-opacity-cowan-state/starout.h5
108.75069714328744,0.34310975906798746,fac-opacity-cowan-state,T108p751_rho0p34311,0.22075431560045508,406.80316711574767,39.07686876493988,38.845761394296524,ok,/home/elads/STAR/full_grid_solar_opacity/runs/T108p751_rho0p34311/fac-opacity-cowan-state/starout.h5
108.75069714328744,0.49307545690287347,fac-opacity-cowan-state,T108p751_rho0p493075,0.21492799702363022,561.7467795490421,47.69990040876698,47.47481065096838,ok,/home/elads/STAR/full_grid_solar_opacity/runs/T108p751_rho0p493075/fac-opacity-cowan-state/starout.h5
108.75069714328744,0.7085878491488851,fac-opacity-cowan-state,T108p751_rho0p708588,0.2109136754123118,777.3173032128116,59.499201906050644,59.28088573364625,ok,/home/elads/STAR/full_grid_solar_opacity/runs/T108p751_rho0p708588/fac-opacity-cowan-state/starout.h5
108.75069714328744,1.0182959482819007,fac-opacity-cowan-state,T108p751_rho1p0183,0.20892951301157206,1061.0367861335092,63.13979054063498,62.92186924952865,ok,/home/elads/STAR/full_grid_solar_opacity/runs/T108p751_rho1p0183/fac-opacity-cowan-state/starout.h5
108.75069714328744,1.4633706173946401,fac-opacity-cowan-state,T108p751_rho1p46337,0.20915713891936233,1437.4154033180996,75.04446426434498,74.82742352777862,ok,/home/elads/STAR/full_grid_solar_opacity/runs/T108p751_rho1p46337/fac-opacity-cowan-state/starout.h5
108.75069714328744,2.1029775945461404,fac-opacity-cowan-state,T108p751_rho2p10298,0.2118378605230831,1915.9477142395522,99.72161248440229,99.50423348852556,ok,/home/elads/STAR/full_grid_solar_opacity/runs/T108p751_rho2p10298/fac-opacity-cowan-state/starout.h5
108.75069714328744,3.0221426551783854,fac-opacity-cowan-state,T108p751_rho3p02214,0.21722384039585033,2508.8476588173266,113.25064905312517,113.02902167487586,ok,/home/elads/STAR/full_grid_solar_opacity/runs/T108p751_rho3p02214/fac-opacity-cowan-state/starout.h5
108.75069714328744,4.343054463316713,fac-opacity-cowan-state,T108p751_rho4p34305,0.22560476299360824,3207.518334368746,128.05494363063502,127.82608847911901,ok,/home/elads/STAR/full_grid_solar_opacity/runs/T108p751_rho4p34305/fac-opacity-cowan-state/starout.h5
108.75069714328744,6.241307649397467,fac-opacity-cowan-state,T108p751_rho6p24131,0.23711944758022152,3986.2744646749866,148.39561268972287,148.15641821886712,ok,/home/elads/STAR/full_grid_solar_opacity/runs/T108p751_rho6p24131/fac-opacity-cowan-state/starout.h5
108.75069714328744,8.969245378672715,fac-opacity-cowan-state,T108p751_rho8p96925,0.251736843816113,4724.656360420569,189.0492837349594,188.79646076339037,ok,/home/elads/STAR/full_grid_solar_opacity/runs/T108p751_rho8p96925/fac-opacity-cowan-state/starout.h5
108.75069714328744,12.889504440725364,fac-opacity-cowan-state,T108p751_rho12p8895,0.2689940142077557,5326.959278032,244.82012253073557,244.55080337462843,ok,/home/elads/STAR/full_grid_solar_opacity/runs/T108p751_rho12p8895/fac-opacity-cowan-state/starout.h5
108.75069714328744,18.52322215674118,fac-opacity-cowan-state,T108p751_rho18p5232,0.2879421550548924,5990.979605173444,309.331339619951,309.04356912375454,ok,/home/elads/STAR/full_grid_solar_opacity/runs/T108p751_rho18p5232/fac-opacity-cowan-state/starout.h5
108.75069714328744,26.61931346126126,fac-opacity-cowan-state,T108p751_rho26p6193,0.30714214273373275,7140.685962351129,377.75506745055014,377.4483862695516,ok,/home/elads/STAR/full_grid_solar_opacity/runs/T108p751_rho26p6193/fac-opacity-cowan-state/starout.h5
108.75069714328744,38.254027466328665,fac-opacity-cowan-state,T108p751_rho38p254,0.3254198700744998,8173.169363351205,442.01224051652014,441.68741607293805,ok,/home/elads/STAR/full_grid_solar_opacity/runs/T108p751_rho38p254/fac-opacity-cowan-state/starout.h5
108.75069714328744,54.97401800103719,fac-opacity-cowan-state,T108p751_rho54p974,0.3423166128098517,8704.448044055733,483.5687350399199,483.22709240291624,ok,/home/elads/STAR/full_grid_solar_opacity/runs/T108p751_rho54p974/fac-opacity-cowan-state/starout.h5
108.75069714328744,79.0019471240894,fac-opacity-cowan-state,T108p751_rho79p0019,0.35842466299475384,8358.95528503305,544.7553530372633,544.3977215924842,ok,/home/elads/STAR/full_grid_solar_opacity/runs/T108p751_rho79p0019/fac-opacity-cowan-state/starout.h5
108.75069714328744,113.53195339077567,fac-opacity-cowan-state,T108p751_rho113p532,0.37543793386481833,7060.557509340869,716.2600836205755,715.8856183357212,ok,/home/elads/STAR/full_grid_solar_opacity/runs/T108p751_rho113p532/fac-opacity-cowan-state/starout.h5
108.75069714328744,163.15426277379785,fac-opacity-cowan-state,T108p751_rho163p154,0.3954522779755197,5150.078068525685,1089.0280947603724,1088.6336943360236,ok,/home/elads/STAR/full_grid_solar_opacity/runs/T108p751_rho163p154/fac-opacity-cowan-state/starout.h5
108.75069714328744,234.46538763970608,fac-opacity-cowan-state,T108p751_rho234p465,0.4203452013916729,3451.8763419472884,1472.845612660212,1472.4260944220262,ok,/home/elads/STAR/full_grid_solar_opacity/runs/T108p751_rho234p465/fac-opacity-cowan-state/starout.h5
108.75069714328744,336.94503022121665,fac-opacity-cowan-state,T108p751_rho336p945,0.45162844950349895,2605.2102254323286,1560.8714136638807,1560.4203706317214,ok,/home/elads/STAR/full_grid_solar_opacity/runs/T108p751_rho336p945/fac-opacity-cowan-state/starout.h5
108.75069714328744,484.21626123015125,fac-opacity-cowan-state,T108p751_rho484p216,0.4902183855594532,1907.6537250007082,1381.2250438921785,1380.735278731889,ok,/home/elads/STAR/full_grid_solar_opacity/runs/T108p751_rho484p216/fac-opacity-cowan-state/starout.h5
108.75069714328744,695.8564947100452,fac-opacity-cowan-state,T108p751_rho695p856,0.5370358003882111,1357.339760809499,1119.7209023867908,1119.1842173902996,ok,/home/elads/STAR/full_grid_solar_opacity/runs/T108p751_rho695p856/fac-opacity-cowan-state/starout.h5
108.75069714328744,1000.0,fac-opacity-cowan-state,T108p751_rho1000,0.5926477741145588,941.38387510105,851.7202185779058,851.1278170539421,ok,/home/elads/STAR/full_grid_solar_opacity/runs/T108p751_rho1000/fac-opacity-cowan-state/starout.h5
119.72158099795129,1e-17,fac-opacity-cowan-state,T119p722_rho1em17,0.3404318897064631,9.186163928330094e-10,0.34043189233843235,2.5982420595819247e-09,ok,/home/elads/STAR/full_grid_solar_opacity/runs/T119p722_rho1em17/fac-opacity-cowan-state/starout.h5
119.72158099795129,1.4370779141993746e-17,fac-opacity-cowan-state,T119p722_rho1p43708em17,0.3404318897062761,9.186203584905265e-10,0.3404318923382697,2.5982664338012874e-09,ok,/home/elads/STAR/full_grid_solar_opacity/runs/T119p722_rho1p43708em17/fac-opacity-cowan-state/starout.h5
119.72158099795129,2.065192931479625e-17,fac-opacity-cowan-state,T119p722_rho2p06519em17,0.3404318906617883,9.186539575200215e-10,0.3404318932812655,2.5859079669678016e-09,ok,/home/elads/STAR/full_grid_solar_opacity/runs/T119p722_rho2p06519em17/fac-opacity-cowan-state/starout.h5
119.72158099795129,2.9678431503900313e-17,fac-opacity-cowan-state,T119p722_rho2p96784em17,0.3404318906582449,9.18661251696e-10,0.3404318932905654,2.598590154244385e-09,ok,/home/elads/STAR/full_grid_solar_opacity/runs/T119p722_rho2p96784em17/fac-opacity-cowan-state/starout.h5
119.72158099795129,4.2650218442334076e-17,fac-opacity-cowan-state,T119p722_rho4p26502em17,0.3404318906581153,9.186729749613177e-10,0.3404318932905527,2.5987050280164933e-09,ok,/home/elads/STAR/full_grid_solar_opacity/runs/T119p722_rho4p26502em17/fac-opacity-cowan-state/starout.h5
119.72158099795129,6.129168695925715e-17,fac-opacity-cowan-state,T119p722_rho6p12917em17,0.34043189065781176,9.186897727732417e-10,0.3404318932901845,2.5986414592489844e-09,ok,/home/elads/STAR/full_grid_solar_opacity/runs/T119p722_rho6p12917em17/fac-opacity-cowan-state/starout.h5
119.72158099795129,8.808092965317026e-17,fac-opacity-cowan-state,T119p722_rho8p80809em17,0.3404318906594346,9.187147201111498e-10,0.34043189327918727,2.5861805651883103e-09,ok,/home/elads/STAR/full_grid_solar_opacity/runs/T119p722_rho8p80809em17/fac-opacity-cowan-state/starout.h5
119.72158099795129,1.2657915866672028e-16,fac-opacity-cowan-state,T119p722_rho1p26579em16,0.3404318906574084,9.187485313845098e-10,0.34043189328958195,2.5984432642653395e-09,ok,/home/elads/STAR/full_grid_solar_opacity/runs/T119p722_rho1p26579em16/fac-opacity-cowan-state/starout.h5
119.72158099795129,1.819041133178821e-16,fac-opacity-cowan-state,T119p722_rho1p81904em16,0.3404318906580639,9.187991669676485e-10,0.34043189327752077,2.5858898074503885e-09,ok,/home/elads/STAR/full_grid_solar_opacity/runs/T119p722_rho1p81904em16/fac-opacity-cowan-state/starout.h5
119.72158099795129,2.6141038375114865e-16,fac-opacity-cowan-state,T119p722_rho2p6141em16,0.34043189065752044,9.188726819695074e-10,0.340431893289716,2.598466782752157e-09,ok,/home/elads/STAR/full_grid_solar_opacity/runs/T119p722_rho2p6141em16/fac-opacity-cowan-state/starout.h5
119.72158099795129,3.7566708903116036e-16,fac-opacity-cowan-state,T119p722_rho3p75667em16,0.34043189065122426,9.22424655398282e-10,0.3404318932693906,2.5846072319646674e-09,ok,/home/elads/STAR/full_grid_solar_opacity/runs/T119p722_rho3p75667em16/fac-opacity-cowan-state/starout.h5
119.72158099795129,5.398628767382507e-16,fac-opacity-cowan-state,T119p722_rho5p39863em16,0.34043185147948246,1.131826684287667e-09,0.3404318545144877,2.9963131947362946e-09,ok,/home/elads/STAR/full_grid_solar_opacity/runs/T119p722_rho5p39863em16/fac-opacity-cowan-state/starout.h5
119.72158099795129,7.758250168566793e-16,fac-opacity-cowan-state,T119p722_rho7p75825em16,0.340431793124196,1.5135454663618689e-09,0.34043179724745354,4.07104576991147e-09,ok,/home/elads/STAR/full_grid_solar_opacity/runs/T119p722_rho7p75825em16/fac-opacity-cowan-state/starout.h5
119.72158099795129,1.1149209970080914e-15,fac-opacity-cowan-state,T119p722_rho1p11492em15,0.34043173861607406,2.022110979523666e-09,0.3404317438431944,5.1615866688503046e-09,ok,/home/elads/STAR/full_grid_solar_opacity/runs/T119p722_rho1p11492em15/fac-opacity-cowan-state/starout.h5
119.72158099795129,1.6022283408774753e-15,fac-opacity-cowan-state,T119p722_rho1p60223em15,0.3404316774165427,3.025605758235928e-09,0.34043168432753146,6.827600980076227e-09,ok,/home/elads/STAR/full_grid_solar_opacity/runs/T119p722_rho1p60223em15/fac-opacity-cowan-state/starout.h5
119.72158099795129,2.3025269621793266e-15,fac-opacity-cowan-state,T119p722_rho2p30253em15,0.34043161548887957,4.2425418372647115e-09,0.34043162398314336,8.393004067620141e-09,ok,/home/elads/STAR/full_grid_solar_opacity/runs/T119p722_rho2p30253em15/fac-opacity-cowan-state/starout.h5
119.72158099795129,3.308910644196489e-15,fac-opacity-cowan-state,T119p722_rho3p30891em15,0.3404315527832922,5.796792595240659e-09,0.3404315641836671,1.1269674469736614e-08,ok,/home/elads/STAR/full_grid_solar_opacity/runs/T119p722_rho3p30891em15/fac-opacity-cowan-state/starout.h5
119.72158099795129,4.755162406834019e-15,fac-opacity-cowan-state,T119p722_rho4p75516em15,0.34043148915168,7.99132108768079e-09,0.34043150175458053,1.245628782309963e-08,ok,/home/elads/STAR/full_grid_solar_opacity/runs/T119p722_rho4p75516em15/fac-opacity-cowan-state/starout.h5
119.72158099795129,6.8335388732923106e-15,fac-opacity-cowan-state,T119p722_rho6p83354em15,0.34043142670929105,1.1058985980091047e-08,0.34043144187454183,1.499516234984605e-08,ok,/home/elads/STAR/full_grid_solar_opacity/runs/T119p722_rho6p83354em15/fac-opacity-cowan-state/starout.h5
119.72158099795129,9.820327790631256e-15,fac-opacity-cowan-state,T119p722_rho9p82033em15,0.3404313641884529,1.5392216801744715e-08,0.3404313824807586,1.809391252160836e-08,ok,/home/elads/STAR/full_grid_solar_opacity/runs/T119p722_rho9p82033em15/fac-opacity-cowan-state/starout.h5
119.72158099795129,1.4112576178114521e-14,fac-opacity-cowan-state,T119p722_rho1p41126em14,0.340431293318624,2.149434405300668e-08,0.34043131706705126,2.3502266125625438e-08,ok,/home/elads/STAR/full_grid_solar_opacity/runs/T119p722_rho1p41126em14/fac-opacity-cowan-state/starout.h5
119.72158099795129,2.0280871538024598e-14,fac-opacity-cowan-state,T119p722_rho2p02809em14,0.34043120588859965,3.005820161639738e-08,0.34043123080157095,2.4657075285205775e-08,ok,/home/elads/STAR/full_grid_solar_opacity/runs/T119p722_rho2p02809em14/fac-opacity-cowan-state/starout.h5
119.72158099795129,2.914519256800997e-14,fac-opacity-cowan-state,T119p722_rho2p91452em14,0.3404311243426025,5.577110082803558e-08,0.34043125436315314,1.2935860755540675e-07,ok,/home/elads/STAR/full_grid_solar_opacity/runs/T119p722_rho2p91452em14/fac-opacity-cowan-state/starout.h5
119.72158099795129,4.188391254457488e-14,fac-opacity-cowan-state,T119p722_rho4p18839em14,0.3404309994894825,8.576548047594344e-08,0.34043106932357325,6.931777866922771e-08,ok,/home/elads/STAR/full_grid_solar_opacity/runs/T119p722_rho4p18839em14/fac-opacity-cowan-state/starout.h5
119.72158099795129,6.019044567806669e-14,fac-opacity-cowan-state,T119p722_rho6p01904em14,0.3404309080258795,1.2210192500609822e-07,0.3404312693864194,3.597780497269393e-07,ok,/home/elads/STAR/full_grid_solar_opacity/runs/T119p722_rho6p01904em14/fac-opacity-cowan-state/starout.h5
119.72158099795129,8.649836012976684e-14,fac-opacity-cowan-state,T119p722_rho8p64984em14,0.34043074754037844,1.7257901877657803e-07,0.3404312628323053,5.130953523677999e-07,ok,/home/elads/STAR/full_grid_solar_opacity/runs/T119p722_rho8p64984em14/fac-opacity-cowan-state/starout.h5
119.72158099795129,1.2430488295695167e-13,fac-opacity-cowan-state,T119p722_rho1p24305em13,0.34043056186933907,2.4363676637780036e-07,0.34043129164805475,7.267293060312379e-07,ok,/home/elads/STAR/full_grid_solar_opacity/runs/T119p722_rho1p24305em13/fac-opacity-cowan-state/starout.h5
119.72158099795129,1.7863580192457348e-13,fac-opacity-cowan-state,T119p722_rho1p78636em13,0.34043033652663957,3.43391978215633e-07,0.3404312967225423,9.56230166204067e-07,ok,/home/elads/STAR/full_grid_solar_opacity/runs/T119p722_rho1p78636em13/fac-opacity-cowan-state/starout.h5
119.72158099795129,2.567135656310987e-13,fac-opacity-cowan-state,T119p722_rho2p56714em13,0.34043006834490325,4.826940687540342e-07,0.3404315126316143,1.4382780657083097e-06,ok,/home/elads/STAR/full_grid_solar_opacity/runs/T119p722_rho2p56714em13/fac-opacity-cowan-state/starout.h5
119.72158099795129,3.6891739544382357e-13,fac-opacity-cowan-state,T119p722_rho3p68917em13,0.3404297658083981,6.757941555871447e-07,0.3404317920332765,2.0180180447402503e-06,ok,/home/elads/STAR/full_grid_solar_opacity/runs/T119p722_rho3p68917em13/fac-opacity-cowan-state/starout.h5
119.72158099795129,5.301630411562758e-13,fac-opacity-cowan-state,T119p722_rho5p30163em13,0.3404294377286076,9.418666278771496e-07,0.3404323967809265,2.947324438031483e-06,ok,/home/elads/STAR/full_grid_solar_opacity/runs/T119p722_rho5p30163em13/fac-opacity-cowan-state/starout.h5
119.72158099795129,7.618855973704612e-13,fac-opacity-cowan-state,T119p722_rho7p61886em13,0.34042901335980247,1.3068427253439617e-06,0.340433211499238,4.181760533950018e-06,ok,/home/elads/STAR/full_grid_solar_opacity/runs/T119p722_rho7p61886em13/fac-opacity-cowan-state/starout.h5
119.72158099795129,1.0948889651276868e-12,fac-opacity-cowan-state,T119p722_rho1p09489em12,0.3404286585619673,1.8010909132059056e-06,0.3404342243722802,5.544280673240401e-06,ok,/home/elads/STAR/full_grid_solar_opacity/runs/T119p722_rho1p09489em12/fac-opacity-cowan-state/starout.h5
119.72158099795129,1.5734407502856082e-12,fac-opacity-cowan-state,T119p722_rho1p57344em12,0.3403534334507232,2.4752594604274862e-06,0.3403615644270423,8.100179325883636e-06,ok,/home/elads/STAR/full_grid_solar_opacity/runs/T119p722_rho1p57344em12/fac-opacity-cowan-state/starout.h5
119.72158099795129,2.26115695153675e-12,fac-opacity-cowan-state,T119p722_rho2p26116em12,0.3403529863066663,3.3939010188258778e-06,0.3403576335350374,4.62707660844254e-06,ok,/home/elads/STAR/full_grid_solar_opacity/runs/T119p722_rho2p26116em12/fac-opacity-cowan-state/starout.h5
119.72158099795129,3.249458715591849e-12,fac-opacity-cowan-state,T119p722_rho3p24946em12,0.3403525278986427,4.655254050578205e-06,0.34036788466631657,1.5299547928145148e-05,ok,/home/elads/STAR/full_grid_solar_opacity/runs/T119p722_rho3p24946em12/fac-opacity-cowan-state/starout.h5
119.72158099795129,4.669725353279713e-12,fac-opacity-cowan-state,T119p722_rho4p66973em12,0.3403520570070496,6.408182779987985e-06,0.3403723705142054,2.0238479304264814e-05,ok,/home/elads/STAR/full_grid_solar_opacity/runs/T119p722_rho4p66973em12/fac-opacity-cowan-state/starout.h5
119.72158099795129,6.710759170575148e-12,fac-opacity-cowan-state,T119p722_rho6p71076em12,0.3403515794294693,8.856654515938802e-06,0.3403787067528729,2.7027129744911003e-05,ok,/home/elads/STAR/full_grid_solar_opacity/runs/T119p722_rho6p71076em12/fac-opacity-cowan-state/starout.h5
119.72158099795129,9.64388379154446e-12,fac-opacity-cowan-state,T119p722_rho9p64388em12,0.3403510943758623,1.2339028880383363e-05,0.3403864178778819,3.519323529538679e-05,ok,/home/elads/STAR/full_grid_solar_opacity/runs/T119p722_rho9p64388em12/fac-opacity-cowan-state/starout.h5
119.72158099795129,1.3859012403933867e-11,fac-opacity-cowan-state,T119p722_rho1p3859em11,0.34035061728598465,1.7218850884045765e-05,0.34039737289024435,4.6583542996486477e-05,ok,/home/elads/STAR/full_grid_solar_opacity/runs/T119p722_rho1p3859em11/fac-opacity-cowan-state/starout.h5
119.72158099795129,1.9916480638308542e-11,fac-opacity-cowan-state,T119p722_rho1p99165em11,0.34035013037651096,2.411469303154456e-05,0.34036258612459047,1.2393777385595044e-05,ok,/home/elads/STAR/full_grid_solar_opacity/runs/T119p722_rho1p99165em11/fac-opacity-cowan-state/starout.h5
119.72158099795129,2.8621534453892672e-11,fac-opacity-cowan-state,T119p722_rho2p86215em11,0.34034963908857296,3.393464055573773e-05,0.3404190290491627,6.913247495643894e-05,ok,/home/elads/STAR/full_grid_solar_opacity/runs/T119p722_rho2p86215em11/fac-opacity-cowan-state/starout.h5
119.72158099795129,4.1131375034185614e-11,fac-opacity-cowan-state,T119p722_rho4p11314em11,0.3403490321003107,4.779089734839654e-05,0.3403939940496364,4.477804436354607e-05,ok,/home/elads/STAR/full_grid_solar_opacity/runs/T119p722_rho4p11314em11/fac-opacity-cowan-state/starout.h5
119.72158099795129,5.910899064227969e-11,fac-opacity-cowan-state,T119p722_rho5p9109em11,0.3403484476657727,6.750462874669757e-05,0.34044643923304996,9.762224337872525e-05,ok,/home/elads/STAR/full_grid_solar_opacity/runs/T119p722_rho5p9109em11/fac-opacity-cowan-state/starout.h5
119.72158099795129,8.4944224982638e-11,fac-opacity-cowan-state,T119p722_rho8p49442em11,0.34034782718581863,9.551449802529247e-05,0.3404617999415263,0.00011354212596080142,ok,/home/elads/STAR/full_grid_solar_opacity/runs/T119p722_rho8p49442em11/fac-opacity-cowan-state/starout.h5
119.72158099795129,1.2207146966133182e-10,fac-opacity-cowan-state,T119p722_rho1p22071em10,0.3403471473138192,0.00013504315238725657,0.34047677268408855,0.0001291364738504399,ok,/home/elads/STAR/full_grid_solar_opacity/runs/T119p722_rho1p22071em10/fac-opacity-cowan-state/starout.h5
119.72158099795129,1.7542621300415897e-10,fac-opacity-cowan-state,T119p722_rho1p75426em10,0.3403464188957059,0.0001910397244084509,0.34049141561908736,0.0001444308871193607,ok,/home/elads/STAR/full_grid_solar_opacity/runs/T119p722_rho1p75426em10/fac-opacity-cowan-state/starout.h5
119.72158099795129,2.52101136279913e-10,fac-opacity-cowan-state,T119p722_rho2p52101em10,0.34034561620803566,0.00027072778231235006,0.3405083807034986,0.00016212109019461652,ok,/home/elads/STAR/full_grid_solar_opacity/runs/T119p722_rho2p52101em10/fac-opacity-cowan-state/starout.h5
119.72158099795129,3.6228897509242966e-10,fac-opacity-cowan-state,T119p722_rho3p62289em10,0.34034490137208134,0.0003830277778148727,0.3405272836848901,0.00018165435057027228,ok,/home/elads/STAR/full_grid_solar_opacity/runs/T119p722_rho3p62289em10/fac-opacity-cowan-state/starout.h5
119.72158099795129,5.20637484663258e-10,fac-opacity-cowan-state,T119p722_rho5p20637em10,0.34034395878083523,0.0005414780100821138,0.34054925932867447,0.00020447389987104155,ok,/home/elads/STAR/full_grid_solar_opacity/runs/T119p722_rho5p20637em10/fac-opacity-cowan-state/starout.h5
119.72158099795129,7.481966305138837e-10,fac-opacity-cowan-state,T119p722_rho7p48197em10,0.3403428488885856,0.0007660466382213711,0.3405922956943531,0.0002484427388638862,ok,/home/elads/STAR/full_grid_solar_opacity/runs/T119p722_rho7p48197em10/fac-opacity-cowan-state/starout.h5
119.72158099795129,1.0752168531898921e-09,fac-opacity-cowan-state,T119p722_rho1p07522em09,0.3403418693748688,0.0010790532787483564,0.34064631042598237,0.00030322965471262864,ok,/home/elads/STAR/full_grid_solar_opacity/runs/T119p722_rho1p07522em09/fac-opacity-cowan-state/starout.h5
119.72158099795129,1.5451703926941453e-09,fac-opacity-cowan-state,T119p722_rho1p54517em09,0.3403407382362812,0.0015150035549369282,0.34072575860773,0.0003836457253304309,ok,/home/elads/STAR/full_grid_solar_opacity/runs/T119p722_rho1p54517em09/fac-opacity-cowan-state/starout.h5
119.72158099795129,2.220530245015531e-09,fac-opacity-cowan-state,T119p722_rho2p22053em09,0.34033960912541666,0.002121178561207342,0.34078171318655004,0.0004403609689959017,ok,/home/elads/STAR/full_grid_solar_opacity/runs/T119p722_rho2p22053em09/fac-opacity-cowan-state/starout.h5
119.72158099795129,3.1910749729235452e-09,fac-opacity-cowan-state,T119p722_rho3p19107em09,0.3403384228390104,0.0029567797088026395,0.340875448008064,0.0005349287834516817,ok,/home/elads/STAR/full_grid_solar_opacity/runs/T119p722_rho3p19107em09/fac-opacity-cowan-state/starout.h5
119.72158099795129,4.585823366142813e-09,fac-opacity-cowan-state,T119p722_rho4p58582em09,0.3403371741126072,0.004106732174897347,0.34101722568557696,0.0006774073623530852,ok,/home/elads/STAR/full_grid_solar_opacity/runs/T119p722_rho4p58582em09/fac-opacity-cowan-state/starout.h5
119.72158099795129,6.590185477903269e-09,fac-opacity-cowan-state,T119p722_rho6p59019em09,0.3403358969395375,0.005679323902147464,0.3412587886368284,0.0009194806087926226,ok,/home/elads/STAR/full_grid_solar_opacity/runs/T119p722_rho6p59019em09/fac-opacity-cowan-state/starout.h5
119.72158099795129,9.470610000772238e-09,fac-opacity-cowan-state,T119p722_rho9p47061em09,0.34033446359791913,0.007828239287074091,0.3415116877998758,0.0011729065912610738,ok,/home/elads/STAR/full_grid_solar_opacity/runs/T119p722_rho9p47061em09/fac-opacity-cowan-state/starout.h5
119.72158099795129,1.3610004466105506e-08,fac-opacity-cowan-state,T119p722_rho1p361em08,0.34033255299831333,0.012075705260433797,0.34218221275458166,0.0018432693827116192,ok,/home/elads/STAR/full_grid_solar_opacity/runs/T119p722_rho1p361em08/fac-opacity-cowan-state/starout.h5
119.72158099795129,1.9558636830395073e-08,fac-opacity-cowan-state,T119p722_rho1p95586em08,0.34033081148264505,0.016476340291377983,0.34279324715590936,0.0024536415346081836,ok,/home/elads/STAR/full_grid_solar_opacity/runs/T119p722_rho1p95586em08/fac-opacity-cowan-state/starout.h5
119.72158099795129,2.810728502080722e-08,fac-opacity-cowan-state,T119p722_rho2p81073em08,0.3403287013931064,0.022246480000309127,0.34343107517131993,0.0030912915683500262,ok,/home/elads/STAR/full_grid_solar_opacity/runs/T119p722_rho2p81073em08/fac-opacity-cowan-state/starout.h5
119.72158099795129,4.039235853150913e-08,fac-opacity-cowan-state,T119p722_rho4p03924em08,0.34032642661937396,0.029750749704030358,0.3441044515846459,0.003764979248354864,ok,/home/elads/STAR/full_grid_solar_opacity/runs/T119p722_rho4p03924em08/fac-opacity-cowan-state/starout.h5
119.72158099795129,5.804696634805446e-08,fac-opacity-cowan-state,T119p722_rho5p8047em08,0.3403242115238629,0.03935478295973706,0.3451248732468958,0.00478500074252524,ok,/home/elads/STAR/full_grid_solar_opacity/runs/T119p722_rho5p8047em08/fac-opacity-cowan-state/starout.h5
119.72158099795129,8.341801332506338e-08,fac-opacity-cowan-state,T119p722_rho8p3418em08,0.34032154639709117,0.05137213818944016,0.34681094159927633,0.0064682078867811495,ok,/home/elads/STAR/full_grid_solar_opacity/runs/T119p722_rho8p3418em08/fac-opacity-cowan-state/starout.h5
119.72158099795129,1.1987818459583772e-07,fac-opacity-cowan-state,T119p722_rho1p19878em07,0.3403186674103929,0.06566352189455309,0.34787016706182483,0.007527485050335838,ok,/home/elads/STAR/full_grid_solar_opacity/runs/T119p722_rho1p19878em07/fac-opacity-cowan-state/starout.h5
119.72158099795129,1.7227429147699408e-07,fac-opacity-cowan-state,T119p722_rho1p72274em07,0.3403152757027827,0.08293026876839087,0.3502423247200526,0.009897184135521266,ok,/home/elads/STAR/full_grid_solar_opacity/runs/T119p722_rho1p72274em07/fac-opacity-cowan-state/starout.h5
119.72158099795129,2.4757157946593376e-07,fac-opacity-cowan-state,T119p722_rho2p47572em07,0.34031148682314694,0.103185288672994,0.3520902227375678,0.0117430199853499,ok,/home/elads/STAR/full_grid_solar_opacity/runs/T119p722_rho2p47572em07/fac-opacity-cowan-state/starout.h5
119.72158099795129,3.557796490339488e-07,fac-opacity-cowan-state,T119p722_rho3p5578em07,0.3403081399112561,0.12710306077986436,0.3546977808745858,0.014349225342480957,ok,/home/elads/STAR/full_grid_solar_opacity/runs/T119p722_rho3p5578em07/fac-opacity-cowan-state/starout.h5
119.72158099795129,5.112830759482948e-07,fac-opacity-cowan-state,T119p722_rho5p11283em07,0.3403039279584382,0.15418135298774552,0.3571234559078905,0.016772228272282166,ok,/home/elads/STAR/full_grid_solar_opacity/runs/T119p722_rho5p11283em07/fac-opacity-cowan-state/starout.h5
119.72158099795129,7.347536163492159e-07,fac-opacity-cowan-state,T119p722_rho7p34754em07,0.34029919577445944,0.18519818603283786,0.3603837516987658,0.020030795099947964,ok,/home/elads/STAR/full_grid_solar_opacity/runs/T119p722_rho7p34754em07/fac-opacity-cowan-state/starout.h5
119.72158099795129,1.0558981944335787e-06,fac-opacity-cowan-state,T119p722_rho1p0559em06,0.34029413045144874,0.2214329682046928,0.36388152864264944,0.023526607435790745,ok,/home/elads/STAR/full_grid_solar_opacity/runs/T119p722_rho1p0559em06/fac-opacity-cowan-state/starout.h5
119.72158099795129,1.517407974863493e-06,fac-opacity-cowan-state,T119p722_rho1p51741em06,0.34028821238400253,0.2623991487135089,0.366340286761426,0.02598811023017887,ok,/home/elads/STAR/full_grid_solar_opacity/runs/T119p722_rho1p51741em06/fac-opacity-cowan-state/starout.h5
119.72158099795129,2.1806334875063253e-06,fac-opacity-cowan-state,T119p722_rho2p18063em06,0.3402811096822805,0.3100630630629383,0.37133982190201104,0.03098760469378859,ok,/home/elads/STAR/full_grid_solar_opacity/runs/T119p722_rho2p18063em06/fac-opacity-cowan-state/starout.h5
119.72158099795129,3.1337402238588983e-06,fac-opacity-cowan-state,T119p722_rho3p13374em06,0.3402725178421936,0.36420349367152177,0.3760198874679102,0.03566758314860602,ok,/home/elads/STAR/full_grid_solar_opacity/runs/T119p722_rho3p13374em06/fac-opacity-cowan-state/starout.h5
119.72158099795129,4.503428864545845e-06,fac-opacity-cowan-state,T119p722_rho4p50343em06,0.3402618071418258,0.42451219148148117,0.3799123992019205,0.039566994132376646,ok,/home/elads/STAR/full_grid_solar_opacity/runs/T119p722_rho4p50343em06/fac-opacity-cowan-state/starout.h5
119.72158099795129,6.471778159406801e-06,fac-opacity-cowan-state,T119p722_rho6p47178em06,0.34024807761147563,0.5003617921311726,0.3873890700481992,0.04705004674947155,ok,/home/elads/STAR/full_grid_solar_opacity/runs/T119p722_rho6p47178em06/fac-opacity-cowan-state/starout.h5
119.72158099795129,9.300449458481393e-06,fac-opacity-cowan-state,T119p722_rho9p30045em06,0.3402302238178311,0.5822740709757654,0.39278305120536644,0.05245667355924014,ok,/home/elads/STAR/full_grid_solar_opacity/runs/T119p722_rho9p30045em06/fac-opacity-cowan-state/starout.h5
119.72158099795129,1.3365470508911143e-05,fac-opacity-cowan-state,T119p722_rho1p33655em05,0.3402065008254239,0.6769056931087974,0.40090457631966653,0.060592424757063064,ok,/home/elads/STAR/full_grid_solar_opacity/runs/T119p722_rho1p33655em05/fac-opacity-cowan-state/starout.h5
119.72158099795129,1.920722248123928e-05,fac-opacity-cowan-state,T119p722_rho1p92072em05,0.34017506458221736,0.7859779692788937,0.40719287250370634,0.06690417648479118,ok,/home/elads/STAR/full_grid_solar_opacity/runs/T119p722_rho1p92072em05/fac-opacity-cowan-state/starout.h5
119.72158099795129,2.760227522090268e-05,fac-opacity-cowan-state,T119p722_rho2p76023em05,0.340132330754426,0.9218625567647426,0.4211225404505208,0.08087050954883584,ok,/home/elads/STAR/full_grid_solar_opacity/runs/T119p722_rho2p76023em05/fac-opacity-cowan-state/starout.h5
119.72158099795129,3.966662010161191e-05,fac-opacity-cowan-state,T119p722_rho3p96666em05,0.34007378654191683,1.097094479491515,0.4375032859747951,0.09729271869024066,ok,/home/elads/STAR/full_grid_solar_opacity/runs/T119p722_rho3p96666em05/fac-opacity-cowan-state/starout.h5
119.72158099795129,5.7004023678963655e-05,fac-opacity-cowan-state,T119p722_rho5p7004em05,0.3399969901235993,1.2557049643116174,0.4519393313261481,0.1117951766256856,ok,/home/elads/STAR/full_grid_solar_opacity/runs/T119p722_rho5p7004em05/fac-opacity-cowan-state/starout.h5
119.72158099795129,8.191922344953684e-05,fac-opacity-cowan-state,T119p722_rho8p19192em05,0.3398865068971147,1.4746602453447177,0.4737653091798635,0.13370873790718366,ok,/home/elads/STAR/full_grid_solar_opacity/runs/T119p722_rho8p19192em05/fac-opacity-cowan-state/starout.h5
119.72158099795129,0.00011772430676769293,fac-opacity-cowan-state,T119p722_rho0p000117724,0.3397335391190951,1.7324985496744891,0.5011412830993632,0.16120603835356012,ok,/home/elads/STAR/full_grid_solar_opacity/runs/T119p722_rho0p000117724/fac-opacity-cowan-state/starout.h5
119.72158099795129,0.00016917900122028344,fac-opacity-cowan-state,T119p722_rho0p000169179,0.33952179619251205,2.047050088798711,0.5474686330063767,0.2076977381832219,ok,/home/elads/STAR/full_grid_solar_opacity/runs/T119p722_rho0p000169179/fac-opacity-cowan-state/starout.h5
119.72158099795129,0.0002431234061999784,fac-opacity-cowan-state,T119p722_rho0p000243123,0.33922955144737804,2.430546265557459,0.587341232378101,0.24778705354935293,ok,/home/elads/STAR/full_grid_solar_opacity/runs/T119p722_rho0p000243123/fac-opacity-cowan-state/starout.h5
119.72158099795129,0.0003493872774749123,fac-opacity-cowan-state,T119p722_rho0p000349387,0.338825303726277,2.8920240963089077,0.6465634505655601,0.3073134515283581,ok,/home/elads/STAR/full_grid_solar_opacity/runs/T119p722_rho0p000349387/fac-opacity-cowan-state/starout.h5
119.72158099795129,0.0005020967399614471,fac-opacity-cowan-state,T119p722_rho0p000502097,0.3382709329519156,3.37538160036042,0.7537800598034248,0.4149717190598018,ok,/home/elads/STAR/full_grid_solar_opacity/runs/T119p722_rho0p000502097/fac-opacity-cowan-state/starout.h5
119.72158099795129,0.0007215521357901021,fac-opacity-cowan-state,T119p722_rho0p000721552,0.337512876819099,4.04064019681336,0.8633698061907727,0.5251185335057394,ok,/home/elads/STAR/full_grid_solar_opacity/runs/T119p722_rho0p000721552/fac-opacity-cowan-state/starout.h5
119.72158099795129,0.0010369266382873438,fac-opacity-cowan-state,T119p722_rho0p00103693,0.3364841347139505,4.77274403503154,0.9712522673047262,0.6337317962352244,ok,/home/elads/STAR/full_grid_solar_opacity/runs/T119p722_rho0p00103693/fac-opacity-cowan-state/starout.h5
119.72158099795129,0.0014901443705277455,fac-opacity-cowan-state,T119p722_rho0p00149014,0.3350984618560736,5.757742597068043,1.166239205801495,0.8297822235701091,ok,/home/elads/STAR/full_grid_solar_opacity/runs/T119p722_rho0p00149014/fac-opacity-cowan-state/starout.h5
119.72158099795129,0.002141453563853953,fac-opacity-cowan-state,T119p722_rho0p00214145,0.33325288090933797,7.0211402751703655,1.5339635556654305,1.1989471960415297,ok,/home/elads/STAR/full_grid_solar_opacity/runs/T119p722_rho0p00214145/fac-opacity-cowan-state/starout.h5
119.72158099795129,0.003077435620898055,fac-opacity-cowan-state,T119p722_rho0p00307744,0.33082039794847884,8.326737341794793,1.8165743180900917,1.483385302394311,ok,/home/elads/STAR/full_grid_solar_opacity/runs/T119p722_rho0p00307744/fac-opacity-cowan-state/starout.h5
119.72158099795129,0.004422514763163053,fac-opacity-cowan-state,T119p722_rho0p00442251,0.32766476175556775,10.25033210217938,2.5116767485710914,2.181255807374487,ok,/home/elads/STAR/full_grid_solar_opacity/runs/T119p722_rho0p00442251/fac-opacity-cowan-state/starout.h5
119.72158099795129,0.006355498291362301,fac-opacity-cowan-state,T119p722_rho0p0063555,0.32364165724434096,12.66721159670405,3.3493101918351496,3.02231222316842,ok,/home/elads/STAR/full_grid_solar_opacity/runs/T119p722_rho0p0063555/fac-opacity-cowan-state/starout.h5
119.72158099795129,0.009133346228248624,fac-opacity-cowan-state,T119p722_rho0p00913335,0.318618330308236,15.692861872734284,3.914684600902813,3.59138104724547,ok,/home/elads/STAR/full_grid_solar_opacity/runs/T119p722_rho0p00913335/fac-opacity-cowan-state/starout.h5
119.72158099795129,0.01312533014735226,fac-opacity-cowan-state,T119p722_rho0p0131253,0.31248511712667726,19.88378206016418,4.678716400243312,4.359888794951909,ok,/home/elads/STAR/full_grid_solar_opacity/runs/T119p722_rho0p0131253/fac-opacity-cowan-state/starout.h5
119.72158099795129,0.018862122071335155,fac-opacity-cowan-state,T119p722_rho0p0188621,0.3051810908150596,27.49921242894651,7.143898864365618,6.832806270261146,ok,/home/elads/STAR/full_grid_solar_opacity/runs/T119p722_rho0p0188621/fac-opacity-cowan-state/starout.h5
119.72158099795129,0.02710633904364831,fac-opacity-cowan-state,T119p722_rho0p0271063,0.29673228478840924,35.45229091708025,8.502965431676142,8.199117521455573,ok,/home/elads/STAR/full_grid_solar_opacity/runs/T119p722_rho0p0271063/fac-opacity-cowan-state/starout.h5
119.72158099795129,0.038953921174427183,fac-opacity-cowan-state,T119p722_rho0p0389539,0.28726292666655023,45.36633837412427,9.445976433803096,9.149243955582627,ok,/home/elads/STAR/full_grid_solar_opacity/runs/T119p722_rho0p0389539/fac-opacity-cowan-state/starout.h5
119.72158099795129,0.0559798197912329,fac-opacity-cowan-state,T119p722_rho0p0559798,0.2770183621676396,62.37956583417439,12.67699245405797,12.390703961616886,ok,/home/elads/STAR/full_grid_solar_opacity/runs/T119p722_rho0p0559798/fac-opacity-cowan-state/starout.h5
119.72158099795129,0.08044736266284185,fac-opacity-cowan-state,T119p722_rho0p0804474,0.2662967438184706,82.85892637497375,13.485143959288612,13.207153001082984,ok,/home/elads/STAR/full_grid_solar_opacity/runs/T119p722_rho0p0804474/fac-opacity-cowan-state/starout.h5
119.72158099795129,0.11560912813835741,fac-opacity-cowan-state,T119p722_rho0p115609,0.25553365815690443,112.54366569032312,17.304152729499357,17.03759821782877,ok,/home/elads/STAR/full_grid_solar_opacity/runs/T119p722_rho0p115609/fac-opacity-cowan-state/starout.h5
119.72158099795129,0.1661393247274789,fac-opacity-cowan-state,T119p722_rho0p166139,0.2451602662685583,154.74662266574077,20.297869260152908,20.041024286686802,ok,/home/elads/STAR/full_grid_solar_opacity/runs/T119p722_rho0p166139/fac-opacity-cowan-state/starout.h5
119.72158099795129,0.23875515424585794,fac-opacity-cowan-state,T119p722_rho0p238755,0.2356027025889413,213.1271760670217,23.49851104660901,23.2497085980844,ok,/home/elads/STAR/full_grid_solar_opacity/runs/T119p722_rho0p238755/fac-opacity-cowan-state/starout.h5
119.72158099795129,0.34310975906798746,fac-opacity-cowan-state,T119p722_rho0p34311,0.2269870741352068,294.9814308914626,32.17287536101592,31.93365764325118,ok,/home/elads/STAR/full_grid_solar_opacity/runs/T119p722_rho0p34311/fac-opacity-cowan-state/starout.h5
119.72158099795129,0.49307545690287347,fac-opacity-cowan-state,T119p722_rho0p493075,0.2200155380062123,406.73949733899553,37.04929370513405,36.81722875009908,ok,/home/elads/STAR/full_grid_solar_opacity/runs/T119p722_rho0p493075/fac-opacity-cowan-state/starout.h5
119.72158099795129,0.7085878491488851,fac-opacity-cowan-state,T119p722_rho0p708588,0.21478087682927594,564.4076727937994,50.52786794504125,50.304892161705936,ok,/home/elads/STAR/full_grid_solar_opacity/runs/T119p722_rho0p708588/fac-opacity-cowan-state/starout.h5
119.72158099795129,1.0182959482819007,fac-opacity-cowan-state,T119p722_rho1p0183,0.2114995503493773,774.2436557911037,48.148148556788904,47.92511945563784,ok,/home/elads/STAR/full_grid_solar_opacity/runs/T119p722_rho1p0183/fac-opacity-cowan-state/starout.h5
119.72158099795129,1.4633706173946401,fac-opacity-cowan-state,T119p722_rho1p46337,0.21038901369544866,1056.61051550323,55.079730430104,54.85907759717136,ok,/home/elads/STAR/full_grid_solar_opacity/runs/T119p722_rho1p46337/fac-opacity-cowan-state/starout.h5
119.72158099795129,2.1029775945461404,fac-opacity-cowan-state,T119p722_rho2p10298,0.21158574700793475,1420.8630955731132,69.9982475753992,69.77887734189036,ok,/home/elads/STAR/full_grid_solar_opacity/runs/T119p722_rho2p10298/fac-opacity-cowan-state/starout.h5
119.72158099795129,3.0221426551783854,fac-opacity-cowan-state,T119p722_rho3p02214,0.2156878615157679,1879.45751869289,80.06399874458025,79.84202493125386,ok,/home/elads/STAR/full_grid_solar_opacity/runs/T119p722_rho3p02214/fac-opacity-cowan-state/starout.h5
119.72158099795129,4.343054463316713,fac-opacity-cowan-state,T119p722_rho4p34305,0.22258605973788753,2437.50332195891,95.80951768795957,95.5824808579389,ok,/home/elads/STAR/full_grid_solar_opacity/runs/T119p722_rho4p34305/fac-opacity-cowan-state/starout.h5
119.72158099795129,6.241307649397467,fac-opacity-cowan-state,T119p722_rho6p24131,0.23265687972023516,3085.9332842523063,112.17279282580643,111.9372932145598,ok,/home/elads/STAR/full_grid_solar_opacity/runs/T119p722_rho6p24131/fac-opacity-cowan-state/starout.h5
119.72158099795129,8.969245378672715,fac-opacity-cowan-state,T119p722_rho8p96925,0.24595518881348788,3747.2238576148434,142.06539995930683,141.81782056276174,ok,/home/elads/STAR/full_grid_solar_opacity/runs/T119p722_rho8p96925/fac-opacity-cowan-state/starout.h5
119.72158099795129,12.889504440725364,fac-opacity-cowan-state,T119p722_rho12p8895,0.2620777053185289,4332.391145201153,183.0196734145715,182.7569106934641,ok,/home/elads/STAR/full_grid_solar_opacity/runs/T119p722_rho12p8895/fac-opacity-cowan-state/starout.h5
119.72158099795129,18.52322215674118,fac-opacity-cowan-state,T119p722_rho18p5232,0.28049286202039214,4768.856606809238,232.38855527221364,232.10804271097103,ok,/home/elads/STAR/full_grid_solar_opacity/runs/T119p722_rho18p5232/fac-opacity-cowan-state/starout.h5
119.72158099795129,26.61931346126126,fac-opacity-cowan-state,T119p722_rho26p6193,0.29970847678731455,5565.369278426793,289.2333777116372,288.93406464584103,ok,/home/elads/STAR/full_grid_solar_opacity/runs/T119p722_rho26p6193/fac-opacity-cowan-state/starout.h5
119.72158099795129,38.254027466328665,fac-opacity-cowan-state,T119p722_rho38p254,0.3183970824889155,6508.566697166727,348.6354256479323,348.3176401258133,ok,/home/elads/STAR/full_grid_solar_opacity/runs/T119p722_rho38p254/fac-opacity-cowan-state/starout.h5
119.72158099795129,54.97401800103719,fac-opacity-cowan-state,T119p722_rho54p974,0.3358101585223301,7204.741587912717,388.0380447401132,387.7029458404881,ok,/home/elads/STAR/full_grid_solar_opacity/runs/T119p722_rho54p974/fac-opacity-cowan-state/starout.h5
119.72158099795129,79.0019471240894,fac-opacity-cowan-state,T119p722_rho79p0019,0.35208859757698086,7315.947759733223,423.6768978457964,423.3256110844022,ok,/home/elads/STAR/full_grid_solar_opacity/runs/T119p722_rho79p0019/fac-opacity-cowan-state/starout.h5
119.72158099795129,113.53195339077567,fac-opacity-cowan-state,T119p722_rho113p532,0.368417278289334,6641.021115815939,506.0971285252186,505.7296801128723,ok,/home/elads/STAR/full_grid_solar_opacity/runs/T119p722_rho113p532/fac-opacity-cowan-state/starout.h5
119.72158099795129,163.15426277379785,fac-opacity-cowan-state,T119p722_rho163p154,0.3870274868011925,5279.725996951609,725.5517301256197,725.1658545259655,ok,/home/elads/STAR/full_grid_solar_opacity/runs/T119p722_rho163p154/fac-opacity-cowan-state/starout.h5
119.72158099795129,234.46538763970608,fac-opacity-cowan-state,T119p722_rho234p465,0.40976510459799126,3674.2087820344805,1092.1615047319551,1091.7528299462185,ok,/home/elads/STAR/full_grid_solar_opacity/runs/T119p722_rho234p465/fac-opacity-cowan-state/starout.h5
119.72158099795129,336.94503022121665,fac-opacity-cowan-state,T119p722_rho336p945,0.43842499018143066,2472.0937596692665,1279.8240127722397,1279.3863535665923,ok,/home/elads/STAR/full_grid_solar_opacity/runs/T119p722_rho336p945/fac-opacity-cowan-state/starout.h5
119.72158099795129,484.21626123015125,fac-opacity-cowan-state,T119p722_rho484p216,0.47396375219966275,1839.3863437885918,1216.1822586618944,1215.7088640872416,ok,/home/elads/STAR/full_grid_solar_opacity/runs/T119p722_rho484p216/fac-opacity-cowan-state/starout.h5
119.72158099795129,695.8564947100452,fac-opacity-cowan-state,T119p722_rho695p856,0.5174772813398909,1327.6748424844277,1024.8248570734775,1024.307832136295,ok,/home/elads/STAR/full_grid_solar_opacity/runs/T119p722_rho695p856/fac-opacity-cowan-state/starout.h5
119.72158099795129,1000.0,fac-opacity-cowan-state,T119p722_rho1000,0.5695116129902087,932.7475942946561,805.1516711400745,804.5824995572993,ok,/home/elads/STAR/full_grid_solar_opacity/runs/T119p722_rho1000/fac-opacity-cowan-state/starout.h5
131.7992190685807,1e-17,fac-opacity-cowan-state,T131p799_rho1em17,0.3403254559277724,4.769889375481336e-10,0.3403254570615573,1.1173564526911608e-09,ok,/home/elads/STAR/full_grid_solar_opacity/runs/T131p799_rho1em17/fac-opacity-cowan-state/starout.h5
131.7992190685807,1.4370779141993746e-17,fac-opacity-cowan-state,T131p799_rho1p43708em17,0.34032545592901453,4.769917717842077e-10,0.34032545706279893,1.1173574955063533e-09,ok,/home/elads/STAR/full_grid_solar_opacity/runs/T131p799_rho1p43708em17/fac-opacity-cowan-state/starout.h5
131.7992190685807,2.065192931479625e-17,fac-opacity-cowan-state,T131p799_rho2p06519em17,0.34032545592912605,4.769958415772216e-10,0.3403254570629111,1.1173589902873983e-09,ok,/home/elads/STAR/full_grid_solar_opacity/runs/T131p799_rho2p06519em17/fac-opacity-cowan-state/starout.h5
131.7992190685807,2.9678431503900313e-17,fac-opacity-cowan-state,T131p799_rho2p96784em17,0.34032545593007657,4.770016677885429e-10,0.34032545706386663,1.117361144867474e-09,ok,/home/elads/STAR/full_grid_solar_opacity/runs/T131p799_rho2p96784em17/fac-opacity-cowan-state/starout.h5
131.7992190685807,4.2650218442334076e-17,fac-opacity-cowan-state,T131p799_rho4p26502em17,0.3403254559298416,4.770100301903004e-10,0.3403254570636345,1.117364254507317e-09,ok,/home/elads/STAR/full_grid_solar_opacity/runs/T131p799_rho4p26502em17/fac-opacity-cowan-state/starout.h5
131.7992190685807,6.129168695925715e-17,fac-opacity-cowan-state,T131p799_rho6p12917em17,0.34032545592963026,4.770220245180501e-10,0.34032545706342715,1.1173687261331777e-09,ok,/home/elads/STAR/full_grid_solar_opacity/runs/T131p799_rho6p12917em17/fac-opacity-cowan-state/starout.h5
131.7992190685807,8.808092965317026e-17,fac-opacity-cowan-state,T131p799_rho8p80809em17,0.3403254515059572,4.770392231002959e-10,0.3403254526397603,1.1173750964092507e-09,ok,/home/elads/STAR/full_grid_solar_opacity/runs/T131p799_rho8p80809em17/fac-opacity-cowan-state/starout.h5
131.7992190685807,1.2657915866672028e-16,fac-opacity-cowan-state,T131p799_rho1p26579em16,0.34032545593041275,4.770639243534354e-10,0.3403254570642256,1.1173843846773703e-09,ok,/home/elads/STAR/full_grid_solar_opacity/runs/T131p799_rho1p26579em16/fac-opacity-cowan-state/starout.h5
131.7992190685807,1.819041133178821e-16,fac-opacity-cowan-state,T131p799_rho1p81904em16,0.3403254559313355,4.770993872838108e-10,0.34032545706516093,1.1173976575916622e-09,ok,/home/elads/STAR/full_grid_solar_opacity/runs/T131p799_rho1p81904em16/fac-opacity-cowan-state/starout.h5
131.7992190685807,2.6141038375114865e-16,fac-opacity-cowan-state,T131p799_rho2p6141em16,0.3403254556045291,4.77153392700487e-10,0.34032545673838027,1.117422725895754e-09,ok,/home/elads/STAR/full_grid_solar_opacity/runs/T131p799_rho2p6141em16/fac-opacity-cowan-state/starout.h5
131.7992190685807,3.7566708903116036e-16,fac-opacity-cowan-state,T131p799_rho3p75667em16,0.34032545530275027,4.772461574978606e-10,0.3403254564366784,1.1174999148072963e-09,ok,/home/elads/STAR/full_grid_solar_opacity/runs/T131p799_rho3p75667em16/fac-opacity-cowan-state/starout.h5
131.7992190685807,5.398628767382507e-16,fac-opacity-cowan-state,T131p799_rho5p39863em16,0.3403254449668246,5.561351539757236e-10,0.3403254464296355,1.4421876160066883e-09,ok,/home/elads/STAR/full_grid_solar_opacity/runs/T131p799_rho5p39863em16/fac-opacity-cowan-state/starout.h5
131.7992190685807,7.758250168566793e-16,fac-opacity-cowan-state,T131p799_rho7p75825em16,0.3403254165312011,7.401864303787304e-10,0.34032541872928146,2.168110750379217e-09,ok,/home/elads/STAR/full_grid_solar_opacity/runs/T131p799_rho7p75825em16/fac-opacity-cowan-state/starout.h5
131.7992190685807,1.1149209970080914e-15,fac-opacity-cowan-state,T131p799_rho1p11492em15,0.34032535972504563,9.891699688083275e-10,0.340325362335864,2.5754327698269267e-09,ok,/home/elads/STAR/full_grid_solar_opacity/runs/T131p799_rho1p11492em15/fac-opacity-cowan-state/starout.h5
131.7992190685807,1.6022283408774753e-15,fac-opacity-cowan-state,T131p799_rho1p60223em15,0.34032530572027797,1.4084890298869856e-09,0.34032530946258166,3.693522240475562e-09,ok,/home/elads/STAR/full_grid_solar_opacity/runs/T131p799_rho1p60223em15/fac-opacity-cowan-state/starout.h5
131.7992190685807,2.3025269621793266e-15,fac-opacity-cowan-state,T131p799_rho2p30253em15,0.3403252474199561,1.907890228727385e-09,0.34032525233792715,4.85496327981835e-09,ok,/home/elads/STAR/full_grid_solar_opacity/runs/T131p799_rho2p30253em15/fac-opacity-cowan-state/starout.h5
131.7992190685807,3.308910644196489e-15,fac-opacity-cowan-state,T131p799_rho3p30891em15,0.34032518534357986,2.594685167789849e-09,0.3403251918869409,6.460764329150386e-09,ok,/home/elads/STAR/full_grid_solar_opacity/runs/T131p799_rho3p30891em15/fac-opacity-cowan-state/starout.h5
131.7992190685807,4.755162406834019e-15,fac-opacity-cowan-state,T131p799_rho4p75516em15,0.3403251222348418,3.5342963697226433e-09,0.3403251320945829,9.736091026793946e-09,ok,/home/elads/STAR/full_grid_solar_opacity/runs/T131p799_rho4p75516em15/fac-opacity-cowan-state/starout.h5
131.7992190685807,6.8335388732923106e-15,fac-opacity-cowan-state,T131p799_rho6p83354em15,0.34032506188071904,4.8138265340300436e-09,0.3403250746873272,1.2647213223266611e-08,ok,/home/elads/STAR/full_grid_solar_opacity/runs/T131p799_rho6p83354em15/fac-opacity-cowan-state/starout.h5
131.7992190685807,9.820327790631256e-15,fac-opacity-cowan-state,T131p799_rho9p82033em15,0.3403249892760213,6.862641915143393e-09,0.3403250063981421,1.6911100992334098e-08,ok,/home/elads/STAR/full_grid_solar_opacity/runs/T131p799_rho9p82033em15/fac-opacity-cowan-state/starout.h5
131.7992190685807,1.4112576178114521e-14,fac-opacity-cowan-state,T131p799_rho1p41126em14,0.34032492418088983,9.755778306802535e-09,0.3403249461620621,2.1717787980311687e-08,ok,/home/elads/STAR/full_grid_solar_opacity/runs/T131p799_rho1p41126em14/fac-opacity-cowan-state/starout.h5
131.7992190685807,2.0280871538024598e-14,fac-opacity-cowan-state,T131p799_rho2p02809em14,0.3403248471392833,1.3246075826582067e-08,0.34032487646550885,2.8979017285251103e-08,ok,/home/elads/STAR/full_grid_solar_opacity/runs/T131p799_rho2p02809em14/fac-opacity-cowan-state/starout.h5
131.7992190685807,2.914519256800997e-14,fac-opacity-cowan-state,T131p799_rho2p91452em14,0.3403247263038707,1.7969102984350858e-08,0.34032476233218056,3.5608564106141326e-08,ok,/home/elads/STAR/full_grid_solar_opacity/runs/T131p799_rho2p91452em14/fac-opacity-cowan-state/starout.h5
131.7992190685807,4.188391254457488e-14,fac-opacity-cowan-state,T131p799_rho4p18839em14,0.34032472193584845,2.4349714369318327e-08,0.3403247616625584,3.926031556560655e-08,ok,/home/elads/STAR/full_grid_solar_opacity/runs/T131p799_rho4p18839em14/fac-opacity-cowan-state/starout.h5
131.7992190685807,6.019044567806669e-14,fac-opacity-cowan-state,T131p799_rho6p01904em14,0.3403246538144888,3.310776561084573e-08,0.3403247090570749,5.462039476541728e-08,ok,/home/elads/STAR/full_grid_solar_opacity/runs/T131p799_rho6p01904em14/fac-opacity-cowan-state/starout.h5
131.7992190685807,8.649836012976684e-14,fac-opacity-cowan-state,T131p799_rho8p64984em14,0.34032458721474806,4.523995220762249e-08,0.340324652940476,6.499667525229826e-08,ok,/home/elads/STAR/full_grid_solar_opacity/runs/T131p799_rho8p64984em14/fac-opacity-cowan-state/starout.h5
131.7992190685807,1.2430488295695167e-13,fac-opacity-cowan-state,T131p799_rho1p24305em13,0.34032451354860704,7.470123973579237e-08,0.34032469778110724,1.8306612580590228e-07,ok,/home/elads/STAR/full_grid_solar_opacity/runs/T131p799_rho1p24305em13/fac-opacity-cowan-state/starout.h5
131.7992190685807,1.7863580192457348e-13,fac-opacity-cowan-state,T131p799_rho1p78636em13,0.34032444385106675,1.1063327789085585e-07,0.34032469461405035,2.4929340538663914e-07,ok,/home/elads/STAR/full_grid_solar_opacity/runs/T131p799_rho1p78636em13/fac-opacity-cowan-state/starout.h5
131.7992190685807,2.567135656310987e-13,fac-opacity-cowan-state,T131p799_rho2p56714em13,0.34032436854150394,1.6829852493004576e-07,0.34032481633309636,4.456035188317828e-07,ok,/home/elads/STAR/full_grid_solar_opacity/runs/T131p799_rho2p56714em13/fac-opacity-cowan-state/starout.h5
131.7992190685807,3.6891739544382357e-13,fac-opacity-cowan-state,T131p799_rho3p68917em13,0.3403242881862576,2.3874578356274216e-07,0.34032492151752813,6.304090443956311e-07,ok,/home/elads/STAR/full_grid_solar_opacity/runs/T131p799_rho3p68917em13/fac-opacity-cowan-state/starout.h5
131.7992190685807,5.301630411562758e-13,fac-opacity-cowan-state,T131p799_rho5p30163em13,0.3403241936177982,3.364594624022143e-07,0.3403250872259545,8.896188162244384e-07,ok,/home/elads/STAR/full_grid_solar_opacity/runs/T131p799_rho5p30163em13/fac-opacity-cowan-state/starout.h5
131.7992190685807,7.618855973704612e-13,fac-opacity-cowan-state,T131p799_rho7p61886em13,0.34032408800953734,4.7462940966271687e-07,0.3403253245985224,1.2313953440672633e-06,ok,/home/elads/STAR/full_grid_solar_opacity/runs/T131p799_rho7p61886em13/fac-opacity-cowan-state/starout.h5
131.7992190685807,1.0948889651276868e-12,fac-opacity-cowan-state,T131p799_rho1p09489em12,0.34032396412018545,6.696403574283935e-07,0.3403256307514416,1.6597433712809075e-06,ok,/home/elads/STAR/full_grid_solar_opacity/runs/T131p799_rho1p09489em12/fac-opacity-cowan-state/starout.h5
131.7992190685807,1.5734407502856082e-12,fac-opacity-cowan-state,T131p799_rho1p57344em12,0.34032376274259796,9.446621099218362e-07,0.3403261784444008,2.4058958581495895e-06,ok,/home/elads/STAR/full_grid_solar_opacity/runs/T131p799_rho1p57344em12/fac-opacity-cowan-state/starout.h5
131.7992190685807,2.26115695153675e-12,fac-opacity-cowan-state,T131p799_rho2p26116em12,0.34024127279519895,1.3308255530927455e-06,0.34024467939257425,3.3933284284777803e-06,ok,/home/elads/STAR/full_grid_solar_opacity/runs/T131p799_rho2p26116em12/fac-opacity-cowan-state/starout.h5
131.7992190685807,3.249458715591849e-12,fac-opacity-cowan-state,T131p799_rho3p24946em12,0.34024105868116217,1.8713164948414248e-06,0.34024484712397146,3.7730062051166827e-06,ok,/home/elads/STAR/full_grid_solar_opacity/runs/T131p799_rho3p24946em12/fac-opacity-cowan-state/starout.h5
131.7992190685807,4.669725353279713e-12,fac-opacity-cowan-state,T131p799_rho4p66973em12,0.34024077734228986,2.6246535065100266e-06,0.3402476273479153,6.823985724578148e-06,ok,/home/elads/STAR/full_grid_solar_opacity/runs/T131p799_rho4p66973em12/fac-opacity-cowan-state/starout.h5
131.7992190685807,6.710759170575148e-12,fac-opacity-cowan-state,T131p799_rho6p71076em12,0.34024045468738184,3.665094515347582e-06,0.3402499528617648,9.46275558350977e-06,ok,/home/elads/STAR/full_grid_solar_opacity/runs/T131p799_rho6p71076em12/fac-opacity-cowan-state/starout.h5
131.7992190685807,9.64388379154446e-12,fac-opacity-cowan-state,T131p799_rho9p64388em12,0.3402401027385478,5.09596295724628e-06,0.34025181611165967,1.166938390700712e-05,ok,/home/elads/STAR/full_grid_solar_opacity/runs/T131p799_rho9p64388em12/fac-opacity-cowan-state/starout.h5
131.7992190685807,1.3859012403933867e-11,fac-opacity-cowan-state,T131p799_rho1p3859em11,0.34023963680674596,7.054556470323918e-06,0.3402572482000098,1.754804642739681e-05,ok,/home/elads/STAR/full_grid_solar_opacity/runs/T131p799_rho1p3859em11/fac-opacity-cowan-state/starout.h5
131.7992190685807,1.9916480638308542e-11,fac-opacity-cowan-state,T131p799_rho1p99165em11,0.3402392507907584,9.706160553827914e-06,0.3402647027018414,2.5362014114583294e-05,ok,/home/elads/STAR/full_grid_solar_opacity/runs/T131p799_rho1p99165em11/fac-opacity-cowan-state/starout.h5
131.7992190685807,2.8621534453892672e-11,fac-opacity-cowan-state,T131p799_rho2p86215em11,0.3402387857991662,1.3313981161161474e-05,0.3402720536497973,3.3151615742623645e-05,ok,/home/elads/STAR/full_grid_solar_opacity/runs/T131p799_rho2p86215em11/fac-opacity-cowan-state/starout.h5
131.7992190685807,4.1131375034185614e-11,fac-opacity-cowan-state,T131p799_rho4p11314em11,0.3402383068752509,1.8295692029945244e-05,0.3402807109296688,4.2258186458141374e-05,ok,/home/elads/STAR/full_grid_solar_opacity/runs/T131p799_rho4p11314em11/fac-opacity-cowan-state/starout.h5
131.7992190685807,5.910899064227969e-11,fac-opacity-cowan-state,T131p799_rho5p9109em11,0.3402378169372084,2.5105440613353187e-05,0.3402657141642752,2.778751001013346e-05,ok,/home/elads/STAR/full_grid_solar_opacity/runs/T131p799_rho5p9109em11/fac-opacity-cowan-state/starout.h5
131.7992190685807,8.4944224982638e-11,fac-opacity-cowan-state,T131p799_rho8p49442em11,0.3402373095611678,3.4555249921611364e-05,0.3403064173352376,6.886776747542963e-05,ok,/home/elads/STAR/full_grid_solar_opacity/runs/T131p799_rho8p49442em11/fac-opacity-cowan-state/starout.h5
131.7992190685807,1.2207146966133182e-10,fac-opacity-cowan-state,T131p799_rho1p22071em10,0.34023679018613984,4.7761112993366554e-05,0.3403271870489754,9.00843735325007e-05,ok,/home/elads/STAR/full_grid_solar_opacity/runs/T131p799_rho1p22071em10/fac-opacity-cowan-state/starout.h5
131.7992190685807,1.7542621300415897e-10,fac-opacity-cowan-state,T131p799_rho1p75426em10,0.34023627516966165,6.630191356207156e-05,0.3403488709349115,0.00011220593168550838,ok,/home/elads/STAR/full_grid_solar_opacity/runs/T131p799_rho1p75426em10/fac-opacity-cowan-state/starout.h5
131.7992190685807,2.52101136279913e-10,fac-opacity-cowan-state,T131p799_rho2p52101em10,0.34023573978381644,9.265354740382227e-05,0.34036948342223333,0.00013327627565804572,ok,/home/elads/STAR/full_grid_solar_opacity/runs/T131p799_rho2p52101em10/fac-opacity-cowan-state/starout.h5
131.7992190685807,3.6228897509242966e-10,fac-opacity-cowan-state,T131p799_rho3p62289em10,0.34023515515578784,0.00012968120350809827,0.34038813046507316,0.00015243672496799985,ok,/home/elads/STAR/full_grid_solar_opacity/runs/T131p799_rho3p62289em10/fac-opacity-cowan-state/starout.h5
131.7992190685807,5.20637484663258e-10,fac-opacity-cowan-state,T131p799_rho5p20637em10,0.34023449706918557,0.00018225853722987886,0.3404091304299282,0.0001740052568344234,ok,/home/elads/STAR/full_grid_solar_opacity/runs/T131p799_rho5p20637em10/fac-opacity-cowan-state/starout.h5
131.7992190685807,7.481966305138837e-10,fac-opacity-cowan-state,T131p799_rho7p48197em10,0.34023386551476675,0.0002564180260990404,0.34043992348629193,0.00020533211625277083,ok,/home/elads/STAR/full_grid_solar_opacity/runs/T131p799_rho7p48197em10/fac-opacity-cowan-state/starout.h5
131.7992190685807,1.0752168531898921e-09,fac-opacity-cowan-state,T131p799_rho1p07522em09,0.3402331551099728,0.0003611042214742127,0.3404604772850367,0.0002264942012090692,ok,/home/elads/STAR/full_grid_solar_opacity/runs/T131p799_rho1p07522em09/fac-opacity-cowan-state/starout.h5
131.7992190685807,1.5451703926941453e-09,fac-opacity-cowan-state,T131p799_rho1p54517em09,0.34023237425815417,0.0005101429423219675,0.34049771328582057,0.00026435049155800047,ok,/home/elads/STAR/full_grid_solar_opacity/runs/T131p799_rho1p54517em09/fac-opacity-cowan-state/starout.h5
131.7992190685807,2.220530245015531e-09,fac-opacity-cowan-state,T131p799_rho2p22053em09,0.3402315153571309,0.0007191533288077246,0.3405333018479929,0.00030065182111439044,ok,/home/elads/STAR/full_grid_solar_opacity/runs/T131p799_rho2p22053em09/fac-opacity-cowan-state/starout.h5
131.7992190685807,3.1910749729235452e-09,fac-opacity-cowan-state,T131p799_rho3p19107em09,0.34023060549175893,0.001011850419651913,0.34057468385308987,0.0003427766059564287,ok,/home/elads/STAR/full_grid_solar_opacity/runs/T131p799_rho3p19107em09/fac-opacity-cowan-state/starout.h5
131.7992190685807,4.585823366142813e-09,fac-opacity-cowan-state,T131p799_rho4p58582em09,0.3402296054618042,0.0014214147163186626,0.340632575104071,0.00040143403334596726,ok,/home/elads/STAR/full_grid_solar_opacity/runs/T131p799_rho4p58582em09/fac-opacity-cowan-state/starout.h5
131.7992190685807,6.590185477903269e-09,fac-opacity-cowan-state,T131p799_rho6p59019em09,0.3402285702666848,0.0019921397675799705,0.3407126646779735,0.0004822566615654175,ok,/home/elads/STAR/full_grid_solar_opacity/runs/T131p799_rho6p59019em09/fac-opacity-cowan-state/starout.h5
131.7992190685807,9.470610000772238e-09,fac-opacity-cowan-state,T131p799_rho9p47061em09,0.3402271604427674,0.002789167969034067,0.34082986172137403,0.0006005274713869994,ok,/home/elads/STAR/full_grid_solar_opacity/runs/T131p799_rho9p47061em09/fac-opacity-cowan-state/starout.h5
131.7992190685807,1.3610004466105506e-08,fac-opacity-cowan-state,T131p799_rho1p361em08,0.34022601646711415,0.004336787338614243,0.3410246356412291,0.000795659325544303,ok,/home/elads/STAR/full_grid_solar_opacity/runs/T131p799_rho1p361em08/fac-opacity-cowan-state/starout.h5
131.7992190685807,1.9558636830395073e-08,fac-opacity-cowan-state,T131p799_rho1p95586em08,0.34022467588005123,0.006059897455091551,0.3412182384057009,0.0009899334768802373,ok,/home/elads/STAR/full_grid_solar_opacity/runs/T131p799_rho1p95586em08/fac-opacity-cowan-state/starout.h5
131.7992190685807,2.810728502080722e-08,fac-opacity-cowan-state,T131p799_rho2p81073em08,0.34022311311754544,0.00841817604935312,0.3415373519802239,0.0013095135483693473,ok,/home/elads/STAR/full_grid_solar_opacity/runs/T131p799_rho2p81073em08/fac-opacity-cowan-state/starout.h5
131.7992190685807,4.039235853150913e-08,fac-opacity-cowan-state,T131p799_rho4p03924em08,0.34022159369274796,0.011654355231756862,0.3420395635161977,0.0018116700346408909,ok,/home/elads/STAR/full_grid_solar_opacity/runs/T131p799_rho4p03924em08/fac-opacity-cowan-state/starout.h5
131.7992190685807,5.804696634805446e-08,fac-opacity-cowan-state,T131p799_rho5p8047em08,0.34022006157352536,0.016079573785332875,0.34256127357791155,0.002333274893832105,ok,/home/elads/STAR/full_grid_solar_opacity/runs/T131p799_rho5p8047em08/fac-opacity-cowan-state/starout.h5
131.7992190685807,8.341801332506338e-08,fac-opacity-cowan-state,T131p799_rho8p3418em08,0.340218192955169,0.02212498985723795,0.34338306298708726,0.0031544514481682178,ok,/home/elads/STAR/full_grid_solar_opacity/runs/T131p799_rho8p3418em08/fac-opacity-cowan-state/starout.h5
131.7992190685807,1.1987818459583772e-07,fac-opacity-cowan-state,T131p799_rho1p19878em07,0.340216141674432,0.02997684562011879,0.34452267184131136,0.004292372305048714,ok,/home/elads/STAR/full_grid_solar_opacity/runs/T131p799_rho1p19878em07/fac-opacity-cowan-state/starout.h5
131.7992190685807,1.7227429147699408e-07,fac-opacity-cowan-state,T131p799_rho1p72274em07,0.34021383666697036,0.04047822756867761,0.345766736693716,0.00553466488964221,ok,/home/elads/STAR/full_grid_solar_opacity/runs/T131p799_rho1p72274em07/fac-opacity-cowan-state/starout.h5
131.7992190685807,2.4757157946593376e-07,fac-opacity-cowan-state,T131p799_rho2p47572em07,0.3402112057370657,0.05403113979817768,0.34727164474175043,0.007038053873649969,ok,/home/elads/STAR/full_grid_solar_opacity/runs/T131p799_rho2p47572em07/fac-opacity-cowan-state/starout.h5
131.7992190685807,3.557796490339488e-07,fac-opacity-cowan-state,T131p799_rho3p5578em07,0.3402081254297563,0.07133712564681033,0.34888526319805346,0.008651152342552133,ok,/home/elads/STAR/full_grid_solar_opacity/runs/T131p799_rho3p5578em07/fac-opacity-cowan-state/starout.h5
131.7992190685807,5.112830759482948e-07,fac-opacity-cowan-state,T131p799_rho5p11283em07,0.3402047055667647,0.09241611211999147,0.35157229276758517,0.011332549636190764,ok,/home/elads/STAR/full_grid_solar_opacity/runs/T131p799_rho5p11283em07/fac-opacity-cowan-state/starout.h5
131.7992190685807,7.347536163492159e-07,fac-opacity-cowan-state,T131p799_rho7p34754em07,0.34020080662367214,0.11793890358843778,0.35401957223730823,0.013778436455700167,ok,/home/elads/STAR/full_grid_solar_opacity/runs/T131p799_rho7p34754em07/fac-opacity-cowan-state/starout.h5
131.7992190685807,1.0558981944335787e-06,fac-opacity-cowan-state,T131p799_rho1p0559em06,0.3401959596076587,0.14865358881471114,0.35763200276830825,0.017387263091425118,ok,/home/elads/STAR/full_grid_solar_opacity/runs/T131p799_rho1p0559em06/fac-opacity-cowan-state/starout.h5
131.7992190685807,1.517407974863493e-06,fac-opacity-cowan-state,T131p799_rho1p51741em06,0.3401910051982743,0.1843911075461864,0.3609835472951159,0.020735433122090682,ok,/home/elads/STAR/full_grid_solar_opacity/runs/T131p799_rho1p51741em06/fac-opacity-cowan-state/starout.h5
131.7992190685807,2.1806334875063253e-06,fac-opacity-cowan-state,T131p799_rho2p18063em06,0.3401849543280647,0.2264080790754048,0.36547873956930765,0.025227422002876546,ok,/home/elads/STAR/full_grid_solar_opacity/runs/T131p799_rho2p18063em06/fac-opacity-cowan-state/starout.h5
131.7992190685807,3.1337402238588983e-06,fac-opacity-cowan-state,T131p799_rho3p13374em06,0.3401776462797142,0.27498133951167897,0.3714096462950443,0.031153189042048543,ok,/home/elads/STAR/full_grid_solar_opacity/runs/T131p799_rho3p13374em06/fac-opacity-cowan-state/starout.h5
131.7992190685807,4.503428864545845e-06,fac-opacity-cowan-state,T131p799_rho4p50343em06,0.3401686871511338,0.32934347343414444,0.3756399219982876,0.03538601737653565,ok,/home/elads/STAR/full_grid_solar_opacity/runs/T131p799_rho4p50343em06/fac-opacity-cowan-state/starout.h5
131.7992190685807,6.471778159406801e-06,fac-opacity-cowan-state,T131p799_rho6p47178em06,0.3401578097963713,0.39666677868736216,0.38426238175936583,0.04400632157389888,ok,/home/elads/STAR/full_grid_solar_opacity/runs/T131p799_rho6p47178em06/fac-opacity-cowan-state/starout.h5
131.7992190685807,9.300449458481393e-06,fac-opacity-cowan-state,T131p799_rho9p30045em06,0.3401436230275452,0.46948979649945105,0.38916573768399976,0.048919282734318933,ok,/home/elads/STAR/full_grid_solar_opacity/runs/T131p799_rho9p30045em06/fac-opacity-cowan-state/starout.h5
131.7992190685807,1.3365470508911143e-05,fac-opacity-cowan-state,T131p799_rho1p33655em05,0.34012518839523825,0.5549666994982148,0.39849805180751535,0.05825528469862657,ok,/home/elads/STAR/full_grid_solar_opacity/runs/T131p799_rho1p33655em05/fac-opacity-cowan-state/starout.h5
131.7992190685807,1.920722248123928e-05,fac-opacity-cowan-state,T131p799_rho1p92072em05,0.3401005588793803,0.6502184209144095,0.4066336745769821,0.06640827721151665,ok,/home/elads/STAR/full_grid_solar_opacity/runs/T131p799_rho1p92072em05/fac-opacity-cowan-state/starout.h5
131.7992190685807,2.760227522090268e-05,fac-opacity-cowan-state,T131p799_rho2p76023em05,0.3400675048647211,0.7670551131927733,0.41742963556371615,0.07722663628841861,ok,/home/elads/STAR/full_grid_solar_opacity/runs/T131p799_rho2p76023em05/fac-opacity-cowan-state/starout.h5
131.7992190685807,3.966662010161191e-05,fac-opacity-cowan-state,T131p799_rho3p96666em05,0.34002237858928824,0.9100112268547937,0.43542609951840955,0.09524987850421635,ok,/home/elads/STAR/full_grid_solar_opacity/runs/T131p799_rho3p96666em05/fac-opacity-cowan-state/starout.h5
131.7992190685807,5.7004023678963655e-05,fac-opacity-cowan-state,T131p799_rho5p7004em05,0.33996268031306665,1.053439263259316,0.44192469539208995,0.10180487691895178,ok,/home/elads/STAR/full_grid_solar_opacity/runs/T131p799_rho5p7004em05/fac-opacity-cowan-state/starout.h5
131.7992190685807,8.191922344953684e-05,fac-opacity-cowan-state,T131p799_rho8p19192em05,0.3398779058444499,1.2406805581521068,0.4627219526858785,0.12266583060532919,ok,/home/elads/STAR/full_grid_solar_opacity/runs/T131p799_rho8p19192em05/fac-opacity-cowan-state/starout.h5
131.7992190685807,0.00011772430676769293,fac-opacity-cowan-state,T131p799_rho0p000117724,0.3397604271894051,1.4602985935902797,0.48780571981733745,0.14784528587861273,ok,/home/elads/STAR/full_grid_solar_opacity/runs/T131p799_rho0p000117724/fac-opacity-cowan-state/starout.h5
131.7992190685807,0.00016917900122028344,fac-opacity-cowan-state,T131p799_rho0p000169179,0.33959768880938423,1.7362048992051906,0.5241721110475402,0.18434098539558852,ok,/home/elads/STAR/full_grid_solar_opacity/runs/T131p799_rho0p000169179/fac-opacity-cowan-state/starout.h5
131.7992190685807,0.0002431234061999784,fac-opacity-cowan-state,T131p799_rho0p000243123,0.3393723192168749,2.0276894193272965,0.559545215525757,0.21989521665183479,ok,/home/elads/STAR/full_grid_solar_opacity/runs/T131p799_rho0p000243123/fac-opacity-cowan-state/starout.h5
131.7992190685807,0.0003493872774749123,fac-opacity-cowan-state,T131p799_rho0p000349387,0.3390599398005802,2.394672800679205,0.6020608914464649,0.2626548614797101,ok,/home/elads/STAR/full_grid_solar_opacity/runs/T131p799_rho0p000349387/fac-opacity-cowan-state/starout.h5
131.7992190685807,0.0005020967399614471,fac-opacity-cowan-state,T131p799_rho0p000502097,0.33863008771941616,2.7745812755998744,0.6756990790033738,0.3366306438829244,ok,/home/elads/STAR/full_grid_solar_opacity/runs/T131p799_rho0p000502097/fac-opacity-cowan-state/starout.h5
131.7992190685807,0.0007215521357901021,fac-opacity-cowan-state,T131p799_rho0p000721552,0.33803943999336206,3.2774251878636553,0.7687892982889108,0.43018509249443765,ok,/home/elads/STAR/full_grid_solar_opacity/runs/T131p799_rho0p000721552/fac-opacity-cowan-state/starout.h5
131.7992190685807,0.0010369266382873438,fac-opacity-cowan-state,T131p799_rho0p00103693,0.33723340273596397,3.825175999908347,0.8393545227292355,0.5013526498961308,ok,/home/elads/STAR/full_grid_solar_opacity/runs/T131p799_rho0p00103693/fac-opacity-cowan-state/starout.h5
131.7992190685807,0.0014901443705277455,fac-opacity-cowan-state,T131p799_rho0p00149014,0.33613989508087416,4.494748368289348,0.9703541875786863,0.6331710878363935,ok,/home/elads/STAR/full_grid_solar_opacity/runs/T131p799_rho0p00149014/fac-opacity-cowan-state/starout.h5
131.7992190685807,0.002141453563853953,fac-opacity-cowan-state,T131p799_rho0p00214145,0.33467181010530866,5.636025408049715,1.1871257448565253,0.8511240715379131,ok,/home/elads/STAR/full_grid_solar_opacity/runs/T131p799_rho0p00214145/fac-opacity-cowan-state/starout.h5
131.7992190685807,0.003077435620898055,fac-opacity-cowan-state,T131p799_rho0p00307744,0.3327169398297862,6.454999335768343,1.4554289965744471,1.1209379269561972,ok,/home/elads/STAR/full_grid_solar_opacity/runs/T131p799_rho0p00307744/fac-opacity-cowan-state/starout.h5
131.7992190685807,0.004422514763163053,fac-opacity-cowan-state,T131p799_rho0p00442251,0.33015072467519446,8.07443407568677,2.0700001493580564,1.7378303269241488,ok,/home/elads/STAR/full_grid_solar_opacity/runs/T131p799_rho0p00442251/fac-opacity-cowan-state/starout.h5
131.7992190685807,0.006355498291362301,fac-opacity-cowan-state,T131p799_rho0p0063555,0.3268360544891159,10.23471338154095,2.583416070632789,2.2541215789560667,ok,/home/elads/STAR/full_grid_solar_opacity/runs/T131p799_rho0p0063555/fac-opacity-cowan-state/starout.h5
131.7992190685807,0.009133346228248624,fac-opacity-cowan-state,T131p799_rho0p00913335,0.32262953869566013,12.818399583710358,2.8302771180944024,2.5040727961966,ok,/home/elads/STAR/full_grid_solar_opacity/runs/T131p799_rho0p00913335/fac-opacity-cowan-state/starout.h5
131.7992190685807,0.01312533014735226,fac-opacity-cowan-state,T131p799_rho0p0131253,0.31739411789619987,15.76794078709889,3.5310297853951855,3.2089117308834303,ok,/home/elads/STAR/full_grid_solar_opacity/runs/T131p799_rho0p0131253/fac-opacity-cowan-state/starout.h5
131.7992190685807,0.018862122071335155,fac-opacity-cowan-state,T131p799_rho0p0188621,0.3110377641225826,20.9609190143823,5.4264622331034555,5.111059759433194,ok,/home/elads/STAR/full_grid_solar_opacity/runs/T131p799_rho0p0188621/fac-opacity-cowan-state/starout.h5
131.7992190685807,0.02710633904364831,fac-opacity-cowan-state,T131p799_rho0p0271063,0.30351586494910576,25.67047338634452,6.863151773070344,6.553680507138067,ok,/home/elads/STAR/full_grid_solar_opacity/runs/T131p799_rho0p0271063/fac-opacity-cowan-state/starout.h5
131.7992190685807,0.038953921174427183,fac-opacity-cowan-state,T131p799_rho0p0389539,0.2948669202052817,33.77014074691912,7.183838007096898,6.881613236760476,ok,/home/elads/STAR/full_grid_solar_opacity/runs/T131p799_rho0p0389539/fac-opacity-cowan-state/starout.h5
131.7992190685807,0.0559798197912329,fac-opacity-cowan-state,T131p799_rho0p0559798,0.28525235375690383,44.98892268699859,10.02631008166718,9.731692240167215,ok,/home/elads/STAR/full_grid_solar_opacity/runs/T131p799_rho0p0559798/fac-opacity-cowan-state/starout.h5
131.7992190685807,0.08044736266284185,fac-opacity-cowan-state,T131p799_rho0p0804474,0.274899860638474,61.27388554781262,11.224883662156842,10.941634374799843,ok,/home/elads/STAR/full_grid_solar_opacity/runs/T131p799_rho0p0804474/fac-opacity-cowan-state/starout.h5
131.7992190685807,0.11560912813835741,fac-opacity-cowan-state,T131p799_rho0p115609,0.26418923759560364,81.25609099877856,12.438828207570301,12.163013694789013,ok,/home/elads/STAR/full_grid_solar_opacity/runs/T131p799_rho0p115609/fac-opacity-cowan-state/starout.h5
131.7992190685807,0.1661393247274789,fac-opacity-cowan-state,T131p799_rho0p166139,0.2535330423828953,112.52067852303448,16.18173062762148,15.916301980517451,ok,/home/elads/STAR/full_grid_solar_opacity/runs/T131p799_rho0p166139/fac-opacity-cowan-state/starout.h5
131.7992190685807,0.23875515424585794,fac-opacity-cowan-state,T131p799_rho0p238755,0.2433809601359454,154.30753070231916,19.385302550741887,19.12871577790439,ok,/home/elads/STAR/full_grid_solar_opacity/runs/T131p799_rho0p238755/fac-opacity-cowan-state/starout.h5
131.7992190685807,0.34310975906798746,fac-opacity-cowan-state,T131p799_rho0p34311,0.23394298860336166,212.27401986336986,23.11314679710474,22.86481831526085,ok,/home/elads/STAR/full_grid_solar_opacity/runs/T131p799_rho0p34311/fac-opacity-cowan-state/starout.h5
131.7992190685807,0.49307545690287347,fac-opacity-cowan-state,T131p799_rho0p493075,0.22591711628771982,294.86418571263283,27.558686074035794,27.3167188806349,ok,/home/elads/STAR/full_grid_solar_opacity/runs/T131p799_rho0p493075/fac-opacity-cowan-state/starout.h5
131.7992190685807,0.7085878491488851,fac-opacity-cowan-state,T131p799_rho0p708588,0.21948585419637984,407.3895800689802,32.11160549514539,31.876725270477788,ok,/home/elads/STAR/full_grid_solar_opacity/runs/T131p799_rho0p708588/fac-opacity-cowan-state/starout.h5
131.7992190685807,1.0182959482819007,fac-opacity-cowan-state,T131p799_rho1p0183,0.21491523482047184,563.6231612972374,38.02019233090057,37.79161950867428,ok,/home/elads/STAR/full_grid_solar_opacity/runs/T131p799_rho1p0183/fac-opacity-cowan-state/starout.h5
131.7992190685807,1.4633706173946401,fac-opacity-cowan-state,T131p799_rho1p46337,0.21245764050283245,773.9483127878158,49.12433288141242,48.90088411149983,ok,/home/elads/STAR/full_grid_solar_opacity/runs/T131p799_rho1p46337/fac-opacity-cowan-state/starout.h5
131.7992190685807,2.1029775945461404,fac-opacity-cowan-state,T131p799_rho2p10298,0.21235424487328045,1048.803366691458,49.80816587731728,49.585237784815995,ok,/home/elads/STAR/full_grid_solar_opacity/runs/T131p799_rho2p10298/fac-opacity-cowan-state/starout.h5
131.7992190685807,3.0221426551783854,fac-opacity-cowan-state,T131p799_rho3p02214,0.21491424455532104,1400.0750150245588,58.79129053918518,58.56824624430603,ok,/home/elads/STAR/full_grid_solar_opacity/runs/T131p799_rho3p02214/fac-opacity-cowan-state/starout.h5
131.7992190685807,4.343054463316713,fac-opacity-cowan-state,T131p799_rho4p34305,0.22033423375878944,1837.9828080651255,73.22669669756326,73.00054138890972,ok,/home/elads/STAR/full_grid_solar_opacity/runs/T131p799_rho4p34305/fac-opacity-cowan-state/starout.h5
131.7992190685807,6.241307649397467,fac-opacity-cowan-state,T131p799_rho6p24131,0.22889543353672434,2352.818148642327,87.7087650230443,87.47591603233509,ok,/home/elads/STAR/full_grid_solar_opacity/runs/T131p799_rho6p24131/fac-opacity-cowan-state/starout.h5
131.7992190685807,8.969245378672715,fac-opacity-cowan-state,T131p799_rho8p96925,0.24074216233558426,2929.683125599244,105.43181088503735,105.1886960521755,ok,/home/elads/STAR/full_grid_solar_opacity/runs/T131p799_rho8p96925/fac-opacity-cowan-state/starout.h5
131.7992190685807,12.889504440725364,fac-opacity-cowan-state,T131p799_rho12p8895,0.25570993624822563,3478.2564273361904,134.09473554662247,133.83784941460715,ok,/home/elads/STAR/full_grid_solar_opacity/runs/T131p799_rho12p8895/fac-opacity-cowan-state/starout.h5
131.7992190685807,18.52322215674118,fac-opacity-cowan-state,T131p799_rho18p5232,0.2732245668335568,3922.0806711427313,173.3792579299519,173.10572709513363,ok,/home/elads/STAR/full_grid_solar_opacity/runs/T131p799_rho18p5232/fac-opacity-cowan-state/starout.h5
131.7992190685807,26.61931346126126,fac-opacity-cowan-state,T131p799_rho26p6193,0.2922210007197462,4315.6019716126875,218.4881094361687,218.19615630565886,ok,/home/elads/STAR/full_grid_solar_opacity/runs/T131p799_rho26p6193/fac-opacity-cowan-state/starout.h5
131.7992190685807,38.254027466328665,fac-opacity-cowan-state,T131p799_rho38p254,0.3111838570615647,5116.978610430317,270.3576689153,270.04708198452084,ok,/home/elads/STAR/full_grid_solar_opacity/runs/T131p799_rho38p254/fac-opacity-cowan-state/starout.h5
131.7992190685807,54.97401800103719,fac-opacity-cowan-state,T131p799_rho54p974,0.32912943240707426,5829.393369668852,309.5268834990633,309.1985062441198,ok,/home/elads/STAR/full_grid_solar_opacity/runs/T131p799_rho54p974/fac-opacity-cowan-state/starout.h5
131.7992190685807,79.0019471240894,fac-opacity-cowan-state,T131p799_rho79p0019,0.34565937928656415,6196.581910295785,338.3769503195364,338.0321243742734,ok,/home/elads/STAR/full_grid_solar_opacity/runs/T131p799_rho79p0019/fac-opacity-cowan-state/starout.h5
131.7992190685807,113.53195339077567,fac-opacity-cowan-state,T131p799_rho113p532,0.3617535778766127,5977.352454339604,378.65870157258183,378.2979126610837,ok,/home/elads/STAR/full_grid_solar_opacity/runs/T131p799_rho113p532/fac-opacity-cowan-state/starout.h5
131.7992190685807,163.15426277379785,fac-opacity-cowan-state,T131p799_rho163p154,0.37922794131155785,5125.219995663165,489.5147824296646,489.13673103642265,ok,/home/elads/STAR/full_grid_solar_opacity/runs/T131p799_rho163p154/fac-opacity-cowan-state/starout.h5
131.7992190685807,234.46538763970608,fac-opacity-cowan-state,T131p799_rho234p465,0.4001086353872372,3842.877277842198,745.4601005129132,745.0612882462091,ok,/home/elads/STAR/full_grid_solar_opacity/runs/T131p799_rho234p465/fac-opacity-cowan-state/starout.h5
131.7992190685807,336.94503022121665,fac-opacity-cowan-state,T131p799_rho336p945,0.42624761321485316,2580.117475743126,1024.600565666812,1024.1753666818704,ok,/home/elads/STAR/full_grid_solar_opacity/runs/T131p799_rho336p945/fac-opacity-cowan-state/starout.h5
131.7992190685807,484.21626123015125,fac-opacity-cowan-state,T131p799_rho484p216,0.4589214336081067,1759.3454530303313,1041.216362264321,1040.7581629161507,ok,/home/elads/STAR/full_grid_solar_opacity/runs/T131p799_rho484p216/fac-opacity-cowan-state/starout.h5
131.7992190685807,695.8564947100452,fac-opacity-cowan-state,T131p799_rho695p856,0.4992394219015293,1289.057672217045,920.5480999678715,920.0494293798193,ok,/home/elads/STAR/full_grid_solar_opacity/runs/T131p799_rho695p856/fac-opacity-cowan-state/starout.h5
131.7992190685807,1000.0,fac-opacity-cowan-state,T131p799_rho1000,0.5478073450787004,918.0629199258337,748.3692494493514,747.8218914609023,ok,/home/elads/STAR/full_grid_solar_opacity/runs/T131p799_rho1000/fac-opacity-cowan-state/starout.h5
145.09526187584342,1e-17,fac-opacity-cowan-state,T145p095_rho1em17,0.34020847078117383,3.778074001010811e-10,0.3402084715553557,7.618556550314176e-10,ok,/home/elads/STAR/full_grid_solar_opacity/runs/T145p095_rho1em17/fac-opacity-cowan-state/starout.h5
145.09526187584342,1.4370779141993746e-17,fac-opacity-cowan-state,T145p095_rho1p43708em17,0.34020847078123023,3.7780941339918134e-10,0.3402084715554135,7.618564315851006e-10,ok,/home/elads/STAR/full_grid_solar_opacity/runs/T145p095_rho1p43708em17/fac-opacity-cowan-state/starout.h5
145.09526187584342,2.065192931479625e-17,fac-opacity-cowan-state,T145p095_rho2p06519em17,0.34020847078129096,3.7781229925333624e-10,0.3402084715554752,7.618575078013524e-10,ok,/home/elads/STAR/full_grid_solar_opacity/runs/T145p095_rho2p06519em17/fac-opacity-cowan-state/starout.h5
145.09526187584342,2.9678431503900313e-17,fac-opacity-cowan-state,T145p095_rho2p96784em17,0.34020846273110306,3.777926436252386e-10,0.34020846350577966,7.623402238896001e-10,ok,/home/elads/STAR/full_grid_solar_opacity/runs/T145p095_rho2p96784em17/fac-opacity-cowan-state/starout.h5
145.09526187584342,4.2650218442334076e-17,fac-opacity-cowan-state,T145p095_rho4p26502em17,0.34020845662481497,3.777985972431253e-10,0.3402084573994951,7.623426837169063e-10,ok,/home/elads/STAR/full_grid_solar_opacity/runs/T145p095_rho4p26502em17/fac-opacity-cowan-state/starout.h5
145.09526187584342,6.129168695925715e-17,fac-opacity-cowan-state,T145p095_rho6p12917em17,0.3402084498311397,3.7780712867383245e-10,0.34020845060582083,7.623458795980841e-10,ok,/home/elads/STAR/full_grid_solar_opacity/runs/T145p095_rho6p12917em17/fac-opacity-cowan-state/starout.h5
145.09526187584342,8.808092965317026e-17,fac-opacity-cowan-state,T145p095_rho8p80809em17,0.34020844248142773,3.778193717151581e-10,0.3402084432561162,7.623504755781636e-10,ok,/home/elads/STAR/full_grid_solar_opacity/runs/T145p095_rho8p80809em17/fac-opacity-cowan-state/starout.h5
145.09526187584342,1.2657915866672028e-16,fac-opacity-cowan-state,T145p095_rho1p26579em16,0.34020843513909316,3.778369482952644e-10,0.3402084359137853,7.623570676038586e-10,ok,/home/elads/STAR/full_grid_solar_opacity/runs/T145p095_rho1p26579em16/fac-opacity-cowan-state/starout.h5
145.09526187584342,1.819041133178821e-16,fac-opacity-cowan-state,T145p095_rho1p81904em16,0.34020842778893234,3.7786219291400966e-10,0.340208428563635,7.62366560207448e-10,ok,/home/elads/STAR/full_grid_solar_opacity/runs/T145p095_rho1p81904em16/fac-opacity-cowan-state/starout.h5
145.09526187584342,2.6141038375114865e-16,fac-opacity-cowan-state,T145p095_rho2p6141em16,0.34020841940125873,3.7790048952940156e-10,0.34020842017597897,7.623837542041456e-10,ok,/home/elads/STAR/full_grid_solar_opacity/runs/T145p095_rho2p6141em16/fac-opacity-cowan-state/starout.h5
145.09526187584342,3.7566708903116036e-16,fac-opacity-cowan-state,T145p095_rho3p75667em16,0.3402084130201767,3.779616492194009e-10,0.34020841379493905,7.624260265871918e-10,ok,/home/elads/STAR/full_grid_solar_opacity/runs/T145p095_rho3p75667em16/fac-opacity-cowan-state/starout.h5
145.09526187584342,5.398628767382507e-16,fac-opacity-cowan-state,T145p095_rho5p39863em16,0.3402083961022461,4.1314648753725966e-10,0.3402083969769795,8.609114616743173e-10,ok,/home/elads/STAR/full_grid_solar_opacity/runs/T145p095_rho5p39863em16/fac-opacity-cowan-state/starout.h5
145.09526187584342,7.758250168566793e-16,fac-opacity-cowan-state,T145p095_rho7p75825em16,0.34020834688498236,5.3005757272984e-10,0.3402083480420561,1.1390243956661866e-09,ok,/home/elads/STAR/full_grid_solar_opacity/runs/T145p095_rho7p75825em16/fac-opacity-cowan-state/starout.h5
145.09526187584342,1.1149209970080914e-15,fac-opacity-cowan-state,T145p095_rho1p11492em15,0.34020828967424216,6.780745889980733e-10,0.3402082912815703,1.5829094448501887e-09,ok,/home/elads/STAR/full_grid_solar_opacity/runs/T145p095_rho1p11492em15/fac-opacity-cowan-state/starout.h5
145.09526187584342,1.6022283408774753e-15,fac-opacity-cowan-state,T145p095_rho1p60223em15,0.34020823221398183,8.695091083957993e-10,0.3402082344147165,2.1679550267083456e-09,ok,/home/elads/STAR/full_grid_solar_opacity/runs/T145p095_rho1p60223em15/fac-opacity-cowan-state/starout.h5
145.09526187584342,2.3025269621793266e-15,fac-opacity-cowan-state,T145p095_rho2p30253em15,0.34020817430558126,1.122131384796464e-09,0.34020817700481043,2.658994169697878e-09,ok,/home/elads/STAR/full_grid_solar_opacity/runs/T145p095_rho2p30253em15/fac-opacity-cowan-state/starout.h5
145.09526187584342,3.308910644196489e-15,fac-opacity-cowan-state,T145p095_rho3p30891em15,0.34020811683770863,1.4589576677084343e-09,0.34020812062258987,3.729971650275768e-09,ok,/home/elads/STAR/full_grid_solar_opacity/runs/T145p095_rho3p30891em15/fac-opacity-cowan-state/starout.h5
145.09526187584342,4.755162406834019e-15,fac-opacity-cowan-state,T145p095_rho4p75516em15,0.34020805960175066,1.9144955094444217e-09,0.3402080645638259,4.891231233257533e-09,ok,/home/elads/STAR/full_grid_solar_opacity/runs/T145p095_rho4p75516em15/fac-opacity-cowan-state/starout.h5
145.09526187584342,6.8335388732923106e-15,fac-opacity-cowan-state,T145p095_rho6p83354em15,0.3402080026967971,2.5282562745764738e-09,0.3402080095177713,6.725736907299047e-09,ok,/home/elads/STAR/full_grid_solar_opacity/runs/T145p095_rho6p83354em15/fac-opacity-cowan-state/starout.h5
145.09526187584342,9.820327790631256e-15,fac-opacity-cowan-state,T145p095_rho9p82033em15,0.34020794155166334,3.351564702653638e-09,0.34020794950106137,7.83844190048492e-09,ok,/home/elads/STAR/full_grid_solar_opacity/runs/T145p095_rho9p82033em15/fac-opacity-cowan-state/starout.h5
145.09526187584342,1.4112576178114521e-14,fac-opacity-cowan-state,T145p095_rho1p41126em14,0.3402078790043313,4.7203216664303996e-09,0.34020789167154136,1.2501073190723334e-08,ok,/home/elads/STAR/full_grid_solar_opacity/runs/T145p095_rho1p41126em14/fac-opacity-cowan-state/starout.h5
145.09526187584342,2.0280871538024598e-14,fac-opacity-cowan-state,T145p095_rho2p02809em14,0.34020781777481013,6.3165681073853225e-09,0.34020783166624874,1.371055357589649e-08,ok,/home/elads/STAR/full_grid_solar_opacity/runs/T145p095_rho2p02809em14/fac-opacity-cowan-state/starout.h5
145.09526187584342,2.914519256800997e-14,fac-opacity-cowan-state,T145p095_rho2p91452em14,0.34020774818237076,8.475246649850618e-09,0.34020776834398625,1.990597818671173e-08,ok,/home/elads/STAR/full_grid_solar_opacity/runs/T145p095_rho2p91452em14/fac-opacity-cowan-state/starout.h5
145.09526187584342,4.188391254457488e-14,fac-opacity-cowan-state,T145p095_rho4p18839em14,0.34020768090297876,1.1404592193187049e-08,0.3402077081338166,2.6890325859212605e-08,ok,/home/elads/STAR/full_grid_solar_opacity/runs/T145p095_rho4p18839em14/fac-opacity-cowan-state/starout.h5
145.09526187584342,6.019044567806669e-14,fac-opacity-cowan-state,T145p095_rho6p01904em14,0.34020762932487403,1.5970258750801428e-08,0.34020766400830715,3.425471519011123e-08,ok,/home/elads/STAR/full_grid_solar_opacity/runs/T145p095_rho6p01904em14/fac-opacity-cowan-state/starout.h5
145.09526187584342,8.649836012976684e-14,fac-opacity-cowan-state,T145p095_rho8p64984em14,0.3402075556204336,2.2431225719359876e-08,0.34020760484726653,4.864870188114789e-08,ok,/home/elads/STAR/full_grid_solar_opacity/runs/T145p095_rho8p64984em14/fac-opacity-cowan-state/starout.h5
145.09526187584342,1.2430488295695167e-13,fac-opacity-cowan-state,T145p095_rho1p24305em13,0.3402074748997792,3.059210142673647e-08,0.3402075399127972,6.42434102728468e-08,ok,/home/elads/STAR/full_grid_solar_opacity/runs/T145p095_rho1p24305em13/fac-opacity-cowan-state/starout.h5
145.09526187584342,1.7863580192457348e-13,fac-opacity-cowan-state,T145p095_rho1p78636em13,0.3402074025312859,4.185409842784314e-08,0.3402074867617901,8.323611572530482e-08,ok,/home/elads/STAR/full_grid_solar_opacity/runs/T145p095_rho1p78636em13/fac-opacity-cowan-state/starout.h5
145.09526187584342,2.567135656310987e-13,fac-opacity-cowan-state,T145p095_rho2p56714em13,0.3402073173203859,5.715055937678333e-08,0.3402074271242537,1.0853624290248563e-07,ok,/home/elads/STAR/full_grid_solar_opacity/runs/T145p095_rho2p56714em13/fac-opacity-cowan-state/starout.h5
145.09526187584342,3.6891739544382357e-13,fac-opacity-cowan-state,T145p095_rho3p68917em13,0.3402072408128229,7.779507515639824e-08,0.34020738954816204,1.470501013810731e-07,ok,/home/elads/STAR/full_grid_solar_opacity/runs/T145p095_rho3p68917em13/fac-opacity-cowan-state/starout.h5
145.09526187584342,5.301630411562758e-13,fac-opacity-cowan-state,T145p095_rho5p30163em13,0.3402071453377213,1.2317891679598315e-07,0.3402074497069292,3.020472823158208e-07,ok,/home/elads/STAR/full_grid_solar_opacity/runs/T145p095_rho5p30163em13/fac-opacity-cowan-state/starout.h5
145.09526187584342,7.618855973704612e-13,fac-opacity-cowan-state,T145p095_rho7p61886em13,0.34020707199767003,1.777200927079587e-07,0.3402074758899361,4.0099932716473367e-07,ok,/home/elads/STAR/full_grid_solar_opacity/runs/T145p095_rho7p61886em13/fac-opacity-cowan-state/starout.h5
145.09526187584342,1.0948889651276868e-12,fac-opacity-cowan-state,T145p095_rho1p09489em12,0.34020699715262004,2.6282123348298543e-07,0.34020766164209837,6.605848334357093e-07,ok,/home/elads/STAR/full_grid_solar_opacity/runs/T145p095_rho1p09489em12/fac-opacity-cowan-state/starout.h5
145.09526187584342,1.5734407502856082e-12,fac-opacity-cowan-state,T145p095_rho1p57344em12,0.34020690518353264,3.6772097099141383e-07,0.34020779553762603,8.854137559670107e-07,ok,/home/elads/STAR/full_grid_solar_opacity/runs/T145p095_rho1p57344em12/fac-opacity-cowan-state/starout.h5
145.09526187584342,2.26115695153675e-12,fac-opacity-cowan-state,T145p095_rho2p26116em12,0.3401162627621293,5.112629376331204e-07,0.3401174855857718,1.216596840920081e-06,ok,/home/elads/STAR/full_grid_solar_opacity/runs/T145p095_rho2p26116em12/fac-opacity-cowan-state/starout.h5
145.09526187584342,3.249458715591849e-12,fac-opacity-cowan-state,T145p095_rho3p24946em12,0.34011618497614793,7.13383798321107e-07,0.34011790177544454,1.7084804423719413e-06,ok,/home/elads/STAR/full_grid_solar_opacity/runs/T145p095_rho3p24946em12/fac-opacity-cowan-state/starout.h5
145.09526187584342,4.669725353279713e-12,fac-opacity-cowan-state,T145p095_rho4p66973em12,0.3401160986948961,9.991480997599313e-07,0.3401169191748235,8.139771930962729e-07,ok,/home/elads/STAR/full_grid_solar_opacity/runs/T145p095_rho4p66973em12/fac-opacity-cowan-state/starout.h5
145.09526187584342,6.710759170575148e-12,fac-opacity-cowan-state,T145p095_rho6p71076em12,0.34011600000751274,1.4043619858837712e-06,0.3401192229365696,3.209245682023014e-06,ok,/home/elads/STAR/full_grid_solar_opacity/runs/T145p095_rho6p71076em12/fac-opacity-cowan-state/starout.h5
145.09526187584342,9.64388379154446e-12,fac-opacity-cowan-state,T145p095_rho9p64388em12,0.3401158993517889,1.9768175957019123e-06,0.34012045795379586,4.539862572075374e-06,ok,/home/elads/STAR/full_grid_solar_opacity/runs/T145p095_rho9p64388em12/fac-opacity-cowan-state/starout.h5
145.09526187584342,1.3859012403933867e-11,fac-opacity-cowan-state,T145p095_rho1p3859em11,0.34011573247208293,2.7864539477433784e-06,0.34012197530595906,6.218191128347332e-06,ok,/home/elads/STAR/full_grid_solar_opacity/runs/T145p095_rho1p3859em11/fac-opacity-cowan-state/starout.h5
145.09526187584342,1.9916480638308542e-11,fac-opacity-cowan-state,T145p095_rho1p99165em11,0.34011557562082895,3.924528824318052e-06,0.34012394687964903,8.33922018843828e-06,ok,/home/elads/STAR/full_grid_solar_opacity/runs/T145p095_rho1p99165em11/fac-opacity-cowan-state/starout.h5
145.09526187584342,2.8621534453892672e-11,fac-opacity-cowan-state,T145p095_rho2p86215em11,0.34011537514339335,5.522207323823835e-06,0.34012776689282387,1.2346408713269714e-05,ok,/home/elads/STAR/full_grid_solar_opacity/runs/T145p095_rho2p86215em11/fac-opacity-cowan-state/starout.h5
145.09526187584342,4.1131375034185614e-11,fac-opacity-cowan-state,T145p095_rho4p11314em11,0.34011513776458924,7.758802270860918e-06,0.3401319782913292,1.6780130158569542e-05,ok,/home/elads/STAR/full_grid_solar_opacity/runs/T145p095_rho4p11314em11/fac-opacity-cowan-state/starout.h5
145.09526187584342,5.910899064227969e-11,fac-opacity-cowan-state,T145p095_rho5p9109em11,0.34011485605769803,1.0879569011252538e-05,0.3401365988169744,2.166495270314822e-05,ok,/home/elads/STAR/full_grid_solar_opacity/runs/T145p095_rho5p9109em11/fac-opacity-cowan-state/starout.h5
145.09526187584342,8.4944224982638e-11,fac-opacity-cowan-state,T145p095_rho8p49442em11,0.34011452982636664,1.5175612757958273e-05,0.3401470256788087,3.238424765589589e-05,ok,/home/elads/STAR/full_grid_solar_opacity/runs/T145p095_rho8p49442em11/fac-opacity-cowan-state/starout.h5
145.09526187584342,1.2207146966133182e-10,fac-opacity-cowan-state,T145p095_rho1p22071em10,0.34011418140442246,2.1200036745231014e-05,0.34015747398025625,4.3146447350619876e-05,ok,/home/elads/STAR/full_grid_solar_opacity/runs/T145p095_rho1p22071em10/fac-opacity-cowan-state/starout.h5
145.09526187584342,1.7542621300415897e-10,fac-opacity-cowan-state,T145p095_rho1p75426em10,0.34011370286472237,2.9347423390730382e-05,0.34016961724534966,5.5728445300788016e-05,ok,/home/elads/STAR/full_grid_solar_opacity/runs/T145p095_rho1p75426em10/fac-opacity-cowan-state/starout.h5
145.09526187584342,2.52101136279913e-10,fac-opacity-cowan-state,T145p095_rho2p52101em10,0.34011331345373236,4.0385494869636e-05,0.34018914715378856,7.558694826725171e-05,ok,/home/elads/STAR/full_grid_solar_opacity/runs/T145p095_rho2p52101em10/fac-opacity-cowan-state/starout.h5
145.09526187584342,3.6228897509242966e-10,fac-opacity-cowan-state,T145p095_rho3p62289em10,0.34011280235911767,5.547249101526453e-05,0.34020801190376204,9.490103480894422e-05,ok,/home/elads/STAR/full_grid_solar_opacity/runs/T145p095_rho3p62289em10/fac-opacity-cowan-state/starout.h5
145.09526187584342,5.20637484663258e-10,fac-opacity-cowan-state,T145p095_rho5p20637em10,0.3401122953922718,7.620921547338648e-05,0.3402325468149297,0.00011986320279696949,ok,/home/elads/STAR/full_grid_solar_opacity/runs/T145p095_rho5p20637em10/fac-opacity-cowan-state/starout.h5
145.09526187584342,7.481966305138837e-10,fac-opacity-cowan-state,T145p095_rho7p48197em10,0.3401117666022282,0.00010466355444985457,0.34025985444678114,0.0001476107632110905,ok,/home/elads/STAR/full_grid_solar_opacity/runs/T145p095_rho7p48197em10/fac-opacity-cowan-state/starout.h5
145.09526187584342,1.0752168531898921e-09,fac-opacity-cowan-state,T145p095_rho1p07522em09,0.34011121493746044,0.00014438871883798256,0.3402886093718575,0.0001768177309476809,ok,/home/elads/STAR/full_grid_solar_opacity/runs/T145p095_rho1p07522em09/fac-opacity-cowan-state/starout.h5
145.09526187584342,1.5451703926941453e-09,fac-opacity-cowan-state,T145p095_rho1p54517em09,0.3401106440337619,0.00019944763701357435,0.34032060769974737,0.00020927416545987707,ok,/home/elads/STAR/full_grid_solar_opacity/runs/T145p095_rho1p54517em09/fac-opacity-cowan-state/starout.h5
145.09526187584342,2.220530245015531e-09,fac-opacity-cowan-state,T145p095_rho2p22053em09,0.3401100505224686,0.00027690306335740873,0.34035494665646493,0.0002440804982624293,ok,/home/elads/STAR/full_grid_solar_opacity/runs/T145p095_rho2p22053em09/fac-opacity-cowan-state/starout.h5
145.09526187584342,3.1910749729235452e-09,fac-opacity-cowan-state,T145p095_rho3p19107em09,0.34010943011246825,0.00038675542158144436,0.3403892799149854,0.0002789056753053164,ok,/home/elads/STAR/full_grid_solar_opacity/runs/T145p095_rho3p19107em09/fac-opacity-cowan-state/starout.h5
145.09526187584342,4.585823366142813e-09,fac-opacity-cowan-state,T145p095_rho4p58582em09,0.3401087716923819,0.0005386069426367533,0.3404223090297096,0.0003124583772390792,ok,/home/elads/STAR/full_grid_solar_opacity/runs/T145p095_rho4p58582em09/fac-opacity-cowan-state/starout.h5
145.09526187584342,6.590185477903269e-09,fac-opacity-cowan-state,T145p095_rho6p59019em09,0.3401080029331759,0.0007517628168116397,0.34046560999006487,0.0003563695813109262,ok,/home/elads/STAR/full_grid_solar_opacity/runs/T145p095_rho6p59019em09/fac-opacity-cowan-state/starout.h5
145.09526187584342,9.470610000772238e-09,fac-opacity-cowan-state,T145p095_rho9p47061em09,0.3401071919937915,0.001052192151975657,0.3405247498250001,0.00041607503049167095,ok,/home/elads/STAR/full_grid_solar_opacity/runs/T145p095_rho9p47061em09/fac-opacity-cowan-state/starout.h5
145.09526187584342,1.3610004466105506e-08,fac-opacity-cowan-state,T145p095_rho1p361em08,0.340106174179457,0.0016106271448300012,0.3406090987726827,0.0005011082757239976,ok,/home/elads/STAR/full_grid_solar_opacity/runs/T145p095_rho1p361em08/fac-opacity-cowan-state/starout.h5
145.09526187584342,1.9558636830395073e-08,fac-opacity-cowan-state,T145p095_rho1p95586em08,0.3401052330971826,0.002268816320991253,0.34068923146773056,0.0005819013361454582,ok,/home/elads/STAR/full_grid_solar_opacity/runs/T145p095_rho1p95586em08/fac-opacity-cowan-state/starout.h5
145.09526187584342,2.810728502080722e-08,fac-opacity-cowan-state,T145p095_rho2p81073em08,0.34010401433972814,0.0031780857944738927,0.3408254872842357,0.0007188682513882978,ok,/home/elads/STAR/full_grid_solar_opacity/runs/T145p095_rho2p81073em08/fac-opacity-cowan-state/starout.h5
145.09526187584342,4.039235853150913e-08,fac-opacity-cowan-state,T145p095_rho4p03924em08,0.3401025143782401,0.004457804685969102,0.3410103241970718,0.0009045839644288621,ok,/home/elads/STAR/full_grid_solar_opacity/runs/T145p095_rho4p03924em08/fac-opacity-cowan-state/starout.h5
145.09526187584342,5.804696634805446e-08,fac-opacity-cowan-state,T145p095_rho5p8047em08,0.34010148043031363,0.006244965188246534,0.341234235829961,0.0011289383788400372,ok,/home/elads/STAR/full_grid_solar_opacity/runs/T145p095_rho5p8047em08/fac-opacity-cowan-state/starout.h5
145.09526187584342,8.341801332506338e-08,fac-opacity-cowan-state,T145p095_rho8p3418em08,0.3401002393599042,0.00875966316231298,0.34153371183189396,0.0014287504989104562,ok,/home/elads/STAR/full_grid_solar_opacity/runs/T145p095_rho8p3418em08/fac-opacity-cowan-state/starout.h5
145.09526187584342,1.1987818459583772e-07,fac-opacity-cowan-state,T145p095_rho1p19878em07,0.34009866892606655,0.01209568719608527,0.34188078524485216,0.0017761669818948291,ok,/home/elads/STAR/full_grid_solar_opacity/runs/T145p095_rho1p19878em07/fac-opacity-cowan-state/starout.h5
145.09526187584342,1.7227429147699408e-07,fac-opacity-cowan-state,T145p095_rho1p72274em07,0.34009692963668037,0.016751289530180655,0.34249604956657564,0.0023913413733591448,ok,/home/elads/STAR/full_grid_solar_opacity/runs/T145p095_rho1p72274em07/fac-opacity-cowan-state/starout.h5
145.09526187584342,2.4757157946593376e-07,fac-opacity-cowan-state,T145p095_rho2p47572em07,0.3400948746538977,0.023103794761616784,0.3434612239067158,0.00335582590951426,ok,/home/elads/STAR/full_grid_solar_opacity/runs/T145p095_rho2p47572em07/fac-opacity-cowan-state/starout.h5
145.09526187584342,3.557796490339488e-07,fac-opacity-cowan-state,T145p095_rho3p5578em07,0.34009285048981114,0.03184314610409195,0.3445822180010714,0.004476102290872026,ok,/home/elads/STAR/full_grid_solar_opacity/runs/T145p095_rho3p5578em07/fac-opacity-cowan-state/starout.h5
145.09526187584342,5.112830759482948e-07,fac-opacity-cowan-state,T145p095_rho5p11283em07,0.3400903795196986,0.04328956878816126,0.34596565107656985,0.005857717028608541,ok,/home/elads/STAR/full_grid_solar_opacity/runs/T145p095_rho5p11283em07/fac-opacity-cowan-state/starout.h5
145.09526187584342,7.347536163492159e-07,fac-opacity-cowan-state,T145p095_rho7p34754em07,0.34008751200731285,0.05847271359235786,0.34796508835934775,0.00785407472455687,ok,/home/elads/STAR/full_grid_solar_opacity/runs/T145p095_rho7p34754em07/fac-opacity-cowan-state/starout.h5
145.09526187584342,1.0558981944335787e-06,fac-opacity-cowan-state,T145p095_rho1p0559em06,0.3400841460579021,0.07844983562274144,0.3504312723551932,0.010316888126851448,ok,/home/elads/STAR/full_grid_solar_opacity/runs/T145p095_rho1p0559em06/fac-opacity-cowan-state/starout.h5
145.09526187584342,1.517407974863493e-06,fac-opacity-cowan-state,T145p095_rho1p51741em06,0.3400800956759448,0.10369211373623846,0.35273834319190717,0.012622484737793106,ok,/home/elads/STAR/full_grid_solar_opacity/runs/T145p095_rho1p51741em06/fac-opacity-cowan-state/starout.h5
145.09526187584342,2.1806334875063253e-06,fac-opacity-cowan-state,T145p095_rho2p18063em06,0.3400752287535522,0.13559420709209014,0.35643404998157957,0.016313874612282533,ok,/home/elads/STAR/full_grid_solar_opacity/runs/T145p095_rho2p18063em06/fac-opacity-cowan-state/starout.h5
145.09526187584342,3.1337402238588983e-06,fac-opacity-cowan-state,T145p095_rho3p13374em06,0.3400692812367523,0.1744856938531861,0.3616142033251416,0.021487808053406086,ok,/home/elads/STAR/full_grid_solar_opacity/runs/T145p095_rho3p13374em06/fac-opacity-cowan-state/starout.h5
145.09526187584342,4.503428864545845e-06,fac-opacity-cowan-state,T145p095_rho4p50343em06,0.3400617938448983,0.2202027215111484,0.3664536625128413,0.026325448045540017,ok,/home/elads/STAR/full_grid_solar_opacity/runs/T145p095_rho4p50343em06/fac-opacity-cowan-state/starout.h5
145.09526187584342,6.471778159406801e-06,fac-opacity-cowan-state,T145p095_rho6p47178em06,0.3400528181700372,0.27721267075585027,0.3742477031335586,0.03411411675683527,ok,/home/elads/STAR/full_grid_solar_opacity/runs/T145p095_rho6p47178em06/fac-opacity-cowan-state/starout.h5
145.09526187584342,9.300449458481393e-06,fac-opacity-cowan-state,T145p095_rho9p30045em06,0.3400414217511025,0.34085937491931106,0.38056103132594477,0.04042717487581977,ok,/home/elads/STAR/full_grid_solar_opacity/runs/T145p095_rho9p30045em06/fac-opacity-cowan-state/starout.h5
145.09526187584342,1.3365470508911143e-05,fac-opacity-cowan-state,T145p095_rho1p33655em05,0.34002667832501354,0.41539611761481215,0.3896544183220106,0.04951944236314641,ok,/home/elads/STAR/full_grid_solar_opacity/runs/T145p095_rho1p33655em05/fac-opacity-cowan-state/starout.h5
145.09526187584342,1.920722248123928e-05,fac-opacity-cowan-state,T145p095_rho1p92072em05,0.3400073491236308,0.5005410998906425,0.39926069333082126,0.05913008885645335,ok,/home/elads/STAR/full_grid_solar_opacity/runs/T145p095_rho1p92072em05/fac-opacity-cowan-state/starout.h5
145.09526187584342,2.760227522090268e-05,fac-opacity-cowan-state,T145p095_rho2p76023em05,0.3399815392666531,0.6011417791637369,0.4088844568426009,0.06876910247210492,ok,/home/elads/STAR/full_grid_solar_opacity/runs/T145p095_rho2p76023em05/fac-opacity-cowan-state/starout.h5
145.09526187584342,3.966662010161191e-05,fac-opacity-cowan-state,T145p095_rho3p96666em05,0.339946558175175,0.7233240290285252,0.4282450629833497,0.08814138644078283,ok,/home/elads/STAR/full_grid_solar_opacity/runs/T145p095_rho3p96666em05/fac-opacity-cowan-state/starout.h5
145.09526187584342,5.7004023678963655e-05,fac-opacity-cowan-state,T145p095_rho5p7004em05,0.3399002450566078,0.848352640981368,0.43423761625298885,0.09417556606335065,ok,/home/elads/STAR/full_grid_solar_opacity/runs/T145p095_rho5p7004em05/fac-opacity-cowan-state/starout.h5
145.09526187584342,8.191922344953684e-05,fac-opacity-cowan-state,T145p095_rho8p19192em05,0.3398348773815203,1.005129510342347,0.45174902480097234,0.11173806492044204,ok,/home/elads/STAR/full_grid_solar_opacity/runs/T145p095_rho8p19192em05/fac-opacity-cowan-state/starout.h5
145.09526187584342,0.00011772430676769293,fac-opacity-cowan-state,T145p095_rho0p000117724,0.3397445379107393,1.1914851249557032,0.4763733777666408,0.13642633245702046,ok,/home/elads/STAR/full_grid_solar_opacity/runs/T145p095_rho0p000117724/fac-opacity-cowan-state/starout.h5
145.09526187584342,0.00016917900122028344,fac-opacity-cowan-state,T145p095_rho0p000169179,0.3396195011946307,1.4108602147608813,0.5094481765447558,0.16960906007075893,ok,/home/elads/STAR/full_grid_solar_opacity/runs/T145p095_rho0p000169179/fac-opacity-cowan-state/starout.h5
145.09526187584342,0.0002431234061999784,fac-opacity-cowan-state,T145p095_rho0p000243123,0.3394463591049096,1.662962538468988,0.5373950783741016,0.1976966420749149,ok,/home/elads/STAR/full_grid_solar_opacity/runs/T145p095_rho0p000243123/fac-opacity-cowan-state/starout.h5
145.09526187584342,0.0003493872774749123,fac-opacity-cowan-state,T145p095_rho0p000349387,0.3392056776726911,1.9830242145414188,0.5798673771019233,0.24035111964139852,ok,/home/elads/STAR/full_grid_solar_opacity/runs/T145p095_rho0p000349387/fac-opacity-cowan-state/starout.h5
145.09526187584342,0.0005020967399614471,fac-opacity-cowan-state,T145p095_rho0p000502097,0.33887347675413626,2.2941433897723584,0.6212956047479632,0.28206420003462135,ok,/home/elads/STAR/full_grid_solar_opacity/runs/T145p095_rho0p000502097/fac-opacity-cowan-state/starout.h5
145.09526187584342,0.0007215521357901021,fac-opacity-cowan-state,T145p095_rho0p000721552,0.3384149483985517,2.697415945165763,0.7005542616687,0.36170035025104796,ok,/home/elads/STAR/full_grid_solar_opacity/runs/T145p095_rho0p000721552/fac-opacity-cowan-state/starout.h5
145.09526187584342,0.0010369266382873438,fac-opacity-cowan-state,T145p095_rho0p00103693,0.33778610506358564,3.137811271888188,0.7272019747790462,0.38880783647904354,ok,/home/elads/STAR/full_grid_solar_opacity/runs/T145p095_rho0p00103693/fac-opacity-cowan-state/starout.h5
145.09526187584342,0.0014901443705277455,fac-opacity-cowan-state,T145p095_rho0p00149014,0.33692785990968355,3.674026085372227,0.8364652388457233,0.4987400046092257,ok,/home/elads/STAR/full_grid_solar_opacity/runs/T145p095_rho0p00149014/fac-opacity-cowan-state/starout.h5
145.09526187584342,0.002141453563853953,fac-opacity-cowan-state,T145p095_rho0p00214145,0.33576730225160817,4.58640618288063,1.0083707902365786,0.6715948244418912,ok,/home/elads/STAR/full_grid_solar_opacity/runs/T145p095_rho0p00214145/fac-opacity-cowan-state/starout.h5
145.09526187584342,0.003077435620898055,fac-opacity-cowan-state,T145p095_rho0p00307744,0.33420855210664585,5.367526454547598,1.226899722188588,0.8913801464662969,ok,/home/elads/STAR/full_grid_solar_opacity/runs/T145p095_rho0p00307744/fac-opacity-cowan-state/starout.h5
145.09526187584342,0.004422514763163053,fac-opacity-cowan-state,T145p095_rho0p00442251,0.3321416896835426,6.686996383262422,1.7471924919785713,1.4136997885239662,ok,/home/elads/STAR/full_grid_solar_opacity/runs/T145p095_rho0p00442251/fac-opacity-cowan-state/starout.h5
145.09526187584342,0.006355498291362301,fac-opacity-cowan-state,T145p095_rho0p0063555,0.32943894672159474,7.4916762417619225,2.0214743874574332,1.6900418548210472,ok,/home/elads/STAR/full_grid_solar_opacity/runs/T145p095_rho0p0063555/fac-opacity-cowan-state/starout.h5
145.09526187584342,0.009133346228248624,fac-opacity-cowan-state,T145p095_rho0p00913335,0.32596026047155907,9.12560719270723,2.110021121850568,1.7810706663987812,ok,/home/elads/STAR/full_grid_solar_opacity/runs/T145p095_rho0p00913335/fac-opacity-cowan-state/starout.h5
145.09526187584342,0.01312533014735226,fac-opacity-cowan-state,T145p095_rho0p0131253,0.3215623202166517,11.62262651243126,2.6305093631855763,2.3052916642951553,ok,/home/elads/STAR/full_grid_solar_opacity/runs/T145p095_rho0p0131253/fac-opacity-cowan-state/starout.h5
145.09526187584342,0.018862122071335155,fac-opacity-cowan-state,T145p095_rho0p0188621,0.3161180821407364,14.683133849110414,3.6988300855859424,3.378410721919574,ok,/home/elads/STAR/full_grid_solar_opacity/runs/T145p095_rho0p0188621/fac-opacity-cowan-state/starout.h5
145.09526187584342,0.02710633904364831,fac-opacity-cowan-state,T145p095_rho0p0271063,0.3095401255947231,19.405702920053002,5.245194058294419,4.93085318137587,ok,/home/elads/STAR/full_grid_solar_opacity/runs/T145p095_rho0p0271063/fac-opacity-cowan-state/starout.h5
145.09526187584342,0.038953921174427183,fac-opacity-cowan-state,T145p095_rho0p0389539,0.30180114339925246,24.447657733711978,5.352367524181818,5.044061604188041,ok,/home/elads/STAR/full_grid_solar_opacity/runs/T145p095_rho0p0389539/fac-opacity-cowan-state/starout.h5
145.09526187584342,0.0559798197912329,fac-opacity-cowan-state,T145p095_rho0p0559798,0.29297029781478146,33.16976994515146,7.760842455478552,7.460178581703177,ok,/home/elads/STAR/full_grid_solar_opacity/runs/T145p095_rho0p0559798/fac-opacity-cowan-state/starout.h5
145.09526187584342,0.08044736266284185,fac-opacity-cowan-state,T145p095_rho0p0804474,0.2832039202424611,45.662333052200964,8.500836528118892,8.210819233922988,ok,/home/elads/STAR/full_grid_solar_opacity/runs/T145p095_rho0p0804474/fac-opacity-cowan-state/starout.h5
145.09526187584342,0.11560912813835741,fac-opacity-cowan-state,T145p095_rho0p115609,0.272786671906498,59.06495296917993,9.197142510302815,8.911758119841675,ok,/home/elads/STAR/full_grid_solar_opacity/runs/T145p095_rho0p115609/fac-opacity-cowan-state/starout.h5
145.09526187584342,0.1661393247274789,fac-opacity-cowan-state,T145p095_rho0p166139,0.26210632686748003,82.57169457179081,13.343887839807735,13.06905490582875,ok,/home/elads/STAR/full_grid_solar_opacity/runs/T145p095_rho0p166139/fac-opacity-cowan-state/starout.h5
145.09526187584342,0.23875515424585794,fac-opacity-cowan-state,T145p095_rho0p238755,0.2515932340823723,113.45151538026776,16.282141224838846,16.01855949176357,ok,/home/elads/STAR/full_grid_solar_opacity/runs/T145p095_rho0p238755/fac-opacity-cowan-state/starout.h5
145.09526187584342,0.34310975906798746,fac-opacity-cowan-state,T145p095_rho0p34311,0.24151722401805747,153.75720341588175,15.939287744299733,15.678277449308156,ok,/home/elads/STAR/full_grid_solar_opacity/runs/T145p095_rho0p34311/fac-opacity-cowan-state/starout.h5
145.09526187584342,0.49307545690287347,fac-opacity-cowan-state,T145p095_rho0p493075,0.23257354036264902,213.91892550757808,20.214581591236946,19.961714636525556,ok,/home/elads/STAR/full_grid_solar_opacity/runs/T145p095_rho0p493075/fac-opacity-cowan-state/starout.h5
145.09526187584342,0.7085878491488851,fac-opacity-cowan-state,T145p095_rho0p708588,0.22502586068384783,296.18720605717465,24.042620679565612,23.798530906108283,ok,/home/elads/STAR/full_grid_solar_opacity/runs/T145p095_rho0p708588/fac-opacity-cowan-state/starout.h5
145.09526187584342,1.0182959482819007,fac-opacity-cowan-state,T145p095_rho1p0183,0.219205091563121,409.85168474336956,28.186588483658202,27.950628960510947,ok,/home/elads/STAR/full_grid_solar_opacity/runs/T145p095_rho1p0183/fac-opacity-cowan-state/starout.h5
145.09526187584342,1.4633706173946401,fac-opacity-cowan-state,T145p095_rho1p46337,0.21539301540902597,564.7950389190097,34.367747857384295,34.1372844452064,ok,/home/elads/STAR/full_grid_solar_opacity/runs/T145p095_rho1p46337/fac-opacity-cowan-state/starout.h5
145.09526187584342,2.1029775945461404,fac-opacity-cowan-state,T145p095_rho2p10298,0.2138813677642499,769.5276272104963,37.114153083235735,36.88728439006297,ok,/home/elads/STAR/full_grid_solar_opacity/runs/T145p095_rho2p10298/fac-opacity-cowan-state/starout.h5
145.09526187584342,3.0221426551783854,fac-opacity-cowan-state,T145p095_rho3p02214,0.2149109914583864,1037.398244284234,44.23234334254859,44.0073414197105,ok,/home/elads/STAR/full_grid_solar_opacity/runs/T145p095_rho3p02214/fac-opacity-cowan-state/starout.h5
145.09526187584342,4.343054463316713,fac-opacity-cowan-state,T145p095_rho4p34305,0.218845520227997,1375.93157016378,51.65907219918819,51.43234422337527,ok,/home/elads/STAR/full_grid_solar_opacity/runs/T145p095_rho4p34305/fac-opacity-cowan-state/starout.h5
145.09526187584342,6.241307649397467,fac-opacity-cowan-state,T145p095_rho6p24131,0.22585771170219768,1785.8636163847764,63.848340879146,63.61703187881459,ok,/home/elads/STAR/full_grid_solar_opacity/runs/T145p095_rho6p24131/fac-opacity-cowan-state/starout.h5
145.09526187584342,8.969245378672715,fac-opacity-cowan-state,T145p095_rho8p96925,0.23617549251237074,2260.9519098334813,77.47817475770736,77.23862921767132,ok,/home/elads/STAR/full_grid_solar_opacity/runs/T145p095_rho8p96925/fac-opacity-cowan-state/starout.h5
145.09526187584342,12.889504440725364,fac-opacity-cowan-state,T145p095_rho12p8895,0.24979235318266965,2748.492619868048,98.51762511278542,98.26598782122349,ok,/home/elads/STAR/full_grid_solar_opacity/runs/T145p095_rho12p8895/fac-opacity-cowan-state/starout.h5
145.09526187584342,18.52322215674118,fac-opacity-cowan-state,T145p095_rho18p5232,0.2662980841313665,3185.5674885338244,128.35226400237238,128.08525096035655,ok,/home/elads/STAR/full_grid_solar_opacity/runs/T145p095_rho18p5232/fac-opacity-cowan-state/starout.h5
145.09526187584342,26.61931346126126,fac-opacity-cowan-state,T145p095_rho26p6193,0.2847634155723882,3502.611772613213,163.5162030371683,163.23149680817266,ok,/home/elads/STAR/full_grid_solar_opacity/runs/T145p095_rho26p6193/fac-opacity-cowan-state/starout.h5
145.09526187584342,38.254027466328665,fac-opacity-cowan-state,T145p095_rho38p254,0.30382552649812017,3990.416283727775,206.5749412871946,206.2716467715379,ok,/home/elads/STAR/full_grid_solar_opacity/runs/T145p095_rho38p254/fac-opacity-cowan-state/starout.h5
145.09526187584342,54.97401800103719,fac-opacity-cowan-state,T145p095_rho54p974,0.32221580129911537,4638.246527599714,243.95010828754442,243.62866931554086,ok,/home/elads/STAR/full_grid_solar_opacity/runs/T145p095_rho54p974/fac-opacity-cowan-state/starout.h5
145.09526187584342,79.0019471240894,fac-opacity-cowan-state,T145p095_rho79p0019,0.33920208239304245,5111.574537278307,272.26551569560263,271.92719796209417,ok,/home/elads/STAR/full_grid_solar_opacity/runs/T145p095_rho79p0019/fac-opacity-cowan-state/starout.h5
145.09526187584342,113.53195339077567,fac-opacity-cowan-state,T145p095_rho113p532,0.3553119717969334,5192.190378457766,296.20521920060224,295.85088833096165,ok,/home/elads/STAR/full_grid_solar_opacity/runs/T145p095_rho113p532/fac-opacity-cowan-state/starout.h5
145.09526187584342,163.15426277379785,fac-opacity-cowan-state,T145p095_rho163p154,0.3719408024199017,4747.30812655239,348.9634616672297,348.5926923746102,ok,/home/elads/STAR/full_grid_solar_opacity/runs/T145p095_rho163p154/fac-opacity-cowan-state/starout.h5
145.09526187584342,234.46538763970608,fac-opacity-cowan-state,T145p095_rho234p465,0.3912601012920886,3852.339847994258,491.83742031853427,491.44755559174627,ok,/home/elads/STAR/full_grid_solar_opacity/runs/T145p095_rho234p465/fac-opacity-cowan-state/starout.h5
145.09526187584342,336.94503022121665,fac-opacity-cowan-state,T145p095_rho336p945,0.41509387484273974,2742.266766138277,749.0402742756496,748.6265392120905,ok,/home/elads/STAR/full_grid_solar_opacity/runs/T145p095_rho336p945/fac-opacity-cowan-state/starout.h5
145.09526187584342,484.21626123015125,fac-opacity-cowan-state,T145p095_rho484p216,0.4450406609046959,1790.2960923602648,883.0738488813213,882.6297781506365,ok,/home/elads/STAR/full_grid_solar_opacity/runs/T145p095_rho484p216/fac-opacity-cowan-state/starout.h5
145.09526187584342,695.8564947100452,fac-opacity-cowan-state,T145p095_rho695p856,0.482279550907351,1242.0020112454517,809.8728761728642,809.3913047595162,ok,/home/elads/STAR/full_grid_solar_opacity/runs/T145p095_rho695p856/fac-opacity-cowan-state/starout.h5
145.09526187584342,1000.0,fac-opacity-cowan-state,T145p095_rho1000,0.527489020949049,897.2823287819432,683.4427210754066,682.9158058309697,ok,/home/elads/STAR/full_grid_solar_opacity/runs/T145p095_rho1000/fac-opacity-cowan-state/starout.h5
159.7326233614858,1e-17,fac-opacity-cowan-state,T159p733_rho1em17,0.34007867290052546,1.6048687548425127e-10,0.34007867338180287,4.724122619920657e-10,ok,/home/elads/STAR/full_grid_solar_opacity/runs/T159p733_rho1em17/fac-opacity-cowan-state/starout.h5
159.7326233614858,1.4370779141993746e-17,fac-opacity-cowan-state,T159p733_rho1p43708em17,0.34007867290119675,1.6048831343006923e-10,0.34007867338247294,4.724128277527278e-10,ok,/home/elads/STAR/full_grid_solar_opacity/runs/T159p733_rho1p43708em17/fac-opacity-cowan-state/starout.h5
159.7326233614858,2.065192931479625e-17,fac-opacity-cowan-state,T159p733_rho2p06519em17,0.3400786729019396,1.6049037254378646e-10,0.3400786733832175,4.724136288648592e-10,ok,/home/elads/STAR/full_grid_solar_opacity/runs/T159p733_rho2p06519em17/fac-opacity-cowan-state/starout.h5
159.7326233614858,2.9678431503900313e-17,fac-opacity-cowan-state,T159p733_rho2p96784em17,0.340078672903066,1.6049332401033977e-10,0.3400786733843458,4.724147669167808e-10,ok,/home/elads/STAR/full_grid_solar_opacity/runs/T159p733_rho2p96784em17/fac-opacity-cowan-state/starout.h5
159.7326233614858,4.2650218442334076e-17,fac-opacity-cowan-state,T159p733_rho4p26502em17,0.34007867290397603,1.6049755592083662e-10,0.34007867338525755,4.724163844406542e-10,ok,/home/elads/STAR/full_grid_solar_opacity/runs/T159p733_rho4p26502em17/fac-opacity-cowan-state/starout.h5
159.7326233614858,6.129168695925715e-17,fac-opacity-cowan-state,T159p733_rho6p12917em17,0.34007867290504773,1.605036272666311e-10,0.34007867338633174,4.724186975072208e-10,ok,/home/elads/STAR/full_grid_solar_opacity/runs/T159p733_rho6p12917em17/fac-opacity-cowan-state/starout.h5
159.7326233614858,8.808092965317026e-17,fac-opacity-cowan-state,T159p733_rho8p80809em17,0.3400786729059352,1.6051234031821946e-10,0.3400786733872232,4.724220014990427e-10,ok,/home/elads/STAR/full_grid_solar_opacity/runs/T159p733_rho8p80809em17/fac-opacity-cowan-state/starout.h5
159.7326233614858,1.2657915866672028e-16,fac-opacity-cowan-state,T159p733_rho1p26579em16,0.34007867290607063,1.6052484831314764e-10,0.34007867338736153,4.724267236320589e-10,ok,/home/elads/STAR/full_grid_solar_opacity/runs/T159p733_rho1p26579em16/fac-opacity-cowan-state/starout.h5
159.7326233614858,1.819041133178821e-16,fac-opacity-cowan-state,T159p733_rho1p81904em16,0.3400786729082091,1.6054281463137934e-10,0.3400786733895081,4.724334932285865e-10,ok,/home/elads/STAR/full_grid_solar_opacity/runs/T159p733_rho1p81904em16/fac-opacity-cowan-state/starout.h5
159.7326233614858,2.6141038375114865e-16,fac-opacity-cowan-state,T159p733_rho2p6141em16,0.34007867291036015,1.6056922700934303e-10,0.34007867339166714,4.724441953621733e-10,ok,/home/elads/STAR/full_grid_solar_opacity/runs/T159p733_rho2p6141em16/fac-opacity-cowan-state/starout.h5
159.7326233614858,3.7566708903116036e-16,fac-opacity-cowan-state,T159p733_rho3p75667em16,0.34007867290952165,1.6060975342102706e-10,0.3400786733908513,4.724654128521911e-10,ok,/home/elads/STAR/full_grid_solar_opacity/runs/T159p733_rho3p75667em16/fac-opacity-cowan-state/starout.h5
159.7326233614858,5.398628767382507e-16,fac-opacity-cowan-state,T159p733_rho5p39863em16,0.3400786723998342,1.7754853729287578e-10,0.340078672934012,5.245264006649019e-10,ok,/home/elads/STAR/full_grid_solar_opacity/runs/T159p733_rho5p39863em16/fac-opacity-cowan-state/starout.h5
159.7326233614858,7.758250168566793e-16,fac-opacity-cowan-state,T159p733_rho7p75825em16,0.3400786584635652,2.5270354556947543e-10,0.3400786591459129,6.702635331229135e-10,ok,/home/elads/STAR/full_grid_solar_opacity/runs/T159p733_rho7p75825em16/fac-opacity-cowan-state/starout.h5
159.7326233614858,1.1149209970080914e-15,fac-opacity-cowan-state,T159p733_rho1p11492em15,0.34007864317039876,3.579444465167133e-10,0.34007864404570615,8.601283307157451e-10,ok,/home/elads/STAR/full_grid_solar_opacity/runs/T159p733_rho1p11492em15/fac-opacity-cowan-state/starout.h5
159.7326233614858,1.6022283408774753e-15,fac-opacity-cowan-state,T159p733_rho1p60223em15,0.34007861264185696,5.04242524446415e-10,0.34007861373809223,1.0774292363873087e-09,ok,/home/elads/STAR/full_grid_solar_opacity/runs/T159p733_rho1p60223em15/fac-opacity-cowan-state/starout.h5
159.7326233614858,2.3025269621793266e-15,fac-opacity-cowan-state,T159p733_rho2p30253em15,0.3400786018260842,7.050912589764915e-10,0.3400786032350921,1.3852484989173115e-09,ok,/home/elads/STAR/full_grid_solar_opacity/runs/T159p733_rho2p30253em15/fac-opacity-cowan-state/starout.h5
159.7326233614858,3.308910644196489e-15,fac-opacity-cowan-state,T159p733_rho3p30891em15,0.34007857307407413,9.764284802986574e-10,0.3400785749861975,1.8809053903710077e-09,ok,/home/elads/STAR/full_grid_solar_opacity/runs/T159p733_rho3p30891em15/fac-opacity-cowan-state/starout.h5
159.7326233614858,4.755162406834019e-15,fac-opacity-cowan-state,T159p733_rho4p75516em15,0.34007854009914784,1.3377170486108144e-09,0.3400785426503276,2.5101812603818476e-09,ok,/home/elads/STAR/full_grid_solar_opacity/runs/T159p733_rho4p75516em15/fac-opacity-cowan-state/starout.h5
159.7326233614858,6.8335388732923106e-15,fac-opacity-cowan-state,T159p733_rho6p83354em15,0.34007849940206397,1.8118307066128854e-09,0.34007850281783514,3.361474272318914e-09,ok,/home/elads/STAR/full_grid_solar_opacity/runs/T159p733_rho6p83354em15/fac-opacity-cowan-state/starout.h5
159.7326233614858,9.820327790631256e-15,fac-opacity-cowan-state,T159p733_rho9p82033em15,0.3400784603268257,2.4136570513307454e-09,0.34007846526732655,4.864592684746051e-09,ok,/home/elads/STAR/full_grid_solar_opacity/runs/T159p733_rho9p82033em15/fac-opacity-cowan-state/starout.h5
159.7326233614858,1.4112576178114521e-14,fac-opacity-cowan-state,T159p733_rho1p41126em14,0.3400784060243605,3.1829476898325976e-09,0.3400784120221003,5.904333682724496e-09,ok,/home/elads/STAR/full_grid_solar_opacity/runs/T159p733_rho1p41126em14/fac-opacity-cowan-state/starout.h5
159.7326233614858,2.0280871538024598e-14,fac-opacity-cowan-state,T159p733_rho2p02809em14,0.3400783635889226,4.143906896639188e-09,0.34007837199134083,8.2755399558771e-09,ok,/home/elads/STAR/full_grid_solar_opacity/runs/T159p733_rho2p02809em14/fac-opacity-cowan-state/starout.h5
159.7326233614858,2.914519256800997e-14,fac-opacity-cowan-state,T159p733_rho2p91452em14,0.3400783132106397,5.355961574787722e-09,0.3400783237585817,1.0390719096308389e-08,ok,/home/elads/STAR/full_grid_solar_opacity/runs/T159p733_rho2p91452em14/fac-opacity-cowan-state/starout.h5
159.7326233614858,4.188391254457488e-14,fac-opacity-cowan-state,T159p733_rho4p18839em14,0.34007826110822503,6.927994527166156e-09,0.34007827587936573,1.4555928870914634e-08,ok,/home/elads/STAR/full_grid_solar_opacity/runs/T159p733_rho4p18839em14/fac-opacity-cowan-state/starout.h5
159.7326233614858,6.019044567806669e-14,fac-opacity-cowan-state,T159p733_rho6p01904em14,0.3400788923598735,8.970520704721783e-09,0.34007891117078637,1.854780927696413e-08,ok,/home/elads/STAR/full_grid_solar_opacity/runs/T159p733_rho6p01904em14/fac-opacity-cowan-state/starout.h5
159.7326233614858,8.649836012976684e-14,fac-opacity-cowan-state,T159p733_rho8p64984em14,0.34007883310282544,1.2326928696058826e-08,0.3400788624428152,2.8943057326445977e-08,ok,/home/elads/STAR/full_grid_solar_opacity/runs/T159p733_rho8p64984em14/fac-opacity-cowan-state/starout.h5
159.7326233614858,1.2430488295695167e-13,fac-opacity-cowan-state,T159p733_rho1p24305em13,0.34007877189751395,1.6250674993156877e-08,0.34007880960166265,3.720446353874315e-08,ok,/home/elads/STAR/full_grid_solar_opacity/runs/T159p733_rho1p24305em13/fac-opacity-cowan-state/starout.h5
159.7326233614858,1.7863580192457348e-13,fac-opacity-cowan-state,T159p733_rho1p78636em13,0.3400787083573203,2.1581867005421337e-08,0.3400787557367462,4.6758756868014076e-08,ok,/home/elads/STAR/full_grid_solar_opacity/runs/T159p733_rho1p78636em13/fac-opacity-cowan-state/starout.h5
159.7326233614858,2.567135656310987e-13,fac-opacity-cowan-state,T159p733_rho2p56714em13,0.34007864938502264,2.955369172960889e-08,0.3400787155097381,6.528371404198303e-08,ok,/home/elads/STAR/full_grid_solar_opacity/runs/T159p733_rho2p56714em13/fac-opacity-cowan-state/starout.h5
159.7326233614858,3.6891739544382357e-13,fac-opacity-cowan-state,T159p733_rho3p68917em13,0.34007857852264256,4.005447457708842e-08,0.3400786623509171,8.279302291668435e-08,ok,/home/elads/STAR/full_grid_solar_opacity/runs/T159p733_rho3p68917em13/fac-opacity-cowan-state/starout.h5
159.7326233614858,5.301630411562758e-13,fac-opacity-cowan-state,T159p733_rho5p30163em13,0.34007850933826955,5.4726784527508894e-08,0.3400786189699158,1.0830922425853406e-07,ok,/home/elads/STAR/full_grid_solar_opacity/runs/T159p733_rho5p30163em13/fac-opacity-cowan-state/starout.h5
159.7326233614858,7.618855973704612e-13,fac-opacity-cowan-state,T159p733_rho7p61886em13,0.3400784379751884,7.405593758705828e-08,0.3400785953574285,1.5552907223658473e-07,ok,/home/elads/STAR/full_grid_solar_opacity/runs/T159p733_rho7p61886em13/fac-opacity-cowan-state/starout.h5
159.7326233614858,1.0948889651276868e-12,fac-opacity-cowan-state,T159p733_rho1p09489em12,0.34007836356584026,1.00306847854558e-07,0.34007856205635256,1.9618344628954226e-07,ok,/home/elads/STAR/full_grid_solar_opacity/runs/T159p733_rho1p09489em12/fac-opacity-cowan-state/starout.h5
159.7326233614858,1.5734407502856082e-12,fac-opacity-cowan-state,T159p733_rho1p57344em12,0.34007828574368215,1.3619897770888702e-07,0.34007854679070426,2.580491664095646e-07,ok,/home/elads/STAR/full_grid_solar_opacity/runs/T159p733_rho1p57344em12/fac-opacity-cowan-state/starout.h5
159.7326233614858,2.26115695153675e-12,fac-opacity-cowan-state,T159p733_rho2p26116em12,0.33997862143116403,2.1075428810538498e-07,0.3399791250948414,4.994600859914292e-07,ok,/home/elads/STAR/full_grid_solar_opacity/runs/T159p733_rho2p26116em12/fac-opacity-cowan-state/starout.h5
159.7326233614858,3.249458715591849e-12,fac-opacity-cowan-state,T159p733_rho3p24946em12,0.3399784743086712,3.0196331220008033e-07,0.33997913340399094,6.538245898438281e-07,ok,/home/elads/STAR/full_grid_solar_opacity/runs/T159p733_rho3p24946em12/fac-opacity-cowan-state/starout.h5
159.7326233614858,4.669725353279713e-12,fac-opacity-cowan-state,T159p733_rho4p66973em12,0.3399783842240762,4.4283620521471095e-07,0.33997944304372213,1.051597698244724e-06,ok,/home/elads/STAR/full_grid_solar_opacity/runs/T159p733_rho4p66973em12/fac-opacity-cowan-state/starout.h5
159.7326233614858,6.710759170575148e-12,fac-opacity-cowan-state,T159p733_rho6p71076em12,0.33997829837541016,6.173696151761485e-07,0.3399797996156484,1.491575006350285e-06,ok,/home/elads/STAR/full_grid_solar_opacity/runs/T159p733_rho6p71076em12/fac-opacity-cowan-state/starout.h5
159.7326233614858,9.64388379154446e-12,fac-opacity-cowan-state,T159p733_rho9p64388em12,0.33997819694580883,8.526550827348361e-07,0.33998003928882664,1.8309038446117821e-06,ok,/home/elads/STAR/full_grid_solar_opacity/runs/T159p733_rho9p64388em12/fac-opacity-cowan-state/starout.h5
159.7326233614858,1.3859012403933867e-11,fac-opacity-cowan-state,T159p733_rho1p3859em11,0.33997811092516156,1.1782269881704993e-06,0.33998068904288575,2.5637803362891577e-06,ok,/home/elads/STAR/full_grid_solar_opacity/runs/T159p733_rho1p3859em11/fac-opacity-cowan-state/starout.h5
159.7326233614858,1.9916480638308542e-11,fac-opacity-cowan-state,T159p733_rho1p99165em11,0.3399780209005252,1.6306725967854996e-06,0.3399814496114918,3.4110962510373413e-06,ok,/home/elads/STAR/full_grid_solar_opacity/runs/T159p733_rho1p99165em11/fac-opacity-cowan-state/starout.h5
159.7326233614858,2.8621534453892672e-11,fac-opacity-cowan-state,T159p733_rho2p86215em11,0.3399779233299886,2.264104799954625e-06,0.33998246002838933,4.5148701223353865e-06,ok,/home/elads/STAR/full_grid_solar_opacity/runs/T159p733_rho2p86215em11/fac-opacity-cowan-state/starout.h5
159.7326233614858,4.1131375034185614e-11,fac-opacity-cowan-state,T159p733_rho4p11314em11,0.3399778219730609,3.1562234719942588e-06,0.33998420677639263,6.356862501161316e-06,ok,/home/elads/STAR/full_grid_solar_opacity/runs/T159p733_rho4p11314em11/fac-opacity-cowan-state/starout.h5
159.7326233614858,5.910899064227969e-11,fac-opacity-cowan-state,T159p733_rho5p9109em11,0.33997771390228415,4.418411694523985e-06,0.33998626443919205,8.514828372019385e-06,ok,/home/elads/STAR/full_grid_solar_opacity/runs/T159p733_rho5p9109em11/fac-opacity-cowan-state/starout.h5
159.7326233614858,8.4944224982638e-11,fac-opacity-cowan-state,T159p733_rho8p49442em11,0.3399775946302172,6.189423114145436e-06,0.3399896742030875,1.2031924323045782e-05,ok,/home/elads/STAR/full_grid_solar_opacity/runs/T159p733_rho8p49442em11/fac-opacity-cowan-state/starout.h5
159.7326233614858,1.2207146966133182e-10,fac-opacity-cowan-state,T159p733_rho1p22071em10,0.339977459139588,8.699081282275836e-06,0.3399942269130255,1.6705494507516577e-05,ok,/home/elads/STAR/full_grid_solar_opacity/runs/T159p733_rho1p22071em10/fac-opacity-cowan-state/starout.h5
159.7326233614858,1.7542621300415897e-10,fac-opacity-cowan-state,T159p733_rho1p75426em10,0.33997730116598723,1.2225842875607022e-05,0.3400001250898414,2.2742290869006605e-05,ok,/home/elads/STAR/full_grid_solar_opacity/runs/T159p733_rho1p75426em10/fac-opacity-cowan-state/starout.h5
159.7326233614858,2.52101136279913e-10,fac-opacity-cowan-state,T159p733_rho2p52101em10,0.33997710685013816,1.7296944402578338e-05,0.34000879865913525,3.15830678674897e-05,ok,/home/elads/STAR/full_grid_solar_opacity/runs/T159p733_rho2p52101em10/fac-opacity-cowan-state/starout.h5
159.7326233614858,3.6228897509242966e-10,fac-opacity-cowan-state,T159p733_rho3p62289em10,0.33997687589430886,2.4320176524409962e-05,0.3400205597413772,4.353787530975609e-05,ok,/home/elads/STAR/full_grid_solar_opacity/runs/T159p733_rho3p62289em10/fac-opacity-cowan-state/starout.h5
159.7326233614858,5.20637484663258e-10,fac-opacity-cowan-state,T159p733_rho5p20637em10,0.3399766005195027,3.412376421203629e-05,0.34003402830481216,5.723906537618488e-05,ok,/home/elads/STAR/full_grid_solar_opacity/runs/T159p733_rho5p20637em10/fac-opacity-cowan-state/starout.h5
159.7326233614858,7.481966305138837e-10,fac-opacity-cowan-state,T159p733_rho7p48197em10,0.3399762760606617,4.7827747495842386e-05,0.3400537480235826,7.722290215375251e-05,ok,/home/elads/STAR/full_grid_solar_opacity/runs/T159p733_rho7p48197em10/fac-opacity-cowan-state/starout.h5
159.7326233614858,1.0752168531898921e-09,fac-opacity-cowan-state,T159p733_rho1p07522em09,0.3399759125389773,6.692923492514483e-05,0.34007667891401816,0.00010045179395154927,ok,/home/elads/STAR/full_grid_solar_opacity/runs/T159p733_rho1p07522em09/fac-opacity-cowan-state/starout.h5
159.7326233614858,1.5451703926941453e-09,fac-opacity-cowan-state,T159p733_rho1p54517em09,0.33997549288364504,9.279995245762284e-05,0.34010227621211575,0.00012639064266806085,ok,/home/elads/STAR/full_grid_solar_opacity/runs/T159p733_rho1p54517em09/fac-opacity-cowan-state/starout.h5
159.7326233614858,2.220530245015531e-09,fac-opacity-cowan-state,T159p733_rho2p22053em09,0.3399749793325398,0.00012875202031307378,0.340136339510733,0.0001608688670852713,ok,/home/elads/STAR/full_grid_solar_opacity/runs/T159p733_rho2p22053em09/fac-opacity-cowan-state/starout.h5
159.7326233614858,3.1910749729235452e-09,fac-opacity-cowan-state,T159p733_rho3p19107em09,0.3399744973545212,0.0001766211286970731,0.3401512483408815,0.00017619090688267467,ok,/home/elads/STAR/full_grid_solar_opacity/runs/T159p733_rho3p19107em09/fac-opacity-cowan-state/starout.h5
159.7326233614858,4.585823366142813e-09,fac-opacity-cowan-state,T159p733_rho4p58582em09,0.3399739504330042,0.00024166058608914517,0.340211486031183,0.00023680750636444233,ok,/home/elads/STAR/full_grid_solar_opacity/runs/T159p733_rho4p58582em09/fac-opacity-cowan-state/starout.h5
159.7326233614858,6.590185477903269e-09,fac-opacity-cowan-state,T159p733_rho6p59019em09,0.33997341017361093,0.00033177869187755603,0.3402462681085888,0.0002720137067976109,ok,/home/elads/STAR/full_grid_solar_opacity/runs/T159p733_rho6p59019em09/fac-opacity-cowan-state/starout.h5
159.7326233614858,9.470610000772238e-09,fac-opacity-cowan-state,T159p733_rho9p47061em09,0.33997272059500294,0.00045557285232549605,0.34029934594124467,0.00032559573505548857,ok,/home/elads/STAR/full_grid_solar_opacity/runs/T159p733_rho9p47061em09/fac-opacity-cowan-state/starout.h5
159.7326233614858,1.3610004466105506e-08,fac-opacity-cowan-state,T159p733_rho1p361em08,0.3399720666754223,0.0006705493134744878,0.3403622247870147,0.0003889025828659842,ok,/home/elads/STAR/full_grid_solar_opacity/runs/T159p733_rho1p361em08/fac-opacity-cowan-state/starout.h5
159.7326233614858,1.9558636830395073e-08,fac-opacity-cowan-state,T159p733_rho1p95586em08,0.3399713630246602,0.000934306687859288,0.34042225044733937,0.0004494183969781141,ok,/home/elads/STAR/full_grid_solar_opacity/runs/T159p733_rho1p95586em08/fac-opacity-cowan-state/starout.h5
159.7326233614858,2.810728502080722e-08,fac-opacity-cowan-state,T159p733_rho2p81073em08,0.3399706021295154,0.0012944653615860504,0.34049668970664115,0.0005243390566517098,ok,/home/elads/STAR/full_grid_solar_opacity/runs/T159p733_rho2p81073em08/fac-opacity-cowan-state/starout.h5
159.7326233614858,4.039235853150913e-08,fac-opacity-cowan-state,T159p733_rho4p03924em08,0.3399697578747719,0.0018067490048214968,0.34058316848589126,0.0006113422421837567,ok,/home/elads/STAR/full_grid_solar_opacity/runs/T159p733_rho4p03924em08/fac-opacity-cowan-state/starout.h5
159.7326233614858,5.804696634805446e-08,fac-opacity-cowan-state,T159p733_rho5p8047em08,0.33996882266485495,0.0025323595623721476,0.34068435833548905,0.0007131047738060466,ok,/home/elads/STAR/full_grid_solar_opacity/runs/T159p733_rho5p8047em08/fac-opacity-cowan-state/starout.h5
159.7326233614858,8.341801332506338e-08,fac-opacity-cowan-state,T159p733_rho8p3418em08,0.3399677738197454,0.0035702731128539156,0.34081408099582794,0.0008435046502150462,ok,/home/elads/STAR/full_grid_solar_opacity/runs/T159p733_rho8p3418em08/fac-opacity-cowan-state/starout.h5
159.7326233614858,1.1987818459583772e-07,fac-opacity-cowan-state,T159p733_rho1p19878em07,0.3399666479140588,0.004943451633595485,0.34106923851448845,0.0010989219810116598,ok,/home/elads/STAR/full_grid_solar_opacity/runs/T159p733_rho1p19878em07/fac-opacity-cowan-state/starout.h5
159.7326233614858,1.7227429147699408e-07,fac-opacity-cowan-state,T159p733_rho1p72274em07,0.33996522684975905,0.0069044831932196255,0.3412578419162801,0.001288351680957461,ok,/home/elads/STAR/full_grid_solar_opacity/runs/T159p733_rho1p72274em07/fac-opacity-cowan-state/starout.h5
159.7326233614858,2.4757157946593376e-07,fac-opacity-cowan-state,T159p733_rho2p47572em07,0.3399637074410856,0.009635493128547508,0.3416944910565072,0.0017253212135929614,ok,/home/elads/STAR/full_grid_solar_opacity/runs/T159p733_rho2p47572em07/fac-opacity-cowan-state/starout.h5
159.7326233614858,3.557796490339488e-07,fac-opacity-cowan-state,T159p733_rho3p5578em07,0.3399620172929334,0.013486615554252936,0.3421258912753595,0.0021574229131782353,ok,/home/elads/STAR/full_grid_solar_opacity/runs/T159p733_rho3p5578em07/fac-opacity-cowan-state/starout.h5
159.7326233614858,5.112830759482948e-07,fac-opacity-cowan-state,T159p733_rho5p11283em07,0.3399603006100396,0.018626386855859225,0.3426791516238676,0.002710734000191904,ok,/home/elads/STAR/full_grid_solar_opacity/runs/T159p733_rho5p11283em07/fac-opacity-cowan-state/starout.h5
159.7326233614858,7.347536163492159e-07,fac-opacity-cowan-state,T159p733_rho7p34754em07,0.3399581111586354,0.025688059987475143,0.343534608524163,0.003565935168388772,ok,/home/elads/STAR/full_grid_solar_opacity/runs/T159p733_rho7p34754em07/fac-opacity-cowan-state/starout.h5
159.7326233614858,1.0558981944335787e-06,fac-opacity-cowan-state,T159p733_rho1p0559em06,0.33995542151320995,0.03541002650782757,0.3449624336552994,0.004993076937517815,ok,/home/elads/STAR/full_grid_solar_opacity/runs/T159p733_rho1p0559em06/fac-opacity-cowan-state/starout.h5
159.7326233614858,1.517407974863493e-06,fac-opacity-cowan-state,T159p733_rho1p51741em06,0.33995242859083635,0.048400121171940785,0.3466332239806995,0.006662345721554757,ok,/home/elads/STAR/full_grid_solar_opacity/runs/T159p733_rho1p51741em06/fac-opacity-cowan-state/starout.h5
159.7326233614858,2.1806334875063253e-06,fac-opacity-cowan-state,T159p733_rho2p18063em06,0.3399489038980734,0.06610580443147698,0.3488632626856586,0.008891385898691876,ok,/home/elads/STAR/full_grid_solar_opacity/runs/T159p733_rho2p18063em06/fac-opacity-cowan-state/starout.h5
159.7326233614858,3.1337402238588983e-06,fac-opacity-cowan-state,T159p733_rho3p13374em06,0.33994457754451923,0.08931805030242586,0.35211642812951377,0.01214014931657681,ok,/home/elads/STAR/full_grid_solar_opacity/runs/T159p733_rho3p13374em06/fac-opacity-cowan-state/starout.h5
159.7326233614858,4.503428864545845e-06,fac-opacity-cowan-state,T159p733_rho4p50343em06,0.33993907993209765,0.11904825512086496,0.35546180932678373,0.01548268801189473,ok,/home/elads/STAR/full_grid_solar_opacity/runs/T159p733_rho4p50343em06/fac-opacity-cowan-state/starout.h5
159.7326233614858,6.471778159406801e-06,fac-opacity-cowan-state,T159p733_rho6p47178em06,0.339932097680037,0.15900008309026537,0.3611889910544336,0.02120627554493426,ok,/home/elads/STAR/full_grid_solar_opacity/runs/T159p733_rho6p47178em06/fac-opacity-cowan-state/starout.h5
159.7326233614858,9.300449458481393e-06,fac-opacity-cowan-state,T159p733_rho9p30045em06,0.33992326949391444,0.20674463670332238,0.36531365218625894,0.025332194109438756,ok,/home/elads/STAR/full_grid_solar_opacity/runs/T159p733_rho9p30045em06/fac-opacity-cowan-state/starout.h5
159.7326233614858,1.3365470508911143e-05,fac-opacity-cowan-state,T159p733_rho1p33655em05,0.33991158058388077,0.2659920387364784,0.37501009382755324,0.03501955556093741,ok,/home/elads/STAR/full_grid_solar_opacity/runs/T159p733_rho1p33655em05/fac-opacity-cowan-state/starout.h5
159.7326233614858,1.920722248123928e-05,fac-opacity-cowan-state,T159p733_rho1p92072em05,0.3398963633399311,0.3361151974361193,0.3829630383478257,0.04297408947863707,ok,/home/elads/STAR/full_grid_solar_opacity/runs/T159p733_rho1p92072em05/fac-opacity-cowan-state/starout.h5
159.7326233614858,2.760227522090268e-05,fac-opacity-cowan-state,T159p733_rho2p76023em05,0.339876286107694,0.4207256973279099,0.3933163731328367,0.05333125023823472,ok,/home/elads/STAR/full_grid_solar_opacity/runs/T159p733_rho2p76023em05/fac-opacity-cowan-state/starout.h5
159.7326233614858,3.966662010161191e-05,fac-opacity-cowan-state,T159p733_rho3p96666em05,0.3398489705709051,0.524265589437912,0.41190362325868485,0.07191879921175844,ok,/home/elads/STAR/full_grid_solar_opacity/runs/T159p733_rho3p96666em05/fac-opacity-cowan-state/starout.h5
159.7326233614858,5.7004023678963655e-05,fac-opacity-cowan-state,T159p733_rho5p7004em05,0.33981316989384425,0.6335316052411768,0.4200712231526182,0.08011278576133223,ok,/home/elads/STAR/full_grid_solar_opacity/runs/T159p733_rho5p7004em05/fac-opacity-cowan-state/starout.h5
159.7326233614858,8.191922344953684e-05,fac-opacity-cowan-state,T159p733_rho8p19192em05,0.33976219667821006,0.7671869613703497,0.43676944600792483,0.09683968742005526,ok,/home/elads/STAR/full_grid_solar_opacity/runs/T159p733_rho8p19192em05/fac-opacity-cowan-state/starout.h5
159.7326233614858,0.00011772430676769293,fac-opacity-cowan-state,T159p733_rho0p000117724,0.3396926476475144,0.9233081836653844,0.457970819956916,0.11808756665834547,ok,/home/elads/STAR/full_grid_solar_opacity/runs/T159p733_rho0p000117724/fac-opacity-cowan-state/starout.h5
159.7326233614858,0.00016917900122028344,fac-opacity-cowan-state,T159p733_rho0p000169179,0.33959638822522614,1.1055868339426123,0.4868255275295669,0.1470261214189077,ok,/home/elads/STAR/full_grid_solar_opacity/runs/T159p733_rho0p000169179/fac-opacity-cowan-state/starout.h5
159.7326233614858,0.0002431234061999784,fac-opacity-cowan-state,T159p733_rho0p000243123,0.339463245279797,1.31487570578068,0.5158708674702441,0.17617388528799338,ok,/home/elads/STAR/full_grid_solar_opacity/runs/T159p733_rho0p000243123/fac-opacity-cowan-state/starout.h5
159.7326233614858,0.0003493872774749123,fac-opacity-cowan-state,T159p733_rho0p000349387,0.3392779641386278,1.580314812151017,0.55979516188444,0.2202354259674794,ok,/home/elads/STAR/full_grid_solar_opacity/runs/T159p733_rho0p000349387/fac-opacity-cowan-state/starout.h5
159.7326233614858,0.0005020967399614471,fac-opacity-cowan-state,T159p733_rho0p000502097,0.3390217365341139,1.838502859133405,0.5879032958862386,0.24856587434213867,ok,/home/elads/STAR/full_grid_solar_opacity/runs/T159p733_rho0p000502097/fac-opacity-cowan-state/starout.h5
159.7326233614858,0.0007215521357901021,fac-opacity-cowan-state,T159p733_rho0p000721552,0.3386671531531788,2.1701830654831555,0.6503454351241658,0.31131499020654657,ok,/home/elads/STAR/full_grid_solar_opacity/runs/T159p733_rho0p000721552/fac-opacity-cowan-state/starout.h5
159.7326233614858,0.0010369266382873438,fac-opacity-cowan-state,T159p733_rho0p00103693,0.33817910493034314,2.5570218469797528,0.6839602086555612,0.3453016318368771,ok,/home/elads/STAR/full_grid_solar_opacity/runs/T159p733_rho0p00103693/fac-opacity-cowan-state/starout.h5
159.7326233614858,0.0014901443705277455,fac-opacity-cowan-state,T159p733_rho0p00149014,0.33750904435206713,3.0186811164607996,0.7824613620119177,0.4443460471164121,ok,/home/elads/STAR/full_grid_solar_opacity/runs/T159p733_rho0p00149014/fac-opacity-cowan-state/starout.h5
159.7326233614858,0.002141453563853953,fac-opacity-cowan-state,T159p733_rho0p00214145,0.33659702047286166,3.6944496912934675,0.8997718807895498,0.5624242691747899,ok,/home/elads/STAR/full_grid_solar_opacity/runs/T159p733_rho0p00214145/fac-opacity-cowan-state/starout.h5
159.7326233614858,0.003077435620898055,fac-opacity-cowan-state,T159p733_rho0p00307744,0.335362540755612,4.36869508657263,1.069804506234487,0.7334592240905903,ok,/home/elads/STAR/full_grid_solar_opacity/runs/T159p733_rho0p00307744/fac-opacity-cowan-state/starout.h5
159.7326233614858,0.004422514763163053,fac-opacity-cowan-state,T159p733_rho0p00442251,0.3337109027624574,5.340520582553713,1.3722456883879008,1.037465044116639,ok,/home/elads/STAR/full_grid_solar_opacity/runs/T159p733_rho0p00442251/fac-opacity-cowan-state/starout.h5
159.7326233614858,0.006355498291362301,fac-opacity-cowan-state,T159p733_rho0p0063555,0.33152848034112703,5.961181146319501,1.6280786204228779,1.294958660554167,ok,/home/elads/STAR/full_grid_solar_opacity/runs/T159p733_rho0p0063555/fac-opacity-cowan-state/starout.h5
159.7326233614858,0.009133346228248624,fac-opacity-cowan-state,T159p733_rho0p00913335,0.328684566750267,7.0859321981215455,1.6570235995885865,1.3261163946347143,ok,/home/elads/STAR/full_grid_solar_opacity/runs/T159p733_rho0p00913335/fac-opacity-cowan-state/starout.h5
159.7326233614858,0.01312533014735226,fac-opacity-cowan-state,T159p733_rho0p0131253,0.32503612666838677,9.690906834807238,2.255008046552563,1.9278748015005118,ok,/home/elads/STAR/full_grid_solar_opacity/runs/T159p733_rho0p0131253/fac-opacity-cowan-state/starout.h5
159.7326233614858,0.018862122071335155,fac-opacity-cowan-state,T159p733_rho0p0188621,0.3204440524367814,12.152080510483422,2.949994659285381,2.6269512994522244,ok,/home/elads/STAR/full_grid_solar_opacity/runs/T159p733_rho0p0188621/fac-opacity-cowan-state/starout.h5
159.7326233614858,0.02710633904364831,fac-opacity-cowan-state,T159p733_rho0p0271063,0.3147862186105688,14.86549251639299,4.173449965227323,3.8552838617167846,ok,/home/elads/STAR/full_grid_solar_opacity/runs/T159p733_rho0p0271063/fac-opacity-cowan-state/starout.h5
159.7326233614858,0.038953921174427183,fac-opacity-cowan-state,T159p733_rho0p0389539,0.3079869290113755,19.192371730709187,4.95915059089048,4.647883434990313,ok,/home/elads/STAR/full_grid_solar_opacity/runs/T159p733_rho0p0389539/fac-opacity-cowan-state/starout.h5
159.7326233614858,0.0559798197912329,fac-opacity-cowan-state,T159p733_rho0p0559798,0.3000457781807095,24.84199063274024,6.614717950977778,6.308049193934502,ok,/home/elads/STAR/full_grid_solar_opacity/runs/T159p733_rho0p0559798/fac-opacity-cowan-state/starout.h5
159.7326233614858,0.08044736266284185,fac-opacity-cowan-state,T159p733_rho0p0804474,0.2910255363097417,32.15647245992208,6.12123168054863,5.820570086210793,ok,/home/elads/STAR/full_grid_solar_opacity/runs/T159p733_rho0p0804474/fac-opacity-cowan-state/starout.h5
159.7326233614858,0.11560912813835741,fac-opacity-cowan-state,T159p733_rho0p115609,0.2811362560309242,43.53950580093497,7.929755511131019,7.638755576171615,ok,/home/elads/STAR/full_grid_solar_opacity/runs/T159p733_rho0p115609/fac-opacity-cowan-state/starout.h5
159.7326233614858,0.1661393247274789,fac-opacity-cowan-state,T159p733_rho0p166139,0.2706793213153495,60.14598408625065,10.1942473275037,9.907142556136902,ok,/home/elads/STAR/full_grid_solar_opacity/runs/T159p733_rho0p166139/fac-opacity-cowan-state/starout.h5
159.7326233614858,0.23875515424585794,fac-opacity-cowan-state,T159p733_rho0p238755,0.2600608371848603,81.43269207223096,10.588466028071398,10.310727456557746,ok,/home/elads/STAR/full_grid_solar_opacity/runs/T159p733_rho0p238755/fac-opacity-cowan-state/starout.h5
159.7326233614858,0.34310975906798746,fac-opacity-cowan-state,T159p733_rho0p34311,0.2495689203618774,113.20466454478616,14.5210287453956,14.253051764866596,ok,/home/elads/STAR/full_grid_solar_opacity/runs/T159p733_rho0p34311/fac-opacity-cowan-state/starout.h5
159.7326233614858,0.49307545690287347,fac-opacity-cowan-state,T159p733_rho0p493075,0.2398901641327047,155.46400054676084,15.546030643882995,15.284330792914556,ok,/home/elads/STAR/full_grid_solar_opacity/runs/T159p733_rho0p493075/fac-opacity-cowan-state/starout.h5
159.7326233614858,0.7085878491488851,fac-opacity-cowan-state,T159p733_rho0p708588,0.231353609189515,215.26995687387665,16.72943243914861,16.4745765833907,ok,/home/elads/STAR/full_grid_solar_opacity/runs/T159p733_rho0p708588/fac-opacity-cowan-state/starout.h5
159.7326233614858,1.0182959482819007,fac-opacity-cowan-state,T159p733_rho1p0183,0.22435968043610824,298.58448368345626,22.683929585169494,22.440508476643036,ok,/home/elads/STAR/full_grid_solar_opacity/runs/T159p733_rho1p0183/fac-opacity-cowan-state/starout.h5
159.7326233614858,1.4633706173946401,fac-opacity-cowan-state,T159p733_rho1p46337,0.21922865324079777,411.21192365232776,22.22000645369867,21.981419857355505,ok,/home/elads/STAR/full_grid_solar_opacity/runs/T159p733_rho1p46337/fac-opacity-cowan-state/starout.h5
159.7326233614858,2.1029775945461404,fac-opacity-cowan-state,T159p733_rho2p10298,0.21628534906367847,563.4172738510687,25.93187091785235,25.699327543852064,ok,/home/elads/STAR/full_grid_solar_opacity/runs/T159p733_rho2p10298/fac-opacity-cowan-state/starout.h5
159.7326233614858,3.0221426551783854,fac-opacity-cowan-state,T159p733_rho3p02214,0.21583600802655437,764.8752953513708,31.305293577416034,31.076334169661404,ok,/home/elads/STAR/full_grid_solar_opacity/runs/T159p733_rho3p02214/fac-opacity-cowan-state/starout.h5
159.7326233614858,4.343054463316713,fac-opacity-cowan-state,T159p733_rho4p34305,0.21821342112838538,1025.028424099442,38.484840689289236,38.25667889515012,ok,/home/elads/STAR/full_grid_solar_opacity/runs/T159p733_rho4p34305/fac-opacity-cowan-state/starout.h5
159.7326233614858,6.241307649397467,fac-opacity-cowan-state,T159p733_rho6p24131,0.22358658795578418,1344.9942136383215,46.824493531709685,46.59378526550143,ok,/home/elads/STAR/full_grid_solar_opacity/runs/T159p733_rho6p24131/fac-opacity-cowan-state/starout.h5
159.7326233614858,8.969245378672715,fac-opacity-cowan-state,T159p733_rho8p96925,0.23233513054514918,1727.6559422378932,56.762520174723626,56.52561131850282,ok,/home/elads/STAR/full_grid_solar_opacity/runs/T159p733_rho8p96925/fac-opacity-cowan-state/starout.h5
159.7326233614858,12.889504440725364,fac-opacity-cowan-state,T159p733_rho12p8895,0.24445500153469368,2142.1625788093907,71.88872089271675,71.64157115867668,ok,/home/elads/STAR/full_grid_solar_opacity/runs/T159p733_rho12p8895/fac-opacity-cowan-state/starout.h5
159.7326233614858,18.52322215674118,fac-opacity-cowan-state,T159p733_rho18p5232,0.2596789192312221,2547.769594754818,94.427104706147,94.16615454996243,ok,/home/elads/STAR/full_grid_solar_opacity/runs/T159p733_rho18p5232/fac-opacity-cowan-state/starout.h5
159.7326233614858,26.61931346126126,fac-opacity-cowan-state,T159p733_rho26p6193,0.27744280733416715,2879.1364334365944,121.77514083407536,121.49744228212334,ok,/home/elads/STAR/full_grid_solar_opacity/runs/T159p733_rho26p6193/fac-opacity-cowan-state/starout.h5
159.7326233614858,38.254027466328665,fac-opacity-cowan-state,T159p733_rho38p254,0.296384259766098,3139.9044259903067,156.6884969625361,156.39250655265639,ok,/home/elads/STAR/full_grid_solar_opacity/runs/T159p733_rho38p254/fac-opacity-cowan-state/starout.h5
159.7326233614858,54.97401800103719,fac-opacity-cowan-state,T159p733_rho54p974,0.31509914767810865,3647.7291304055766,189.88866091404813,189.5743255525889,ok,/home/elads/STAR/full_grid_solar_opacity/runs/T159p733_rho54p974/fac-opacity-cowan-state/starout.h5
159.7326233614858,79.0019471240894,fac-opacity-cowan-state,T159p733_rho79p0019,0.3326017169028481,4129.971834415417,217.824001306508,217.49233897656555,ok,/home/elads/STAR/full_grid_solar_opacity/runs/T159p733_rho79p0019/fac-opacity-cowan-state/starout.h5
159.7326233614858,113.53195339077567,fac-opacity-cowan-state,T159p733_rho113p532,0.34898580125889184,4378.335233011102,237.46401143406433,237.11605413938065,ok,/home/elads/STAR/full_grid_solar_opacity/runs/T159p733_rho113p532/fac-opacity-cowan-state/starout.h5
159.7326233614858,163.15426277379785,fac-opacity-cowan-state,T159p733_rho163p154,0.3650571066508332,4234.046295389086,263.17850477709663,262.81461811225756,ok,/home/elads/STAR/full_grid_solar_opacity/runs/T159p733_rho163p154/fac-opacity-cowan-state/starout.h5
159.7326233614858,234.46538763970608,fac-opacity-cowan-state,T159p733_rho234p465,0.38309890385759665,3670.545652174556,334.5555837432256,334.17390385819266,ok,/home/elads/STAR/full_grid_solar_opacity/runs/T159p733_rho234p465/fac-opacity-cowan-state/starout.h5
159.7326233614858,336.94503022121665,fac-opacity-cowan-state,T159p733_rho336p945,0.40491404499283196,2828.424156912278,503.6902752258802,503.28694290326035,ok,/home/elads/STAR/full_grid_solar_opacity/runs/T159p733_rho336p945/fac-opacity-cowan-state/starout.h5
159.7326233614858,484.21626123015125,fac-opacity-cowan-state,T159p733_rho484p216,0.43230100409613814,1928.6986945343294,707.1235573678163,706.6925812182764,ok,/home/elads/STAR/full_grid_solar_opacity/runs/T159p733_rho484p216/fac-opacity-cowan-state/starout.h5
159.7326233614858,695.8564947100452,fac-opacity-cowan-state,T159p733_rho695p856,0.4665540995964715,1229.3862057290494,706.9108636686892,706.4452178379402,ok,/home/elads/STAR/full_grid_solar_opacity/runs/T159p733_rho695p856/fac-opacity-cowan-state/starout.h5
159.7326233614858,1000.0,fac-opacity-cowan-state,T159p733_rho1000,0.5085124920229408,870.5386647353328,612.868795330205,612.3609977292526,ok,/home/elads/STAR/full_grid_solar_opacity/runs/T159p733_rho1000/fac-opacity-cowan-state/starout.h5
175.8466171540101,1e-17,fac-opacity-cowan-state,T175p847_rho1em17,0.3399363554284943,4.302632069300987e-11,0.3399363556595616,2.265686433887178e-10,ok,/home/elads/STAR/full_grid_solar_opacity/runs/T175p847_rho1em17/fac-opacity-cowan-state/starout.h5
175.8466171540101,1.4370779141993746e-17,fac-opacity-cowan-state,T175p847_rho1p43708em17,0.3399363554313948,4.302732813238293e-11,0.3399363556624627,2.26569016829716e-10,ok,/home/elads/STAR/full_grid_solar_opacity/runs/T175p847_rho1p43708em17/fac-opacity-cowan-state/starout.h5
175.8466171540101,2.065192931479625e-17,fac-opacity-cowan-state,T175p847_rho2p06519em17,0.33993635543460277,4.302877576139571e-11,0.3399363556656712,2.2656955328467097e-10,ok,/home/elads/STAR/full_grid_solar_opacity/runs/T175p847_rho2p06519em17/fac-opacity-cowan-state/starout.h5
175.8466171540101,2.9678431503900313e-17,fac-opacity-cowan-state,T175p847_rho2p96784em17,0.3399363554379279,4.303085622926907e-11,0.3399363556689969,2.265703255668954e-10,ok,/home/elads/STAR/full_grid_solar_opacity/runs/T175p847_rho2p96784em17/fac-opacity-cowan-state/starout.h5
175.8466171540101,4.2650218442334076e-17,fac-opacity-cowan-state,T175p847_rho4p26502em17,0.33993635544187356,4.3033846186177705e-11,0.3399363556729437,2.2657143688293876e-10,ok,/home/elads/STAR/full_grid_solar_opacity/runs/T175p847_rho4p26502em17/fac-opacity-cowan-state/starout.h5
175.8466171540101,6.129168695925715e-17,fac-opacity-cowan-state,T175p847_rho6p12917em17,0.3399363554460135,4.303814312056194e-11,0.33993635567708524,2.265730348493465e-10,ok,/home/elads/STAR/full_grid_solar_opacity/runs/T175p847_rho6p12917em17/fac-opacity-cowan-state/starout.h5
175.8466171540101,8.808092965317026e-17,fac-opacity-cowan-state,T175p847_rho8p80809em17,0.33993635545017803,4.304431846550931e-11,0.3399363556812523,2.2657533298407413e-10,ok,/home/elads/STAR/full_grid_solar_opacity/runs/T175p847_rho8p80809em17/fac-opacity-cowan-state/starout.h5
175.8466171540101,1.2657915866672028e-16,fac-opacity-cowan-state,T175p847_rho1p26579em16,0.3399363554546621,4.3053193077045913e-11,0.3399363556857392,2.26578636899595e-10,ok,/home/elads/STAR/full_grid_solar_opacity/runs/T175p847_rho1p26579em16/fac-opacity-cowan-state/starout.h5
175.8466171540101,1.819041133178821e-16,fac-opacity-cowan-state,T175p847_rho1p81904em16,0.33993635546033707,4.3065946764862646e-11,0.3399363556914191,2.2658338725621718e-10,ok,/home/elads/STAR/full_grid_solar_opacity/runs/T175p847_rho1p81904em16/fac-opacity-cowan-state/starout.h5
175.8466171540101,2.6141038375114865e-16,fac-opacity-cowan-state,T175p847_rho2p6141em16,0.3399363554632399,4.3084304925244526e-11,0.33993635569432856,2.2659026055972343e-10,ok,/home/elads/STAR/full_grid_solar_opacity/runs/T175p847_rho2p6141em16/fac-opacity-cowan-state/starout.h5
175.8466171540101,3.7566708903116036e-16,fac-opacity-cowan-state,T175p847_rho3p75667em16,0.3399363550660589,4.31107652129489e-11,0.3399363552971579,2.2660030974966344e-10,ok,/home/elads/STAR/full_grid_solar_opacity/runs/T175p847_rho3p75667em16/fac-opacity-cowan-state/starout.h5
175.8466171540101,5.398628767382507e-16,fac-opacity-cowan-state,T175p847_rho5p39863em16,0.3399363553287371,4.6857490067185133e-11,0.3399363555821301,2.4848694813204854e-10,ok,/home/elads/STAR/full_grid_solar_opacity/runs/T175p847_rho5p39863em16/fac-opacity-cowan-state/starout.h5
175.8466171540101,7.758250168566793e-16,fac-opacity-cowan-state,T175p847_rho7p75825em16,0.33993635415198764,6.671308632586389e-11,0.33993635450146037,3.4270448862939534e-10,ok,/home/elads/STAR/full_grid_solar_opacity/runs/T175p847_rho7p75825em16/fac-opacity-cowan-state/starout.h5
175.8466171540101,1.1149209970080914e-15,fac-opacity-cowan-state,T175p847_rho1p11492em15,0.3399363543094544,9.522554341695509e-11,0.33993635480388934,4.848853803253816e-10,ok,/home/elads/STAR/full_grid_solar_opacity/runs/T175p847_rho1p11492em15/fac-opacity-cowan-state/starout.h5
175.8466171540101,1.6022283408774753e-15,fac-opacity-cowan-state,T175p847_rho1p60223em15,0.3399363534850157,1.361475746975015e-10,0.3399363541486692,6.508371575815233e-10,ok,/home/elads/STAR/full_grid_solar_opacity/runs/T175p847_rho1p60223em15/fac-opacity-cowan-state/starout.h5
175.8466171540101,2.3025269621793266e-15,fac-opacity-cowan-state,T175p847_rho2p30253em15,0.3399363523220807,1.9484152587995093e-10,0.3399363532279717,8.884820179547535e-10,ok,/home/elads/STAR/full_grid_solar_opacity/runs/T175p847_rho2p30253em15/fac-opacity-cowan-state/starout.h5
175.8466171540101,3.308910644196489e-15,fac-opacity-cowan-state,T175p847_rho3p30891em15,0.33993635065555106,3.148787991432511e-10,0.33993635199930194,1.3192396160219042e-09,ok,/home/elads/STAR/full_grid_solar_opacity/runs/T175p847_rho3p30891em15/fac-opacity-cowan-state/starout.h5
175.8466171540101,4.755162406834019e-15,fac-opacity-cowan-state,T175p847_rho4p75516em15,0.33993635045641907,4.5061375264266407e-10,0.3399363522001411,1.7120765062207362e-09,ok,/home/elads/STAR/full_grid_solar_opacity/runs/T175p847_rho4p75516em15/fac-opacity-cowan-state/starout.h5
175.8466171540101,6.8335388732923106e-15,fac-opacity-cowan-state,T175p847_rho6p83354em15,0.3399363463801947,6.44960352771386e-10,0.33993634876326545,2.340876490793159e-09,ok,/home/elads/STAR/full_grid_solar_opacity/runs/T175p847_rho6p83354em15/fac-opacity-cowan-state/starout.h5
175.8466171540101,9.820327790631256e-15,fac-opacity-cowan-state,T175p847_rho9p82033em15,0.33993634171699927,9.220493863710865e-10,0.3399363447458281,2.97575378046424e-09,ok,/home/elads/STAR/full_grid_solar_opacity/runs/T175p847_rho9p82033em15/fac-opacity-cowan-state/starout.h5
175.8466171540101,1.4112576178114521e-14,fac-opacity-cowan-state,T175p847_rho1p41126em14,0.33993633566314946,1.316084648014172e-09,0.3399363394824037,3.752918886092501e-09,ok,/home/elads/STAR/full_grid_solar_opacity/runs/T175p847_rho1p41126em14/fac-opacity-cowan-state/starout.h5
175.8466171540101,2.0280871538024598e-14,fac-opacity-cowan-state,T175p847_rho2p02809em14,0.33993631663421975,1.8743485349421594e-09,0.33993632156219517,4.844353206554919e-09,ok,/home/elads/STAR/full_grid_solar_opacity/runs/T175p847_rho2p02809em14/fac-opacity-cowan-state/starout.h5
175.8466171540101,2.914519256800997e-14,fac-opacity-cowan-state,T175p847_rho2p91452em14,0.3399363086027412,2.6577694011780717e-09,0.33993631510539657,6.39516051701362e-09,ok,/home/elads/STAR/full_grid_solar_opacity/runs/T175p847_rho2p91452em14/fac-opacity-cowan-state/starout.h5
175.8466171540101,4.188391254457488e-14,fac-opacity-cowan-state,T175p847_rho4p18839em14,0.3399362903216859,3.749250523607642e-09,0.33993629848517193,8.030525092973481e-09,ok,/home/elads/STAR/full_grid_solar_opacity/runs/T175p847_rho4p18839em14/fac-opacity-cowan-state/starout.h5
175.8466171540101,6.019044567806669e-14,fac-opacity-cowan-state,T175p847_rho6p01904em14,0.3399362668680228,5.250889714771353e-09,0.33993627805868065,1.101443265272251e-08,ok,/home/elads/STAR/full_grid_solar_opacity/runs/T175p847_rho6p01904em14/fac-opacity-cowan-state/starout.h5
175.8466171540101,8.649836012976684e-14,fac-opacity-cowan-state,T175p847_rho8p64984em14,0.33993623855462207,7.29674271540548e-09,0.3399362530082881,1.4229148523592072e-08,ok,/home/elads/STAR/full_grid_solar_opacity/runs/T175p847_rho8p64984em14/fac-opacity-cowan-state/starout.h5
175.8466171540101,1.2430488295695167e-13,fac-opacity-cowan-state,T175p847_rho1p24305em13,0.3399362051229959,1.0033784759116836e-08,0.33993622480922464,1.9387663930101352e-08,ok,/home/elads/STAR/full_grid_solar_opacity/runs/T175p847_rho1p24305em13/fac-opacity-cowan-state/starout.h5
175.8466171540101,1.7863580192457348e-13,fac-opacity-cowan-state,T175p847_rho1p78636em13,0.3399361642637052,1.3654202072606117e-08,0.33993619072696796,2.606632147870969e-08,ok,/home/elads/STAR/full_grid_solar_opacity/runs/T175p847_rho1p78636em13/fac-opacity-cowan-state/starout.h5
175.8466171540101,2.567135656310987e-13,fac-opacity-cowan-state,T175p847_rho2p56714em13,0.3399361242446843,1.829990466434988e-08,0.3399361586099332,3.385506945408193e-08,ok,/home/elads/STAR/full_grid_solar_opacity/runs/T175p847_rho2p56714em13/fac-opacity-cowan-state/starout.h5
175.8466171540101,3.6891739544382357e-13,fac-opacity-cowan-state,T175p847_rho3p68917em13,0.33993606796892106,2.540216715625742e-08,0.3399361176818314,4.901123347463256e-08,ok,/home/elads/STAR/full_grid_solar_opacity/runs/T175p847_rho3p68917em13/fac-opacity-cowan-state/starout.h5
175.8466171540101,5.301630411562758e-13,fac-opacity-cowan-state,T175p847_rho5p30163em13,0.33993602249186816,3.348013655941491e-08,0.3399360889816424,6.557089254079281e-08,ok,/home/elads/STAR/full_grid_solar_opacity/runs/T175p847_rho5p30163em13/fac-opacity-cowan-state/starout.h5
175.8466171540101,7.618855973704612e-13,fac-opacity-cowan-state,T175p847_rho7p61886em13,0.33993596937776793,4.388265556826952e-08,0.3399360576528194,8.707673456975207e-08,ok,/home/elads/STAR/full_grid_solar_opacity/runs/T175p847_rho7p61886em13/fac-opacity-cowan-state/starout.h5
175.8466171540101,1.0948889651276868e-12,fac-opacity-cowan-state,T175p847_rho1p09489em12,0.33993591340990564,5.75140956108249e-08,0.33993602788010796,1.1294247865607386e-07,ok,/home/elads/STAR/full_grid_solar_opacity/runs/T175p847_rho1p09489em12/fac-opacity-cowan-state/starout.h5
175.8466171540101,1.5734407502856082e-12,fac-opacity-cowan-state,T175p847_rho1p57344em12,0.3399358265616606,7.770141383660424e-08,0.339935987395634,1.5877801168061107e-07,ok,/home/elads/STAR/full_grid_solar_opacity/runs/T175p847_rho1p57344em12/fac-opacity-cowan-state/starout.h5
175.8466171540101,2.26115695153675e-12,fac-opacity-cowan-state,T175p847_rho2p26116em12,0.33993579973025634,1.0403369313345497e-07,0.33993600188890455,1.996194444230015e-07,ok,/home/elads/STAR/full_grid_solar_opacity/runs/T175p847_rho2p26116em12/fac-opacity-cowan-state/starout.h5
175.8466171540101,3.249458715591849e-12,fac-opacity-cowan-state,T175p847_rho3p24946em12,0.3398260724199187,1.389630578066449e-07,0.3398263421644589,2.6645532382772075e-07,ok,/home/elads/STAR/full_grid_solar_opacity/runs/T175p847_rho3p24946em12/fac-opacity-cowan-state/starout.h5
175.8466171540101,4.669725353279713e-12,fac-opacity-cowan-state,T175p847_rho4p66973em12,0.33982601266512125,1.8636520623035508e-07,0.3398263809555309,3.639228833660048e-07,ok,/home/elads/STAR/full_grid_solar_opacity/runs/T175p847_rho4p66973em12/fac-opacity-cowan-state/starout.h5
175.8466171540101,6.710759170575148e-12,fac-opacity-cowan-state,T175p847_rho6p71076em12,0.33982595026051987,2.5099702660333974e-07,0.3398264137199063,4.580656978178256e-07,ok,/home/elads/STAR/full_grid_solar_opacity/runs/T175p847_rho6p71076em12/fac-opacity-cowan-state/starout.h5
175.8466171540101,9.64388379154446e-12,fac-opacity-cowan-state,T175p847_rho9p64388em12,0.33982588161210786,3.781687130916534e-07,0.3398267158488225,8.267927963627984e-07,ok,/home/elads/STAR/full_grid_solar_opacity/runs/T175p847_rho9p64388em12/fac-opacity-cowan-state/starout.h5
175.8466171540101,1.3859012403933867e-11,fac-opacity-cowan-state,T175p847_rho1p3859em11,0.3398258138852174,5.348580957257804e-07,0.33982689256878584,1.0695399713256273e-06,ok,/home/elads/STAR/full_grid_solar_opacity/runs/T175p847_rho1p3859em11/fac-opacity-cowan-state/starout.h5
175.8466171540101,1.9916480638308542e-11,fac-opacity-cowan-state,T175p847_rho1p99165em11,0.3398257374439094,7.82679903508273e-07,0.339827456332463,1.7063959535515069e-06,ok,/home/elads/STAR/full_grid_solar_opacity/runs/T175p847_rho1p99165em11/fac-opacity-cowan-state/starout.h5
175.8466171540101,2.8621534453892672e-11,fac-opacity-cowan-state,T175p847_rho2p86215em11,0.33982565999570724,1.0763570512492351e-06,0.3398279411911704,2.2653278741577356e-06,ok,/home/elads/STAR/full_grid_solar_opacity/runs/T175p847_rho2p86215em11/fac-opacity-cowan-state/starout.h5
175.8466171540101,4.1131375034185614e-11,fac-opacity-cowan-state,T175p847_rho4p11314em11,0.3398255687028596,1.4830532309058511e-06,0.3398286328588335,3.0439874666878734e-06,ok,/home/elads/STAR/full_grid_solar_opacity/runs/T175p847_rho4p11314em11/fac-opacity-cowan-state/starout.h5
175.8466171540101,5.910899064227969e-11,fac-opacity-cowan-state,T175p847_rho5p9109em11,0.33982549577215254,2.049759976652868e-06,0.33982964036436536,4.118949740536363e-06,ok,/home/elads/STAR/full_grid_solar_opacity/runs/T175p847_rho5p9109em11/fac-opacity-cowan-state/starout.h5
175.8466171540101,8.4944224982638e-11,fac-opacity-cowan-state,T175p847_rho8p49442em11,0.3398253995052848,2.8291973025031233e-06,0.3398308786254315,5.447240409435885e-06,ok,/home/elads/STAR/full_grid_solar_opacity/runs/T175p847_rho8p49442em11/fac-opacity-cowan-state/starout.h5
175.8466171540101,1.2207146966133182e-10,fac-opacity-cowan-state,T175p847_rho1p22071em10,0.33982531655254183,3.91189402750224e-06,0.33983288217558855,7.525041616925321e-06,ok,/home/elads/STAR/full_grid_solar_opacity/runs/T175p847_rho1p22071em10/fac-opacity-cowan-state/starout.h5
175.8466171540101,1.7542621300415897e-10,fac-opacity-cowan-state,T175p847_rho1p75426em10,0.33982522214235067,5.408743799194204e-06,0.339835181982174,9.910581754452245e-06,ok,/home/elads/STAR/full_grid_solar_opacity/runs/T175p847_rho1p75426em10/fac-opacity-cowan-state/starout.h5
175.8466171540101,2.52101136279913e-10,fac-opacity-cowan-state,T175p847_rho2p52101em10,0.3398251252693799,7.496124598181571e-06,0.3398384827208295,1.3296167773836229e-05,ok,/home/elads/STAR/full_grid_solar_opacity/runs/T175p847_rho2p52101em10/fac-opacity-cowan-state/starout.h5
175.8466171540101,3.6228897509242966e-10,fac-opacity-cowan-state,T175p847_rho3p62289em10,0.3398250231458038,1.0424838554564452e-05,0.3398433443744986,1.824400774771923e-05,ok,/home/elads/STAR/full_grid_solar_opacity/runs/T175p847_rho3p62289em10/fac-opacity-cowan-state/starout.h5
175.8466171540101,5.20637484663258e-10,fac-opacity-cowan-state,T175p847_rho5p20637em10,0.33982491370677204,1.4553130548668495e-05,0.33984967277296707,2.4661035958349416e-05,ok,/home/elads/STAR/full_grid_solar_opacity/runs/T175p847_rho5p20637em10/fac-opacity-cowan-state/starout.h5
175.8466171540101,7.481966305138837e-10,fac-opacity-cowan-state,T175p847_rho7p48197em10,0.3398247917735655,2.0577228846526093e-05,0.33985824109165297,3.332394764618022e-05,ok,/home/elads/STAR/full_grid_solar_opacity/runs/T175p847_rho7p48197em10/fac-opacity-cowan-state/starout.h5
175.8466171540101,1.0752168531898921e-09,fac-opacity-cowan-state,T175p847_rho1p07522em09,0.3398246537688136,2.8928406197498934e-05,0.339870082926026,4.527033910361332e-05,ok,/home/elads/STAR/full_grid_solar_opacity/runs/T175p847_rho1p07522em09/fac-opacity-cowan-state/starout.h5
175.8466171540101,1.5451703926941453e-09,fac-opacity-cowan-state,T175p847_rho1p54517em09,0.33982449937132947,4.0630095751387324e-05,0.33988642035161676,6.171495174769208e-05,ok,/home/elads/STAR/full_grid_solar_opacity/runs/T175p847_rho1p54517em09/fac-opacity-cowan-state/starout.h5
175.8466171540101,2.220530245015531e-09,fac-opacity-cowan-state,T175p847_rho2p22053em09,0.33982428877211923,5.741958878913469e-05,0.3398997154465771,7.517433887531736e-05,ok,/home/elads/STAR/full_grid_solar_opacity/runs/T175p847_rho2p22053em09/fac-opacity-cowan-state/starout.h5
175.8466171540101,3.1910749729235452e-09,fac-opacity-cowan-state,T175p847_rho3p19107em09,0.33982406200823445,8.035832064502924e-05,0.3399328688108953,0.00010846910671071,ok,/home/elads/STAR/full_grid_solar_opacity/runs/T175p847_rho3p19107em09/fac-opacity-cowan-state/starout.h5
175.8466171540101,4.585823366142813e-09,fac-opacity-cowan-state,T175p847_rho4p58582em09,0.33982377645492506,0.0001123607210474404,0.3399605885480263,0.000136394773838789,ok,/home/elads/STAR/full_grid_solar_opacity/runs/T175p847_rho4p58582em09/fac-opacity-cowan-state/starout.h5
175.8466171540101,6.590185477903269e-09,fac-opacity-cowan-state,T175p847_rho6p59019em09,0.33982344361984906,0.0001564578656368103,0.3400011853432567,0.00017720559831891822,ok,/home/elads/STAR/full_grid_solar_opacity/runs/T175p847_rho6p59019em09/fac-opacity-cowan-state/starout.h5
175.8466171540101,9.470610000772238e-09,fac-opacity-cowan-state,T175p847_rho9p47061em09,0.33982298431447955,0.00021756116824107755,0.3400440724698776,0.00022042659935033143,ok,/home/elads/STAR/full_grid_solar_opacity/runs/T175p847_rho9p47061em09/fac-opacity-cowan-state/starout.h5
175.8466171540101,1.3610004466105506e-08,fac-opacity-cowan-state,T175p847_rho1p361em08,0.33982247108122104,0.0003191940007045562,0.34010183069528815,0.0002785332908799149,ok,/home/elads/STAR/full_grid_solar_opacity/runs/T175p847_rho1p361em08/fac-opacity-cowan-state/starout.h5
175.8466171540101,1.9558636830395073e-08,fac-opacity-cowan-state,T175p847_rho1p95586em08,0.33982195306452473,0.0004444385964346543,0.34015936275374387,0.0003364099495775712,ok,/home/elads/STAR/full_grid_solar_opacity/runs/T175p847_rho1p95586em08/fac-opacity-cowan-state/starout.h5
175.8466171540101,2.810728502080722e-08,fac-opacity-cowan-state,T175p847_rho2p81073em08,0.33982147150061587,0.0006091363476884232,0.3402173970359986,0.0003947242274033799,ok,/home/elads/STAR/full_grid_solar_opacity/runs/T175p847_rho2p81073em08/fac-opacity-cowan-state/starout.h5
175.8466171540101,4.039235853150913e-08,fac-opacity-cowan-state,T175p847_rho4p03924em08,0.33982084092473236,0.0008383977366702797,0.3402941681098007,0.00047188142675962027,ok,/home/elads/STAR/full_grid_solar_opacity/runs/T175p847_rho4p03924em08/fac-opacity-cowan-state/starout.h5
175.8466171540101,5.804696634805446e-08,fac-opacity-cowan-state,T175p847_rho5p8047em08,0.3398200766775242,0.0011574728058846775,0.3403658383546209,0.0005440816199997584,ok,/home/elads/STAR/full_grid_solar_opacity/runs/T175p847_rho5p8047em08/fac-opacity-cowan-state/starout.h5
175.8466171540101,8.341801332506338e-08,fac-opacity-cowan-state,T175p847_rho8p3418em08,0.3398193363366774,0.0016120705331041593,0.3404696269396249,0.0006483093446412251,ok,/home/elads/STAR/full_grid_solar_opacity/runs/T175p847_rho8p3418em08/fac-opacity-cowan-state/starout.h5
175.8466171540101,1.1987818459583772e-07,fac-opacity-cowan-state,T175p847_rho1p19878em07,0.33981857131441096,0.002195662343278021,0.3405743350314248,0.0007533639404129921,ok,/home/elads/STAR/full_grid_solar_opacity/runs/T175p847_rho1p19878em07/fac-opacity-cowan-state/starout.h5
175.8466171540101,1.7227429147699408e-07,fac-opacity-cowan-state,T175p847_rho1p72274em07,0.3398180351087296,0.0030400580282863767,0.3407163142713844,0.0008954056632360779,ok,/home/elads/STAR/full_grid_solar_opacity/runs/T175p847_rho1p72274em07/fac-opacity-cowan-state/starout.h5
175.8466171540101,2.4757157946593376e-07,fac-opacity-cowan-state,T175p847_rho2p47572em07,0.33981697889456014,0.004226385827535345,0.34090836039421907,0.0010878913543262152,ok,/home/elads/STAR/full_grid_solar_opacity/runs/T175p847_rho2p47572em07/fac-opacity-cowan-state/starout.h5
175.8466171540101,3.557796490339488e-07,fac-opacity-cowan-state,T175p847_rho3p5578em07,0.3398157705220121,0.005926962858438453,0.341112440657307,0.001292699561904951,ok,/home/elads/STAR/full_grid_solar_opacity/runs/T175p847_rho3p5578em07/fac-opacity-cowan-state/starout.h5
175.8466171540101,5.112830759482948e-07,fac-opacity-cowan-state,T175p847_rho5p11283em07,0.339814404910624,0.008187625309890909,0.3414188429319108,0.0015995341526300513,ok,/home/elads/STAR/full_grid_solar_opacity/runs/T175p847_rho5p11283em07/fac-opacity-cowan-state/starout.h5
175.8466171540101,7.347536163492159e-07,fac-opacity-cowan-state,T175p847_rho7p34754em07,0.33981277542069094,0.01135990655043663,0.34185292136993006,0.002033945115028767,ok,/home/elads/STAR/full_grid_solar_opacity/runs/T175p847_rho7p34754em07/fac-opacity-cowan-state/starout.h5
175.8466171540101,1.0558981944335787e-06,fac-opacity-cowan-state,T175p847_rho1p0559em06,0.33981070175818184,0.015813759085141058,0.3424264096997467,0.0026081237438904874,ok,/home/elads/STAR/full_grid_solar_opacity/runs/T175p847_rho1p0559em06/fac-opacity-cowan-state/starout.h5
175.8466171540101,1.517407974863493e-06,fac-opacity-cowan-state,T175p847_rho1p51741em06,0.33980845582102204,0.021863725566228873,0.3431243150602276,0.003306495636767516,ok,/home/elads/STAR/full_grid_solar_opacity/runs/T175p847_rho1p51741em06/fac-opacity-cowan-state/starout.h5
175.8466171540101,2.1806334875063253e-06,fac-opacity-cowan-state,T175p847_rho2p18063em06,0.3398058175615207,0.03036447362368247,0.3441544366805776,0.00433742467288596,ok,/home/elads/STAR/full_grid_solar_opacity/runs/T175p847_rho2p18063em06/fac-opacity-cowan-state/starout.h5
175.8466171540101,3.1337402238588983e-06,fac-opacity-cowan-state,T175p847_rho3p13374em06,0.3398024387997517,0.04178273767743671,0.3458059624247959,0.005988131813672491,ok,/home/elads/STAR/full_grid_solar_opacity/runs/T175p847_rho3p13374em06/fac-opacity-cowan-state/starout.h5
175.8466171540101,4.503428864545845e-06,fac-opacity-cowan-state,T175p847_rho4p50343em06,0.3397982810865033,0.05691058723056408,0.3475597774165126,0.007742565261888817,ok,/home/elads/STAR/full_grid_solar_opacity/runs/T175p847_rho4p50343em06/fac-opacity-cowan-state/starout.h5
175.8466171540101,6.471778159406801e-06,fac-opacity-cowan-state,T175p847_rho6p47178em06,0.3397928823327024,0.07868972231684206,0.35133434864617374,0.011515843976855905,ok,/home/elads/STAR/full_grid_solar_opacity/runs/T175p847_rho6p47178em06/fac-opacity-cowan-state/starout.h5
175.8466171540101,9.300449458481393e-06,fac-opacity-cowan-state,T175p847_rho9p30045em06,0.33978619040460395,0.10601374043012092,0.35419019354316283,0.014372625995910058,ok,/home/elads/STAR/full_grid_solar_opacity/runs/T175p847_rho9p30045em06/fac-opacity-cowan-state/starout.h5
175.8466171540101,1.3365470508911143e-05,fac-opacity-cowan-state,T175p847_rho1p33655em05,0.3397773457864208,0.14247256537241632,0.36007944633292444,0.02025813889344325,ok,/home/elads/STAR/full_grid_solar_opacity/runs/T175p847_rho1p33655em05/fac-opacity-cowan-state/starout.h5
175.8466171540101,1.920722248123928e-05,fac-opacity-cowan-state,T175p847_rho1p92072em05,0.3397655957816894,0.18902805117833416,0.36632505024637163,0.026502328110371898,ok,/home/elads/STAR/full_grid_solar_opacity/runs/T175p847_rho1p92072em05/fac-opacity-cowan-state/starout.h5
175.8466171540101,2.760227522090268e-05,fac-opacity-cowan-state,T175p847_rho2p76023em05,0.3397502960433154,0.24893054686680668,0.3733669940168615,0.03354670400322159,ok,/home/elads/STAR/full_grid_solar_opacity/runs/T175p847_rho2p76023em05/fac-opacity-cowan-state/starout.h5
175.8466171540101,3.966662010161191e-05,fac-opacity-cowan-state,T175p847_rho3p96666em05,0.3397292359730808,0.32670637857572343,0.3879282096223125,0.04810753631888991,ok,/home/elads/STAR/full_grid_solar_opacity/runs/T175p847_rho3p96666em05/fac-opacity-cowan-state/starout.h5
175.8466171540101,5.7004023678963655e-05,fac-opacity-cowan-state,T175p847_rho5p7004em05,0.33970179480249774,0.4130806355918898,0.3955007057200426,0.055695698356708984,ok,/home/elads/STAR/full_grid_solar_opacity/runs/T175p847_rho5p7004em05/fac-opacity-cowan-state/starout.h5
175.8466171540101,8.191922344953684e-05,fac-opacity-cowan-state,T175p847_rho8p19192em05,0.339662872591711,0.5220072476094567,0.4100606094180662,0.07026989073635141,ok,/home/elads/STAR/full_grid_solar_opacity/runs/T175p847_rho8p19192em05/fac-opacity-cowan-state/starout.h5
175.8466171540101,0.00011772430676769293,fac-opacity-cowan-state,T175p847_rho0p000117724,0.33960871741111637,0.6503817481563829,0.43114832541197357,0.09138336540801924,ok,/home/elads/STAR/full_grid_solar_opacity/runs/T175p847_rho0p000117724/fac-opacity-cowan-state/starout.h5
175.8466171540101,0.00016917900122028344,fac-opacity-cowan-state,T175p847_rho0p000169179,0.33953530722293257,0.804287884896463,0.45733806416031636,0.11762516747953777,ok,/home/elads/STAR/full_grid_solar_opacity/runs/T175p847_rho0p000169179/fac-opacity-cowan-state/starout.h5
175.8466171540101,0.0002431234061999784,fac-opacity-cowan-state,T175p847_rho0p000243123,0.33943250127053903,0.9802810398813023,0.4864212138612614,0.1467865591877868,ok,/home/elads/STAR/full_grid_solar_opacity/runs/T175p847_rho0p000243123/fac-opacity-cowan-state/starout.h5
175.8466171540101,0.0003493872774749123,fac-opacity-cowan-state,T175p847_rho0p000349387,0.3392898852101212,1.1965852345605394,0.5284061066730104,0.1888676272775141,ok,/home/elads/STAR/full_grid_solar_opacity/runs/T175p847_rho0p000349387/fac-opacity-cowan-state/starout.h5
175.8466171540101,0.0005020967399614471,fac-opacity-cowan-state,T175p847_rho0p000502097,0.3390925148581171,1.4130905296361351,0.5505880910624946,0.2112191989332487,ok,/home/elads/STAR/full_grid_solar_opacity/runs/T175p847_rho0p000502097/fac-opacity-cowan-state/starout.h5
175.8466171540101,0.0007215521357901021,fac-opacity-cowan-state,T175p847_rho0p000721552,0.3388187981521594,1.6812124871803291,0.6045242663912411,0.26539039701001566,ok,/home/elads/STAR/full_grid_solar_opacity/runs/T175p847_rho0p000721552/fac-opacity-cowan-state/starout.h5
175.8466171540101,0.0010369266382873438,fac-opacity-cowan-state,T175p847_rho0p00103693,0.3384406769023802,1.9915143825439645,0.6501855032434686,0.3113547819748688,ok,/home/elads/STAR/full_grid_solar_opacity/runs/T175p847_rho0p00103693/fac-opacity-cowan-state/starout.h5
175.8466171540101,0.0014901443705277455,fac-opacity-cowan-state,T175p847_rho0p00149014,0.3379196402860811,2.3360188351175912,0.6949911598820635,0.35659735963865735,ok,/home/elads/STAR/full_grid_solar_opacity/runs/T175p847_rho0p00149014/fac-opacity-cowan-state/starout.h5
175.8466171540101,0.002141453563853953,fac-opacity-cowan-state,T175p847_rho0p00214145,0.3372067782736748,2.920864312409636,0.8373841601531492,0.49961219377353533,ok,/home/elads/STAR/full_grid_solar_opacity/runs/T175p847_rho0p00214145/fac-opacity-cowan-state/starout.h5
175.8466171540101,0.003077435620898055,fac-opacity-cowan-state,T175p847_rho0p00307744,0.33623563391370265,3.498587746761178,0.9916780742846468,0.6547264378662285,ok,/home/elads/STAR/full_grid_solar_opacity/runs/T175p847_rho0p00307744/fac-opacity-cowan-state/starout.h5
175.8466171540101,0.004422514763163053,fac-opacity-cowan-state,T175p847_rho0p00442251,0.3349255379833969,4.177844856619139,1.1557953424191472,0.8200543370207725,ok,/home/elads/STAR/full_grid_solar_opacity/runs/T175p847_rho0p00442251/fac-opacity-cowan-state/starout.h5
175.8466171540101,0.006355498291362301,fac-opacity-cowan-state,T175p847_rho0p0063555,0.33317811288180915,4.777406434352647,1.3746060050062716,1.0402799871232185,ok,/home/elads/STAR/full_grid_solar_opacity/runs/T175p847_rho0p0063555/fac-opacity-cowan-state/starout.h5
175.8466171540101,0.009133346228248624,fac-opacity-cowan-state,T175p847_rho0p00913335,0.33087603975449725,5.62898034676239,1.3767664681731113,1.0442358863190948,ok,/home/elads/STAR/full_grid_solar_opacity/runs/T175p847_rho0p00913335/fac-opacity-cowan-state/starout.h5
175.8466171540101,0.01312533014735226,fac-opacity-cowan-state,T175p847_rho0p0131253,0.32788522864312847,7.338815219032842,1.9645715319533552,1.6352307535860273,ok,/home/elads/STAR/full_grid_solar_opacity/runs/T175p847_rho0p0131253/fac-opacity-cowan-state/starout.h5
175.8466171540101,0.018862122071335155,fac-opacity-cowan-state,T175p847_rho0p0188621,0.3240635757718236,8.645384765489903,2.105667362051489,1.779062718180801,ok,/home/elads/STAR/full_grid_solar_opacity/runs/T175p847_rho0p0188621/fac-opacity-cowan-state/starout.h5
175.8466171540101,0.02710633904364831,fac-opacity-cowan-state,T175p847_rho0p0271063,0.3192732442284423,11.932176184537987,3.199082216647275,2.87802395520576,ok,/home/elads/STAR/full_grid_solar_opacity/runs/T175p847_rho0p0271063/fac-opacity-cowan-state/starout.h5
175.8466171540101,0.038953921174427183,fac-opacity-cowan-state,T175p847_rho0p0389539,0.3134002050904842,13.890092243556637,3.5729295207731044,3.255255839358531,ok,/home/elads/STAR/full_grid_solar_opacity/runs/T175p847_rho0p0389539/fac-opacity-cowan-state/starout.h5
175.8466171540101,0.0559798197912329,fac-opacity-cowan-state,T175p847_rho0p0559798,0.30638685678232247,20.184684980087887,5.9899347819774595,5.680938917851592,ok,/home/elads/STAR/full_grid_solar_opacity/runs/T175p847_rho0p0559798/fac-opacity-cowan-state/starout.h5
175.8466171540101,0.08044736266284185,fac-opacity-cowan-state,T175p847_rho0p0804474,0.29823057633611305,24.193670079504166,5.733046928372181,5.427230406096901,ok,/home/elads/STAR/full_grid_solar_opacity/runs/T175p847_rho0p0804474/fac-opacity-cowan-state/starout.h5
175.8466171540101,0.11560912813835741,fac-opacity-cowan-state,T175p847_rho0p115609,0.2890466143470244,33.128654351353006,6.657096772887869,6.359032936541932,ok,/home/elads/STAR/full_grid_solar_opacity/runs/T175p847_rho0p115609/fac-opacity-cowan-state/starout.h5
175.8466171540101,0.1661393247274789,fac-opacity-cowan-state,T175p847_rho0p166139,0.2790468143384438,45.606091712526805,9.785590269727056,9.497971006817126,ok,/home/elads/STAR/full_grid_solar_opacity/runs/T175p847_rho0p166139/fac-opacity-cowan-state/starout.h5
175.8466171540101,0.23875515424585794,fac-opacity-cowan-state,T175p847_rho0p238755,0.26858183613246445,59.59418937269704,8.325074082331334,8.038354120500346,ok,/home/elads/STAR/full_grid_solar_opacity/runs/T175p847_rho0p238755/fac-opacity-cowan-state/starout.h5
175.8466171540101,0.34310975906798746,fac-opacity-cowan-state,T175p847_rho0p34311,0.25792057135985474,81.83830796904267,10.852161842373757,10.57667756626613,ok,/home/elads/STAR/full_grid_solar_opacity/runs/T175p847_rho0p34311/fac-opacity-cowan-state/starout.h5
175.8466171540101,0.49307545690287347,fac-opacity-cowan-state,T175p847_rho0p493075,0.24772958473670972,114.14034673909238,13.212763194749348,12.945246525687327,ok,/home/elads/STAR/full_grid_solar_opacity/runs/T175p847_rho0p493075/fac-opacity-cowan-state/starout.h5
175.8466171540101,0.7085878491488851,fac-opacity-cowan-state,T175p847_rho0p708588,0.23838775374293245,157.73112849939633,17.064545350352372,16.806686992166796,ok,/home/elads/STAR/full_grid_solar_opacity/runs/T175p847_rho0p708588/fac-opacity-cowan-state/starout.h5
175.8466171540101,1.0182959482819007,fac-opacity-cowan-state,T175p847_rho1p0183,0.23032305075075443,216.8886086528727,14.163936862292896,13.909133502211834,ok,/home/elads/STAR/full_grid_solar_opacity/runs/T175p847_rho1p0183/fac-opacity-cowan-state/starout.h5
175.8466171540101,1.4633706173946401,fac-opacity-cowan-state,T175p847_rho1p46337,0.22394080229940294,300.00185613433604,20.090880715937363,19.847592305252675,ok,/home/elads/STAR/full_grid_solar_opacity/runs/T175p847_rho1p46337/fac-opacity-cowan-state/starout.h5
175.8466171540101,2.1029775945461404,fac-opacity-cowan-state,T175p847_rho2p10298,0.21960220522481905,412.17963978492924,22.02227779786664,21.785311560680395,ok,/home/elads/STAR/full_grid_solar_opacity/runs/T175p847_rho2p10298/fac-opacity-cowan-state/starout.h5
175.8466171540101,3.0221426551783854,fac-opacity-cowan-state,T175p847_rho3p02214,0.2176514257827872,562.1222281522702,23.94720438701556,23.714374254719452,ok,/home/elads/STAR/full_grid_solar_opacity/runs/T175p847_rho3p02214/fac-opacity-cowan-state/starout.h5
175.8466171540101,4.343054463316713,fac-opacity-cowan-state,T175p847_rho4p34305,0.21844655452624612,759.0815167947405,27.394990555641215,27.16431254131913,ok,/home/elads/STAR/full_grid_solar_opacity/runs/T175p847_rho4p34305/fac-opacity-cowan-state/starout.h5
175.8466171540101,6.241307649397467,fac-opacity-cowan-state,T175p847_rho6p24131,0.2221869678946263,1006.5102402912993,33.78734189923105,33.55627279799685,ok,/home/elads/STAR/full_grid_solar_opacity/runs/T175p847_rho6p24131/fac-opacity-cowan-state/starout.h5
175.8466171540101,8.969245378672715,fac-opacity-cowan-state,T175p847_rho8p96925,0.22924345664682336,1308.4558972258048,41.388831458232914,41.15364452470178,ok,/home/elads/STAR/full_grid_solar_opacity/runs/T175p847_rho8p96925/fac-opacity-cowan-state/starout.h5
175.8466171540101,12.889504440725364,fac-opacity-cowan-state,T175p847_rho12p8895,0.23979131795847985,1650.728406210586,52.94846485213601,52.704996247234874,ok,/home/elads/STAR/full_grid_solar_opacity/runs/T175p847_rho12p8895/fac-opacity-cowan-state/starout.h5
175.8466171540101,18.52322215674118,fac-opacity-cowan-state,T175p847_rho18p5232,0.2536763285336438,2006.9776975940806,69.82478665593291,69.56915455498701,ok,/home/elads/STAR/full_grid_solar_opacity/runs/T175p847_rho18p5232/fac-opacity-cowan-state/starout.h5
175.8466171540101,26.61931346126126,fac-opacity-cowan-state,T175p847_rho26p6193,0.2704105493470536,2331.8358050823017,91.21691962472599,90.94582752371805,ok,/home/elads/STAR/full_grid_solar_opacity/runs/T175p847_rho26p6193/fac-opacity-cowan-state/starout.h5
175.8466171540101,38.254027466328665,fac-opacity-cowan-state,T175p847_rho38p254,0.2889427178618931,2567.0831975085666,118.71958404625404,118.43080904585347,ok,/home/elads/STAR/full_grid_solar_opacity/runs/T175p847_rho38p254/fac-opacity-cowan-state/starout.h5
175.8466171540101,54.97401800103719,fac-opacity-cowan-state,T175p847_rho54p974,0.30782247404604474,2874.4655686810247,146.55477104468056,146.24764305612834,ok,/home/elads/STAR/full_grid_solar_opacity/runs/T175p847_rho54p974/fac-opacity-cowan-state/starout.h5
175.8466171540101,79.0019471240894,fac-opacity-cowan-state,T175p847_rho79p0019,0.3258084975744118,3285.694435995576,172.23472088131845,171.90989197497126,ok,/home/elads/STAR/full_grid_solar_opacity/runs/T175p847_rho79p0019/fac-opacity-cowan-state/starout.h5
175.8466171540101,113.53195339077567,fac-opacity-cowan-state,T175p847_rho113p532,0.3424625630936271,3603.3894831114967,191.39053954733373,191.04917919479314,ok,/home/elads/STAR/full_grid_solar_opacity/runs/T175p847_rho113p532/fac-opacity-cowan-state/starout.h5
175.8466171540101,163.15426277379785,fac-opacity-cowan-state,T175p847_rho163p154,0.3584680972296383,3656.7776300782043,207.02845745948784,206.67118779365123,ok,/home/elads/STAR/full_grid_solar_opacity/runs/T175p847_rho163p154/fac-opacity-cowan-state/starout.h5
175.8466171540101,234.46538763970608,fac-opacity-cowan-state,T175p847_rho234p465,0.37550897511733466,3362.138101791876,240.7333419796138,240.35924572842032,ok,/home/elads/STAR/full_grid_solar_opacity/runs/T175p847_rho234p465/fac-opacity-cowan-state/starout.h5
175.8466171540101,336.94503022121665,fac-opacity-cowan-state,T175p847_rho336p945,0.3956041484053168,2769.471941584629,332.90471346835295,332.510793667486,ok,/home/elads/STAR/full_grid_solar_opacity/runs/T175p847_rho336p945/fac-opacity-cowan-state/starout.h5
175.8466171540101,484.21626123015125,fac-opacity-cowan-state,T175p847_rho484p216,0.42056696981034053,2035.9988929933777,507.7539397108003,507.3350519825033,ok,/home/elads/STAR/full_grid_solar_opacity/runs/T175p847_rho484p216/fac-opacity-cowan-state/starout.h5
175.8466171540101,695.8564947100452,fac-opacity-cowan-state,T175p847_rho695p856,0.45201669734023714,1339.6305954450438,614.4700270143467,614.0192536336895,ok,/home/elads/STAR/full_grid_solar_opacity/runs/T175p847_rho695p856/fac-opacity-cowan-state/starout.h5
175.8466171540101,1000.0,fac-opacity-cowan-state,T175p847_rho1000,0.4908344809943097,838.1789220450163,538.5902968438888,538.1003450517438,ok,/home/elads/STAR/full_grid_solar_opacity/runs/T175p847_rho1000/fac-opacity-cowan-state/starout.h5
193.58620746201822,1e-17,fac-opacity-cowan-state,T193p586_rho1em17,0.3397797258219187,4.328211200007201e-11,0.3397797258872103,6.404746092185131e-11,ok,/home/elads/STAR/full_grid_solar_opacity/runs/T193p586_rho1em17/fac-opacity-cowan-state/starout.h5
193.58620746201822,1.4370779141993746e-17,fac-opacity-cowan-state,T193p586_rho1p43708em17,0.33977972582229476,4.328282897568322e-11,0.33977972588758665,6.404772601455473e-11,ok,/home/elads/STAR/full_grid_solar_opacity/runs/T193p586_rho1p43708em17/fac-opacity-cowan-state/starout.h5
193.58620746201822,2.065192931479625e-17,fac-opacity-cowan-state,T193p586_rho2p06519em17,0.3397797258227189,4.328385938835758e-11,0.3397797258880112,6.404810816623305e-11,ok,/home/elads/STAR/full_grid_solar_opacity/runs/T193p586_rho2p06519em17/fac-opacity-cowan-state/starout.h5
193.58620746201822,2.9678431503900313e-17,fac-opacity-cowan-state,T193p586_rho2p96784em17,0.33977972582318694,4.328534006046638e-11,0.3397797258884798,6.404865710226957e-11,ok,/home/elads/STAR/full_grid_solar_opacity/runs/T193p586_rho2p96784em17/fac-opacity-cowan-state/starout.h5
193.58620746201822,4.2650218442334076e-17,fac-opacity-cowan-state,T193p586_rho4p26502em17,0.3397797258239771,4.328746793851816e-11,0.3397797258892709,6.404944804625799e-11,ok,/home/elads/STAR/full_grid_solar_opacity/runs/T193p586_rho4p26502em17/fac-opacity-cowan-state/starout.h5
193.58620746201822,6.129168695925715e-17,fac-opacity-cowan-state,T193p586_rho6p12917em17,0.33977972582395044,4.329052624852538e-11,0.33977972588924527,6.405058441976383e-11,ok,/home/elads/STAR/full_grid_solar_opacity/runs/T193p586_rho6p12917em17/fac-opacity-cowan-state/starout.h5
193.58620746201822,8.808092965317026e-17,fac-opacity-cowan-state,T193p586_rho8p80809em17,0.3397797258242445,4.329492148783761e-11,0.3397797258895408,6.405221766408095e-11,ok,/home/elads/STAR/full_grid_solar_opacity/runs/T193p586_rho8p80809em17/fac-opacity-cowan-state/starout.h5
193.58620746201822,1.2657915866672028e-16,fac-opacity-cowan-state,T193p586_rho1p26579em16,0.3397797258252244,4.3301237816942816e-11,0.33977972589052313,6.405456856574465e-11,ok,/home/elads/STAR/full_grid_solar_opacity/runs/T193p586_rho1p26579em16/fac-opacity-cowan-state/starout.h5
193.58620746201822,1.819041133178821e-16,fac-opacity-cowan-state,T193p586_rho1p81904em16,0.33977972585254446,4.331031484907986e-11,0.3397797259178467,6.40579442402953e-11,ok,/home/elads/STAR/full_grid_solar_opacity/runs/T193p586_rho1p81904em16/fac-opacity-cowan-state/starout.h5
193.58620746201822,2.6141038375114865e-16,fac-opacity-cowan-state,T193p586_rho2p6141em16,0.3397797258267274,4.3323358803779924e-11,0.3397797258920344,6.406282418621914e-11,ok,/home/elads/STAR/full_grid_solar_opacity/runs/T193p586_rho2p6141em16/fac-opacity-cowan-state/starout.h5
193.58620746201822,3.7566708903116036e-16,fac-opacity-cowan-state,T193p586_rho3p75667em16,0.3397797258277637,4.334210469126877e-11,0.33977972589307764,6.406979401055065e-11,ok,/home/elads/STAR/full_grid_solar_opacity/runs/T193p586_rho3p75667em16/fac-opacity-cowan-state/starout.h5
193.58620746201822,5.398628767382507e-16,fac-opacity-cowan-state,T193p586_rho5p39863em16,0.33977972582603255,4.4485960622414896e-11,0.33977972589784106,7.044838467858886e-11,ok,/home/elads/STAR/full_grid_solar_opacity/runs/T193p586_rho5p39863em16/fac-opacity-cowan-state/starout.h5
193.58620746201822,7.758250168566793e-16,fac-opacity-cowan-state,T193p586_rho7p75825em16,0.33977972141471663,5.039149918044849e-11,0.3397797215177448,1.0107782605260711e-10,ok,/home/elads/STAR/full_grid_solar_opacity/runs/T193p586_rho7p75825em16/fac-opacity-cowan-state/starout.h5
193.58620746201822,1.1149209970080914e-15,fac-opacity-cowan-state,T193p586_rho1p11492em15,0.3397797124748473,5.887640399742425e-11,0.3397797126217131,1.4408436203271094e-10,ok,/home/elads/STAR/full_grid_solar_opacity/runs/T193p586_rho1p11492em15/fac-opacity-cowan-state/starout.h5
193.58620746201822,1.6022283408774753e-15,fac-opacity-cowan-state,T193p586_rho1p60223em15,0.3397797067092892,7.106541413759739e-11,0.3397797069222449,2.0893800097838299e-10,ok,/home/elads/STAR/full_grid_solar_opacity/runs/T193p586_rho1p60223em15/fac-opacity-cowan-state/starout.h5
193.58620746201822,2.3025269621793266e-15,fac-opacity-cowan-state,T193p586_rho2p30253em15,0.3397797026431655,8.85746197976489e-11,0.3397797029438438,2.9501189665765476e-10,ok,/home/elads/STAR/full_grid_solar_opacity/runs/T193p586_rho2p30253em15/fac-opacity-cowan-state/starout.h5
193.58620746201822,3.308910644196489e-15,fac-opacity-cowan-state,T193p586_rho3p30891em15,0.33977969981523426,1.1373053893847478e-10,0.33977970024045123,4.171813802119607e-10,ok,/home/elads/STAR/full_grid_solar_opacity/runs/T193p586_rho3p30891em15/fac-opacity-cowan-state/starout.h5
193.58620746201822,4.755162406834019e-15,fac-opacity-cowan-state,T193p586_rho4p75516em15,0.3397796977378995,1.4988200580897917e-10,0.33977969835115995,6.017128636613296e-10,ok,/home/elads/STAR/full_grid_solar_opacity/runs/T193p586_rho4p75516em15/fac-opacity-cowan-state/starout.h5
193.58620746201822,6.8335388732923106e-15,fac-opacity-cowan-state,T193p586_rho6p83354em15,0.3397796962495908,2.018545496002015e-10,0.3397796971233257,8.572861146819323e-10,ok,/home/elads/STAR/full_grid_solar_opacity/runs/T193p586_rho6p83354em15/fac-opacity-cowan-state/starout.h5
193.58620746201822,9.820327790631256e-15,fac-opacity-cowan-state,T193p586_rho9p82033em15,0.33977969502922933,2.7648595926034584e-10,0.3397796962683562,1.2158350298379894e-09,ok,/home/elads/STAR/full_grid_solar_opacity/runs/T193p586_rho9p82033em15/fac-opacity-cowan-state/starout.h5
193.58620746201822,1.4112576178114521e-14,fac-opacity-cowan-state,T193p586_rho1p41126em14,0.3397796948650818,3.8370642371021207e-10,0.33977969659755936,1.6998633099545758e-09,ok,/home/elads/STAR/full_grid_solar_opacity/runs/T193p586_rho1p41126em14/fac-opacity-cowan-state/starout.h5
193.58620746201822,2.0280871538024598e-14,fac-opacity-cowan-state,T193p586_rho2p02809em14,0.33977969304285544,5.376668184966104e-10,0.3397796954796789,2.391148660290585e-09,ok,/home/elads/STAR/full_grid_solar_opacity/runs/T193p586_rho2p02809em14/fac-opacity-cowan-state/starout.h5
193.58620746201822,2.914519256800997e-14,fac-opacity-cowan-state,T193p586_rho2p91452em14,0.3397796921502544,8.781778007915304e-10,0.3397796959391636,3.721850425315067e-09,ok,/home/elads/STAR/full_grid_solar_opacity/runs/T193p586_rho2p91452em14/fac-opacity-cowan-state/starout.h5
193.58620746201822,4.188391254457488e-14,fac-opacity-cowan-state,T193p586_rho4p18839em14,0.3397796909432622,1.2475320493313719e-09,0.3397796961786643,5.143471519162377e-09,ok,/home/elads/STAR/full_grid_solar_opacity/runs/T193p586_rho4p18839em14/fac-opacity-cowan-state/starout.h5
193.58620746201822,6.019044567806669e-14,fac-opacity-cowan-state,T193p586_rho6p01904em14,0.33977968393737373,1.7771568565569527e-09,0.33977969093589505,6.8761917444200254e-09,ok,/home/elads/STAR/full_grid_solar_opacity/runs/T193p586_rho6p01904em14/fac-opacity-cowan-state/starout.h5
193.58620746201822,8.649836012976684e-14,fac-opacity-cowan-state,T193p586_rho8p64984em14,0.3397796869403937,2.5358625535514718e-09,0.3397796963955135,9.292009727824823e-09,ok,/home/elads/STAR/full_grid_solar_opacity/runs/T193p586_rho8p64984em14/fac-opacity-cowan-state/starout.h5
193.58620746201822,1.2430488295695167e-13,fac-opacity-cowan-state,T193p586_rho1p24305em13,0.3397796834714494,3.621214256477054e-09,0.3397796959454065,1.22611938329418e-08,ok,/home/elads/STAR/full_grid_solar_opacity/runs/T193p586_rho1p24305em13/fac-opacity-cowan-state/starout.h5
193.58620746201822,1.7863580192457348e-13,fac-opacity-cowan-state,T193p586_rho1p78636em13,0.33977967927054603,5.1708565944817344e-09,0.33977969533674224,1.579468940533788e-08,ok,/home/elads/STAR/full_grid_solar_opacity/runs/T193p586_rho1p78636em13/fac-opacity-cowan-state/starout.h5
193.58620746201822,2.567135656310987e-13,fac-opacity-cowan-state,T193p586_rho2p56714em13,0.3397796730042239,7.377204863524808e-09,0.3397796936632214,2.0314583578760225e-08,ok,/home/elads/STAR/full_grid_solar_opacity/runs/T193p586_rho2p56714em13/fac-opacity-cowan-state/starout.h5
193.58620746201822,3.6891739544382357e-13,fac-opacity-cowan-state,T193p586_rho3p68917em13,0.33977966216265304,1.0504726794644117e-08,0.339779688729829,2.6132713164463564e-08,ok,/home/elads/STAR/full_grid_solar_opacity/runs/T193p586_rho3p68917em13/fac-opacity-cowan-state/starout.h5
193.58620746201822,5.301630411562758e-13,fac-opacity-cowan-state,T193p586_rho5p30163em13,0.3397796515696043,1.4913869675707075e-08,0.33977968592760155,3.380662886030831e-08,ok,/home/elads/STAR/full_grid_solar_opacity/runs/T193p586_rho5p30163em13/fac-opacity-cowan-state/starout.h5
193.58620746201822,7.618855973704612e-13,fac-opacity-cowan-state,T193p586_rho7p61886em13,0.3397796347123719,2.108546428033415e-08,0.3397796778259038,4.243224175121031e-08,ok,/home/elads/STAR/full_grid_solar_opacity/runs/T193p586_rho7p61886em13/fac-opacity-cowan-state/starout.h5
193.58620746201822,1.0948889651276868e-12,fac-opacity-cowan-state,T193p586_rho1p09489em12,0.3397796128467849,2.963974826411482e-08,0.33977967443467094,6.065874391062423e-08,ok,/home/elads/STAR/full_grid_solar_opacity/runs/T193p586_rho1p09489em12/fac-opacity-cowan-state/starout.h5
193.58620746201822,1.5734407502856082e-12,fac-opacity-cowan-state,T193p586_rho1p57344em12,0.33977958513162654,4.13591344760498e-08,0.3397796619048967,7.562936952093159e-08,ok,/home/elads/STAR/full_grid_solar_opacity/runs/T193p586_rho1p57344em12/fac-opacity-cowan-state/starout.h5
193.58620746201822,2.26115695153675e-12,fac-opacity-cowan-state,T193p586_rho2p26116em12,0.33977955250567377,6.004565010608938e-08,0.3397796643952375,1.1030116756360912e-07,ok,/home/elads/STAR/full_grid_solar_opacity/runs/T193p586_rho2p26116em12/fac-opacity-cowan-state/starout.h5
193.58620746201822,3.249458715591849e-12,fac-opacity-cowan-state,T193p586_rho3p24946em12,0.339658838411372,8.235398403383005e-08,0.3396589936990754,1.5314345226375e-07,ok,/home/elads/STAR/full_grid_solar_opacity/runs/T193p586_rho3p24946em12/fac-opacity-cowan-state/starout.h5
193.58620746201822,4.669725353279713e-12,fac-opacity-cowan-state,T193p586_rho4p66973em12,0.3396587857187922,1.1348445120516467e-07,0.33965898718278315,1.9870975086474928e-07,ok,/home/elads/STAR/full_grid_solar_opacity/runs/T193p586_rho4p66973em12/fac-opacity-cowan-state/starout.h5
193.58620746201822,6.710759170575148e-12,fac-opacity-cowan-state,T193p586_rho6p71076em12,0.3396587403158962,1.5335323676084255e-07,0.3396590193561731,2.753531205105875e-07,ok,/home/elads/STAR/full_grid_solar_opacity/runs/T193p586_rho6p71076em12/fac-opacity-cowan-state/starout.h5
193.58620746201822,9.64388379154446e-12,fac-opacity-cowan-state,T193p586_rho9p64388em12,0.33965869101454704,2.0617673546173502e-07,0.33965908080146673,3.847876892078925e-07,ok,/home/elads/STAR/full_grid_solar_opacity/runs/T193p586_rho9p64388em12/fac-opacity-cowan-state/starout.h5
193.58620746201822,1.3859012403933867e-11,fac-opacity-cowan-state,T193p586_rho1p3859em11,0.33965863552792885,2.7419548128398847e-07,0.33965912608383864,4.843552509275917e-07,ok,/home/elads/STAR/full_grid_solar_opacity/runs/T193p586_rho1p3859em11/fac-opacity-cowan-state/starout.h5
193.58620746201822,1.9916480638308542e-11,fac-opacity-cowan-state,T193p586_rho1p99165em11,0.33965857587617754,3.637710897425032e-07,0.3396592332793626,6.493303652704319e-07,ok,/home/elads/STAR/full_grid_solar_opacity/runs/T193p586_rho1p99165em11/fac-opacity-cowan-state/starout.h5
193.58620746201822,2.8621534453892672e-11,fac-opacity-cowan-state,T193p586_rho2p86215em11,0.33965851674195113,5.281858730826123e-07,0.339659597717145,1.0702945356501786e-06,ok,/home/elads/STAR/full_grid_solar_opacity/runs/T193p586_rho2p86215em11/fac-opacity-cowan-state/starout.h5
193.58620746201822,4.1131375034185614e-11,fac-opacity-cowan-state,T193p586_rho4p11314em11,0.33965845453716575,7.319323629617237e-07,0.3396599049548846,1.4367670793011874e-06,ok,/home/elads/STAR/full_grid_solar_opacity/runs/T193p586_rho4p11314em11/fac-opacity-cowan-state/starout.h5
193.58620746201822,5.910899064227969e-11,fac-opacity-cowan-state,T193p586_rho5p9109em11,0.3396583901785179,1.0394240901065158e-06,0.3396601496220532,1.7425251121771037e-06,ok,/home/elads/STAR/full_grid_solar_opacity/runs/T193p586_rho5p9109em11/fac-opacity-cowan-state/starout.h5
193.58620746201822,8.4944224982638e-11,fac-opacity-cowan-state,T193p586_rho8p49442em11,0.33965832381277766,1.4325644156265005e-06,0.3396612193830869,2.873199119063138e-06,ok,/home/elads/STAR/full_grid_solar_opacity/runs/T193p586_rho8p49442em11/fac-opacity-cowan-state/starout.h5
193.58620746201822,1.2207146966133182e-10,fac-opacity-cowan-state,T193p586_rho1p22071em10,0.3396582550921267,1.960460875068647e-06,0.33966206069960303,3.7774431765776692e-06,ok,/home/elads/STAR/full_grid_solar_opacity/runs/T193p586_rho1p22071em10/fac-opacity-cowan-state/starout.h5
193.58620746201822,1.7542621300415897e-10,fac-opacity-cowan-state,T193p586_rho1p75426em10,0.33965817762450323,2.686525786470633e-06,0.3396633034854193,5.090272736266417e-06,ok,/home/elads/STAR/full_grid_solar_opacity/runs/T193p586_rho1p75426em10/fac-opacity-cowan-state/starout.h5
193.58620746201822,2.52101136279913e-10,fac-opacity-cowan-state,T193p586_rho2p52101em10,0.339658096646871,3.6930217918382103e-06,0.3396649324357538,6.7910290972270225e-06,ok,/home/elads/STAR/full_grid_solar_opacity/runs/T193p586_rho2p52101em10/fac-opacity-cowan-state/starout.h5
193.58620746201822,3.6228897509242966e-10,fac-opacity-cowan-state,T193p586_rho3p62289em10,0.3396580116571674,5.091598942557107e-06,0.33966724751446853,9.179218636762616e-06,ok,/home/elads/STAR/full_grid_solar_opacity/runs/T193p586_rho3p62289em10/fac-opacity-cowan-state/starout.h5
193.58620746201822,5.20637484663258e-10,fac-opacity-cowan-state,T193p586_rho5p20637em10,0.33965792172801257,7.033643968235347e-06,0.3396701465333335,1.2154493675690497e-05,ok,/home/elads/STAR/full_grid_solar_opacity/runs/T193p586_rho5p20637em10/fac-opacity-cowan-state/starout.h5
193.58620746201822,7.481966305138837e-10,fac-opacity-cowan-state,T193p586_rho7p48197em10,0.33965782791460886,9.755412661063453e-06,0.3396740010233098,1.6086420762374756e-05,ok,/home/elads/STAR/full_grid_solar_opacity/runs/T193p586_rho7p48197em10/fac-opacity-cowan-state/starout.h5
193.58620746201822,1.0752168531898921e-09,fac-opacity-cowan-state,T193p586_rho1p07522em09,0.33965772252100657,1.3546915138141955e-05,0.33967920330706064,2.1373534770895542e-05,ok,/home/elads/STAR/full_grid_solar_opacity/runs/T193p586_rho1p07522em09/fac-opacity-cowan-state/starout.h5
193.58620746201822,1.5451703926941453e-09,fac-opacity-cowan-state,T193p586_rho1p54517em09,0.33965762124844556,1.8928966693713094e-05,0.3396867900553029,2.9037282132103118e-05,ok,/home/elads/STAR/full_grid_solar_opacity/runs/T193p586_rho1p54517em09/fac-opacity-cowan-state/starout.h5
193.58620746201822,2.220530245015531e-09,fac-opacity-cowan-state,T193p586_rho2p22053em09,0.3396575099584734,2.6371064192542824e-05,0.33969618158957077,3.850961863819088e-05,ok,/home/elads/STAR/full_grid_solar_opacity/runs/T193p586_rho2p22053em09/fac-opacity-cowan-state/starout.h5
193.58620746201822,3.1910749729235452e-09,fac-opacity-cowan-state,T193p586_rho3p19107em09,0.33965739099442244,3.662316119992683e-05,0.33970942378251956,5.183293793476059e-05,ok,/home/elads/STAR/full_grid_solar_opacity/runs/T193p586_rho3p19107em09/fac-opacity-cowan-state/starout.h5
193.58620746201822,4.585823366142813e-09,fac-opacity-cowan-state,T193p586_rho4p58582em09,0.3396572606561451,5.077764724648117e-05,0.33972713151363754,6.961850247785084e-05,ok,/home/elads/STAR/full_grid_solar_opacity/runs/T193p586_rho4p58582em09/fac-opacity-cowan-state/starout.h5
193.58620746201822,6.590185477903269e-09,fac-opacity-cowan-state,T193p586_rho6p59019em09,0.3396571180267195,7.065986970590666e-05,0.3397484773885362,9.104763115756402e-05,ok,/home/elads/STAR/full_grid_solar_opacity/runs/T193p586_rho6p59019em09/fac-opacity-cowan-state/starout.h5
193.58620746201822,9.470610000772238e-09,fac-opacity-cowan-state,T193p586_rho9p47061em09,0.3396569483079677,9.888433195330712e-05,0.3397760516470969,0.00011871393239886012,ok,/home/elads/STAR/full_grid_solar_opacity/runs/T193p586_rho9p47061em09/fac-opacity-cowan-state/starout.h5
193.58620746201822,1.3610004466105506e-08,fac-opacity-cowan-state,T193p586_rho1p361em08,0.3396567237164535,0.00014464706528956949,0.339820028580815,0.00016280485406529153,ok,/home/elads/STAR/full_grid_solar_opacity/runs/T193p586_rho1p361em08/fac-opacity-cowan-state/starout.h5
193.58620746201822,1.9558636830395073e-08,fac-opacity-cowan-state,T193p586_rho1p95586em08,0.33965647287055606,0.0002064761807995009,0.3398675255118618,0.0002104251590648491,ok,/home/elads/STAR/full_grid_solar_opacity/runs/T193p586_rho1p95586em08/fac-opacity-cowan-state/starout.h5
193.58620746201822,2.810728502080722e-08,fac-opacity-cowan-state,T193p586_rho2p81073em08,0.33965616225165246,0.00028772285300367276,0.33991794449099294,0.0002610110213155559,ok,/home/elads/STAR/full_grid_solar_opacity/runs/T193p586_rho2p81073em08/fac-opacity-cowan-state/starout.h5
193.58620746201822,4.039235853150913e-08,fac-opacity-cowan-state,T193p586_rho4p03924em08,0.3396558148709605,0.00040314923687221585,0.3399838924770104,0.000327118923453712,ok,/home/elads/STAR/full_grid_solar_opacity/runs/T193p586_rho4p03924em08/fac-opacity-cowan-state/starout.h5
193.58620746201822,5.804696634805446e-08,fac-opacity-cowan-state,T193p586_rho5p8047em08,0.33965533495114353,0.0005663694183283994,0.34005214872648454,0.0003956605654624522,ok,/home/elads/STAR/full_grid_solar_opacity/runs/T193p586_rho5p8047em08/fac-opacity-cowan-state/starout.h5
193.58620746201822,8.341801332506338e-08,fac-opacity-cowan-state,T193p586_rho8p3418em08,0.33965478703117563,0.0007976436246204465,0.34013660530391826,0.0004804462601748063,ok,/home/elads/STAR/full_grid_solar_opacity/runs/T193p586_rho8p3418em08/fac-opacity-cowan-state/starout.h5
193.58620746201822,1.1987818459583772e-07,fac-opacity-cowan-state,T193p586_rho1p19878em07,0.3396542007898629,0.0010842315006913943,0.34022000714052075,0.0005641243132561578,ok,/home/elads/STAR/full_grid_solar_opacity/runs/T193p586_rho1p19878em07/fac-opacity-cowan-state/starout.h5
193.58620746201822,1.7227429147699408e-07,fac-opacity-cowan-state,T193p586_rho1p72274em07,0.33965359278375573,0.001497928355915005,0.3403306091533156,0.0006749735742455356,ok,/home/elads/STAR/full_grid_solar_opacity/runs/T193p586_rho1p72274em07/fac-opacity-cowan-state/starout.h5
193.58620746201822,2.4757157946593376e-07,fac-opacity-cowan-state,T193p586_rho2p47572em07,0.33965282256490903,0.00206622721121824,0.34044486595412426,0.000789623236476083,ok,/home/elads/STAR/full_grid_solar_opacity/runs/T193p586_rho2p47572em07/fac-opacity-cowan-state/starout.h5
193.58620746201822,3.557796490339488e-07,fac-opacity-cowan-state,T193p586_rho3p5578em07,0.3396518695606861,0.0028721048549074798,0.34061288150683766,0.0009581611297360856,ok,/home/elads/STAR/full_grid_solar_opacity/runs/T193p586_rho3p5578em07/fac-opacity-cowan-state/starout.h5
193.58620746201822,5.112830759482948e-07,fac-opacity-cowan-state,T193p586_rho5p11283em07,0.33965086671141714,0.003909260792191207,0.3407631961452575,0.0011089591955244138,ok,/home/elads/STAR/full_grid_solar_opacity/runs/T193p586_rho5p11283em07/fac-opacity-cowan-state/starout.h5
193.58620746201822,7.347536163492159e-07,fac-opacity-cowan-state,T193p586_rho7p34754em07,0.339649747805721,0.005374103761273537,0.3410443189759203,0.0013903544016816373,ok,/home/elads/STAR/full_grid_solar_opacity/runs/T193p586_rho7p34754em07/fac-opacity-cowan-state/starout.h5
193.58620746201822,1.0558981944335787e-06,fac-opacity-cowan-state,T193p586_rho1p0559em06,0.33964836292036465,0.007433675372958581,0.34138705726348406,0.0017335959015418346,ok,/home/elads/STAR/full_grid_solar_opacity/runs/T193p586_rho1p0559em06/fac-opacity-cowan-state/starout.h5
193.58620746201822,1.517407974863493e-06,fac-opacity-cowan-state,T193p586_rho1p51741em06,0.3396467009769056,0.010247151814617276,0.34176901108711005,0.0021160557641032927,ok,/home/elads/STAR/full_grid_solar_opacity/runs/T193p586_rho1p51741em06/fac-opacity-cowan-state/starout.h5
193.58620746201822,2.1806334875063253e-06,fac-opacity-cowan-state,T193p586_rho2p18063em06,0.33964467350769917,0.014283651867420971,0.3422810671127885,0.0026292189240912536,ok,/home/elads/STAR/full_grid_solar_opacity/runs/T193p586_rho2p18063em06/fac-opacity-cowan-state/starout.h5
193.58620746201822,3.1337402238588983e-06,fac-opacity-cowan-state,T193p586_rho3p13374em06,0.3396422024520864,0.019746512363080507,0.34310009381727175,0.003448591832950971,ok,/home/elads/STAR/full_grid_solar_opacity/runs/T193p586_rho3p13374em06/fac-opacity-cowan-state/starout.h5
193.58620746201822,4.503428864545845e-06,fac-opacity-cowan-state,T193p586_rho4p50343em06,0.339638948679512,0.02709812653054409,0.3438269684468731,0.004177112343426058,ok,/home/elads/STAR/full_grid_solar_opacity/runs/T193p586_rho4p50343em06/fac-opacity-cowan-state/starout.h5
193.58620746201822,6.471778159406801e-06,fac-opacity-cowan-state,T193p586_rho6p47178em06,0.3396349762157395,0.03806550445018823,0.345814902930858,0.006165787675945157,ok,/home/elads/STAR/full_grid_solar_opacity/runs/T193p586_rho6p47178em06/fac-opacity-cowan-state/starout.h5
193.58620746201822,9.300449458481393e-06,fac-opacity-cowan-state,T193p586_rho9p30045em06,0.3396299155068054,0.05196819912319674,0.3473424449237738,0.007695599826427751,ok,/home/elads/STAR/full_grid_solar_opacity/runs/T193p586_rho9p30045em06/fac-opacity-cowan-state/starout.h5
193.58620746201822,1.3365470508911143e-05,fac-opacity-cowan-state,T193p586_rho1p33655em05,0.33962325179418545,0.07103985284522335,0.3504367491444481,0.010790521340603952,ok,/home/elads/STAR/full_grid_solar_opacity/runs/T193p586_rho1p33655em05/fac-opacity-cowan-state/starout.h5
193.58620746201822,1.920722248123928e-05,fac-opacity-cowan-state,T193p586_rho1p92072em05,0.33961437458351573,0.09617452167103416,0.3539181924150802,0.014274047746134494,ok,/home/elads/STAR/full_grid_solar_opacity/runs/T193p586_rho1p92072em05/fac-opacity-cowan-state/starout.h5
193.58620746201822,2.760227522090268e-05,fac-opacity-cowan-state,T193p586_rho2p76023em05,0.3396024879169476,0.13045423272770765,0.3588918228948377,0.019250624787760053,ok,/home/elads/STAR/full_grid_solar_opacity/runs/T193p586_rho2p76023em05/fac-opacity-cowan-state/starout.h5
193.58620746201822,3.966662010161191e-05,fac-opacity-cowan-state,T193p586_rho3p96666em05,0.33958665990941844,0.17768910565243973,0.3683094182596639,0.02867070013421916,ok,/home/elads/STAR/full_grid_solar_opacity/runs/T193p586_rho3p96666em05/fac-opacity-cowan-state/starout.h5
193.58620746201822,5.7004023678963655e-05,fac-opacity-cowan-state,T193p586_rho5p7004em05,0.3395659024725192,0.23268675144939652,0.3734683122647712,0.03384026577517096,ok,/home/elads/STAR/full_grid_solar_opacity/runs/T193p586_rho5p7004em05/fac-opacity-cowan-state/starout.h5
193.58620746201822,8.191922344953684e-05,fac-opacity-cowan-state,T193p586_rho8p19192em05,0.3395360116567405,0.3077698444346583,0.3856614971696,0.04604242108078149,ok,/home/elads/STAR/full_grid_solar_opacity/runs/T193p586_rho8p19192em05/fac-opacity-cowan-state/starout.h5
193.58620746201822,0.00011772430676769293,fac-opacity-cowan-state,T193p586_rho0p000117724,0.33949497895275715,0.4008900322223186,0.3983846836782732,0.058786866708947186,ok,/home/elads/STAR/full_grid_solar_opacity/runs/T193p586_rho0p000117724/fac-opacity-cowan-state/starout.h5
193.58620746201822,0.00016917900122028344,fac-opacity-cowan-state,T193p586_rho0p000169179,0.33943813025792835,0.5171062305282952,0.4197007967259294,0.08013892671169257,ok,/home/elads/STAR/full_grid_solar_opacity/runs/T193p586_rho0p000169179/fac-opacity-cowan-state/starout.h5
193.58620746201822,0.0002431234061999784,fac-opacity-cowan-state,T193p586_rho0p000243123,0.33935947839926056,0.6561723630002132,0.4431975186973177,0.10368748988937283,ok,/home/elads/STAR/full_grid_solar_opacity/runs/T193p586_rho0p000243123/fac-opacity-cowan-state/starout.h5
193.58620746201822,0.0003493872774749123,fac-opacity-cowan-state,T193p586_rho0p000349387,0.33924987515590105,0.8319066235202646,0.48368475148523965,0.1442352638936317,ok,/home/elads/STAR/full_grid_solar_opacity/runs/T193p586_rho0p000349387/fac-opacity-cowan-state/starout.h5
193.58620746201822,0.0005020967399614471,fac-opacity-cowan-state,T193p586_rho0p000502097,0.33909806882975757,1.0100958986133843,0.5031025796928745,0.1637778316197373,ok,/home/elads/STAR/full_grid_solar_opacity/runs/T193p586_rho0p000502097/fac-opacity-cowan-state/starout.h5
193.58620746201822,0.0007215521357901021,fac-opacity-cowan-state,T193p586_rho0p000721552,0.3388877942588693,1.2366153622058795,0.5513992281095731,0.21224389361653664,ok,/home/elads/STAR/full_grid_solar_opacity/runs/T193p586_rho0p000721552/fac-opacity-cowan-state/starout.h5
193.58620746201822,0.0010369266382873438,fac-opacity-cowan-state,T193p586_rho0p00103693,0.3385957289412023,1.4967958122888445,0.6002270651306146,0.2613107408899019,ok,/home/elads/STAR/full_grid_solar_opacity/runs/T193p586_rho0p00103693/fac-opacity-cowan-state/starout.h5
193.58620746201822,0.0014901443705277455,fac-opacity-cowan-state,T193p586_rho0p00149014,0.33819186812623975,1.7665382227878696,0.6307418720974467,0.2921752635718743,ok,/home/elads/STAR/full_grid_solar_opacity/runs/T193p586_rho0p00149014/fac-opacity-cowan-state/starout.h5
193.58620746201822,0.002141453563853953,fac-opacity-cowan-state,T193p586_rho0p00214145,0.3376369068509105,2.1927096302464806,0.7530836192654022,0.41501761434511053,ok,/home/elads/STAR/full_grid_solar_opacity/runs/T193p586_rho0p00214145/fac-opacity-cowan-state/starout.h5
193.58620746201822,0.003077435620898055,fac-opacity-cowan-state,T193p586_rho0p00307744,0.33687629503767763,2.618615779736028,0.8798086836754149,0.5424052555860435,ok,/home/elads/STAR/full_grid_solar_opacity/runs/T193p586_rho0p00307744/fac-opacity-cowan-state/starout.h5
193.58620746201822,0.004422514763163053,fac-opacity-cowan-state,T193p586_rho0p00442251,0.3358436899103978,3.220810640400078,1.038598035177157,0.7021764288575231,ok,/home/elads/STAR/full_grid_solar_opacity/runs/T193p586_rho0p00442251/fac-opacity-cowan-state/starout.h5
193.58620746201822,0.006355498291362301,fac-opacity-cowan-state,T193p586_rho0p0063555,0.33445524838557117,3.697357006075487,1.157743776547697,0.8224462939955715,ok,/home/elads/STAR/full_grid_solar_opacity/runs/T193p586_rho0p0063555/fac-opacity-cowan-state/starout.h5
193.58620746201822,0.009133346228248624,fac-opacity-cowan-state,T193p586_rho0p00913335,0.33260889264530397,4.484586278623664,1.2810922853346627,0.9474238715211974,ok,/home/elads/STAR/full_grid_solar_opacity/runs/T193p586_rho0p00913335/fac-opacity-cowan-state/starout.h5
193.58620746201822,0.01312533014735226,fac-opacity-cowan-state,T193p586_rho0p0131253,0.33018205093139047,5.612542112495631,1.5717067839892103,1.2403881881375345,ok,/home/elads/STAR/full_grid_solar_opacity/runs/T193p586_rho0p0131253/fac-opacity-cowan-state/starout.h5
193.58620746201822,0.018862122071335155,fac-opacity-cowan-state,T193p586_rho0p0188621,0.32704032802730526,6.620435732079793,1.6873527802722252,1.358289668400471,ok,/home/elads/STAR/full_grid_solar_opacity/runs/T193p586_rho0p0188621/fac-opacity-cowan-state/starout.h5
193.58620746201822,0.02710633904364831,fac-opacity-cowan-state,T193p586_rho0p0271063,0.3230410503219115,8.696525328707756,2.3428779991051094,2.017693694282541,ok,/home/elads/STAR/full_grid_solar_opacity/runs/T193p586_rho0p0271063/fac-opacity-cowan-state/starout.h5
193.58620746201822,0.038953921174427183,fac-opacity-cowan-state,T193p586_rho0p0389539,0.31804932220194104,10.973470831331156,3.1640452914431747,2.8433185111290866,ok,/home/elads/STAR/full_grid_solar_opacity/runs/T193p586_rho0p0389539/fac-opacity-cowan-state/starout.h5
193.58620746201822,0.0559798197912329,fac-opacity-cowan-state,T193p586_rho0p0559798,0.31196373637888997,14.270359633677604,3.8375789270218683,3.5215681234897964,ok,/home/elads/STAR/full_grid_solar_opacity/runs/T193p586_rho0p0559798/fac-opacity-cowan-state/starout.h5
193.58620746201822,0.08044736266284185,fac-opacity-cowan-state,T193p586_rho0p0804474,0.30472502182240824,18.3408389141829,4.858391998026147,4.546849956373815,ok,/home/elads/STAR/full_grid_solar_opacity/runs/T193p586_rho0p0804474/fac-opacity-cowan-state/starout.h5
193.58620746201822,0.11560912813835741,fac-opacity-cowan-state,T193p586_rho0p115609,0.29636939530819867,23.927896844631963,4.761739633278106,4.455001276899372,ok,/home/elads/STAR/full_grid_solar_opacity/runs/T193p586_rho0p115609/fac-opacity-cowan-state/starout.h5
193.58620746201822,0.1661393247274789,fac-opacity-cowan-state,T193p586_rho0p166139,0.28703327927238664,32.965985262568175,6.557708317548989,6.259119098049869,ok,/home/elads/STAR/full_grid_solar_opacity/runs/T193p586_rho0p166139/fac-opacity-cowan-state/starout.h5
193.58620746201822,0.23875515424585794,fac-opacity-cowan-state,T193p586_rho0p238755,0.2769554230240467,44.58610268781008,7.459557275994759,7.166805512421646,ok,/home/elads/STAR/full_grid_solar_opacity/runs/T193p586_rho0p238755/fac-opacity-cowan-state/starout.h5
193.58620746201822,0.34310975906798746,fac-opacity-cowan-state,T193p586_rho0p34311,0.26638185126711483,59.56392596302376,6.767489994450526,6.4782911183305165,ok,/home/elads/STAR/full_grid_solar_opacity/runs/T193p586_rho0p34311/fac-opacity-cowan-state/starout.h5
193.58620746201822,0.49307545690287347,fac-opacity-cowan-state,T193p586_rho0p493075,0.2559273981786831,82.05599611118512,9.071754895504588,8.793997116301222,ok,/home/elads/STAR/full_grid_solar_opacity/runs/T193p586_rho0p493075/fac-opacity-cowan-state/starout.h5
193.58620746201822,0.7085878491488851,fac-opacity-cowan-state,T193p586_rho0p708588,0.2459856916776338,113.94597074776463,10.606886765489305,10.33817819120241,ok,/home/elads/STAR/full_grid_solar_opacity/runs/T193p586_rho0p708588/fac-opacity-cowan-state/starout.h5
193.58620746201822,1.0182959482819007,fac-opacity-cowan-state,T193p586_rho1p0183,0.23702478638801172,157.64166072047243,10.50523688558408,10.24239759722924,ok,/home/elads/STAR/full_grid_solar_opacity/runs/T193p586_rho1p0183/fac-opacity-cowan-state/starout.h5
193.58620746201822,1.4633706173946401,fac-opacity-cowan-state,T193p586_rho1p46337,0.22951112876589902,218.1442582585188,13.587357334254532,13.335204217690153,ok,/home/elads/STAR/full_grid_solar_opacity/runs/T193p586_rho1p46337/fac-opacity-cowan-state/starout.h5
193.58620746201822,2.1029775945461404,fac-opacity-cowan-state,T193p586_rho2p10298,0.223844824471784,301.02705702360487,15.886736661636114,15.642834717407215,ok,/home/elads/STAR/full_grid_solar_opacity/runs/T193p586_rho2p10298/fac-opacity-cowan-state/starout.h5
193.58620746201822,3.0221426551783854,fac-opacity-cowan-state,T193p586_rho3p02214,0.2204093229901929,412.0815538755061,17.925989967091454,17.68841601769628,ok,/home/elads/STAR/full_grid_solar_opacity/runs/T193p586_rho3p02214/fac-opacity-cowan-state/starout.h5
193.58620746201822,4.343054463316713,fac-opacity-cowan-state,T193p586_rho4p34305,0.2194787208084023,559.5906602602287,20.510575351458524,20.277040224044356,ok,/home/elads/STAR/full_grid_solar_opacity/runs/T193p586_rho4p34305/fac-opacity-cowan-state/starout.h5
193.58620746201822,6.241307649397467,fac-opacity-cowan-state,T193p586_rho6p24131,0.2216898832795908,748.3722034973105,24.706997540082305,24.474656943913633,ok,/home/elads/STAR/full_grid_solar_opacity/runs/T193p586_rho6p24131/fac-opacity-cowan-state/starout.h5
193.58620746201822,8.969245378672715,fac-opacity-cowan-state,T193p586_rho8p96925,0.22704356113472557,982.5015440905792,30.827379316370763,30.592860934336485,ok,/home/elads/STAR/full_grid_solar_opacity/runs/T193p586_rho8p96925/fac-opacity-cowan-state/starout.h5
193.58620746201822,12.889504440725364,fac-opacity-cowan-state,T193p586_rho12p8895,0.2358988376519573,1259.6598414813031,39.85860818225005,39.61797356399004,ok,/home/elads/STAR/full_grid_solar_opacity/runs/T193p586_rho12p8895/fac-opacity-cowan-state/starout.h5
193.58620746201822,18.52322215674118,fac-opacity-cowan-state,T193p586_rho18p5232,0.24823396043704446,1561.5466054756243,52.561274996313664,52.310285824169846,ok,/home/elads/STAR/full_grid_solar_opacity/runs/T193p586_rho18p5232/fac-opacity-cowan-state/starout.h5
193.58620746201822,26.61931346126126,fac-opacity-cowan-state,T193p586_rho26p6193,0.2638108404352947,1859.018042265966,69.29618368856637,69.03113011728763,ok,/home/elads/STAR/full_grid_solar_opacity/runs/T193p586_rho26p6193/fac-opacity-cowan-state/starout.h5
193.58620746201822,38.254027466328665,fac-opacity-cowan-state,T193p586_rho38p254,0.2816062732348438,2107.5605697417013,90.34924357769003,90.06746705638909,ok,/home/elads/STAR/full_grid_solar_opacity/runs/T193p586_rho38p254/fac-opacity-cowan-state/starout.h5
193.58620746201822,54.97401800103719,fac-opacity-cowan-state,T193p586_rho54p974,0.30040608265005997,2277.910956346791,112.38834247453295,112.08848621352382,ok,/home/elads/STAR/full_grid_solar_opacity/runs/T193p586_rho54p974/fac-opacity-cowan-state/starout.h5
193.58620746201822,79.0019471240894,fac-opacity-cowan-state,T193p586_rho79p0019,0.31879552357524155,2597.2341639381,134.26358774276156,133.94577803203063,ok,/home/elads/STAR/full_grid_solar_opacity/runs/T193p586_rho79p0019/fac-opacity-cowan-state/starout.h5
193.58620746201822,113.53195339077567,fac-opacity-cowan-state,T193p586_rho113p532,0.33593124778217265,2909.5475882946134,152.90342143676412,152.56867918801564,ok,/home/elads/STAR/full_grid_solar_opacity/runs/T193p586_rho113p532/fac-opacity-cowan-state/starout.h5
193.58620746201822,163.15426277379785,fac-opacity-cowan-state,T193p586_rho163p154,0.3520600279597028,3073.295160483607,166.436505717506,166.0857132592718,ok,/home/elads/STAR/full_grid_solar_opacity/runs/T193p586_rho163p154/fac-opacity-cowan-state/starout.h5
193.58620746201822,234.46538763970608,fac-opacity-cowan-state,T193p586_rho234p465,0.3683793557639867,2977.039025040885,183.0318886988566,182.6649250920361,ok,/home/elads/STAR/full_grid_solar_opacity/runs/T193p586_rho234p465/fac-opacity-cowan-state/starout.h5
193.58620746201822,336.94503022121665,fac-opacity-cowan-state,T193p586_rho336p945,0.3870440083070253,2603.7658826300785,228.57508917085332,228.18975219331327,ok,/home/elads/STAR/full_grid_solar_opacity/runs/T193p586_rho336p945/fac-opacity-cowan-state/starout.h5
193.58620746201822,484.21626123015125,fac-opacity-cowan-state,T193p586_rho484p216,0.4098349400096568,2046.2754360751046,338.10968158539333,337.7017634979643,ok,/home/elads/STAR/full_grid_solar_opacity/runs/T193p586_rho484p216/fac-opacity-cowan-state/starout.h5
193.58620746201822,695.8564947100452,fac-opacity-cowan-state,T193p586_rho695p856,0.43864344762652113,1439.8240006977749,483.9036302057376,483.466651752961,ok,/home/elads/STAR/full_grid_solar_opacity/runs/T193p586_rho695p856/fac-opacity-cowan-state/starout.h5
193.58620746201822,1000.0,fac-opacity-cowan-state,T193p586_rho1000,0.4744117092892219,921.2449564307906,496.2053555536629,495.7321264222888,ok,/home/elads/STAR/full_grid_solar_opacity/runs/T193p586_rho1000/fac-opacity-cowan-state/starout.h5
213.11538615898232,1e-17,fac-opacity-cowan-state,T213p115_rho1em17,0.3396088771905939,4.668182819706448e-10,0.33960887721815586,2.6863081488969834e-11,ok,/home/elads/STAR/full_grid_solar_opacity/runs/T213p115_rho1em17/fac-opacity-cowan-state/starout.h5
213.11538615898232,1.4370779141993746e-17,fac-opacity-cowan-state,T213p115_rho1p43708em17,0.3396088771916099,4.668187929464558e-10,0.33960887721917205,2.686327092528454e-11,ok,/home/elads/STAR/full_grid_solar_opacity/runs/T213p115_rho1p43708em17/fac-opacity-cowan-state/starout.h5
213.11538615898232,2.065192931479625e-17,fac-opacity-cowan-state,T213p115_rho2p06519em17,0.3396088771926935,4.668195260292495e-10,0.33960887722025584,2.6863543134812886e-11,ok,/home/elads/STAR/full_grid_solar_opacity/runs/T213p115_rho2p06519em17/fac-opacity-cowan-state/starout.h5
213.11538615898232,2.9678431503900313e-17,fac-opacity-cowan-state,T213p115_rho2p96784em17,0.33960887719410304,4.668205810541571e-10,0.339608877221666,2.6863934439815758e-11,ok,/home/elads/STAR/full_grid_solar_opacity/runs/T213p115_rho2p96784em17/fac-opacity-cowan-state/starout.h5
213.11538615898232,4.2650218442334076e-17,fac-opacity-cowan-state,T213p115_rho4p26502em17,0.3396088771954439,4.66822095560307e-10,0.3396088772230072,2.6864496527708892e-11,ok,/home/elads/STAR/full_grid_solar_opacity/runs/T213p115_rho4p26502em17/fac-opacity-cowan-state/starout.h5
213.11538615898232,6.129168695925715e-17,fac-opacity-cowan-state,T213p115_rho6p12917em17,0.33960887719698457,4.668242729773522e-10,0.3396088772245488,2.68653048245347e-11,ok,/home/elads/STAR/full_grid_solar_opacity/runs/T213p115_rho6p12917em17/fac-opacity-cowan-state/starout.h5
213.11538615898232,8.808092965317026e-17,fac-opacity-cowan-state,T213p115_rho8p80809em17,0.3396088771986525,4.668274016047858e-10,0.3396088772262178,2.6866466522079647e-11,ok,/home/elads/STAR/full_grid_solar_opacity/runs/T213p115_rho8p80809em17/fac-opacity-cowan-state/starout.h5
213.11538615898232,1.2657915866672028e-16,fac-opacity-cowan-state,T213p115_rho1p26579em16,0.33960887720051985,4.668318974976592e-10,0.3396088772280868,2.6868135852929462e-11,ok,/home/elads/STAR/full_grid_solar_opacity/runs/T213p115_rho1p26579em16/fac-opacity-cowan-state/starout.h5
213.11538615898232,1.819041133178821e-16,fac-opacity-cowan-state,T213p115_rho1p81904em16,0.33960887720158406,4.668383598539185e-10,0.33960887722915356,2.6870534942001726e-11,ok,/home/elads/STAR/full_grid_solar_opacity/runs/T213p115_rho1p81904em16/fac-opacity-cowan-state/starout.h5
213.11538615898232,2.6141038375114865e-16,fac-opacity-cowan-state,T213p115_rho2p6141em16,0.33960887720384686,4.668476453669373e-10,0.3396088772314195,2.6873982678675796e-11,ok,/home/elads/STAR/full_grid_solar_opacity/runs/T213p115_rho2p6141em16/fac-opacity-cowan-state/starout.h5
213.11538615898232,3.7566708903116036e-16,fac-opacity-cowan-state,T213p115_rho3p75667em16,0.3396088771980016,4.668609884337768e-10,0.33960887722557936,2.6878937499614546e-11,ok,/home/elads/STAR/full_grid_solar_opacity/runs/T213p115_rho3p75667em16/fac-opacity-cowan-state/starout.h5
213.11538615898232,5.398628767382507e-16,fac-opacity-cowan-state,T213p115_rho5p39863em16,0.339608877199673,4.671288413272712e-10,0.33960887722848404,2.808909122488006e-11,ok,/home/elads/STAR/full_grid_solar_opacity/runs/T213p115_rho5p39863em16/fac-opacity-cowan-state/starout.h5
213.11538615898232,7.758250168566793e-16,fac-opacity-cowan-state,T213p115_rho7p75825em16,0.33960869393676274,4.747147142491367e-10,0.3396086939733321,3.570078932179751e-11,ok,/home/elads/STAR/full_grid_solar_opacity/runs/T213p115_rho7p75825em16/fac-opacity-cowan-state/starout.h5
213.11538615898232,1.1149209970080914e-15,fac-opacity-cowan-state,T213p115_rho1p11492em15,0.33960836081926776,4.869976796898349e-10,0.3396083608668543,4.651195056383395e-11,ok,/home/elads/STAR/full_grid_solar_opacity/runs/T213p115_rho1p11492em15/fac-opacity-cowan-state/starout.h5
213.11538615898232,1.6022283408774753e-15,fac-opacity-cowan-state,T213p115_rho1p60223em15,0.33960809289659255,4.974592667170178e-10,0.3396080929594011,6.144894748090006e-11,ok,/home/elads/STAR/full_grid_solar_opacity/runs/T213p115_rho1p60223em15/fac-opacity-cowan-state/starout.h5
213.11538615898232,2.3025269621793266e-15,fac-opacity-cowan-state,T213p115_rho2p30253em15,0.3396078660646336,5.101428703004445e-10,0.33960786616294036,9.633820919096622e-11,ok,/home/elads/STAR/full_grid_solar_opacity/runs/T213p115_rho2p30253em15/fac-opacity-cowan-state/starout.h5
213.11538615898232,3.308910644196489e-15,fac-opacity-cowan-state,T213p115_rho3p30891em15,0.33960771805786366,5.217487000001661e-10,0.3396077181959051,1.3534502063425645e-10,ok,/home/elads/STAR/full_grid_solar_opacity/runs/T213p115_rho3p30891em15/fac-opacity-cowan-state/starout.h5
213.11538615898232,4.755162406834019e-15,fac-opacity-cowan-state,T213p115_rho4p75516em15,0.33960761279800716,5.35787288958631e-10,0.33960761299187386,1.9016266026171206e-10,ok,/home/elads/STAR/full_grid_solar_opacity/runs/T213p115_rho4p75516em15/fac-opacity-cowan-state/starout.h5
213.11538615898232,6.8335388732923106e-15,fac-opacity-cowan-state,T213p115_rho6p83354em15,0.3396075254234362,5.540875591495932e-10,0.3396075256989461,2.703108754531047e-10,ok,/home/elads/STAR/full_grid_solar_opacity/runs/T213p115_rho6p83354em15/fac-opacity-cowan-state/starout.h5
213.11538615898232,9.820327790631256e-15,fac-opacity-cowan-state,T213p115_rho9p82033em15,0.33960746262147323,5.790997474262569e-10,0.339607463010473,3.8172967874239353e-10,ok,/home/elads/STAR/full_grid_solar_opacity/runs/T213p115_rho9p82033em15/fac-opacity-cowan-state/starout.h5
213.11538615898232,1.4112576178114521e-14,fac-opacity-cowan-state,T213p115_rho1p41126em14,0.33960742335256633,6.141413242239341e-10,0.33960742390128057,5.385683330978761e-10,ok,/home/elads/STAR/full_grid_solar_opacity/runs/T213p115_rho1p41126em14/fac-opacity-cowan-state/starout.h5
213.11538615898232,2.0280871538024598e-14,fac-opacity-cowan-state,T213p115_rho2p02809em14,0.33960739308591886,6.638534381678026e-10,0.33960739386072225,7.604696585676804e-10,ok,/home/elads/STAR/full_grid_solar_opacity/runs/T213p115_rho2p02809em14/fac-opacity-cowan-state/starout.h5
213.11538615898232,2.914519256800997e-14,fac-opacity-cowan-state,T213p115_rho2p91452em14,0.3396073715647792,7.348665794376831e-10,0.33960737265695273,1.072108319101547e-09,ok,/home/elads/STAR/full_grid_solar_opacity/runs/T213p115_rho2p91452em14/fac-opacity-cowan-state/starout.h5
213.11538615898232,4.188391254457488e-14,fac-opacity-cowan-state,T213p115_rho4p18839em14,0.3396073518629672,8.365878690873393e-10,0.33960735342118026,1.5296360198392564e-09,ok,/home/elads/STAR/full_grid_solar_opacity/runs/T213p115_rho4p18839em14/fac-opacity-cowan-state/starout.h5
213.11538615898232,6.019044567806669e-14,fac-opacity-cowan-state,T213p115_rho6p01904em14,0.3396073458193154,9.825948647936038e-10,0.3396073480704179,2.2099239446735146e-09,ok,/home/elads/STAR/full_grid_solar_opacity/runs/T213p115_rho6p01904em14/fac-opacity-cowan-state/starout.h5
213.11538615898232,8.649836012976684e-14,fac-opacity-cowan-state,T213p115_rho8p64984em14,0.3396073386240579,1.191881355554932e-09,0.3396073418330401,3.1505753311316403e-09,ok,/home/elads/STAR/full_grid_solar_opacity/runs/T213p115_rho8p64984em14/fac-opacity-cowan-state/starout.h5
213.11538615898232,1.2430488295695167e-13,fac-opacity-cowan-state,T213p115_rho1p24305em13,0.33960733301184837,1.4933976459465804e-09,0.3396073375668917,4.472227413972139e-09,ok,/home/elads/STAR/full_grid_solar_opacity/runs/T213p115_rho1p24305em13/fac-opacity-cowan-state/starout.h5
213.11538615898232,1.7863580192457348e-13,fac-opacity-cowan-state,T213p115_rho1p78636em13,0.33960732917225467,2.214698084089225e-09,0.33960733656311737,7.264550108337997e-09,ok,/home/elads/STAR/full_grid_solar_opacity/runs/T213p115_rho1p78636em13/fac-opacity-cowan-state/starout.h5
213.11538615898232,2.567135656310987e-13,fac-opacity-cowan-state,T213p115_rho2p56714em13,0.3396073263287938,2.9622483258655073e-09,0.3396073367896417,1.0282480892877556e-08,ok,/home/elads/STAR/full_grid_solar_opacity/runs/T213p115_rho2p56714em13/fac-opacity-cowan-state/starout.h5
213.11538615898232,3.6891739544382357e-13,fac-opacity-cowan-state,T213p115_rho3p68917em13,0.3396073240259158,4.035619992409258e-09,0.339607338578056,1.4304807359433929e-08,ok,/home/elads/STAR/full_grid_solar_opacity/runs/T213p115_rho3p68917em13/fac-opacity-cowan-state/starout.h5
213.11538615898232,5.301630411562758e-13,fac-opacity-cowan-state,T213p115_rho5p30163em13,0.3396073219676906,5.576447509176022e-09,0.3396073423858402,2.007448725779649e-08,ok,/home/elads/STAR/full_grid_solar_opacity/runs/T213p115_rho5p30163em13/fac-opacity-cowan-state/starout.h5
213.11538615898232,7.618855973704612e-13,fac-opacity-cowan-state,T213p115_rho7p61886em13,0.33960731997603205,7.787184939545602e-09,0.33960734776941587,2.732914792443718e-08,ok,/home/elads/STAR/full_grid_solar_opacity/runs/T213p115_rho7p61886em13/fac-opacity-cowan-state/starout.h5
213.11538615898232,1.0948889651276868e-12,fac-opacity-cowan-state,T213p115_rho1p09489em12,0.33960731739581085,1.0956529218825473e-08,0.33960735394101155,3.593694867387183e-08,ok,/home/elads/STAR/full_grid_solar_opacity/runs/T213p115_rho1p09489em12/fac-opacity-cowan-state/starout.h5
213.11538615898232,1.5734407502856082e-12,fac-opacity-cowan-state,T213p115_rho1p57344em12,0.33960731477909006,1.549603628678748e-08,0.3396073638001732,4.8210503062993626e-08,ok,/home/elads/STAR/full_grid_solar_opacity/runs/T213p115_rho1p57344em12/fac-opacity-cowan-state/starout.h5
213.11538615898232,2.26115695153675e-12,fac-opacity-cowan-state,T213p115_rho2p26116em12,0.33960731090223556,2.1987662440792117e-08,0.33960737720422474,6.523293503889606e-08,ok,/home/elads/STAR/full_grid_solar_opacity/runs/T213p115_rho2p26116em12/fac-opacity-cowan-state/starout.h5
213.11538615898232,3.249458715591849e-12,fac-opacity-cowan-state,T213p115_rho3p24946em12,0.33960730553074453,3.1248234414711214e-08,0.3396073935510979,8.662825237555006e-08,ok,/home/elads/STAR/full_grid_solar_opacity/runs/T213p115_rho3p24946em12/fac-opacity-cowan-state/starout.h5
213.11538615898232,4.669725353279713e-12,fac-opacity-cowan-state,T213p115_rho4p66973em12,0.3394745147344241,4.442256685685785e-08,0.33947462458539207,1.0812305932833297e-07,ok,/home/elads/STAR/full_grid_solar_opacity/runs/T213p115_rho4p66973em12/fac-opacity-cowan-state/starout.h5
213.11538615898232,6.710759170575148e-12,fac-opacity-cowan-state,T213p115_rho6p71076em12,0.33947450445510063,6.677586125459247e-08,0.33947465927877535,1.5252907649264716e-07,ok,/home/elads/STAR/full_grid_solar_opacity/runs/T213p115_rho6p71076em12/fac-opacity-cowan-state/starout.h5
213.11538615898232,9.64388379154446e-12,fac-opacity-cowan-state,T213p115_rho9p64388em12,0.33947449023949766,9.466580764310618e-08,0.33947468874060344,1.956129326709531e-07,ok,/home/elads/STAR/full_grid_solar_opacity/runs/T213p115_rho9p64388em12/fac-opacity-cowan-state/starout.h5
213.11538615898232,1.3859012403933867e-11,fac-opacity-cowan-state,T213p115_rho1p3859em11,0.33947447127257385,1.3369151901124384e-07,0.33947474230593155,2.672427874547292e-07,ok,/home/elads/STAR/full_grid_solar_opacity/runs/T213p115_rho1p3859em11/fac-opacity-cowan-state/starout.h5
213.11538615898232,1.9916480638308542e-11,fac-opacity-cowan-state,T213p115_rho1p99165em11,0.3394744468118674,1.9030077452103096e-07,0.3394748074670166,3.557177972755361e-07,ok,/home/elads/STAR/full_grid_solar_opacity/runs/T213p115_rho1p99165em11/fac-opacity-cowan-state/starout.h5
213.11538615898232,2.8621534453892672e-11,fac-opacity-cowan-state,T213p115_rho2p86215em11,0.3394744165357592,2.686769747416047e-07,0.3394749125957959,4.89510872093271e-07,ok,/home/elads/STAR/full_grid_solar_opacity/runs/T213p115_rho2p86215em11/fac-opacity-cowan-state/starout.h5
213.11538615898232,4.1131375034185614e-11,fac-opacity-cowan-state,T213p115_rho4p11314em11,0.3394743805123453,3.732306930911636e-07,0.3394750459562801,6.568482865500208e-07,ok,/home/elads/STAR/full_grid_solar_opacity/runs/T213p115_rho4p11314em11/fac-opacity-cowan-state/starout.h5
213.11538615898232,5.910899064227969e-11,fac-opacity-cowan-state,T213p115_rho5p9109em11,0.33947433462415444,5.144209749471334e-07,0.3394752201173049,8.742478938839835e-07,ok,/home/elads/STAR/full_grid_solar_opacity/runs/T213p115_rho5p9109em11/fac-opacity-cowan-state/starout.h5
213.11538615898232,8.4944224982638e-11,fac-opacity-cowan-state,T213p115_rho8p49442em11,0.3394742910334247,7.505181596174399e-07,0.339475682791763,1.376996609276727e-06,ok,/home/elads/STAR/full_grid_solar_opacity/runs/T213p115_rho8p49442em11/fac-opacity-cowan-state/starout.h5
213.11538615898232,1.2207146966133182e-10,fac-opacity-cowan-state,T213p115_rho1p22071em10,0.3394742353793617,1.0445084346369489e-06,0.3394760692208152,1.8150907473597876e-06,ok,/home/elads/STAR/full_grid_solar_opacity/runs/T213p115_rho1p22071em10/fac-opacity-cowan-state/starout.h5
213.11538615898232,1.7542621300415897e-10,fac-opacity-cowan-state,T213p115_rho1p75426em10,0.3394741780662077,1.464747472260054e-06,0.3394769278428858,2.724817091863935e-06,ok,/home/elads/STAR/full_grid_solar_opacity/runs/T213p115_rho1p75426em10/fac-opacity-cowan-state/starout.h5
213.11538615898232,2.52101136279913e-10,fac-opacity-cowan-state,T213p115_rho2p52101em10,0.3394741171733917,2.0069119960373886e-06,0.33947784716768153,3.6979821466127684e-06,ok,/home/elads/STAR/full_grid_solar_opacity/runs/T213p115_rho2p52101em10/fac-opacity-cowan-state/starout.h5
213.11538615898232,3.6228897509242966e-10,fac-opacity-cowan-state,T213p115_rho3p62289em10,0.33947405296042255,2.721200538952021e-06,0.3394790768922463,4.983069520457806e-06,ok,/home/elads/STAR/full_grid_solar_opacity/runs/T213p115_rho3p62289em10/fac-opacity-cowan-state/starout.h5
213.11538615898232,5.20637484663258e-10,fac-opacity-cowan-state,T213p115_rho5p20637em10,0.33947398554006186,3.7060357802721635e-06,0.339480547531434,6.511743006378205e-06,ok,/home/elads/STAR/full_grid_solar_opacity/runs/T213p115_rho5p20637em10/fac-opacity-cowan-state/starout.h5
213.11538615898232,7.481966305138837e-10,fac-opacity-cowan-state,T213p115_rho7p48197em10,0.3394739148952713,5.0790583664894615e-06,0.339482817466502,8.83799690942291e-06,ok,/home/elads/STAR/full_grid_solar_opacity/runs/T213p115_rho7p48197em10/fac-opacity-cowan-state/starout.h5
213.11538615898232,1.0752168531898921e-09,fac-opacity-cowan-state,T213p115_rho1p07522em09,0.33947384050383256,6.9845614965179175e-06,0.33948553086987004,1.1610471409458678e-05,ok,/home/elads/STAR/full_grid_solar_opacity/runs/T213p115_rho1p07522em09/fac-opacity-cowan-state/starout.h5
213.11538615898232,1.5451703926941453e-09,fac-opacity-cowan-state,T213p115_rho1p54517em09,0.3394737611318411,9.594082757649303e-06,0.33948936809827956,1.550722721702061e-05,ok,/home/elads/STAR/full_grid_solar_opacity/runs/T213p115_rho1p54517em09/fac-opacity-cowan-state/starout.h5
213.11538615898232,2.220530245015531e-09,fac-opacity-cowan-state,T213p115_rho2p22053em09,0.3394736768301603,1.3278176963139105e-05,0.3394942096637687,2.041114683745076e-05,ok,/home/elads/STAR/full_grid_solar_opacity/runs/T213p115_rho2p22053em09/fac-opacity-cowan-state/starout.h5
213.11538615898232,3.1910749729235452e-09,fac-opacity-cowan-state,T213p115_rho3p19107em09,0.33947357678051154,1.8394823722985015e-05,0.3395009833402034,2.7255897950125232e-05,ok,/home/elads/STAR/full_grid_solar_opacity/runs/T213p115_rho3p19107em09/fac-opacity-cowan-state/starout.h5
213.11538615898232,4.585823366142813e-09,fac-opacity-cowan-state,T213p115_rho4p58582em09,0.33947347862507,2.5253954714095436e-05,0.33950997734800276,3.631227573204824e-05,ok,/home/elads/STAR/full_grid_solar_opacity/runs/T213p115_rho4p58582em09/fac-opacity-cowan-state/starout.h5
213.11538615898232,6.590185477903269e-09,fac-opacity-cowan-state,T213p115_rho6p59019em09,0.3394733473909199,3.47788219522167e-05,0.3395214527394385,4.787675156965448e-05,ok,/home/elads/STAR/full_grid_solar_opacity/runs/T213p115_rho6p59019em09/fac-opacity-cowan-state/starout.h5
213.11538615898232,9.470610000772238e-09,fac-opacity-cowan-state,T213p115_rho9p47061em09,0.33947324000172363,4.802585135701417e-05,0.3395351460701579,6.162505850960112e-05,ok,/home/elads/STAR/full_grid_solar_opacity/runs/T213p115_rho9p47061em09/fac-opacity-cowan-state/starout.h5
213.11538615898232,1.3610004466105506e-08,fac-opacity-cowan-state,T213p115_rho1p361em08,0.33947311354605936,6.896678360234073e-05,0.33956063772720346,8.717494697082691e-05,ok,/home/elads/STAR/full_grid_solar_opacity/runs/T213p115_rho1p361em08/fac-opacity-cowan-state/starout.h5
213.11538615898232,1.9558636830395073e-08,fac-opacity-cowan-state,T213p115_rho1p95586em08,0.3394729680557128,9.730092843553827e-05,0.3395886028327684,0.00011521237307080199,ok,/home/elads/STAR/full_grid_solar_opacity/runs/T213p115_rho1p95586em08/fac-opacity-cowan-state/starout.h5
213.11538615898232,2.810728502080722e-08,fac-opacity-cowan-state,T213p115_rho2p81073em08,0.33947279679736597,0.00013433425986728153,0.3396191685285403,0.00014585817816405064,ok,/home/elads/STAR/full_grid_solar_opacity/runs/T213p115_rho2p81073em08/fac-opacity-cowan-state/starout.h5
213.11538615898232,4.039235853150913e-08,fac-opacity-cowan-state,T213p115_rho4p03924em08,0.33947261135947704,0.00018969136944035005,0.3396682806208977,0.00019503833691758636,ok,/home/elads/STAR/full_grid_solar_opacity/runs/T213p115_rho4p03924em08/fac-opacity-cowan-state/starout.h5
213.11538615898232,5.804696634805446e-08,fac-opacity-cowan-state,T213p115_rho5p8047em08,0.33947240192193207,0.0002676941131515792,0.3397201449662333,0.0002469827696082094,ok,/home/elads/STAR/full_grid_solar_opacity/runs/T213p115_rho5p8047em08/fac-opacity-cowan-state/starout.h5
213.11538615898232,8.341801332506338e-08,fac-opacity-cowan-state,T213p115_rho8p3418em08,0.33947213782990165,0.0003812898743038816,0.3397868134252334,0.0003137676535475642,ok,/home/elads/STAR/full_grid_solar_opacity/runs/T213p115_rho8p3418em08/fac-opacity-cowan-state/starout.h5
213.11538615898232,1.1987818459583772e-07,fac-opacity-cowan-state,T213p115_rho1p19878em07,0.33947182649170277,0.0005221650342448177,0.3398597731378342,0.00038681229733843875,ok,/home/elads/STAR/full_grid_solar_opacity/runs/T213p115_rho1p19878em07/fac-opacity-cowan-state/starout.h5
213.11538615898232,1.7227429147699408e-07,fac-opacity-cowan-state,T213p115_rho1p72274em07,0.3394714222782201,0.0007309786843022414,0.33994889989555876,0.00047608098305131275,ok,/home/elads/STAR/full_grid_solar_opacity/runs/T213p115_rho1p72274em07/fac-opacity-cowan-state/starout.h5
213.11538615898232,2.4757157946593376e-07,fac-opacity-cowan-state,T213p115_rho2p47572em07,0.3394709608392684,0.0010273427764804913,0.34005725681634397,0.0005845840065785928,ok,/home/elads/STAR/full_grid_solar_opacity/runs/T213p115_rho2p47572em07/fac-opacity-cowan-state/starout.h5
213.11538615898232,3.557796490339488e-07,fac-opacity-cowan-state,T213p115_rho3p5578em07,0.33947034163697815,0.0014521491457576763,0.34018048044157173,0.0007081271797739662,ok,/home/elads/STAR/full_grid_solar_opacity/runs/T213p115_rho3p5578em07/fac-opacity-cowan-state/starout.h5
213.11538615898232,5.112830759482948e-07,fac-opacity-cowan-state,T213p115_rho5p11283em07,0.3394696264641852,0.0019926941253819285,0.34031086902369856,0.0008387907680069017,ok,/home/elads/STAR/full_grid_solar_opacity/runs/T213p115_rho5p11283em07/fac-opacity-cowan-state/starout.h5
213.11538615898232,7.347536163492159e-07,fac-opacity-cowan-state,T213p115_rho7p34754em07,0.3394688346153079,0.0027492076633350046,0.34049217420587696,0.0010202959031080936,ok,/home/elads/STAR/full_grid_solar_opacity/runs/T213p115_rho7p34754em07/fac-opacity-cowan-state/starout.h5
213.11538615898232,1.0558981944335787e-06,fac-opacity-cowan-state,T213p115_rho1p0559em06,0.33946774949430364,0.0038018675762478576,0.3406822582956858,0.0012109438083628976,ok,/home/elads/STAR/full_grid_solar_opacity/runs/T213p115_rho1p0559em06/fac-opacity-cowan-state/starout.h5
213.11538615898232,1.517407974863493e-06,fac-opacity-cowan-state,T213p115_rho1p51741em06,0.3394665859395659,0.005209812367703638,0.3409324718439085,0.0014615006652581506,ok,/home/elads/STAR/full_grid_solar_opacity/runs/T213p115_rho1p51741em06/fac-opacity-cowan-state/starout.h5
213.11538615898232,2.1806334875063253e-06,fac-opacity-cowan-state,T213p115_rho2p18063em06,0.33946503398945765,0.007217277994486833,0.34131778809269697,0.001847564431802345,ok,/home/elads/STAR/full_grid_solar_opacity/runs/T213p115_rho2p18063em06/fac-opacity-cowan-state/starout.h5
213.11538615898232,3.1337402238588983e-06,fac-opacity-cowan-state,T213p115_rho3p13374em06,0.3394631935831973,0.00990175484013006,0.3418168120717156,0.0023471683675854956,ok,/home/elads/STAR/full_grid_solar_opacity/runs/T213p115_rho3p13374em06/fac-opacity-cowan-state/starout.h5
213.11538615898232,4.503428864545845e-06,fac-opacity-cowan-state,T213p115_rho4p50343em06,0.3394609204467848,0.013494173241715016,0.34227568019367394,0.002807208343310077,ok,/home/elads/STAR/full_grid_solar_opacity/runs/T213p115_rho4p50343em06/fac-opacity-cowan-state/starout.h5
213.11538615898232,6.471778159406801e-06,fac-opacity-cowan-state,T213p115_rho6p47178em06,0.33945795523967154,0.019013916358708933,0.343368288455473,0.003900967856079674,ok,/home/elads/STAR/full_grid_solar_opacity/runs/T213p115_rho6p47178em06/fac-opacity-cowan-state/starout.h5
213.11538615898232,9.300449458481393e-06,fac-opacity-cowan-state,T213p115_rho9p30045em06,0.3394541209868313,0.02597917080660606,0.3441351174147301,0.004669980144676593,ok,/home/elads/STAR/full_grid_solar_opacity/runs/T213p115_rho9p30045em06/fac-opacity-cowan-state/starout.h5
213.11538615898232,1.3365470508911143e-05,fac-opacity-cowan-state,T213p115_rho1p33655em05,0.33944913567597534,0.03570350149546163,0.3457373921081003,0.0062742037849902385,ok,/home/elads/STAR/full_grid_solar_opacity/runs/T213p115_rho1p33655em05/fac-opacity-cowan-state/starout.h5
213.11538615898232,1.920722248123928e-05,fac-opacity-cowan-state,T213p115_rho1p92072em05,0.33944239018346434,0.04869049493419784,0.3474227165115908,0.007962497760168231,ok,/home/elads/STAR/full_grid_solar_opacity/runs/T213p115_rho1p92072em05/fac-opacity-cowan-state/starout.h5
213.11538615898232,2.760227522090268e-05,fac-opacity-cowan-state,T213p115_rho2p76023em05,0.3394334519507104,0.06688422785120454,0.350210378338596,0.010754037935244815,ok,/home/elads/STAR/full_grid_solar_opacity/runs/T213p115_rho2p76023em05/fac-opacity-cowan-state/starout.h5
213.11538615898232,3.966662010161191e-05,fac-opacity-cowan-state,T213p115_rho3p96666em05,0.33942133925322204,0.09275963462999028,0.3558527592187729,0.01640183052807368,ok,/home/elads/STAR/full_grid_solar_opacity/runs/T213p115_rho3p96666em05/fac-opacity-cowan-state/starout.h5
213.11538615898232,5.7004023678963655e-05,fac-opacity-cowan-state,T213p115_rho5p7004em05,0.33940593575135974,0.12327667767748259,0.358829664778882,0.01938923196643241,ok,/home/elads/STAR/full_grid_solar_opacity/runs/T213p115_rho5p7004em05/fac-opacity-cowan-state/starout.h5
213.11538615898232,8.191922344953684e-05,fac-opacity-cowan-state,T213p115_rho8p19192em05,0.33938337252996054,0.16682902327888272,0.36642692243195363,0.026995545789162162,ok,/home/elads/STAR/full_grid_solar_opacity/runs/T213p115_rho8p19192em05/fac-opacity-cowan-state/starout.h5
213.11538615898232,0.00011772430676769293,fac-opacity-cowan-state,T213p115_rho0p000117724,0.3393522195797294,0.22328129273716435,0.3760382069728126,0.036622732083822704,ok,/home/elads/STAR/full_grid_solar_opacity/runs/T213p115_rho0p000117724/fac-opacity-cowan-state/starout.h5
213.11538615898232,0.00016917900122028344,fac-opacity-cowan-state,T213p115_rho0p000169179,0.33930884862743105,0.29712585652271706,0.38942272554492924,0.050035622081429525,ok,/home/elads/STAR/full_grid_solar_opacity/runs/T213p115_rho0p000169179/fac-opacity-cowan-state/starout.h5
213.11538615898232,0.0002431234061999784,fac-opacity-cowan-state,T213p115_rho0p000243123,0.33924880404112556,0.3898556139261102,0.4074548354892967,0.06810380243833956,ok,/home/elads/STAR/full_grid_solar_opacity/runs/T213p115_rho0p000243123/fac-opacity-cowan-state/starout.h5
213.11538615898232,0.0003493872774749123,fac-opacity-cowan-state,T213p115_rho0p000349387,0.3391650338686901,0.5110179667646872,0.43373840747563697,0.09443986902636531,ok,/home/elads/STAR/full_grid_solar_opacity/runs/T213p115_rho0p000349387/fac-opacity-cowan-state/starout.h5
213.11538615898232,0.0005020967399614471,fac-opacity-cowan-state,T213p115_rho0p000502097,0.33904864027289167,0.646734440880335,0.4502388759869829,0.1110277916328298,ok,/home/elads/STAR/full_grid_solar_opacity/runs/T213p115_rho0p000502097/fac-opacity-cowan-state/starout.h5
213.11538615898232,0.0007215521357901021,fac-opacity-cowan-state,T213p115_rho0p000721552,0.33888660574124285,0.8236723920817032,0.490158846695441,0.1510743440432155,ok,/home/elads/STAR/full_grid_solar_opacity/runs/T213p115_rho0p000721552/fac-opacity-cowan-state/starout.h5
213.11538615898232,0.0010369266382873438,fac-opacity-cowan-state,T213p115_rho0p00103693,0.3386616699786879,1.0315652799943935,0.5329082447252517,0.19399831881004403,ok,/home/elads/STAR/full_grid_solar_opacity/runs/T213p115_rho0p00103693/fac-opacity-cowan-state/starout.h5
213.11538615898232,0.0014901443705277455,fac-opacity-cowan-state,T213p115_rho0p00149014,0.3383499225051632,1.2566547219006272,0.5660218451428872,0.22737367680800702,ok,/home/elads/STAR/full_grid_solar_opacity/runs/T213p115_rho0p00149014/fac-opacity-cowan-state/starout.h5
213.11538615898232,0.002141453563853953,fac-opacity-cowan-state,T213p115_rho0p00214145,0.33791957089773145,1.5866436940424928,0.6757201348877739,0.33745719859027695,ok,/home/elads/STAR/full_grid_solar_opacity/runs/T213p115_rho0p00214145/fac-opacity-cowan-state/starout.h5
213.11538615898232,0.003077435620898055,fac-opacity-cowan-state,T213p115_rho0p00307744,0.33732657698511975,1.931034686148953,0.7687692646220018,0.43102982461709916,ok,/home/elads/STAR/full_grid_solar_opacity/runs/T213p115_rho0p00307744/fac-opacity-cowan-state/starout.h5
213.11538615898232,0.004422514763163053,fac-opacity-cowan-state,T213p115_rho0p00442251,0.33651703978304254,2.3964625798510433,0.926848118742682,0.5898865844278608,ok,/home/elads/STAR/full_grid_solar_opacity/runs/T213p115_rho0p00442251/fac-opacity-cowan-state/starout.h5
213.11538615898232,0.006355498291362301,fac-opacity-cowan-state,T213p115_rho0p0063555,0.3354210198492089,2.778692564469729,0.9692844517852952,0.6331906385186684,ok,/home/elads/STAR/full_grid_solar_opacity/runs/T213p115_rho0p0063555/fac-opacity-cowan-state/starout.h5
213.11538615898232,0.009133346228248624,fac-opacity-cowan-state,T213p115_rho0p00913335,0.3339509600166109,3.320806802540038,1.0467409834857109,0.7118816212777646,ok,/home/elads/STAR/full_grid_solar_opacity/runs/T213p115_rho0p00913335/fac-opacity-cowan-state/starout.h5
213.11538615898232,0.01312533014735226,fac-opacity-cowan-state,T213p115_rho0p0131253,0.3319999999900425,4.187641286084544,1.313548997412421,0.9805068711436061,ok,/home/elads/STAR/full_grid_solar_opacity/runs/T213p115_rho0p0131253/fac-opacity-cowan-state/starout.h5
213.11538615898232,0.018862122071335155,fac-opacity-cowan-state,T213p115_rho0p0188621,0.329444500915265,5.0841154326080495,1.5184560172428332,1.1877197872207423,ok,/home/elads/STAR/full_grid_solar_opacity/runs/T213p115_rho0p0188621/fac-opacity-cowan-state/starout.h5
213.11538615898232,0.02710633904364831,fac-opacity-cowan-state,T213p115_rho0p0271063,0.3261473253059575,6.502776435495882,1.8363936890299695,1.5084019124670305,ok,/home/elads/STAR/full_grid_solar_opacity/runs/T213p115_rho0p0271063/fac-opacity-cowan-state/starout.h5
213.11538615898232,0.038953921174427183,fac-opacity-cowan-state,T213p115_rho0p0389539,0.3219657553932771,8.331955637689628,2.4034162693669145,2.0788383906277828,ok,/home/elads/STAR/full_grid_solar_opacity/runs/T213p115_rho0p0389539/fac-opacity-cowan-state/starout.h5
213.11538615898232,0.0559798197912329,fac-opacity-cowan-state,T213p115_rho0p0559798,0.31677267826015376,10.415529829844958,2.7194995624105753,2.398459044530241,ok,/home/elads/STAR/full_grid_solar_opacity/runs/T213p115_rho0p0559798/fac-opacity-cowan-state/starout.h5
213.11538615898232,0.08044736266284185,fac-opacity-cowan-state,T213p115_rho0p0804474,0.3104645914952552,13.833199366589499,3.8156656773598567,3.499790964140461,ok,/home/elads/STAR/full_grid_solar_opacity/runs/T213p115_rho0p0804474/fac-opacity-cowan-state/starout.h5
213.11538615898232,0.11560912813835741,fac-opacity-cowan-state,T213p115_rho0p115609,0.30301038119339246,17.696125948216626,3.890384889429556,3.578404109289952,ok,/home/elads/STAR/full_grid_solar_opacity/runs/T213p115_rho0p115609/fac-opacity-cowan-state/starout.h5
213.11538615898232,0.1661393247274789,fac-opacity-cowan-state,T213p115_rho0p166139,0.294466288570276,23.645860343828197,4.343265751619959,4.035986749877632,ok,/home/elads/STAR/full_grid_solar_opacity/runs/T213p115_rho0p166139/fac-opacity-cowan-state/starout.h5
213.11538615898232,0.23875515424585794,fac-opacity-cowan-state,T213p115_rho0p238755,0.28499385761647505,32.312625089748686,5.701048643221643,5.400710138030854,ok,/home/elads/STAR/full_grid_solar_opacity/runs/T213p115_rho0p238755/fac-opacity-cowan-state/starout.h5
213.11538615898232,0.34310975906798746,fac-opacity-cowan-state,T213p115_rho0p34311,0.2747493497988515,43.99741166287562,6.385004054076267,6.090961119301493,ok,/home/elads/STAR/full_grid_solar_opacity/runs/T213p115_rho0p34311/fac-opacity-cowan-state/starout.h5
213.11538615898232,0.49307545690287347,fac-opacity-cowan-state,T213p115_rho0p493075,0.264290259699239,60.55854261854826,7.332766557800742,7.04622891694808,ok,/home/elads/STAR/full_grid_solar_opacity/runs/T213p115_rho0p493075/fac-opacity-cowan-state/starout.h5
213.11538615898232,0.7085878491488851,fac-opacity-cowan-state,T213p115_rho0p708588,0.25399520701349443,82.72962373790774,7.320272705346482,7.041386575308187,ok,/home/elads/STAR/full_grid_solar_opacity/runs/T213p115_rho0p708588/fac-opacity-cowan-state/starout.h5
213.11538615898232,1.0182959482819007,fac-opacity-cowan-state,T213p115_rho1p0183,0.2443477095397443,114.46014901858014,7.229175468949808,6.958465284202587,ok,/home/elads/STAR/full_grid_solar_opacity/runs/T213p115_rho1p0183/fac-opacity-cowan-state/starout.h5
213.11538615898232,1.4633706173946401,fac-opacity-cowan-state,T213p115_rho1p46337,0.2358553889212049,158.66801163647213,9.87403148899451,9.61411027270099,ok,/home/elads/STAR/full_grid_solar_opacity/runs/T213p115_rho1p46337/fac-opacity-cowan-state/starout.h5
213.11538615898232,2.1029775945461404,fac-opacity-cowan-state,T213p115_rho2p10298,0.22895908685287725,219.02433708888324,10.682794188069058,10.43134082646684,ok,/home/elads/STAR/full_grid_solar_opacity/runs/T213p115_rho2p10298/fac-opacity-cowan-state/starout.h5
213.11538615898232,3.0221426551783854,fac-opacity-cowan-state,T213p115_rho3p02214,0.22410377150962835,301.0482122483973,13.02837780056563,12.785377992552444,ok,/home/elads/STAR/full_grid_solar_opacity/runs/T213p115_rho3p02214/fac-opacity-cowan-state/starout.h5
213.11538615898232,4.343054463316713,fac-opacity-cowan-state,T213p115_rho4p34305,0.2216937456509812,410.27934752394884,15.182234388709428,14.94493437865129,ok,/home/elads/STAR/full_grid_solar_opacity/runs/T213p115_rho4p34305/fac-opacity-cowan-state/starout.h5
213.11538615898232,6.241307649397467,fac-opacity-cowan-state,T213p115_rho6p24131,0.2221428714855134,553.2797343700126,18.716584835265223,18.482241361054722,ok,/home/elads/STAR/full_grid_solar_opacity/runs/T213p115_rho6p24131/fac-opacity-cowan-state/starout.h5
213.11538615898232,8.969245378672715,fac-opacity-cowan-state,T213p115_rho8p96925,0.22572585214064173,734.1908160181706,23.46016427270491,23.225548524216176,ok,/home/elads/STAR/full_grid_solar_opacity/runs/T213p115_rho8p96925/fac-opacity-cowan-state/starout.h5
213.11538615898232,12.889504440725364,fac-opacity-cowan-state,T213p115_rho12p8895,0.23280652286172424,952.9112858463402,30.76602566163726,30.52734581679185,ok,/home/elads/STAR/full_grid_solar_opacity/runs/T213p115_rho12p8895/fac-opacity-cowan-state/starout.h5
213.11538615898232,18.52322215674118,fac-opacity-cowan-state,T213p115_rho18p5232,0.2435076169569228,1201.741985299869,40.21551780077907,39.96830408197388,ok,/home/elads/STAR/full_grid_solar_opacity/runs/T213p115_rho18p5232/fac-opacity-cowan-state/starout.h5
213.11538615898232,26.61931346126126,fac-opacity-cowan-state,T213p115_rho26p6193,0.2576345400835184,1461.8417075861034,53.06804355398457,52.80842956726359,ok,/home/elads/STAR/full_grid_solar_opacity/runs/T213p115_rho26p6193/fac-opacity-cowan-state/starout.h5
213.11538615898232,38.254027466328665,fac-opacity-cowan-state,T213p115_rho38p254,0.27450214049549315,1701.4785016279423,68.84655118541444,68.5713904436477,ok,/home/elads/STAR/full_grid_solar_opacity/runs/T213p115_rho38p254/fac-opacity-cowan-state/starout.h5
213.11538615898232,54.97401800103719,fac-opacity-cowan-state,T213p115_rho54p974,0.2930011107068916,1873.985404323812,85.63753078517232,85.34483011494535,ok,/home/elads/STAR/full_grid_solar_opacity/runs/T213p115_rho54p974/fac-opacity-cowan-state/starout.h5
213.11538615898232,79.0019471240894,fac-opacity-cowan-state,T213p115_rho79p0019,0.311607288739947,2075.3374197008266,103.19477516747467,102.88410083959819,ok,/home/elads/STAR/full_grid_solar_opacity/runs/T213p115_rho79p0019/fac-opacity-cowan-state/starout.h5
213.11538615898232,113.53195339077567,fac-opacity-cowan-state,T213p115_rho113p532,0.3292237286556844,2316.295116010946,120.28094439361031,119.95298443879685,ok,/home/elads/STAR/full_grid_solar_opacity/runs/T213p115_rho113p532/fac-opacity-cowan-state/starout.h5
213.11538615898232,163.15426277379785,fac-opacity-cowan-state,T213p115_rho163p154,0.34558311846199685,2525.596794562357,134.1614208713091,133.81721018162278,ok,/home/elads/STAR/full_grid_solar_opacity/runs/T213p115_rho163p154/fac-opacity-cowan-state/starout.h5
213.11538615898232,234.46538763970608,fac-opacity-cowan-state,T213p115_rho234p465,0.36160198900208207,2559.4566640941816,144.8313547274749,144.47121035750828,ok,/home/elads/STAR/full_grid_solar_opacity/runs/T213p115_rho234p465/fac-opacity-cowan-state/starout.h5
213.11538615898232,336.94503022121665,fac-opacity-cowan-state,T213p115_rho336p945,0.37911427048651536,2363.8678446273816,166.07009523439382,165.69268030321206,ok,/home/elads/STAR/full_grid_solar_opacity/runs/T213p115_rho336p945/fac-opacity-cowan-state/starout.h5
213.11538615898232,484.21626123015125,fac-opacity-cowan-state,T213p115_rho484p216,0.4000290245477989,1972.3912289693528,225.15947141097536,224.7614692229141,ok,/home/elads/STAR/full_grid_solar_opacity/runs/T213p115_rho484p216/fac-opacity-cowan-state/starout.h5
213.11538615898232,695.8564947100452,fac-opacity-cowan-state,T213p115_rho695p856,0.42631067546841744,1483.8937826551166,339.1747895768709,338.75053006075353,ok,/home/elads/STAR/full_grid_solar_opacity/runs/T213p115_rho695p856/fac-opacity-cowan-state/starout.h5
213.11538615898232,1000.0,fac-opacity-cowan-state,T213p115_rho1000,0.45919917485126904,1002.8094967721008,424.14163275149235,423.6840224586144,ok,/home/elads/STAR/full_grid_solar_opacity/runs/T213p115_rho1000/fac-opacity-cowan-state/starout.h5
234.61468878976413,1e-17,fac-opacity-cowan-state,T234p615_rho1em17,0.3394260844158119,1.5946713821051178e-09,0.33942608454967055,1.2936858241767778e-10,ok,/home/elads/STAR/full_grid_solar_opacity/runs/T234p615_rho1em17/fac-opacity-cowan-state/starout.h5
234.61468878976413,1.4370779141993746e-17,fac-opacity-cowan-state,T234p615_rho1p43708em17,0.3394260844196011,1.594671788559529e-09,0.33942608455345996,1.2936871710168936e-10,ok,/home/elads/STAR/full_grid_solar_opacity/runs/T234p615_rho1p43708em17/fac-opacity-cowan-state/starout.h5
234.61468878976413,2.065192931479625e-17,fac-opacity-cowan-state,T234p615_rho2p06519em17,0.3394260844240615,1.5946723610458427e-09,0.3394260845579205,1.2936891111672047e-10,ok,/home/elads/STAR/full_grid_solar_opacity/runs/T234p615_rho2p06519em17/fac-opacity-cowan-state/starout.h5
234.61468878976413,2.9678431503900313e-17,fac-opacity-cowan-state,T234p615_rho2p96784em17,0.3394260843757916,1.5946731642584206e-09,0.3394260845096507,1.2936918947216292e-10,ok,/home/elads/STAR/full_grid_solar_opacity/runs/T234p615_rho2p96784em17/fac-opacity-cowan-state/starout.h5
234.61468878976413,4.2650218442334076e-17,fac-opacity-cowan-state,T234p615_rho4p26502em17,0.3394260843812024,1.5946743020531443e-09,0.33942608451506207,1.2936958988148244e-10,ok,/home/elads/STAR/full_grid_solar_opacity/runs/T234p615_rho4p26502em17/fac-opacity-cowan-state/starout.h5
234.61468878976413,6.129168695925715e-17,fac-opacity-cowan-state,T234p615_rho6p12917em17,0.33942608438676947,1.594675912455186e-09,0.3394260845206297,1.2937016497487573e-10,ok,/home/elads/STAR/full_grid_solar_opacity/runs/T234p615_rho6p12917em17/fac-opacity-cowan-state/starout.h5
234.61468878976413,8.808092965317026e-17,fac-opacity-cowan-state,T234p615_rho8p80809em17,0.3394260843927812,1.5946782090304753e-09,0.3394260845266422,1.2937099131407986e-10,ok,/home/elads/STAR/full_grid_solar_opacity/runs/T234p615_rho8p80809em17/fac-opacity-cowan-state/starout.h5
234.61468878976413,1.2657915866672028e-16,fac-opacity-cowan-state,T234p615_rho1p26579em16,0.3394260843992616,1.5946814861697205e-09,0.3394260845331239,1.293721790000639e-10,ok,/home/elads/STAR/full_grid_solar_opacity/runs/T234p615_rho1p26579em16/fac-opacity-cowan-state/starout.h5
234.61468878976413,1.819041133178821e-16,fac-opacity-cowan-state,T234p615_rho1p81904em16,0.33942608440515415,1.5946861750534837e-09,0.33942608453901807,1.2937388476600606e-10,ok,/home/elads/STAR/full_grid_solar_opacity/runs/T234p615_rho1p81904em16/fac-opacity-cowan-state/starout.h5
234.61468878976413,2.6141038375114865e-16,fac-opacity-cowan-state,T234p615_rho2p6141em16,0.3394260844113182,1.5946928700355677e-09,0.3394260845451847,1.2937633640546292e-10,ok,/home/elads/STAR/full_grid_solar_opacity/runs/T234p615_rho2p6141em16/fac-opacity-cowan-state/starout.h5
234.61468878976413,3.7566708903116036e-16,fac-opacity-cowan-state,T234p615_rho3p75667em16,0.33942608441611993,1.5947024575477495e-09,0.33942608454998996,1.2937985892358293e-10,ok,/home/elads/STAR/full_grid_solar_opacity/runs/T234p615_rho3p75667em16/fac-opacity-cowan-state/starout.h5
234.61468878976413,5.398628767382507e-16,fac-opacity-cowan-state,T234p615_rho5p39863em16,0.33942608441773137,1.5947980599498476e-09,0.33942608455197576,1.2974760115876292e-10,ok,/home/elads/STAR/full_grid_solar_opacity/runs/T234p615_rho5p39863em16/fac-opacity-cowan-state/starout.h5
234.61468878976413,7.758250168566793e-16,fac-opacity-cowan-state,T234p615_rho7p75825em16,0.3394257162947649,1.7419568065244107e-09,0.33942571643265157,1.3330086152283093e-10,ok,/home/elads/STAR/full_grid_solar_opacity/runs/T234p615_rho7p75825em16/fac-opacity-cowan-state/starout.h5
234.61468878976413,1.1149209970080914e-15,fac-opacity-cowan-state,T234p615_rho1p11492em15,0.3394249526428923,2.088222382408181e-09,0.3394249527873203,1.3967654920187063e-10,ok,/home/elads/STAR/full_grid_solar_opacity/runs/T234p615_rho1p11492em15/fac-opacity-cowan-state/starout.h5
234.61468878976413,1.6022283408774753e-15,fac-opacity-cowan-state,T234p615_rho1p60223em15,0.3394242093056276,2.4907944185466235e-09,0.33942420945591684,1.4541669480865256e-10,ok,/home/elads/STAR/full_grid_solar_opacity/runs/T234p615_rho1p60223em15/fac-opacity-cowan-state/starout.h5
234.61468878976413,2.3025269621793266e-15,fac-opacity-cowan-state,T234p615_rho2p30253em15,0.33942349047574577,2.9404876376174244e-09,0.339423490634215,1.5343043451887113e-10,ok,/home/elads/STAR/full_grid_solar_opacity/runs/T234p615_rho2p30253em15/fac-opacity-cowan-state/starout.h5
234.61468878976413,3.308910644196489e-15,fac-opacity-cowan-state,T234p615_rho3p30891em15,0.3394227352595604,3.4175101926297175e-09,0.33942273543024654,1.6537924911977893e-10,ok,/home/elads/STAR/full_grid_solar_opacity/runs/T234p615_rho3p30891em15/fac-opacity-cowan-state/starout.h5
234.61468878976413,4.755162406834019e-15,fac-opacity-cowan-state,T234p615_rho4p75516em15,0.3394216597644912,3.899581433115562e-09,0.33942165995190593,1.8177456246200554e-10,ok,/home/elads/STAR/full_grid_solar_opacity/runs/T234p615_rho4p75516em15/fac-opacity-cowan-state/starout.h5
234.61468878976413,6.8335388732923106e-15,fac-opacity-cowan-state,T234p615_rho6p83354em15,0.3394213731971792,4.357965813897423e-09,0.3394213734025461,1.9944645579124667e-10,ok,/home/elads/STAR/full_grid_solar_opacity/runs/T234p615_rho6p83354em15/fac-opacity-cowan-state/starout.h5
234.61468878976413,9.820327790631256e-15,fac-opacity-cowan-state,T234p615_rho9p82033em15,0.3394207244657547,4.768272575207597e-09,0.33942072469715834,2.2502304771578872e-10,ok,/home/elads/STAR/full_grid_solar_opacity/runs/T234p615_rho9p82033em15/fac-opacity-cowan-state/starout.h5
234.61468878976413,1.4112576178114521e-14,fac-opacity-cowan-state,T234p615_rho1p41126em14,0.3394201646420341,5.124401496182743e-09,0.33942016494699284,2.9734654978393913e-10,ok,/home/elads/STAR/full_grid_solar_opacity/runs/T234p615_rho1p41126em14/fac-opacity-cowan-state/starout.h5
234.61468878976413,2.0280871538024598e-14,fac-opacity-cowan-state,T234p615_rho2p02809em14,0.3394198059199639,5.414746018461122e-09,0.3394198062891872,3.6046226999176805e-10,ok,/home/elads/STAR/full_grid_solar_opacity/runs/T234p615_rho2p02809em14/fac-opacity-cowan-state/starout.h5
234.61468878976413,2.914519256800997e-14,fac-opacity-cowan-state,T234p615_rho2p91452em14,0.3394193503525909,5.649148457184221e-09,0.33941935082607394,4.6293535810948643e-10,ok,/home/elads/STAR/full_grid_solar_opacity/runs/T234p615_rho2p91452em14/fac-opacity-cowan-state/starout.h5
234.61468878976413,4.188391254457488e-14,fac-opacity-cowan-state,T234p615_rho4p18839em14,0.3394189658548133,5.840305042371692e-09,0.3394189664758975,6.080001232326711e-10,ok,/home/elads/STAR/full_grid_solar_opacity/runs/T234p615_rho4p18839em14/fac-opacity-cowan-state/starout.h5
234.61468878976413,6.019044567806669e-14,fac-opacity-cowan-state,T234p615_rho6p01904em14,0.33941861023638975,6.004344212237912e-09,0.3394186110654735,8.124080900493771e-10,ok,/home/elads/STAR/full_grid_solar_opacity/runs/T234p615_rho6p01904em14/fac-opacity-cowan-state/starout.h5
234.61468878976413,8.649836012976684e-14,fac-opacity-cowan-state,T234p615_rho8p64984em14,0.33941837822034077,6.158374171400144e-09,0.3394183793404387,1.0983603688864057e-09,ok,/home/elads/STAR/full_grid_solar_opacity/runs/T234p615_rho8p64984em14/fac-opacity-cowan-state/starout.h5
234.61468878976413,1.2430488295695167e-13,fac-opacity-cowan-state,T234p615_rho1p24305em13,0.3394181987097588,6.319537354692144e-09,0.33941820031203807,1.5720861825553417e-09,ok,/home/elads/STAR/full_grid_solar_opacity/runs/T234p615_rho1p24305em13/fac-opacity-cowan-state/starout.h5
234.61468878976413,1.7863580192457348e-13,fac-opacity-cowan-state,T234p615_rho1p78636em13,0.3394180620974292,6.508276087722395e-09,0.33941806431341476,2.1750799844672776e-09,ok,/home/elads/STAR/full_grid_solar_opacity/runs/T234p615_rho1p78636em13/fac-opacity-cowan-state/starout.h5
234.61468878976413,2.567135656310987e-13,fac-opacity-cowan-state,T234p615_rho2p56714em13,0.33941796367874505,6.749489477685272e-09,0.3394179667905326,3.0551960029718266e-09,ok,/home/elads/STAR/full_grid_solar_opacity/runs/T234p615_rho2p56714em13/fac-opacity-cowan-state/starout.h5
234.61468878976413,3.6891739544382357e-13,fac-opacity-cowan-state,T234p615_rho3p68917em13,0.3394178867691642,7.07453637481908e-09,0.3394178911727867,4.3243681629584314e-09,ok,/home/elads/STAR/full_grid_solar_opacity/runs/T234p615_rho3p68917em13/fac-opacity-cowan-state/starout.h5
234.61468878976413,5.301630411562758e-13,fac-opacity-cowan-state,T234p615_rho5p30163em13,0.33941783342749465,7.527534025401302e-09,0.33941783977037826,6.229844028600295e-09,ok,/home/elads/STAR/full_grid_solar_opacity/runs/T234p615_rho5p30163em13/fac-opacity-cowan-state/starout.h5
234.61468878976413,7.618855973704612e-13,fac-opacity-cowan-state,T234p615_rho7p61886em13,0.3394177952305127,8.67180851211694e-09,0.3394178056925239,1.0290224803631164e-08,ok,/home/elads/STAR/full_grid_solar_opacity/runs/T234p615_rho7p61886em13/fac-opacity-cowan-state/starout.h5
234.61468878976413,1.0948889651276868e-12,fac-opacity-cowan-state,T234p615_rho1p09489em12,0.3394177689584531,9.80472838359001e-09,0.339417783941523,1.4738344911376511e-08,ok,/home/elads/STAR/full_grid_solar_opacity/runs/T234p615_rho1p09489em12/fac-opacity-cowan-state/starout.h5
234.61468878976413,1.5734407502856082e-12,fac-opacity-cowan-state,T234p615_rho1p57344em12,0.3394177488574539,1.1427693819891566e-08,0.33941777023420683,2.1030159332867297e-08,ok,/home/elads/STAR/full_grid_solar_opacity/runs/T234p615_rho1p57344em12/fac-opacity-cowan-state/starout.h5
234.61468878976413,2.26115695153675e-12,fac-opacity-cowan-state,T234p615_rho2p26116em12,0.3394177367387507,1.3755235224795573e-08,0.33941776699848214,2.97712692531884e-08,ok,/home/elads/STAR/full_grid_solar_opacity/runs/T234p615_rho2p26116em12/fac-opacity-cowan-state/starout.h5
234.61468878976413,3.249458715591849e-12,fac-opacity-cowan-state,T234p615_rho3p24946em12,0.3394177251665328,1.709580608653543e-08,0.3394177673656688,4.152060550745073e-08,ok,/home/elads/STAR/full_grid_solar_opacity/runs/T234p615_rho3p24946em12/fac-opacity-cowan-state/starout.h5
234.61468878976413,4.669725353279713e-12,fac-opacity-cowan-state,T234p615_rho4p66973em12,0.33927162159729396,2.1893461474011606e-08,0.3392716801766497,5.763789318647031e-08,ok,/home/elads/STAR/full_grid_solar_opacity/runs/T234p615_rho4p66973em12/fac-opacity-cowan-state/starout.h5
234.61468878976413,6.710759170575148e-12,fac-opacity-cowan-state,T234p615_rho6p71076em12,0.3392716162142824,2.8779139770066402e-08,0.33927169705956556,7.954936642543802e-08,ok,/home/elads/STAR/full_grid_solar_opacity/runs/T234p615_rho6p71076em12/fac-opacity-cowan-state/starout.h5
234.61468878976413,9.64388379154446e-12,fac-opacity-cowan-state,T234p615_rho9p64388em12,0.3392716089260552,3.866218309731607e-08,0.3392717204397826,1.0974833875623943e-07,ok,/home/elads/STAR/full_grid_solar_opacity/runs/T234p615_rho9p64388em12/fac-opacity-cowan-state/starout.h5
234.61468878976413,1.3859012403933867e-11,fac-opacity-cowan-state,T234p615_rho1p3859em11,0.33927160725187777,5.282538386463283e-08,0.3392717574160528,1.4780559110117847e-07,ok,/home/elads/STAR/full_grid_solar_opacity/runs/T234p615_rho1p3859em11/fac-opacity-cowan-state/starout.h5
234.61468878976413,1.9916480638308542e-11,fac-opacity-cowan-state,T234p615_rho1p99165em11,0.33927160574211584,7.311832369964272e-08,0.33927181093266123,2.0201996861079987e-07,ok,/home/elads/STAR/full_grid_solar_opacity/runs/T234p615_rho1p99165em11/fac-opacity-cowan-state/starout.h5
234.61468878976413,2.8621534453892672e-11,fac-opacity-cowan-state,T234p615_rho2p86215em11,0.3392715988460813,1.093113507540697e-07,0.33927188451754015,2.814558879715903e-07,ok,/home/elads/STAR/full_grid_solar_opacity/runs/T234p615_rho2p86215em11/fac-opacity-cowan-state/starout.h5
234.61468878976413,4.1131375034185614e-11,fac-opacity-cowan-state,T234p615_rho4p11314em11,0.339271592867965,1.5405909330121538e-07,0.33927196411055116,3.6584563912334337e-07,ok,/home/elads/STAR/full_grid_solar_opacity/runs/T234p615_rho4p11314em11/fac-opacity-cowan-state/starout.h5
234.61468878976413,5.910899064227969e-11,fac-opacity-cowan-state,T234p615_rho5p9109em11,0.3392715847506063,2.2120584221494754e-07,0.33927206729293075,4.7569819657030466e-07,ok,/home/elads/STAR/full_grid_solar_opacity/runs/T234p615_rho5p9109em11/fac-opacity-cowan-state/starout.h5
234.61468878976413,8.4944224982638e-11,fac-opacity-cowan-state,T234p615_rho8p49442em11,0.33927157514862816,3.1382503180863093e-07,0.33927221296164317,6.289666172768087e-07,ok,/home/elads/STAR/full_grid_solar_opacity/runs/T234p615_rho8p49442em11/fac-opacity-cowan-state/starout.h5
234.61468878976413,1.2207146966133182e-10,fac-opacity-cowan-state,T234p615_rho1p22071em10,0.3392715588232834,4.4784333540914756e-07,0.3392724123239036,8.422141149204528e-07,ok,/home/elads/STAR/full_grid_solar_opacity/runs/T234p615_rho1p22071em10/fac-opacity-cowan-state/starout.h5
234.61468878976413,1.7542621300415897e-10,fac-opacity-cowan-state,T234p615_rho1p75426em10,0.33927153888568634,6.310650436060426e-07,0.33927268399730914,1.1302247508012792e-06,ok,/home/elads/STAR/full_grid_solar_opacity/runs/T234p615_rho1p75426em10/fac-opacity-cowan-state/starout.h5
234.61468878976413,2.52101136279913e-10,fac-opacity-cowan-state,T234p615_rho2p52101em10,0.3392715133720639,9.513504254252385e-07,0.3392732668594141,1.7341365416412035e-06,ok,/home/elads/STAR/full_grid_solar_opacity/runs/T234p615_rho2p52101em10/fac-opacity-cowan-state/starout.h5
234.61468878976413,3.6228897509242966e-10,fac-opacity-cowan-state,T234p615_rho3p62289em10,0.3392714815936384,1.3662403292183916e-06,0.3392738676701133,2.3607634449720926e-06,ok,/home/elads/STAR/full_grid_solar_opacity/runs/T234p615_rho3p62289em10/fac-opacity-cowan-state/starout.h5
234.61468878976413,5.20637484663258e-10,fac-opacity-cowan-state,T234p615_rho5p20637em10,0.33927144350350236,2.0027634998615527e-06,0.3392749839266297,3.5069409167527938e-06,ok,/home/elads/STAR/full_grid_solar_opacity/runs/T234p615_rho5p20637em10/fac-opacity-cowan-state/starout.h5
234.61468878976413,7.481966305138837e-10,fac-opacity-cowan-state,T234p615_rho7p48197em10,0.3392713937082969,2.7941072729822946e-06,0.3392762461832366,4.808453162691771e-06,ok,/home/elads/STAR/full_grid_solar_opacity/runs/T234p615_rho7p48197em10/fac-opacity-cowan-state/starout.h5
234.61468878976413,1.0752168531898921e-09,fac-opacity-cowan-state,T234p615_rho1p07522em09,0.33927134688645216,3.8633489400286255e-06,0.33927787149358873,6.467960508725761e-06,ok,/home/elads/STAR/full_grid_solar_opacity/runs/T234p615_rho1p07522em09/fac-opacity-cowan-state/starout.h5
234.61468878976413,1.5451703926941453e-09,fac-opacity-cowan-state,T234p615_rho1p54517em09,0.3392712869023483,5.2966184442053265e-06,0.3392801038274348,8.744005070049853e-06,ok,/home/elads/STAR/full_grid_solar_opacity/runs/T234p615_rho1p54517em09/fac-opacity-cowan-state/starout.h5
234.61468878976413,2.220530245015531e-09,fac-opacity-cowan-state,T234p615_rho2p22053em09,0.33927122334713883,7.276894664778993e-06,0.33928301606743233,1.1700540301631357e-05,ok,/home/elads/STAR/full_grid_solar_opacity/runs/T234p615_rho2p22053em09/fac-opacity-cowan-state/starout.h5
234.61468878976413,3.1910749729235452e-09,fac-opacity-cowan-state,T234p615_rho3p19107em09,0.33927115444732003,9.86853570243419e-06,0.33928683893862477,1.556819005705938e-05,ok,/home/elads/STAR/full_grid_solar_opacity/runs/T234p615_rho3p19107em09/fac-opacity-cowan-state/starout.h5
234.61468878976413,4.585823366142813e-09,fac-opacity-cowan-state,T234p615_rho4p58582em09,0.33927107992448885,1.338435947400429e-05,0.3392917847211157,2.0560926727568165e-05,ok,/home/elads/STAR/full_grid_solar_opacity/runs/T234p615_rho4p58582em09/fac-opacity-cowan-state/starout.h5
234.61468878976413,6.590185477903269e-09,fac-opacity-cowan-state,T234p615_rho6p59019em09,0.33927098664772054,1.8423360014912125e-05,0.339298157360139,2.699240726211812e-05,ok,/home/elads/STAR/full_grid_solar_opacity/runs/T234p615_rho6p59019em09/fac-opacity-cowan-state/starout.h5
234.61468878976413,9.470610000772238e-09,fac-opacity-cowan-state,T234p615_rho9p47061em09,0.3392709126768529,2.5037835185834592e-05,0.33930689788655966,3.576678871084196e-05,ok,/home/elads/STAR/full_grid_solar_opacity/runs/T234p615_rho9p47061em09/fac-opacity-cowan-state/starout.h5
234.61468878976413,1.3610004466105506e-08,fac-opacity-cowan-state,T234p615_rho1p361em08,0.3392708057150602,3.567739933105356e-05,0.33931954011360116,4.8464010631521734e-05,ok,/home/elads/STAR/full_grid_solar_opacity/runs/T234p615_rho1p361em08/fac-opacity-cowan-state/starout.h5
234.61468878976413,1.9558636830395073e-08,fac-opacity-cowan-state,T234p615_rho1p95586em08,0.3392706954131327,5.002086509256897e-05,0.33933460510182223,6.358500000376521e-05,ok,/home/elads/STAR/full_grid_solar_opacity/runs/T234p615_rho1p95586em08/fac-opacity-cowan-state/starout.h5
234.61468878976413,2.810728502080722e-08,fac-opacity-cowan-state,T234p615_rho2p81073em08,0.33927057517757014,6.855265610998576e-05,0.3393526219770009,8.165077961339136e-05,ok,/home/elads/STAR/full_grid_solar_opacity/runs/T234p615_rho2p81073em08/fac-opacity-cowan-state/starout.h5
234.61468878976413,4.039235853150913e-08,fac-opacity-cowan-state,T234p615_rho4p03924em08,0.33927042795789897,9.527149605875403e-05,0.33937972671684874,0.00010881680395664516,ok,/home/elads/STAR/full_grid_solar_opacity/runs/T234p615_rho4p03924em08/fac-opacity-cowan-state/starout.h5
234.61468878976413,5.804696634805446e-08,fac-opacity-cowan-state,T234p615_rho5p8047em08,0.3392702731244975,0.00013524301413460457,0.3394160627423134,0.0001452144220961487,ok,/home/elads/STAR/full_grid_solar_opacity/runs/T234p615_rho5p8047em08/fac-opacity-cowan-state/starout.h5
234.61468878976413,8.341801332506338e-08,fac-opacity-cowan-state,T234p615_rho8p3418em08,0.3392701034083863,0.00019150244461184926,0.33945647969939974,0.00018569157858574478,ok,/home/elads/STAR/full_grid_solar_opacity/runs/T234p615_rho8p3418em08/fac-opacity-cowan-state/starout.h5
234.61468878976413,1.1987818459583772e-07,fac-opacity-cowan-state,T234p615_rho1p19878em07,0.339269899220749,0.00025880459759076345,0.33950911739969447,0.00023838625406142854,ok,/home/elads/STAR/full_grid_solar_opacity/runs/T234p615_rho1p19878em07/fac-opacity-cowan-state/starout.h5
234.61468878976413,1.7227429147699408e-07,fac-opacity-cowan-state,T234p615_rho1p72274em07,0.33926966426410093,0.00036013774091836573,0.33957417043693333,0.00030350877282288096,ok,/home/elads/STAR/full_grid_solar_opacity/runs/T234p615_rho1p72274em07/fac-opacity-cowan-state/starout.h5
234.61468878976413,2.4757157946593376e-07,fac-opacity-cowan-state,T234p615_rho2p47572em07,0.3392693747662856,0.0005044766308755881,0.3396497830868676,0.00037920711097834094,ok,/home/elads/STAR/full_grid_solar_opacity/runs/T234p615_rho2p47572em07/fac-opacity-cowan-state/starout.h5
234.61468878976413,3.557796490339488e-07,fac-opacity-cowan-state,T234p615_rho3p5578em07,0.3392690416425622,0.000718395394488182,0.33975669706371464,0.0004862351069993953,ok,/home/elads/STAR/full_grid_solar_opacity/runs/T234p615_rho3p5578em07/fac-opacity-cowan-state/starout.h5
234.61468878976413,5.112830759482948e-07,fac-opacity-cowan-state,T234p615_rho5p11283em07,0.3392686034580282,0.0009893132788472822,0.33985858454691287,0.0005882501635521197,ok,/home/elads/STAR/full_grid_solar_opacity/runs/T234p615_rho5p11283em07/fac-opacity-cowan-state/starout.h5
234.61468878976413,7.347536163492159e-07,fac-opacity-cowan-state,T234p615_rho7p34754em07,0.3392680849162202,0.0013790287546519083,0.33999102855134966,0.0007208092382299281,ok,/home/elads/STAR/full_grid_solar_opacity/runs/T234p615_rho7p34754em07/fac-opacity-cowan-state/starout.h5
234.61468878976413,1.0558981944335787e-06,fac-opacity-cowan-state,T234p615_rho1p0559em06,0.339267436308405,0.0019319521267115625,0.3401613883755304,0.0008913740494041212,ok,/home/elads/STAR/full_grid_solar_opacity/runs/T234p615_rho1p0559em06/fac-opacity-cowan-state/starout.h5
234.61468878976413,1.517407974863493e-06,fac-opacity-cowan-state,T234p615_rho1p51741em06,0.3392666150410641,0.0026827081706948474,0.3403505014235757,0.0010807290684357524,ok,/home/elads/STAR/full_grid_solar_opacity/runs/T234p615_rho1p51741em06/fac-opacity-cowan-state/starout.h5
234.61468878976413,2.1806334875063253e-06,fac-opacity-cowan-state,T234p615_rho2p18063em06,0.33926547935054585,0.0037737062916827257,0.3406163529391593,0.0013471298462746676,ok,/home/elads/STAR/full_grid_solar_opacity/runs/T234p615_rho2p18063em06/fac-opacity-cowan-state/starout.h5
234.61468878976413,3.1337402238588983e-06,fac-opacity-cowan-state,T234p615_rho3p13374em06,0.33926417775534634,0.005218906553214967,0.34092709854847564,0.0016583164546548543,ok,/home/elads/STAR/full_grid_solar_opacity/runs/T234p615_rho3p13374em06/fac-opacity-cowan-state/starout.h5
234.61468878976413,4.503428864545845e-06,fac-opacity-cowan-state,T234p615_rho4p50343em06,0.33926238179475693,0.007140819354441291,0.34127048175908903,0.0020025591997646216,ok,/home/elads/STAR/full_grid_solar_opacity/runs/T234p615_rho4p50343em06/fac-opacity-cowan-state/starout.h5
234.61468878976413,6.471778159406801e-06,fac-opacity-cowan-state,T234p615_rho6p47178em06,0.339260302699266,0.01008983169263563,0.34198093605460905,0.0027139113687636406,ok,/home/elads/STAR/full_grid_solar_opacity/runs/T234p615_rho6p47178em06/fac-opacity-cowan-state/starout.h5
234.61468878976413,9.300449458481393e-06,fac-opacity-cowan-state,T234p615_rho9p30045em06,0.3392573827333227,0.013725612324328314,0.34251668094884496,0.003251403004482213,ok,/home/elads/STAR/full_grid_solar_opacity/runs/T234p615_rho9p30045em06/fac-opacity-cowan-state/starout.h5
234.61468878976413,1.3365470508911143e-05,fac-opacity-cowan-state,T234p615_rho1p33655em05,0.33925364452558604,0.01879460895976162,0.34349405094358776,0.0042306170599294,ok,/home/elads/STAR/full_grid_solar_opacity/runs/T234p615_rho1p33655em05/fac-opacity-cowan-state/starout.h5
234.61468878976413,1.920722248123928e-05,fac-opacity-cowan-state,T234p615_rho1p92072em05,0.33924872911810194,0.025523679202607202,0.34449885985272916,0.005238149798511642,ok,/home/elads/STAR/full_grid_solar_opacity/runs/T234p615_rho1p92072em05/fac-opacity-cowan-state/starout.h5
234.61468878976413,2.760227522090268e-05,fac-opacity-cowan-state,T234p615_rho2p76023em05,0.33924201939569737,0.03503542093788529,0.3460541971457453,0.006797134662873393,ok,/home/elads/STAR/full_grid_solar_opacity/runs/T234p615_rho2p76023em05/fac-opacity-cowan-state/starout.h5
234.61468878976413,3.966662010161191e-05,fac-opacity-cowan-state,T234p615_rho3p96666em05,0.3392328532377019,0.048971043279233545,0.34912729251361263,0.009875671884877835,ok,/home/elads/STAR/full_grid_solar_opacity/runs/T234p615_rho3p96666em05/fac-opacity-cowan-state/starout.h5
234.61468878976413,5.7004023678963655e-05,fac-opacity-cowan-state,T234p615_rho5p7004em05,0.3392212061492327,0.06521007180805033,0.35051632845021846,0.011273130275858197,ok,/home/elads/STAR/full_grid_solar_opacity/runs/T234p615_rho5p7004em05/fac-opacity-cowan-state/starout.h5
234.61468878976413,8.191922344953684e-05,fac-opacity-cowan-state,T234p615_rho8p19192em05,0.33920417575137063,0.0893075529111166,0.35494037485683705,0.01570558170977204,ok,/home/elads/STAR/full_grid_solar_opacity/runs/T234p615_rho8p19192em05/fac-opacity-cowan-state/starout.h5
234.61468878976413,0.00011772430676769293,fac-opacity-cowan-state,T234p615_rho0p000117724,0.33918065449913587,0.12129044332913927,0.3611418443658705,0.021920912998387127,ok,/home/elads/STAR/full_grid_solar_opacity/runs/T234p615_rho0p000117724/fac-opacity-cowan-state/starout.h5
234.61468878976413,0.00016917900122028344,fac-opacity-cowan-state,T234p615_rho0p000169179,0.3391478620025805,0.16441129925066078,0.37002815036344633,0.03083128931808107,ok,/home/elads/STAR/full_grid_solar_opacity/runs/T234p615_rho0p000169179/fac-opacity-cowan-state/starout.h5
234.61468878976413,0.0002431234061999784,fac-opacity-cowan-state,T234p615_rho0p000243123,0.3391022862876637,0.2178625114517777,0.3791523154074483,0.039988873906023834,ok,/home/elads/STAR/full_grid_solar_opacity/runs/T234p615_rho0p000243123/fac-opacity-cowan-state/starout.h5
234.61468878976413,0.0003493872774749123,fac-opacity-cowan-state,T234p615_rho0p000349387,0.3390384049567373,0.2927325148975414,0.39785702689263447,0.05873314330315569,ok,/home/elads/STAR/full_grid_solar_opacity/runs/T234p615_rho0p000349387/fac-opacity-cowan-state/starout.h5
234.61468878976413,0.0005020967399614471,fac-opacity-cowan-state,T234p615_rho0p000502097,0.33894958011522675,0.3767752235100562,0.40924291965993354,0.07018599738980029,ok,/home/elads/STAR/full_grid_solar_opacity/runs/T234p615_rho0p000502097/fac-opacity-cowan-state/starout.h5
234.61468878976413,0.0007215521357901021,fac-opacity-cowan-state,T234p615_rho0p000721552,0.338825548162791,0.49301926978926314,0.43721743528597806,0.09825341856558363,ok,/home/elads/STAR/full_grid_solar_opacity/runs/T234p615_rho0p000721552/fac-opacity-cowan-state/starout.h5
234.61468878976413,0.0010369266382873438,fac-opacity-cowan-state,T234p615_rho0p00103693,0.338653005096685,0.6315380246386271,0.46701075849304563,0.12818222121444112,ok,/home/elads/STAR/full_grid_solar_opacity/runs/T234p615_rho0p00103693/fac-opacity-cowan-state/starout.h5
234.61468878976413,0.0014901443705277455,fac-opacity-cowan-state,T234p615_rho0p00149014,0.338412708003346,0.7995978996004449,0.48969518630934017,0.1510645917695274,ok,/home/elads/STAR/full_grid_solar_opacity/runs/T234p615_rho0p00149014/fac-opacity-cowan-state/starout.h5
234.61468878976413,0.002141453563853953,fac-opacity-cowan-state,T234p615_rho0p00214145,0.3380801087324711,1.0458068090349222,0.5715474144441648,0.2332020044296115,ok,/home/elads/STAR/full_grid_solar_opacity/runs/T234p615_rho0p00214145/fac-opacity-cowan-state/starout.h5
234.61468878976413,0.003077435620898055,fac-opacity-cowan-state,T234p615_rho0p00307744,0.33762015840647264,1.3115030882697636,0.639044821766668,0.30108613507573345,ok,/home/elads/STAR/full_grid_solar_opacity/runs/T234p615_rho0p00307744/fac-opacity-cowan-state/starout.h5
234.61468878976413,0.004422514763163053,fac-opacity-cowan-state,T234p615_rho0p00442251,0.336988512505719,1.6674896139459283,0.7609328490668501,0.4235497972544738,ok,/home/elads/STAR/full_grid_solar_opacity/runs/T234p615_rho0p00442251/fac-opacity-cowan-state/starout.h5
234.61468878976413,0.006355498291362301,fac-opacity-cowan-state,T234p615_rho0p0063555,0.3361281747831669,1.9901281303218379,0.8004872979843741,0.463781217142729,ok,/home/elads/STAR/full_grid_solar_opacity/runs/T234p615_rho0p0063555/fac-opacity-cowan-state/starout.h5
234.61468878976413,0.009133346228248624,fac-opacity-cowan-state,T234p615_rho0p00913335,0.3349659982772876,2.4337080783405267,0.8973855584915628,0.5616949982272597,ok,/home/elads/STAR/full_grid_solar_opacity/runs/T234p615_rho0p00913335/fac-opacity-cowan-state/starout.h5
234.61468878976413,0.01312533014735226,fac-opacity-cowan-state,T234p615_rho0p0131253,0.3334103712418223,3.111838817013271,1.131993977171124,0.797777403636074,ok,/home/elads/STAR/full_grid_solar_opacity/runs/T234p615_rho0p0131253/fac-opacity-cowan-state/starout.h5
234.61468878976413,0.018862122071335155,fac-opacity-cowan-state,T234p615_rho0p0188621,0.3313514985401514,3.732719863746807,1.2163358581439507,0.8837036016536377,ok,/home/elads/STAR/full_grid_solar_opacity/runs/T234p615_rho0p0188621/fac-opacity-cowan-state/starout.h5
234.61468878976413,0.02710633904364831,fac-opacity-cowan-state,T234p615_rho0p0271063,0.32866226238819946,4.866312957859032,1.629966793123319,1.3000505601255183,ok,/home/elads/STAR/full_grid_solar_opacity/runs/T234p615_rho0p0271063/fac-opacity-cowan-state/starout.h5
234.61468878976413,0.038953921174427183,fac-opacity-cowan-state,T234p615_rho0p0389539,0.32520432297467156,6.172177155819846,1.9975176372754744,1.6701242329078652,ok,/home/elads/STAR/full_grid_solar_opacity/runs/T234p615_rho0p0389539/fac-opacity-cowan-state/starout.h5
234.61468878976413,0.0559798197912329,fac-opacity-cowan-state,T234p615_rho0p0559798,0.32083864131912176,7.724141190217278,2.121002067574617,1.7964353909241353,ok,/home/elads/STAR/full_grid_solar_opacity/runs/T234p615_rho0p0559798/fac-opacity-cowan-state/starout.h5
234.61468878976413,0.08044736266284185,fac-opacity-cowan-state,T234p615_rho0p0804474,0.3154336739961526,10.040241633116116,2.574460024199926,2.2533421689100237,ok,/home/elads/STAR/full_grid_solar_opacity/runs/T234p615_rho0p0804474/fac-opacity-cowan-state/starout.h5
234.61468878976413,0.11560912813835741,fac-opacity-cowan-state,T234p615_rho0p115609,0.30890755783011387,13.184095696134357,3.1176464454886514,2.8006154057027226,ok,/home/elads/STAR/full_grid_solar_opacity/runs/T234p615_rho0p115609/fac-opacity-cowan-state/starout.h5
234.61468878976413,0.1661393247274789,fac-opacity-cowan-state,T234p615_rho0p166139,0.30124509326435933,17.56160335312316,3.726483519970273,3.4151603707205105,ok,/home/elads/STAR/full_grid_solar_opacity/runs/T234p615_rho0p166139/fac-opacity-cowan-state/starout.h5
234.61468878976413,0.23875515424585794,fac-opacity-cowan-state,T234p615_rho0p238755,0.29252287445147074,23.59162886987293,3.8117854590296814,3.503389683289179,ok,/home/elads/STAR/full_grid_solar_opacity/runs/T234p615_rho0p238755/fac-opacity-cowan-state/starout.h5
234.61468878976413,0.34310975906798746,fac-opacity-cowan-state,T234p615_rho0p34311,0.2828311015185423,32.037930441368744,4.520465957566149,4.218749193473409,ok,/home/elads/STAR/full_grid_solar_opacity/runs/T234p615_rho0p34311/fac-opacity-cowan-state/starout.h5
234.61468878976413,0.49307545690287347,fac-opacity-cowan-state,T234p615_rho0p493075,0.27262043809356284,43.74551183039427,5.032385662882041,4.7377144652436805,ok,/home/elads/STAR/full_grid_solar_opacity/runs/T234p615_rho0p493075/fac-opacity-cowan-state/starout.h5
234.61468878976413,0.7085878491488851,fac-opacity-cowan-state,T234p615_rho0p708588,0.2622326728261587,60.11918901465456,5.440517185437986,5.153946288208909,ok,/home/elads/STAR/full_grid_solar_opacity/runs/T234p615_rho0p708588/fac-opacity-cowan-state/starout.h5
234.61468878976413,1.0182959482819007,fac-opacity-cowan-state,T234p615_rho1p0183,0.25214467782100525,83.31095394202784,5.771686694440092,5.493988692327013,ok,/home/elads/STAR/full_grid_solar_opacity/runs/T234p615_rho1p0183/fac-opacity-cowan-state/starout.h5
234.61468878976413,1.4633706173946401,fac-opacity-cowan-state,T234p615_rho1p46337,0.2428623900794166,115.0835863182562,6.351780446509795,6.0836413185859435,ok,/home/elads/STAR/full_grid_solar_opacity/runs/T234p615_rho1p46337/fac-opacity-cowan-state/starout.h5
234.61468878976413,2.1029775945461404,fac-opacity-cowan-state,T234p615_rho2p10298,0.23488871971809192,158.89465351070578,7.702361047471465,7.444244064371404,ok,/home/elads/STAR/full_grid_solar_opacity/runs/T234p615_rho2p10298/fac-opacity-cowan-state/starout.h5
234.61468878976413,3.0221426551783854,fac-opacity-cowan-state,T234p615_rho3p02214,0.22870912334347845,219.56463721970337,9.31052759217076,9.061604680281663,ok,/home/elads/STAR/full_grid_solar_opacity/runs/T234p615_rho3p02214/fac-opacity-cowan-state/starout.h5
234.61468878976413,4.343054463316713,fac-opacity-cowan-state,T234p615_rho4p34305,0.2247836686589416,300.55538626399897,11.57259986567685,11.33092998419656,ok,/home/elads/STAR/full_grid_solar_opacity/runs/T234p615_rho4p34305/fac-opacity-cowan-state/starout.h5
234.61468878976413,6.241307649397467,fac-opacity-cowan-state,T234p615_rho6p24131,0.22352951139318797,407.503326351946,14.352043842787689,14.114832278528409,ok,/home/elads/STAR/full_grid_solar_opacity/runs/T234p615_rho6p24131/fac-opacity-cowan-state/starout.h5
234.61468878976413,8.969245378672715,fac-opacity-cowan-state,T234p615_rho8p96925,0.22538136048188354,544.5767791111604,18.12661403267834,17.890809484788516,ok,/home/elads/STAR/full_grid_solar_opacity/runs/T234p615_rho8p96925/fac-opacity-cowan-state/starout.h5
234.61468878976413,12.889504440725364,fac-opacity-cowan-state,T234p615_rho12p8895,0.2306284139510448,716.0041611829712,24.148447716048658,23.910555225161566,ok,/home/elads/STAR/full_grid_solar_opacity/runs/T234p615_rho12p8895/fac-opacity-cowan-state/starout.h5
234.61468878976413,18.52322215674118,fac-opacity-cowan-state,T234p615_rho18p5232,0.23957763021285755,916.2684052943774,31.1377024954069,30.893160582268276,ok,/home/elads/STAR/full_grid_solar_opacity/runs/T234p615_rho18p5232/fac-opacity-cowan-state/starout.h5
234.61468878976413,26.61931346126126,fac-opacity-cowan-state,T234p615_rho26p6193,0.2520943631847425,1136.0141521677401,40.78289677549216,40.52781856927872,ok,/home/elads/STAR/full_grid_solar_opacity/runs/T234p615_rho26p6193/fac-opacity-cowan-state/starout.h5
234.61468878976413,38.254027466328665,fac-opacity-cowan-state,T234p615_rho38p254,0.2678033172730504,1352.6059240035672,51.96539312691185,51.69622625434682,ok,/home/elads/STAR/full_grid_solar_opacity/runs/T234p615_rho38p254/fac-opacity-cowan-state/starout.h5
234.61468878976413,54.97401800103719,fac-opacity-cowan-state,T234p615_rho54p974,0.2856712416498452,1532.9268750140288,64.69514941893476,64.40937858996587,ok,/home/elads/STAR/full_grid_solar_opacity/runs/T234p615_rho54p974/fac-opacity-cowan-state/starout.h5
234.61468878976413,79.0019471240894,fac-opacity-cowan-state,T234p615_rho79p0019,0.3042978120557885,1647.1726810980733,78.27024782200452,77.96673828165795,ok,/home/elads/STAR/full_grid_solar_opacity/runs/T234p615_rho79p0019/fac-opacity-cowan-state/starout.h5
234.61468878976413,113.53195339077567,fac-opacity-cowan-state,T234p615_rho113p532,0.3223127622606318,1866.2049099812825,93.07277370995364,92.75175922805042,ok,/home/elads/STAR/full_grid_solar_opacity/runs/T234p615_rho113p532/fac-opacity-cowan-state/starout.h5
234.61468878976413,163.15426277379785,fac-opacity-cowan-state,T234p615_rho163p154,0.3390765018364443,2039.2563675033405,107.05721921516283,106.71963598344979,ok,/home/elads/STAR/full_grid_solar_opacity/runs/T234p615_rho163p154/fac-opacity-cowan-state/starout.h5
234.61468878976413,234.46538763970608,fac-opacity-cowan-state,T234p615_rho234p465,0.3550669208031269,2145.6976904868666,116.86032776602622,116.50681260057256,ok,/home/elads/STAR/full_grid_solar_opacity/runs/T234p615_rho234p465/fac-opacity-cowan-state/starout.h5
234.61468878976413,336.94503022121665,fac-opacity-cowan-state,T234p615_rho336p945,0.37170129704772453,2080.7693544336244,127.31635553956097,126.94636201398653,ok,/home/elads/STAR/full_grid_solar_opacity/runs/T234p615_rho336p945/fac-opacity-cowan-state/starout.h5
234.61468878976413,484.21626123015125,fac-opacity-cowan-state,T234p615_rho484p216,0.39103412864866,1834.6773849995545,156.1610713353914,155.77208504589862,ok,/home/elads/STAR/full_grid_solar_opacity/runs/T234p615_rho484p216/fac-opacity-cowan-state/starout.h5
234.61468878976413,695.8564947100452,fac-opacity-cowan-state,T234p615_rho695p856,0.41499376799831594,1464.700561275979,226.6579941094044,226.24531438388775,ok,/home/elads/STAR/full_grid_solar_opacity/runs/T234p615_rho695p856/fac-opacity-cowan-state/starout.h5
234.61468878976413,1000.0,fac-opacity-cowan-state,T234p615_rho1000,0.44513472480342264,1059.1147812252045,323.19509955011586,322.7520255612657,ok,/home/elads/STAR/full_grid_solar_opacity/runs/T234p615_rho1000/fac-opacity-cowan-state/starout.h5
258.2828635134558,1e-17,fac-opacity-cowan-state,T258p283_rho1em17,0.33922425454936217,1.2425495712692373e-09,0.3392242550070993,4.4203187363518156e-10,ok,/home/elads/STAR/full_grid_solar_opacity/runs/T258p283_rho1em17/fac-opacity-cowan-state/starout.h5
258.2828635134558,1.4370779141993746e-17,fac-opacity-cowan-state,T258p283_rho1p43708em17,0.33922425454936567,1.2425498247656283e-09,0.3392242550071029,4.4203196387172703e-10,ok,/home/elads/STAR/full_grid_solar_opacity/runs/T258p283_rho1p43708em17/fac-opacity-cowan-state/starout.h5
258.2828635134558,2.065192931479625e-17,fac-opacity-cowan-state,T258p283_rho2p06519em17,0.33922425454916527,1.2425501970765335e-09,0.33922425500690256,4.4203210424528867e-10,ok,/home/elads/STAR/full_grid_solar_opacity/runs/T258p283_rho2p06519em17/fac-opacity-cowan-state/starout.h5
258.2828635134558,2.9678431503900313e-17,fac-opacity-cowan-state,T258p283_rho2p96784em17,0.33922425454905397,1.2425507330233323e-09,0.33922425500679154,4.4203230240416083e-10,ok,/home/elads/STAR/full_grid_solar_opacity/runs/T258p283_rho2p96784em17/fac-opacity-cowan-state/starout.h5
258.2828635134558,4.2650218442334076e-17,fac-opacity-cowan-state,T258p283_rho4p26502em17,0.33922425173790777,1.2425515040101318e-09,0.33922425219564556,4.4203258651414456e-10,ok,/home/elads/STAR/full_grid_solar_opacity/runs/T258p283_rho4p26502em17/fac-opacity-cowan-state/starout.h5
258.2828635134558,6.129168695925715e-17,fac-opacity-cowan-state,T258p283_rho6p12917em17,0.33922425454990196,1.2425525863398744e-09,0.33922425500764025,4.4203298105019296e-10,ok,/home/elads/STAR/full_grid_solar_opacity/runs/T258p283_rho6p12917em17/fac-opacity-cowan-state/starout.h5
258.2828635134558,8.808092965317026e-17,fac-opacity-cowan-state,T258p283_rho8p80809em17,0.3392242545488443,1.2425541900533377e-09,0.3392242550065833,4.420335820770157e-10,ok,/home/elads/STAR/full_grid_solar_opacity/runs/T258p283_rho8p80809em17/fac-opacity-cowan-state/starout.h5
258.2828635134558,1.2657915866672028e-16,fac-opacity-cowan-state,T258p283_rho1p26579em16,0.33922425454879856,1.2425564584218896e-09,0.3392242550065383,4.420344167970061e-10,ok,/home/elads/STAR/full_grid_solar_opacity/runs/T258p283_rho1p26579em16/fac-opacity-cowan-state/starout.h5
258.2828635134558,1.819041133178821e-16,fac-opacity-cowan-state,T258p283_rho1p81904em16,0.3392242545486716,1.242559731848952e-09,0.33922425500641246,4.420356270515834e-10,ok,/home/elads/STAR/full_grid_solar_opacity/runs/T258p283_rho1p81904em16/fac-opacity-cowan-state/starout.h5
258.2828635134558,2.6141038375114865e-16,fac-opacity-cowan-state,T258p283_rho2p6141em16,0.33922425454860333,1.2425644316266525e-09,0.339224255006346,4.4203736264874987e-10,ok,/home/elads/STAR/full_grid_solar_opacity/runs/T258p283_rho2p6141em16/fac-opacity-cowan-state/starout.h5
258.2828635134558,3.7566708903116036e-16,fac-opacity-cowan-state,T258p283_rho3p75667em16,0.3392242545484069,1.2425712068649493e-09,0.339224255006152,4.4203987114806273e-10,ok,/home/elads/STAR/full_grid_solar_opacity/runs/T258p283_rho3p75667em16/fac-opacity-cowan-state/starout.h5
258.2828635134558,5.398628767382507e-16,fac-opacity-cowan-state,T258p283_rho5p39863em16,0.339224254486256,1.242580919201631e-09,0.33922425494400454,4.4204345788167034e-10,ok,/home/elads/STAR/full_grid_solar_opacity/runs/T258p283_rho5p39863em16/fac-opacity-cowan-state/starout.h5
258.2828635134558,7.758250168566793e-16,fac-opacity-cowan-state,T258p283_rho7p75825em16,0.33922408764976536,1.4476807382877005e-09,0.33922408814853117,4.817004426548138e-10,ok,/home/elads/STAR/full_grid_solar_opacity/runs/T258p283_rho7p75825em16/fac-opacity-cowan-state/starout.h5
258.2828635134558,1.1149209970080914e-15,fac-opacity-cowan-state,T258p283_rho1p11492em15,0.33922366526575654,1.9845719631493727e-09,0.33922366586173264,5.756932762562496e-10,ok,/home/elads/STAR/full_grid_solar_opacity/runs/T258p283_rho1p11492em15/fac-opacity-cowan-state/starout.h5
258.2828635134558,1.6022283408774753e-15,fac-opacity-cowan-state,T258p283_rho1p60223em15,0.3392231697577623,2.688667677433374e-09,0.3392231704626203,6.810451463180342e-10,ok,/home/elads/STAR/full_grid_solar_opacity/runs/T258p283_rho1p60223em15/fac-opacity-cowan-state/starout.h5
258.2828635134558,2.3025269621793266e-15,fac-opacity-cowan-state,T258p283_rho2p30253em15,0.3392226226151558,3.5886937643499672e-09,0.33922262342235715,7.800362882050282e-10,ok,/home/elads/STAR/full_grid_solar_opacity/runs/T258p283_rho2p30253em15/fac-opacity-cowan-state/starout.h5
258.2828635134558,3.308910644196489e-15,fac-opacity-cowan-state,T258p283_rho3p30891em15,0.33922185549795,4.7139046405883575e-09,0.33922185639842845,8.702696704567978e-10,ok,/home/elads/STAR/full_grid_solar_opacity/runs/T258p283_rho3p30891em15/fac-opacity-cowan-state/starout.h5
258.2828635134558,4.755162406834019e-15,fac-opacity-cowan-state,T258p283_rho4p75516em15,0.3392212183499203,6.055299407733368e-09,0.3392212193325845,9.4980200214425e-10,ok,/home/elads/STAR/full_grid_solar_opacity/runs/T258p283_rho4p75516em15/fac-opacity-cowan-state/starout.h5
258.2828635134558,6.8335388732923106e-15,fac-opacity-cowan-state,T258p283_rho6p83354em15,0.339220397467159,7.659801038420438e-09,0.33922039852232494,1.019995047821739e-09,ok,/home/elads/STAR/full_grid_solar_opacity/runs/T258p283_rho6p83354em15/fac-opacity-cowan-state/starout.h5
258.2828635134558,9.820327790631256e-15,fac-opacity-cowan-state,T258p283_rho9p82033em15,0.3392196324000093,9.500523909189354e-09,0.3392196335196055,1.0824490099436726e-09,ok,/home/elads/STAR/full_grid_solar_opacity/runs/T258p283_rho9p82033em15/fac-opacity-cowan-state/starout.h5
258.2828635134558,1.4112576178114521e-14,fac-opacity-cowan-state,T258p283_rho1p41126em14,0.33921889877335437,1.1618980625060702e-08,0.3392188999534666,1.141155531667139e-09,ok,/home/elads/STAR/full_grid_solar_opacity/runs/T258p283_rho1p41126em14/fac-opacity-cowan-state/starout.h5
258.2828635134558,2.0280871538024598e-14,fac-opacity-cowan-state,T258p283_rho2p02809em14,0.3392180843447583,1.4102032645844014e-08,0.3392180855832845,1.1979293271376781e-09,ok,/home/elads/STAR/full_grid_solar_opacity/runs/T258p283_rho2p02809em14/fac-opacity-cowan-state/starout.h5
258.2828635134558,2.914519256800997e-14,fac-opacity-cowan-state,T258p283_rho2p91452em14,0.33921727089015363,1.6977711949045614e-08,0.33921727218631686,1.254058420772875e-09,ok,/home/elads/STAR/full_grid_solar_opacity/runs/T258p283_rho2p91452em14/fac-opacity-cowan-state/starout.h5
258.2828635134558,4.188391254457488e-14,fac-opacity-cowan-state,T258p283_rho4p18839em14,0.33921646792019394,2.0316556360334728e-08,0.3392164692866974,1.3227147686852171e-09,ok,/home/elads/STAR/full_grid_solar_opacity/runs/T258p283_rho4p18839em14/fac-opacity-cowan-state/starout.h5
258.2828635134558,6.019044567806669e-14,fac-opacity-cowan-state,T258p283_rho6p01904em14,0.3392156856048316,2.411879142138215e-08,0.33921568703097876,1.381240003346812e-09,ok,/home/elads/STAR/full_grid_solar_opacity/runs/T258p283_rho6p01904em14/fac-opacity-cowan-state/starout.h5
258.2828635134558,8.649836012976684e-14,fac-opacity-cowan-state,T258p283_rho8p64984em14,0.33921493730976954,2.8338782714781842e-08,0.33921493883156806,1.4751291786094826e-09,ok,/home/elads/STAR/full_grid_solar_opacity/runs/T258p283_rho8p64984em14/fac-opacity-cowan-state/starout.h5
258.2828635134558,1.2430488295695167e-13,fac-opacity-cowan-state,T258p283_rho1p24305em13,0.3392140649618227,3.2798914096076605e-08,0.33921406666537085,1.6539471497452085e-09,ok,/home/elads/STAR/full_grid_solar_opacity/runs/T258p283_rho1p24305em13/fac-opacity-cowan-state/starout.h5
258.2828635134558,1.7863580192457348e-13,fac-opacity-cowan-state,T258p283_rho1p78636em13,0.3392134177181147,3.7247015069670515e-08,0.33921341969129587,1.9183827763434697e-09,ok,/home/elads/STAR/full_grid_solar_opacity/runs/T258p283_rho1p78636em13/fac-opacity-cowan-state/starout.h5
258.2828635134558,2.567135656310987e-13,fac-opacity-cowan-state,T258p283_rho2p56714em13,0.3392127296027419,4.145419415362938e-08,0.33921273183491096,2.1735208803839482e-09,ok,/home/elads/STAR/full_grid_solar_opacity/runs/T258p283_rho2p56714em13/fac-opacity-cowan-state/starout.h5
258.2828635134558,3.6891739544382357e-13,fac-opacity-cowan-state,T258p283_rho3p68917em13,0.339212103772016,4.52138496040912e-08,0.3392121064001288,2.563098383845769e-09,ok,/home/elads/STAR/full_grid_solar_opacity/runs/T258p283_rho3p68917em13/fac-opacity-cowan-state/starout.h5
258.2828635134558,5.301630411562758e-13,fac-opacity-cowan-state,T258p283_rho5p30163em13,0.3392115402376304,4.8429116814925376e-08,0.33921154347571025,3.1625503720340477e-09,ok,/home/elads/STAR/full_grid_solar_opacity/runs/T258p283_rho5p30163em13/fac-opacity-cowan-state/starout.h5
258.2828635134558,7.618855973704612e-13,fac-opacity-cowan-state,T258p283_rho7p61886em13,0.3392110451077848,5.1101095996739135e-08,0.3392110492209002,4.022853165224558e-09,ok,/home/elads/STAR/full_grid_solar_opacity/runs/T258p283_rho7p61886em13/fac-opacity-cowan-state/starout.h5
258.2828635134558,1.0948889651276868e-12,fac-opacity-cowan-state,T258p283_rho1p09489em12,0.33921062569716703,5.330540216452657e-08,0.33921063106614546,5.258166452654658e-09,ok,/home/elads/STAR/full_grid_solar_opacity/runs/T258p283_rho1p09489em12/fac-opacity-cowan-state/starout.h5
258.2828635134558,1.5734407502856082e-12,fac-opacity-cowan-state,T258p283_rho1p57344em12,0.33921027825859945,5.518470099540622e-08,0.3392102853612198,6.963425490777252e-09,ok,/home/elads/STAR/full_grid_solar_opacity/runs/T258p283_rho1p57344em12/fac-opacity-cowan-state/starout.h5
258.2828635134558,2.26115695153675e-12,fac-opacity-cowan-state,T258p283_rho2p26116em12,0.3392099961890142,5.688691450841407e-08,0.33921000593273365,9.560501673081775e-09,ok,/home/elads/STAR/full_grid_solar_opacity/runs/T258p283_rho2p26116em12/fac-opacity-cowan-state/starout.h5
258.2828635134558,3.249458715591849e-12,fac-opacity-cowan-state,T258p283_rho3p24946em12,0.33920977510969474,5.952199594792533e-08,0.3392097911291738,1.5752506983274978e-08,ok,/home/elads/STAR/full_grid_solar_opacity/runs/T258p283_rho3p24946em12/fac-opacity-cowan-state/starout.h5
258.2828635134558,4.669725353279713e-12,fac-opacity-cowan-state,T258p283_rho4p66973em12,0.33904896932166245,6.18545602024346e-08,0.3390489915802525,2.1895207404026515e-08,ok,/home/elads/STAR/full_grid_solar_opacity/runs/T258p283_rho4p66973em12/fac-opacity-cowan-state/starout.h5
258.2828635134558,6.710759170575148e-12,fac-opacity-cowan-state,T258p283_rho6p71076em12,0.3390487387074495,6.485146953605838e-08,0.33904877032656805,3.111473634305281e-08,ok,/home/elads/STAR/full_grid_solar_opacity/runs/T258p283_rho6p71076em12/fac-opacity-cowan-state/starout.h5
258.2828635134558,9.64388379154446e-12,fac-opacity-cowan-state,T258p283_rho9p64388em12,0.3390486478211028,6.8825498498552e-08,0.33904869187209163,4.335414443930717e-08,ok,/home/elads/STAR/full_grid_solar_opacity/runs/T258p283_rho9p64388em12/fac-opacity-cowan-state/starout.h5
258.2828635134558,1.3859012403933867e-11,fac-opacity-cowan-state,T258p283_rho1p3859em11,0.33904857978305947,7.439640077924344e-08,0.33904864263025836,6.187117043196795e-08,ok,/home/elads/STAR/full_grid_solar_opacity/runs/T258p283_rho1p3859em11/fac-opacity-cowan-state/starout.h5
258.2828635134558,1.9916480638308542e-11,fac-opacity-cowan-state,T258p283_rho1p99165em11,0.33904853082986225,8.225442561625923e-08,0.33904861997851354,8.777603882985632e-08,ok,/home/elads/STAR/full_grid_solar_opacity/runs/T258p283_rho1p99165em11/fac-opacity-cowan-state/starout.h5
258.2828635134558,2.8621534453892672e-11,fac-opacity-cowan-state,T258p283_rho2p86215em11,0.33904849576977536,9.348973351666111e-08,0.3390486198546138,1.2217559815186387e-07,ok,/home/elads/STAR/full_grid_solar_opacity/runs/T258p283_rho2p86215em11/fac-opacity-cowan-state/starout.h5
258.2828635134558,4.1131375034185614e-11,fac-opacity-cowan-state,T258p283_rho4p11314em11,0.3390484707141307,1.0964996837738568e-07,0.3390486445534014,1.711803484051029e-07,ok,/home/elads/STAR/full_grid_solar_opacity/runs/T258p283_rho4p11314em11/fac-opacity-cowan-state/starout.h5
258.2828635134558,5.910899064227969e-11,fac-opacity-cowan-state,T258p283_rho5p9109em11,0.33904845271056067,1.33156401755165e-07,0.33904869521159997,2.3882824599959037e-07,ok,/home/elads/STAR/full_grid_solar_opacity/runs/T258p283_rho5p9109em11/fac-opacity-cowan-state/starout.h5
258.2828635134558,8.4944224982638e-11,fac-opacity-cowan-state,T258p283_rho8p49442em11,0.33904843950706215,1.759641529564869e-07,0.33904879228173435,3.4765860001533297e-07,ok,/home/elads/STAR/full_grid_solar_opacity/runs/T258p283_rho8p49442em11/fac-opacity-cowan-state/starout.h5
258.2828635134558,1.2207146966133182e-10,fac-opacity-cowan-state,T258p283_rho1p22071em10,0.33904842942064406,2.2781903849488314e-07,0.3390489184109012,4.820387236113044e-07,ok,/home/elads/STAR/full_grid_solar_opacity/runs/T258p283_rho1p22071em10/fac-opacity-cowan-state/starout.h5
258.2828635134558,1.7542621300415897e-10,fac-opacity-cowan-state,T258p283_rho1p75426em10,0.3390484207656544,3.050941754352749e-07,0.33904907922508243,6.491968580742091e-07,ok,/home/elads/STAR/full_grid_solar_opacity/runs/T258p283_rho1p75426em10/fac-opacity-cowan-state/starout.h5
258.2828635134558,2.52101136279913e-10,fac-opacity-cowan-state,T258p283_rho2p52101em10,0.33904841347218334,4.147149071840976e-07,0.339049311593651,8.85799448320079e-07,ok,/home/elads/STAR/full_grid_solar_opacity/runs/T258p283_rho2p52101em10/fac-opacity-cowan-state/starout.h5
258.2828635134558,3.6228897509242966e-10,fac-opacity-cowan-state,T258p283_rho3p62289em10,0.3390484055999379,5.762203228262293e-07,0.3390495995024559,1.1778749400459665e-06,ok,/home/elads/STAR/full_grid_solar_opacity/runs/T258p283_rho3p62289em10/fac-opacity-cowan-state/starout.h5
258.2828635134558,5.20637484663258e-10,fac-opacity-cowan-state,T258p283_rho5p20637em10,0.3390483963882449,8.033651971699039e-07,0.3390500000074984,1.5827190645150088e-06,ok,/home/elads/STAR/full_grid_solar_opacity/runs/T258p283_rho5p20637em10/fac-opacity-cowan-state/starout.h5
258.2828635134558,7.481966305138837e-10,fac-opacity-cowan-state,T258p283_rho7p48197em10,0.3390483847828863,1.214813407591665e-06,0.339050750128591,2.3386883452379414e-06,ok,/home/elads/STAR/full_grid_solar_opacity/runs/T258p283_rho7p48197em10/fac-opacity-cowan-state/starout.h5
258.2828635134558,1.0752168531898921e-09,fac-opacity-cowan-state,T258p283_rho1p07522em09,0.3390483696414996,1.8200997171865589e-06,0.3390517430857802,3.3391459379098494e-06,ok,/home/elads/STAR/full_grid_solar_opacity/runs/T258p283_rho1p07522em09/fac-opacity-cowan-state/starout.h5
258.2828635134558,1.5451703926941453e-09,fac-opacity-cowan-state,T258p283_rho1p54517em09,0.339048349688607,2.6047955621165846e-06,0.33905295910700095,4.564908239356486e-06,ok,/home/elads/STAR/full_grid_solar_opacity/runs/T258p283_rho1p54517em09/fac-opacity-cowan-state/starout.h5
258.2828635134558,2.220530245015531e-09,fac-opacity-cowan-state,T258p283_rho2p22053em09,0.3390483236743789,3.6962231810892696e-06,0.3390546189831594,6.237492355427417e-06,ok,/home/elads/STAR/full_grid_solar_opacity/runs/T258p283_rho2p22053em09/fac-opacity-cowan-state/starout.h5
258.2828635134558,3.1910749729235452e-09,fac-opacity-cowan-state,T258p283_rho3p19107em09,0.33904829446910517,5.154621276741328e-06,0.339056684116928,8.315285015905053e-06,ok,/home/elads/STAR/full_grid_solar_opacity/runs/T258p283_rho3p19107em09/fac-opacity-cowan-state/starout.h5
258.2828635134558,4.585823366142813e-09,fac-opacity-cowan-state,T258p283_rho4p58582em09,0.3390482496770334,7.158489815278137e-06,0.33905971898982107,1.137208283416093e-05,ok,/home/elads/STAR/full_grid_solar_opacity/runs/T258p283_rho4p58582em09/fac-opacity-cowan-state/starout.h5
258.2828635134558,6.590185477903269e-09,fac-opacity-cowan-state,T258p283_rho6p59019em09,0.3390481944507652,9.854737758477023e-06,0.3390636801050182,1.5359360999311502e-05,ok,/home/elads/STAR/full_grid_solar_opacity/runs/T258p283_rho6p59019em09/fac-opacity-cowan-state/starout.h5
258.2828635134558,9.470610000772238e-09,fac-opacity-cowan-state,T258p283_rho9p47061em09,0.3390481426087719,1.3571289512062076e-05,0.3390687553655115,2.0451964164125988e-05,ok,/home/elads/STAR/full_grid_solar_opacity/runs/T258p283_rho9p47061em09/fac-opacity-cowan-state/starout.h5
258.2828635134558,1.3610004466105506e-08,fac-opacity-cowan-state,T258p283_rho1p361em08,0.3390480695047971,1.9461523525281576e-05,0.3390763752047191,2.8099183007586478e-05,ok,/home/elads/STAR/full_grid_solar_opacity/runs/T258p283_rho1p361em08/fac-opacity-cowan-state/starout.h5
258.2828635134558,1.9558636830395073e-08,fac-opacity-cowan-state,T258p283_rho1p95586em08,0.3390479904692862,2.7257018503547693e-05,0.3390853456800848,3.709853872175862e-05,ok,/home/elads/STAR/full_grid_solar_opacity/runs/T258p283_rho1p95586em08/fac-opacity-cowan-state/starout.h5
258.2828635134558,2.810728502080722e-08,fac-opacity-cowan-state,T258p283_rho2p81073em08,0.33904789410277314,3.70979948291803e-05,0.3390975133143043,4.930267242113078e-05,ok,/home/elads/STAR/full_grid_solar_opacity/runs/T258p283_rho2p81073em08/fac-opacity-cowan-state/starout.h5
258.2828635134558,4.039235853150913e-08,fac-opacity-cowan-state,T258p283_rho4p03924em08,0.3390477988967241,5.113679787488083e-05,0.33911357530635816,6.538942298601558e-05,ok,/home/elads/STAR/full_grid_solar_opacity/runs/T258p283_rho4p03924em08/fac-opacity-cowan-state/starout.h5
258.2828635134558,5.804696634805446e-08,fac-opacity-cowan-state,T258p283_rho5p8047em08,0.3390476686167408,7.136338426576127e-05,0.3391339105435511,8.577867583635408e-05,ok,/home/elads/STAR/full_grid_solar_opacity/runs/T258p283_rho5p8047em08/fac-opacity-cowan-state/starout.h5
258.2828635134558,8.341801332506338e-08,fac-opacity-cowan-state,T258p283_rho8p3418em08,0.33904754820485666,0.00010216892250118162,0.3391610555488454,0.00011295923134287709,ok,/home/elads/STAR/full_grid_solar_opacity/runs/T258p283_rho8p3418em08/fac-opacity-cowan-state/starout.h5
258.2828635134558,1.1987818459583772e-07,fac-opacity-cowan-state,T258p283_rho1p19878em07,0.3390473944005329,0.00013686435031652999,0.339194153401035,0.00014609128380786818,ok,/home/elads/STAR/full_grid_solar_opacity/runs/T258p283_rho1p19878em07/fac-opacity-cowan-state/starout.h5
258.2828635134558,1.7227429147699408e-07,fac-opacity-cowan-state,T258p283_rho1p72274em07,0.3390472172478715,0.00018934290326529888,0.3392358476547497,0.00018782677373406896,ok,/home/elads/STAR/full_grid_solar_opacity/runs/T258p283_rho1p72274em07/fac-opacity-cowan-state/starout.h5
258.2828635134558,2.4757157946593376e-07,fac-opacity-cowan-state,T258p283_rho2p47572em07,0.339047001161483,0.0002645450875268512,0.33929270013606405,0.00024474252818529915,ok,/home/elads/STAR/full_grid_solar_opacity/runs/T258p283_rho2p47572em07/fac-opacity-cowan-state/starout.h5
258.2828635134558,3.557796490339488e-07,fac-opacity-cowan-state,T258p283_rho3p5578em07,0.33904675447252813,0.0003749149493634479,0.3393581764884524,0.0003102966960499138,ok,/home/elads/STAR/full_grid_solar_opacity/runs/T258p283_rho3p5578em07/fac-opacity-cowan-state/starout.h5
258.2828635134558,5.112830759482948e-07,fac-opacity-cowan-state,T258p283_rho5p11283em07,0.3390464639664952,0.0005128926109546996,0.33944317726862555,0.0003953788374893394,ok,/home/elads/STAR/full_grid_solar_opacity/runs/T258p283_rho5p11283em07/fac-opacity-cowan-state/starout.h5
258.2828635134558,7.347536163492159e-07,fac-opacity-cowan-state,T258p283_rho7p34754em07,0.33904610302508614,0.0007088359208661184,0.33954085521627814,0.0004931553281478441,ok,/home/elads/STAR/full_grid_solar_opacity/runs/T258p283_rho7p34754em07/fac-opacity-cowan-state/starout.h5
258.2828635134558,1.0558981944335787e-06,fac-opacity-cowan-state,T258p283_rho1p0559em06,0.33904565882087223,0.0009912607062730542,0.33965275987162336,0.0006051940246102723,ok,/home/elads/STAR/full_grid_solar_opacity/runs/T258p283_rho1p0559em06/fac-opacity-cowan-state/starout.h5
258.2828635134558,1.517407974863493e-06,fac-opacity-cowan-state,T258p283_rho1p51741em06,0.3390450986624454,0.0013749098556496803,0.33980474552987633,0.0007573706565395945,ok,/home/elads/STAR/full_grid_solar_opacity/runs/T258p283_rho1p51741em06/fac-opacity-cowan-state/starout.h5
258.2828635134558,2.1806334875063253e-06,fac-opacity-cowan-state,T258p283_rho2p18063em06,0.33904439538653514,0.0019411845436238704,0.33999491473337023,0.0009478143957228902,ok,/home/elads/STAR/full_grid_solar_opacity/runs/T258p283_rho2p18063em06/fac-opacity-cowan-state/starout.h5
258.2828635134558,3.1337402238588983e-06,fac-opacity-cowan-state,T258p283_rho3p13374em06,0.3390434649612306,0.0027033428611927756,0.34022753952850243,0.0011807854867520531,ok,/home/elads/STAR/full_grid_solar_opacity/runs/T258p283_rho3p13374em06/fac-opacity-cowan-state/starout.h5
258.2828635134558,4.503428864545845e-06,fac-opacity-cowan-state,T258p283_rho4p50343em06,0.33904228081050464,0.003731518503940822,0.34047715427180203,0.001430879234454189,ok,/home/elads/STAR/full_grid_solar_opacity/runs/T258p283_rho4p50343em06/fac-opacity-cowan-state/starout.h5
258.2828635134558,6.471778159406801e-06,fac-opacity-cowan-state,T258p283_rho6p47178em06,0.33904071617067977,0.005360389500707717,0.34094079450332365,0.0018953379118100194,ok,/home/elads/STAR/full_grid_solar_opacity/runs/T258p283_rho6p47178em06/fac-opacity-cowan-state/starout.h5
258.2828635134558,9.300449458481393e-06,fac-opacity-cowan-state,T258p283_rho9p30045em06,0.339038628352556,0.0073773381231208275,0.34135287218820054,0.0023085756300887657,ok,/home/elads/STAR/full_grid_solar_opacity/runs/T258p283_rho9p30045em06/fac-opacity-cowan-state/starout.h5
258.2828635134558,1.3365470508911143e-05,fac-opacity-cowan-state,T258p283_rho1p33655em05,0.3390358263814377,0.01020752316893804,0.3420295298680798,0.002986750690469227,ok,/home/elads/STAR/full_grid_solar_opacity/runs/T258p283_rho1p33655em05/fac-opacity-cowan-state/starout.h5
258.2828635134558,1.920722248123928e-05,fac-opacity-cowan-state,T258p283_rho1p92072em05,0.3390320651199483,0.013936316650068468,0.34272427483233137,0.003683633717204883,ok,/home/elads/STAR/full_grid_solar_opacity/runs/T258p283_rho1p92072em05/fac-opacity-cowan-state/starout.h5
258.2828635134558,2.760227522090268e-05,fac-opacity-cowan-state,T258p283_rho2p76023em05,0.33902710089916016,0.01917520581597373,0.3436881283619959,0.004650330205027426,ok,/home/elads/STAR/full_grid_solar_opacity/runs/T258p283_rho2p76023em05/fac-opacity-cowan-state/starout.h5
258.2828635134558,3.966662010161191e-05,fac-opacity-cowan-state,T258p283_rho3p96666em05,0.33902018693002584,0.02691395691997584,0.3456425456199134,0.006609356326490929,ok,/home/elads/STAR/full_grid_solar_opacity/runs/T258p283_rho3p96666em05/fac-opacity-cowan-state/starout.h5
258.2828635134558,5.7004023678963655e-05,fac-opacity-cowan-state,T258p283_rho5p7004em05,0.33901154679186285,0.03563241524047599,0.3465119419955875,0.0074847422421396555,ok,/home/elads/STAR/full_grid_solar_opacity/runs/T258p283_rho5p7004em05/fac-opacity-cowan-state/starout.h5
258.2828635134558,8.191922344953684e-05,fac-opacity-cowan-state,T258p283_rho8p19192em05,0.3389986785298571,0.048911464078554144,0.34924523501368665,0.010225576289671568,ok,/home/elads/STAR/full_grid_solar_opacity/runs/T258p283_rho8p19192em05/fac-opacity-cowan-state/starout.h5
258.2828635134558,0.00011772430676769293,fac-opacity-cowan-state,T258p283_rho0p000117724,0.3389809601604481,0.06630924661199983,0.35300939804547005,0.01400194850025695,ok,/home/elads/STAR/full_grid_solar_opacity/runs/T258p283_rho0p000117724/fac-opacity-cowan-state/starout.h5
258.2828635134558,0.00016917900122028344,fac-opacity-cowan-state,T258p283_rho0p000169179,0.3389560534807284,0.09056969950429834,0.35807796313215096,0.01908950458334408,ok,/home/elads/STAR/full_grid_solar_opacity/runs/T258p283_rho0p000169179/fac-opacity-cowan-state/starout.h5
258.2828635134558,0.0002431234061999784,fac-opacity-cowan-state,T258p283_rho0p000243123,0.3389215883458155,0.12129951786548478,0.36357581699502745,0.024613619104179436,ok,/home/elads/STAR/full_grid_solar_opacity/runs/T258p283_rho0p000243123/fac-opacity-cowan-state/starout.h5
258.2828635134558,0.0003493872774749123,fac-opacity-cowan-state,T258p283_rho0p000349387,0.3388730863320218,0.16521481811081992,0.37550218573387334,0.03657224995388551,ok,/home/elads/STAR/full_grid_solar_opacity/runs/T258p283_rho0p000349387/fac-opacity-cowan-state/starout.h5
258.2828635134558,0.0005020967399614471,fac-opacity-cowan-state,T258p283_rho0p000502097,0.3388055533911139,0.21457167160344498,0.3829034123519449,0.04402371480391043,ok,/home/elads/STAR/full_grid_solar_opacity/runs/T258p283_rho0p000502097/fac-opacity-cowan-state/starout.h5
258.2828635134558,0.0007215521357901021,fac-opacity-cowan-state,T258p283_rho0p000721552,0.3387110103753598,0.28634388763537677,0.4020149592833458,0.06320988495303302,ok,/home/elads/STAR/full_grid_solar_opacity/runs/T258p283_rho0p000721552/fac-opacity-cowan-state/starout.h5
258.2828635134558,0.0010369266382873438,fac-opacity-cowan-state,T258p283_rho0p00103693,0.3385790258435118,0.3717353322344807,0.4203588204484214,0.08165327895410844,ok,/home/elads/STAR/full_grid_solar_opacity/runs/T258p283_rho0p00103693/fac-opacity-cowan-state/starout.h5
258.2828635134558,0.0014901443705277455,fac-opacity-cowan-state,T258p283_rho0p00149014,0.3383946870213895,0.4768826432158302,0.43856339917244186,0.10000453857733846,ok,/home/elads/STAR/full_grid_solar_opacity/runs/T258p283_rho0p00149014/fac-opacity-cowan-state/starout.h5
258.2828635134558,0.002141453563853953,fac-opacity-cowan-state,T258p283_rho0p00214145,0.33813875420269635,0.62790586057627,0.4882481515476029,0.14991373072204875,ok,/home/elads/STAR/full_grid_solar_opacity/runs/T258p283_rho0p00214145/fac-opacity-cowan-state/starout.h5
258.2828635134558,0.003077435620898055,fac-opacity-cowan-state,T258p283_rho0p00307744,0.33778299171666426,0.8000499662927496,0.5277617567668095,0.18971495501896343,ok,/home/elads/STAR/full_grid_solar_opacity/runs/T258p283_rho0p00307744/fac-opacity-cowan-state/starout.h5
258.2828635134558,0.004422514763163053,fac-opacity-cowan-state,T258p283_rho0p00442251,0.33729245051684814,1.0563578492804302,0.6234195748822912,0.2857942670660779,ok,/home/elads/STAR/full_grid_solar_opacity/runs/T258p283_rho0p00442251/fac-opacity-cowan-state/starout.h5
258.2828635134558,0.006355498291362301,fac-opacity-cowan-state,T258p283_rho0p0063555,0.33662092371880625,1.29693967957471,0.6496303406639681,0.31252454611459585,ok,/home/elads/STAR/full_grid_solar_opacity/runs/T258p283_rho0p0063555/fac-opacity-cowan-state/starout.h5
258.2828635134558,0.009133346228248624,fac-opacity-cowan-state,T258p283_rho0p00913335,0.3357077123415303,1.6480636698412532,0.7349339075915345,0.39859193232626894,ok,/home/elads/STAR/full_grid_solar_opacity/runs/T258p283_rho0p00913335/fac-opacity-cowan-state/starout.h5
258.2828635134558,0.01312533014735226,fac-opacity-cowan-state,T258p283_rho0p0131253,0.33447604622269206,2.1718048431158117,0.9374006599754744,0.602190834077714,ok,/home/elads/STAR/full_grid_solar_opacity/runs/T258p283_rho0p0131253/fac-opacity-cowan-state/starout.h5
258.2828635134558,0.018862122071335155,fac-opacity-cowan-state,T258p283_rho0p0188621,0.3328314667970461,2.670300639451342,1.0150466706982844,0.6811098781363639,ok,/home/elads/STAR/full_grid_solar_opacity/runs/T258p283_rho0p0188621/fac-opacity-cowan-state/starout.h5
258.2828635134558,0.02710633904364831,fac-opacity-cowan-state,T258p283_rho0p0271063,0.3306614168283125,3.4697885573835348,1.2713470839744383,0.9393263225880674,ok,/home/elads/STAR/full_grid_solar_opacity/runs/T258p283_rho0p0271063/fac-opacity-cowan-state/starout.h5
258.2828635134558,0.038953921174427183,fac-opacity-cowan-state,T258p283_rho0p0389539,0.32783329601186834,4.357196179007852,1.4315223835952382,1.1013319191417814,ok,/home/elads/STAR/full_grid_solar_opacity/runs/T258p283_rho0p0389539/fac-opacity-cowan-state/starout.h5
258.2828635134558,0.0559798197912329,fac-opacity-cowan-state,T258p283_rho0p0559798,0.3242110951287648,5.695755570942833,1.8253344777709397,1.4982832825847685,ok,/home/elads/STAR/full_grid_solar_opacity/runs/T258p283_rho0p0559798/fac-opacity-cowan-state/starout.h5
258.2828635134558,0.08044736266284185,fac-opacity-cowan-state,T258p283_rho0p0804474,0.31965009719407583,7.165003042108612,1.8198810217837365,1.4949310644136906,ok,/home/elads/STAR/full_grid_solar_opacity/runs/T258p283_rho0p0804474/fac-opacity-cowan-state/starout.h5
258.2828635134558,0.11560912813835741,fac-opacity-cowan-state,T258p283_rho0p115609,0.31403474088292915,9.681948051361404,2.4892679703011806,2.168492581030072,ok,/home/elads/STAR/full_grid_solar_opacity/runs/T258p283_rho0p115609/fac-opacity-cowan-state/starout.h5
258.2828635134558,0.1661393247274789,fac-opacity-cowan-state,T258p283_rho0p166139,0.30729338738205164,12.94490487777269,2.8759812632909627,2.5590788140608867,ok,/home/elads/STAR/full_grid_solar_opacity/runs/T258p283_rho0p166139/fac-opacity-cowan-state/starout.h5
258.2828635134558,0.23875515424585794,fac-opacity-cowan-state,T258p283_rho0p238755,0.2994290886065846,17.17183851321083,3.1285384421006874,2.8158411950377658,ok,/home/elads/STAR/full_grid_solar_opacity/runs/T258p283_rho0p238755/fac-opacity-cowan-state/starout.h5
258.2828635134558,0.34310975906798746,fac-opacity-cowan-state,T258p283_rho0p34311,0.2904548189357061,23.129657858668715,3.1261334257833093,2.8181660401318562,ok,/home/elads/STAR/full_grid_solar_opacity/runs/T258p283_rho0p34311/fac-opacity-cowan-state/starout.h5
258.2828635134558,0.49307545690287347,fac-opacity-cowan-state,T258p283_rho0p493075,0.2807212272883053,31.69547492244991,3.715946416752984,3.415036961192654,ok,/home/elads/STAR/full_grid_solar_opacity/runs/T258p283_rho0p493075/fac-opacity-cowan-state/starout.h5
258.2828635134558,0.7085878491488851,fac-opacity-cowan-state,T258p283_rho0p708588,0.27050116623844034,43.46219661035692,3.857077265902295,3.56369720429335,ok,/home/elads/STAR/full_grid_solar_opacity/runs/T258p283_rho0p708588/fac-opacity-cowan-state/starout.h5
258.2828635134558,1.0182959482819007,fac-opacity-cowan-state,T258p283_rho1p0183,0.26022754808900767,60.31087236320202,4.3358165290539326,4.051615842812993,ok,/home/elads/STAR/full_grid_solar_opacity/runs/T258p283_rho1p0183/fac-opacity-cowan-state/starout.h5
258.2828635134558,1.4633706173946401,fac-opacity-cowan-state,T258p283_rho1p46337,0.2504017613944645,83.33257221131967,5.057495672245563,4.783366937355318,ok,/home/elads/STAR/full_grid_solar_opacity/runs/T258p283_rho1p46337/fac-opacity-cowan-state/starout.h5
258.2828635134558,2.1029775945461404,fac-opacity-cowan-state,T258p283_rho2p10298,0.24154625106033395,115.21494655447073,5.963566472256537,5.6993033576874135,ok,/home/elads/STAR/full_grid_solar_opacity/runs/T258p283_rho2p10298/fac-opacity-cowan-state/starout.h5
258.2828635134558,3.0221426551783854,fac-opacity-cowan-state,T258p283_rho3p02214,0.23418475272997524,159.59767250241555,7.29001288361739,7.03542784834475,ok,/home/elads/STAR/full_grid_solar_opacity/runs/T258p283_rho3p02214/fac-opacity-cowan-state/starout.h5
258.2828635134558,4.343054463316713,fac-opacity-cowan-state,T258p283_rho4p34305,0.22883453353100888,219.48985265898503,8.952170495236723,8.705404804540464,ok,/home/elads/STAR/full_grid_solar_opacity/runs/T258p283_rho4p34305/fac-opacity-cowan-state/starout.h5
258.2828635134558,6.241307649397467,fac-opacity-cowan-state,T258p283_rho6p24131,0.22596781859361378,298.97272879531346,11.330770065911157,11.089816537433217,ok,/home/elads/STAR/full_grid_solar_opacity/runs/T258p283_rho6p24131/fac-opacity-cowan-state/starout.h5
258.2828635134558,8.969245378672715,fac-opacity-cowan-state,T258p283_rho8p96925,0.2260634833199008,402.23837526282506,14.22166013608729,13.983476807566076,ok,/home/elads/STAR/full_grid_solar_opacity/runs/T258p283_rho8p96925/fac-opacity-cowan-state/starout.h5
258.2828635134558,12.889504440725364,fac-opacity-cowan-state,T258p283_rho12p8895,0.22941621004093044,532.9978667158011,18.478638708501,18.240056266428855,ok,/home/elads/STAR/full_grid_solar_opacity/runs/T258p283_rho12p8895/fac-opacity-cowan-state/starout.h5
258.2828635134558,18.52322215674118,fac-opacity-cowan-state,T258p283_rho18p5232,0.2365054018190629,692.8766681001935,24.221347755081034,23.978204641528926,ok,/home/elads/STAR/full_grid_solar_opacity/runs/T258p283_rho18p5232/fac-opacity-cowan-state/starout.h5
258.2828635134558,26.61931346126126,fac-opacity-cowan-state,T258p283_rho26p6193,0.24730248792208095,873.7697929529407,31.211065920401037,30.959381677040923,ok,/home/elads/STAR/full_grid_solar_opacity/runs/T258p283_rho26p6193/fac-opacity-cowan-state/starout.h5
258.2828635134558,38.254027466328665,fac-opacity-cowan-state,T258p283_rho38p254,0.2615974014636667,1062.4275770001007,39.20092505093754,38.93695160316746,ok,/home/elads/STAR/full_grid_solar_opacity/runs/T258p283_rho38p254/fac-opacity-cowan-state/starout.h5
258.2828635134558,54.97401800103719,fac-opacity-cowan-state,T258p283_rho54p974,0.27854588234043987,1234.7092191529919,48.288310177306414,48.00905238083293,ok,/home/elads/STAR/full_grid_solar_opacity/runs/T258p283_rho54p974/fac-opacity-cowan-state/starout.h5
258.2828635134558,79.0019471240894,fac-opacity-cowan-state,T258p283_rho79p0019,0.29694427615240604,1359.8148743256027,58.63473638063257,58.33830158620534,ok,/home/elads/STAR/full_grid_solar_opacity/runs/T258p283_rho79p0019/fac-opacity-cowan-state/starout.h5
258.2828635134558,113.53195339077567,fac-opacity-cowan-state,T258p283_rho113p532,0.3152178873280991,1493.7024602182971,70.94385132046045,70.6298932074155,ok,/home/elads/STAR/full_grid_solar_opacity/runs/T258p283_rho113p532/fac-opacity-cowan-state/starout.h5
258.2828635134558,163.15426277379785,fac-opacity-cowan-state,T258p283_rho163p154,0.33244555382635843,1652.3666687938571,84.10923444617623,83.77839011974969,ok,/home/elads/STAR/full_grid_solar_opacity/runs/T258p283_rho163p154/fac-opacity-cowan-state/starout.h5
258.2828635134558,234.46538763970608,fac-opacity-cowan-state,T258p283_rho234p465,0.3486580010879606,1761.7815052070441,94.38511373633524,94.03814700470662,ok,/home/elads/STAR/full_grid_solar_opacity/runs/T258p283_rho234p465/fac-opacity-cowan-state/starout.h5
258.2828635134558,336.94503022121665,fac-opacity-cowan-state,T258p283_rho336p945,0.36469605552751805,1782.2785408086897,101.36712889071406,101.00419969236826,ok,/home/elads/STAR/full_grid_solar_opacity/runs/T258p283_rho336p945/fac-opacity-cowan-state/starout.h5
258.2828635134558,484.21626123015125,fac-opacity-cowan-state,T258p283_rho484p216,0.3827289325531807,1653.2954452307386,114.59710849326795,114.2164180352544,ok,/home/elads/STAR/full_grid_solar_opacity/runs/T258p283_rho484p216/fac-opacity-cowan-state/starout.h5
258.2828635134558,695.8564947100452,fac-opacity-cowan-state,T258p283_rho695p856,0.4046493912611675,1394.2581512770482,152.28608389391357,151.88386605111253,ok,/home/elads/STAR/full_grid_solar_opacity/runs/T258p283_rho695p856/fac-opacity-cowan-state/starout.h5
258.2828635134558,1000.0,fac-opacity-cowan-state,T258p283_rho1000,0.43222563740593045,1069.503809026961,225.79226394797072,225.36253112044065,ok,/home/elads/STAR/full_grid_solar_opacity/runs/T258p283_rho1000/fac-opacity-cowan-state/starout.h5
284.3387084109159,1e-17,fac-opacity-cowan-state,T284p339_rho1em17,0.3389963424649966,4.21348070928162e-10,0.33899634351467917,1.0135615007862927e-09,ok,/home/elads/STAR/full_grid_solar_opacity/runs/T284p339_rho1em17/fac-opacity-cowan-state/starout.h5
284.3387084109159,1.4370779141993746e-17,fac-opacity-cowan-state,T284p339_rho1p43708em17,0.33899634246505844,4.2134825529859176e-10,0.33899634351474117,1.0135615665177486e-09,ok,/home/elads/STAR/full_grid_solar_opacity/runs/T284p339_rho1p43708em17/fac-opacity-cowan-state/starout.h5
284.3387084109159,2.065192931479625e-17,fac-opacity-cowan-state,T284p339_rho2p06519em17,0.33899634246512583,4.213485201936286e-10,0.3389963435148086,1.0135616619794514e-09,ok,/home/elads/STAR/full_grid_solar_opacity/runs/T284p339_rho2p06519em17/fac-opacity-cowan-state/starout.h5
284.3387084109159,2.9678431503900313e-17,fac-opacity-cowan-state,T284p339_rho2p96784em17,0.33899634246524135,4.213489006068158e-10,0.3389963435149243,1.0135617992990744e-09,ok,/home/elads/STAR/full_grid_solar_opacity/runs/T284p339_rho2p96784em17/fac-opacity-cowan-state/starout.h5
284.3387084109159,4.2650218442334076e-17,fac-opacity-cowan-state,T284p339_rho4p26502em17,0.3389963424653045,4.2134944653710967e-10,0.33899634351498753,1.0135619972771787e-09,ok,/home/elads/STAR/full_grid_solar_opacity/runs/T284p339_rho4p26502em17/fac-opacity-cowan-state/starout.h5
284.3387084109159,6.129168695925715e-17,fac-opacity-cowan-state,T284p339_rho6p12917em17,0.33899634246538873,4.213502328063314e-10,0.3389963435150721,1.0135622839207559e-09,ok,/home/elads/STAR/full_grid_solar_opacity/runs/T284p339_rho6p12917em17/fac-opacity-cowan-state/starout.h5
284.3387084109159,8.808092965317026e-17,fac-opacity-cowan-state,T284p339_rho8p80809em17,0.3389963424655055,4.2135136215139524e-10,0.3389963435151893,1.0135626963662018e-09,ok,/home/elads/STAR/full_grid_solar_opacity/runs/T284p339_rho8p80809em17/fac-opacity-cowan-state/starout.h5
284.3387084109159,1.2657915866672028e-16,fac-opacity-cowan-state,T284p339_rho1p26579em16,0.33899634246559,4.2135298644514875e-10,0.33899634351527447,1.0135632920088974e-09,ok,/home/elads/STAR/full_grid_solar_opacity/runs/T284p339_rho1p26579em16/fac-opacity-cowan-state/starout.h5
284.3387084109159,1.819041133178821e-16,fac-opacity-cowan-state,T284p339_rho1p81904em16,0.3389963424656631,4.2135531977166715e-10,0.33899634351534835,1.0135641478221454e-09,ok,/home/elads/STAR/full_grid_solar_opacity/runs/T284p339_rho1p81904em16/fac-opacity-cowan-state/starout.h5
284.3387084109159,2.6141038375114865e-16,fac-opacity-cowan-state,T284p339_rho2p6141em16,0.3389963430070377,4.213610737052614e-10,0.33899634405672674,1.0135678252583576e-09,ok,/home/elads/STAR/full_grid_solar_opacity/runs/T284p339_rho2p6141em16/fac-opacity-cowan-state/starout.h5
284.3387084109159,3.7566708903116036e-16,fac-opacity-cowan-state,T284p339_rho3p75667em16,0.338996343062083,4.213658923953215e-10,0.3389963441117737,1.0135695977967154e-09,ok,/home/elads/STAR/full_grid_solar_opacity/runs/T284p339_rho3p75667em16/fac-opacity-cowan-state/starout.h5
284.3387084109159,5.398628767382507e-16,fac-opacity-cowan-state,T284p339_rho5p39863em16,0.33899634300704384,4.213728172502478e-10,0.33899634405673734,1.0135721466192486e-09,ok,/home/elads/STAR/full_grid_solar_opacity/runs/T284p339_rho5p39863em16/fac-opacity-cowan-state/starout.h5
284.3387084109159,7.758250168566793e-16,fac-opacity-cowan-state,T284p339_rho7p75825em16,0.33899632241015476,4.900973016394833e-10,0.3389963235433011,1.0941749405519229e-09,ok,/home/elads/STAR/full_grid_solar_opacity/runs/T284p339_rho7p75825em16/fac-opacity-cowan-state/starout.h5
284.3387084109159,1.1149209970080914e-15,fac-opacity-cowan-state,T284p339_rho1p11492em15,0.3389962528728634,6.884422245001639e-10,0.33899625419748397,1.2790652710151992e-09,ok,/home/elads/STAR/full_grid_solar_opacity/runs/T284p339_rho1p11492em15/fac-opacity-cowan-state/starout.h5
284.3387084109159,1.6022283408774753e-15,fac-opacity-cowan-state,T284p339_rho1p60223em15,0.3389961791397619,9.652157230180504e-10,0.33899618065539733,1.4635159633108083e-09,ok,/home/elads/STAR/full_grid_solar_opacity/runs/T284p339_rho1p60223em15/fac-opacity-cowan-state/starout.h5
284.3387084109159,2.3025269621793266e-15,fac-opacity-cowan-state,T284p339_rho2p30253em15,0.3389961000860054,1.3529121127140666e-09,0.3389961017916555,1.6470149944092087e-09,ok,/home/elads/STAR/full_grid_solar_opacity/runs/T284p339_rho2p30253em15/fac-opacity-cowan-state/starout.h5
284.3387084109159,3.308910644196489e-15,fac-opacity-cowan-state,T284p339_rho3p30891em15,0.3389959984058914,1.897896783759192e-09,0.33899600030233684,1.831295885588048e-09,ok,/home/elads/STAR/full_grid_solar_opacity/runs/T284p339_rho3p30891em15/fac-opacity-cowan-state/starout.h5
284.3387084109159,4.755162406834019e-15,fac-opacity-cowan-state,T284p339_rho4p75516em15,0.33899587445465046,2.662893175736461e-09,0.3389958765552581,2.0285332447722095e-09,ok,/home/elads/STAR/full_grid_solar_opacity/runs/T284p339_rho4p75516em15/fac-opacity-cowan-state/starout.h5
284.3387084109159,6.8335388732923106e-15,fac-opacity-cowan-state,T284p339_rho6p83354em15,0.33899572030152275,3.734832050004494e-09,0.3389957226368448,2.2553676589282446e-09,ok,/home/elads/STAR/full_grid_solar_opacity/runs/T284p339_rho6p83354em15/fac-opacity-cowan-state/starout.h5
284.3387084109159,9.820327790631256e-15,fac-opacity-cowan-state,T284p339_rho9p82033em15,0.33899552607057903,5.228893929834318e-09,0.33899552870293803,2.5425531722890163e-09,ok,/home/elads/STAR/full_grid_solar_opacity/runs/T284p339_rho9p82033em15/fac-opacity-cowan-state/starout.h5
284.3387084109159,1.4112576178114521e-14,fac-opacity-cowan-state,T284p339_rho1p41126em14,0.33899527981288674,7.29838270913039e-09,0.338995282860704,2.9446078713527547e-09,ok,/home/elads/STAR/full_grid_solar_opacity/runs/T284p339_rho1p41126em14/fac-opacity-cowan-state/starout.h5
284.3387084109159,2.0280871538024598e-14,fac-opacity-cowan-state,T284p339_rho2p02809em14,0.33899496394515827,1.0130295633809527e-08,0.3389949675421113,3.4759304184286834e-09,ok,/home/elads/STAR/full_grid_solar_opacity/runs/T284p339_rho2p02809em14/fac-opacity-cowan-state/starout.h5
284.3387084109159,2.914519256800997e-14,fac-opacity-cowan-state,T284p339_rho2p91452em14,0.3389945732957523,1.394949204934517e-08,0.3389945775722593,4.133533879804056e-09,ok,/home/elads/STAR/full_grid_solar_opacity/runs/T284p339_rho2p91452em14/fac-opacity-cowan-state/starout.h5
284.3387084109159,4.188391254457488e-14,fac-opacity-cowan-state,T284p339_rho4p18839em14,0.338994106371498,1.9003189537953744e-08,0.33899411140082986,4.862123055069519e-09,ok,/home/elads/STAR/full_grid_solar_opacity/runs/T284p339_rho4p18839em14/fac-opacity-cowan-state/starout.h5
284.3387084109159,6.019044567806669e-14,fac-opacity-cowan-state,T284p339_rho6p01904em14,0.3389935625670961,2.5553754604310315e-08,0.33899356835252037,5.593960184203503e-09,ok,/home/elads/STAR/full_grid_solar_opacity/runs/T284p339_rho6p01904em14/fac-opacity-cowan-state/starout.h5
284.3387084109159,8.649836012976684e-14,fac-opacity-cowan-state,T284p339_rho8p64984em14,0.338992884582735,3.386695089975127e-08,0.3389928910724036,6.2757149862692696e-09,ok,/home/elads/STAR/full_grid_solar_opacity/runs/T284p339_rho8p64984em14/fac-opacity-cowan-state/starout.h5
284.3387084109159,1.2430488295695167e-13,fac-opacity-cowan-state,T284p339_rho1p24305em13,0.33899225278123696,4.394201529704724e-08,0.3389922599048997,6.889673156890852e-09,ok,/home/elads/STAR/full_grid_solar_opacity/runs/T284p339_rho1p24305em13/fac-opacity-cowan-state/starout.h5
284.3387084109159,1.7863580192457348e-13,fac-opacity-cowan-state,T284p339_rho1p78636em13,0.33899139347323143,5.61082419961592e-08,0.3389914011630759,7.438291686293308e-09,ok,/home/elads/STAR/full_grid_solar_opacity/runs/T284p339_rho1p78636em13/fac-opacity-cowan-state/starout.h5
284.3387084109159,2.567135656310987e-13,fac-opacity-cowan-state,T284p339_rho2p56714em13,0.3389905705157723,7.024870622728336e-08,0.33899057870344884,7.921119333953768e-09,ok,/home/elads/STAR/full_grid_solar_opacity/runs/T284p339_rho2p56714em13/fac-opacity-cowan-state/starout.h5
284.3387084109159,3.6891739544382357e-13,fac-opacity-cowan-state,T284p339_rho3p68917em13,0.3389898278888352,8.640799598342003e-08,0.338989836524039,8.35583779721538e-09,ok,/home/elads/STAR/full_grid_solar_opacity/runs/T284p339_rho3p68917em13/fac-opacity-cowan-state/starout.h5
284.3387084109159,5.301630411562758e-13,fac-opacity-cowan-state,T284p339_rho5p30163em13,0.3389889818767661,1.0520101768396044e-07,0.3389889911258639,8.954811570741493e-09,ok,/home/elads/STAR/full_grid_solar_opacity/runs/T284p339_rho5p30163em13/fac-opacity-cowan-state/starout.h5
284.3387084109159,7.618855973704612e-13,fac-opacity-cowan-state,T284p339_rho7p61886em13,0.33898813107600123,1.2697467643851576e-07,0.33898814085382756,9.471230779991593e-09,ok,/home/elads/STAR/full_grid_solar_opacity/runs/T284p339_rho7p61886em13/fac-opacity-cowan-state/starout.h5
284.3387084109159,1.0948889651276868e-12,fac-opacity-cowan-state,T284p339_rho1p09489em12,0.33898728867028494,1.518465716762082e-07,0.33898729909302183,1.0102221611070503e-08,ok,/home/elads/STAR/full_grid_solar_opacity/runs/T284p339_rho1p09489em12/fac-opacity-cowan-state/starout.h5
284.3387084109159,1.5734407502856082e-12,fac-opacity-cowan-state,T284p339_rho1p57344em12,0.3389864646655924,1.7988768334510848e-07,0.3389864757971597,1.0798344213310544e-08,ok,/home/elads/STAR/full_grid_solar_opacity/runs/T284p339_rho1p57344em12/fac-opacity-cowan-state/starout.h5
284.3387084109159,2.26115695153675e-12,fac-opacity-cowan-state,T284p339_rho2p26116em12,0.33898566857829115,2.1086614076831543e-07,0.33898568051569855,1.159181298573082e-08,ok,/home/elads/STAR/full_grid_solar_opacity/runs/T284p339_rho2p26116em12/fac-opacity-cowan-state/starout.h5
284.3387084109159,3.249458715591849e-12,fac-opacity-cowan-state,T284p339_rho3p24946em12,0.33898486631744357,2.433430119153314e-07,0.33898487974050634,1.3051448530867093e-08,ok,/home/elads/STAR/full_grid_solar_opacity/runs/T284p339_rho3p24946em12/fac-opacity-cowan-state/starout.h5
284.3387084109159,4.669725353279713e-12,fac-opacity-cowan-state,T284p339_rho4p66973em12,0.33898411340851825,2.758602681601398e-07,0.33898412885325685,1.5038008912997727e-08,ok,/home/elads/STAR/full_grid_solar_opacity/runs/T284p339_rho4p66973em12/fac-opacity-cowan-state/starout.h5
284.3387084109159,6.710759170575148e-12,fac-opacity-cowan-state,T284p339_rho6p71076em12,0.33880665992954717,3.067408050489524e-07,0.33880667772918044,1.735848681396391e-08,ok,/home/elads/STAR/full_grid_solar_opacity/runs/T284p339_rho6p71076em12/fac-opacity-cowan-state/starout.h5
284.3387084109159,9.64388379154446e-12,fac-opacity-cowan-state,T284p339_rho9p64388em12,0.33880592395562226,3.3424758444961715e-07,0.3388059452258177,2.077669190115132e-08,ok,/home/elads/STAR/full_grid_solar_opacity/runs/T284p339_rho9p64388em12/fac-opacity-cowan-state/starout.h5
284.3387084109159,1.3859012403933867e-11,fac-opacity-cowan-state,T284p339_rho1p3859em11,0.33880534265626683,3.5981086958930673e-07,0.33880537416462747,3.088543550639509e-08,ok,/home/elads/STAR/full_grid_solar_opacity/runs/T284p339_rho1p3859em11/fac-opacity-cowan-state/starout.h5
284.3387084109159,1.9916480638308542e-11,fac-opacity-cowan-state,T284p339_rho1p99165em11,0.3388048411895617,3.806722458324091e-07,0.3388048823266303,4.0377955103384085e-08,ok,/home/elads/STAR/full_grid_solar_opacity/runs/T284p339_rho1p99165em11/fac-opacity-cowan-state/starout.h5
284.3387084109159,2.8621534453892672e-11,fac-opacity-cowan-state,T284p339_rho2p86215em11,0.33880441695600083,3.9883948299211637e-07,0.3388044716037016,5.369803233761681e-08,ok,/home/elads/STAR/full_grid_solar_opacity/runs/T284p339_rho2p86215em11/fac-opacity-cowan-state/starout.h5
284.3387084109159,4.1131375034185614e-11,fac-opacity-cowan-state,T284p339_rho4p11314em11,0.33880406786738076,4.1559115490913124e-07,0.33880414201879616,7.292575441507903e-08,ok,/home/elads/STAR/full_grid_solar_opacity/runs/T284p339_rho4p11314em11/fac-opacity-cowan-state/starout.h5
284.3387084109159,5.910899064227969e-11,fac-opacity-cowan-state,T284p339_rho5p9109em11,0.33880378835005054,4.3278634162401157e-07,0.3388038909597492,1.0098399018121714e-07,ok,/home/elads/STAR/full_grid_solar_opacity/runs/T284p339_rho5p9109em11/fac-opacity-cowan-state/starout.h5
284.3387084109159,8.4944224982638e-11,fac-opacity-cowan-state,T284p339_rho8p49442em11,0.3388035703227286,4.5138645404863464e-07,0.33880371101720513,1.3853981355956956e-07,ok,/home/elads/STAR/full_grid_solar_opacity/runs/T284p339_rho8p49442em11/fac-opacity-cowan-state/starout.h5
284.3387084109159,1.2207146966133182e-10,fac-opacity-cowan-state,T284p339_rho1p22071em10,0.3388034104843912,4.7468862122111133e-07,0.3388036102310877,1.9676087432596e-07,ok,/home/elads/STAR/full_grid_solar_opacity/runs/T284p339_rho1p22071em10/fac-opacity-cowan-state/starout.h5
284.3387084109159,1.7542621300415897e-10,fac-opacity-cowan-state,T284p339_rho1p75426em10,0.3388032805046513,5.048849549206526e-07,0.3388035607143682,2.760987397255286e-07,ok,/home/elads/STAR/full_grid_solar_opacity/runs/T284p339_rho1p75426em10/fac-opacity-cowan-state/starout.h5
284.3387084109159,2.52101136279913e-10,fac-opacity-cowan-state,T284p339_rho2p52101em10,0.33880318966875966,5.607831973637165e-07,0.33880361052578317,4.1503159991917777e-07,ok,/home/elads/STAR/full_grid_solar_opacity/runs/T284p339_rho2p52101em10/fac-opacity-cowan-state/starout.h5
284.3387084109159,3.6228897509242966e-10,fac-opacity-cowan-state,T284p339_rho3p62289em10,0.338803123581212,6.265395740259631e-07,0.3388037089519926,5.773573609065266e-07,ok,/home/elads/STAR/full_grid_solar_opacity/runs/T284p339_rho3p62289em10/fac-opacity-cowan-state/starout.h5
284.3387084109159,5.20637484663258e-10,fac-opacity-cowan-state,T284p339_rho5p20637em10,0.33880307570846824,7.25417451278174e-07,0.33880388900746194,8.023318958329458e-07,ok,/home/elads/STAR/full_grid_solar_opacity/runs/T284p339_rho5p20637em10/fac-opacity-cowan-state/starout.h5
284.3387084109159,7.481966305138837e-10,fac-opacity-cowan-state,T284p339_rho7p48197em10,0.3388030380351702,8.716073568865292e-07,0.3388041669255277,1.113990594195702e-06,ok,/home/elads/STAR/full_grid_solar_opacity/runs/T284p339_rho7p48197em10/fac-opacity-cowan-state/starout.h5
284.3387084109159,1.0752168531898921e-09,fac-opacity-cowan-state,T284p339_rho1p07522em09,0.3388030148253958,1.0784615144988188e-06,0.3388045785972586,1.5435534915739716e-06,ok,/home/elads/STAR/full_grid_solar_opacity/runs/T284p339_rho1p07522em09/fac-opacity-cowan-state/starout.h5
284.3387084109159,1.5451703926941453e-09,fac-opacity-cowan-state,T284p339_rho1p54517em09,0.338802994760341,1.4404324235065924e-06,0.33880530045753265,2.2790557574377566e-06,ok,/home/elads/STAR/full_grid_solar_opacity/runs/T284p339_rho1p54517em09/fac-opacity-cowan-state/starout.h5
284.3387084109159,2.220530245015531e-09,fac-opacity-cowan-state,T284p339_rho2p22053em09,0.3388029779962615,1.9385547193235697e-06,0.33880612527678267,3.1122047155760784e-06,ok,/home/elads/STAR/full_grid_solar_opacity/runs/T284p339_rho2p22053em09/fac-opacity-cowan-state/starout.h5
284.3387084109159,3.1910749729235452e-09,fac-opacity-cowan-state,T284p339_rho3p19107em09,0.33880296243675934,2.694087468784362e-06,0.33880748052933735,4.4723157328747295e-06,ok,/home/elads/STAR/full_grid_solar_opacity/runs/T284p339_rho3p19107em09/fac-opacity-cowan-state/starout.h5
284.3387084109159,4.585823366142813e-09,fac-opacity-cowan-state,T284p339_rho4p58582em09,0.3388029461363508,3.6410767705304383e-06,0.3388091067000596,6.1006327586932415e-06,ok,/home/elads/STAR/full_grid_solar_opacity/runs/T284p339_rho4p58582em09/fac-opacity-cowan-state/starout.h5
284.3387084109159,6.590185477903269e-09,fac-opacity-cowan-state,T284p339_rho6p59019em09,0.33880292733444983,4.956178483678916e-06,0.338811055039397,8.051588297212362e-06,ok,/home/elads/STAR/full_grid_solar_opacity/runs/T284p339_rho6p59019em09/fac-opacity-cowan-state/starout.h5
284.3387084109159,9.470610000772238e-09,fac-opacity-cowan-state,T284p339_rho9p47061em09,0.3388029033162574,6.842356885368214e-06,0.33881400170056974,1.0998608123643344e-05,ok,/home/elads/STAR/full_grid_solar_opacity/runs/T284p339_rho9p47061em09/fac-opacity-cowan-state/starout.h5
284.3387084109159,1.3610004466105506e-08,fac-opacity-cowan-state,T284p339_rho1p361em08,0.3388028709795942,9.766059512842441e-06,0.33881780284996776,1.4804552907337688e-05,ok,/home/elads/STAR/full_grid_solar_opacity/runs/T284p339_rho1p361em08/fac-opacity-cowan-state/starout.h5
284.3387084109159,1.9558636830395073e-08,fac-opacity-cowan-state,T284p339_rho1p95586em08,0.3388028327291322,1.4024735146893374e-05,0.33882361820765755,2.0618640064135057e-05,ok,/home/elads/STAR/full_grid_solar_opacity/runs/T284p339_rho1p95586em08/fac-opacity-cowan-state/starout.h5
284.3387084109159,2.810728502080722e-08,fac-opacity-cowan-state,T284p339_rho2p81073em08,0.33880278268050623,1.9573750656863936e-05,0.33883104846142137,2.8049199483958305e-05,ok,/home/elads/STAR/full_grid_solar_opacity/runs/T284p339_rho2p81073em08/fac-opacity-cowan-state/starout.h5
284.3387084109159,4.039235853150913e-08,fac-opacity-cowan-state,T284p339_rho4p03924em08,0.3388027091455953,2.7588921329880346e-05,0.33884093193334974,3.7946978947547116e-05,ok,/home/elads/STAR/full_grid_solar_opacity/runs/T284p339_rho4p03924em08/fac-opacity-cowan-state/starout.h5
284.3387084109159,5.804696634805446e-08,fac-opacity-cowan-state,T284p339_rho5p8047em08,0.3388026373074825,3.910057988463978e-05,0.33885435876182457,5.137120065259289e-05,ok,/home/elads/STAR/full_grid_solar_opacity/runs/T284p339_rho5p8047em08/fac-opacity-cowan-state/starout.h5
284.3387084109159,8.341801332506338e-08,fac-opacity-cowan-state,T284p339_rho8p3418em08,0.33880253030498736,5.5645039277398445e-05,0.33887058578468826,6.762335524192042e-05,ok,/home/elads/STAR/full_grid_solar_opacity/runs/T284p339_rho8p3418em08/fac-opacity-cowan-state/starout.h5
284.3387084109159,1.1987818459583772e-07,fac-opacity-cowan-state,T284p339_rho1p19878em07,0.33880243920312514,7.412308629885296e-05,0.33889194195724803,8.896120766358747e-05,ok,/home/elads/STAR/full_grid_solar_opacity/runs/T284p339_rho1p19878em07/fac-opacity-cowan-state/starout.h5
284.3387084109159,1.7227429147699408e-07,fac-opacity-cowan-state,T284p339_rho1p72274em07,0.3388023009675719,0.00010406743592140057,0.33891966717731614,0.00011670921395541419,ok,/home/elads/STAR/full_grid_solar_opacity/runs/T284p339_rho1p72274em07/fac-opacity-cowan-state/starout.h5
284.3387084109159,2.4757157946593376e-07,fac-opacity-cowan-state,T284p339_rho2p47572em07,0.33880214479646065,0.00014475483830540388,0.3389572889172702,0.00015435524192241947,ok,/home/elads/STAR/full_grid_solar_opacity/runs/T284p339_rho2p47572em07/fac-opacity-cowan-state/starout.h5
284.3387084109159,3.557796490339488e-07,fac-opacity-cowan-state,T284p339_rho3p5578em07,0.3388019504698778,0.00020542620461529376,0.3390028491382772,0.0001999856039843392,ok,/home/elads/STAR/full_grid_solar_opacity/runs/T284p339_rho3p5578em07/fac-opacity-cowan-state/starout.h5
284.3387084109159,5.112830759482948e-07,fac-opacity-cowan-state,T284p339_rho5p11283em07,0.338801739503495,0.00027936545630931423,0.3390575429362771,0.0002547132140983377,ok,/home/elads/STAR/full_grid_solar_opacity/runs/T284p339_rho5p11283em07/fac-opacity-cowan-state/starout.h5
284.3387084109159,7.347536163492159e-07,fac-opacity-cowan-state,T284p339_rho7p34754em07,0.3388014675165908,0.0003840780309773939,0.3391274838356457,0.00032471873636824106,ok,/home/elads/STAR/full_grid_solar_opacity/runs/T284p339_rho7p34754em07/fac-opacity-cowan-state/starout.h5
284.3387084109159,1.0558981944335787e-06,fac-opacity-cowan-state,T284p339_rho1p0559em06,0.3388011347643873,0.0005361567100640315,0.3392186028523785,0.0004159436442535928,ok,/home/elads/STAR/full_grid_solar_opacity/runs/T284p339_rho1p0559em06/fac-opacity-cowan-state/starout.h5
284.3387084109159,1.517407974863493e-06,fac-opacity-cowan-state,T284p339_rho1p51741em06,0.3388007134600857,0.000740972939280566,0.3393259278087077,0.000523411646239558,ok,/home/elads/STAR/full_grid_solar_opacity/runs/T284p339_rho1p51741em06/fac-opacity-cowan-state/starout.h5
284.3387084109159,2.1806334875063253e-06,fac-opacity-cowan-state,T284p339_rho2p18063em06,0.3388001883823781,0.0010436333072152406,0.33946456911154116,0.0006622836529886693,ok,/home/elads/STAR/full_grid_solar_opacity/runs/T284p339_rho2p18063em06/fac-opacity-cowan-state/starout.h5
284.3387084109159,3.1337402238588983e-06,fac-opacity-cowan-state,T284p339_rho3p13374em06,0.3387995260178987,0.001447064349411845,0.33962871227240554,0.0008267066883511329,ok,/home/elads/STAR/full_grid_solar_opacity/runs/T284p339_rho3p13374em06/fac-opacity-cowan-state/starout.h5
284.3387084109159,4.503428864545845e-06,fac-opacity-cowan-state,T284p339_rho4p50343em06,0.33879866018075594,0.0019867431140629804,0.33981014308557717,0.0010085340628520204,ok,/home/elads/STAR/full_grid_solar_opacity/runs/T284p339_rho4p50343em06/fac-opacity-cowan-state/starout.h5
284.3387084109159,6.471778159406801e-06,fac-opacity-cowan-state,T284p339_rho6p47178em06,0.33879751569757705,0.0028654278561075605,0.34013176066699435,0.0013308400664107558,ok,/home/elads/STAR/full_grid_solar_opacity/runs/T284p339_rho6p47178em06/fac-opacity-cowan-state/starout.h5
284.3387084109159,9.300449458481393e-06,fac-opacity-cowan-state,T284p339_rho9p30045em06,0.33879600157970413,0.003947133971919175,0.3404124340849843,0.0016123913257328534,ok,/home/elads/STAR/full_grid_solar_opacity/runs/T284p339_rho9p30045em06/fac-opacity-cowan-state/starout.h5
284.3387084109159,1.3365470508911143e-05,fac-opacity-cowan-state,T284p339_rho1p33655em05,0.3387940021955242,0.005481189364699475,0.34086220675051565,0.002063260389962651,ok,/home/elads/STAR/full_grid_solar_opacity/runs/T284p339_rho1p33655em05/fac-opacity-cowan-state/starout.h5
284.3387084109159,1.920722248123928e-05,fac-opacity-cowan-state,T284p339_rho1p92072em05,0.33879124482564954,0.007538554604696263,0.3413511665270505,0.0025539004157215366,ok,/home/elads/STAR/full_grid_solar_opacity/runs/T284p339_rho1p92072em05/fac-opacity-cowan-state/starout.h5
284.3387084109159,2.760227522090268e-05,fac-opacity-cowan-state,T284p339_rho2p76023em05,0.33878753447659976,0.01051866886898448,0.34205923226890783,0.0032643525384272866,ok,/home/elads/STAR/full_grid_solar_opacity/runs/T284p339_rho2p76023em05/fac-opacity-cowan-state/starout.h5
284.3387084109159,3.966662010161191e-05,fac-opacity-cowan-state,T284p339_rho3p96666em05,0.3387823861025102,0.014939684383701982,0.3433397876841426,0.004548542657507665,ok,/home/elads/STAR/full_grid_solar_opacity/runs/T284p339_rho3p96666em05/fac-opacity-cowan-state/starout.h5
284.3387084109159,5.7004023678963655e-05,fac-opacity-cowan-state,T284p339_rho5p7004em05,0.338775849549811,0.019917944084142658,0.34404185688362365,0.005254907518179538,ok,/home/elads/STAR/full_grid_solar_opacity/runs/T284p339_rho5p7004em05/fac-opacity-cowan-state/starout.h5
284.3387084109159,8.191922344953684e-05,fac-opacity-cowan-state,T284p339_rho8p19192em05,0.3387662212927659,0.027635563761384915,0.3458721864664313,0.007091598773090754,ok,/home/elads/STAR/full_grid_solar_opacity/runs/T284p339_rho8p19192em05/fac-opacity-cowan-state/starout.h5
284.3387084109159,0.00011772430676769293,fac-opacity-cowan-state,T284p339_rho0p000117724,0.33875287716392966,0.037469642529756195,0.34805920509224253,0.00928825807646645,ok,/home/elads/STAR/full_grid_solar_opacity/runs/T284p339_rho0p000117724/fac-opacity-cowan-state/starout.h5
284.3387084109159,0.00016917900122028344,fac-opacity-cowan-state,T284p339_rho0p000169179,0.33873412691173654,0.051358988697118836,0.35156047875024593,0.012804420691722785,ok,/home/elads/STAR/full_grid_solar_opacity/runs/T284p339_rho0p000169179/fac-opacity-cowan-state/starout.h5
284.3387084109159,0.0002431234061999784,fac-opacity-cowan-state,T284p339_rho0p000243123,0.33870804531217774,0.06886765711541629,0.3555388856897665,0.0168036119901781,ok,/home/elads/STAR/full_grid_solar_opacity/runs/T284p339_rho0p000243123/fac-opacity-cowan-state/starout.h5
284.3387084109159,0.0003493872774749123,fac-opacity-cowan-state,T284p339_rho0p000349387,0.3386713105653791,0.0932249499367349,0.3624334311410314,0.02372462358225914,ok,/home/elads/STAR/full_grid_solar_opacity/runs/T284p339_rho0p000349387/fac-opacity-cowan-state/starout.h5
284.3387084109159,0.0005020967399614471,fac-opacity-cowan-state,T284p339_rho0p000502097,0.33862008670853483,0.12104907748519451,0.36721436638196703,0.028543552859290472,ok,/home/elads/STAR/full_grid_solar_opacity/runs/T284p339_rho0p000502097/fac-opacity-cowan-state/starout.h5
284.3387084109159,0.0007215521357901021,fac-opacity-cowan-state,T284p339_rho0p000721552,0.3385482436925922,0.16356760132921416,0.3790663131238601,0.040453294956488,ok,/home/elads/STAR/full_grid_solar_opacity/runs/T284p339_rho0p000721552/fac-opacity-cowan-state/starout.h5
284.3387084109159,0.0010369266382873438,fac-opacity-cowan-state,T284p339_rho0p00103693,0.33844771561160275,0.2162076340717134,0.39272759013578534,0.054190583637098534,ok,/home/elads/STAR/full_grid_solar_opacity/runs/T284p339_rho0p00103693/fac-opacity-cowan-state/starout.h5
284.3387084109159,0.0014901443705277455,fac-opacity-cowan-state,T284p339_rho0p00149014,0.33830691480846053,0.27921885475582914,0.40554362242780084,0.067116510775161,ok,/home/elads/STAR/full_grid_solar_opacity/runs/T284p339_rho0p00149014/fac-opacity-cowan-state/starout.h5
284.3387084109159,0.002141453563853953,fac-opacity-cowan-state,T284p339_rho0p00214145,0.3381107601702436,0.3716006673746037,0.4359313892755068,0.09766584732880783,ok,/home/elads/STAR/full_grid_solar_opacity/runs/T284p339_rho0p00214145/fac-opacity-cowan-state/starout.h5
284.3387084109159,0.003077435620898055,fac-opacity-cowan-state,T284p339_rho0p00307744,0.3378369876785729,0.47741779329879175,0.46178897026349147,0.12374582709396771,ok,/home/elads/STAR/full_grid_solar_opacity/runs/T284p339_rho0p00307744/fac-opacity-cowan-state/starout.h5
284.3387084109159,0.004422514763163053,fac-opacity-cowan-state,T284p339_rho0p00442251,0.3374578800704951,0.6299050914035771,0.5182206772960716,0.1804883765501139,ok,/home/elads/STAR/full_grid_solar_opacity/runs/T284p339_rho0p00442251/fac-opacity-cowan-state/starout.h5
284.3387084109159,0.006355498291362301,fac-opacity-cowan-state,T284p339_rho0p0063555,0.33693618339772746,0.7786920122930974,0.5362180352873607,0.19887590362422738,ok,/home/elads/STAR/full_grid_solar_opacity/runs/T284p339_rho0p0063555/fac-opacity-cowan-state/starout.h5
284.3387084109159,0.009133346228248624,fac-opacity-cowan-state,T284p339_rho0p00913335,0.3362228817079943,1.0081838546812114,0.6007705488712954,0.26400728740206,ok,/home/elads/STAR/full_grid_solar_opacity/runs/T284p339_rho0p00913335/fac-opacity-cowan-state/starout.h5
284.3387084109159,0.01312533014735226,fac-opacity-cowan-state,T284p339_rho0p0131253,0.3352541625293887,1.3652688969357778,0.7397697871070541,0.40383627256710153,ok,/home/elads/STAR/full_grid_solar_opacity/runs/T284p339_rho0p0131253/fac-opacity-cowan-state/starout.h5
284.3387084109159,0.018862122071335155,fac-opacity-cowan-state,T284p339_rho0p0188621,0.3339502301863096,1.7461569847097573,0.8121495247426972,0.4772192779214779,ok,/home/elads/STAR/full_grid_solar_opacity/runs/T284p339_rho0p0188621/fac-opacity-cowan-state/starout.h5
284.3387084109159,0.02710633904364831,fac-opacity-cowan-state,T284p339_rho0p0271063,0.33221276911697045,2.3207208748320007,0.9761177442898074,0.6425690527612156,ok,/home/elads/STAR/full_grid_solar_opacity/runs/T284p339_rho0p0271063/fac-opacity-cowan-state/starout.h5
284.3387084109159,0.038953921174427183,fac-opacity-cowan-state,T284p339_rho0p0389539,0.32992452043934617,2.97291965474313,1.0953478301128459,0.763335016338848,ok,/home/elads/STAR/full_grid_solar_opacity/runs/T284p339_rho0p0389539/fac-opacity-cowan-state/starout.h5
284.3387084109159,0.0559798197912329,fac-opacity-cowan-state,T284p339_rho0p0559798,0.32695553213010864,3.971927477654151,1.3746785288432455,1.0449555558828802,ok,/home/elads/STAR/full_grid_solar_opacity/runs/T284p339_rho0p0559798/fac-opacity-cowan-state/starout.h5
284.3387084109159,0.08044736266284185,fac-opacity-cowan-state,T284p339_rho0p0804474,0.32315836682135507,5.022864209969393,1.394013027697548,1.0664350088877972,ok,/home/elads/STAR/full_grid_solar_opacity/runs/T284p339_rho0p0804474/fac-opacity-cowan-state/starout.h5
284.3387084109159,0.11560912813835741,fac-opacity-cowan-state,T284p339_rho0p115609,0.3184021276854299,6.88679492000804,1.7462760210899562,1.4214701868435393,ok,/home/elads/STAR/full_grid_solar_opacity/runs/T284p339_rho0p115609/fac-opacity-cowan-state/starout.h5
284.3387084109159,0.1661393247274789,fac-opacity-cowan-state,T284p339_rho0p166139,0.31257525672930125,9.308380861749175,2.1191533660988138,1.7977634483327423,ok,/home/elads/STAR/full_grid_solar_opacity/runs/T284p339_rho0p166139/fac-opacity-cowan-state/starout.h5
284.3387084109159,0.23875515424585794,fac-opacity-cowan-state,T284p339_rho0p238755,0.30562201249888293,12.264235261215106,2.2043408287328097,1.8868660388320995,ok,/home/elads/STAR/full_grid_solar_opacity/runs/T284p339_rho0p238755/fac-opacity-cowan-state/starout.h5
284.3387084109159,0.34310975906798746,fac-opacity-cowan-state,T284p339_rho0p34311,0.2974859274038065,16.606707858985107,2.3473264845511523,2.0347061523056724,ok,/home/elads/STAR/full_grid_solar_opacity/runs/T284p339_rho0p34311/fac-opacity-cowan-state/starout.h5
284.3387084109159,0.49307545690287347,fac-opacity-cowan-state,T284p339_rho0p493075,0.288413179221285,22.780028271449538,2.6602373589703183,2.3538020776152875,ok,/home/elads/STAR/full_grid_solar_opacity/runs/T284p339_rho0p493075/fac-opacity-cowan-state/starout.h5
284.3387084109159,0.7085878491488851,fac-opacity-cowan-state,T284p339_rho0p708588,0.2785993850190733,31.303127107635277,2.939099281414127,2.640044516601333,ok,/home/elads/STAR/full_grid_solar_opacity/runs/T284p339_rho0p708588/fac-opacity-cowan-state/starout.h5
284.3387084109159,1.0182959482819007,fac-opacity-cowan-state,T284p339_rho1p0183,0.2684057893585484,43.30785473903974,3.3857842695684526,3.095505158704172,ok,/home/elads/STAR/full_grid_solar_opacity/runs/T284p339_rho1p0183/fac-opacity-cowan-state/starout.h5
284.3387084109159,1.4633706173946401,fac-opacity-cowan-state,T284p339_rho1p46337,0.2582968208039563,60.174019454046785,4.030608127153021,3.7500186106615563,ok,/home/elads/STAR/full_grid_solar_opacity/runs/T284p339_rho1p46337/fac-opacity-cowan-state/starout.h5
284.3387084109159,2.1029775945461404,fac-opacity-cowan-state,T284p339_rho2p10298,0.2487913290356894,83.33995648640922,4.70454516468524,4.433783083534087,ok,/home/elads/STAR/full_grid_solar_opacity/runs/T284p339_rho2p10298/fac-opacity-cowan-state/starout.h5
284.3387084109159,3.0221426551783854,fac-opacity-cowan-state,T284p339_rho3p02214,0.2404419654595242,115.47207118746107,5.662603022492648,5.4013837037852275,ok,/home/elads/STAR/full_grid_solar_opacity/runs/T284p339_rho3p02214/fac-opacity-cowan-state/starout.h5
284.3387084109159,4.343054463316713,fac-opacity-cowan-state,T284p339_rho4p34305,0.2338008693000587,159.62602287042154,7.128399214924693,6.875845052096483,ok,/home/elads/STAR/full_grid_solar_opacity/runs/T284p339_rho4p34305/fac-opacity-cowan-state/starout.h5
284.3387084109159,6.241307649397467,fac-opacity-cowan-state,T284p339_rho6p24131,0.22939893465925146,218.6314617863341,8.967605082704223,8.721677485880594,ok,/home/elads/STAR/full_grid_solar_opacity/runs/T284p339_rho6p24131/fac-opacity-cowan-state/starout.h5
284.3387084109159,8.969245378672715,fac-opacity-cowan-state,T284p339_rho8p96925,0.2277622698186619,295.91029733457265,11.19410332226747,10.952189820083124,ok,/home/elads/STAR/full_grid_solar_opacity/runs/T284p339_rho8p96925/fac-opacity-cowan-state/starout.h5
284.3387084109159,12.889504440725364,fac-opacity-cowan-state,T284p339_rho12p8895,0.22927215034551882,395.38080891645666,14.153194324627757,13.91235267902906,ok,/home/elads/STAR/full_grid_solar_opacity/runs/T284p339_rho12p8895/fac-opacity-cowan-state/starout.h5
284.3387084109159,18.52322215674118,fac-opacity-cowan-state,T284p339_rho18p5232,0.23440191904140556,519.5927698235877,18.610279928139622,18.36697596720996,ok,/home/elads/STAR/full_grid_solar_opacity/runs/T284p339_rho18p5232/fac-opacity-cowan-state/starout.h5
284.3387084109159,26.61931346126126,fac-opacity-cowan-state,T284p339_rho26p6193,0.24336605810927023,666.0936714379632,23.569295935921065,23.319646220213905,ok,/home/elads/STAR/full_grid_solar_opacity/runs/T284p339_rho26p6193/fac-opacity-cowan-state/starout.h5
284.3387084109159,38.254027466328665,fac-opacity-cowan-state,T284p339_rho38p254,0.2560025077419405,824.9368540810223,29.137444478409325,28.877669052755163,ok,/home/elads/STAR/full_grid_solar_opacity/runs/T284p339_rho38p254/fac-opacity-cowan-state/starout.h5
284.3387084109159,54.97401800103719,fac-opacity-cowan-state,T284p339_rho54p974,0.27178278833814074,980.9810611755188,35.59289480314936,35.31950908977108,ok,/home/elads/STAR/full_grid_solar_opacity/runs/T284p339_rho54p974/fac-opacity-cowan-state/starout.h5
284.3387084109159,79.0019471240894,fac-opacity-cowan-state,T284p339_rho79p0019,0.2896448349527199,1109.6733487367067,43.43494339123795,43.145343621283594,ok,/home/elads/STAR/full_grid_solar_opacity/runs/T284p339_rho79p0019/fac-opacity-cowan-state/starout.h5
284.3387084109159,113.53195339077567,fac-opacity-cowan-state,T284p339_rho113p532,0.307990019575039,1186.7092626806334,53.416106184713016,53.10922704330584,ok,/home/elads/STAR/full_grid_solar_opacity/runs/T284p339_rho113p532/fac-opacity-cowan-state/starout.h5
284.3387084109159,163.15426277379785,fac-opacity-cowan-state,T284p339_rho163p154,0.3256276372558779,1336.1547962732247,65.0245028413747,64.70053762666886,ok,/home/elads/STAR/full_grid_solar_opacity/runs/T284p339_rho163p154/fac-opacity-cowan-state/starout.h5
284.3387084109159,234.46538763970608,fac-opacity-cowan-state,T284p339_rho234p465,0.3420754579256735,1438.1681397587183,75.41382451419342,75.07360029184433,ok,/home/elads/STAR/full_grid_solar_opacity/runs/T284p339_rho234p465/fac-opacity-cowan-state/starout.h5
284.3387084109159,336.94503022121665,fac-opacity-cowan-state,T284p339_rho336p945,0.357990568218128,1491.2245505747303,82.12195820400382,81.76585896526304,ok,/home/elads/STAR/full_grid_solar_opacity/runs/T284p339_rho336p945/fac-opacity-cowan-state/starout.h5
284.3387084109159,484.21626123015125,fac-opacity-cowan-state,T284p339_rho484p216,0.3749963277922781,1447.9043364962788,88.59672350917971,88.22378106140464,ok,/home/elads/STAR/full_grid_solar_opacity/runs/T284p339_rho484p216/fac-opacity-cowan-state/starout.h5
284.3387084109159,695.8564947100452,fac-opacity-cowan-state,T284p339_rho695p856,0.39517511424479324,1285.2451329319229,106.7433491802295,106.35062355026066,ok,/home/elads/STAR/full_grid_solar_opacity/runs/T284p339_rho695p856/fac-opacity-cowan-state/starout.h5
284.3387084109159,1000.0,fac-opacity-cowan-state,T284p339_rho1000,0.42030651142539116,1040.5768704769935,151.73636577394484,151.3188431079467,ok,/home/elads/STAR/full_grid_solar_opacity/runs/T284p339_rho1000/fac-opacity-cowan-state/starout.h5
313.0230941418062,1e-17,fac-opacity-cowan-state,T313p023_rho1em17,0.3387443863296801,1.2642776201676262e-10,0.3387443870104448,6.573465614889274e-10,ok,/home/elads/STAR/full_grid_solar_opacity/runs/T313p023_rho1em17/fac-opacity-cowan-state/starout.h5
313.0230941418062,1.4370779141993746e-17,fac-opacity-cowan-state,T313p023_rho1p43708em17,0.33874438632966075,1.2642789256540671e-10,0.33874438701042553,6.573466083667607e-10,ok,/home/elads/STAR/full_grid_solar_opacity/runs/T313p023_rho1p43708em17/fac-opacity-cowan-state/starout.h5
313.0230941418062,2.065192931479625e-17,fac-opacity-cowan-state,T313p023_rho2p06519em17,0.33874438632963716,1.2642808076472915e-10,0.338744387010402,6.573466779509628e-10,ok,/home/elads/STAR/full_grid_solar_opacity/runs/T313p023_rho2p06519em17/fac-opacity-cowan-state/starout.h5
313.0230941418062,2.9678431503900313e-17,fac-opacity-cowan-state,T313p023_rho2p96784em17,0.3387443863296195,1.2642835101066472e-10,0.3387443870103844,6.573467772370203e-10,ok,/home/elads/STAR/full_grid_solar_opacity/runs/T313p023_rho2p96784em17/fac-opacity-cowan-state/starout.h5
313.0230941418062,4.2650218442334076e-17,fac-opacity-cowan-state,T313p023_rho4p26502em17,0.3387443863295766,1.2642873944934188e-10,0.3387443870103416,6.573469196084999e-10,ok,/home/elads/STAR/full_grid_solar_opacity/runs/T313p023_rho4p26502em17/fac-opacity-cowan-state/starout.h5
313.0230941418062,6.129168695925715e-17,fac-opacity-cowan-state,T313p023_rho6p12917em17,0.3387443863294896,1.2642929967177776e-10,0.33874438701025483,6.573471320731797e-10,ok,/home/elads/STAR/full_grid_solar_opacity/runs/T313p023_rho6p12917em17/fac-opacity-cowan-state/starout.h5
313.0230941418062,8.808092965317026e-17,fac-opacity-cowan-state,T313p023_rho8p80809em17,0.338744386329368,1.2643010359744077e-10,0.3387443870101335,6.573474271239316e-10,ok,/home/elads/STAR/full_grid_solar_opacity/runs/T313p023_rho8p80809em17/fac-opacity-cowan-state/starout.h5
313.0230941418062,1.2657915866672028e-16,fac-opacity-cowan-state,T313p023_rho1p26579em16,0.33874438632939957,1.264312592304882e-10,0.3387443870101654,6.573478525249935e-10,ok,/home/elads/STAR/full_grid_solar_opacity/runs/T313p023_rho1p26579em16/fac-opacity-cowan-state/starout.h5
313.0230941418062,1.819041133178821e-16,fac-opacity-cowan-state,T313p023_rho1p81904em16,0.338744386329312,1.2643291998253116e-10,0.3387443870100785,6.573484639966783e-10,ok,/home/elads/STAR/full_grid_solar_opacity/runs/T313p023_rho1p81904em16/fac-opacity-cowan-state/starout.h5
313.0230941418062,2.6141038375114865e-16,fac-opacity-cowan-state,T313p023_rho2p6141em16,0.33874438632924814,1.2643530646875911e-10,0.33874438701001564,6.57349342297619e-10,ok,/home/elads/STAR/full_grid_solar_opacity/runs/T313p023_rho2p6141em16/fac-opacity-cowan-state/starout.h5
313.0230941418062,3.7566708903116036e-16,fac-opacity-cowan-state,T313p023_rho3p75667em16,0.3387443863291791,1.2643873318299124e-10,0.33874438700994786,6.57350587187443e-10,ok,/home/elads/STAR/full_grid_solar_opacity/runs/T313p023_rho3p75667em16/fac-opacity-cowan-state/starout.h5
313.0230941418062,5.398628767382507e-16,fac-opacity-cowan-state,T313p023_rho5p39863em16,0.338744386229897,1.2644366361472577e-10,0.33874438691066744,6.57352411511018e-10,ok,/home/elads/STAR/full_grid_solar_opacity/runs/T313p023_rho5p39863em16/fac-opacity-cowan-state/starout.h5
313.0230941418062,7.758250168566793e-16,fac-opacity-cowan-state,T313p023_rho7p75825em16,0.33874438424733705,1.474554983598624e-10,0.3387443850305778,7.563774252201028e-10,ok,/home/elads/STAR/full_grid_solar_opacity/runs/T313p023_rho7p75825em16/fac-opacity-cowan-state/starout.h5
313.0230941418062,1.1149209970080914e-15,fac-opacity-cowan-state,T313p023_rho1p11492em15,0.33874437865734996,2.115974438416447e-10,0.3387443797271391,1.0332031747693085e-09,ok,/home/elads/STAR/full_grid_solar_opacity/runs/T313p023_rho1p11492em15/fac-opacity-cowan-state/starout.h5
313.0230941418062,1.6022283408774753e-15,fac-opacity-cowan-state,T313p023_rho1p60223em15,0.3387443698600339,3.0331854066503083e-10,0.3387443713032211,1.3939825953150868e-09,ok,/home/elads/STAR/full_grid_solar_opacity/runs/T313p023_rho1p60223em15/fac-opacity-cowan-state/starout.h5
313.0230941418062,2.3025269621793266e-15,fac-opacity-cowan-state,T313p023_rho2p30253em15,0.33874435758074534,4.3434678482765227e-10,0.33874435950109844,1.8550771314812207e-09,ok,/home/elads/STAR/full_grid_solar_opacity/runs/T313p023_rho2p30253em15/fac-opacity-cowan-state/starout.h5
313.0230941418062,3.308910644196489e-15,fac-opacity-cowan-state,T313p023_rho3p30891em15,0.33874434081283383,6.211757057066493e-10,0.33874434333185993,2.4336441374631555e-09,ok,/home/elads/STAR/full_grid_solar_opacity/runs/T313p023_rho3p30891em15/fac-opacity-cowan-state/starout.h5
313.0230941418062,4.755162406834019e-15,fac-opacity-cowan-state,T313p023_rho4p75516em15,0.33874431862325655,8.862813935210052e-10,0.33874432186340164,3.1305756031819115e-09,ok,/home/elads/STAR/full_grid_solar_opacity/runs/T313p023_rho4p75516em15/fac-opacity-cowan-state/starout.h5
313.0230941418062,6.8335388732923106e-15,fac-opacity-cowan-state,T313p023_rho6p83354em15,0.3387442897233983,1.2629246794797675e-09,0.3387442938203274,3.958629181290938e-09,ok,/home/elads/STAR/full_grid_solar_opacity/runs/T313p023_rho6p83354em15/fac-opacity-cowan-state/starout.h5
313.0230941418062,9.820327790631256e-15,fac-opacity-cowan-state,T313p023_rho9p82033em15,0.33874425400880837,1.7938276537451695e-09,0.3387442590883082,4.9082138369748885e-09,ok,/home/elads/STAR/full_grid_solar_opacity/runs/T313p023_rho9p82033em15/fac-opacity-cowan-state/starout.h5
313.0230941418062,1.4112576178114521e-14,fac-opacity-cowan-state,T313p023_rho1p41126em14,0.3387442110273409,2.5406117470195468e-09,0.3387442171978052,5.962468089878616e-09,ok,/home/elads/STAR/full_grid_solar_opacity/runs/T313p023_rho1p41126em14/fac-opacity-cowan-state/starout.h5
313.0230941418062,2.0280871538024598e-14,fac-opacity-cowan-state,T313p023_rho2p02809em14,0.3387441497835418,3.5885640088912543e-09,0.33874415712928513,7.098087982193967e-09,ok,/home/elads/STAR/full_grid_solar_opacity/runs/T313p023_rho2p02809em14/fac-opacity-cowan-state/starout.h5
313.0230941418062,2.914519256800997e-14,fac-opacity-cowan-state,T313p023_rho2p91452em14,0.3387440916568265,5.052108600231031e-09,0.33874410022493945,8.279125029372536e-09,ok,/home/elads/STAR/full_grid_solar_opacity/runs/T313p023_rho2p91452em14/fac-opacity-cowan-state/starout.h5
313.0230941418062,4.188391254457488e-14,fac-opacity-cowan-state,T313p023_rho4p18839em14,0.33874401180929015,7.102070369772261e-09,0.3387440216169085,9.47669576668015e-09,ok,/home/elads/STAR/full_grid_solar_opacity/runs/T313p023_rho4p18839em14/fac-opacity-cowan-state/starout.h5
313.0230941418062,6.019044567806669e-14,fac-opacity-cowan-state,T313p023_rho6p01904em14,0.3387439268388712,9.965796310654866e-09,0.33874393789726426,1.0685228780732804e-08,ok,/home/elads/STAR/full_grid_solar_opacity/runs/T313p023_rho6p01904em14/fac-opacity-cowan-state/starout.h5
313.0230941418062,8.649836012976684e-14,fac-opacity-cowan-state,T313p023_rho8p64984em14,0.33874381798514197,1.398688065596205e-08,0.33874383034293787,1.1941509107068547e-08,ok,/home/elads/STAR/full_grid_solar_opacity/runs/T313p023_rho8p64984em14/fac-opacity-cowan-state/starout.h5
313.0230941418062,1.2430488295695167e-13,fac-opacity-cowan-state,T313p023_rho1p24305em13,0.33874368392052373,1.9610985072955885e-08,0.33874369767269297,1.3289664762347047e-08,ok,/home/elads/STAR/full_grid_solar_opacity/runs/T313p023_rho1p24305em13/fac-opacity-cowan-state/starout.h5
313.0230941418062,1.7863580192457348e-13,fac-opacity-cowan-state,T313p023_rho1p78636em13,0.3387435163081985,2.7463375586610867e-08,0.3387435317075054,1.488293100183682e-08,ok,/home/elads/STAR/full_grid_solar_opacity/runs/T313p023_rho1p78636em13/fac-opacity-cowan-state/starout.h5
313.0230941418062,2.567135656310987e-13,fac-opacity-cowan-state,T313p023_rho2p56714em13,0.3387433037011189,3.83810381803244e-08,0.3387433212168186,1.6931043881199055e-08,ok,/home/elads/STAR/full_grid_solar_opacity/runs/T313p023_rho2p56714em13/fac-opacity-cowan-state/starout.h5
313.0230941418062,3.6891739544382357e-13,fac-opacity-cowan-state,T313p023_rho3p68917em13,0.33874303432337727,5.342889293174206e-08,0.33874305466018856,1.966217761109203e-08,ok,/home/elads/STAR/full_grid_solar_opacity/runs/T313p023_rho3p68917em13/fac-opacity-cowan-state/starout.h5
313.0230941418062,5.301630411562758e-13,fac-opacity-cowan-state,T313p023_rho5p30163em13,0.3387426953389427,7.393913547673834e-08,0.3387427192956615,2.3167421718312788e-08,ok,/home/elads/STAR/full_grid_solar_opacity/runs/T313p023_rho5p30163em13/fac-opacity-cowan-state/starout.h5
313.0230941418062,7.618855973704612e-13,fac-opacity-cowan-state,T313p023_rho7p61886em13,0.3387422735080366,1.0145021423138148e-07,0.33874230170504244,2.7273971527117666e-08,ok,/home/elads/STAR/full_grid_solar_opacity/runs/T313p023_rho7p61886em13/fac-opacity-cowan-state/starout.h5
313.0230941418062,1.0948889651276868e-12,fac-opacity-cowan-state,T313p023_rho1p09489em12,0.3387417696154341,1.3760519244490827e-07,0.33874180227737705,3.1598604777807476e-08,ok,/home/elads/STAR/full_grid_solar_opacity/runs/T313p023_rho1p09489em12/fac-opacity-cowan-state/starout.h5
313.0230941418062,1.5734407502856082e-12,fac-opacity-cowan-state,T313p023_rho1p57344em12,0.33874119018764487,1.8407540431966703e-07,0.338741227178091,3.579185980656368e-08,ok,/home/elads/STAR/full_grid_solar_opacity/runs/T313p023_rho1p57344em12/fac-opacity-cowan-state/starout.h5
313.0230941418062,2.26115695153675e-12,fac-opacity-cowan-state,T313p023_rho2p26116em12,0.3387404259249823,2.425419115334289e-07,0.33874046696920623,3.972018419638052e-08,ok,/home/elads/STAR/full_grid_solar_opacity/runs/T313p023_rho2p26116em12/fac-opacity-cowan-state/starout.h5
313.0230941418062,3.249458715591849e-12,fac-opacity-cowan-state,T313p023_rho3p24946em12,0.33873977203119726,3.1277768449090386e-07,0.3387398168972407,4.343072383266097e-08,ok,/home/elads/STAR/full_grid_solar_opacity/runs/T313p023_rho3p24946em12/fac-opacity-cowan-state/starout.h5
313.0230941418062,4.669725353279713e-12,fac-opacity-cowan-state,T313p023_rho4p66973em12,0.33873887425590055,3.9700359042709563e-07,0.3387389226358669,4.684326324475888e-08,ok,/home/elads/STAR/full_grid_solar_opacity/runs/T313p023_rho4p66973em12/fac-opacity-cowan-state/starout.h5
313.0230941418062,6.710759170575148e-12,fac-opacity-cowan-state,T313p023_rho6p71076em12,0.33854356524335333,4.93345192099723e-07,0.33854361657960047,4.9719688273518735e-08,ok,/home/elads/STAR/full_grid_solar_opacity/runs/T313p023_rho6p71076em12/fac-opacity-cowan-state/starout.h5
313.0230941418062,9.64388379154446e-12,fac-opacity-cowan-state,T313p023_rho9p64388em12,0.3385426903634204,6.049954380325527e-07,0.3385427449661824,5.2903979332105523e-08,ok,/home/elads/STAR/full_grid_solar_opacity/runs/T313p023_rho9p64388em12/fac-opacity-cowan-state/starout.h5
313.0230941418062,1.3859012403933867e-11,fac-opacity-cowan-state,T313p023_rho1p3859em11,0.3385418099101063,7.326953940317757e-07,0.338541868078201,5.638766035730866e-08,ok,/home/elads/STAR/full_grid_solar_opacity/runs/T313p023_rho1p3859em11/fac-opacity-cowan-state/starout.h5
313.0230941418062,1.9916480638308542e-11,fac-opacity-cowan-state,T313p023_rho1p99165em11,0.3385409271005159,8.792553614310944e-07,0.3385409893722683,6.040579979476796e-08,ok,/home/elads/STAR/full_grid_solar_opacity/runs/T313p023_rho1p99165em11/fac-opacity-cowan-state/starout.h5
313.0230941418062,2.8621534453892672e-11,fac-opacity-cowan-state,T313p023_rho2p86215em11,0.3385400580908599,1.0433980986339194e-06,0.33854012533841293,6.529500864948506e-08,ok,/home/elads/STAR/full_grid_solar_opacity/runs/T313p023_rho2p86215em11/fac-opacity-cowan-state/starout.h5
313.0230941418062,4.1131375034185614e-11,fac-opacity-cowan-state,T313p023_rho4p11314em11,0.3385392157999267,1.2233131243278993e-06,0.33853928900233304,7.116012864120434e-08,ok,/home/elads/STAR/full_grid_solar_opacity/runs/T313p023_rho4p11314em11/fac-opacity-cowan-state/starout.h5
313.0230941418062,5.910899064227969e-11,fac-opacity-cowan-state,T313p023_rho5p9109em11,0.3385384072302342,1.4182316110099686e-06,0.3385384965740458,8.711752403406035e-08,ok,/home/elads/STAR/full_grid_solar_opacity/runs/T313p023_rho5p9109em11/fac-opacity-cowan-state/starout.h5
313.0230941418062,8.4944224982638e-11,fac-opacity-cowan-state,T313p023_rho8p49442em11,0.3385375996941683,1.6122421713591612e-06,0.33853770605101124,1.0388712402698574e-07,ok,/home/elads/STAR/full_grid_solar_opacity/runs/T313p023_rho8p49442em11/fac-opacity-cowan-state/starout.h5
313.0230941418062,1.2207146966133182e-10,fac-opacity-cowan-state,T313p023_rho1p22071em10,0.33853685511717296,1.7988478282438132e-06,0.33853698286025613,1.250030315108436e-07,ok,/home/elads/STAR/full_grid_solar_opacity/runs/T313p023_rho1p22071em10/fac-opacity-cowan-state/starout.h5
313.0230941418062,1.7542621300415897e-10,fac-opacity-cowan-state,T313p023_rho1p75426em10,0.33853617311250384,1.9704249077456266e-06,0.33853633180514314,1.5556619324205707e-07,ok,/home/elads/STAR/full_grid_solar_opacity/runs/T313p023_rho1p75426em10/fac-opacity-cowan-state/starout.h5
313.0230941418062,2.52101136279913e-10,fac-opacity-cowan-state,T313p023_rho2p52101em10,0.3385355654577093,2.123075080523364e-06,0.33853576838166227,1.9921332009615944e-07,ok,/home/elads/STAR/full_grid_solar_opacity/runs/T313p023_rho2p52101em10/fac-opacity-cowan-state/starout.h5
313.0230941418062,3.6228897509242966e-10,fac-opacity-cowan-state,T313p023_rho3p62289em10,0.3385350376984373,2.257594890391674e-06,0.33853530581976066,2.63569342848003e-07,ok,/home/elads/STAR/full_grid_solar_opacity/runs/T313p023_rho3p62289em10/fac-opacity-cowan-state/starout.h5
313.0230941418062,5.20637484663258e-10,fac-opacity-cowan-state,T313p023_rho5p20637em10,0.3385345913890976,2.379783723263918e-06,0.3385349526511808,3.555448301997856e-07,ok,/home/elads/STAR/full_grid_solar_opacity/runs/T313p023_rho5p20637em10/fac-opacity-cowan-state/starout.h5
313.0230941418062,7.481966305138837e-10,fac-opacity-cowan-state,T313p023_rho7p48197em10,0.3385342255124702,2.5200400214916122e-06,0.3385347444315625,5.114736669471372e-07,ok,/home/elads/STAR/full_grid_solar_opacity/runs/T313p023_rho7p48197em10/fac-opacity-cowan-state/starout.h5
313.0230941418062,1.0752168531898921e-09,fac-opacity-cowan-state,T313p023_rho1p07522em09,0.33853393185673103,2.660536038200012e-06,0.3385346596328941,7.178987252296622e-07,ok,/home/elads/STAR/full_grid_solar_opacity/runs/T313p023_rho1p07522em09/fac-opacity-cowan-state/starout.h5
313.0230941418062,1.5451703926941453e-09,fac-opacity-cowan-state,T313p023_rho1p54517em09,0.3385337039030258,2.823236911715672e-06,0.3385347140588716,9.969293691253971e-07,ok,/home/elads/STAR/full_grid_solar_opacity/runs/T313p023_rho1p54517em09/fac-opacity-cowan-state/starout.h5
313.0230941418062,2.220530245015531e-09,fac-opacity-cowan-state,T313p023_rho2p22053em09,0.33853353440417333,3.0463528313573173e-06,0.33853494921802413,1.396976790074306e-06,ok,/home/elads/STAR/full_grid_solar_opacity/runs/T313p023_rho2p22053em09/fac-opacity-cowan-state/starout.h5
313.0230941418062,3.1910749729235452e-09,fac-opacity-cowan-state,T313p023_rho3p19107em09,0.33853339882233036,3.453241029509713e-06,0.3385355223436649,2.0995633353091372e-06,ok,/home/elads/STAR/full_grid_solar_opacity/runs/T313p023_rho3p19107em09/fac-opacity-cowan-state/starout.h5
313.0230941418062,4.585823366142813e-09,fac-opacity-cowan-state,T313p023_rho4p58582em09,0.3385333014324966,3.88281638726888e-06,0.3385362887648071,2.9550248033580908e-06,ok,/home/elads/STAR/full_grid_solar_opacity/runs/T313p023_rho4p58582em09/fac-opacity-cowan-state/starout.h5
313.0230941418062,6.590185477903269e-09,fac-opacity-cowan-state,T313p023_rho6p59019em09,0.33853322849038425,4.515673304969548e-06,0.3385374215714122,4.149616478216488e-06,ok,/home/elads/STAR/full_grid_solar_opacity/runs/T313p023_rho6p59019em09/fac-opacity-cowan-state/starout.h5
313.0230941418062,9.470610000772238e-09,fac-opacity-cowan-state,T313p023_rho9p47061em09,0.33853317204009326,5.373327932581246e-06,0.3385389828973891,5.752657432006502e-06,ok,/home/elads/STAR/full_grid_solar_opacity/runs/T313p023_rho9p47061em09/fac-opacity-cowan-state/starout.h5
313.0230941418062,1.3610004466105506e-08,fac-opacity-cowan-state,T313p023_rho1p361em08,0.33853312388467965,6.707379028540203e-06,0.3385412595557097,8.057458863573963e-06,ok,/home/elads/STAR/full_grid_solar_opacity/runs/T313p023_rho1p361em08/fac-opacity-cowan-state/starout.h5
313.0230941418062,1.9558636830395073e-08,fac-opacity-cowan-state,T313p023_rho1p95586em08,0.338533085406397,8.719684534624393e-06,0.33854428946404524,1.1102442630766756e-05,ok,/home/elads/STAR/full_grid_solar_opacity/runs/T313p023_rho1p95586em08/fac-opacity-cowan-state/starout.h5
313.0230941418062,2.810728502080722e-08,fac-opacity-cowan-state,T313p023_rho2p81073em08,0.3385330483163203,1.129695351419961e-05,0.33854834369456505,1.5162442934245408e-05,ok,/home/elads/STAR/full_grid_solar_opacity/runs/T313p023_rho2p81073em08/fac-opacity-cowan-state/starout.h5
313.0230941418062,4.039235853150913e-08,fac-opacity-cowan-state,T313p023_rho4p03924em08,0.338533008846028,1.5156658102831948e-05,0.3385537083137446,2.0528650410963725e-05,ok,/home/elads/STAR/full_grid_solar_opacity/runs/T313p023_rho4p03924em08/fac-opacity-cowan-state/starout.h5
313.0230941418062,5.804696634805446e-08,fac-opacity-cowan-state,T313p023_rho5p8047em08,0.3385329631882187,2.1532004804709476e-05,0.33856116385774765,2.798497968643303e-05,ok,/home/elads/STAR/full_grid_solar_opacity/runs/T313p023_rho5p8047em08/fac-opacity-cowan-state/starout.h5
313.0230941418062,8.341801332506338e-08,fac-opacity-cowan-state,T313p023_rho8p3418em08,0.33853290813212217,3.0246867227490634e-05,0.3385708552120621,3.7675382396484196e-05,ok,/home/elads/STAR/full_grid_solar_opacity/runs/T313p023_rho8p3418em08/fac-opacity-cowan-state/starout.h5
313.0230941418062,1.1987818459583772e-07,fac-opacity-cowan-state,T313p023_rho1p19878em07,0.3385328398045032,4.017439344683716e-05,0.3385837209948718,5.052806515642496e-05,ok,/home/elads/STAR/full_grid_solar_opacity/runs/T313p023_rho1p19878em07/fac-opacity-cowan-state/starout.h5
313.0230941418062,1.7227429147699408e-07,fac-opacity-cowan-state,T313p023_rho1p72274em07,0.338532756847331,5.561637381470947e-05,0.3386011236099332,6.79163607784246e-05,ok,/home/elads/STAR/full_grid_solar_opacity/runs/T313p023_rho1p72274em07/fac-opacity-cowan-state/starout.h5
313.0230941418062,2.4757157946593376e-07,fac-opacity-cowan-state,T313p023_rho2p47572em07,0.3385326434699495,7.982941793256423e-05,0.338625685997985,9.247721016295211e-05,ok,/home/elads/STAR/full_grid_solar_opacity/runs/T313p023_rho2p47572em07/fac-opacity-cowan-state/starout.h5
313.0230941418062,3.557796490339488e-07,fac-opacity-cowan-state,T313p023_rho3p5578em07,0.33853251528351563,0.00011464000771294058,0.33865729125828065,0.00012407706182600533,ok,/home/elads/STAR/full_grid_solar_opacity/runs/T313p023_rho3p5578em07/fac-opacity-cowan-state/starout.h5
313.0230941418062,5.112830759482948e-07,fac-opacity-cowan-state,T313p023_rho5p11283em07,0.3385323560740637,0.00015612081368427327,0.33869264157756185,0.00015941789580988183,ok,/home/elads/STAR/full_grid_solar_opacity/runs/T313p023_rho5p11283em07/fac-opacity-cowan-state/starout.h5
313.0230941418062,7.347536163492159e-07,fac-opacity-cowan-state,T313p023_rho7p34754em07,0.33853215273234694,0.00021530715553000554,0.33874396205681984,0.00021075153124007487,ok,/home/elads/STAR/full_grid_solar_opacity/runs/T313p023_rho7p34754em07/fac-opacity-cowan-state/starout.h5
313.0230941418062,1.0558981944335787e-06,fac-opacity-cowan-state,T313p023_rho1p0559em06,0.33853189573467996,0.00030054607717296285,0.3388075693573502,0.00027440733907794856,ok,/home/elads/STAR/full_grid_solar_opacity/runs/T313p023_rho1p0559em06/fac-opacity-cowan-state/starout.h5
313.0230941418062,1.517407974863493e-06,fac-opacity-cowan-state,T313p023_rho1p51741em06,0.3385315804165016,0.00041438524842745674,0.3388842392294582,0.0003511730982356241,ok,/home/elads/STAR/full_grid_solar_opacity/runs/T313p023_rho1p51741em06/fac-opacity-cowan-state/starout.h5
313.0230941418062,2.1806334875063253e-06,fac-opacity-cowan-state,T313p023_rho2p18063em06,0.33853118745117644,0.00058315867312781,0.33898505431110715,0.00045215042259144904,ok,/home/elads/STAR/full_grid_solar_opacity/runs/T313p023_rho2p18063em06/fac-opacity-cowan-state/starout.h5
313.0230941418062,3.1337402238588983e-06,fac-opacity-cowan-state,T313p023_rho3p13374em06,0.3385306653597769,0.0008068974826948903,0.3391038004068025,0.0005711429350850829,ok,/home/elads/STAR/full_grid_solar_opacity/runs/T313p023_rho3p13374em06/fac-opacity-cowan-state/starout.h5
313.0230941418062,4.503428864545845e-06,fac-opacity-cowan-state,T313p023_rho4p50343em06,0.33853002190252796,0.0011038983205690683,0.33924397783772353,0.0007115947288290754,ok,/home/elads/STAR/full_grid_solar_opacity/runs/T313p023_rho4p50343em06/fac-opacity-cowan-state/starout.h5
313.0230941418062,6.471778159406801e-06,fac-opacity-cowan-state,T313p023_rho6p47178em06,0.33852916252222265,0.0015942675189963198,0.33946106778763113,0.0009292546407204266,ok,/home/elads/STAR/full_grid_solar_opacity/runs/T313p023_rho6p47178em06/fac-opacity-cowan-state/starout.h5
313.0230941418062,9.300449458481393e-06,fac-opacity-cowan-state,T313p023_rho9p30045em06,0.3385280172950908,0.002192201930664277,0.33966763505133335,0.0011365683777428007,ok,/home/elads/STAR/full_grid_solar_opacity/runs/T313p023_rho9p30045em06/fac-opacity-cowan-state/starout.h5
313.0230941418062,1.3365470508911143e-05,fac-opacity-cowan-state,T313p023_rho1p33655em05,0.3385265174457948,0.0030238178661662436,0.3399707526862418,0.0014406227754047121,ok,/home/elads/STAR/full_grid_solar_opacity/runs/T313p023_rho1p33655em05/fac-opacity-cowan-state/starout.h5
313.0230941418062,1.920722248123928e-05,fac-opacity-cowan-state,T313p023_rho1p92072em05,0.33852446214010484,0.004152808321302947,0.34031498525691445,0.0017862327686514812,ok,/home/elads/STAR/full_grid_solar_opacity/runs/T313p023_rho1p92072em05/fac-opacity-cowan-state/starout.h5
313.0230941418062,2.760227522090268e-05,fac-opacity-cowan-state,T313p023_rho2p76023em05,0.33852169313856545,0.005818830627490139,0.34078219289275813,0.002255387403109611,ok,/home/elads/STAR/full_grid_solar_opacity/runs/T313p023_rho2p76023em05/fac-opacity-cowan-state/starout.h5
313.0230941418062,3.966662010161191e-05,fac-opacity-cowan-state,T313p023_rho3p96666em05,0.33851785131450723,0.008309164323107453,0.34163297043593766,0.003109278399172274,ok,/home/elads/STAR/full_grid_solar_opacity/runs/T313p023_rho3p96666em05/fac-opacity-cowan-state/starout.h5
313.0230941418062,5.7004023678963655e-05,fac-opacity-cowan-state,T313p023_rho5p7004em05,0.33851281297099595,0.011089459461140011,0.34217810695809686,0.003657852514962043,ok,/home/elads/STAR/full_grid_solar_opacity/runs/T313p023_rho5p7004em05/fac-opacity-cowan-state/starout.h5
313.0230941418062,8.191922344953684e-05,fac-opacity-cowan-state,T313p023_rho8p19192em05,0.3385056134728949,0.015522282113571892,0.343412542279785,0.004897641232066867,ok,/home/elads/STAR/full_grid_solar_opacity/runs/T313p023_rho8p19192em05/fac-opacity-cowan-state/starout.h5
313.0230941418062,0.00011772430676769293,fac-opacity-cowan-state,T313p023_rho0p000117724,0.33849564193481757,0.021212336360018343,0.3448557185310282,0.006348388190697317,ok,/home/elads/STAR/full_grid_solar_opacity/runs/T313p023_rho0p000117724/fac-opacity-cowan-state/starout.h5
313.0230941418062,0.00016917900122028344,fac-opacity-cowan-state,T313p023_rho0p000169179,0.33848154034559635,0.02935660548806663,0.347175146337362,0.008679407596590544,ok,/home/elads/STAR/full_grid_solar_opacity/runs/T313p023_rho0p000169179/fac-opacity-cowan-state/starout.h5
313.0230941418062,0.0002431234061999784,fac-opacity-cowan-state,T313p023_rho0p000243123,0.3384618707998356,0.039996713597813274,0.35011002686552345,0.011629858213129542,ok,/home/elads/STAR/full_grid_solar_opacity/runs/T313p023_rho0p000243123/fac-opacity-cowan-state/starout.h5
313.0230941418062,0.0003493872774749123,fac-opacity-cowan-state,T313p023_rho0p000349387,0.3384340928717373,0.05431321788212767,0.35417919269872716,0.01572099316090208,ok,/home/elads/STAR/full_grid_solar_opacity/runs/T313p023_rho0p000349387/fac-opacity-cowan-state/starout.h5
313.0230941418062,0.0005020967399614471,fac-opacity-cowan-state,T313p023_rho0p000502097,0.33839528376688605,0.07102996284389554,0.35746129124519843,0.019032456450634574,ok,/home/elads/STAR/full_grid_solar_opacity/runs/T313p023_rho0p000502097/fac-opacity-cowan-state/starout.h5
313.0230941418062,0.0007215521357901021,fac-opacity-cowan-state,T313p023_rho0p000721552,0.3383406918700823,0.09592334095051987,0.3652905633655606,0.026905472309145816,ok,/home/elads/STAR/full_grid_solar_opacity/runs/T313p023_rho0p000721552/fac-opacity-cowan-state/starout.h5
313.0230941418062,0.0010369266382873438,fac-opacity-cowan-state,T313p023_rho0p00103693,0.3382641931210615,0.12563107573549326,0.37368856441710263,0.03536391665163017,ok,/home/elads/STAR/full_grid_solar_opacity/runs/T313p023_rho0p00103693/fac-opacity-cowan-state/starout.h5
313.0230941418062,0.0014901443705277455,fac-opacity-cowan-state,T313p023_rho0p00149014,0.33815675158387604,0.16210907142136316,0.38303387005041506,0.044791789918082095,ok,/home/elads/STAR/full_grid_solar_opacity/runs/T313p023_rho0p00149014/fac-opacity-cowan-state/starout.h5
313.0230941418062,0.002141453563853953,fac-opacity-cowan-state,T313p023_rho0p00214145,0.33800674251418333,0.21653402771583857,0.40150871187836473,0.06338898558226842,ok,/home/elads/STAR/full_grid_solar_opacity/runs/T313p023_rho0p00214145/fac-opacity-cowan-state/starout.h5
313.0230941418062,0.003077435620898055,fac-opacity-cowan-state,T313p023_rho0p00307744,0.3377966219781752,0.2820437274786033,0.41786519776457365,0.07991569178353125,ok,/home/elads/STAR/full_grid_solar_opacity/runs/T313p023_rho0p00307744/fac-opacity-cowan-state/starout.h5
313.0230941418062,0.004422514763163053,fac-opacity-cowan-state,T313p023_rho0p00442251,0.3375045488798519,0.37539933529231867,0.4492105600323597,0.11149584782747662,ok,/home/elads/STAR/full_grid_solar_opacity/runs/T313p023_rho0p00442251/fac-opacity-cowan-state/starout.h5
313.0230941418062,0.006355498291362301,fac-opacity-cowan-state,T313p023_rho0p0063555,0.33710096609639584,0.47674312258179463,0.4710137422244633,0.13359032656713177,ok,/home/elads/STAR/full_grid_solar_opacity/runs/T313p023_rho0p0063555/fac-opacity-cowan-state/starout.h5
313.0230941418062,0.009133346228248624,fac-opacity-cowan-state,T313p023_rho0p00913335,0.3365464749983881,0.6157465126097352,0.5050499320246831,0.16805863324700832,ok,/home/elads/STAR/full_grid_solar_opacity/runs/T313p023_rho0p00913335/fac-opacity-cowan-state/starout.h5
313.0230941418062,0.01312533014735226,fac-opacity-cowan-state,T313p023_rho0p0131253,0.33578914763819356,0.8494767563800252,0.5978099346643639,0.26143892915675804,ok,/home/elads/STAR/full_grid_solar_opacity/runs/T313p023_rho0p0131253/fac-opacity-cowan-state/starout.h5
313.0230941418062,0.018862122071335155,fac-opacity-cowan-state,T313p023_rho0p0188621,0.3347626083280405,1.0948651688391648,0.6497120369754253,0.3141070109550437,ok,/home/elads/STAR/full_grid_solar_opacity/runs/T313p023_rho0p0188621/fac-opacity-cowan-state/starout.h5
313.0230941418062,0.02710633904364831,fac-opacity-cowan-state,T313p023_rho0p0271063,0.3333836475309542,1.4585828025233714,0.7553829149882128,0.4208189870227473,ok,/home/elads/STAR/full_grid_solar_opacity/runs/T313p023_rho0p0271063/fac-opacity-cowan-state/starout.h5
313.0230941418062,0.038953921174427183,fac-opacity-cowan-state,T313p023_rho0p0389539,0.33154918865797606,1.9070226853567263,0.8301817285229023,0.4968488998679602,ok,/home/elads/STAR/full_grid_solar_opacity/runs/T313p023_rho0p0389539/fac-opacity-cowan-state/starout.h5
313.0230941418062,0.0559798197912329,fac-opacity-cowan-state,T313p023_rho0p0559798,0.3291409053406503,2.635644987516675,1.0247828170992985,0.6931551078235106,ok,/home/elads/STAR/full_grid_solar_opacity/runs/T313p023_rho0p0559798/fac-opacity-cowan-state/starout.h5
313.0230941418062,0.08044736266284185,fac-opacity-cowan-state,T313p023_rho0p0804474,0.3260192057054479,3.41139173138993,1.080703919979705,0.7510765087419435,ok,/home/elads/STAR/full_grid_solar_opacity/runs/T313p023_rho0p0804474/fac-opacity-cowan-state/starout.h5
313.0230941418062,0.11560912813835741,fac-opacity-cowan-state,T313p023_rho0p115609,0.32204673429661596,4.757456688681431,1.3374419896138152,1.0101199980369993,ok,/home/elads/STAR/full_grid_solar_opacity/runs/T313p023_rho0p115609/fac-opacity-cowan-state/starout.h5
313.0230941418062,0.1661393247274789,fac-opacity-cowan-state,T313p023_rho0p166139,0.3170919616397213,6.415901208588746,1.5485773792542936,1.2242600014751466,ok,/home/elads/STAR/full_grid_solar_opacity/runs/T313p023_rho0p166139/fac-opacity-cowan-state/starout.h5
313.0230941418062,0.23875515424585794,fac-opacity-cowan-state,T313p023_rho0p238755,0.31105428294171206,8.629060753517383,1.6526712061837086,1.3318171137129138,ok,/home/elads/STAR/full_grid_solar_opacity/runs/T313p023_rho0p238755/fac-opacity-cowan-state/starout.h5
313.0230941418062,0.34310975906798746,fac-opacity-cowan-state,T313p023_rho0p34311,0.30382246868317364,11.81018504559882,1.8217057257053864,1.5053025360997465,ok,/home/elads/STAR/full_grid_solar_opacity/runs/T313p023_rho0p34311/fac-opacity-cowan-state/starout.h5
313.0230941418062,0.49307545690287347,fac-opacity-cowan-state,T313p023_rho0p493075,0.29554845856472894,16.20036428660732,2.010213782402661,1.6992074075958938,ok,/home/elads/STAR/full_grid_solar_opacity/runs/T313p023_rho0p493075/fac-opacity-cowan-state/starout.h5
313.0230941418062,0.7085878491488851,fac-opacity-cowan-state,T313p023_rho0p708588,0.28633964552631047,22.374682895047673,2.245292493528856,1.9411155126998627,ok,/home/elads/STAR/full_grid_solar_opacity/runs/T313p023_rho0p708588/fac-opacity-cowan-state/starout.h5
313.0230941418062,1.0182959482819007,fac-opacity-cowan-state,T313p023_rho1p0183,0.27647659765853483,31.016750888692307,2.5833297314481816,2.2871934140524117,ok,/home/elads/STAR/full_grid_solar_opacity/runs/T313p023_rho1p0183/fac-opacity-cowan-state/starout.h5
313.0230941418062,1.4633706173946401,fac-opacity-cowan-state,T313p023_rho1p46337,0.2663536569735056,43.21992974698756,3.11675425975621,2.829777144465827,ok,/home/elads/STAR/full_grid_solar_opacity/runs/T313p023_rho1p46337/fac-opacity-cowan-state/starout.h5
313.0230941418062,2.1029775945461404,fac-opacity-cowan-state,T313p023_rho2p10298,0.25646159480012853,60.037974335001046,3.6620952378733764,3.3846620524656954,ok,/home/elads/STAR/full_grid_solar_opacity/runs/T313p023_rho2p10298/fac-opacity-cowan-state/starout.h5
313.0230941418062,3.0221426551783854,fac-opacity-cowan-state,T313p023_rho3p02214,0.2473518297045073,83.66823949020517,4.485785795069829,4.217650203915213,ok,/home/elads/STAR/full_grid_solar_opacity/runs/T313p023_rho3p02214/fac-opacity-cowan-state/starout.h5
313.0230941418062,4.343054463316713,fac-opacity-cowan-state,T313p023_rho4p34305,0.23960853789295009,115.70062270229676,5.684783080077028,5.42551382058409,ok,/home/elads/STAR/full_grid_solar_opacity/runs/T313p023_rho4p34305/fac-opacity-cowan-state/starout.h5
313.0230941418062,6.241307649397467,fac-opacity-cowan-state,T313p023_rho6p24131,0.23379425017757116,159.06201469608487,7.039800534325784,6.787615402510178,ok,/home/elads/STAR/full_grid_solar_opacity/runs/T313p023_rho6p24131/fac-opacity-cowan-state/starout.h5
313.0230941418062,8.969245378672715,fac-opacity-cowan-state,T313p023_rho8p96925,0.2303780367664017,216.84465486917284,8.745403235607924,8.498436196682041,ok,/home/elads/STAR/full_grid_solar_opacity/runs/T313p023_rho8p96925/fac-opacity-cowan-state/starout.h5
313.0230941418062,12.889504440725364,fac-opacity-cowan-state,T313p023_rho12p8895,0.23018498225009074,291.8182236757206,10.831654036831123,10.58711341507464,ok,/home/elads/STAR/full_grid_solar_opacity/runs/T313p023_rho12p8895/fac-opacity-cowan-state/starout.h5
313.0230941418062,18.52322215674118,fac-opacity-cowan-state,T313p023_rho18p5232,0.23332929962088106,387.135565719183,13.995667756539229,13.750587712596609,ok,/home/elads/STAR/full_grid_solar_opacity/runs/T313p023_rho18p5232/fac-opacity-cowan-state/starout.h5
313.0230941418062,26.61931346126126,fac-opacity-cowan-state,T313p023_rho26p6193,0.24034669957260268,503.1651507716075,17.32948893567568,17.080455303335214,ok,/home/elads/STAR/full_grid_solar_opacity/runs/T313p023_rho26p6193/fac-opacity-cowan-state/starout.h5
313.0230941418062,38.254027466328665,fac-opacity-cowan-state,T313p023_rho38p254,0.2511751734333505,634.2002053402375,21.280664832070833,21.02389135988849,ok,/home/elads/STAR/full_grid_solar_opacity/runs/T313p023_rho38p254/fac-opacity-cowan-state/starout.h5
313.0230941418062,54.97401800103719,fac-opacity-cowan-state,T313p023_rho54p974,0.26558797301345494,769.8743741360453,25.909972099626852,25.64155771525349,ok,/home/elads/STAR/full_grid_solar_opacity/runs/T313p023_rho54p974/fac-opacity-cowan-state/starout.h5
313.0230941418062,79.0019471240894,fac-opacity-cowan-state,T313p023_rho79p0019,0.28250440347145,892.5243454996419,31.886802303095937,31.603639974258105,ok,/home/elads/STAR/full_grid_solar_opacity/runs/T313p023_rho79p0019/fac-opacity-cowan-state/starout.h5
313.0230941418062,113.53195339077567,fac-opacity-cowan-state,T313p023_rho113p532,0.30070324504973533,981.5021131261926,39.85036739824514,39.55047214083828,ok,/home/elads/STAR/full_grid_solar_opacity/runs/T313p023_rho113p532/fac-opacity-cowan-state/starout.h5
313.0230941418062,163.15426277379785,fac-opacity-cowan-state,T313p023_rho163p154,0.3186248183451511,1069.8816983865318,49.584173836907645,49.2671901681913,ok,/home/elads/STAR/full_grid_solar_opacity/runs/T313p023_rho163p154/fac-opacity-cowan-state/starout.h5
313.0230941418062,234.46538763970608,fac-opacity-cowan-state,T313p023_rho234p465,0.3354881372517506,1177.1073114826274,59.31229360480687,58.978803673320776,ok,/home/elads/STAR/full_grid_solar_opacity/runs/T313p023_rho234p465/fac-opacity-cowan-state/starout.h5
313.0230941418062,336.94503022121665,fac-opacity-cowan-state,T313p023_rho336p945,0.3514736619607373,1228.6340701371903,66.50917214618661,66.15977067679881,ok,/home/elads/STAR/full_grid_solar_opacity/runs/T313p023_rho336p945/fac-opacity-cowan-state/starout.h5
313.0230941418062,484.21626123015125,fac-opacity-cowan-state,T313p023_rho484p216,0.36772513256944095,1236.25568993102,70.9863391867756,70.62074828460847,ok,/home/elads/STAR/full_grid_solar_opacity/runs/T313p023_rho484p216/fac-opacity-cowan-state/starout.h5
313.0230941418062,695.8564947100452,fac-opacity-cowan-state,T313p023_rho695p856,0.38645037097910856,1150.7016827520958,79.136004120892,78.75199152454985,ok,/home/elads/STAR/full_grid_solar_opacity/runs/T313p023_rho695p856/fac-opacity-cowan-state/starout.h5
313.0230941418062,1000.0,fac-opacity-cowan-state,T313p023_rho1000,0.40938888442587607,980.0274650651987,102.94095733312285,102.5344759429009,ok,/home/elads/STAR/full_grid_solar_opacity/runs/T313p023_rho1000/fac-opacity-cowan-state/starout.h5
344.6011906493856,1e-17,fac-opacity-cowan-state,T344p601_rho1em17,0.33846711628507925,3.708922833558874e-11,0.3384671164924213,2.003415031861699e-10,ok,/home/elads/STAR/full_grid_solar_opacity/runs/T344p601_rho1em17/fac-opacity-cowan-state/starout.h5
344.6011906493856,1.4370779141993746e-17,fac-opacity-cowan-state,T344p601_rho1p43708em17,0.33846711628654524,3.7089321361534564e-11,0.3384671164938873,2.0034153702577692e-10,ok,/home/elads/STAR/full_grid_solar_opacity/runs/T344p601_rho1p43708em17/fac-opacity-cowan-state/starout.h5
344.6011906493856,2.065192931479625e-17,fac-opacity-cowan-state,T344p601_rho2p06519em17,0.3384671162881396,3.708945521509375e-11,0.33846711649548167,2.0034158637604417e-10,ok,/home/elads/STAR/full_grid_solar_opacity/runs/T344p601_rho2p06519em17/fac-opacity-cowan-state/starout.h5
344.6011906493856,2.9678431503900313e-17,fac-opacity-cowan-state,T344p601_rho2p96784em17,0.33846711628985177,3.708964789548253e-11,0.33846711649719385,2.0034165913962693e-10,ok,/home/elads/STAR/full_grid_solar_opacity/runs/T344p601_rho2p96784em17/fac-opacity-cowan-state/starout.h5
344.6011906493856,4.2650218442334076e-17,fac-opacity-cowan-state,T344p601_rho4p26502em17,0.33846711629167836,3.708992431505368e-11,0.33846711649902067,2.0034176048394684e-10,ok,/home/elads/STAR/full_grid_solar_opacity/runs/T344p601_rho4p26502em17/fac-opacity-cowan-state/starout.h5
344.6011906493856,6.129168695925715e-17,fac-opacity-cowan-state,T344p601_rho6p12917em17,0.33846711629352827,3.70903222542386e-11,0.3384671165008707,2.003419064957515e-10,ok,/home/elads/STAR/full_grid_solar_opacity/runs/T344p601_rho6p12917em17/fac-opacity-cowan-state/starout.h5
344.6011906493856,8.808092965317026e-17,fac-opacity-cowan-state,T344p601_rho8p80809em17,0.33846711629544274,3.709089478156418e-11,0.33846711650278544,2.0034211651856856e-10,ok,/home/elads/STAR/full_grid_solar_opacity/runs/T344p601_rho8p80809em17/fac-opacity-cowan-state/starout.h5
344.6011906493856,1.2657915866672028e-16,fac-opacity-cowan-state,T344p601_rho1p26579em16,0.3384671162972183,3.7091717640127256e-11,0.33846711650456124,2.0034241888278978e-10,ok,/home/elads/STAR/full_grid_solar_opacity/runs/T344p601_rho1p26579em16/fac-opacity-cowan-state/starout.h5
344.6011906493856,1.819041133178821e-16,fac-opacity-cowan-state,T344p601_rho1p81904em16,0.3384671163662756,3.70928999772593e-11,0.33846711657361883,2.003428526218743e-10,ok,/home/elads/STAR/full_grid_solar_opacity/runs/T344p601_rho1p81904em16/fac-opacity-cowan-state/starout.h5
344.6011906493856,2.6141038375114865e-16,fac-opacity-cowan-state,T344p601_rho2p6141em16,0.3384671163662387,3.709459930455328e-11,0.33846711657358264,2.0034347714875327e-10,ok,/home/elads/STAR/full_grid_solar_opacity/runs/T344p601_rho2p6141em16/fac-opacity-cowan-state/starout.h5
344.6011906493856,3.7566708903116036e-16,fac-opacity-cowan-state,T344p601_rho3p75667em16,0.3384671160712734,3.709704126727669e-11,0.3384671162786184,2.003443742766358e-10,ok,/home/elads/STAR/full_grid_solar_opacity/runs/T344p601_rho3p75667em16/fac-opacity-cowan-state/starout.h5
344.6011906493856,5.398628767382507e-16,fac-opacity-cowan-state,T344p601_rho5p39863em16,0.33846711636612603,3.710055047429021e-11,0.33846711657347217,2.0034566336876722e-10,ok,/home/elads/STAR/full_grid_solar_opacity/runs/T344p601_rho5p39863em16/fac-opacity-cowan-state/starout.h5
344.6011906493856,7.758250168566793e-16,fac-opacity-cowan-state,T344p601_rho7p75825em16,0.3384671161235733,4.334657086708354e-11,0.338467116365149,2.334424780246614e-10,ok,/home/elads/STAR/full_grid_solar_opacity/runs/T344p601_rho7p75825em16/fac-opacity-cowan-state/starout.h5
344.6011906493856,1.1149209970080914e-15,fac-opacity-cowan-state,T344p601_rho1p11492em15,0.33846711608801067,6.22967267095081e-11,0.3384671164337723,3.3412311784478285e-10,ok,/home/elads/STAR/full_grid_solar_opacity/runs/T344p601_rho1p11492em15/fac-opacity-cowan-state/starout.h5
344.6011906493856,1.6022283408774753e-15,fac-opacity-cowan-state,T344p601_rho1p60223em15,0.3384671157634213,8.952854933698751e-11,0.33846711625804576,4.779796519831186e-10,ok,/home/elads/STAR/full_grid_solar_opacity/runs/T344p601_rho1p60223em15/fac-opacity-cowan-state/starout.h5
344.6011906493856,2.3025269621793266e-15,fac-opacity-cowan-state,T344p601_rho2p30253em15,0.3384671152921092,1.2864171294194506e-10,0.3384671159976527,6.818128546974353e-10,ok,/home/elads/STAR/full_grid_solar_opacity/runs/T344p601_rho2p30253em15/fac-opacity-cowan-state/starout.h5
344.6011906493856,3.308910644196489e-15,fac-opacity-cowan-state,T344p601_rho3p30891em15,0.3384671146084976,1.8485793238216984e-10,0.3384671156124547,9.702097810503529e-10,ok,/home/elads/STAR/full_grid_solar_opacity/runs/T344p601_rho3p30891em15/fac-opacity-cowan-state/starout.h5
344.6011906493856,4.755162406834019e-15,fac-opacity-cowan-state,T344p601_rho4p75516em15,0.3384671135802315,2.656025163780955e-10,0.3384671150031817,1.3751587745557096e-09,ok,/home/elads/STAR/full_grid_solar_opacity/runs/T344p601_rho4p75516em15/fac-opacity-cowan-state/starout.h5
344.6011906493856,6.8335388732923106e-15,fac-opacity-cowan-state,T344p601_rho6p83354em15,0.33846711211517655,3.8156154286660874e-10,0.338467114120867,1.938401262303307e-09,ok,/home/elads/STAR/full_grid_solar_opacity/runs/T344p601_rho6p83354em15/fac-opacity-cowan-state/starout.h5
344.6011906493856,9.820327790631256e-15,fac-opacity-cowan-state,T344p601_rho9p82033em15,0.338467110089051,5.480685744725556e-10,0.3384671128973518,2.714219645968212e-09,ok,/home/elads/STAR/full_grid_solar_opacity/runs/T344p601_rho9p82033em15/fac-opacity-cowan-state/starout.h5
344.6011906493856,1.4112576178114521e-14,fac-opacity-cowan-state,T344p601_rho1p41126em14,0.3384671070679222,7.870275168249524e-10,0.3384671109667607,3.768452881399777e-09,ok,/home/elads/STAR/full_grid_solar_opacity/runs/T344p601_rho1p41126em14/fac-opacity-cowan-state/starout.h5
344.6011906493856,2.0280871538024598e-14,fac-opacity-cowan-state,T344p601_rho2p02809em14,0.3384671027133369,1.1298805779698115e-09,0.33846710806857755,5.176519916625876e-09,ok,/home/elads/STAR/full_grid_solar_opacity/runs/T344p601_rho2p02809em14/fac-opacity-cowan-state/starout.h5
344.6011906493856,2.914519256800997e-14,fac-opacity-cowan-state,T344p601_rho2p91452em14,0.33846709641268835,1.6212208408888833e-09,0.3384671036753628,7.020858050415679e-09,ok,/home/elads/STAR/full_grid_solar_opacity/runs/T344p601_rho2p91452em14/fac-opacity-cowan-state/starout.h5
344.6011906493856,4.188391254457488e-14,fac-opacity-cowan-state,T344p601_rho4p18839em14,0.3384670875977042,2.3246440853040077e-09,0.3384670973006216,9.380631760268796e-09,ok,/home/elads/STAR/full_grid_solar_opacity/runs/T344p601_rho4p18839em14/fac-opacity-cowan-state/starout.h5
344.6011906493856,6.019044567806669e-14,fac-opacity-cowan-state,T344p601_rho6p01904em14,0.3384670740625993,3.330673587414406e-09,0.33846708681191084,1.2326849631210186e-08,ok,/home/elads/STAR/full_grid_solar_opacity/runs/T344p601_rho6p01904em14/fac-opacity-cowan-state/starout.h5
344.6011906493856,8.649836012976684e-14,fac-opacity-cowan-state,T344p601_rho8p64984em14,0.33846705802780147,4.765605303095951e-09,0.3384670744645706,1.5893275358897664e-08,ok,/home/elads/STAR/full_grid_solar_opacity/runs/T344p601_rho8p64984em14/fac-opacity-cowan-state/starout.h5
344.6011906493856,1.2430488295695167e-13,fac-opacity-cowan-state,T344p601_rho1p24305em13,0.3384670349574058,6.807620942037514e-09,0.338467055737612,2.0094259965813123e-08,ok,/home/elads/STAR/full_grid_solar_opacity/runs/T344p601_rho1p24305em13/fac-opacity-cowan-state/starout.h5
344.6011906493856,1.7863580192457348e-13,fac-opacity-cowan-state,T344p601_rho1p78636em13,0.33846700480563624,9.702863389754434e-09,0.3384670305219168,2.4868300941163836e-08,ok,/home/elads/STAR/full_grid_solar_opacity/runs/T344p601_rho1p78636em13/fac-opacity-cowan-state/starout.h5
344.6011906493856,2.567135656310987e-13,fac-opacity-cowan-state,T344p601_rho2p56714em13,0.3384669662054732,1.37997459192139e-08,0.3384669974699326,3.0233991581931155e-08,ok,/home/elads/STAR/full_grid_solar_opacity/runs/T344p601_rho2p56714em13/fac-opacity-cowan-state/starout.h5
344.6011906493856,3.6891739544382357e-13,fac-opacity-cowan-state,T344p601_rho3p68917em13,0.33846691854082317,1.9569395767838194e-08,0.3384669557960139,3.602691551080246e-08,ok,/home/elads/STAR/full_grid_solar_opacity/runs/T344p601_rho3p68917em13/fac-opacity-cowan-state/starout.h5
344.6011906493856,5.301630411562758e-13,fac-opacity-cowan-state,T344p601_rho5p30163em13,0.3384668519498387,2.770061668986067e-08,0.3384668956380965,4.224798133350646e-08,ok,/home/elads/STAR/full_grid_solar_opacity/runs/T344p601_rho5p30163em13/fac-opacity-cowan-state/starout.h5
344.6011906493856,7.618855973704612e-13,fac-opacity-cowan-state,T344p601_rho7p61886em13,0.33846678474848085,3.904950513416601e-08,0.33846683502443164,4.861724532222112e-08,ok,/home/elads/STAR/full_grid_solar_opacity/runs/T344p601_rho7p61886em13/fac-opacity-cowan-state/starout.h5
344.6011906493856,1.0948889651276868e-12,fac-opacity-cowan-state,T344p601_rho1p09489em12,0.33846668949779485,5.494583234027879e-08,0.33846674653288356,5.515248905055029e-08,ok,/home/elads/STAR/full_grid_solar_opacity/runs/T344p601_rho1p09489em12/fac-opacity-cowan-state/starout.h5
344.6011906493856,1.5734407502856082e-12,fac-opacity-cowan-state,T344p601_rho1p57344em12,0.3384665836966974,7.713148357258042e-08,0.3384666477539062,6.194327213814117e-08,ok,/home/elads/STAR/full_grid_solar_opacity/runs/T344p601_rho1p57344em12/fac-opacity-cowan-state/starout.h5
344.6011906493856,2.26115695153675e-12,fac-opacity-cowan-state,T344p601_rho2p26116em12,0.33846644686882627,1.0814148324240309e-07,0.33846651854628335,6.931520467860041e-08,ok,/home/elads/STAR/full_grid_solar_opacity/runs/T344p601_rho2p26116em12/fac-opacity-cowan-state/starout.h5
344.6011906493856,3.249458715591849e-12,fac-opacity-cowan-state,T344p601_rho3p24946em12,0.33846627470591983,1.5137303124589207e-07,0.3384663553710567,7.801425769162456e-08,ok,/home/elads/STAR/full_grid_solar_opacity/runs/T344p601_rho3p24946em12/fac-opacity-cowan-state/starout.h5
344.6011906493856,4.669725353279713e-12,fac-opacity-cowan-state,T344p601_rho4p66973em12,0.33846605637393007,2.1129833653771906e-07,0.3384661486155501,8.922480681158237e-08,ok,/home/elads/STAR/full_grid_solar_opacity/runs/T344p601_rho4p66973em12/fac-opacity-cowan-state/starout.h5
344.6011906493856,6.710759170575148e-12,fac-opacity-cowan-state,T344p601_rho6p71076em12,0.33846577918210413,2.93887700754501e-07,0.33846588602731437,1.0337300402878458e-07,ok,/home/elads/STAR/full_grid_solar_opacity/runs/T344p601_rho6p71076em12/fac-opacity-cowan-state/starout.h5
344.6011906493856,9.64388379154446e-12,fac-opacity-cowan-state,T344p601_rho9p64388em12,0.33825144589422823,4.0620431817453206e-07,0.3382515711775972,1.2124086691568704e-07,ok,/home/elads/STAR/full_grid_solar_opacity/runs/T344p601_rho9p64388em12/fac-opacity-cowan-state/starout.h5
344.6011906493856,1.3859012403933867e-11,fac-opacity-cowan-state,T344p601_rho1p3859em11,0.33825101460874996,5.568730822382501e-07,0.33825116129669364,1.419963021587625e-07,ok,/home/elads/STAR/full_grid_solar_opacity/runs/T344p601_rho1p3859em11/fac-opacity-cowan-state/starout.h5
344.6011906493856,1.9916480638308542e-11,fac-opacity-cowan-state,T344p601_rho1p99165em11,0.3382504919545471,7.543318731153962e-07,0.33825066056538794,1.6325087735978832e-07,ok,/home/elads/STAR/full_grid_solar_opacity/runs/T344p601_rho1p99165em11/fac-opacity-cowan-state/starout.h5
344.6011906493856,2.8621534453892672e-11,fac-opacity-cowan-state,T344p601_rho2p86215em11,0.3382498937242204,1.007591241055646e-06,0.3382500837185762,1.839903070493834e-07,ok,/home/elads/STAR/full_grid_solar_opacity/runs/T344p601_rho2p86215em11/fac-opacity-cowan-state/starout.h5
344.6011906493856,4.1131375034185614e-11,fac-opacity-cowan-state,T344p601_rho4p11314em11,0.33824909178672374,1.3256555049113878e-06,0.338249301875726,2.034891510455243e-07,ok,/home/elads/STAR/full_grid_solar_opacity/runs/T344p601_rho4p11314em11/fac-opacity-cowan-state/starout.h5
344.6011906493856,5.910899064227969e-11,fac-opacity-cowan-state,T344p601_rho5p9109em11,0.33824840480035245,1.706185808737528e-06,0.33824863312608333,2.212031197018027e-07,ok,/home/elads/STAR/full_grid_solar_opacity/runs/T344p601_rho5p9109em11/fac-opacity-cowan-state/starout.h5
344.6011906493856,8.4944224982638e-11,fac-opacity-cowan-state,T344p601_rho8p49442em11,0.338247511149315,2.160539847192179e-06,0.3382477572801938,2.3852048143907297e-07,ok,/home/elads/STAR/full_grid_solar_opacity/runs/T344p601_rho8p49442em11/fac-opacity-cowan-state/starout.h5
344.6011906493856,1.2207146966133182e-10,fac-opacity-cowan-state,T344p601_rho1p22071em10,0.3382466730224499,2.6821613718849145e-06,0.3382469358108274,2.5476163196937084e-07,ok,/home/elads/STAR/full_grid_solar_opacity/runs/T344p601_rho1p22071em10/fac-opacity-cowan-state/starout.h5
344.6011906493856,1.7542621300415897e-10,fac-opacity-cowan-state,T344p601_rho1p75426em10,0.33824576667393014,3.2866464159159513e-06,0.3382460576137745,2.824395478085258e-07,ok,/home/elads/STAR/full_grid_solar_opacity/runs/T344p601_rho1p75426em10/fac-opacity-cowan-state/starout.h5
344.6011906493856,2.52101136279913e-10,fac-opacity-cowan-state,T344p601_rho2p52101em10,0.33824484651215536,3.974029111366389e-06,0.3382451624422361,3.0697987745088913e-07,ok,/home/elads/STAR/full_grid_solar_opacity/runs/T344p601_rho2p52101em10/fac-opacity-cowan-state/starout.h5
344.6011906493856,3.6228897509242966e-10,fac-opacity-cowan-state,T344p601_rho3p62289em10,0.3382439316662426,4.7446330002220265e-06,0.3382442796566142,3.3853951816377066e-07,ok,/home/elads/STAR/full_grid_solar_opacity/runs/T344p601_rho3p62289em10/fac-opacity-cowan-state/starout.h5
344.6011906493856,5.20637484663258e-10,fac-opacity-cowan-state,T344p601_rho5p20637em10,0.3382430356351582,5.598596794995696e-06,0.338243424149606,3.7852936187645363e-07,ok,/home/elads/STAR/full_grid_solar_opacity/runs/T344p601_rho5p20637em10/fac-opacity-cowan-state/starout.h5
344.6011906493856,7.481966305138837e-10,fac-opacity-cowan-state,T344p601_rho7p48197em10,0.3382421699080374,6.516633720944121e-06,0.3382426130549113,4.3251847800380434e-07,ok,/home/elads/STAR/full_grid_solar_opacity/runs/T344p601_rho7p48197em10/fac-opacity-cowan-state/starout.h5
344.6011906493856,1.0752168531898921e-09,fac-opacity-cowan-state,T344p601_rho1p07522em09,0.33824134488234,7.471740179255378e-06,0.33824186785352006,5.113930387210865e-07,ok,/home/elads/STAR/full_grid_solar_opacity/runs/T344p601_rho1p07522em09/fac-opacity-cowan-state/starout.h5
344.6011906493856,1.5451703926941453e-09,fac-opacity-cowan-state,T344p601_rho1p54517em09,0.3382405356616385,8.411784010168359e-06,0.33824116922493297,6.206877408022011e-07,ok,/home/elads/STAR/full_grid_solar_opacity/runs/T344p601_rho1p54517em09/fac-opacity-cowan-state/starout.h5
344.6011906493856,2.220530245015531e-09,fac-opacity-cowan-state,T344p601_rho2p22053em09,0.3382397979775831,9.344672563383413e-06,0.33824063571505225,8.230106381582967e-07,ok,/home/elads/STAR/full_grid_solar_opacity/runs/T344p601_rho2p22053em09/fac-opacity-cowan-state/starout.h5
344.6011906493856,3.1910749729235452e-09,fac-opacity-cowan-state,T344p601_rho3p19107em09,0.33823913281542634,1.0171575993396926e-05,0.33824020919008496,1.0590992830429217e-06,ok,/home/elads/STAR/full_grid_solar_opacity/runs/T344p601_rho3p19107em09/fac-opacity-cowan-state/starout.h5
344.6011906493856,4.585823366142813e-09,fac-opacity-cowan-state,T344p601_rho4p58582em09,0.3382385519816613,1.0930321837927765e-05,0.3382399701132136,1.3972208567200993e-06,ok,/home/elads/STAR/full_grid_solar_opacity/runs/T344p601_rho4p58582em09/fac-opacity-cowan-state/starout.h5
344.6011906493856,6.590185477903269e-09,fac-opacity-cowan-state,T344p601_rho6p59019em09,0.3382380811299068,1.170204562219066e-05,0.3382400677981957,1.9608466738166733e-06,ok,/home/elads/STAR/full_grid_solar_opacity/runs/T344p601_rho6p59019em09/fac-opacity-cowan-state/starout.h5
344.6011906493856,9.470610000772238e-09,fac-opacity-cowan-state,T344p601_rho9p47061em09,0.3382376553676477,1.2454696445880565e-05,0.33824034736797853,2.6588957844880596e-06,ok,/home/elads/STAR/full_grid_solar_opacity/runs/T344p601_rho9p47061em09/fac-opacity-cowan-state/starout.h5
344.6011906493856,1.3610004466105506e-08,fac-opacity-cowan-state,T344p601_rho1p361em08,0.3382372920969537,1.34414436489465e-05,0.3382410728272163,3.7370069647789796e-06,ok,/home/elads/STAR/full_grid_solar_opacity/runs/T344p601_rho1p361em08/fac-opacity-cowan-state/starout.h5
344.6011906493856,1.9558636830395073e-08,fac-opacity-cowan-state,T344p601_rho1p95586em08,0.33823702852241355,1.4595618867173838e-05,0.3382423187342515,5.233059274153714e-06,ok,/home/elads/STAR/full_grid_solar_opacity/runs/T344p601_rho1p95586em08/fac-opacity-cowan-state/starout.h5
344.6011906493856,2.810728502080722e-08,fac-opacity-cowan-state,T344p601_rho2p81073em08,0.3382368230195657,1.5907352409979195e-05,0.33824419069888734,7.292356878130735e-06,ok,/home/elads/STAR/full_grid_solar_opacity/runs/T344p601_rho2p81073em08/fac-opacity-cowan-state/starout.h5
344.6011906493856,4.039235853150913e-08,fac-opacity-cowan-state,T344p601_rho4p03924em08,0.3382366626198383,1.789833731084552e-05,0.3382469569208964,1.0195841977237612e-05,ok,/home/elads/STAR/full_grid_solar_opacity/runs/T344p601_rho4p03924em08/fac-opacity-cowan-state/starout.h5
344.6011906493856,5.804696634805446e-08,fac-opacity-cowan-state,T344p601_rho5p8047em08,0.3382365343556218,2.0871187385213375e-05,0.3382510859955852,1.4423544671035976e-05,ok,/home/elads/STAR/full_grid_solar_opacity/runs/T344p601_rho5p8047em08/fac-opacity-cowan-state/starout.h5
344.6011906493856,8.341801332506338e-08,fac-opacity-cowan-state,T344p601_rho8p3418em08,0.3382364310411453,2.5521148878818916e-05,0.3382568696685816,2.0273501306833658e-05,ok,/home/elads/STAR/full_grid_solar_opacity/runs/T344p601_rho8p3418em08/fac-opacity-cowan-state/starout.h5
344.6011906493856,1.1987818459583772e-07,fac-opacity-cowan-state,T344p601_rho1p19878em07,0.33823633914272344,3.032779061694037e-05,0.3382641050285291,2.7548959496749388e-05,ok,/home/elads/STAR/full_grid_solar_opacity/runs/T344p601_rho1p19878em07/fac-opacity-cowan-state/starout.h5
344.6011906493856,1.7227429147699408e-07,fac-opacity-cowan-state,T344p601_rho1p72274em07,0.338236252048498,3.8107153869443364e-05,0.3382741866984056,3.765579615670873e-05,ok,/home/elads/STAR/full_grid_solar_opacity/runs/T344p601_rho1p72274em07/fac-opacity-cowan-state/starout.h5
344.6011906493856,2.4757157946593376e-07,fac-opacity-cowan-state,T344p601_rho2p47572em07,0.3382361618591434,4.985214969900378e-05,0.3382876838224999,5.1168822451572106e-05,ok,/home/elads/STAR/full_grid_solar_opacity/runs/T344p601_rho2p47572em07/fac-opacity-cowan-state/starout.h5
344.6011906493856,3.557796490339488e-07,fac-opacity-cowan-state,T344p601_rho3p5578em07,0.33823606078013146,6.959830290726151e-05,0.3383074409443172,7.09406275509781e-05,ok,/home/elads/STAR/full_grid_solar_opacity/runs/T344p601_rho3p5578em07/fac-opacity-cowan-state/starout.h5
344.6011906493856,5.112830759482948e-07,fac-opacity-cowan-state,T344p601_rho5p11283em07,0.33823594145082986,9.174576640791633e-05,0.3383300791552684,9.358101014605107e-05,ok,/home/elads/STAR/full_grid_solar_opacity/runs/T344p601_rho5p11283em07/fac-opacity-cowan-state/starout.h5
344.6011906493856,7.347536163492159e-07,fac-opacity-cowan-state,T344p601_rho7p34754em07,0.3382357948952956,0.00012432635245551433,0.338362513920936,0.00012601120742675994,ok,/home/elads/STAR/full_grid_solar_opacity/runs/T344p601_rho7p34754em07/fac-opacity-cowan-state/starout.h5
344.6011906493856,1.0558981944335787e-06,fac-opacity-cowan-state,T344p601_rho1p0559em06,0.3382356113559907,0.00017277987609559458,0.3384062954653564,0.00016980281873985023,ok,/home/elads/STAR/full_grid_solar_opacity/runs/T344p601_rho1p0559em06/fac-opacity-cowan-state/starout.h5
344.6011906493856,1.517407974863493e-06,fac-opacity-cowan-state,T344p601_rho1p51741em06,0.3382353758216521,0.00023768013722546324,0.3384616926742662,0.00022522715841364957,ok,/home/elads/STAR/full_grid_solar_opacity/runs/T344p601_rho1p51741em06/fac-opacity-cowan-state/starout.h5
344.6011906493856,2.1806334875063253e-06,fac-opacity-cowan-state,T344p601_rho2p18063em06,0.3382350767520485,0.0003354754217313489,0.33853307596412474,0.0002966843110931752,ok,/home/elads/STAR/full_grid_solar_opacity/runs/T344p601_rho2p18063em06/fac-opacity-cowan-state/starout.h5
344.6011906493856,3.1337402238588983e-06,fac-opacity-cowan-state,T344p601_rho3p13374em06,0.33823469655216915,0.00046436312972794673,0.33862112583316745,0.0003848476226414989,ok,/home/elads/STAR/full_grid_solar_opacity/runs/T344p601_rho3p13374em06/fac-opacity-cowan-state/starout.h5
344.6011906493856,4.503428864545845e-06,fac-opacity-cowan-state,T344p601_rho4p50343em06,0.33823419437265584,0.0006345940847904189,0.3387248974030177,0.0004888115415790546,ok,/home/elads/STAR/full_grid_solar_opacity/runs/T344p601_rho4p50343em06/fac-opacity-cowan-state/starout.h5
344.6011906493856,6.471778159406801e-06,fac-opacity-cowan-state,T344p601_rho6p47178em06,0.3382335330161789,0.0009158546499028685,0.3388826151356002,0.0006469480202317386,ok,/home/elads/STAR/full_grid_solar_opacity/runs/T344p601_rho6p47178em06/fac-opacity-cowan-state/starout.h5
344.6011906493856,9.300449458481393e-06,fac-opacity-cowan-state,T344p601_rho9p30045em06,0.33823266438513594,0.0012592486845401378,0.33903513571413074,0.0008000364461882121,ok,/home/elads/STAR/full_grid_solar_opacity/runs/T344p601_rho9p30045em06/fac-opacity-cowan-state/starout.h5
344.6011906493856,1.3365470508911143e-05,fac-opacity-cowan-state,T344p601_rho1p33655em05,0.33823151409515123,0.0017285947848411486,0.33924676843470786,0.0010124318089831965,ok,/home/elads/STAR/full_grid_solar_opacity/runs/T344p601_rho1p33655em05/fac-opacity-cowan-state/starout.h5
344.6011906493856,1.920722248123928e-05,fac-opacity-cowan-state,T344p601_rho1p92072em05,0.3382299621726554,0.0023726206930564115,0.33949654363546466,0.0012633180572546542,ok,/home/elads/STAR/full_grid_solar_opacity/runs/T344p601_rho1p92072em05/fac-opacity-cowan-state/starout.h5
344.6011906493856,2.760227522090268e-05,fac-opacity-cowan-state,T344p601_rho2p76023em05,0.338227866750314,0.003327986783851212,0.33984550229311317,0.0016139557090346578,ok,/home/elads/STAR/full_grid_solar_opacity/runs/T344p601_rho2p76023em05/fac-opacity-cowan-state/starout.h5
344.6011906493856,3.966662010161191e-05,fac-opacity-cowan-state,T344p601_rho3p96666em05,0.3382249603787648,0.004750941114588471,0.3403855096075081,0.002156514536241687,ok,/home/elads/STAR/full_grid_solar_opacity/runs/T344p601_rho3p96666em05/fac-opacity-cowan-state/starout.h5
344.6011906493856,5.7004023678963655e-05,fac-opacity-cowan-state,T344p601_rho5p7004em05,0.3382210797244368,0.006349065778844885,0.34080149905858276,0.002575328979980653,ok,/home/elads/STAR/full_grid_solar_opacity/runs/T344p601_rho5p7004em05/fac-opacity-cowan-state/starout.h5
344.6011906493856,8.191922344953684e-05,fac-opacity-cowan-state,T344p601_rho8p19192em05,0.3382156409447201,0.008893662363185078,0.34163313215141977,0.003411630415079535,ok,/home/elads/STAR/full_grid_solar_opacity/runs/T344p601_rho8p19192em05/fac-opacity-cowan-state/starout.h5
344.6011906493856,0.00011772430676769293,fac-opacity-cowan-state,T344p601_rho0p000117724,0.33820812126928246,0.012168832688468263,0.3426137711314855,0.0043985976698942214,ok,/home/elads/STAR/full_grid_solar_opacity/runs/T344p601_rho0p000117724/fac-opacity-cowan-state/starout.h5
344.6011906493856,0.00016917900122028344,fac-opacity-cowan-state,T344p601_rho0p000169179,0.3381974995558104,0.016876834783728388,0.34408859068888537,0.005882710368329228,ok,/home/elads/STAR/full_grid_solar_opacity/runs/T344p601_rho0p000169179/fac-opacity-cowan-state/starout.h5
344.6011906493856,0.0002431234061999784,fac-opacity-cowan-state,T344p601_rho0p000243123,0.3381826611927441,0.023263336853883723,0.3461701044726008,0.00797676999140068,ok,/home/elads/STAR/full_grid_solar_opacity/runs/T344p601_rho0p000243123/fac-opacity-cowan-state/starout.h5
344.6011906493856,0.0003493872774749123,fac-opacity-cowan-state,T344p601_rho0p000349387,0.33816165190676273,0.0317539021164249,0.3487698036535159,0.010594504043250005,ok,/home/elads/STAR/full_grid_solar_opacity/runs/T344p601_rho0p000349387/fac-opacity-cowan-state/starout.h5
344.6011906493856,0.0005020967399614471,fac-opacity-cowan-state,T344p601_rho0p000502097,0.33813231487159107,0.041971462467677745,0.3511853495523009,0.01303281149629244,ok,/home/elads/STAR/full_grid_solar_opacity/runs/T344p601_rho0p000502097/fac-opacity-cowan-state/starout.h5
344.6011906493856,0.0007215521357901021,fac-opacity-cowan-state,T344p601_rho0p000721552,0.3380909406994932,0.05741287341316818,0.35635875709552567,0.01824013401774323,ok,/home/elads/STAR/full_grid_solar_opacity/runs/T344p601_rho0p000721552/fac-opacity-cowan-state/starout.h5
344.6011906493856,0.0010369266382873438,fac-opacity-cowan-state,T344p601_rho0p00103693,0.33803284383673904,0.075649228713465,0.3617144123973935,0.023642940335957065,ok,/home/elads/STAR/full_grid_solar_opacity/runs/T344p601_rho0p00103693/fac-opacity-cowan-state/starout.h5
344.6011906493856,0.0014901443705277455,fac-opacity-cowan-state,T344p601_rho0p00149014,0.33795106879890724,0.09896252145241835,0.36855889870209474,0.03055016155035596,ok,/home/elads/STAR/full_grid_solar_opacity/runs/T344p601_rho0p00149014/fac-opacity-cowan-state/starout.h5
344.6011906493856,0.002141453563853953,fac-opacity-cowan-state,T344p601_rho0p00214145,0.33783656141910806,0.13128634532853894,0.37944370335279565,0.04152888398564928,ok,/home/elads/STAR/full_grid_solar_opacity/runs/T344p601_rho0p00214145/fac-opacity-cowan-state/starout.h5
344.6011906493856,0.003077435620898055,fac-opacity-cowan-state,T344p601_rho0p00307744,0.33767571439846206,0.1701284928078494,0.3917719364081517,0.05398464813932224,ok,/home/elads/STAR/full_grid_solar_opacity/runs/T344p601_rho0p00307744/fac-opacity-cowan-state/starout.h5
344.6011906493856,0.004422514763163053,fac-opacity-cowan-state,T344p601_rho0p00442251,0.3374514217161131,0.22353896331265427,0.4102883516880867,0.07268159139394177,ok,/home/elads/STAR/full_grid_solar_opacity/runs/T344p601_rho0p00442251/fac-opacity-cowan-state/starout.h5
344.6011906493856,0.006355498291362301,fac-opacity-cowan-state,T344p601_rho0p0063555,0.3371403855548444,0.284739602571097,0.42716585514608196,0.08978714720464273,ok,/home/elads/STAR/full_grid_solar_opacity/runs/T344p601_rho0p0063555/fac-opacity-cowan-state/starout.h5
344.6011906493856,0.009133346228248624,fac-opacity-cowan-state,T344p601_rho0p00913335,0.33671120504928487,0.37695862140313763,0.45097362192599144,0.11391530609904454,ok,/home/elads/STAR/full_grid_solar_opacity/runs/T344p601_rho0p00913335/fac-opacity-cowan-state/starout.h5
344.6011906493856,0.01312533014735226,fac-opacity-cowan-state,T344p601_rho0p0131253,0.33612202851896605,0.519596345615569,0.5000482387814282,0.1634621447808714,ok,/home/elads/STAR/full_grid_solar_opacity/runs/T344p601_rho0p0131253/fac-opacity-cowan-state/starout.h5
344.6011906493856,0.018862122071335155,fac-opacity-cowan-state,T344p601_rho0p0188621,0.33531888916372643,0.6854999894165537,0.5422357951577428,0.20624318714919515,ok,/home/elads/STAR/full_grid_solar_opacity/runs/T344p601_rho0p0188621/fac-opacity-cowan-state/starout.h5
344.6011906493856,0.02710633904364831,fac-opacity-cowan-state,T344p601_rho0p0271063,0.33423166945645383,0.9269805037879658,0.6086659848055656,0.27347193073197984,ok,/home/elads/STAR/full_grid_solar_opacity/runs/T344p601_rho0p0271063/fac-opacity-cowan-state/starout.h5
344.6011906493856,0.038953921174427183,fac-opacity-cowan-state,T344p601_rho0p0389539,0.3327729581911436,1.2167965950915294,0.6499574807244919,0.315742850510805,ok,/home/elads/STAR/full_grid_solar_opacity/runs/T344p601_rho0p0389539/fac-opacity-cowan-state/starout.h5
344.6011906493856,0.0559798197912329,fac-opacity-cowan-state,T344p601_rho0p0559798,0.33083880507348684,1.6974036329473459,0.7779669282716157,0.44509289076712605,ok,/home/elads/STAR/full_grid_solar_opacity/runs/T344p601_rho0p0559798/fac-opacity-cowan-state/starout.h5
344.6011906493856,0.08044736266284185,fac-opacity-cowan-state,T344p601_rho0p0804474,0.32830110735832635,2.255382858469779,0.8346320057267418,0.5033856031830609,ok,/home/elads/STAR/full_grid_solar_opacity/runs/T344p601_rho0p0804474/fac-opacity-cowan-state/starout.h5
344.6011906493856,0.11560912813835741,fac-opacity-cowan-state,T344p601_rho0p115609,0.3250256098087418,3.173304755281822,0.9952835547032683,0.666034158749223,ok,/home/elads/STAR/full_grid_solar_opacity/runs/T344p601_rho0p115609/fac-opacity-cowan-state/starout.h5
344.6011906493856,0.1661393247274789,fac-opacity-cowan-state,T344p601_rho0p166139,0.32087298380708934,4.304427740607451,1.1014523238196818,0.7748128915328798,ok,/home/elads/STAR/full_grid_solar_opacity/runs/T344p601_rho0p166139/fac-opacity-cowan-state/starout.h5
344.6011906493856,0.23875515424585794,fac-opacity-cowan-state,T344p601_rho0p238755,0.31571780148823986,5.960027457814622,1.2510574711568643,0.9275423340232277,ok,/home/elads/STAR/full_grid_solar_opacity/runs/T344p601_rho0p238755/fac-opacity-cowan-state/starout.h5
344.6011906493856,0.34310975906798746,fac-opacity-cowan-state,T344p601_rho0p34311,0.30940862814694836,8.238608939472119,1.402642073479032,1.0831327776452488,ok,/home/elads/STAR/full_grid_solar_opacity/runs/T344p601_rho0p34311/fac-opacity-cowan-state/starout.h5
344.6011906493856,0.49307545690287347,fac-opacity-cowan-state,T344p601_rho0p493075,0.3020144027690394,11.399385940409521,1.5683833075911526,1.2537636902982132,ok,/home/elads/STAR/full_grid_solar_opacity/runs/T344p601_rho0p493075/fac-opacity-cowan-state/starout.h5
344.6011906493856,0.7085878491488851,fac-opacity-cowan-state,T344p601_rho0p708588,0.2935639323525441,15.862215562746663,1.7937651855377565,1.485308018219335,ok,/home/elads/STAR/full_grid_solar_opacity/runs/T344p601_rho0p708588/fac-opacity-cowan-state/starout.h5
344.6011906493856,1.0182959482819007,fac-opacity-cowan-state,T344p601_rho1p0183,0.2842419502927258,22.12044750987981,2.049875195670685,1.748551267531161,ok,/home/elads/STAR/full_grid_solar_opacity/runs/T344p601_rho1p0183/fac-opacity-cowan-state/starout.h5
344.6011906493856,1.4633706173946401,fac-opacity-cowan-state,T344p601_rho1p46337,0.2743668627125952,30.917828829064288,2.441279529336174,2.148272860122302,ok,/home/elads/STAR/full_grid_solar_opacity/runs/T344p601_rho1p46337/fac-opacity-cowan-state/starout.h5
344.6011906493856,2.1029775945461404,fac-opacity-cowan-state,T344p601_rho2p10298,0.26436274480762484,43.085526540750585,2.9153299436978433,2.6311215949875026,ok,/home/elads/STAR/full_grid_solar_opacity/runs/T344p601_rho2p10298/fac-opacity-cowan-state/starout.h5
344.6011906493856,3.0221426551783854,fac-opacity-cowan-state,T344p601_rho3p02214,0.2547555877523505,59.98540289032615,3.523381185273595,3.2480021622760797,ok,/home/elads/STAR/full_grid_solar_opacity/runs/T344p601_rho3p02214/fac-opacity-cowan-state/starout.h5
344.6011906493856,4.343054463316713,fac-opacity-cowan-state,T344p601_rho4p34305,0.24612931271418978,83.65487689266304,4.4823030069574346,4.215401004601464,ok,/home/elads/STAR/full_grid_solar_opacity/runs/T344p601_rho4p34305/fac-opacity-cowan-state/starout.h5
344.6011906493856,6.241307649397467,fac-opacity-cowan-state,T344p601_rho6p24131,0.2390851458024611,115.4582017174984,5.4836224865261265,5.224060181778962,ok,/home/elads/STAR/full_grid_solar_opacity/runs/T344p601_rho6p24131/fac-opacity-cowan-state/starout.h5
344.6011906493856,8.969245378672715,fac-opacity-cowan-state,T344p601_rho8p96925,0.23423019721659957,158.30237010375194,6.694809359398399,6.441160069438489,ok,/home/elads/STAR/full_grid_solar_opacity/runs/T344p601_rho8p96925/fac-opacity-cowan-state/starout.h5
344.6011906493856,12.889504440725364,fac-opacity-cowan-state,T344p601_rho12p8895,0.23218420048162577,214.53234145187523,8.134562129040273,7.884893366039787,ok,/home/elads/STAR/full_grid_solar_opacity/runs/T344p601_rho12p8895/fac-opacity-cowan-state/starout.h5
344.6011906493856,18.52322215674118,fac-opacity-cowan-state,T344p601_rho18p5232,0.2333611899604563,287.29213644894656,10.235373615996192,9.987109135524717,ok,/home/elads/STAR/full_grid_solar_opacity/runs/T344p601_rho18p5232/fac-opacity-cowan-state/starout.h5
344.6011906493856,26.61931346126126,fac-opacity-cowan-state,T344p601_rho26p6193,0.23834821791356153,376.95551786084894,12.51545011105169,12.265634253052689,ok,/home/elads/STAR/full_grid_solar_opacity/runs/T344p601_rho26p6193/fac-opacity-cowan-state/starout.h5
344.6011906493856,38.254027466328665,fac-opacity-cowan-state,T344p601_rho38p254,0.2472545781134476,483.2398145428282,15.298315485785889,15.043256705336926,ok,/home/elads/STAR/full_grid_solar_opacity/runs/T344p601_rho38p254/fac-opacity-cowan-state/starout.h5
344.6011906493856,54.97401800103719,fac-opacity-cowan-state,T344p601_rho54p974,0.25995069041778857,597.571807777292,18.688565186057545,18.424222213797055,ok,/home/elads/STAR/full_grid_solar_opacity/runs/T344p601_rho54p974/fac-opacity-cowan-state/starout.h5
344.6011906493856,79.0019471240894,fac-opacity-cowan-state,T344p601_rho79p0019,0.2757228790316986,708.5961584919834,23.28201923881507,23.004652650334467,ok,/home/elads/STAR/full_grid_solar_opacity/runs/T344p601_rho79p0019/fac-opacity-cowan-state/starout.h5
344.6011906493856,113.53195339077567,fac-opacity-cowan-state,T344p601_rho113p532,0.2934554521222143,799.8394392698112,29.53782689154091,29.24467408777022,ok,/home/elads/STAR/full_grid_solar_opacity/runs/T344p601_rho113p532/fac-opacity-cowan-state/starout.h5
344.6011906493856,163.15426277379785,fac-opacity-cowan-state,T344p601_rho163p154,0.3114805163958024,853.6222954683592,37.41716463557307,37.10718173936544,ok,/home/elads/STAR/full_grid_solar_opacity/runs/T344p601_rho163p154/fac-opacity-cowan-state/starout.h5
344.6011906493856,234.46538763970608,fac-opacity-cowan-state,T344p601_rho234p465,0.32874635122589513,953.1709828397105,45.92686295966936,45.60021046415227,ok,/home/elads/STAR/full_grid_solar_opacity/runs/T344p601_rho234p465/fac-opacity-cowan-state/starout.h5
344.6011906493856,336.94503022121665,fac-opacity-cowan-state,T344p601_rho336p945,0.34490725862295035,1019.796408056295,53.25912293902618,52.916495509960804,ok,/home/elads/STAR/full_grid_solar_opacity/runs/T344p601_rho336p945/fac-opacity-cowan-state/starout.h5
344.6011906493856,484.21626123015125,fac-opacity-cowan-state,T344p601_rho484p216,0.3608235446843976,1032.7817388255417,57.76615096001465,57.40762287140879,ok,/home/elads/STAR/full_grid_solar_opacity/runs/T344p601_rho484p216/fac-opacity-cowan-state/starout.h5
344.6011906493856,695.8564947100452,fac-opacity-cowan-state,T344p601_rho695p856,0.37835946256612685,1003.2364236348033,61.712275644860576,61.33637784844521,ok,/home/elads/STAR/full_grid_solar_opacity/runs/T344p601_rho695p856/fac-opacity-cowan-state/starout.h5
344.6011906493856,1000.0,fac-opacity-cowan-state,T344p601_rho1000,0.3993940553071092,896.2887806384783,72.95974947749141,72.56327532669017,ok,/home/elads/STAR/full_grid_solar_opacity/runs/T344p601_rho1000/fac-opacity-cowan-state/starout.h5
379.36491849760415,1e-17,fac-opacity-cowan-state,T379p365_rho1em17,0.3381623037514356,1.15988655030594e-11,0.3381623038104992,5.7131686096827253e-11,ok,/home/elads/STAR/full_grid_solar_opacity/runs/T379p365_rho1em17/fac-opacity-cowan-state/starout.h5
379.36491849760415,1.4370779141993746e-17,fac-opacity-cowan-state,T379p365_rho1p43708em17,0.3381623037515847,1.1598931724401593e-11,0.3381623038106484,5.713171039124773e-11,ok,/home/elads/STAR/full_grid_solar_opacity/runs/T379p365_rho1p43708em17/fac-opacity-cowan-state/starout.h5
379.36491849760415,2.065192931479625e-17,fac-opacity-cowan-state,T379p365_rho2p06519em17,0.3381623037517284,1.1599026881534178e-11,0.33816230381079215,5.713174523901568e-11,ok,/home/elads/STAR/full_grid_solar_opacity/runs/T379p365_rho2p06519em17/fac-opacity-cowan-state/starout.h5
379.36491849760415,2.9678431503900313e-17,fac-opacity-cowan-state,T379p365_rho2p96784em17,0.3381623037518268,1.1599163685728011e-11,0.3381623038108906,5.7131795354297596e-11,ok,/home/elads/STAR/full_grid_solar_opacity/runs/T379p365_rho2p96784em17/fac-opacity-cowan-state/starout.h5
379.36491849760415,4.2650218442334076e-17,fac-opacity-cowan-state,T379p365_rho4p26502em17,0.33816230375186107,1.1599360357237176e-11,0.33816230381092494,5.713186740823e-11,ok,/home/elads/STAR/full_grid_solar_opacity/runs/T379p365_rho4p26502em17/fac-opacity-cowan-state/starout.h5
379.36491849760415,6.129168695925715e-17,fac-opacity-cowan-state,T379p365_rho6p12917em17,0.33816230375191314,1.1599643657093373e-11,0.338162303810977,5.7131971294821925e-11,ok,/home/elads/STAR/full_grid_solar_opacity/runs/T379p365_rho6p12917em17/fac-opacity-cowan-state/starout.h5
379.36491849760415,8.808092965317026e-17,fac-opacity-cowan-state,T379p365_rho8p80809em17,0.3381623037518464,1.160005140103296e-11,0.3381623038109106,5.7132120681232985e-11,ok,/home/elads/STAR/full_grid_solar_opacity/runs/T379p365_rho8p80809em17/fac-opacity-cowan-state/starout.h5
379.36491849760415,1.2657915866672028e-16,fac-opacity-cowan-state,T379p365_rho1p26579em16,0.33816230375189593,1.1600637379831576e-11,0.33816230381096035,5.7132335535348033e-11,ok,/home/elads/STAR/full_grid_solar_opacity/runs/T379p365_rho1p26579em16/fac-opacity-cowan-state/starout.h5
379.36491849760415,1.819041133178821e-16,fac-opacity-cowan-state,T379p365_rho1p81904em16,0.33816230375189243,1.1601479451282487e-11,0.3381623038109571,5.713264426577986e-11,ok,/home/elads/STAR/full_grid_solar_opacity/runs/T379p365_rho1p81904em16/fac-opacity-cowan-state/starout.h5
379.36491849760415,2.6141038375114865e-16,fac-opacity-cowan-state,T379p365_rho2p6141em16,0.33816230375192474,1.1602689494962694e-11,0.33816230381098983,5.7133087706095264e-11,ok,/home/elads/STAR/full_grid_solar_opacity/runs/T379p365_rho2p6141em16/fac-opacity-cowan-state/starout.h5
379.36491849760415,3.7566708903116036e-16,fac-opacity-cowan-state,T379p365_rho3p75667em16,0.3381623037518623,1.1604428491788957e-11,0.3381623038109281,5.7133725480703624e-11,ok,/home/elads/STAR/full_grid_solar_opacity/runs/T379p365_rho3p75667em16/fac-opacity-cowan-state/starout.h5
379.36491849760415,5.398628767382507e-16,fac-opacity-cowan-state,T379p365_rho5p39863em16,0.33816230375153944,1.1606927433711687e-11,0.33816230381060614,5.713464160368028e-11,ok,/home/elads/STAR/full_grid_solar_opacity/runs/T379p365_rho5p39863em16/fac-opacity-cowan-state/starout.h5
379.36491849760415,7.758250168566793e-16,fac-opacity-cowan-state,T379p365_rho7p75825em16,0.3381623037522601,1.3580500474634532e-11,0.3381623038211969,6.668801554747143e-11,ok,/home/elads/STAR/full_grid_solar_opacity/runs/T379p365_rho7p75825em16/fac-opacity-cowan-state/starout.h5
379.36491849760415,1.1149209970080914e-15,fac-opacity-cowan-state,T379p365_rho1p11492em15,0.3381623037376594,1.9518176195426704e-11,0.33816230383675033,9.585954487602705e-11,ok,/home/elads/STAR/full_grid_solar_opacity/runs/T379p365_rho1p11492em15/fac-opacity-cowan-state/starout.h5
379.36491849760415,1.6022283408774753e-15,fac-opacity-cowan-state,T379p365_rho1p60223em15,0.33816230372122574,2.8049799106304602e-11,0.33816230386357804,1.3771068809609354e-10,ok,/home/elads/STAR/full_grid_solar_opacity/runs/T379p365_rho1p60223em15/fac-opacity-cowan-state/starout.h5
379.36491849760415,2.3025269621793266e-15,fac-opacity-cowan-state,T379p365_rho2p30253em15,0.3381623036975709,4.031095160587913e-11,0.3381623039020681,1.9782805273454814e-10,ok,/home/elads/STAR/full_grid_solar_opacity/runs/T379p365_rho2p30253em15/fac-opacity-cowan-state/starout.h5
379.36491849760415,3.308910644196489e-15,fac-opacity-cowan-state,T379p365_rho3p30891em15,0.3381623036634093,5.792972919334994e-11,0.33816230395709523,2.8410872846539456e-10,ok,/home/elads/STAR/full_grid_solar_opacity/runs/T379p365_rho3p30891em15/fac-opacity-cowan-state/starout.h5
379.36491849760415,4.755162406834019e-15,fac-opacity-cowan-state,T379p365_rho4p75516em15,0.3381623036143021,8.324840101456735e-11,0.33816230403594505,4.0789399838886166e-10,ok,/home/elads/STAR/full_grid_solar_opacity/runs/T379p365_rho4p75516em15/fac-opacity-cowan-state/starout.h5
379.36491849760415,6.8335388732923106e-15,fac-opacity-cowan-state,T379p365_rho6p83354em15,0.3381623035429167,1.1963601819517748e-10,0.33816230414826015,5.856042073957491e-10,ok,/home/elads/STAR/full_grid_solar_opacity/runs/T379p365_rho6p83354em15/fac-opacity-cowan-state/starout.h5
379.36491849760415,9.820327790631256e-15,fac-opacity-cowan-state,T379p365_rho9p82033em15,0.3381623034399203,1.7192065782957718e-10,0.33816230430816857,8.399390097063656e-10,ok,/home/elads/STAR/full_grid_solar_opacity/runs/T379p365_rho9p82033em15/fac-opacity-cowan-state/starout.h5
379.36491849760415,1.4112576178114521e-14,fac-opacity-cowan-state,T379p365_rho1p41126em14,0.3381623032914962,2.470925984295104e-10,0.3381623045363148,1.2042350142921857e-09,ok,/home/elads/STAR/full_grid_solar_opacity/runs/T379p365_rho1p41126em14/fac-opacity-cowan-state/starout.h5
379.36491849760415,2.0280871538024598e-14,fac-opacity-cowan-state,T379p365_rho2p02809em14,0.3381623030768221,3.550864323372278e-10,0.3381623048591594,1.7242401734984764e-09,ok,/home/elads/STAR/full_grid_solar_opacity/runs/T379p365_rho2p02809em14/fac-opacity-cowan-state/starout.h5
379.36491849760415,2.914519256800997e-14,fac-opacity-cowan-state,T379p365_rho2p91452em14,0.3381623027780251,5.102521999130181e-10,0.3381623053267835,2.465698331218073e-09,ok,/home/elads/STAR/full_grid_solar_opacity/runs/T379p365_rho2p91452em14/fac-opacity-cowan-state/starout.h5
379.36491849760415,4.188391254457488e-14,fac-opacity-cowan-state,T379p365_rho4p18839em14,0.33816230231537475,7.332719056459844e-10,0.33816230595157915,3.5177429782383563e-09,ok,/home/elads/STAR/full_grid_solar_opacity/runs/T379p365_rho4p18839em14/fac-opacity-cowan-state/starout.h5
379.36491849760415,6.019044567806669e-14,fac-opacity-cowan-state,T379p365_rho6p01904em14,0.33816230166320205,1.05374475381755e-09,0.33816230683682086,5.005142977661724e-09,ok,/home/elads/STAR/full_grid_solar_opacity/runs/T379p365_rho6p01904em14/fac-opacity-cowan-state/starout.h5
379.36491849760415,8.649836012976684e-14,fac-opacity-cowan-state,T379p365_rho8p64984em14,0.338162300405273,1.5140718887332972e-09,0.3381623077341215,7.090330224572907e-09,ok,/home/elads/STAR/full_grid_solar_opacity/runs/T379p365_rho8p64984em14/fac-opacity-cowan-state/starout.h5
379.36491849760415,1.2430488295695167e-13,fac-opacity-cowan-state,T379p365_rho1p24305em13,0.3381622993493604,2.1752948209908993e-09,0.33816230967476263,9.989628457050266e-09,ok,/home/elads/STAR/full_grid_solar_opacity/runs/T379p365_rho1p24305em13/fac-opacity-cowan-state/starout.h5
379.36491849760415,1.7863580192457348e-13,fac-opacity-cowan-state,T379p365_rho1p78636em13,0.3381622972068483,3.1247753250194514e-09,0.33816231164693566,1.3970979855656222e-08,ok,/home/elads/STAR/full_grid_solar_opacity/runs/T379p365_rho1p78636em13/fac-opacity-cowan-state/starout.h5
379.36491849760415,2.567135656310987e-13,fac-opacity-cowan-state,T379p365_rho2p56714em13,0.3381622944941893,4.487877965759211e-09,0.3381623144966402,1.9353450931928213e-08,ok,/home/elads/STAR/full_grid_solar_opacity/runs/T379p365_rho2p56714em13/fac-opacity-cowan-state/starout.h5
379.36491849760415,3.6891739544382357e-13,fac-opacity-cowan-state,T379p365_rho3p68917em13,0.33816229035425993,6.443487858660559e-09,0.3381623177559107,2.6513938055612612e-08,ok,/home/elads/STAR/full_grid_solar_opacity/runs/T379p365_rho3p68917em13/fac-opacity-cowan-state/starout.h5
379.36491849760415,5.301630411562758e-13,fac-opacity-cowan-state,T379p365_rho5p30163em13,0.33816228440366985,9.248561110711304e-09,0.3381623213475181,3.5748913603919635e-08,ok,/home/elads/STAR/full_grid_solar_opacity/runs/T379p365_rho5p30163em13/fac-opacity-cowan-state/starout.h5
379.36491849760415,7.618855973704612e-13,fac-opacity-cowan-state,T379p365_rho7p61886em13,0.33816227553598444,1.326777238956917e-08,0.33816232459896545,4.7478903716113295e-08,ok,/home/elads/STAR/full_grid_solar_opacity/runs/T379p365_rho7p61886em13/fac-opacity-cowan-state/starout.h5
379.36491849760415,1.0948889651276868e-12,fac-opacity-cowan-state,T379p365_rho1p09489em12,0.33816226391753035,1.9015911784785225e-08,0.33816232780229705,6.182560397670732e-08,ok,/home/elads/STAR/full_grid_solar_opacity/runs/T379p365_rho1p09489em12/fac-opacity-cowan-state/starout.h5
379.36491849760415,1.5734407502856082e-12,fac-opacity-cowan-state,T379p365_rho1p57344em12,0.3381622472158847,2.722851284601416e-08,0.3381623286686933,7.883109815853959e-08,ok,/home/elads/STAR/full_grid_solar_opacity/runs/T379p365_rho1p57344em12/fac-opacity-cowan-state/starout.h5
379.36491849760415,2.26115695153675e-12,fac-opacity-cowan-state,T379p365_rho2p26116em12,0.3381622243563356,3.8929224049684944e-08,0.3381623260383403,9.841250722954717e-08,ok,/home/elads/STAR/full_grid_solar_opacity/runs/T379p365_rho2p26116em12/fac-opacity-cowan-state/starout.h5
379.36491849760415,3.249458715591849e-12,fac-opacity-cowan-state,T379p365_rho3p24946em12,0.33816219879642156,5.5616106887384234e-08,0.3381623232613616,1.2046746531676627e-07,ok,/home/elads/STAR/full_grid_solar_opacity/runs/T379p365_rho3p24946em12/fac-opacity-cowan-state/starout.h5
379.36491849760415,4.669725353279713e-12,fac-opacity-cowan-state,T379p365_rho4p66973em12,0.3381621537450982,7.919320062270664e-08,0.33816230304075845,1.4450020143137886e-07,ok,/home/elads/STAR/full_grid_solar_opacity/runs/T379p365_rho4p66973em12/fac-opacity-cowan-state/starout.h5
379.36491849760415,6.710759170575148e-12,fac-opacity-cowan-state,T379p365_rho6p71076em12,0.33816210354569004,1.1247186516422803e-07,0.3381622795501053,1.7034679400004376e-07,ok,/home/elads/STAR/full_grid_solar_opacity/runs/T379p365_rho6p71076em12/fac-opacity-cowan-state/starout.h5
379.36491849760415,9.64388379154446e-12,fac-opacity-cowan-state,T379p365_rho9p64388em12,0.3379266732581563,1.5931273524409206e-07,0.33792687750732947,1.9767576016356326e-07,ok,/home/elads/STAR/full_grid_solar_opacity/runs/T379p365_rho9p64388em12/fac-opacity-cowan-state/starout.h5
379.36491849760415,1.3859012403933867e-11,fac-opacity-cowan-state,T379p365_rho1p3859em11,0.33792659654267454,2.2489317959911484e-07,0.33792683075885105,2.2666936278480995e-07,ok,/home/elads/STAR/full_grid_solar_opacity/runs/T379p365_rho1p3859em11/fac-opacity-cowan-state/starout.h5
379.36491849760415,1.9916480638308542e-11,fac-opacity-cowan-state,T379p365_rho1p99165em11,0.337926487889621,3.1672358591195466e-07,0.3379267534884018,2.570346095328622e-07,ok,/home/elads/STAR/full_grid_solar_opacity/runs/T379p365_rho1p99165em11/fac-opacity-cowan-state/starout.h5
379.36491849760415,2.8621534453892672e-11,fac-opacity-cowan-state,T379p365_rho2p86215em11,0.33792636264546166,4.4478913934851864e-07,0.3379266622421043,2.8993990037464285e-07,ok,/home/elads/STAR/full_grid_solar_opacity/runs/T379p365_rho2p86215em11/fac-opacity-cowan-state/starout.h5
379.36491849760415,4.1131375034185614e-11,fac-opacity-cowan-state,T379p365_rho4p11314em11,0.3379261996247335,6.232988211751704e-07,0.3379265386091002,3.28092878002306e-07,ok,/home/elads/STAR/full_grid_solar_opacity/runs/T379p365_rho4p11314em11/fac-opacity-cowan-state/starout.h5
379.36491849760415,5.910899064227969e-11,fac-opacity-cowan-state,T379p365_rho5p9109em11,0.3379259924995354,8.707828305495451e-07,0.3379263795314143,3.7465153486330063e-07,ok,/home/elads/STAR/full_grid_solar_opacity/runs/T379p365_rho5p9109em11/fac-opacity-cowan-state/starout.h5
379.36491849760415,8.4944224982638e-11,fac-opacity-cowan-state,T379p365_rho8p49442em11,0.337925728463643,1.2115701601461938e-06,0.3379261773266344,4.345966487068516e-07,ok,/home/elads/STAR/full_grid_solar_opacity/runs/T379p365_rho8p49442em11/fac-opacity-cowan-state/starout.h5
379.36491849760415,1.2207146966133182e-10,fac-opacity-cowan-state,T379p365_rho1p22071em10,0.3379253942763341,1.6770526058378292e-06,0.33792591726784,5.064928772477952e-07,ok,/home/elads/STAR/full_grid_solar_opacity/runs/T379p365_rho1p22071em10/fac-opacity-cowan-state/starout.h5
379.36491849760415,1.7542621300415897e-10,fac-opacity-cowan-state,T379p365_rho1p75426em10,0.33792497704580166,2.302286070871034e-06,0.33792558612253815,5.900068175586634e-07,ok,/home/elads/STAR/full_grid_solar_opacity/runs/T379p365_rho1p75426em10/fac-opacity-cowan-state/starout.h5
379.36491849760415,2.52101136279913e-10,fac-opacity-cowan-state,T379p365_rho2p52101em10,0.3379244709948272,3.127259133950781e-06,0.33792517112194986,6.783554876858981e-07,ok,/home/elads/STAR/full_grid_solar_opacity/runs/T379p365_rho2p52101em10/fac-opacity-cowan-state/starout.h5
379.36491849760415,3.6228897509242966e-10,fac-opacity-cowan-state,T379p365_rho3p62289em10,0.3379238736353558,4.1915770509513165e-06,0.3379246638948705,7.658499111641387e-07,ok,/home/elads/STAR/full_grid_solar_opacity/runs/T379p365_rho3p62289em10/fac-opacity-cowan-state/starout.h5
379.36491849760415,5.20637484663258e-10,fac-opacity-cowan-state,T379p365_rho5p20637em10,0.33792310358901534,5.543599928661484e-06,0.3379239936104522,8.630442030587491e-07,ok,/home/elads/STAR/full_grid_solar_opacity/runs/T379p365_rho5p20637em10/fac-opacity-cowan-state/starout.h5
379.36491849760415,7.481966305138837e-10,fac-opacity-cowan-state,T379p365_rho7p48197em10,0.33792240440239063,7.168315676776437e-06,0.3379233825667763,9.48887198808041e-07,ok,/home/elads/STAR/full_grid_solar_opacity/runs/T379p365_rho7p48197em10/fac-opacity-cowan-state/starout.h5
379.36491849760415,1.0752168531898921e-09,fac-opacity-cowan-state,T379p365_rho1p07522em09,0.33792148514609344,9.116905715834028e-06,0.337922553549002,1.0369785819497265e-06,ok,/home/elads/STAR/full_grid_solar_opacity/runs/T379p365_rho1p07522em09/fac-opacity-cowan-state/starout.h5
379.36491849760415,1.5451703926941453e-09,fac-opacity-cowan-state,T379p365_rho1p54517em09,0.33792061351067004,1.1361029370775269e-05,0.3379217730805622,1.1262023056830411e-06,ok,/home/elads/STAR/full_grid_solar_opacity/runs/T379p365_rho1p54517em09/fac-opacity-cowan-state/starout.h5
379.36491849760415,2.220530245015531e-09,fac-opacity-cowan-state,T379p365_rho2p22053em09,0.3379196752891942,1.3943781647498465e-05,0.33792093886862107,1.2283735496089125e-06,ok,/home/elads/STAR/full_grid_solar_opacity/runs/T379p365_rho2p22053em09/fac-opacity-cowan-state/starout.h5
379.36491849760415,3.1910749729235452e-09,fac-opacity-cowan-state,T379p365_rho3p19107em09,0.3379187222109693,1.685556382439346e-05,0.33792010818867146,1.3488460870476218e-06,ok,/home/elads/STAR/full_grid_solar_opacity/runs/T379p365_rho3p19107em09/fac-opacity-cowan-state/starout.h5
379.36491849760415,4.585823366142813e-09,fac-opacity-cowan-state,T379p365_rho4p58582em09,0.3379177710703574,2.016481253330119e-05,0.3379193594234752,1.5489201005910888e-06,ok,/home/elads/STAR/full_grid_solar_opacity/runs/T379p365_rho4p58582em09/fac-opacity-cowan-state/starout.h5
379.36491849760415,6.590185477903269e-09,fac-opacity-cowan-state,T379p365_rho6p59019em09,0.3379168570211237,2.372938770585635e-05,0.3379186733472345,1.7742662385642254e-06,ok,/home/elads/STAR/full_grid_solar_opacity/runs/T379p365_rho6p59019em09/fac-opacity-cowan-state/starout.h5
379.36491849760415,9.470610000772238e-09,fac-opacity-cowan-state,T379p365_rho9p47061em09,0.33791593685048954,2.762121188816569e-05,0.3379181029280751,2.121019414166992e-06,ok,/home/elads/STAR/full_grid_solar_opacity/runs/T379p365_rho9p47061em09/fac-opacity-cowan-state/starout.h5
379.36491849760415,1.3610004466105506e-08,fac-opacity-cowan-state,T379p365_rho1p361em08,0.3379149970622803,3.1875140143676024e-05,0.3379176505263095,2.6041457493585143e-06,ok,/home/elads/STAR/full_grid_solar_opacity/runs/T379p365_rho1p361em08/fac-opacity-cowan-state/starout.h5
379.36491849760415,1.9558636830395073e-08,fac-opacity-cowan-state,T379p365_rho1p95586em08,0.3379141779057132,3.5978453736431416e-05,0.33791760220721295,3.3696935241506803e-06,ok,/home/elads/STAR/full_grid_solar_opacity/runs/T379p365_rho1p95586em08/fac-opacity-cowan-state/starout.h5
379.36491849760415,2.810728502080722e-08,fac-opacity-cowan-state,T379p365_rho2p81073em08,0.33791342444106937,3.979502657114024e-05,0.3379179952229324,4.5088147175925595e-06,ok,/home/elads/STAR/full_grid_solar_opacity/runs/T379p365_rho2p81073em08/fac-opacity-cowan-state/starout.h5
379.36491849760415,4.039235853150913e-08,fac-opacity-cowan-state,T379p365_rho4p03924em08,0.3379127546154706,4.343793926483219e-05,0.337918454839403,5.626441695926324e-06,ok,/home/elads/STAR/full_grid_solar_opacity/runs/T379p365_rho4p03924em08/fac-opacity-cowan-state/starout.h5
379.36491849760415,5.804696634805446e-08,fac-opacity-cowan-state,T379p365_rho5p8047em08,0.3379121575454534,4.721769124203209e-05,0.3379199302271041,7.684539575398979e-06,ok,/home/elads/STAR/full_grid_solar_opacity/runs/T379p365_rho5p8047em08/fac-opacity-cowan-state/starout.h5
379.36491849760415,8.341801332506338e-08,fac-opacity-cowan-state,T379p365_rho8p3418em08,0.3379116944682177,5.1190656801361016e-05,0.3379224263405209,1.0625512765651839e-05,ok,/home/elads/STAR/full_grid_solar_opacity/runs/T379p365_rho8p3418em08/fac-opacity-cowan-state/starout.h5
379.36491849760415,1.1987818459583772e-07,fac-opacity-cowan-state,T379p365_rho1p19878em07,0.33791127214242156,5.4951475547354976e-05,0.33792535794947287,1.3948757608544004e-05,ok,/home/elads/STAR/full_grid_solar_opacity/runs/T379p365_rho1p19878em07/fac-opacity-cowan-state/starout.h5
379.36491849760415,1.7227429147699408e-07,fac-opacity-cowan-state,T379p365_rho1p72274em07,0.33791092367474956,5.9841452209745736e-05,0.33792999842178734,1.88985976459311e-05,ok,/home/elads/STAR/full_grid_solar_opacity/runs/T379p365_rho1p72274em07/fac-opacity-cowan-state/starout.h5
379.36491849760415,2.4757157946593376e-07,fac-opacity-cowan-state,T379p365_rho2p47572em07,0.3379106372330256,6.658278667402308e-05,0.33793701922964886,2.615893419355742e-05,ok,/home/elads/STAR/full_grid_solar_opacity/runs/T379p365_rho2p47572em07/fac-opacity-cowan-state/starout.h5
379.36491849760415,3.557796490339488e-07,fac-opacity-cowan-state,T379p365_rho3p5578em07,0.3379103975222978,7.691048224946248e-05,0.3379474536731764,3.6778135398238824e-05,ok,/home/elads/STAR/full_grid_solar_opacity/runs/T379p365_rho3p5578em07/fac-opacity-cowan-state/starout.h5
379.36491849760415,5.112830759482948e-07,fac-opacity-cowan-state,T379p365_rho5p11283em07,0.3379101888447593,8.931850500365089e-05,0.3379616647301517,5.1123164877720335e-05,ok,/home/elads/STAR/full_grid_solar_opacity/runs/T379p365_rho5p11283em07/fac-opacity-cowan-state/starout.h5
379.36491849760415,7.347536163492159e-07,fac-opacity-cowan-state,T379p365_rho7p34754em07,0.33790999623346823,0.00010637508752995716,0.3379808659722208,7.042449666332211e-05,ok,/home/elads/STAR/full_grid_solar_opacity/runs/T379p365_rho7p34754em07/fac-opacity-cowan-state/starout.h5
379.36491849760415,1.0558981944335787e-06,fac-opacity-cowan-state,T379p365_rho1p0559em06,0.33790980119979164,0.00013240573058300115,0.3380077995381067,9.744498751348449e-05,ok,/home/elads/STAR/full_grid_solar_opacity/runs/T379p365_rho1p0559em06/fac-opacity-cowan-state/starout.h5
379.36491849760415,1.517407974863493e-06,fac-opacity-cowan-state,T379p365_rho1p51741em06,0.3379095869603098,0.00016748736736772965,0.33804019090420895,0.00012991198953063654,ok,/home/elads/STAR/full_grid_solar_opacity/runs/T379p365_rho1p51741em06/fac-opacity-cowan-state/starout.h5
379.36491849760415,2.1806334875063253e-06,fac-opacity-cowan-state,T379p365_rho2p18063em06,0.3379093393312839,0.0002220025618118649,0.3380878684427041,0.00017769166825469597,ok,/home/elads/STAR/full_grid_solar_opacity/runs/T379p365_rho2p18063em06/fac-opacity-cowan-state/starout.h5
379.36491849760415,3.1337402238588983e-06,fac-opacity-cowan-state,T379p365_rho3p13374em06,0.33790903512662873,0.0002940268534567204,0.3381466774298385,0.00023661448742775358,ok,/home/elads/STAR/full_grid_solar_opacity/runs/T379p365_rho3p13374em06/fac-opacity-cowan-state/starout.h5
379.36491849760415,4.503428864545845e-06,fac-opacity-cowan-state,T379p365_rho4p50343em06,0.3379086498004479,0.0003913076686381122,0.3382203379701439,0.00031042189585664745,ok,/home/elads/STAR/full_grid_solar_opacity/runs/T379p365_rho4p50343em06/fac-opacity-cowan-state/starout.h5
379.36491849760415,6.471778159406801e-06,fac-opacity-cowan-state,T379p365_rho6p47178em06,0.3379081466943236,0.0005551915481461438,0.33833005888991147,0.00042043173127097826,ok,/home/elads/STAR/full_grid_solar_opacity/runs/T379p365_rho6p47178em06/fac-opacity-cowan-state/starout.h5
379.36491849760415,9.300449458481393e-06,fac-opacity-cowan-state,T379p365_rho9p30045em06,0.3379074782683324,0.000757762598845983,0.33844969164026845,0.0005404517792615591,ok,/home/elads/STAR/full_grid_solar_opacity/runs/T379p365_rho9p30045em06/fac-opacity-cowan-state/starout.h5
379.36491849760415,1.3365470508911143e-05,fac-opacity-cowan-state,T379p365_rho1p33655em05,0.33790659022631175,0.00103052270325184,0.33860516856810047,0.0006964653303763539,ok,/home/elads/STAR/full_grid_solar_opacity/runs/T379p365_rho1p33655em05/fac-opacity-cowan-state/starout.h5
379.36491849760415,1.920722248123928e-05,fac-opacity-cowan-state,T379p365_rho1p92072em05,0.3379054125259646,0.0014096361894402449,0.3387902696883873,0.00088237805169728,ok,/home/elads/STAR/full_grid_solar_opacity/runs/T379p365_rho1p92072em05/fac-opacity-cowan-state/starout.h5
379.36491849760415,2.760227522090268e-05,fac-opacity-cowan-state,T379p365_rho2p76023em05,0.33790381515734,0.0019709067478690286,0.3390372159908557,0.0011306236170055587,ok,/home/elads/STAR/full_grid_solar_opacity/runs/T379p365_rho2p76023em05/fac-opacity-cowan-state/starout.h5
379.36491849760415,3.966662010161191e-05,fac-opacity-cowan-state,T379p365_rho3p96666em05,0.33790159785409646,0.00280789540528616,0.33941489151363674,0.00151040388109063,ok,/home/elads/STAR/full_grid_solar_opacity/runs/T379p365_rho3p96666em05/fac-opacity-cowan-state/starout.h5
379.36491849760415,5.7004023678963655e-05,fac-opacity-cowan-state,T379p365_rho5p7004em05,0.3378986459999148,0.0037435230085091425,0.33972774743446554,0.0018255906226267197,ok,/home/elads/STAR/full_grid_solar_opacity/runs/T379p365_rho5p7004em05/fac-opacity-cowan-state/starout.h5
379.36491849760415,8.191922344953684e-05,fac-opacity-cowan-state,T379p365_rho8p19192em05,0.3378945093552879,0.005238392715370702,0.3402680751063958,0.0023697429071337984,ok,/home/elads/STAR/full_grid_solar_opacity/runs/T379p365_rho8p19192em05/fac-opacity-cowan-state/starout.h5
379.36491849760415,0.00011772430676769293,fac-opacity-cowan-state,T379p365_rho0p000117724,0.33788882099677653,0.007186506702261095,0.3409501298747643,0.003057089439914814,ok,/home/elads/STAR/full_grid_solar_opacity/runs/T379p365_rho0p000117724/fac-opacity-cowan-state/starout.h5
379.36491849760415,0.00016917900122028344,fac-opacity-cowan-state,T379p365_rho0p000169179,0.33788075994953237,0.009995052134585165,0.34191197356957415,0.00402643630498553,ok,/home/elads/STAR/full_grid_solar_opacity/runs/T379p365_rho0p000169179/fac-opacity-cowan-state/starout.h5
379.36491849760415,0.0002431234061999784,fac-opacity-cowan-state,T379p365_rho0p000243123,0.3378695406338245,0.013852887857150071,0.3433068382506446,0.005431628103298525,ok,/home/elads/STAR/full_grid_solar_opacity/runs/T379p365_rho0p000243123/fac-opacity-cowan-state/starout.h5
379.36491849760415,0.0003493872774749123,fac-opacity-cowan-state,T379p365_rho0p000349387,0.33785361412219655,0.01892892756177371,0.3449688758683363,0.007108241391014036,ok,/home/elads/STAR/full_grid_solar_opacity/runs/T379p365_rho0p000349387/fac-opacity-cowan-state/starout.h5
379.36491849760415,0.0005020967399614471,fac-opacity-cowan-state,T379p365_rho0p000502097,0.33783139199616263,0.025113695960373023,0.3467741271479861,0.00893199909122948,ok,/home/elads/STAR/full_grid_solar_opacity/runs/T379p365_rho0p000502097/fac-opacity-cowan-state/starout.h5
379.36491849760415,0.0007215521357901021,fac-opacity-cowan-state,T379p365_rho0p000721552,0.3378001242148623,0.034495139444163506,0.35015227643202795,0.01233751287628071,ok,/home/elads/STAR/full_grid_solar_opacity/runs/T379p365_rho0p000721552/fac-opacity-cowan-state/starout.h5
379.36491849760415,0.0010369266382873438,fac-opacity-cowan-state,T379p365_rho0p00103693,0.33775597182284,0.04586374722283733,0.3538287799694773,0.016051768803883395,ok,/home/elads/STAR/full_grid_solar_opacity/runs/T379p365_rho0p00103693/fac-opacity-cowan-state/starout.h5
379.36491849760415,0.0014901443705277455,fac-opacity-cowan-state,T379p365_rho0p00149014,0.3376938050832254,0.06054643536717698,0.3584586954410597,0.020730820256068705,ok,/home/elads/STAR/full_grid_solar_opacity/runs/T379p365_rho0p00149014/fac-opacity-cowan-state/starout.h5
379.36491849760415,0.002141453563853953,fac-opacity-cowan-state,T379p365_rho0p00214145,0.33760662848885736,0.08145765624231019,0.36556864353409174,0.027914086498804263,ok,/home/elads/STAR/full_grid_solar_opacity/runs/T379p365_rho0p00214145/fac-opacity-cowan-state/starout.h5
379.36491849760415,0.003077435620898055,fac-opacity-cowan-state,T379p365_rho0p00307744,0.3374837908946846,0.10746427515001983,0.3745423872628064,0.036983559465598705,ok,/home/elads/STAR/full_grid_solar_opacity/runs/T379p365_rho0p00307744/fac-opacity-cowan-state/starout.h5
379.36491849760415,0.004422514763163053,fac-opacity-cowan-state,T379p365_rho0p00442251,0.33731199306364157,0.14270348352627238,0.38746034193165757,0.050040755301964085,ok,/home/elads/STAR/full_grid_solar_opacity/runs/T379p365_rho0p00442251/fac-opacity-cowan-state/starout.h5
379.36491849760415,0.006355498291362301,fac-opacity-cowan-state,T379p365_rho0p0063555,0.3370730330682672,0.18282538676614926,0.39927623689797254,0.062033389284708154,ok,/home/elads/STAR/full_grid_solar_opacity/runs/T379p365_rho0p0063555/fac-opacity-cowan-state/starout.h5
379.36491849760415,0.009133346228248624,fac-opacity-cowan-state,T379p365_rho0p00913335,0.3367421597521337,0.23946991698161302,0.4152487923814891,0.07825599530460989,ok,/home/elads/STAR/full_grid_solar_opacity/runs/T379p365_rho0p00913335/fac-opacity-cowan-state/starout.h5
379.36491849760415,0.01312533014735226,fac-opacity-cowan-state,T379p365_rho0p0131253,0.3362859070280478,0.3276045816958219,0.4450314568603744,0.10840047704653635,ok,/home/elads/STAR/full_grid_solar_opacity/runs/T379p365_rho0p0131253/fac-opacity-cowan-state/starout.h5
379.36491849760415,0.018862122071335155,fac-opacity-cowan-state,T379p365_rho0p0188621,0.3356605171566695,0.4342180122728829,0.47275768495798964,0.1365924729959144,ok,/home/elads/STAR/full_grid_solar_opacity/runs/T379p365_rho0p0188621/fac-opacity-cowan-state/starout.h5
379.36491849760415,0.02710633904364831,fac-opacity-cowan-state,T379p365_rho0p0271063,0.3348087561226575,0.5886204134231012,0.510476080601287,0.17492831142815618,ok,/home/elads/STAR/full_grid_solar_opacity/runs/T379p365_rho0p0271063/fac-opacity-cowan-state/starout.h5
379.36491849760415,0.038953921174427183,fac-opacity-cowan-state,T379p365_rho0p0389539,0.33365754852825535,0.7954072141628279,0.5506277025113853,0.2158759255161085,ok,/home/elads/STAR/full_grid_solar_opacity/runs/T379p365_rho0p0389539/fac-opacity-cowan-state/starout.h5
379.36491849760415,0.0559798197912329,fac-opacity-cowan-state,T379p365_rho0p0559798,0.33211719837882075,1.1137231359353836,0.6282213659143235,0.29454634449197903,ok,/home/elads/STAR/full_grid_solar_opacity/runs/T379p365_rho0p0559798/fac-opacity-cowan-state/starout.h5
379.36491849760415,0.08044736266284185,fac-opacity-cowan-state,T379p365_rho0p0804474,0.3300743383370523,1.5138980547119716,0.6816208375127445,0.3492808996600377,ok,/home/elads/STAR/full_grid_solar_opacity/runs/T379p365_rho0p0804474/fac-opacity-cowan-state/starout.h5
379.36491849760415,0.11560912813835741,fac-opacity-cowan-state,T379p365_rho0p115609,0.32740491316339887,2.0930709403528827,0.7525954045369034,0.42195007035983934,ok,/home/elads/STAR/full_grid_solar_opacity/runs/T379p365_rho0p115609/fac-opacity-cowan-state/starout.h5
379.36491849760415,0.1661393247274789,fac-opacity-cowan-state,T379p365_rho0p166139,0.3239709056276611,2.885909312968495,0.8305531702725084,0.5021270738285711,ok,/home/elads/STAR/full_grid_solar_opacity/runs/T379p365_rho0p166139/fac-opacity-cowan-state/starout.h5
379.36491849760415,0.23875515424585794,fac-opacity-cowan-state,T379p365_rho0p238755,0.31963460414327155,4.072739201220351,0.9571904976524936,0.6314375994276732,ok,/home/elads/STAR/full_grid_solar_opacity/runs/T379p365_rho0p238755/fac-opacity-cowan-state/starout.h5
379.36491849760415,0.34310975906798746,fac-opacity-cowan-state,T379p365_rho0p34311,0.3142241265923759,5.686858455239962,1.0807611561288946,0.7585213732063714,ok,/home/elads/STAR/full_grid_solar_opacity/runs/T379p365_rho0p34311/fac-opacity-cowan-state/starout.h5
379.36491849760415,0.49307545690287347,fac-opacity-cowan-state,T379p365_rho0p493075,0.30774029710194045,7.957118583788198,1.2307854847192985,0.9128805749702303,ok,/home/elads/STAR/full_grid_solar_opacity/runs/T379p365_rho0p493075/fac-opacity-cowan-state/starout.h5
379.36491849760415,0.7085878491488851,fac-opacity-cowan-state,T379p365_rho0p708588,0.30014624516848804,11.162273630248277,1.420095521567799,1.1075837924166883,ok,/home/elads/STAR/full_grid_solar_opacity/runs/T379p365_rho0p708588/fac-opacity-cowan-state/starout.h5
379.36491849760415,1.0182959482819007,fac-opacity-cowan-state,T379p365_rho1p0183,0.29153625515747267,15.66999993183259,1.6337150463288468,1.327475420360894,ok,/home/elads/STAR/full_grid_solar_opacity/runs/T379p365_rho1p0183/fac-opacity-cowan-state/starout.h5
379.36491849760415,1.4633706173946401,fac-opacity-cowan-state,T379p365_rho1p46337,0.2821347012102572,21.95519178514995,1.9243200212510494,1.625360209653681,ok,/home/elads/STAR/full_grid_solar_opacity/runs/T379p365_rho1p46337/fac-opacity-cowan-state/starout.h5
379.36491849760415,2.1029775945461404,fac-opacity-cowan-state,T379p365_rho2p10298,0.2722860666069088,30.802235508681502,2.3279918805851474,2.036979133854208,ok,/home/elads/STAR/full_grid_solar_opacity/runs/T379p365_rho2p10298/fac-opacity-cowan-state/starout.h5
379.36491849760415,3.0221426551783854,fac-opacity-cowan-state,T379p365_rho3p02214,0.2624575403919303,43.06898884126204,2.7686424804590204,2.4857221634561086,ok,/home/elads/STAR/full_grid_solar_opacity/runs/T379p365_rho3p02214/fac-opacity-cowan-state/starout.h5
379.36491849760415,4.343054463316713,fac-opacity-cowan-state,T379p365_rho4p34305,0.2532126451283092,60.163961205383195,3.3622585267331555,3.0872433688027887,ok,/home/elads/STAR/full_grid_solar_opacity/runs/T379p365_rho4p34305/fac-opacity-cowan-state/starout.h5
379.36491849760415,6.241307649397467,fac-opacity-cowan-state,T379p365_rho6p24131,0.24516025404083477,83.57058835246005,4.167171620187286,3.8994544264436883,ok,/home/elads/STAR/full_grid_solar_opacity/runs/T379p365_rho6p24131/fac-opacity-cowan-state/starout.h5
379.36491849760415,8.969245378672715,fac-opacity-cowan-state,T379p365_rho8p96925,0.2389426365132824,115.13070437978571,4.975088131177701,4.714024563049507,ok,/home/elads/STAR/full_grid_solar_opacity/runs/T379p365_rho8p96925/fac-opacity-cowan-state/starout.h5
379.36491849760415,12.889504440725364,fac-opacity-cowan-state,T379p365_rho12p8895,0.23518936316587527,157.13987310331055,5.98024219076486,5.724494246729695,ok,/home/elads/STAR/full_grid_solar_opacity/runs/T379p365_rho12p8895/fac-opacity-cowan-state/starout.h5
379.36491849760415,18.52322215674118,fac-opacity-cowan-state,T379p365_rho18p5232,0.23452395877038043,211.73303134195788,7.195184326175794,6.9428071656493495,ok,/home/elads/STAR/full_grid_solar_opacity/runs/T379p365_rho18p5232/fac-opacity-cowan-state/starout.h5
379.36491849760415,26.61931346126126,fac-opacity-cowan-state,T379p365_rho26p6193,0.2374228942554671,280.97515755031566,8.93665032185521,8.68485341133514,ok,/home/elads/STAR/full_grid_solar_opacity/runs/T379p365_rho26p6193/fac-opacity-cowan-state/starout.h5
379.36491849760415,38.254027466328665,fac-opacity-cowan-state,T379p365_rho38p254,0.2443083847637228,364.4342295584248,10.88795627941264,10.63338540768897,ok,/home/elads/STAR/full_grid_solar_opacity/runs/T379p365_rho38p254/fac-opacity-cowan-state/starout.h5
379.36491849760415,54.97401800103719,fac-opacity-cowan-state,T379p365_rho54p974,0.2551114115382399,459.2827166408054,13.43147236271048,13.170083230935678,ok,/home/elads/STAR/full_grid_solar_opacity/runs/T379p365_rho54p974/fac-opacity-cowan-state/starout.h5
379.36491849760415,79.0019471240894,fac-opacity-cowan-state,T379p365_rho79p0019,0.26947457631572264,555.9320234187411,16.963942377802653,16.691525257007406,ok,/home/elads/STAR/full_grid_solar_opacity/runs/T379p365_rho79p0019/fac-opacity-cowan-state/starout.h5
379.36491849760415,113.53195339077567,fac-opacity-cowan-state,T379p365_rho113p532,0.2863717616575117,642.9614316603586,21.814600779708176,21.52777709976706,ok,/home/elads/STAR/full_grid_solar_opacity/runs/T379p365_rho113p532/fac-opacity-cowan-state/starout.h5
379.36491849760415,163.15426277379785,fac-opacity-cowan-state,T379p365_rho163p154,0.3042680208511988,704.9918793978842,28.031167434876636,27.72808595761936,ok,/home/elads/STAR/full_grid_solar_opacity/runs/T379p365_rho163p154/fac-opacity-cowan-state/starout.h5
379.36491849760415,234.46538763970608,fac-opacity-cowan-state,T379p365_rho234p465,0.3218278824885642,761.2500383773025,35.115378909817544,34.79565026200285,ok,/home/elads/STAR/full_grid_solar_opacity/runs/T379p365_rho234p465/fac-opacity-cowan-state/starout.h5
379.36491849760415,336.94503022121665,fac-opacity-cowan-state,T379p365_rho336p945,0.3383150022788238,836.1690515356313,41.97621463206897,41.64037281212707,ok,/home/elads/STAR/full_grid_solar_opacity/runs/T379p365_rho336p945/fac-opacity-cowan-state/starout.h5
379.36491849760415,484.21626123015125,fac-opacity-cowan-state,T379p365_rho484p216,0.354151356448041,868.1273206216024,46.95894923946378,46.607325333329484,ok,/home/elads/STAR/full_grid_solar_opacity/runs/T379p365_rho484p216/fac-opacity-cowan-state/starout.h5
379.36491849760415,695.8564947100452,fac-opacity-cowan-state,T379p365_rho695p856,0.37077827306401906,854.2571433820129,49.77779750319999,49.40958679148604,ok,/home/elads/STAR/full_grid_solar_opacity/runs/T379p365_rho695p856/fac-opacity-cowan-state/starout.h5
379.36491849760415,1000.0,fac-opacity-cowan-state,T379p365_rho1000,0.3902072697208498,797.867493985048,54.666719253554234,54.279416435444695,ok,/home/elads/STAR/full_grid_solar_opacity/runs/T379p365_rho1000/fac-opacity-cowan-state/starout.h5
417.6356475016451,1e-17,fac-opacity-cowan-state,T417p636_rho1em17,0.3378272763624682,7.869891457472513e-13,0.33782727636658355,3.9652635199356994e-12,ok,/home/elads/STAR/full_grid_solar_opacity/runs/T417p636_rho1em17/fac-opacity-cowan-state/starout.h5
417.6356475016451,1.4370779141993746e-17,fac-opacity-cowan-state,T417p636_rho1p43708em17,0.33782727636246906,7.870362398999089e-13,0.3378272763665846,3.9652807331037655e-12,ok,/home/elads/STAR/full_grid_solar_opacity/runs/T417p636_rho1p43708em17/fac-opacity-cowan-state/starout.h5
417.6356475016451,2.065192931479625e-17,fac-opacity-cowan-state,T417p636_rho2p06519em17,0.33782727636247106,7.87103917542484e-13,0.3378272763665866,3.9653054687609664e-12,ok,/home/elads/STAR/full_grid_solar_opacity/runs/T417p636_rho2p06519em17/fac-opacity-cowan-state/starout.h5
417.6356475016451,2.9678431503900313e-17,fac-opacity-cowan-state,T417p636_rho2p96784em17,0.33782727636247045,7.872012306605871e-13,0.337827276366586,3.965341037234944e-12,ok,/home/elads/STAR/full_grid_solar_opacity/runs/T417p636_rho2p96784em17/fac-opacity-cowan-state/starout.h5
417.6356475016451,4.2650218442334076e-17,fac-opacity-cowan-state,T417p636_rho4p26502em17,0.3378272763624691,7.873411509154336e-13,0.33782727636658466,3.965392187575261e-12,ok,/home/elads/STAR/full_grid_solar_opacity/runs/T417p636_rho4p26502em17/fac-opacity-cowan-state/starout.h5
417.6356475016451,6.129168695925715e-17,fac-opacity-cowan-state,T417p636_rho6p12917em17,0.33782727636249493,7.875428327953748e-13,0.33782727636661064,3.965465940021857e-12,ok,/home/elads/STAR/full_grid_solar_opacity/runs/T417p636_rho6p12917em17/fac-opacity-cowan-state/starout.h5
417.6356475016451,8.808092965317026e-17,fac-opacity-cowan-state,T417p636_rho8p80809em17,0.3378272763624905,7.878332612402244e-13,0.33782727636660614,3.965572181043603e-12,ok,/home/elads/STAR/full_grid_solar_opacity/runs/T417p636_rho8p80809em17/fac-opacity-cowan-state/starout.h5
417.6356475016451,1.2657915866672028e-16,fac-opacity-cowan-state,T417p636_rho1p26579em16,0.3378272763624924,7.882506158418028e-13,0.33782727636660836,3.965724856985186e-12,ok,/home/elads/STAR/full_grid_solar_opacity/runs/T417p636_rho1p26579em16/fac-opacity-cowan-state/starout.h5
417.6356475016451,1.819041133178821e-16,fac-opacity-cowan-state,T417p636_rho1p81904em16,0.3378272763624905,7.888503642198975e-13,0.3378272763666066,3.965944251764426e-12,ok,/home/elads/STAR/full_grid_solar_opacity/runs/T417p636_rho1p81904em16/fac-opacity-cowan-state/starout.h5
417.6356475016451,2.6141038375114865e-16,fac-opacity-cowan-state,T417p636_rho2p6141em16,0.3378272762955511,7.897122183056333e-13,0.3378272762996675,3.966259527374904e-12,ok,/home/elads/STAR/full_grid_solar_opacity/runs/T417p636_rho2p6141em16/fac-opacity-cowan-state/starout.h5
417.6356475016451,3.7566708903116036e-16,fac-opacity-cowan-state,T417p636_rho3p75667em16,0.3378272762457243,7.909507295332928e-13,0.3378272762498411,3.966712598313681e-12,ok,/home/elads/STAR/full_grid_solar_opacity/runs/T417p636_rho3p75667em16/fac-opacity-cowan-state/starout.h5
417.6356475016451,5.398628767382507e-16,fac-opacity-cowan-state,T417p636_rho5p39863em16,0.33782727624570597,7.927305064429864e-13,0.33782727624982345,3.967363670231034e-12,ok,/home/elads/STAR/full_grid_solar_opacity/runs/T417p636_rho5p39863em16/fac-opacity-cowan-state/starout.h5
417.6356475016451,7.758250168566793e-16,fac-opacity-cowan-state,T417p636_rho7p75825em16,0.3378272762448177,8.768459572369829e-13,0.33782727624936254,4.379150881257599e-12,ok,/home/elads/STAR/full_grid_solar_opacity/runs/T417p636_rho7p75825em16/fac-opacity-cowan-state/starout.h5
417.6356475016451,1.1149209970080914e-15,fac-opacity-cowan-state,T417p636_rho1p11492em15,0.3378272757061506,6.502262077811906e-12,0.33782727573601096,2.892101659042487e-11,ok,/home/elads/STAR/full_grid_solar_opacity/runs/T417p636_rho1p11492em15/fac-opacity-cowan-state/starout.h5
417.6356475016451,1.6022283408774753e-15,fac-opacity-cowan-state,T417p636_rho1p60223em15,0.33782727624356274,9.344882792533378e-12,0.33782727628648207,4.156920376361864e-11,ok,/home/elads/STAR/full_grid_solar_opacity/runs/T417p636_rho1p60223em15/fac-opacity-cowan-state/starout.h5
417.6356475016451,2.3025269621793266e-15,fac-opacity-cowan-state,T417p636_rho2p30253em15,0.337827276241966,1.3429084769115768e-11,0.33782727630363657,5.973016552615226e-11,ok,/home/elads/STAR/full_grid_solar_opacity/runs/T417p636_rho2p30253em15/fac-opacity-cowan-state/starout.h5
417.6356475016451,3.308910644196489e-15,fac-opacity-cowan-state,T417p636_rho3p30891em15,0.33782727623955516,1.9298380818206797e-11,0.3378272763281757,8.583168609192182e-11,ok,/home/elads/STAR/full_grid_solar_opacity/runs/T417p636_rho3p30891em15/fac-opacity-cowan-state/starout.h5
417.6356475016451,4.755162406834019e-15,fac-opacity-cowan-state,T417p636_rho4p75516em15,0.33782727616948355,2.773413351018735e-11,0.33782727629686654,1.2337515201695135e-10,ok,/home/elads/STAR/full_grid_solar_opacity/runs/T417p636_rho4p75516em15/fac-opacity-cowan-state/starout.h5
417.6356475016451,6.8335388732923106e-15,fac-opacity-cowan-state,T417p636_rho6p83354em15,0.3378272762312515,3.9854088646240105e-11,0.33782727641424193,1.7723211749934326e-10,ok,/home/elads/STAR/full_grid_solar_opacity/runs/T417p636_rho6p83354em15/fac-opacity-cowan-state/starout.h5
417.6356475016451,9.820327790631256e-15,fac-opacity-cowan-state,T417p636_rho9p82033em15,0.33782727622320063,5.7278806589623954e-11,0.3378272764861929,2.547170463737351e-10,ok,/home/elads/STAR/full_grid_solar_opacity/runs/T417p636_rho9p82033em15/fac-opacity-cowan-state/starout.h5
417.6356475016451,1.4112576178114521e-14,fac-opacity-cowan-state,T417p636_rho1p41126em14,0.3378272762140853,8.231655818723464e-11,0.33782727659198697,3.660101002275035e-10,ok,/home/elads/STAR/full_grid_solar_opacity/runs/T417p636_rho1p41126em14/fac-opacity-cowan-state/starout.h5
417.6356475016451,2.0280871538024598e-14,fac-opacity-cowan-state,T417p636_rho2p02809em14,0.33782727573182086,1.1829388214154031e-10,0.3378272762747322,5.258267415478256e-10,ok,/home/elads/STAR/full_grid_solar_opacity/runs/T417p636_rho2p02809em14/fac-opacity-cowan-state/starout.h5
417.6356475016451,2.914519256800997e-14,fac-opacity-cowan-state,T417p636_rho2p91452em14,0.33782727617869474,1.6999257336665104e-10,0.3378272769584925,7.552598504455071e-10,ok,/home/elads/STAR/full_grid_solar_opacity/runs/T417p636_rho2p91452em14/fac-opacity-cowan-state/starout.h5
417.6356475016451,4.188391254457488e-14,fac-opacity-cowan-state,T417p636_rho4p18839em14,0.33782727609827257,2.44314406227155e-10,0.3378272772185756,1.0850512191319186e-09,ok,/home/elads/STAR/full_grid_solar_opacity/runs/T417p636_rho4p18839em14/fac-opacity-cowan-state/starout.h5
417.6356475016451,6.019044567806669e-14,fac-opacity-cowan-state,T417p636_rho6p01904em14,0.3378272760878956,3.511358353523522e-10,0.3378272776967652,1.558245211467112e-09,ok,/home/elads/STAR/full_grid_solar_opacity/runs/T417p636_rho6p01904em14/fac-opacity-cowan-state/starout.h5
417.6356475016451,8.649836012976684e-14,fac-opacity-cowan-state,T417p636_rho8p64984em14,0.33782727604141644,5.046151472969121e-10,0.33782727835102416,2.236936098047782e-09,ok,/home/elads/STAR/full_grid_solar_opacity/runs/T417p636_rho8p64984em14/fac-opacity-cowan-state/starout.h5
417.6356475016451,1.2430488295695167e-13,fac-opacity-cowan-state,T417p636_rho1p24305em13,0.3378272759506658,7.25171002520177e-10,0.3378272792638784,3.2089683752245785e-09,ok,/home/elads/STAR/full_grid_solar_opacity/runs/T417p636_rho1p24305em13/fac-opacity-cowan-state/starout.h5
417.6356475016451,1.7863580192457348e-13,fac-opacity-cowan-state,T417p636_rho1p78636em13,0.3378272758192606,1.0421222331007882e-09,0.337827280569579,4.600867029801332e-09,ok,/home/elads/STAR/full_grid_solar_opacity/runs/T417p636_rho1p78636em13/fac-opacity-cowan-state/starout.h5
417.6356475016451,2.567135656310987e-13,fac-opacity-cowan-state,T417p636_rho2p56714em13,0.33782727550898756,1.4963561294654227e-09,0.3378272823061324,6.5833256871686806e-09,ok,/home/elads/STAR/full_grid_solar_opacity/runs/T417p636_rho2p56714em13/fac-opacity-cowan-state/starout.h5
417.6356475016451,3.6891739544382357e-13,fac-opacity-cowan-state,T417p636_rho3p68917em13,0.3378272753642721,2.1522955990965884e-09,0.3378272850955157,9.42515256488331e-09,ok,/home/elads/STAR/full_grid_solar_opacity/runs/T417p636_rho3p68917em13/fac-opacity-cowan-state/starout.h5
417.6356475016451,5.301630411562758e-13,fac-opacity-cowan-state,T417p636_rho5p30163em13,0.3378272750008986,3.0927140722178225e-09,0.33782728888959834,1.3451918130105371e-08,ok,/home/elads/STAR/full_grid_solar_opacity/runs/T417p636_rho5p30163em13/fac-opacity-cowan-state/starout.h5
417.6356475016451,7.618855973704612e-13,fac-opacity-cowan-state,T417p636_rho7p61886em13,0.337827276841365,4.444369210832359e-09,0.33782729661011157,1.914719133553697e-08,ok,/home/elads/STAR/full_grid_solar_opacity/runs/T417p636_rho7p61886em13/fac-opacity-cowan-state/starout.h5
417.6356475016451,1.0948889651276868e-12,fac-opacity-cowan-state,T417p636_rho1p09489em12,0.3378272738274977,6.3859792848102004e-09,0.33782730185241416,2.7144083849314207e-08,ok,/home/elads/STAR/full_grid_solar_opacity/runs/T417p636_rho1p09489em12/fac-opacity-cowan-state/starout.h5
417.6356475016451,1.5734407502856082e-12,fac-opacity-cowan-state,T417p636_rho1p57344em12,0.3378272723559395,9.176326423739894e-09,0.33782731187071074,3.82733162822211e-08,ok,/home/elads/STAR/full_grid_solar_opacity/runs/T417p636_rho1p57344em12/fac-opacity-cowan-state/starout.h5
417.6356475016451,2.26115695153675e-12,fac-opacity-cowan-state,T417p636_rho2p26116em12,0.3378272706114523,1.3182738017920458e-08,0.33782732593255754,5.358410058244247e-08,ok,/home/elads/STAR/full_grid_solar_opacity/runs/T417p636_rho2p26116em12/fac-opacity-cowan-state/starout.h5
417.6356475016451,3.249458715591849e-12,fac-opacity-cowan-state,T417p636_rho3p24946em12,0.3378272681084806,1.893679506948625e-08,0.3378273448088201,7.429376998309534e-08,ok,/home/elads/STAR/full_grid_solar_opacity/runs/T417p636_rho3p24946em12/fac-opacity-cowan-state/starout.h5
417.6356475016451,4.669725353279713e-12,fac-opacity-cowan-state,T417p636_rho4p66973em12,0.33782725571233624,2.7194964968315616e-08,0.3378273607646522,1.017589565473062e-07,ok,/home/elads/STAR/full_grid_solar_opacity/runs/T417p636_rho4p66973em12/fac-opacity-cowan-state/starout.h5
417.6356475016451,6.710759170575148e-12,fac-opacity-cowan-state,T417p636_rho6p71076em12,0.3378272592491248,3.904191924410993e-08,0.3378274010350387,1.3734530961467955e-07,ok,/home/elads/STAR/full_grid_solar_opacity/runs/T417p636_rho6p71076em12/fac-opacity-cowan-state/starout.h5
417.6356475016451,9.64388379154446e-12,fac-opacity-cowan-state,T417p636_rho9p64388em12,0.33756840619760053,5.60377761304697e-08,0.3375685941273929,1.8204982855382816e-07,ok,/home/elads/STAR/full_grid_solar_opacity/runs/T417p636_rho9p64388em12/fac-opacity-cowan-state/starout.h5
417.6356475016451,1.3859012403933867e-11,fac-opacity-cowan-state,T417p636_rho1p3859em11,0.33756839392906796,8.047331415406692e-08,0.33756863839533835,2.3682917472284103e-07,ok,/home/elads/STAR/full_grid_solar_opacity/runs/T417p636_rho1p3859em11/fac-opacity-cowan-state/starout.h5
417.6356475016451,1.9916480638308542e-11,fac-opacity-cowan-state,T417p636_rho1p99165em11,0.33756837882889473,1.153141612705597e-07,0.3375686896794551,3.0114703706278914e-07,ok,/home/elads/STAR/full_grid_solar_opacity/runs/T417p636_rho1p99165em11/fac-opacity-cowan-state/starout.h5
417.6356475016451,2.8621534453892672e-11,fac-opacity-cowan-state,T417p636_rho2p86215em11,0.3375683579056624,1.6505837598137526e-07,0.33756874456368896,3.7459318590867083e-07,ok,/home/elads/STAR/full_grid_solar_opacity/runs/T417p636_rho2p86215em11/fac-opacity-cowan-state/starout.h5
417.6356475016451,4.1131375034185614e-11,fac-opacity-cowan-state,T417p636_rho4p11314em11,0.3375683291997306,2.3589400870783387e-07,0.33756879995012257,4.5606078624229967e-07,ok,/home/elads/STAR/full_grid_solar_opacity/runs/T417p636_rho4p11314em11/fac-opacity-cowan-state/starout.h5
417.6356475016451,5.910899064227969e-11,fac-opacity-cowan-state,T417p636_rho5p9109em11,0.3375682906737363,3.364920245935618e-07,0.33756885329024994,5.450495558588508e-07,ok,/home/elads/STAR/full_grid_solar_opacity/runs/T417p636_rho5p9109em11/fac-opacity-cowan-state/starout.h5
417.6356475016451,8.4944224982638e-11,fac-opacity-cowan-state,T417p636_rho8p49442em11,0.3375682399464542,4.788000565680055e-07,0.3375689013955075,6.407697013831498e-07,ok,/home/elads/STAR/full_grid_solar_opacity/runs/T417p636_rho8p49442em11/fac-opacity-cowan-state/starout.h5
417.6356475016451,1.2207146966133182e-10,fac-opacity-cowan-state,T417p636_rho1p22071em10,0.3375681745980002,6.794065190916244e-07,0.3375689423442257,7.437027961992562e-07,ok,/home/elads/STAR/full_grid_solar_opacity/runs/T417p636_rho1p22071em10/fac-opacity-cowan-state/starout.h5
417.6356475016451,1.7542621300415897e-10,fac-opacity-cowan-state,T417p636_rho1p75426em10,0.33756808241364417,9.617838927626452e-07,0.3375689654203646,8.553277126024658e-07,ok,/home/elads/STAR/full_grid_solar_opacity/runs/T417p636_rho1p75426em10/fac-opacity-cowan-state/starout.h5
417.6356475016451,2.52101136279913e-10,fac-opacity-cowan-state,T417p636_rho2p52101em10,0.337567979631736,1.3558964767260808e-06,0.3375689871239804,9.7588269885158e-07,ok,/home/elads/STAR/full_grid_solar_opacity/runs/T417p636_rho2p52101em10/fac-opacity-cowan-state/starout.h5
417.6356475016451,3.6228897509242966e-10,fac-opacity-cowan-state,T417p636_rho3p62289em10,0.33756783706089927,1.9061683157174261e-06,0.3375689829575986,1.1099632962440757e-06,ok,/home/elads/STAR/full_grid_solar_opacity/runs/T417p636_rho3p62289em10/fac-opacity-cowan-state/starout.h5
417.6356475016451,5.20637484663258e-10,fac-opacity-cowan-state,T417p636_rho5p20637em10,0.3375676610600378,2.6703145475931556e-06,0.3375689689613314,1.2669971940308653e-06,ok,/home/elads/STAR/full_grid_solar_opacity/runs/T417p636_rho5p20637em10/fac-opacity-cowan-state/starout.h5
417.6356475016451,7.481966305138837e-10,fac-opacity-cowan-state,T417p636_rho7p48197em10,0.3375674324637177,3.7274882570523813e-06,0.3375689397310873,1.4603736398142231e-06,ok,/home/elads/STAR/full_grid_solar_opacity/runs/T417p636_rho7p48197em10/fac-opacity-cowan-state/starout.h5
417.6356475016451,1.0752168531898921e-09,fac-opacity-cowan-state,T417p636_rho1p07522em09,0.3375671407721889,5.178074441112634e-06,0.3375688946622164,1.6997127227029035e-06,ok,/home/elads/STAR/full_grid_solar_opacity/runs/T417p636_rho1p07522em09/fac-opacity-cowan-state/starout.h5
417.6356475016451,1.5451703926941453e-09,fac-opacity-cowan-state,T417p636_rho1p54517em09,0.33756677178057715,7.154101699635379e-06,0.3375688335933968,1.9990655516449403e-06,ok,/home/elads/STAR/full_grid_solar_opacity/runs/T417p636_rho1p54517em09/fac-opacity-cowan-state/starout.h5
417.6356475016451,2.220530245015531e-09,fac-opacity-cowan-state,T417p636_rho2p22053em09,0.33756631379130037,9.784057985112937e-06,0.33756870377147424,2.317948148964796e-06,ok,/home/elads/STAR/full_grid_solar_opacity/runs/T417p636_rho2p22053em09/fac-opacity-cowan-state/starout.h5
417.6356475016451,3.1910749729235452e-09,fac-opacity-cowan-state,T417p636_rho3p19107em09,0.33756576042855546,1.3221816078325346e-05,0.3375684928681092,2.650857589157974e-06,ok,/home/elads/STAR/full_grid_solar_opacity/runs/T417p636_rho3p19107em09/fac-opacity-cowan-state/starout.h5
417.6356475016451,4.585823366142813e-09,fac-opacity-cowan-state,T417p636_rho4p58582em09,0.3375651168272136,1.7610636988526832e-05,0.33756819140367883,2.983691242581982e-06,ok,/home/elads/STAR/full_grid_solar_opacity/runs/T417p636_rho4p58582em09/fac-opacity-cowan-state/starout.h5
417.6356475016451,6.590185477903269e-09,fac-opacity-cowan-state,T417p636_rho6p59019em09,0.33756429052821696,2.3051190980020857e-05,0.33756770512255985,3.3148333195946166e-06,ok,/home/elads/STAR/full_grid_solar_opacity/runs/T417p636_rho6p59019em09/fac-opacity-cowan-state/starout.h5
417.6356475016451,9.470610000772238e-09,fac-opacity-cowan-state,T417p636_rho9p47061em09,0.33756352993556354,2.965970964685082e-05,0.33756733826862834,3.7001097536556535e-06,ok,/home/elads/STAR/full_grid_solar_opacity/runs/T417p636_rho9p47061em09/fac-opacity-cowan-state/starout.h5
417.6356475016451,1.3610004466105506e-08,fac-opacity-cowan-state,T417p636_rho1p361em08,0.3375624880920636,3.800296538855405e-05,0.3375667481195685,4.143725348508386e-06,ok,/home/elads/STAR/full_grid_solar_opacity/runs/T417p636_rho1p361em08/fac-opacity-cowan-state/starout.h5
417.6356475016451,1.9558636830395073e-08,fac-opacity-cowan-state,T417p636_rho1p95586em08,0.3375614384446738,4.72112007201056e-05,0.33756616790880073,4.605881568700667e-06,ok,/home/elads/STAR/full_grid_solar_opacity/runs/T417p636_rho1p95586em08/fac-opacity-cowan-state/starout.h5
417.6356475016451,2.810728502080722e-08,fac-opacity-cowan-state,T417p636_rho2p81073em08,0.33756045725361505,5.7340572708041794e-05,0.3375658304365653,5.242867399909993e-06,ok,/home/elads/STAR/full_grid_solar_opacity/runs/T417p636_rho2p81073em08/fac-opacity-cowan-state/starout.h5
417.6356475016451,4.039235853150913e-08,fac-opacity-cowan-state,T417p636_rho4p03924em08,0.33755947052920765,6.884699217098648e-05,0.3375655718470025,5.963350399441683e-06,ok,/home/elads/STAR/full_grid_solar_opacity/runs/T417p636_rho4p03924em08/fac-opacity-cowan-state/starout.h5
417.6356475016451,5.804696634805446e-08,fac-opacity-cowan-state,T417p636_rho5p8047em08,0.33755861530301834,8.171608945980407e-05,0.33756580212493653,7.040599610235366e-06,ok,/home/elads/STAR/full_grid_solar_opacity/runs/T417p636_rho5p8047em08/fac-opacity-cowan-state/starout.h5
417.6356475016451,8.341801332506338e-08,fac-opacity-cowan-state,T417p636_rho8p3418em08,0.3375576403480753,9.559776665862184e-05,0.33756631262513676,8.516531922255624e-06,ok,/home/elads/STAR/full_grid_solar_opacity/runs/T417p636_rho8p3418em08/fac-opacity-cowan-state/starout.h5
417.6356475016451,1.1987818459583772e-07,fac-opacity-cowan-state,T417p636_rho1p19878em07,0.3375567039470181,0.00010958033629018151,0.33756702885662254,1.0155488383674141e-05,ok,/home/elads/STAR/full_grid_solar_opacity/runs/T417p636_rho1p19878em07/fac-opacity-cowan-state/starout.h5
417.6356475016451,1.7227429147699408e-07,fac-opacity-cowan-state,T417p636_rho1p72274em07,0.3375558192630597,0.00012398514466093697,0.33756895736295645,1.2953255393461875e-05,ok,/home/elads/STAR/full_grid_solar_opacity/runs/T417p636_rho1p72274em07/fac-opacity-cowan-state/starout.h5
417.6356475016451,2.4757157946593376e-07,fac-opacity-cowan-state,T417p636_rho2p47572em07,0.3375550018979751,0.0001386168861705748,0.33757244694994826,1.7240172981420143e-05,ok,/home/elads/STAR/full_grid_solar_opacity/runs/T417p636_rho2p47572em07/fac-opacity-cowan-state/starout.h5
417.6356475016451,3.557796490339488e-07,fac-opacity-cowan-state,T417p636_rho3p5578em07,0.33755425707358006,0.00015377939847651813,0.33757690204356905,2.2412526208910475e-05,ok,/home/elads/STAR/full_grid_solar_opacity/runs/T417p636_rho3p5578em07/fac-opacity-cowan-state/starout.h5
417.6356475016451,5.112830759482948e-07,fac-opacity-cowan-state,T417p636_rho5p11283em07,0.3375535897278649,0.00016785085966172593,0.3375829454059695,2.9080382608733242e-05,ok,/home/elads/STAR/full_grid_solar_opacity/runs/T417p636_rho5p11283em07/fac-opacity-cowan-state/starout.h5
417.6356475016451,7.347536163492159e-07,fac-opacity-cowan-state,T417p636_rho7p34754em07,0.33755303401262765,0.00018362943720101786,0.3375937029086524,4.034655695892482e-05,ok,/home/elads/STAR/full_grid_solar_opacity/runs/T417p636_rho7p34754em07/fac-opacity-cowan-state/starout.h5
417.6356475016451,1.0558981944335787e-06,fac-opacity-cowan-state,T417p636_rho1p0559em06,0.3375525207703249,0.00020234345584072534,0.33760637458435366,5.345988715333574e-05,ok,/home/elads/STAR/full_grid_solar_opacity/runs/T417p636_rho1p0559em06/fac-opacity-cowan-state/starout.h5
417.6356475016451,1.517407974863493e-06,fac-opacity-cowan-state,T417p636_rho1p51741em06,0.33755206547777505,0.0002245481080063623,0.33762231019739625,6.975853508820908e-05,ok,/home/elads/STAR/full_grid_solar_opacity/runs/T417p636_rho1p51741em06/fac-opacity-cowan-state/starout.h5
417.6356475016451,2.1806334875063253e-06,fac-opacity-cowan-state,T417p636_rho2p18063em06,0.3375516487084236,0.0002572892881501285,0.33764939057753574,9.715541192824493e-05,ok,/home/elads/STAR/full_grid_solar_opacity/runs/T417p636_rho2p18063em06/fac-opacity-cowan-state/starout.h5
417.6356475016451,3.1337402238588983e-06,fac-opacity-cowan-state,T417p636_rho3p13374em06,0.3375512447013809,0.00029835789465433837,0.337685171388005,0.0001332236845914744,ok,/home/elads/STAR/full_grid_solar_opacity/runs/T417p636_rho3p13374em06/fac-opacity-cowan-state/starout.h5
417.6356475016451,4.503428864545845e-06,fac-opacity-cowan-state,T417p636_rho4p50343em06,0.33755082515969104,0.00035316279287341294,0.3377331480316781,0.00018147816709886648,ok,/home/elads/STAR/full_grid_solar_opacity/runs/T417p636_rho4p50343em06/fac-opacity-cowan-state/starout.h5
417.6356475016451,6.471778159406801e-06,fac-opacity-cowan-state,T417p636_rho6p47178em06,0.33755035337868683,0.000446683103252088,0.3378043555476342,0.0002530490573976358,ok,/home/elads/STAR/full_grid_solar_opacity/runs/T417p636_rho6p47178em06/fac-opacity-cowan-state/starout.h5
417.6356475016451,9.300449458481393e-06,fac-opacity-cowan-state,T417p636_rho9p30045em06,0.3375497838992401,0.0005635476521104908,0.3378869057594565,0.0003360062322805594,ok,/home/elads/STAR/full_grid_solar_opacity/runs/T417p636_rho9p30045em06/fac-opacity-cowan-state/starout.h5
417.6356475016451,1.3365470508911143e-05,fac-opacity-cowan-state,T417p636_rho1p33655em05,0.3375490774538912,0.0007189911431051363,0.33799405621908973,0.0004436481465264433,ok,/home/elads/STAR/full_grid_solar_opacity/runs/T417p636_rho1p33655em05/fac-opacity-cowan-state/starout.h5
417.6356475016451,1.920722248123928e-05,fac-opacity-cowan-state,T417p636_rho1p92072em05,0.33754813797147915,0.0009409055093734511,0.33812955649568505,0.000579849345081056,ok,/home/elads/STAR/full_grid_solar_opacity/runs/T417p636_rho1p92072em05/fac-opacity-cowan-state/starout.h5
417.6356475016451,2.760227522090268e-05,fac-opacity-cowan-state,T417p636_rho2p76023em05,0.33754690800524073,0.0012722912643789433,0.3383064567594116,0.0007577584375571144,ok,/home/elads/STAR/full_grid_solar_opacity/runs/T417p636_rho2p76023em05/fac-opacity-cowan-state/starout.h5
417.6356475016451,3.966662010161191e-05,fac-opacity-cowan-state,T417p636_rho3p96666em05,0.33754520684807265,0.0017730286674375545,0.3385651563607477,0.001018036733478207,ok,/home/elads/STAR/full_grid_solar_opacity/runs/T417p636_rho3p96666em05/fac-opacity-cowan-state/starout.h5
417.6356475016451,5.7004023678963655e-05,fac-opacity-cowan-state,T417p636_rho5p7004em05,0.3375429362548397,0.0023424788438329456,0.338809779499468,0.0012645172962015639,ok,/home/elads/STAR/full_grid_solar_opacity/runs/T417p636_rho5p7004em05/fac-opacity-cowan-state/starout.h5
417.6356475016451,8.191922344953684e-05,fac-opacity-cowan-state,T417p636_rho8p19192em05,0.33753979768511755,0.003244666787252249,0.33919171515376756,0.0016494899140308246,ok,/home/elads/STAR/full_grid_solar_opacity/runs/T417p636_rho8p19192em05/fac-opacity-cowan-state/starout.h5
417.6356475016451,0.00011772430676769293,fac-opacity-cowan-state,T417p636_rho0p000117724,0.33753549802747757,0.004416898709345237,0.33963723686093406,0.0020990872940705673,ok,/home/elads/STAR/full_grid_solar_opacity/runs/T417p636_rho0p000117724/fac-opacity-cowan-state/starout.h5
417.6356475016451,0.00016917900122028344,fac-opacity-cowan-state,T417p636_rho0p000169179,0.3375293568806529,0.006119775048552243,0.34029010668720566,0.0027581260051962294,ok,/home/elads/STAR/full_grid_solar_opacity/runs/T417p636_rho0p000169179/fac-opacity-cowan-state/starout.h5
417.6356475016451,0.0002431234061999784,fac-opacity-cowan-state,T417p636_rho0p000243123,0.3375208654514763,0.008458263098949929,0.3412094926030672,0.0036860149890856255,ok,/home/elads/STAR/full_grid_solar_opacity/runs/T417p636_rho0p000243123/fac-opacity-cowan-state/starout.h5
417.6356475016451,0.0003493872774749123,fac-opacity-cowan-state,T417p636_rho0p000349387,0.3375087733232935,0.01155504057219419,0.3423358365633892,0.004824251217043062,ok,/home/elads/STAR/full_grid_solar_opacity/runs/T417p636_rho0p000349387/fac-opacity-cowan-state/starout.h5
417.6356475016451,0.0005020967399614471,fac-opacity-cowan-state,T417p636_rho0p000502097,0.337491923209658,0.015415714039203016,0.34360524486578187,0.006108674103734096,ok,/home/elads/STAR/full_grid_solar_opacity/runs/T417p636_rho0p000502097/fac-opacity-cowan-state/starout.h5
417.6356475016451,0.0007215521357901021,fac-opacity-cowan-state,T417p636_rho0p000721552,0.33746812043312974,0.021231481357227498,0.34578415454541955,0.008309796806134969,ok,/home/elads/STAR/full_grid_solar_opacity/runs/T417p636_rho0p000721552/fac-opacity-cowan-state/starout.h5
417.6356475016451,0.0010369266382873438,fac-opacity-cowan-state,T417p636_rho0p00103693,0.33743469443717633,0.02858395819753399,0.34842962117714193,0.010985795114981885,ok,/home/elads/STAR/full_grid_solar_opacity/runs/T417p636_rho0p00103693/fac-opacity-cowan-state/starout.h5
417.6356475016451,0.0014901443705277455,fac-opacity-cowan-state,T417p636_rho0p00149014,0.33738744368894025,0.03792744767767347,0.35147778377682143,0.014073427250025921,ok,/home/elads/STAR/full_grid_solar_opacity/runs/T417p636_rho0p00149014/fac-opacity-cowan-state/starout.h5
417.6356475016451,0.002141453563853953,fac-opacity-cowan-state,T417p636_rho0p00214145,0.33732115227315296,0.05144148929840887,0.356332195468192,0.018986444022839347,ok,/home/elads/STAR/full_grid_solar_opacity/runs/T417p636_rho0p00214145/fac-opacity-cowan-state/starout.h5
417.6356475016451,0.003077435620898055,fac-opacity-cowan-state,T417p636_rho0p00307744,0.3372274611903443,0.06828217692267419,0.3623089487284289,0.025039078163820498,ok,/home/elads/STAR/full_grid_solar_opacity/runs/T417p636_rho0p00307744/fac-opacity-cowan-state/starout.h5
417.6356475016451,0.004422514763163053,fac-opacity-cowan-state,T417p636_rho0p00442251,0.33709616750616933,0.09158072198326869,0.37108341487077456,0.03392217640009775,ok,/home/elads/STAR/full_grid_solar_opacity/runs/T417p636_rho0p00442251/fac-opacity-cowan-state/starout.h5
417.6356475016451,0.006355498291362301,fac-opacity-cowan-state,T417p636_rho0p0063555,0.3369130821198655,0.11875930698658602,0.37931783321405466,0.042296025261857266,ok,/home/elads/STAR/full_grid_solar_opacity/runs/T417p636_rho0p0063555/fac-opacity-cowan-state/starout.h5
417.6356475016451,0.009133346228248624,fac-opacity-cowan-state,T417p636_rho0p00913335,0.33665877815705075,0.15775256008576008,0.39071869187669006,0.05389452499774367,ok,/home/elads/STAR/full_grid_solar_opacity/runs/T417p636_rho0p00913335/fac-opacity-cowan-state/starout.h5
417.6356475016451,0.01312533014735226,fac-opacity-cowan-state,T417p636_rho0p0131253,0.3363068331049089,0.21716475490283327,0.4102781181209516,0.07373300044646887,ok,/home/elads/STAR/full_grid_solar_opacity/runs/T417p636_rho0p0131253/fac-opacity-cowan-state/starout.h5
417.6356475016451,0.018862122071335155,fac-opacity-cowan-state,T417p636_rho0p0188621,0.3358222916641962,0.29095516985085,0.4302751849422861,0.09409575187251447,ok,/home/elads/STAR/full_grid_solar_opacity/runs/T417p636_rho0p0188621/fac-opacity-cowan-state/starout.h5
417.6356475016451,0.02710633904364831,fac-opacity-cowan-state,T417p636_rho0p0271063,0.3351586245480867,0.39285588489546597,0.45445571097344667,0.11876284827184179,ok,/home/elads/STAR/full_grid_solar_opacity/runs/T417p636_rho0p0271063/fac-opacity-cowan-state/starout.h5
417.6356475016451,0.038953921174427183,fac-opacity-cowan-state,T417p636_rho0p0389539,0.33425565799841184,0.5350495333694543,0.48324345086961135,0.14818916864194767,ok,/home/elads/STAR/full_grid_solar_opacity/runs/T417p636_rho0p0389539/fac-opacity-cowan-state/starout.h5
417.6356475016451,0.0559798197912329,fac-opacity-cowan-state,T417p636_rho0p0559798,0.33303834438201,0.7450568144278337,0.5278956116088521,0.19370201807936135,ok,/home/elads/STAR/full_grid_solar_opacity/runs/T417p636_rho0p0559798/fac-opacity-cowan-state/starout.h5
417.6356475016451,0.08044736266284185,fac-opacity-cowan-state,T417p636_rho0p0804474,0.3314084910722139,1.0354673158854588,0.5784056605356499,0.24531580713869178,ok,/home/elads/STAR/full_grid_solar_opacity/runs/T417p636_rho0p0804474/fac-opacity-cowan-state/starout.h5
417.6356475016451,0.11560912813835741,fac-opacity-cowan-state,T417p636_rho0p115609,0.3292549643986225,1.417143240882881,0.6158564550002437,0.2842027696919569,ok,/home/elads/STAR/full_grid_solar_opacity/runs/T417p636_rho0p115609/fac-opacity-cowan-state/starout.h5
417.6356475016451,0.1661393247274789,fac-opacity-cowan-state,T417p636_rho0p166139,0.32644863458770684,1.9838943004720742,0.6780239047556521,0.348204163557101,ok,/home/elads/STAR/full_grid_solar_opacity/runs/T417p636_rho0p166139/fac-opacity-cowan-state/starout.h5
417.6356475016451,0.23875515424585794,fac-opacity-cowan-state,T417p636_rho0p238755,0.322851552129246,2.8070696870368703,0.7697895919473775,0.4422835705240849,ok,/home/elads/STAR/full_grid_solar_opacity/runs/T417p636_rho0p238755/fac-opacity-cowan-state/starout.h5
417.6356475016451,0.34310975906798746,fac-opacity-cowan-state,T417p636_rho0p34311,0.3182818093544501,3.937509518273887,0.8515922101098446,0.5270055777459219,ok,/home/elads/STAR/full_grid_solar_opacity/runs/T417p636_rho0p34311/fac-opacity-cowan-state/starout.h5
417.6356475016451,0.49307545690287347,fac-opacity-cowan-state,T417p636_rho0p493075,0.3126958253123528,5.553107874805571,0.9644962969431107,0.6435606188071782,ok,/home/elads/STAR/full_grid_solar_opacity/runs/T417p636_rho0p493075/fac-opacity-cowan-state/starout.h5
417.6356475016451,0.7085878491488851,fac-opacity-cowan-state,T417p636_rho0p708588,0.3060038692563753,7.828933797506512,1.0962721839590235,0.7798171600321246,ok,/home/elads/STAR/full_grid_solar_opacity/runs/T417p636_rho0p708588/fac-opacity-cowan-state/starout.h5
417.6356475016451,1.0182959482819007,fac-opacity-cowan-state,T417p636_rho1p0183,0.2982212293118211,11.064403219627952,1.2794368459207965,0.9683970306107684,ok,/home/elads/STAR/full_grid_solar_opacity/runs/T417p636_rho1p0183/fac-opacity-cowan-state/starout.h5
417.6356475016451,1.4633706173946401,fac-opacity-cowan-state,T417p636_rho1p46337,0.2894778146148122,15.5774338728541,1.4968269163793448,1.192057414063938,ok,/home/elads/STAR/full_grid_solar_opacity/runs/T417p636_rho1p46337/fac-opacity-cowan-state/starout.h5
417.6356475016451,2.1029775945461404,fac-opacity-cowan-state,T417p636_rho2p10298,0.28002659713081235,21.96666067803069,1.7990590992738884,1.5012281252377504,ok,/home/elads/STAR/full_grid_solar_opacity/runs/T417p636_rho2p10298/fac-opacity-cowan-state/starout.h5
417.6356475016451,3.0221426551783854,fac-opacity-cowan-state,T417p636_rho3p02214,0.27025323317121125,30.849604602454594,2.128462618388946,1.8379346849891398,ok,/home/elads/STAR/full_grid_solar_opacity/runs/T417p636_rho3p02214/fac-opacity-cowan-state/starout.h5
417.6356475016451,4.343054463316713,fac-opacity-cowan-state,T417p636_rho4p34305,0.2606711586270113,43.17590000068889,2.532682658681753,2.2495976267637925,ok,/home/elads/STAR/full_grid_solar_opacity/runs/T417p636_rho4p34305/fac-opacity-cowan-state/starout.h5
417.6356475016451,6.241307649397467,fac-opacity-cowan-state,T417p636_rho6p24131,0.2518700331534095,60.316323093541946,3.0785096447064966,2.802593437580711,ok,/home/elads/STAR/full_grid_solar_opacity/runs/T417p636_rho6p24131/fac-opacity-cowan-state/starout.h5
417.6356475016451,8.969245378672715,fac-opacity-cowan-state,T417p636_rho8p96925,0.24450741742319357,83.51425437618039,3.6373953932872043,3.3686297379370087,ok,/home/elads/STAR/full_grid_solar_opacity/runs/T417p636_rho8p96925/fac-opacity-cowan-state/starout.h5
417.6356475016451,12.889504440725364,fac-opacity-cowan-state,T417p636_rho12p8895,0.23925212447565006,114.6113903197344,4.321191211278277,4.058839257963245,ok,/home/elads/STAR/full_grid_solar_opacity/runs/T417p636_rho12p8895/fac-opacity-cowan-state/starout.h5
417.6356475016451,18.52322215674118,fac-opacity-cowan-state,T417p636_rho18p5232,0.23680348049079106,155.63388693141297,5.155092291221299,4.897706175562634,ok,/home/elads/STAR/full_grid_solar_opacity/runs/T417p636_rho18p5232/fac-opacity-cowan-state/starout.h5
417.6356475016451,26.61931346126126,fac-opacity-cowan-state,T417p636_rho26p6193,0.23764655411278954,208.4075575735674,6.345433181736363,6.090667753036365,ok,/home/elads/STAR/full_grid_solar_opacity/runs/T417p636_rho26p6193/fac-opacity-cowan-state/starout.h5
417.6356475016451,38.254027466328665,fac-opacity-cowan-state,T417p636_rho38p254,0.24242916959632507,273.1511079247029,7.760565262311158,7.505334256916742,ok,/home/elads/STAR/full_grid_solar_opacity/runs/T417p636_rho38p254/fac-opacity-cowan-state/starout.h5
417.6356475016451,54.97401800103719,fac-opacity-cowan-state,T417p636_rho54p974,0.2512275896411823,349.1271005566694,9.681851972022976,9.422205442939445,ok,/home/elads/STAR/full_grid_solar_opacity/runs/T417p636_rho54p974/fac-opacity-cowan-state/starout.h5
417.6356475016451,79.0019471240894,fac-opacity-cowan-state,T417p636_rho79p0019,0.26391088770590826,431.4947015648291,12.384590079395464,12.11611940627277,ok,/home/elads/STAR/full_grid_solar_opacity/runs/T417p636_rho79p0019/fac-opacity-cowan-state/starout.h5
417.6356475016451,113.53195339077567,fac-opacity-cowan-state,T417p636_rho113p532,0.2796066196086297,510.3682685544008,16.088058694313023,15.8069583518697,ok,/home/elads/STAR/full_grid_solar_opacity/runs/T417p636_rho113p532/fac-opacity-cowan-state/starout.h5
417.6356475016451,163.15426277379785,fac-opacity-cowan-state,T417p636_rho163p154,0.29708589462055685,574.1653708530108,20.90288053711537,20.60645405754061,ok,/home/elads/STAR/full_grid_solar_opacity/runs/T417p636_rho163p154/fac-opacity-cowan-state/starout.h5
417.6356475016451,234.46538763970608,fac-opacity-cowan-state,T417p636_rho234p465,0.31476542358558435,610.9462709928954,26.601541409421046,26.288747748743752,ok,/home/elads/STAR/full_grid_solar_opacity/runs/T417p636_rho234p465/fac-opacity-cowan-state/starout.h5
417.6356475016451,336.94503022121665,fac-opacity-cowan-state,T417p636_rho336p945,0.331628306053015,675.129254587323,32.59598024711375,32.26696317314229,ok,/home/elads/STAR/full_grid_solar_opacity/runs/T417p636_rho336p945/fac-opacity-cowan-state/starout.h5
417.6356475016451,484.21626123015125,fac-opacity-cowan-state,T417p636_rho484p216,0.34761322748583373,721.4191136580492,37.697557138473336,37.35273387257751,ok,/home/elads/STAR/full_grid_solar_opacity/runs/T417p636_rho484p216/fac-opacity-cowan-state/starout.h5
417.6356475016451,695.8564947100452,fac-opacity-cowan-state,T417p636_rho695p856,0.36360298338970953,725.236543739399,40.739777347518256,40.37895012376948,ok,/home/elads/STAR/full_grid_solar_opacity/runs/T417p636_rho695p856/fac-opacity-cowan-state/starout.h5
417.6356475016451,1000.0,fac-opacity-cowan-state,T417p636_rho1000,0.38170605381548695,692.8788332422012,43.01785602385362,42.639087860303974,ok,/home/elads/STAR/full_grid_solar_opacity/runs/T417p636_rho1000/fac-opacity-cowan-state/starout.h5
459.76716759912983,1e-17,fac-opacity-cowan-state,T459p767_rho1em17,0.3374589223418163,2.5855831212541436e-13,0.33745892234304237,1.1825668162075863e-12,ok,/home/elads/STAR/full_grid_solar_opacity/runs/T459p767_rho1em17/fac-opacity-cowan-state/starout.h5
459.76716759912983,1.4370779141993746e-17,fac-opacity-cowan-state,T459p767_rho1p43708em17,0.3374589223418178,2.585918056169161e-13,0.33745892234304387,1.1825790293914742e-12,ok,/home/elads/STAR/full_grid_solar_opacity/runs/T459p767_rho1p43708em17/fac-opacity-cowan-state/starout.h5
459.76716759912983,2.065192931479625e-17,fac-opacity-cowan-state,T459p767_rho2p06519em17,0.33745892234181757,2.5863993835565146e-13,0.33745892234304364,1.182596580838773e-12,ok,/home/elads/STAR/full_grid_solar_opacity/runs/T459p767_rho2p06519em17/fac-opacity-cowan-state/starout.h5
459.76716759912983,2.9678431503900313e-17,fac-opacity-cowan-state,T459p767_rho2p96784em17,0.33745892514246223,2.5870916085677667e-13,0.3374589251436883,1.1826218228841884e-12,ok,/home/elads/STAR/full_grid_solar_opacity/runs/T459p767_rho2p96784em17/fac-opacity-cowan-state/starout.h5
459.76716759912983,4.2650218442334076e-17,fac-opacity-cowan-state,T459p767_rho4p26502em17,0.3374589312161623,2.5880870729284665e-13,0.3374589312173882,1.1826581233815531e-12,ok,/home/elads/STAR/full_grid_solar_opacity/runs/T459p767_rho4p26502em17/fac-opacity-cowan-state/starout.h5
459.76716759912983,6.129168695925715e-17,fac-opacity-cowan-state,T459p767_rho6p12917em17,0.3374589379600823,2.5895230123131563e-13,0.3374589379613085,1.1827105129200193e-12,ok,/home/elads/STAR/full_grid_solar_opacity/runs/T459p767_rho6p12917em17/fac-opacity-cowan-state/starout.h5
459.76716759912983,8.808092965317026e-17,fac-opacity-cowan-state,T459p767_rho8p80809em17,0.3374589452466505,2.5915918357611515e-13,0.33745894524787656,1.1827860199079125e-12,ok,/home/elads/STAR/full_grid_solar_opacity/runs/T459p767_rho8p80809em17/fac-opacity-cowan-state/starout.h5
459.76716759912983,1.2657915866672028e-16,fac-opacity-cowan-state,T459p767_rho1p26579em16,0.33745895253244135,2.594564757646563e-13,0.33745895253366753,1.1828945235023598e-12,ok,/home/elads/STAR/full_grid_solar_opacity/runs/T459p767_rho1p26579em16/fac-opacity-cowan-state/starout.h5
459.76716759912983,1.819041133178821e-16,fac-opacity-cowan-state,T459p767_rho1p81904em16,0.3374589598415683,2.598836883590137e-13,0.3374589598427946,1.1830504481955796e-12,ok,/home/elads/STAR/full_grid_solar_opacity/runs/T459p767_rho1p81904em16/fac-opacity-cowan-state/starout.h5
459.76716759912983,2.6141038375114865e-16,fac-opacity-cowan-state,T459p767_rho2p6141em16,0.33745896714247287,2.6049759616678787e-13,0.3374589671436995,1.1832745093114492e-12,ok,/home/elads/STAR/full_grid_solar_opacity/runs/T459p767_rho2p6141em16/fac-opacity-cowan-state/starout.h5
459.76716759912983,3.7566708903116036e-16,fac-opacity-cowan-state,T459p767_rho3p75667em16,0.33745897447387857,2.6137978791695095e-13,0.33745897447510564,1.1835964896994184e-12,ok,/home/elads/STAR/full_grid_solar_opacity/runs/T459p767_rho3p75667em16/fac-opacity-cowan-state/starout.h5
459.76716759912983,5.398628767382507e-16,fac-opacity-cowan-state,T459p767_rho5p39863em16,0.3374589818066733,2.6264750636123067e-13,0.33745898180790085,1.1840591736925211e-12,ok,/home/elads/STAR/full_grid_solar_opacity/runs/T459p767_rho5p39863em16/fac-opacity-cowan-state/starout.h5
459.76716759912983,7.758250168566793e-16,fac-opacity-cowan-state,T459p767_rho7p75825em16,0.337458989146368,2.912588641764974e-13,0.33745898914772293,1.3072152882369215e-12,ok,/home/elads/STAR/full_grid_solar_opacity/runs/T459p767_rho7p75825em16/fac-opacity-cowan-state/starout.h5
459.76716759912983,1.1149209970080914e-15,fac-opacity-cowan-state,T459p767_rho1p11492em15,0.3374589964837479,4.1857224048733086e-13,0.33745899648569544,1.8787937376494964e-12,ok,/home/elads/STAR/full_grid_solar_opacity/runs/T459p767_rho1p11492em15/fac-opacity-cowan-state/starout.h5
459.76716759912983,1.6022283408774753e-15,fac-opacity-cowan-state,T459p767_rho1p60223em15,0.3374590038048102,6.015208538515309e-13,0.33745900380760885,2.699953623847963e-12,ok,/home/elads/STAR/full_grid_solar_opacity/runs/T459p767_rho1p60223em15/fac-opacity-cowan-state/starout.h5
459.76716759912983,2.3025269621793266e-15,fac-opacity-cowan-state,T459p767_rho2p30253em15,0.3374590111696746,8.643942432625292e-13,0.3374590111736965,3.879918466993767e-12,ok,/home/elads/STAR/full_grid_solar_opacity/runs/T459p767_rho2p30253em15/fac-opacity-cowan-state/starout.h5
459.76716759912983,3.308910644196489e-15,fac-opacity-cowan-state,T459p767_rho3p30891em15,0.3374590185088898,1.2422914021591887e-12,0.3374590185146703,5.5764998395238034e-12,ok,/home/elads/STAR/full_grid_solar_opacity/runs/T459p767_rho3p30891em15/fac-opacity-cowan-state/starout.h5
459.76716759912983,4.755162406834019e-15,fac-opacity-cowan-state,T459p767_rho4p75516em15,0.337459025859191,1.7852821167312993e-12,0.3374590258674982,8.014225863364873e-12,ok,/home/elads/STAR/full_grid_solar_opacity/runs/T459p767_rho4p75516em15/fac-opacity-cowan-state/starout.h5
459.76716759912983,6.8335388732923106e-15,fac-opacity-cowan-state,T459p767_rho6p83354em15,0.33745903318716036,2.565470498952192e-12,0.3374590331990975,1.1515879007598509e-11,ok,/home/elads/STAR/full_grid_solar_opacity/runs/T459p767_rho6p83354em15/fac-opacity-cowan-state/starout.h5
459.76716759912983,9.820327790631256e-15,fac-opacity-cowan-state,T459p767_rho9p82033em15,0.33745904050068215,3.686775368718791e-12,0.33745904051783554,1.654809584689869e-11,ok,/home/elads/STAR/full_grid_solar_opacity/runs/T459p767_rho9p82033em15/fac-opacity-cowan-state/starout.h5
459.76716759912983,1.4112576178114521e-14,fac-opacity-cowan-state,T459p767_rho1p41126em14,0.33745904772536006,2.9013033801461724e-11,0.33745904784581415,1.1681139314838313e-10,ok,/home/elads/STAR/full_grid_solar_opacity/runs/T459p767_rho1p41126em14/fac-opacity-cowan-state/starout.h5
459.76716759912983,2.0280871538024598e-14,fac-opacity-cowan-state,T459p767_rho2p02809em14,0.3374590552231498,4.168935245345538e-11,0.3374590553961946,1.6781288336233965e-10,ok,/home/elads/STAR/full_grid_solar_opacity/runs/T459p767_rho2p02809em14/fac-opacity-cowan-state/starout.h5
459.76716759912983,2.914519256800997e-14,fac-opacity-cowan-state,T459p767_rho2p91452em14,0.3374590625566805,5.991809580131058e-11,0.3374590628054478,2.4124322260189296e-10,ok,/home/elads/STAR/full_grid_solar_opacity/runs/T459p767_rho2p91452em14/fac-opacity-cowan-state/starout.h5
459.76716759912983,4.188391254457488e-14,fac-opacity-cowan-state,T459p767_rho4p18839em14,0.3374590688688857,8.610470696032998e-11,0.3374590692263415,3.466460807424625e-10,ok,/home/elads/STAR/full_grid_solar_opacity/runs/T459p767_rho4p18839em14/fac-opacity-cowan-state/starout.h5
459.76716759912983,6.019044567806669e-14,fac-opacity-cowan-state,T459p767_rho6p01904em14,0.3374590772388228,1.237544142630454e-10,0.33745907775257317,4.982150014850723e-10,ok,/home/elads/STAR/full_grid_solar_opacity/runs/T459p767_rho6p01904em14/fac-opacity-cowan-state/starout.h5
459.76716759912983,8.649836012976684e-14,fac-opacity-cowan-state,T459p767_rho8p64984em14,0.3374590845667786,1.7785191177817625e-10,0.3374590853050292,7.159266391984931e-10,ok,/home/elads/STAR/full_grid_solar_opacity/runs/T459p767_rho8p64984em14/fac-opacity-cowan-state/starout.h5
459.76716759912983,1.2430488295695167e-13,fac-opacity-cowan-state,T459p767_rho1p24305em13,0.3374590918931177,2.555794376817068e-10,0.3374590929538822,1.0286891219310454e-09,ok,/home/elads/STAR/full_grid_solar_opacity/runs/T459p767_rho1p24305em13/fac-opacity-cowan-state/starout.h5
459.76716759912983,1.7863580192457348e-13,fac-opacity-cowan-state,T459p767_rho1p78636em13,0.3374590991426955,3.6728559690666e-10,0.3374591006665948,1.477820036328846e-09,ok,/home/elads/STAR/full_grid_solar_opacity/runs/T459p767_rho1p78636em13/fac-opacity-cowan-state/starout.h5
459.76716759912983,2.567135656310987e-13,fac-opacity-cowan-state,T459p767_rho2p56714em13,0.33745909909051075,5.278563896949063e-10,0.33745910128001194,2.12329434270378e-09,ok,/home/elads/STAR/full_grid_solar_opacity/runs/T459p767_rho2p56714em13/fac-opacity-cowan-state/starout.h5
459.76716759912983,3.6891739544382357e-13,fac-opacity-cowan-state,T459p767_rho3p68917em13,0.33745910229126524,7.58565906660346e-10,0.3374591054362437,3.0498783487746383e-09,ok,/home/elads/STAR/full_grid_solar_opacity/runs/T459p767_rho3p68917em13/fac-opacity-cowan-state/starout.h5
459.76716759912983,5.301630411562758e-13,fac-opacity-cowan-state,T459p767_rho5p30163em13,0.33745909906760035,1.090155614494475e-09,0.3374591035843599,4.380179991213133e-09,ok,/home/elads/STAR/full_grid_solar_opacity/runs/T459p767_rho5p30163em13/fac-opacity-cowan-state/starout.h5
459.76716759912983,7.618855973704612e-13,fac-opacity-cowan-state,T459p767_rho7p61886em13,0.3374590991306125,1.5666966589153544e-09,0.33745910561587805,6.2891638011355e-09,ok,/home/elads/STAR/full_grid_solar_opacity/runs/T459p767_rho7p61886em13/fac-opacity-cowan-state/starout.h5
459.76716759912983,1.0948889651276868e-12,fac-opacity-cowan-state,T459p767_rho1p09489em12,0.33745909894530257,2.2516131980501575e-09,0.3374591082534001,9.026635025902022e-09,ok,/home/elads/STAR/full_grid_solar_opacity/runs/T459p767_rho1p09489em12/fac-opacity-cowan-state/starout.h5
459.76716759912983,1.5734407502856082e-12,fac-opacity-cowan-state,T459p767_rho1p57344em12,0.33745909880122027,3.235606065657069e-09,0.3374591121492781,1.294445393468143e-08,ok,/home/elads/STAR/full_grid_solar_opacity/runs/T459p767_rho1p57344em12/fac-opacity-cowan-state/starout.h5
459.76716759912983,2.26115695153675e-12,fac-opacity-cowan-state,T459p767_rho2p26116em12,0.3374590986914556,4.6501530633584055e-09,0.3374591178214062,1.8551533824052572e-08,ok,/home/elads/STAR/full_grid_solar_opacity/runs/T459p767_rho2p26116em12/fac-opacity-cowan-state/starout.h5
459.76716759912983,3.249458715591849e-12,fac-opacity-cowan-state,T459p767_rho3p24946em12,0.3374590984648111,6.682775415102148e-09,0.3374591258461374,2.6553437892918522e-08,ok,/home/elads/STAR/full_grid_solar_opacity/runs/T459p767_rho3p24946em12/fac-opacity-cowan-state/starout.h5
459.76716759912983,4.669725353279713e-12,fac-opacity-cowan-state,T459p767_rho4p66973em12,0.3374590981580496,9.603926184823352e-09,0.33745913728167276,3.7940777877529026e-08,ok,/home/elads/STAR/full_grid_solar_opacity/runs/T459p767_rho4p66973em12/fac-opacity-cowan-state/starout.h5
459.76716759912983,6.710759170575148e-12,fac-opacity-cowan-state,T459p767_rho6p71076em12,0.33745909766376125,1.3798920740071302e-08,0.33745915341765675,5.4068376965239187e-08,ok,/home/elads/STAR/full_grid_solar_opacity/runs/T459p767_rho6p71076em12/fac-opacity-cowan-state/starout.h5
459.76716759912983,9.64388379154446e-12,fac-opacity-cowan-state,T459p767_rho9p64388em12,0.3374590970482819,1.983236319337592e-08,0.33745917625937205,7.681670020185191e-08,ok,/home/elads/STAR/full_grid_solar_opacity/runs/T459p767_rho9p64388em12/fac-opacity-cowan-state/starout.h5
459.76716759912983,1.3859012403933867e-11,fac-opacity-cowan-state,T459p767_rho1p3859em11,0.3371744467042196,2.849663622314524e-08,0.33717455868524804,1.0859658429025142e-07,ok,/home/elads/STAR/full_grid_solar_opacity/runs/T459p767_rho1p3859em11/fac-opacity-cowan-state/starout.h5
459.76716759912983,1.9916480638308542e-11,fac-opacity-cowan-state,T459p767_rho1p99165em11,0.3371744453445172,4.094321457420656e-08,0.3371746026537502,1.5255575673896633e-07,ok,/home/elads/STAR/full_grid_solar_opacity/runs/T459p767_rho1p99165em11/fac-opacity-cowan-state/starout.h5
459.76716759912983,2.8621534453892672e-11,fac-opacity-cowan-state,T459p767_rho2p86215em11,0.3371744433476189,5.88297552586382e-08,0.3371746623626811,2.1239830168507114e-07,ok,/home/elads/STAR/full_grid_solar_opacity/runs/T459p767_rho2p86215em11/fac-opacity-cowan-state/starout.h5
459.76716759912983,4.1131375034185614e-11,fac-opacity-cowan-state,T459p767_rho4p11314em11,0.3371744404880164,8.465165919563642e-08,0.33717474244576756,2.9284363607064633e-07,ok,/home/elads/STAR/full_grid_solar_opacity/runs/T459p767_rho4p11314em11/fac-opacity-cowan-state/starout.h5
459.76716759912983,5.910899064227969e-11,fac-opacity-cowan-state,T459p767_rho5p9109em11,0.3371744363553953,1.2158642379374998e-07,0.3371748464351861,3.977063071716902e-07,ok,/home/elads/STAR/full_grid_solar_opacity/runs/T459p767_rho5p9109em11/fac-opacity-cowan-state/starout.h5
459.76716759912983,8.4944224982638e-11,fac-opacity-cowan-state,T459p767_rho8p49442em11,0.3371744304063204,1.7458522958889053e-07,0.3371749780401373,5.311151622182294e-07,ok,/home/elads/STAR/full_grid_solar_opacity/runs/T459p767_rho8p49442em11/fac-opacity-cowan-state/starout.h5
459.76716759912983,1.2207146966133182e-10,fac-opacity-cowan-state,T459p767_rho1p22071em10,0.33717442185558183,2.504747528262333e-07,0.33717513863606874,6.951650550869023e-07,ok,/home/elads/STAR/full_grid_solar_opacity/runs/T459p767_rho1p22071em10/fac-opacity-cowan-state/starout.h5
459.76716759912983,1.7542621300415897e-10,fac-opacity-cowan-state,T459p767_rho1p75426em10,0.33717440969420875,3.592934100174047e-07,0.33717532804014133,8.906510586555384e-07,ok,/home/elads/STAR/full_grid_solar_opacity/runs/T459p767_rho1p75426em10/fac-opacity-cowan-state/starout.h5
459.76716759912983,2.52101136279913e-10,fac-opacity-cowan-state,T459p767_rho2p52101em10,0.3371743924566471,5.148780422911601e-07,0.33717554281569423,1.115657491655705e-06,ok,/home/elads/STAR/full_grid_solar_opacity/runs/T459p767_rho2p52101em10/fac-opacity-cowan-state/starout.h5
459.76716759912983,3.6228897509242966e-10,fac-opacity-cowan-state,T459p767_rho3p62289em10,0.33717436839365683,7.370212397083767e-07,0.33717577813096505,1.3671834156208865e-06,ok,/home/elads/STAR/full_grid_solar_opacity/runs/T459p767_rho3p62289em10/fac-opacity-cowan-state/starout.h5
459.76716759912983,5.20637484663258e-10,fac-opacity-cowan-state,T459p767_rho5p20637em10,0.33717433575217465,1.0541517431733379e-06,0.3371760305252946,1.6435864208791663e-06,ok,/home/elads/STAR/full_grid_solar_opacity/runs/T459p767_rho5p20637em10/fac-opacity-cowan-state/starout.h5
459.76716759912983,7.481966305138837e-10,fac-opacity-cowan-state,T459p767_rho7p48197em10,0.33717429003239263,1.5039305409445859e-06,0.3371762929724887,1.942356825940311e-06,ok,/home/elads/STAR/full_grid_solar_opacity/runs/T459p767_rho7p48197em10/fac-opacity-cowan-state/starout.h5
459.76716759912983,1.0752168531898921e-09,fac-opacity-cowan-state,T459p767_rho1p07522em09,0.3371742298306181,2.1402486260526374e-06,0.3371765674091695,2.2667395274501495e-06,ok,/home/elads/STAR/full_grid_solar_opacity/runs/T459p767_rho1p07522em09/fac-opacity-cowan-state/starout.h5
459.76716759912983,1.5451703926941453e-09,fac-opacity-cowan-state,T459p767_rho1p54517em09,0.3371741508946641,3.036347548440033e-06,0.3371768549806785,2.621970267893875e-06,ok,/home/elads/STAR/full_grid_solar_opacity/runs/T459p767_rho1p54517em09/fac-opacity-cowan-state/starout.h5
459.76716759912983,2.220530245015531e-09,fac-opacity-cowan-state,T459p767_rho2p22053em09,0.33717403943605945,4.295530478297817e-06,0.3371771505999865,3.0165586934443616e-06,ok,/home/elads/STAR/full_grid_solar_opacity/runs/T459p767_rho2p22053em09/fac-opacity-cowan-state/starout.h5
459.76716759912983,3.1910749729235452e-09,fac-opacity-cowan-state,T459p767_rho3p19107em09,0.3371739098025673,6.0577259004791995e-06,0.33717749678403086,3.478284399584006e-06,ok,/home/elads/STAR/full_grid_solar_opacity/runs/T459p767_rho3p19107em09/fac-opacity-cowan-state/starout.h5
459.76716759912983,4.585823366142813e-09,fac-opacity-cowan-state,T459p767_rho4p58582em09,0.33717373350995966,8.499629155340765e-06,0.33717786307572406,4.004752015214831e-06,ok,/home/elads/STAR/full_grid_solar_opacity/runs/T459p767_rho4p58582em09/fac-opacity-cowan-state/starout.h5
459.76716759912983,6.590185477903269e-09,fac-opacity-cowan-state,T459p767_rho6p59019em09,0.3371734995640438,1.187157558663459e-05,0.33717828816647183,4.644581369844612e-06,ok,/home/elads/STAR/full_grid_solar_opacity/runs/T459p767_rho6p59019em09/fac-opacity-cowan-state/starout.h5
459.76716759912983,9.470610000772238e-09,fac-opacity-cowan-state,T459p767_rho9p47061em09,0.3371732015206333,1.648509502505037e-05,0.3371787903631801,5.4219739127298325e-06,ok,/home/elads/STAR/full_grid_solar_opacity/runs/T459p767_rho9p47061em09/fac-opacity-cowan-state/starout.h5
459.76716759912983,1.3610004466105506e-08,fac-opacity-cowan-state,T459p767_rho1p361em08,0.33717280117558873,2.3171072747640427e-05,0.33717939408457004,6.398022457292951e-06,ok,/home/elads/STAR/full_grid_solar_opacity/runs/T459p767_rho1p361em08/fac-opacity-cowan-state/starout.h5
459.76716759912983,1.9558636830395073e-08,fac-opacity-cowan-state,T459p767_rho1p95586em08,0.3371723550736922,3.180395242522683e-05,0.33718008987852083,7.5111551957655445e-06,ok,/home/elads/STAR/full_grid_solar_opacity/runs/T459p767_rho1p95586em08/fac-opacity-cowan-state/starout.h5
459.76716759912983,2.810728502080722e-08,fac-opacity-cowan-state,T459p767_rho2p81073em08,0.33717172846231436,4.307817521651735e-05,0.33718064870222664,8.666672667615033e-06,ok,/home/elads/STAR/full_grid_solar_opacity/runs/T459p767_rho2p81073em08/fac-opacity-cowan-state/starout.h5
459.76716759912983,4.039235853150913e-08,fac-opacity-cowan-state,T459p767_rho4p03924em08,0.3371710556677523,5.737087809613871e-05,0.3371811911238382,9.852532865198602e-06,ok,/home/elads/STAR/full_grid_solar_opacity/runs/T459p767_rho4p03924em08/fac-opacity-cowan-state/starout.h5
459.76716759912983,5.804696634805446e-08,fac-opacity-cowan-state,T459p767_rho5p8047em08,0.33717026426295665,7.523988955510134e-05,0.3371817168002905,1.1141505539700248e-05,ok,/home/elads/STAR/full_grid_solar_opacity/runs/T459p767_rho5p8047em08/fac-opacity-cowan-state/starout.h5
459.76716759912983,8.341801332506338e-08,fac-opacity-cowan-state,T459p767_rho8p3418em08,0.33716945313009933,9.694550942780147e-05,0.3371823990140023,1.2608364135512006e-05,ok,/home/elads/STAR/full_grid_solar_opacity/runs/T459p767_rho8p3418em08/fac-opacity-cowan-state/starout.h5
459.76716759912983,1.1987818459583772e-07,fac-opacity-cowan-state,T459p767_rho1p19878em07,0.3371684365870463,0.00012210765531046842,0.337182939567759,1.4139734212222185e-05,ok,/home/elads/STAR/full_grid_solar_opacity/runs/T459p767_rho1p19878em07/fac-opacity-cowan-state/starout.h5
459.76716759912983,1.7227429147699408e-07,fac-opacity-cowan-state,T459p767_rho1p72274em07,0.33716735020204225,0.00015159434857729665,0.33718367592627246,1.5938436452787898e-05,ok,/home/elads/STAR/full_grid_solar_opacity/runs/T459p767_rho1p72274em07/fac-opacity-cowan-state/starout.h5
459.76716759912983,2.4757157946593376e-07,fac-opacity-cowan-state,T459p767_rho2p47572em07,0.337166313144698,0.0001840927841294472,0.3371850017628994,1.8279205430198293e-05,ok,/home/elads/STAR/full_grid_solar_opacity/runs/T459p767_rho2p47572em07/fac-opacity-cowan-state/starout.h5
459.76716759912983,3.557796490339488e-07,fac-opacity-cowan-state,T459p767_rho3p5578em07,0.3371652604631833,0.00022168651973098732,0.33718719213911874,2.1501977101767037e-05,ok,/home/elads/STAR/full_grid_solar_opacity/runs/T459p767_rho3p5578em07/fac-opacity-cowan-state/starout.h5
459.76716759912983,5.112830759482948e-07,fac-opacity-cowan-state,T459p767_rho5p11283em07,0.3371643313126386,0.0002620234229602357,0.33719030186139654,2.5514440937255397e-05,ok,/home/elads/STAR/full_grid_solar_opacity/runs/T459p767_rho5p11283em07/fac-opacity-cowan-state/starout.h5
459.76716759912983,7.347536163492159e-07,fac-opacity-cowan-state,T459p767_rho7p34754em07,0.337163292420542,0.0003048942113280675,0.3371948016295649,3.10225916433033e-05,ok,/home/elads/STAR/full_grid_solar_opacity/runs/T459p767_rho7p34754em07/fac-opacity-cowan-state/starout.h5
459.76716759912983,1.0558981944335787e-06,fac-opacity-cowan-state,T459p767_rho1p0559em06,0.33716228545989735,0.0003510739837502334,0.33720171065953236,3.890960669559197e-05,ok,/home/elads/STAR/full_grid_solar_opacity/runs/T459p767_rho1p0559em06/fac-opacity-cowan-state/starout.h5
459.76716759912983,1.517407974863493e-06,fac-opacity-cowan-state,T459p767_rho1p51741em06,0.337161325005692,0.0003974432534490195,0.33721120205018495,4.932311146389882e-05,ok,/home/elads/STAR/full_grid_solar_opacity/runs/T459p767_rho1p51741em06/fac-opacity-cowan-state/starout.h5
459.76716759912983,2.1806334875063253e-06,fac-opacity-cowan-state,T459p767_rho2p18063em06,0.33716041772582844,0.0004469687580178784,0.3372279403540996,6.693734322932762e-05,ok,/home/elads/STAR/full_grid_solar_opacity/runs/T459p767_rho2p18063em06/fac-opacity-cowan-state/starout.h5
459.76716759912983,3.1337402238588983e-06,fac-opacity-cowan-state,T459p767_rho3p13374em06,0.3371595668805778,0.0004962255985270947,0.3372445359719553,8.430195442576991e-05,ok,/home/elads/STAR/full_grid_solar_opacity/runs/T459p767_rho3p13374em06/fac-opacity-cowan-state/starout.h5
459.76716759912983,4.503428864545845e-06,fac-opacity-cowan-state,T459p767_rho4p50343em06,0.33715876381277315,0.0005485080469857213,0.337270310888726,0.00011080087573359783,ok,/home/elads/STAR/full_grid_solar_opacity/runs/T459p767_rho4p50343em06/fac-opacity-cowan-state/starout.h5
459.76716759912983,6.471778159406801e-06,fac-opacity-cowan-state,T459p767_rho6p47178em06,0.33715800879784763,0.00061933380339797,0.33731262992725075,0.00015382304632979979,ok,/home/elads/STAR/full_grid_solar_opacity/runs/T459p767_rho6p47178em06/fac-opacity-cowan-state/starout.h5
459.76716759912983,9.300449458481393e-06,fac-opacity-cowan-state,T459p767_rho9p30045em06,0.33715723452926477,0.0006985544695902957,0.3373565453836127,0.0001983825486672042,ok,/home/elads/STAR/full_grid_solar_opacity/runs/T459p767_rho9p30045em06/fac-opacity-cowan-state/starout.h5
459.76716759912983,1.3365470508911143e-05,fac-opacity-cowan-state,T459p767_rho1p33655em05,0.3371564271493903,0.0007959006867831477,0.33741917785994086,0.000261676016974824,ok,/home/elads/STAR/full_grid_solar_opacity/runs/T459p767_rho1p33655em05/fac-opacity-cowan-state/starout.h5
459.76716759912983,1.920722248123928e-05,fac-opacity-cowan-state,T459p767_rho1p92072em05,0.337155501921991,0.0009305725066508519,0.33750798249335867,0.0003512955306235729,ok,/home/elads/STAR/full_grid_solar_opacity/runs/T459p767_rho1p92072em05/fac-opacity-cowan-state/starout.h5
459.76716759912983,2.760227522090268e-05,fac-opacity-cowan-state,T459p767_rho2p76023em05,0.33715441282086206,0.001128474709913499,0.33763147603065286,0.0004758309758525943,ok,/home/elads/STAR/full_grid_solar_opacity/runs/T459p767_rho2p76023em05/fac-opacity-cowan-state/starout.h5
459.76716759912983,3.966662010161191e-05,fac-opacity-cowan-state,T459p767_rho3p96666em05,0.3371530002597991,0.001427248390936039,0.3378079481506941,0.0006537628898897706,ok,/home/elads/STAR/full_grid_solar_opacity/runs/T459p767_rho3p96666em05/fac-opacity-cowan-state/starout.h5
459.76716759912983,5.7004023678963655e-05,fac-opacity-cowan-state,T459p767_rho5p7004em05,0.3371511723111787,0.0017700789349770702,0.3379875446525828,0.0008350244972965216,ok,/home/elads/STAR/full_grid_solar_opacity/runs/T459p767_rho5p7004em05/fac-opacity-cowan-state/starout.h5
459.76716759912983,8.191922344953684e-05,fac-opacity-cowan-state,T459p767_rho8p19192em05,0.33714873689370106,0.0023160436087442345,0.3382497457939454,0.0010996886014489919,ok,/home/elads/STAR/full_grid_solar_opacity/runs/T459p767_rho8p19192em05/fac-opacity-cowan-state/starout.h5
459.76716759912983,0.00011772430676769293,fac-opacity-cowan-state,T459p767_rho0p000117724,0.33714544824185533,0.0030393959386519733,0.3385757510083432,0.0014289888726304071,ok,/home/elads/STAR/full_grid_solar_opacity/runs/T459p767_rho0p000117724/fac-opacity-cowan-state/starout.h5
459.76716759912983,0.00016917900122028344,fac-opacity-cowan-state,T459p767_rho0p000169179,0.3371407632084488,0.004095093799834486,0.33902957547283497,0.0018877224056293206,ok,/home/elads/STAR/full_grid_solar_opacity/runs/T459p767_rho0p000169179/fac-opacity-cowan-state/starout.h5
459.76716759912983,0.0002431234061999784,fac-opacity-cowan-state,T459p767_rho0p000243123,0.3371342904124136,0.005542070648327579,0.3396386204157587,0.0025034492715616786,ok,/home/elads/STAR/full_grid_solar_opacity/runs/T459p767_rho0p000243123/fac-opacity-cowan-state/starout.h5
459.76716759912983,0.0003493872774749123,fac-opacity-cowan-state,T459p767_rho0p000349387,0.33712512148610024,0.007486371353215157,0.34040440969984426,0.003278720561366288,ok,/home/elads/STAR/full_grid_solar_opacity/runs/T459p767_rho0p000349387/fac-opacity-cowan-state/starout.h5
459.76716759912983,0.0005020967399614471,fac-opacity-cowan-state,T459p767_rho0p000502097,0.33711234149951913,0.009924736124309563,0.3413000163865879,0.004186644659095183,ok,/home/elads/STAR/full_grid_solar_opacity/runs/T459p767_rho0p000502097/fac-opacity-cowan-state/starout.h5
459.76716759912983,0.0007215521357901021,fac-opacity-cowan-state,T459p767_rho0p000721552,0.33709425192516784,0.013524060879267597,0.3427078638018707,0.005612622321225775,ok,/home/elads/STAR/full_grid_solar_opacity/runs/T459p767_rho0p000721552/fac-opacity-cowan-state/starout.h5
459.76716759912983,0.0010369266382873438,fac-opacity-cowan-state,T459p767_rho0p00103693,0.33706887916720035,0.01827118107495312,0.3445327400721377,0.0074623493680884565,ok,/home/elads/STAR/full_grid_solar_opacity/runs/T459p767_rho0p00103693/fac-opacity-cowan-state/starout.h5
459.76716759912983,0.0014901443705277455,fac-opacity-cowan-state,T459p767_rho0p00149014,0.33703299871209585,0.024218706234347354,0.34663985177148005,0.009602036468361788,ok,/home/elads/STAR/full_grid_solar_opacity/runs/T459p767_rho0p00149014/fac-opacity-cowan-state/starout.h5
459.76716759912983,0.002141453563853953,fac-opacity-cowan-state,T459p767_rho0p00214145,0.336982594227614,0.033341404410442504,0.3500158122777757,0.013024650631595577,ok,/home/elads/STAR/full_grid_solar_opacity/runs/T459p767_rho0p00214145/fac-opacity-cowan-state/starout.h5
459.76716759912983,0.003077435620898055,fac-opacity-cowan-state,T459p767_rho0p00307744,0.33691122499353604,0.044325916741401156,0.35380230939413254,0.016872027366868974,ok,/home/elads/STAR/full_grid_solar_opacity/runs/T459p767_rho0p00307744/fac-opacity-cowan-state/starout.h5
459.76716759912983,0.004422514763163053,fac-opacity-cowan-state,T459p767_rho0p00442251,0.33681100840033407,0.05998539812699111,0.3595433396360995,0.02269912935010588,ok,/home/elads/STAR/full_grid_solar_opacity/runs/T459p767_rho0p00442251/fac-opacity-cowan-state/starout.h5
459.76716759912983,0.006355498291362301,fac-opacity-cowan-state,T459p767_rho0p0063555,0.33667101403763955,0.0787510794771248,0.3654026095596595,0.02867154004707717,ok,/home/elads/STAR/full_grid_solar_opacity/runs/T459p767_rho0p0063555/fac-opacity-cowan-state/starout.h5
459.76716759912983,0.009133346228248624,fac-opacity-cowan-state,T459p767_rho0p00913335,0.3364761133771299,0.10594696684619759,0.37375175479208717,0.037179058378513735,ok,/home/elads/STAR/full_grid_solar_opacity/runs/T459p767_rho0p00913335/fac-opacity-cowan-state/starout.h5
459.76716759912983,0.01312533014735226,fac-opacity-cowan-state,T459p767_rho0p0131253,0.33620550616801015,0.14683186935006184,0.387277495224485,0.05092404553035999,ok,/home/elads/STAR/full_grid_solar_opacity/runs/T459p767_rho0p0131253/fac-opacity-cowan-state/starout.h5
459.76716759912983,0.018862122071335155,fac-opacity-cowan-state,T459p767_rho0p0188621,0.3358315363702007,0.19896586354710058,0.4022336173282159,0.06616998690681332,ok,/home/elads/STAR/full_grid_solar_opacity/runs/T459p767_rho0p0188621/fac-opacity-cowan-state/starout.h5
459.76716759912983,0.02710633904364831,fac-opacity-cowan-state,T459p767_rho0p0271063,0.33531698166679275,0.2689696410840572,0.41761141430448884,0.08193058893056514,ok,/home/elads/STAR/full_grid_solar_opacity/runs/T459p767_rho0p0271063/fac-opacity-cowan-state/starout.h5
459.76716759912983,0.038953921174427183,fac-opacity-cowan-state,T459p767_rho0p0389539,0.33461289153799567,0.3703945803167098,0.4397827789746869,0.10461341636527885,ok,/home/elads/STAR/full_grid_solar_opacity/runs/T459p767_rho0p0389539/fac-opacity-cowan-state/starout.h5
459.76716759912983,0.0559798197912329,fac-opacity-cowan-state,T459p767_rho0p0559798,0.3336571061329099,0.5133217376775121,0.4666502617907831,0.13216789837523862,ok,/home/elads/STAR/full_grid_solar_opacity/runs/T459p767_rho0p0559798/fac-opacity-cowan-state/starout.h5
459.76716759912983,0.08044736266284185,fac-opacity-cowan-state,T459p767_rho0p0804474,0.3323668477745883,0.7178212519204303,0.5007467596336274,0.16715651120195033,ok,/home/elads/STAR/full_grid_solar_opacity/runs/T459p767_rho0p0804474/fac-opacity-cowan-state/starout.h5
459.76716759912983,0.11560912813835741,fac-opacity-cowan-state,T459p767_rho0p115609,0.33064557824397095,0.9839290956264961,0.5281385879144626,0.19573147737854674,ok,/home/elads/STAR/full_grid_solar_opacity/runs/T459p767_rho0p115609/fac-opacity-cowan-state/starout.h5
459.76716759912983,0.1661393247274789,fac-opacity-cowan-state,T459p767_rho0p166139,0.328376387824898,1.388384660761311,0.5742955326859331,0.24337155406359473,ok,/home/elads/STAR/full_grid_solar_opacity/runs/T459p767_rho0p166139/fac-opacity-cowan-state/starout.h5
459.76716759912983,0.23875515424585794,fac-opacity-cowan-state,T459p767_rho0p238755,0.3254285364315538,1.9607004288488104,0.636973699780156,0.3079963003755173,ok,/home/elads/STAR/full_grid_solar_opacity/runs/T459p767_rho0p238755/fac-opacity-cowan-state/starout.h5
459.76716759912983,0.34310975906798746,fac-opacity-cowan-state,T459p767_rho0p34311,0.32162285714574435,2.7616863942491428,0.701327043352837,0.3748173406910451,ok,/home/elads/STAR/full_grid_solar_opacity/runs/T459p767_rho0p34311/fac-opacity-cowan-state/starout.h5
459.76716759912983,0.49307545690287347,fac-opacity-cowan-state,T459p767_rho0p493075,0.3168883242459864,3.8994689277354566,0.7774224571173398,0.4539394656252664,ok,/home/elads/STAR/full_grid_solar_opacity/runs/T459p767_rho0p493075/fac-opacity-cowan-state/starout.h5
459.76716759912983,0.7085878491488851,fac-opacity-cowan-state,T459p767_rho0p708588,0.3110956057328204,5.518999175784459,0.8773435462617479,0.5576182656849382,ok,/home/elads/STAR/full_grid_solar_opacity/runs/T459p767_rho0p708588/fac-opacity-cowan-state/starout.h5
459.76716759912983,1.0182959482819007,fac-opacity-cowan-state,T459p767_rho1p0183,0.3042006890911615,7.823092692290355,1.0036293595623647,0.6883702516657982,ok,/home/elads/STAR/full_grid_solar_opacity/runs/T459p767_rho1p0183/fac-opacity-cowan-state/starout.h5
459.76716759912983,1.4633706173946401,fac-opacity-cowan-state,T459p767_rho1p46337,0.29624801161834374,11.05604150339006,1.1505520662608109,0.8405232316659644,ok,/home/elads/STAR/full_grid_solar_opacity/runs/T459p767_rho1p46337/fac-opacity-cowan-state/starout.h5
459.76716759912983,2.1029775945461404,fac-opacity-cowan-state,T459p767_rho2p10298,0.28739370576375206,15.64337589686203,1.351816077320023,1.0476939266642993,ok,/home/elads/STAR/full_grid_solar_opacity/runs/T459p767_rho2p10298/fac-opacity-cowan-state/starout.h5
459.76716759912983,3.0221426551783854,fac-opacity-cowan-state,T459p767_rho3p02214,0.2779313966658756,22.06104589416433,1.5929729046290158,1.2954239538828494,ok,/home/elads/STAR/full_grid_solar_opacity/runs/T459p767_rho3p02214/fac-opacity-cowan-state/starout.h5
459.76716759912983,4.343054463316713,fac-opacity-cowan-state,T459p767_rho4p34305,0.2682966912273178,30.983505763477417,1.8662202252796487,1.5756497947148933,ok,/home/elads/STAR/full_grid_solar_opacity/runs/T459p767_rho4p34305/fac-opacity-cowan-state/starout.h5
459.76716759912983,6.241307649397467,fac-opacity-cowan-state,T459p767_rho6p24131,0.2590322562436037,43.44005361604014,2.227693055847738,1.9441561683409867,ok,/home/elads/STAR/full_grid_solar_opacity/runs/T459p767_rho6p24131/fac-opacity-cowan-state/starout.h5
459.76716759912983,8.969245378672715,fac-opacity-cowan-state,T459p767_rho8p96925,0.250780111921607,60.421098498162294,2.628255531735917,2.352151260409484,ok,/home/elads/STAR/full_grid_solar_opacity/runs/T459p767_rho8p96925/fac-opacity-cowan-state/starout.h5
459.76716759912983,12.889504440725364,fac-opacity-cowan-state,T459p767_rho12p8895,0.24423308924754328,83.35341504793776,3.101792590640014,2.83288119339991,ok,/home/elads/STAR/full_grid_solar_opacity/runs/T459p767_rho12p8895/fac-opacity-cowan-state/starout.h5
459.76716759912983,18.52322215674118,fac-opacity-cowan-state,T459p767_rho18p5232,0.24013342841410878,113.89014739186736,3.705833171359874,3.443071683221805,ok,/home/elads/STAR/full_grid_solar_opacity/runs/T459p767_rho18p5232/fac-opacity-cowan-state/starout.h5
459.76716759912983,26.61931346126126,fac-opacity-cowan-state,T459p767_rho26p6193,0.23903751537364024,153.7391774320508,4.522604355925656,4.264134664467318,ok,/home/elads/STAR/full_grid_solar_opacity/runs/T459p767_rho26p6193/fac-opacity-cowan-state/starout.h5
459.76716759912983,38.254027466328665,fac-opacity-cowan-state,T459p767_rho38p254,0.24168751703323973,203.57925191146225,5.583776166915349,5.326835923672472,ok,/home/elads/STAR/full_grid_solar_opacity/runs/T459p767_rho38p254/fac-opacity-cowan-state/starout.h5
459.76716759912983,54.97401800103719,fac-opacity-cowan-state,T459p767_rho54p974,0.24837035858099732,263.3436713202315,7.036222382771322,6.777135443030366,ok,/home/elads/STAR/full_grid_solar_opacity/runs/T459p767_rho54p974/fac-opacity-cowan-state/starout.h5
459.76716759912983,79.0019471240894,fac-opacity-cowan-state,T459p767_rho79p0019,0.2590922271943852,331.10524300167214,9.0681204924319,8.80257998024392,ok,/home/elads/STAR/full_grid_solar_opacity/runs/T459p767_rho79p0019/fac-opacity-cowan-state/starout.h5
459.76716759912983,113.53195339077567,fac-opacity-cowan-state,T459p767_rho113p532,0.27333459194638665,400.41681370976806,11.888121201391622,11.611944182865482,ok,/home/elads/STAR/full_grid_solar_opacity/runs/T459p767_rho113p532/fac-opacity-cowan-state/starout.h5
459.76716759912983,163.15426277379785,fac-opacity-cowan-state,T459p767_rho163p154,0.29005874515296876,461.52042961301623,15.557106098546788,15.266919526302734,ok,/home/elads/STAR/full_grid_solar_opacity/runs/T459p767_rho163p154/fac-opacity-cowan-state/starout.h5
459.76716759912983,234.46538763970608,fac-opacity-cowan-state,T459p767_rho234p465,0.3076286164504709,504.23236740576885,20.02853434377546,19.722569693674043,ok,/home/elads/STAR/full_grid_solar_opacity/runs/T459p767_rho234p465/fac-opacity-cowan-state/starout.h5
459.76716759912983,336.94503022121665,fac-opacity-cowan-state,T459p767_rho336p945,0.3247755279219347,538.8843952046799,25.017117277964328,24.69499325147389,ok,/home/elads/STAR/full_grid_solar_opacity/runs/T459p767_rho336p945/fac-opacity-cowan-state/starout.h5
459.76716759912983,484.21626123015125,fac-opacity-cowan-state,T459p767_rho484p216,0.3409248031385325,590.2188625837101,29.796621484240397,29.45873336420128,ok,/home/elads/STAR/full_grid_solar_opacity/runs/T459p767_rho484p216/fac-opacity-cowan-state/starout.h5
459.76716759912983,695.8564947100452,fac-opacity-cowan-state,T459p767_rho695p856,0.3567273935437948,611.6868552613022,33.231933144931574,32.87826960911827,ok,/home/elads/STAR/full_grid_solar_opacity/runs/T459p767_rho695p856/fac-opacity-cowan-state/starout.h5
459.76716759912983,1000.0,fac-opacity-cowan-state,T459p767_rho1000,0.3737724140723897,594.649474379935,34.97528257188395,34.60458721227191,ok,/home/elads/STAR/full_grid_solar_opacity/runs/T459p767_rho1000/fac-opacity-cowan-state/starout.h5
506.1489594259159,1e-17,fac-opacity-cowan-state,T506p149_rho1em17,0.3370541650169985,5.688339501445752e-17,0.3370541650169984,2.079059013558524e-17,ok,/home/elads/STAR/full_grid_solar_opacity/runs/T506p149_rho1em17/fac-opacity-cowan-state/starout.h5
506.1489594259159,1.4370779141993746e-17,fac-opacity-cowan-state,T506p149_rho1p43708em17,0.33705416501715746,8.070362426974071e-17,0.3370541650171573,2.945487549566247e-17,ok,/home/elads/STAR/full_grid_solar_opacity/runs/T506p149_rho1p43708em17/fac-opacity-cowan-state/starout.h5
506.1489594259159,2.065192931479625e-17,fac-opacity-cowan-state,T506p149_rho2p06519em17,0.33705416501733526,1.1493513845287942e-16,0.33705416501733526,4.19061245110763e-17,ok,/home/elads/STAR/full_grid_solar_opacity/runs/T506p149_rho2p06519em17/fac-opacity-cowan-state/starout.h5
506.1489594259159,2.9678431503900313e-17,fac-opacity-cowan-state,T506p149_rho2p96784em17,0.33705416781539643,1.6417574338435593e-16,0.33705416781539654,5.981706480563014e-17,ok,/home/elads/STAR/full_grid_solar_opacity/runs/T506p149_rho2p96784em17/fac-opacity-cowan-state/starout.h5
506.1489594259159,4.2650218442334076e-17,fac-opacity-cowan-state,T506p149_rho4p26502em17,0.3370541738783195,2.3500075980398826e-16,0.3370541738783195,8.55796360005266e-17,ok,/home/elads/STAR/full_grid_solar_opacity/runs/T506p149_rho4p26502em17/fac-opacity-cowan-state/starout.h5
506.1489594259159,6.129168695925715e-17,fac-opacity-cowan-state,T506p149_rho6p12917em17,0.33705418061417536,3.372421981057838e-16,0.3370541806141755,1.2279165946704172e-16,ok,/home/elads/STAR/full_grid_solar_opacity/runs/T506p149_rho6p12917em17/fac-opacity-cowan-state/starout.h5
506.1489594259159,8.808092965317026e-17,fac-opacity-cowan-state,T506p149_rho8p80809em17,0.33705418789239944,4.846214136628956e-16,0.3370541878923996,1.7645345808893067e-16,ok,/home/elads/STAR/full_grid_solar_opacity/runs/T506p149_rho8p80809em17/fac-opacity-cowan-state/starout.h5
506.1489594259159,1.2657915866672028e-16,fac-opacity-cowan-state,T506p149_rho1p26579em16,0.33705419517061574,6.964050259228971e-16,0.337054195170616,2.535655507022776e-16,ok,/home/elads/STAR/full_grid_solar_opacity/runs/T506p149_rho1p26579em16/fac-opacity-cowan-state/starout.h5
506.1489594259159,1.819041133178821e-16,fac-opacity-cowan-state,T506p149_rho1p81904em16,0.3370542024546861,1.0007369301757035e-15,0.33705420245468637,3.6437551572756004e-16,ok,/home/elads/STAR/full_grid_solar_opacity/runs/T506p149_rho1p81904em16/fac-opacity-cowan-state/starout.h5
506.1489594259159,2.6141038375114865e-16,fac-opacity-cowan-state,T506p149_rho2p6141em16,0.33705420976299943,1.4380592256927775e-15,0.337054209763,5.236089784082111e-16,ok,/home/elads/STAR/full_grid_solar_opacity/runs/T506p149_rho2p6141em16/fac-opacity-cowan-state/starout.h5
506.1489594259159,3.7566708903116036e-16,fac-opacity-cowan-state,T506p149_rho3p75667em16,0.3370542170854222,2.066486983171249e-15,0.3370542170854229,7.524267563312723e-16,ok,/home/elads/STAR/full_grid_solar_opacity/runs/T506p149_rho3p75667em16/fac-opacity-cowan-state/starout.h5
506.1489594259159,5.398628767382507e-16,fac-opacity-cowan-state,T506p149_rho5p39863em16,0.3370542243090893,2.9695316032956503e-15,0.3370542243090903,1.0812371362466275e-15,ok,/home/elads/STAR/full_grid_solar_opacity/runs/T506p149_rho5p39863em16/fac-opacity-cowan-state/starout.h5
506.1489594259159,7.758250168566793e-16,fac-opacity-cowan-state,T506p149_rho7p75825em16,0.3370542317760773,4.267200229432322e-15,0.33705423177607874,1.5537377751814793e-15,ok,/home/elads/STAR/full_grid_solar_opacity/runs/T506p149_rho7p75825em16/fac-opacity-cowan-state/starout.h5
506.1489594259159,1.1149209970080914e-15,fac-opacity-cowan-state,T506p149_rho1p11492em15,0.3370542390710629,6.131951398057552e-15,0.33705423907106513,2.232725929038169e-15,ok,/home/elads/STAR/full_grid_solar_opacity/runs/T506p149_rho1p11492em15/fac-opacity-cowan-state/starout.h5
506.1489594259159,1.6022283408774753e-15,fac-opacity-cowan-state,T506p149_rho1p60223em15,0.33705424640922277,8.811617140546283e-15,0.3370542464092259,3.2084456865580534e-15,ok,/home/elads/STAR/full_grid_solar_opacity/runs/T506p149_rho1p60223em15/fac-opacity-cowan-state/starout.h5
506.1489594259159,2.3025269621793266e-15,fac-opacity-cowan-state,T506p149_rho2p30253em15,0.33705425381635756,1.2662365213051857e-14,0.3370542538163622,4.6105917742731044e-15,ok,/home/elads/STAR/full_grid_solar_opacity/runs/T506p149_rho2p30253em15/fac-opacity-cowan-state/starout.h5
506.1489594259159,3.308910644196489e-15,fac-opacity-cowan-state,T506p149_rho3p30891em15,0.33705426107733133,1.8196076954745098e-14,0.3370542610773379,6.625564646644754e-15,ok,/home/elads/STAR/full_grid_solar_opacity/runs/T506p149_rho3p30891em15/fac-opacity-cowan-state/starout.h5
506.1489594259159,4.755162406834019e-15,fac-opacity-cowan-state,T506p149_rho4p75516em15,0.3370542684038522,6.33138288419684e-13,0.33705426840647157,2.5305424246620564e-12,ok,/home/elads/STAR/full_grid_solar_opacity/runs/T506p149_rho4p75516em15/fac-opacity-cowan-state/starout.h5
506.1489594259159,6.8335388732923106e-15,fac-opacity-cowan-state,T506p149_rho6p83354em15,0.33705427490717094,9.098671876232425e-13,0.3370542749109355,3.6367222050120937e-12,ok,/home/elads/STAR/full_grid_solar_opacity/runs/T506p149_rho6p83354em15/fac-opacity-cowan-state/starout.h5
506.1489594259159,9.820327790631256e-15,fac-opacity-cowan-state,T506p149_rho9p82033em15,0.33705428307486873,1.3075503757909717e-12,0.3370542830802798,5.227266773383609e-12,ok,/home/elads/STAR/full_grid_solar_opacity/runs/T506p149_rho9p82033em15/fac-opacity-cowan-state/starout.h5
506.1489594259159,1.4112576178114521e-14,fac-opacity-cowan-state,T506p149_rho1p41126em14,0.33705429041034163,1.8790134252460786e-12,0.3370542904181179,7.512336818497374e-12,ok,/home/elads/STAR/full_grid_solar_opacity/runs/T506p149_rho1p41126em14/fac-opacity-cowan-state/starout.h5
506.1489594259159,2.0280871538024598e-14,fac-opacity-cowan-state,T506p149_rho2p02809em14,0.3370542966487371,2.7003447830812744e-12,0.33705429665991227,1.0796081979057411e-11,ok,/home/elads/STAR/full_grid_solar_opacity/runs/T506p149_rho2p02809em14/fac-opacity-cowan-state/starout.h5
506.1489594259159,2.914519256800997e-14,fac-opacity-cowan-state,T506p149_rho2p91452em14,0.33705430508512063,3.8808010474081766e-12,0.33705430510118384,1.5518081233863966e-11,ok,/home/elads/STAR/full_grid_solar_opacity/runs/T506p149_rho2p91452em14/fac-opacity-cowan-state/starout.h5
506.1489594259159,4.188391254457488e-14,fac-opacity-cowan-state,T506p149_rho4p18839em14,0.33705431246434986,5.576597445084563e-12,0.33705431248742823,2.2295500550272093e-11,ok,/home/elads/STAR/full_grid_solar_opacity/runs/T506p149_rho4p18839em14/fac-opacity-cowan-state/starout.h5
506.1489594259159,6.019044567806669e-14,fac-opacity-cowan-state,T506p149_rho6p01904em14,0.3370543196835459,8.015230866430717e-12,0.337054319716717,3.204517812025552e-11,ok,/home/elads/STAR/full_grid_solar_opacity/runs/T506p149_rho6p01904em14/fac-opacity-cowan-state/starout.h5
506.1489594259159,8.649836012976684e-14,fac-opacity-cowan-state,T506p149_rho8p64984em14,0.3370543270773151,6.603537695018513e-11,0.337054327324877,2.4040368715086237e-10,ok,/home/elads/STAR/full_grid_solar_opacity/runs/T506p149_rho8p64984em14/fac-opacity-cowan-state/starout.h5
506.1489594259159,1.2430488295695167e-13,fac-opacity-cowan-state,T506p149_rho1p24305em13,0.33705433454396916,9.490154476397618e-11,0.33705433489977843,3.4552159947028724e-10,ok,/home/elads/STAR/full_grid_solar_opacity/runs/T506p149_rho1p24305em13/fac-opacity-cowan-state/starout.h5
506.1489594259159,1.7863580192457348e-13,fac-opacity-cowan-state,T506p149_rho1p78636em13,0.33705434167821363,1.3638008365933815e-10,0.33705434218952796,4.965300778141869e-10,ok,/home/elads/STAR/full_grid_solar_opacity/runs/T506p149_rho1p78636em13/fac-opacity-cowan-state/starout.h5
506.1489594259159,2.567135656310987e-13,fac-opacity-cowan-state,T506p149_rho2p56714em13,0.33705434906727827,1.959852484779229e-10,0.3370543498021533,7.13625985305601e-10,ok,/home/elads/STAR/full_grid_solar_opacity/runs/T506p149_rho2p56714em13/fac-opacity-cowan-state/starout.h5
506.1489594259159,3.6891739544382357e-13,fac-opacity-cowan-state,T506p149_rho3p68917em13,0.3370543566252402,2.8165247941764845e-10,0.3370543576813072,1.0255323159416973e-09,ok,/home/elads/STAR/full_grid_solar_opacity/runs/T506p149_rho3p68917em13/fac-opacity-cowan-state/starout.h5
506.1489594259159,5.301630411562758e-13,fac-opacity-cowan-state,T506p149_rho5p30163em13,0.33705436367021596,4.047986373973634e-10,0.33705436518798565,1.4738835623904918e-09,ok,/home/elads/STAR/full_grid_solar_opacity/runs/T506p149_rho5p30163em13/fac-opacity-cowan-state/starout.h5
506.1489594259159,7.618855973704612e-13,fac-opacity-cowan-state,T506p149_rho7p61886em13,0.3370543710564952,5.817382970424641e-10,0.3370543732374973,2.1179381870573482e-09,ok,/home/elads/STAR/full_grid_solar_opacity/runs/T506p149_rho7p61886em13/fac-opacity-cowan-state/starout.h5
506.1489594259159,1.0948889651276868e-12,fac-opacity-cowan-state,T506p149_rho1p09489em12,0.33705437836381436,8.360259006939258e-10,0.33705438149755196,3.043123756090379e-09,ok,/home/elads/STAR/full_grid_solar_opacity/runs/T506p149_rho1p09489em12/fac-opacity-cowan-state/starout.h5
506.1489594259159,1.5734407502856082e-12,fac-opacity-cowan-state,T506p149_rho1p57344em12,0.33705438568216545,1.2014290368537783e-09,0.33705439018451383,4.372162487606706e-09,ok,/home/elads/STAR/full_grid_solar_opacity/runs/T506p149_rho1p57344em12/fac-opacity-cowan-state/starout.h5
506.1489594259159,2.26115695153675e-12,fac-opacity-cowan-state,T506p149_rho2p26116em12,0.33705439254931147,1.7264694150213391e-09,0.3370543990168785,6.280556340502723e-09,ok,/home/elads/STAR/full_grid_solar_opacity/runs/T506p149_rho2p26116em12/fac-opacity-cowan-state/starout.h5
506.1489594259159,3.249458715591849e-12,fac-opacity-cowan-state,T506p149_rho3p24946em12,0.33705440032221184,2.4813363662596317e-09,0.33705440961298166,9.022125687358414e-09,ok,/home/elads/STAR/full_grid_solar_opacity/runs/T506p149_rho3p24946em12/fac-opacity-cowan-state/starout.h5
506.1489594259159,4.669725353279713e-12,fac-opacity-cowan-state,T506p149_rho4p66973em12,0.3370544076339953,3.565966499874866e-09,0.33705442097640287,1.2956610641779248e-08,ok,/home/elads/STAR/full_grid_solar_opacity/runs/T506p149_rho4p66973em12/fac-opacity-cowan-state/starout.h5
506.1489594259159,6.710759170575148e-12,fac-opacity-cowan-state,T506p149_rho6p71076em12,0.3370544147216414,5.124739788304436e-09,0.3370544338770699,1.8601537998974447e-08,ok,/home/elads/STAR/full_grid_solar_opacity/runs/T506p149_rho6p71076em12/fac-opacity-cowan-state/starout.h5
506.1489594259159,9.64388379154446e-12,fac-opacity-cowan-state,T506p149_rho9p64388em12,0.3370544221793901,7.364919789568476e-09,0.33705444966772224,2.6693497959096785e-08,ok,/home/elads/STAR/full_grid_solar_opacity/runs/T506p149_rho9p64388em12/fac-opacity-cowan-state/starout.h5
506.1489594259159,1.3859012403933867e-11,fac-opacity-cowan-state,T506p149_rho1p3859em11,0.33674143997834505,1.0584446928576995e-08,0.33674147940033183,3.8282072739462656e-08,ok,/home/elads/STAR/full_grid_solar_opacity/runs/T506p149_rho1p3859em11/fac-opacity-cowan-state/starout.h5
506.1489594259159,1.9916480638308542e-11,fac-opacity-cowan-state,T506p149_rho1p99165em11,0.3367414472082233,1.52113881233329e-08,0.3367415036929891,5.485143739837999e-08,ok,/home/elads/STAR/full_grid_solar_opacity/runs/T506p149_rho1p99165em11/fac-opacity-cowan-state/starout.h5
506.1489594259159,2.8621534453892672e-11,fac-opacity-cowan-state,T506p149_rho2p86215em11,0.33674145480416495,2.1864308211154318e-08,0.3367415356368219,7.849531948632149e-08,ok,/home/elads/STAR/full_grid_solar_opacity/runs/T506p149_rho2p86215em11/fac-opacity-cowan-state/starout.h5
506.1489594259159,4.1131375034185614e-11,fac-opacity-cowan-state,T506p149_rho4p11314em11,0.3367414613159761,3.142557030765078e-08,0.33674157677356087,1.1211904131253765e-07,ok,/home/elads/STAR/full_grid_solar_opacity/runs/T506p149_rho4p11314em11/fac-opacity-cowan-state/starout.h5
506.1489594259159,5.910899064227969e-11,fac-opacity-cowan-state,T506p149_rho5p9109em11,0.33674146806451627,4.517056098894461e-08,0.33674163256112244,1.597400366757736e-07,ok,/home/elads/STAR/full_grid_solar_opacity/runs/T506p149_rho5p9109em11/fac-opacity-cowan-state/starout.h5
506.1489594259159,8.4944224982638e-11,fac-opacity-cowan-state,T506p149_rho8p49442em11,0.33674147481015043,6.490488325789547e-08,0.33674170834101774,2.2677795646180066e-07,ok,/home/elads/STAR/full_grid_solar_opacity/runs/T506p149_rho8p49442em11/fac-opacity-cowan-state/starout.h5
506.1489594259159,1.2207146966133182e-10,fac-opacity-cowan-state,T506p149_rho1p22071em10,0.33674148117887,9.326891728527597e-08,0.336741811079742,3.2036037518983213e-07,ok,/home/elads/STAR/full_grid_solar_opacity/runs/T506p149_rho1p22071em10/fac-opacity-cowan-state/starout.h5
506.1489594259159,1.7542621300415897e-10,fac-opacity-cowan-state,T506p149_rho1p75426em10,0.33674148719708935,1.342691847097895e-07,0.33674195055271544,4.4996343681269265e-07,ok,/home/elads/STAR/full_grid_solar_opacity/runs/T506p149_rho1p75426em10/fac-opacity-cowan-state/starout.h5
506.1489594259159,2.52101136279913e-10,fac-opacity-cowan-state,T506p149_rho2p52101em10,0.3367414923792301,1.929006523022686e-07,0.33674213691119737,6.259016171348993e-07,ok,/home/elads/STAR/full_grid_solar_opacity/runs/T506p149_rho2p52101em10/fac-opacity-cowan-state/starout.h5
506.1489594259159,3.6228897509242966e-10,fac-opacity-cowan-state,T506p149_rho3p62289em10,0.33674149670321135,2.771492999052361e-07,0.3367423825481973,8.602344503200178e-07,ok,/home/elads/STAR/full_grid_solar_opacity/runs/T506p149_rho3p62289em10/fac-opacity-cowan-state/starout.h5
506.1489594259159,5.20637484663258e-10,fac-opacity-cowan-state,T506p149_rho5p20637em10,0.3367414998534659,3.982693969995383e-07,0.3367427001613008,1.1655965910115283e-06,ok,/home/elads/STAR/full_grid_solar_opacity/runs/T506p149_rho5p20637em10/fac-opacity-cowan-state/starout.h5
506.1489594259159,7.481966305138837e-10,fac-opacity-cowan-state,T506p149_rho7p48197em10,0.33674150108458417,5.721342870276536e-07,0.33674309908167693,1.5517685440290582e-06,ok,/home/elads/STAR/full_grid_solar_opacity/runs/T506p149_rho7p48197em10/fac-opacity-cowan-state/starout.h5
506.1489594259159,1.0752168531898921e-09,fac-opacity-cowan-state,T506p149_rho1p07522em09,0.3367414996397549,8.221507772677588e-07,0.33674358582992536,2.0258296626624793e-06,ok,/home/elads/STAR/full_grid_solar_opacity/runs/T506p149_rho1p07522em09/fac-opacity-cowan-state/starout.h5
506.1489594259159,1.5451703926941453e-09,fac-opacity-cowan-state,T506p149_rho1p54517em09,0.33674149440779294,1.1793629176016036e-06,0.33674415739755886,2.5858730454023644e-06,ok,/home/elads/STAR/full_grid_solar_opacity/runs/T506p149_rho1p54517em09/fac-opacity-cowan-state/starout.h5
506.1489594259159,2.220530245015531e-09,fac-opacity-cowan-state,T506p149_rho2p22053em09,0.33674148388592007,1.6912590986844857e-06,0.33674480870824586,3.228434577984772e-06,ok,/home/elads/STAR/full_grid_solar_opacity/runs/T506p149_rho2p22053em09/fac-opacity-cowan-state/starout.h5
506.1489594259159,3.1910749729235452e-09,fac-opacity-cowan-state,T506p149_rho3p19107em09,0.3367414660248375,2.420331704494347e-06,0.3367455279722781,3.943983219643289e-06,ok,/home/elads/STAR/full_grid_solar_opacity/runs/T506p149_rho3p19107em09/fac-opacity-cowan-state/starout.h5
506.1489594259159,4.585823366142813e-09,fac-opacity-cowan-state,T506p149_rho4p58582em09,0.33674143820690655,3.459290862917941e-06,0.3367463066569429,4.7267510973839975e-06,ok,/home/elads/STAR/full_grid_solar_opacity/runs/T506p149_rho4p58582em09/fac-opacity-cowan-state/starout.h5
506.1489594259159,6.590185477903269e-09,fac-opacity-cowan-state,T506p149_rho6p59019em09,0.3367413974398425,4.933590589772018e-06,0.33674714418139884,5.579014625732674e-06,ok,/home/elads/STAR/full_grid_solar_opacity/runs/T506p149_rho6p59019em09/fac-opacity-cowan-state/starout.h5
506.1489594259159,9.470610000772238e-09,fac-opacity-cowan-state,T506p149_rho9p47061em09,0.3367413390422064,7.03580220490101e-06,0.336748072780137,6.537182588796947e-06,ok,/home/elads/STAR/full_grid_solar_opacity/runs/T506p149_rho9p47061em09/fac-opacity-cowan-state/starout.h5
506.1489594259159,1.3610004466105506e-08,fac-opacity-cowan-state,T506p149_rho1p361em08,0.336741245935998,1.0158633005397897e-05,0.33674912451345607,7.648029296708551e-06,ok,/home/elads/STAR/full_grid_solar_opacity/runs/T506p149_rho1p361em08/fac-opacity-cowan-state/starout.h5
506.1489594259159,1.9558636830395073e-08,fac-opacity-cowan-state,T506p149_rho1p95586em08,0.33674112064116235,1.439419058372482e-05,0.33675026364128263,8.87546261996164e-06,ok,/home/elads/STAR/full_grid_solar_opacity/runs/T506p149_rho1p95586em08/fac-opacity-cowan-state/starout.h5
506.1489594259159,2.810728502080722e-08,fac-opacity-cowan-state,T506p149_rho2p81073em08,0.3367409736814799,2.0261969290549332e-05,0.3367515748918199,1.029106379417406e-05,ok,/home/elads/STAR/full_grid_solar_opacity/runs/T506p149_rho2p81073em08/fac-opacity-cowan-state/starout.h5
506.1489594259159,4.039235853150913e-08,fac-opacity-cowan-state,T506p149_rho4p03924em08,0.3367407651213721,2.85880234606488e-05,0.33675324846378535,1.2123567059734644e-05,ok,/home/elads/STAR/full_grid_solar_opacity/runs/T506p149_rho4p03924em08/fac-opacity-cowan-state/starout.h5
506.1489594259159,5.804696634805446e-08,fac-opacity-cowan-state,T506p149_rho5p8047em08,0.3367404889539816,3.9971731333375106e-05,0.3367551815122611,1.4273659457404368e-05,ok,/home/elads/STAR/full_grid_solar_opacity/runs/T506p149_rho5p8047em08/fac-opacity-cowan-state/starout.h5
506.1489594259159,8.341801332506338e-08,fac-opacity-cowan-state,T506p149_rho8p3418em08,0.3367401428456849,5.547668110439667e-05,0.33675748140067485,1.6851028747398957e-05,ok,/home/elads/STAR/full_grid_solar_opacity/runs/T506p149_rho8p3418em08/fac-opacity-cowan-state/starout.h5
506.1489594259159,1.1987818459583772e-07,fac-opacity-cowan-state,T506p149_rho1p19878em07,0.33673971924299306,7.621154814917669e-05,0.3367600554322714,1.9771384505623688e-05,ok,/home/elads/STAR/full_grid_solar_opacity/runs/T506p149_rho1p19878em07/fac-opacity-cowan-state/starout.h5
506.1489594259159,1.7227429147699408e-07,fac-opacity-cowan-state,T506p149_rho1p72274em07,0.33673918259118774,0.00010373237507832437,0.3367628569415009,2.3027379407735713e-05,ok,/home/elads/STAR/full_grid_solar_opacity/runs/T506p149_rho1p72274em07/fac-opacity-cowan-state/starout.h5
506.1489594259159,2.4757157946593376e-07,fac-opacity-cowan-state,T506p149_rho2p47572em07,0.33673850440503844,0.00013945384377643029,0.33676580241479925,2.6567419569604115e-05,ok,/home/elads/STAR/full_grid_solar_opacity/runs/T506p149_rho2p47572em07/fac-opacity-cowan-state/starout.h5
506.1489594259159,3.557796490339488e-07,fac-opacity-cowan-state,T506p149_rho3p5578em07,0.33673777511974007,0.00018491169198345543,0.33676917425506797,3.058706258839716e-05,ok,/home/elads/STAR/full_grid_solar_opacity/runs/T506p149_rho3p5578em07/fac-opacity-cowan-state/starout.h5
506.1489594259159,5.112830759482948e-07,fac-opacity-cowan-state,T506p149_rho5p11283em07,0.3367369019126337,0.00024034054168257354,0.33677274326361856,3.494981927738193e-05,ok,/home/elads/STAR/full_grid_solar_opacity/runs/T506p149_rho5p11283em07/fac-opacity-cowan-state/starout.h5
506.1489594259159,7.347536163492159e-07,fac-opacity-cowan-state,T506p149_rho7p34754em07,0.3367358744719815,0.00030599037725398886,0.33677650709488954,3.966461185945965e-05,ok,/home/elads/STAR/full_grid_solar_opacity/runs/T506p149_rho7p34754em07/fac-opacity-cowan-state/starout.h5
506.1489594259159,1.0558981944335787e-06,fac-opacity-cowan-state,T506p149_rho1p0559em06,0.33673475579438145,0.00038367849760582317,0.3367811775012276,4.538476294658918e-05,ok,/home/elads/STAR/full_grid_solar_opacity/runs/T506p149_rho1p0559em06/fac-opacity-cowan-state/starout.h5
506.1489594259159,1.517407974863493e-06,fac-opacity-cowan-state,T506p149_rho1p51741em06,0.336733644187957,0.0004704742122613179,0.33678755261557736,5.281086587634691e-05,ok,/home/elads/STAR/full_grid_solar_opacity/runs/T506p149_rho1p51741em06/fac-opacity-cowan-state/starout.h5
506.1489594259159,2.1806334875063253e-06,fac-opacity-cowan-state,T506p149_rho2p18063em06,0.3367324968196363,0.0005699644470674429,0.3367959106796559,6.226377003991395e-05,ok,/home/elads/STAR/full_grid_solar_opacity/runs/T506p149_rho2p18063em06/fac-opacity-cowan-state/starout.h5
506.1489594259159,3.1337402238588983e-06,fac-opacity-cowan-state,T506p149_rho3p13374em06,0.3367314406542296,0.0006791699387320126,0.33680720187338675,7.455416709827434e-05,ok,/home/elads/STAR/full_grid_solar_opacity/runs/T506p149_rho3p13374em06/fac-opacity-cowan-state/starout.h5
506.1489594259159,4.503428864545845e-06,fac-opacity-cowan-state,T506p149_rho4p50343em06,0.3367302425045202,0.0007964603458447766,0.3368219599661189,9.044842894570469e-05,ok,/home/elads/STAR/full_grid_solar_opacity/runs/T506p149_rho4p50343em06/fac-opacity-cowan-state/starout.h5
506.1489594259159,6.471778159406801e-06,fac-opacity-cowan-state,T506p149_rho6p47178em06,0.33672904375163,0.0009279695377799246,0.33684465309393824,0.00011430277505488775,ok,/home/elads/STAR/full_grid_solar_opacity/runs/T506p149_rho6p47178em06/fac-opacity-cowan-state/starout.h5
506.1489594259159,9.300449458481393e-06,fac-opacity-cowan-state,T506p149_rho9p30045em06,0.3367278392457744,0.0010629753032774987,0.3368756887488547,0.00014652010934792758,ok,/home/elads/STAR/full_grid_solar_opacity/runs/T506p149_rho9p30045em06/fac-opacity-cowan-state/starout.h5
506.1489594259159,1.3365470508911143e-05,fac-opacity-cowan-state,T506p149_rho1p33655em05,0.33672662849604257,0.0012005391729154934,0.33691837656490714,0.00019038275948554862,ok,/home/elads/STAR/full_grid_solar_opacity/runs/T506p149_rho1p33655em05/fac-opacity-cowan-state/starout.h5
506.1489594259159,1.920722248123928e-05,fac-opacity-cowan-state,T506p149_rho1p92072em05,0.3367253696785487,0.0013488883611133219,0.33696797887274793,0.0002411747549447525,ok,/home/elads/STAR/full_grid_solar_opacity/runs/T506p149_rho1p92072em05/fac-opacity-cowan-state/starout.h5
506.1489594259159,2.760227522090268e-05,fac-opacity-cowan-state,T506p149_rho2p76023em05,0.33672404669701417,0.001524464280781763,0.3370393133139005,0.00031380249436842604,ok,/home/elads/STAR/full_grid_solar_opacity/runs/T506p149_rho2p76023em05/fac-opacity-cowan-state/starout.h5
506.1489594259159,3.966662010161191e-05,fac-opacity-cowan-state,T506p149_rho3p96666em05,0.33672254635689935,0.0017472931721624028,0.33715071839844546,0.0004268110877005717,ok,/home/elads/STAR/full_grid_solar_opacity/runs/T506p149_rho3p96666em05/fac-opacity-cowan-state/starout.h5
506.1489594259159,5.7004023678963655e-05,fac-opacity-cowan-state,T506p149_rho5p7004em05,0.3367206633750783,0.002003434118781299,0.33726203518574394,0.0005399489617767532,ok,/home/elads/STAR/full_grid_solar_opacity/runs/T506p149_rho5p7004em05/fac-opacity-cowan-state/starout.h5
506.1489594259159,8.191922344953684e-05,fac-opacity-cowan-state,T506p149_rho8p19192em05,0.3367185634244943,0.0023634169198859132,0.33744199509313405,0.0007222159297954966,ok,/home/elads/STAR/full_grid_solar_opacity/runs/T506p149_rho8p19192em05/fac-opacity-cowan-state/starout.h5
506.1489594259159,0.00011772430676769293,fac-opacity-cowan-state,T506p149_rho0p000117724,0.3367159106640005,0.0028103746665143984,0.33766331262782434,0.0009463908519368978,ok,/home/elads/STAR/full_grid_solar_opacity/runs/T506p149_rho0p000117724/fac-opacity-cowan-state/starout.h5
506.1489594259159,0.00016917900122028344,fac-opacity-cowan-state,T506p149_rho0p000169179,0.33671221316511724,0.0034653084973951683,0.33796802324757796,0.0012552200262612337,ok,/home/elads/STAR/full_grid_solar_opacity/runs/T506p149_rho0p000169179/fac-opacity-cowan-state/starout.h5
506.1489594259159,0.0002431234061999784,fac-opacity-cowan-state,T506p149_rho0p000243123,0.3367071956440105,0.004371087517533316,0.33837937377224386,0.0016720879100764966,ok,/home/elads/STAR/full_grid_solar_opacity/runs/T506p149_rho0p000243123/fac-opacity-cowan-state/starout.h5
506.1489594259159,0.0003493872774749123,fac-opacity-cowan-state,T506p149_rho0p000349387,0.33670014747391763,0.005607086048766217,0.33890679192597867,0.0022071722720840552,ok,/home/elads/STAR/full_grid_solar_opacity/runs/T506p149_rho0p000349387/fac-opacity-cowan-state/starout.h5
506.1489594259159,0.0005020967399614471,fac-opacity-cowan-state,T506p149_rho0p000502097,0.336690431905141,0.007203246842365194,0.3395526733846617,0.0028631181327392562,ok,/home/elads/STAR/full_grid_solar_opacity/runs/T506p149_rho0p000502097/fac-opacity-cowan-state/starout.h5
506.1489594259159,0.0007215521357901021,fac-opacity-cowan-state,T506p149_rho0p000721552,0.33667667310332594,0.009461467216351249,0.3404637288182208,0.003788491130903084,ok,/home/elads/STAR/full_grid_solar_opacity/runs/T506p149_rho0p000721552/fac-opacity-cowan-state/starout.h5
506.1489594259159,0.0010369266382873438,fac-opacity-cowan-state,T506p149_rho0p00103693,0.33665737870369966,0.012617723031034245,0.34173406452636085,0.005078798644968212,ok,/home/elads/STAR/full_grid_solar_opacity/runs/T506p149_rho0p00103693/fac-opacity-cowan-state/starout.h5
506.1489594259159,0.0014901443705277455,fac-opacity-cowan-state,T506p149_rho0p00149014,0.3366301002267733,0.01659734581295507,0.3432446401799498,0.006616161501728458,ok,/home/elads/STAR/full_grid_solar_opacity/runs/T506p149_rho0p00149014/fac-opacity-cowan-state/starout.h5
506.1489594259159,0.002141453563853953,fac-opacity-cowan-state,T506p149_rho0p00214145,0.3365918062069046,0.022513941704739845,0.34553682838222965,0.00894611522582929,ok,/home/elads/STAR/full_grid_solar_opacity/runs/T506p149_rho0p00214145/fac-opacity-cowan-state/starout.h5
506.1489594259159,0.003077435620898055,fac-opacity-cowan-state,T506p149_rho0p00307744,0.3365374586094585,0.02962872900399852,0.3479948744249862,0.011453791518218268,ok,/home/elads/STAR/full_grid_solar_opacity/runs/T506p149_rho0p00307744/fac-opacity-cowan-state/starout.h5
506.1489594259159,0.004422514763163053,fac-opacity-cowan-state,T506p149_rho0p00442251,0.33646106730292524,0.03987864145953672,0.3516509002488616,0.01517926581103444,ok,/home/elads/STAR/full_grid_solar_opacity/runs/T506p149_rho0p00442251/fac-opacity-cowan-state/starout.h5
506.1489594259159,0.006355498291362301,fac-opacity-cowan-state,T506p149_rho0p0063555,0.33635417765491005,0.05318864906879395,0.35588444636452654,0.0195043482174353,ok,/home/elads/STAR/full_grid_solar_opacity/runs/T506p149_rho0p0063555/fac-opacity-cowan-state/starout.h5
506.1489594259159,0.009133346228248624,fac-opacity-cowan-state,T506p149_rho0p00913335,0.3362051097319567,0.07286007537332241,0.36229742662552944,0.026044969377019674,ok,/home/elads/STAR/full_grid_solar_opacity/runs/T506p149_rho0p00913335/fac-opacity-cowan-state/starout.h5
506.1489594259159,0.01312533014735226,fac-opacity-cowan-state,T506p149_rho0p0131253,0.3359976436711616,0.10101567926941105,0.371325936967116,0.03524723797724647,ok,/home/elads/STAR/full_grid_solar_opacity/runs/T506p149_rho0p0131253/fac-opacity-cowan-state/starout.h5
506.1489594259159,0.018862122071335155,fac-opacity-cowan-state,T506p149_rho0p0188621,0.33571002430458324,0.13736054316507815,0.38134782515304066,0.045499814634416026,ok,/home/elads/STAR/full_grid_solar_opacity/runs/T506p149_rho0p0188621/fac-opacity-cowan-state/starout.h5
506.1489594259159,0.02710633904364831,fac-opacity-cowan-state,T506p149_rho0p0271063,0.33531270211495745,0.18738167607725553,0.3928512996887635,0.05731030520343347,ok,/home/elads/STAR/full_grid_solar_opacity/runs/T506p149_rho0p0271063/fac-opacity-cowan-state/starout.h5
506.1489594259159,0.038953921174427183,fac-opacity-cowan-state,T506p149_rho0p0389539,0.3347663667101141,0.25807796501888763,0.40725905956078984,0.07212799933769443,ok,/home/elads/STAR/full_grid_solar_opacity/runs/T506p149_rho0p0389539/fac-opacity-cowan-state/starout.h5
506.1489594259159,0.0559798197912329,fac-opacity-cowan-state,T506p149_rho0p0559798,0.3340205498543641,0.3592313151558204,0.4269139301807813,0.09233202767860352,ok,/home/elads/STAR/full_grid_solar_opacity/runs/T506p149_rho0p0559798/fac-opacity-cowan-state/starout.h5
506.1489594259159,0.08044736266284185,fac-opacity-cowan-state,T506p149_rho0p0804474,0.33300606686658746,0.5044737782831374,0.45141105512324586,0.11755179259697536,ok,/home/elads/STAR/full_grid_solar_opacity/runs/T506p149_rho0p0804474/fac-opacity-cowan-state/starout.h5
506.1489594259159,0.11560912813835741,fac-opacity-cowan-state,T506p149_rho0p115609,0.33164116257631765,0.6935308945672845,0.471337059069037,0.1384276839518384,ok,/home/elads/STAR/full_grid_solar_opacity/runs/T506p149_rho0p115609/fac-opacity-cowan-state/starout.h5
506.1489594259159,0.1661393247274789,fac-opacity-cowan-state,T506p149_rho0p166139,0.3298238534517441,0.9835575026509419,0.5078174432803759,0.17612754403332959,ok,/home/elads/STAR/full_grid_solar_opacity/runs/T506p149_rho0p166139/fac-opacity-cowan-state/starout.h5
506.1489594259159,0.23875515424585794,fac-opacity-cowan-state,T506p149_rho0p238755,0.32743453759442004,1.3796799799975306,0.5404550784002258,0.21032930225797233,ok,/home/elads/STAR/full_grid_solar_opacity/runs/T506p149_rho0p238755/fac-opacity-cowan-state/starout.h5
506.1489594259159,0.34310975906798746,fac-opacity-cowan-state,T506p149_rho0p34311,0.3243045217874685,1.945192553290271,0.5805132751935258,0.2523868872962769,ok,/home/elads/STAR/full_grid_solar_opacity/runs/T506p149_rho0p34311/fac-opacity-cowan-state/starout.h5
506.1489594259159,0.49307545690287347,fac-opacity-cowan-state,T506p149_rho0p493075,0.32034880571982777,2.755801589097732,0.6377285325788722,0.31210472561516245,ok,/home/elads/STAR/full_grid_solar_opacity/runs/T506p149_rho0p493075/fac-opacity-cowan-state/starout.h5
506.1489594259159,0.7085878491488851,fac-opacity-cowan-state,T506p149_rho0p708588,0.31541875608344133,3.904930728751515,0.7058720018375492,0.3833428313493035,ok,/home/elads/STAR/full_grid_solar_opacity/runs/T506p149_rho0p708588/fac-opacity-cowan-state/starout.h5
506.1489594259159,1.0182959482819007,fac-opacity-cowan-state,T506p149_rho1p0183,0.3094225190507692,5.540355093260736,0.7884888219442711,0.46967375218445834,ok,/home/elads/STAR/full_grid_solar_opacity/runs/T506p149_rho1p0183/fac-opacity-cowan-state/starout.h5
506.1489594259159,1.4633706173946401,fac-opacity-cowan-state,T506p149_rho1p46337,0.30233544552540925,7.859343965786375,0.8961206965942303,0.5817555375821731,ok,/home/elads/STAR/full_grid_solar_opacity/runs/T506p149_rho1p46337/fac-opacity-cowan-state/starout.h5
506.1489594259159,2.1029775945461404,fac-opacity-cowan-state,T506p149_rho2p10298,0.29422809396417693,11.13889536828119,1.0261550325065627,0.7169267630935604,ok,/home/elads/STAR/full_grid_solar_opacity/runs/T506p149_rho2p10298/fac-opacity-cowan-state/starout.h5
506.1489594259159,3.0221426551783854,fac-opacity-cowan-state,T506p149_rho3p02214,0.28529433069595933,15.761800944510815,1.192351408478143,0.8889121084315788,ok,/home/elads/STAR/full_grid_solar_opacity/runs/T506p149_rho3p02214/fac-opacity-cowan-state/starout.h5
506.1489594259159,4.343054463316713,fac-opacity-cowan-state,T506p149_rho4p34305,0.2758730390974375,22.211598968860088,1.3793525755628016,1.082379158341191,ok,/home/elads/STAR/full_grid_solar_opacity/runs/T506p149_rho4p34305/fac-opacity-cowan-state/starout.h5
506.1489594259159,6.241307649397467,fac-opacity-cowan-state,T506p149_rho6p24131,0.2664384795726976,31.291938522806195,1.6261041415457482,1.3357998518170493,ok,/home/elads/STAR/full_grid_solar_opacity/runs/T506p149_rho6p24131/fac-opacity-cowan-state/starout.h5
506.1489594259159,8.969245378672715,fac-opacity-cowan-state,T506p149_rho8p96925,0.2575868623382383,43.606274933093,1.8950742406931962,1.6123607989123334,ok,/home/elads/STAR/full_grid_solar_opacity/runs/T506p149_rho8p96925/fac-opacity-cowan-state/starout.h5
506.1489594259159,12.889504440725364,fac-opacity-cowan-state,T506p149_rho12p8895,0.24999806619286394,60.45306699192289,2.251653006890279,1.9764669286681824,ok,/home/elads/STAR/full_grid_solar_opacity/runs/T506p149_rho12p8895/fac-opacity-cowan-state/starout.h5
506.1489594259159,18.52322215674118,fac-opacity-cowan-state,T506p149_rho18p5232,0.24431339642717553,83.04906220972707,2.69721874075507,2.429111141419726,ok,/home/elads/STAR/full_grid_solar_opacity/runs/T506p149_rho18p5232/fac-opacity-cowan-state/starout.h5
506.1489594259159,26.61931346126126,fac-opacity-cowan-state,T506p149_rho26p6193,0.24157042417850322,112.89360096988857,3.2893901153493483,3.0265978541718233,ok,/home/elads/STAR/full_grid_solar_opacity/runs/T506p149_rho26p6193/fac-opacity-cowan-state/starout.h5
506.1489594259159,38.254027466328665,fac-opacity-cowan-state,T506p149_rho38p254,0.24210569524974176,150.9156656406314,4.08779749551423,3.828238754018625,ok,/home/elads/STAR/full_grid_solar_opacity/runs/T506p149_rho38p254/fac-opacity-cowan-state/starout.h5
506.1489594259159,54.97401800103719,fac-opacity-cowan-state,T506p149_rho54p974,0.24663306051574385,197.44036340373216,5.186673004889929,4.927001311337944,ok,/home/elads/STAR/full_grid_solar_opacity/runs/T506p149_rho54p974/fac-opacity-cowan-state/starout.h5
506.1489594259159,79.0019471240894,fac-opacity-cowan-state,T506p149_rho79p0019,0.255257562756835,251.7253906439775,6.7158913270236535,6.4520834337109845,ok,/home/elads/STAR/full_grid_solar_opacity/runs/T506p149_rho79p0019/fac-opacity-cowan-state/starout.h5
506.1489594259159,113.53195339077567,fac-opacity-cowan-state,T506p149_rho113p532,0.267814696294514,310.578529047298,8.82086001553728,8.548556584220531,ok,/home/elads/STAR/full_grid_solar_opacity/runs/T506p149_rho113p532/fac-opacity-cowan-state/starout.h5
506.1489594259159,163.15426277379785,fac-opacity-cowan-state,T506p149_rho163p154,0.2833357435477951,366.46162911682393,11.584960299584953,11.300418772750922,ok,/home/elads/STAR/full_grid_solar_opacity/runs/T506p149_rho163p154/fac-opacity-cowan-state/starout.h5
506.1489594259159,234.46538763970608,fac-opacity-cowan-state,T506p149_rho234p465,0.3005127953193033,410.65646565958247,15.02989217216523,14.730507154123263,ok,/home/elads/STAR/full_grid_solar_opacity/runs/T506p149_rho234p465/fac-opacity-cowan-state/starout.h5
506.1489594259159,336.94503022121665,fac-opacity-cowan-state,T506p149_rho336p945,0.3177873100458276,435.2924344768086,19.04401666078257,18.72877797644229,ok,/home/elads/STAR/full_grid_solar_opacity/runs/T506p149_rho336p945/fac-opacity-cowan-state/starout.h5
506.1489594259159,484.21626123015125,fac-opacity-cowan-state,T506p149_rho484p216,0.33424644887608046,475.7392414558935,23.242860530885743,22.911838910473367,ok,/home/elads/STAR/full_grid_solar_opacity/runs/T506p149_rho484p216/fac-opacity-cowan-state/starout.h5
506.1489594259159,695.8564947100452,fac-opacity-cowan-state,T506p149_rho695p856,0.3500444644967549,507.80718255865565,26.764630504665888,26.417973846800194,ok,/home/elads/STAR/full_grid_solar_opacity/runs/T506p149_rho695p856/fac-opacity-cowan-state/starout.h5
506.1489594259159,1000.0,fac-opacity-cowan-state,T506p149_rho1000,0.36629825022289275,509.62179731096955,28.78317443350992,28.420213009656244,ok,/home/elads/STAR/full_grid_solar_opacity/runs/T506p149_rho1000/fac-opacity-cowan-state/starout.h5
557.2097948309927,1e-17,fac-opacity-cowan-state,T557p21_rho1em17,0.33661048929483434,4.074874902198892e-17,0.3366104892948344,1.4862139769575655e-17,ok,/home/elads/STAR/full_grid_solar_opacity/runs/T557p21_rho1em17/fac-opacity-cowan-state/starout.h5
557.2097948309927,1.4370779141993746e-17,fac-opacity-cowan-state,T557p21_rho1p43708em17,0.3366104892948353,5.768964670995017e-17,0.33661048929483534,2.1008333747845756e-17,ok,/home/elads/STAR/full_grid_solar_opacity/runs/T557p21_rho1p43708em17/fac-opacity-cowan-state/starout.h5
557.2097948309927,2.065192931479625e-17,fac-opacity-cowan-state,T557p21_rho2p06519em17,0.3366104892948348,8.203503461561837e-17,0.3366104892948348,2.984089396115313e-17,ok,/home/elads/STAR/full_grid_solar_opacity/runs/T557p21_rho2p06519em17/fac-opacity-cowan-state/starout.h5
557.2097948309927,2.9678431503900313e-17,fac-opacity-cowan-state,T557p21_rho2p96784em17,0.3366104892975044,1.1706261295071513e-16,0.3366104892975044,4.2549240196707974e-17,ok,/home/elads/STAR/full_grid_solar_opacity/runs/T557p21_rho2p96784em17/fac-opacity-cowan-state/starout.h5
557.2097948309927,4.2650218442334076e-17,fac-opacity-cowan-state,T557p21_rho4p26502em17,0.3366104892948336,1.6745489575978896e-16,0.33661048929483367,6.083240074096728e-17,ok,/home/elads/STAR/full_grid_solar_opacity/runs/T557p21_rho4p26502em17/fac-opacity-cowan-state/starout.h5
557.2097948309927,6.129168695925715e-17,fac-opacity-cowan-state,T557p21_rho6p12917em17,0.33661048929391635,2.4025444146234883e-16,0.33661048929391635,8.726232729726361e-17,ok,/home/elads/STAR/full_grid_solar_opacity/runs/T557p21_rho6p12917em17/fac-opacity-cowan-state/starout.h5
557.2097948309927,8.808092965317026e-17,fac-opacity-cowan-state,T557p21_rho8p80809em17,0.33661048929483367,3.4524644765634487e-16,0.3366104892948338,1.2539643513393204e-16,ok,/home/elads/STAR/full_grid_solar_opacity/runs/T557p21_rho8p80809em17/fac-opacity-cowan-state/starout.h5
557.2097948309927,1.2657915866672028e-16,fac-opacity-cowan-state,T557p21_rho1p26579em16,0.3366104892946665,4.961183457001244e-16,0.3366104892946666,1.8019471337729997e-16,ok,/home/elads/STAR/full_grid_solar_opacity/runs/T557p21_rho1p26579em16/fac-opacity-cowan-state/starout.h5
557.2097948309927,1.819041133178821e-16,fac-opacity-cowan-state,T557p21_rho1p81904em16,0.3366104892948868,7.129180471251701e-16,0.33661048929488696,2.589388829804263e-16,ok,/home/elads/STAR/full_grid_solar_opacity/runs/T557p21_rho1p81904em16/fac-opacity-cowan-state/starout.h5
557.2097948309927,2.6141038375114865e-16,fac-opacity-cowan-state,T557p21_rho2p6141em16,0.33661048929694354,1.0244536629461541e-15,0.33661048929694387,3.7209259396341535e-16,ok,/home/elads/STAR/full_grid_solar_opacity/runs/T557p21_rho2p6141em16/fac-opacity-cowan-state/starout.h5
557.2097948309927,3.7566708903116036e-16,fac-opacity-cowan-state,T557p21_rho3p75667em16,0.3366104892981406,1.4721213243503317e-15,0.33661048929814114,5.346918292295866e-16,ok,/home/elads/STAR/full_grid_solar_opacity/runs/T557p21_rho3p75667em16/fac-opacity-cowan-state/starout.h5
557.2097948309927,5.398628767382507e-16,fac-opacity-cowan-state,T557p21_rho5p39863em16,0.3366104892939692,2.11540620512734e-15,0.3366104892939699,7.68343026959662e-16,ok,/home/elads/STAR/full_grid_solar_opacity/runs/T557p21_rho5p39863em16/fac-opacity-cowan-state/starout.h5
557.2097948309927,7.758250168566793e-16,fac-opacity-cowan-state,T557p21_rho7p75825em16,0.33661048929882237,3.0397871014519046e-15,0.3366104892988235,1.1040945034592187e-15,ok,/home/elads/STAR/full_grid_solar_opacity/runs/T557p21_rho7p75825em16/fac-opacity-cowan-state/starout.h5
557.2097948309927,1.1149209970080914e-15,fac-opacity-cowan-state,T557p21_rho1p11492em15,0.336610489248285,4.368099044868117e-15,0.33661048924828657,1.5865637863137936e-15,ok,/home/elads/STAR/full_grid_solar_opacity/runs/T557p21_rho1p11492em15/fac-opacity-cowan-state/starout.h5
557.2097948309927,1.6022283408774753e-15,fac-opacity-cowan-state,T557p21_rho1p60223em15,0.3366104892898648,6.276859310793438e-15,0.336610489289867,2.279868409152511e-15,ok,/home/elads/STAR/full_grid_solar_opacity/runs/T557p21_rho1p60223em15/fac-opacity-cowan-state/starout.h5
557.2097948309927,2.3025269621793266e-15,fac-opacity-cowan-state,T557p21_rho2p30253em15,0.3366104893676715,9.019740280411965e-15,0.33661048936767474,3.276152722064884e-15,ok,/home/elads/STAR/full_grid_solar_opacity/runs/T557p21_rho2p30253em15/fac-opacity-cowan-state/starout.h5
557.2097948309927,3.308910644196489e-15,fac-opacity-cowan-state,T557p21_rho3p30891em15,0.3366104892912605,1.2961300845868248e-14,0.3366104892912652,4.7078422681090176e-15,ok,/home/elads/STAR/full_grid_solar_opacity/runs/T557p21_rho3p30891em15/fac-opacity-cowan-state/starout.h5
557.2097948309927,4.755162406834019e-15,fac-opacity-cowan-state,T557p21_rho4p75516em15,0.33661048925583636,1.8625482917643424e-14,0.336610489255843,6.765262042065228e-15,ok,/home/elads/STAR/full_grid_solar_opacity/runs/T557p21_rho4p75516em15/fac-opacity-cowan-state/starout.h5
557.2097948309927,6.8335388732923106e-15,fac-opacity-cowan-state,T557p21_rho6p83354em15,0.3366104892804482,2.676533300148315e-14,0.33661048928045795,9.721967460593084e-15,ok,/home/elads/STAR/full_grid_solar_opacity/runs/T557p21_rho6p83354em15/fac-opacity-cowan-state/starout.h5
557.2097948309927,9.820327790631256e-15,fac-opacity-cowan-state,T557p21_rho9p82033em15,0.33661048944631267,3.8463232368548456e-14,0.33661048944632654,1.3971159290381061e-14,ok,/home/elads/STAR/full_grid_solar_opacity/runs/T557p21_rho9p82033em15/fac-opacity-cowan-state/starout.h5
557.2097948309927,1.4112576178114521e-14,fac-opacity-cowan-state,T557p21_rho1p41126em14,0.3366104892969874,5.5275065992937086e-14,0.3366104892970074,2.007807233473054e-14,ok,/home/elads/STAR/full_grid_solar_opacity/runs/T557p21_rho1p41126em14/fac-opacity-cowan-state/starout.h5
557.2097948309927,2.0280871538024598e-14,fac-opacity-cowan-state,T557p21_rho2p02809em14,0.336610489294333,7.944036345625084e-14,0.33661048929436144,2.8856362932727363e-14,ok,/home/elads/STAR/full_grid_solar_opacity/runs/T557p21_rho2p02809em14/fac-opacity-cowan-state/starout.h5
557.2097948309927,2.914519256800997e-14,fac-opacity-cowan-state,T557p21_rho2p91452em14,0.3366104892920494,1.141703908783727e-13,0.3366104892920905,4.14726910121889e-14,ok,/home/elads/STAR/full_grid_solar_opacity/runs/T557p21_rho2p91452em14/fac-opacity-cowan-state/starout.h5
557.2097948309927,4.188391254457488e-14,fac-opacity-cowan-state,T557p21_rho4p18839em14,0.3366104871829405,2.1159893250115754e-12,0.3366104871906117,7.422464268401057e-12,ok,/home/elads/STAR/full_grid_solar_opacity/runs/T557p21_rho4p18839em14/fac-opacity-cowan-state/starout.h5
557.2097948309927,6.019044567806669e-14,fac-opacity-cowan-state,T557p21_rho6p01904em14,0.3366104892979167,3.0410632071474514e-12,0.3366104893089431,1.0669201508058395e-11,ok,/home/elads/STAR/full_grid_solar_opacity/runs/T557p21_rho6p01904em14/fac-opacity-cowan-state/starout.h5
557.2097948309927,8.649836012976684e-14,fac-opacity-cowan-state,T557p21_rho8p64984em14,0.33661048929685405,4.3704682306597804e-12,0.33661048931270077,1.53335324978904e-11,ok,/home/elads/STAR/full_grid_solar_opacity/runs/T557p21_rho8p64984em14/fac-opacity-cowan-state/starout.h5
557.2097948309927,1.2430488295695167e-13,fac-opacity-cowan-state,T557p21_rho1p24305em13,0.33661048929289716,6.280914060051975e-12,0.3366104893156738,2.2038624327785543e-11,ok,/home/elads/STAR/full_grid_solar_opacity/runs/T557p21_rho1p24305em13/fac-opacity-cowan-state/starout.h5
557.2097948309927,1.7863580192457348e-13,fac-opacity-cowan-state,T557p21_rho1p78636em13,0.33661048928893283,9.026531827729965e-12,0.33661048932166426,3.167145591845663e-11,ok,/home/elads/STAR/full_grid_solar_opacity/runs/T557p21_rho1p78636em13/fac-opacity-cowan-state/starout.h5
557.2097948309927,2.567135656310987e-13,fac-opacity-cowan-state,T557p21_rho2p56714em13,0.33661048929040494,1.2972418736634036e-11,0.33661048933744436,4.5515620461444404e-11,ok,/home/elads/STAR/full_grid_solar_opacity/runs/T557p21_rho2p56714em13/fac-opacity-cowan-state/starout.h5
557.2097948309927,3.6891739544382357e-13,fac-opacity-cowan-state,T557p21_rho3p68917em13,0.3366104889730581,1.864106231106494e-11,0.33661048904067076,6.542174274246655e-11,ok,/home/elads/STAR/full_grid_solar_opacity/runs/T557p21_rho3p68917em13/fac-opacity-cowan-state/starout.h5
557.2097948309927,5.301630411562758e-13,fac-opacity-cowan-state,T557p21_rho5p30163em13,0.33661049093258294,1.5779883699858757e-10,0.33661049146595795,5.187181579377084e-10,ok,/home/elads/STAR/full_grid_solar_opacity/runs/T557p21_rho5p30163em13/fac-opacity-cowan-state/starout.h5
557.2097948309927,7.618855973704612e-13,fac-opacity-cowan-state,T557p21_rho7p61886em13,0.33661048931853754,2.267813022849541e-10,0.3366104900851264,7.455228885175686e-10,ok,/home/elads/STAR/full_grid_solar_opacity/runs/T557p21_rho7p61886em13/fac-opacity-cowan-state/starout.h5
557.2097948309927,1.0948889651276868e-12,fac-opacity-cowan-state,T557p21_rho1p09489em12,0.3366104891633464,3.259053390040825e-10,0.33661049026504125,1.0714216450126906e-09,ok,/home/elads/STAR/full_grid_solar_opacity/runs/T557p21_rho1p09489em12/fac-opacity-cowan-state/starout.h5
557.2097948309927,1.5734407502856082e-12,fac-opacity-cowan-state,T557p21_rho1p57344em12,0.3366104893395528,4.683331373023772e-10,0.3366104909228682,1.539806197359433e-09,ok,/home/elads/STAR/full_grid_solar_opacity/runs/T557p21_rho1p57344em12/fac-opacity-cowan-state/starout.h5
557.2097948309927,2.26115695153675e-12,fac-opacity-cowan-state,T557p21_rho2p26116em12,0.3366104892859313,6.730124932078175e-10,0.3366104915611918,2.2127369777936394e-09,ok,/home/elads/STAR/full_grid_solar_opacity/runs/T557p21_rho2p26116em12/fac-opacity-cowan-state/starout.h5
557.2097948309927,3.249458715591849e-12,fac-opacity-cowan-state,T557p21_rho3p24946em12,0.3366098536376107,9.672436129441833e-10,0.3366098569073027,3.179843023617963e-09,ok,/home/elads/STAR/full_grid_solar_opacity/runs/T557p21_rho3p24946em12/fac-opacity-cowan-state/starout.h5
557.2097948309927,4.669725353279713e-12,fac-opacity-cowan-state,T557p21_rho4p66973em12,0.3366098605278817,1.3900623662071249e-09,0.33660986522656794,4.56956597850864e-09,ok,/home/elads/STAR/full_grid_solar_opacity/runs/T557p21_rho4p66973em12/fac-opacity-cowan-state/starout.h5
557.2097948309927,6.710759170575148e-12,fac-opacity-cowan-state,T557p21_rho6p71076em12,0.33660986784603836,1.997708359015695e-09,0.3366098745972706,6.56571155853156e-09,ok,/home/elads/STAR/full_grid_solar_opacity/runs/T557p21_rho6p71076em12/fac-opacity-cowan-state/starout.h5
557.2097948309927,9.64388379154446e-12,fac-opacity-cowan-state,T557p21_rho9p64388em12,0.33660987523202335,2.8710407487751948e-09,0.33660988493259625,9.434002689824803e-09,ok,/home/elads/STAR/full_grid_solar_opacity/runs/T557p21_rho9p64388em12/fac-opacity-cowan-state/starout.h5
557.2097948309927,1.3859012403933867e-11,fac-opacity-cowan-state,T557p21_rho1p3859em11,0.3366098824672481,4.1259445611677974e-09,0.336609896403171,1.3552965035890425e-08,ok,/home/elads/STAR/full_grid_solar_opacity/runs/T557p21_rho1p3859em11/fac-opacity-cowan-state/starout.h5
557.2097948309927,1.9916480638308542e-11,fac-opacity-cowan-state,T557p21_rho1p99165em11,0.3362657788509883,5.929537989600193e-09,0.3362657988684481,1.9467388761865028e-08,ok,/home/elads/STAR/full_grid_solar_opacity/runs/T557p21_rho1p99165em11/fac-opacity-cowan-state/starout.h5
557.2097948309927,2.8621534453892672e-11,fac-opacity-cowan-state,T557p21_rho2p86215em11,0.33626578743616353,8.523998356216204e-09,0.3362658161875362,2.796133031041371e-08,ok,/home/elads/STAR/full_grid_solar_opacity/runs/T557p21_rho2p86215em11/fac-opacity-cowan-state/starout.h5
557.2097948309927,4.1131375034185614e-11,fac-opacity-cowan-state,T557p21_rho4p11314em11,0.33626579470234,1.2254194376327827e-08,0.33626583598611937,4.01494130034603e-08,ok,/home/elads/STAR/full_grid_solar_opacity/runs/T557p21_rho4p11314em11/fac-opacity-cowan-state/starout.h5
557.2097948309927,5.910899064227969e-11,fac-opacity-cowan-state,T557p21_rho5p9109em11,0.33626580192549205,1.7616055036522212e-08,0.3362658611770119,5.762353122917832e-08,ok,/home/elads/STAR/full_grid_solar_opacity/runs/T557p21_rho5p9109em11/fac-opacity-cowan-state/starout.h5
557.2097948309927,8.4944224982638e-11,fac-opacity-cowan-state,T557p21_rho8p49442em11,0.3362658091472096,2.5317257134994305e-08,0.3362658941414648,8.265889732920083e-08,ok,/home/elads/STAR/full_grid_solar_opacity/runs/T557p21_rho8p49442em11/fac-opacity-cowan-state/starout.h5
557.2097948309927,1.2207146966133182e-10,fac-opacity-cowan-state,T557p21_rho1p22071em10,0.33626581630148866,3.638298628833273e-08,0.3362659381319331,1.1848262110362615e-07,ok,/home/elads/STAR/full_grid_solar_opacity/runs/T557p21_rho1p22071em10/fac-opacity-cowan-state/starout.h5
557.2097948309927,1.7542621300415897e-10,fac-opacity-cowan-state,T557p21_rho1p75426em10,0.3362658233962687,5.227644161522193e-08,0.33626599780064753,1.6961166233877037e-07,ok,/home/elads/STAR/full_grid_solar_opacity/runs/T557p21_rho1p75426em10/fac-opacity-cowan-state/starout.h5
557.2097948309927,2.52101136279913e-10,fac-opacity-cowan-state,T557p21_rho2p52101em10,0.3362658306532095,7.513349249931909e-08,0.33626607996247354,2.424573523221299e-07,ok,/home/elads/STAR/full_grid_solar_opacity/runs/T557p21_rho2p52101em10/fac-opacity-cowan-state/starout.h5
557.2097948309927,3.6228897509242966e-10,fac-opacity-cowan-state,T557p21_rho3p62289em10,0.33626583721681513,1.0799504598250094e-07,0.336266192720837,3.457329447717619e-07,ok,/home/elads/STAR/full_grid_solar_opacity/runs/T557p21_rho3p62289em10/fac-opacity-cowan-state/starout.h5
557.2097948309927,5.20637484663258e-10,fac-opacity-cowan-state,T557p21_rho5p20637em10,0.3362658438503549,1.556591819900781e-07,0.33626635001771643,4.922670211651706e-07,ok,/home/elads/STAR/full_grid_solar_opacity/runs/T557p21_rho5p20637em10/fac-opacity-cowan-state/starout.h5
557.2097948309927,7.481966305138837e-10,fac-opacity-cowan-state,T557p21_rho7p48197em10,0.33626585034549555,2.238463551620245e-07,0.33626656677915445,6.967567444028664e-07,ok,/home/elads/STAR/full_grid_solar_opacity/runs/T557p21_rho7p48197em10/fac-opacity-cowan-state/starout.h5
557.2097948309927,1.0752168531898921e-09,fac-opacity-cowan-state,T557p21_rho1p07522em09,0.33626585607770765,3.21794001379897e-07,0.3362668638835793,9.801195176350313e-07,ok,/home/elads/STAR/full_grid_solar_opacity/runs/T557p21_rho1p07522em09/fac-opacity-cowan-state/starout.h5
557.2097948309927,1.5451703926941453e-09,fac-opacity-cowan-state,T557p21_rho1p54517em09,0.33626586131226704,4.6236719444864526e-07,0.3362672675189863,1.367557908190688e-06,ok,/home/elads/STAR/full_grid_solar_opacity/runs/T557p21_rho1p54517em09/fac-opacity-cowan-state/starout.h5
557.2097948309927,2.220530245015531e-09,fac-opacity-cowan-state,T557p21_rho2p22053em09,0.3362658656916513,6.64638842507417e-07,0.33626780711183946,1.8880339560638916e-06,ok,/home/elads/STAR/full_grid_solar_opacity/runs/T557p21_rho2p22053em09/fac-opacity-cowan-state/starout.h5
557.2097948309927,3.1910749729235452e-09,fac-opacity-cowan-state,T557p21_rho3p19107em09,0.3362658687612253,9.549987507951997e-07,0.3362685149420341,2.573377843579733e-06,ok,/home/elads/STAR/full_grid_solar_opacity/runs/T557p21_rho3p19107em09/fac-opacity-cowan-state/starout.h5
557.2097948309927,4.585823366142813e-09,fac-opacity-cowan-state,T557p21_rho4p58582em09,0.336265869970875,1.3706303171523124e-06,0.3362694156007343,3.4479629160837724e-06,ok,/home/elads/STAR/full_grid_solar_opacity/runs/T557p21_rho4p58582em09/fac-opacity-cowan-state/starout.h5
557.2097948309927,6.590185477903269e-09,fac-opacity-cowan-state,T557p21_rho6p59019em09,0.33626586852788387,1.9657759540964704e-06,0.3362705289502788,4.531840483876169e-06,ok,/home/elads/STAR/full_grid_solar_opacity/runs/T557p21_rho6p59019em09/fac-opacity-cowan-state/starout.h5
557.2097948309927,9.470610000772238e-09,fac-opacity-cowan-state,T557p21_rho9p47061em09,0.3362658634253139,2.8183567564091896e-06,0.3362718617771736,5.8325215913132605e-06,ok,/home/elads/STAR/full_grid_solar_opacity/runs/T557p21_rho9p47061em09/fac-opacity-cowan-state/starout.h5
557.2097948309927,1.3610004466105506e-08,fac-opacity-cowan-state,T557p21_rho1p361em08,0.33626585221878724,4.1023665056731555e-06,0.3362734778306183,7.414249526462677e-06,ok,/home/elads/STAR/full_grid_solar_opacity/runs/T557p21_rho1p361em08/fac-opacity-cowan-state/starout.h5
557.2097948309927,1.9558636830395073e-08,fac-opacity-cowan-state,T557p21_rho1p95586em08,0.33626583419897904,5.90528129350151e-06,0.3362752533259514,9.158048434391254e-06,ok,/home/elads/STAR/full_grid_solar_opacity/runs/T557p21_rho1p95586em08/fac-opacity-cowan-state/starout.h5
557.2097948309927,2.810728502080722e-08,fac-opacity-cowan-state,T557p21_rho2p81073em08,0.33626580569852166,8.442590982889321e-06,0.33627718817044217,1.106593281024703e-05,ok,/home/elads/STAR/full_grid_solar_opacity/runs/T557p21_rho2p81073em08/fac-opacity-cowan-state/starout.h5
557.2097948309927,4.039235853150913e-08,fac-opacity-cowan-state,T557p21_rho4p03924em08,0.3362657635836255,1.2078710958056469e-05,0.336279316590311,1.3175180231261901e-05,ok,/home/elads/STAR/full_grid_solar_opacity/runs/T557p21_rho4p03924em08/fac-opacity-cowan-state/starout.h5
557.2097948309927,5.804696634805446e-08,fac-opacity-cowan-state,T557p21_rho5p8047em08,0.33626570463670763,1.729888997191271e-05,0.33628169827778814,1.5547717851540948e-05,ok,/home/elads/STAR/full_grid_solar_opacity/runs/T557p21_rho5p8047em08/fac-opacity-cowan-state/starout.h5
557.2097948309927,8.341801332506338e-08,fac-opacity-cowan-state,T557p21_rho8p3418em08,0.3362656183934762,2.476037097407651e-05,0.3362844511853391,1.83100026080203e-05,ok,/home/elads/STAR/full_grid_solar_opacity/runs/T557p21_rho8p3418em08/fac-opacity-cowan-state/starout.h5
557.2097948309927,1.1987818459583772e-07,fac-opacity-cowan-state,T557p21_rho1p19878em07,0.3362655038202606,3.5039337469893164e-05,0.33628752786783184,2.141205488131393e-05,ok,/home/elads/STAR/full_grid_solar_opacity/runs/T557p21_rho1p19878em07/fac-opacity-cowan-state/starout.h5
557.2097948309927,1.7227429147699408e-07,fac-opacity-cowan-state,T557p21_rho1p72274em07,0.33626535211145997,4.949203429345212e-05,0.3362912169782043,2.5148377752052414e-05,ok,/home/elads/STAR/full_grid_solar_opacity/runs/T557p21_rho1p72274em07/fac-opacity-cowan-state/starout.h5
557.2097948309927,2.4757157946593376e-07,fac-opacity-cowan-state,T557p21_rho2p47572em07,0.33626514702795496,6.966465203156735e-05,0.33629571055460633,2.9723814927420182e-05,ok,/home/elads/STAR/full_grid_solar_opacity/runs/T557p21_rho2p47572em07/fac-opacity-cowan-state/starout.h5
557.2097948309927,3.557796490339488e-07,fac-opacity-cowan-state,T557p21_rho3p5578em07,0.33626486954003515,9.768017717655053e-05,0.3363012529370565,3.539849313492053e-05,ok,/home/elads/STAR/full_grid_solar_opacity/runs/T557p21_rho3p5578em07/fac-opacity-cowan-state/starout.h5
557.2097948309927,5.112830759482948e-07,fac-opacity-cowan-state,T557p21_rho5p11283em07,0.3362645113573603,0.0001356011152333255,0.3363077265344437,4.2058799699414554e-05,ok,/home/elads/STAR/full_grid_solar_opacity/runs/T557p21_rho5p11283em07/fac-opacity-cowan-state/starout.h5
557.2097948309927,7.347536163492159e-07,fac-opacity-cowan-state,T557p21_rho7p34754em07,0.33626406325016606,0.00018658596680713252,0.33631522951126425,4.9818192255956824e-05,ok,/home/elads/STAR/full_grid_solar_opacity/runs/T557p21_rho7p34754em07/fac-opacity-cowan-state/starout.h5
557.2097948309927,1.0558981944335787e-06,fac-opacity-cowan-state,T557p21_rho1p0559em06,0.33626350925536713,0.00025422959954946164,0.33632358163904946,5.8518964458277826e-05,ok,/home/elads/STAR/full_grid_solar_opacity/runs/T557p21_rho1p0559em06/fac-opacity-cowan-state/starout.h5
557.2097948309927,1.517407974863493e-06,fac-opacity-cowan-state,T557p21_rho1p51741em06,0.33626282976911304,0.00034199597704709974,0.33633275242013777,6.81578096143958e-05,ok,/home/elads/STAR/full_grid_solar_opacity/runs/T557p21_rho1p51741em06/fac-opacity-cowan-state/starout.h5
557.2097948309927,2.1806334875063253e-06,fac-opacity-cowan-state,T557p21_rho2p18063em06,0.3362619720027579,0.00045467311909547876,0.33634330416848884,7.936372167030323e-05,ok,/home/elads/STAR/full_grid_solar_opacity/runs/T557p21_rho2p18063em06/fac-opacity-cowan-state/starout.h5
557.2097948309927,3.1337402238588983e-06,fac-opacity-cowan-state,T557p21_rho3p13374em06,0.3362610641437439,0.0005912819506512958,0.33635498796220337,9.175795483639965e-05,ok,/home/elads/STAR/full_grid_solar_opacity/runs/T557p21_rho3p13374em06/fac-opacity-cowan-state/starout.h5
557.2097948309927,4.503428864545845e-06,fac-opacity-cowan-state,T557p21_rho4p50343em06,0.3362599413893794,0.0007551947101476456,0.3363678502705904,0.00010555518352097788,ok,/home/elads/STAR/full_grid_solar_opacity/runs/T557p21_rho4p50343em06/fac-opacity-cowan-state/starout.h5
557.2097948309927,6.471778159406801e-06,fac-opacity-cowan-state,T557p21_rho6p47178em06,0.3362587013144378,0.0009500444356141752,0.3363853137610985,0.00012410220397021673,ok,/home/elads/STAR/full_grid_solar_opacity/runs/T557p21_rho6p47178em06/fac-opacity-cowan-state/starout.h5
557.2097948309927,9.300449458481393e-06,fac-opacity-cowan-state,T557p21_rho9p30045em06,0.33625741092750305,0.0011670938061581649,0.33640655211459186,0.00014649217170349685,ok,/home/elads/STAR/full_grid_solar_opacity/runs/T557p21_rho9p30045em06/fac-opacity-cowan-state/starout.h5
557.2097948309927,1.3365470508911143e-05,fac-opacity-cowan-state,T557p21_rho1p33655em05,0.3362560348018435,0.001408984889614815,0.33643133723619095,0.00017251708137080068,ok,/home/elads/STAR/full_grid_solar_opacity/runs/T557p21_rho1p33655em05/fac-opacity-cowan-state/starout.h5
557.2097948309927,1.920722248123928e-05,fac-opacity-cowan-state,T557p21_rho1p92072em05,0.336254658790882,0.0016821165197733526,0.3364655789903973,0.00020802577982355304,ok,/home/elads/STAR/full_grid_solar_opacity/runs/T557p21_rho1p92072em05/fac-opacity-cowan-state/starout.h5
557.2097948309927,2.760227522090268e-05,fac-opacity-cowan-state,T557p21_rho2p76023em05,0.33625306447820125,0.001986327795648909,0.33651464979090895,0.00025864968290329,ok,/home/elads/STAR/full_grid_solar_opacity/runs/T557p21_rho2p76023em05/fac-opacity-cowan-state/starout.h5
557.2097948309927,3.966662010161191e-05,fac-opacity-cowan-state,T557p21_rho3p96666em05,0.3362513104075658,0.0023216479990466683,0.33658127795436044,0.00032706458981523513,ok,/home/elads/STAR/full_grid_solar_opacity/runs/T557p21_rho3p96666em05/fac-opacity-cowan-state/starout.h5
557.2097948309927,5.7004023678963655e-05,fac-opacity-cowan-state,T557p21_rho5p7004em05,0.3362492930764064,0.0026825033441673124,0.33666130026104285,0.0004091714528069978,ok,/home/elads/STAR/full_grid_solar_opacity/runs/T557p21_rho5p7004em05/fac-opacity-cowan-state/starout.h5
557.2097948309927,8.191922344953684e-05,fac-opacity-cowan-state,T557p21_rho8p19192em05,0.3362470413211633,0.0030888603187911204,0.33677805231147706,0.0005283638493536867,ok,/home/elads/STAR/full_grid_solar_opacity/runs/T557p21_rho8p19192em05/fac-opacity-cowan-state/starout.h5
557.2097948309927,0.00011772430676769293,fac-opacity-cowan-state,T557p21_rho0p000117724,0.33624447054013284,0.0035173772119805533,0.33691868823697013,0.0006717888031038631,ok,/home/elads/STAR/full_grid_solar_opacity/runs/T557p21_rho0p000117724/fac-opacity-cowan-state/starout.h5
557.2097948309927,0.00016917900122028344,fac-opacity-cowan-state,T557p21_rho0p000169179,0.33624116675322163,0.00405249225054074,0.3371198431831161,0.0008766825081383273,ok,/home/elads/STAR/full_grid_solar_opacity/runs/T557p21_rho0p000169179/fac-opacity-cowan-state/starout.h5
557.2097948309927,0.0002431234061999784,fac-opacity-cowan-state,T557p21_rho0p000243123,0.3362369637058922,0.004716646643437711,0.3373953093313476,0.0011569901840055561,ok,/home/elads/STAR/full_grid_solar_opacity/runs/T557p21_rho0p000243123/fac-opacity-cowan-state/starout.h5
557.2097948309927,0.0003493872774749123,fac-opacity-cowan-state,T557p21_rho0p000349387,0.3362312831777013,0.005561647666758439,0.3377454903388815,0.0015136421680804466,ok,/home/elads/STAR/full_grid_solar_opacity/runs/T557p21_rho0p000349387/fac-opacity-cowan-state/starout.h5
557.2097948309927,0.0005020967399614471,fac-opacity-cowan-state,T557p21_rho0p000502097,0.33622366721901514,0.006631468333261529,0.33817773446605204,0.0019543241874094806,ok,/home/elads/STAR/full_grid_solar_opacity/runs/T557p21_rho0p000502097/fac-opacity-cowan-state/starout.h5
557.2097948309927,0.0007215521357901021,fac-opacity-cowan-state,T557p21_rho0p000721552,0.33621306362881387,0.00812382961110092,0.33878965904701275,0.002577912708483588,ok,/home/elads/STAR/full_grid_solar_opacity/runs/T557p21_rho0p000721552/fac-opacity-cowan-state/starout.h5
557.2097948309927,0.0010369266382873438,fac-opacity-cowan-state,T557p21_rho0p00103693,0.33619829403148244,0.01020713515338088,0.33964074432649505,0.0034450710264240987,ok,/home/elads/STAR/full_grid_solar_opacity/runs/T557p21_rho0p00103693/fac-opacity-cowan-state/starout.h5
557.2097948309927,0.0014901443705277455,fac-opacity-cowan-state,T557p21_rho0p00149014,0.33617748031905514,0.012875382319182272,0.34065199645339883,0.004477657340427594,ok,/home/elads/STAR/full_grid_solar_opacity/runs/T557p21_rho0p00149014/fac-opacity-cowan-state/starout.h5
557.2097948309927,0.002141453563853953,fac-opacity-cowan-state,T557p21_rho0p00214145,0.3361483512061296,0.016838236587439343,0.34225214791981107,0.006108544617570392,ok,/home/elads/STAR/full_grid_solar_opacity/runs/T557p21_rho0p00214145/fac-opacity-cowan-state/starout.h5
557.2097948309927,0.003077435620898055,fac-opacity-cowan-state,T557p21_rho0p00307744,0.3361069540832136,0.02169330173755945,0.3439376732073812,0.007833907233798275,ok,/home/elads/STAR/full_grid_solar_opacity/runs/T557p21_rho0p00307744/fac-opacity-cowan-state/starout.h5
557.2097948309927,0.004422514763163053,fac-opacity-cowan-state,T557p21_rho0p00442251,0.33604871999207264,0.02864151048956909,0.3463926119659895,0.010344691320609039,ok,/home/elads/STAR/full_grid_solar_opacity/runs/T557p21_rho0p00442251/fac-opacity-cowan-state/starout.h5
557.2097948309927,0.006355498291362301,fac-opacity-cowan-state,T557p21_rho0p0063555,0.33596723236581,0.03789750799670048,0.34944418989613923,0.013471299320525593,ok,/home/elads/STAR/full_grid_solar_opacity/runs/T557p21_rho0p0063555/fac-opacity-cowan-state/starout.h5
557.2097948309927,0.009133346228248624,fac-opacity-cowan-state,T557p21_rho0p00913335,0.3358534158821403,0.05144632161368229,0.35384086890557737,0.01797190043954981,ok,/home/elads/STAR/full_grid_solar_opacity/runs/T557p21_rho0p00913335/fac-opacity-cowan-state/starout.h5
557.2097948309927,0.01312533014735226,fac-opacity-cowan-state,T557p21_rho0p0131253,0.33569470943215207,0.07008330986375133,0.3593165355539406,0.023586885879405457,ok,/home/elads/STAR/full_grid_solar_opacity/runs/T557p21_rho0p0131253/fac-opacity-cowan-state/starout.h5
557.2097948309927,0.018862122071335155,fac-opacity-cowan-state,T557p21_rho0p0188621,0.33547415039011336,0.09536100511387324,0.3659286759190595,0.03038381854881847,ok,/home/elads/STAR/full_grid_solar_opacity/runs/T557p21_rho0p0188621/fac-opacity-cowan-state/starout.h5
557.2097948309927,0.02710633904364831,fac-opacity-cowan-state,T557p21_rho0p0271063,0.33516847005706346,0.13103070602595726,0.3744134917959542,0.039114292460283334,ok,/home/elads/STAR/full_grid_solar_opacity/runs/T557p21_rho0p0271063/fac-opacity-cowan-state/starout.h5
557.2097948309927,0.038953921174427183,fac-opacity-cowan-state,T557p21_rho0p0389539,0.3347463801487757,0.181610582024304,0.38491152707393245,0.04994323787381758,ok,/home/elads/STAR/full_grid_solar_opacity/runs/T557p21_rho0p0389539/fac-opacity-cowan-state/starout.h5
557.2097948309927,0.0559798197912329,fac-opacity-cowan-state,T557p21_rho0p0559798,0.3341672842255071,0.2524856878435878,0.3981897717740221,0.06366033655059403,ok,/home/elads/STAR/full_grid_solar_opacity/runs/T557p21_rho0p0559798/fac-opacity-cowan-state/starout.h5
557.2097948309927,0.08044736266284185,fac-opacity-cowan-state,T557p21_rho0p0804474,0.33337464019616736,0.35580668041841773,0.4160255231747066,0.08208213994505878,ok,/home/elads/STAR/full_grid_solar_opacity/runs/T557p21_rho0p0804474/fac-opacity-cowan-state/starout.h5
557.2097948309927,0.11560912813835741,fac-opacity-cowan-state,T557p21_rho0p115609,0.3323001346090447,0.4928898199368043,0.4323370168875472,0.09915849069744556,ok,/home/elads/STAR/full_grid_solar_opacity/runs/T557p21_rho0p115609/fac-opacity-cowan-state/starout.h5
557.2097948309927,0.1661393247274789,fac-opacity-cowan-state,T557p21_rho0p166139,0.33085661325307203,0.6963239778121504,0.45615061491744324,0.12396274046582784,ok,/home/elads/STAR/full_grid_solar_opacity/runs/T557p21_rho0p166139/fac-opacity-cowan-state/starout.h5
557.2097948309927,0.23875515424585794,fac-opacity-cowan-state,T557p21_rho0p238755,0.3289390835178786,0.978215445158872,0.48106140377594536,0.15015437620407068,ok,/home/elads/STAR/full_grid_solar_opacity/runs/T557p21_rho0p238755/fac-opacity-cowan-state/starout.h5
557.2097948309927,0.34310975906798746,fac-opacity-cowan-state,T557p21_rho0p34311,0.32639360301145637,1.380591556260722,0.5107294479895095,0.18147501311778982,ok,/home/elads/STAR/full_grid_solar_opacity/runs/T557p21_rho0p34311/fac-opacity-cowan-state/starout.h5
557.2097948309927,0.49307545690287347,fac-opacity-cowan-state,T557p21_rho0p493075,0.32313138501088895,1.9539191327667111,0.5453554046877085,0.21814292512512076,ok,/home/elads/STAR/full_grid_solar_opacity/runs/T557p21_rho0p493075/fac-opacity-cowan-state/starout.h5
557.2097948309927,0.7085878491488851,fac-opacity-cowan-state,T557p21_rho0p708588,0.3189969372463383,2.7705203634507236,0.587496485787059,0.2628141349088287,ok,/home/elads/STAR/full_grid_solar_opacity/runs/T557p21_rho0p708588/fac-opacity-cowan-state/starout.h5
557.2097948309927,1.0182959482819007,fac-opacity-cowan-state,T557p21_rho1p0183,0.3138711319795161,3.934054349383737,0.6380081426248081,0.3163938807640896,ok,/home/elads/STAR/full_grid_solar_opacity/runs/T557p21_rho1p0183/fac-opacity-cowan-state/starout.h5
557.2097948309927,1.4633706173946401,fac-opacity-cowan-state,T557p21_rho1p46337,0.30767575171358486,5.589846691778011,0.7102079140275285,0.3923554023166237,ok,/home/elads/STAR/full_grid_solar_opacity/runs/T557p21_rho1p46337/fac-opacity-cowan-state/starout.h5
557.2097948309927,2.1029775945461404,fac-opacity-cowan-state,T557p21_rho2p10298,0.30040837095646,7.9356811038781805,0.7988866114444185,0.48550496608600974,ok,/home/elads/STAR/full_grid_solar_opacity/runs/T557p21_rho2p10298/fac-opacity-cowan-state/starout.h5
557.2097948309927,3.0221426551783854,fac-opacity-cowan-state,T557p21_rho3p02214,0.29217022099165685,11.255154941780308,0.9137005841220551,0.6054874100185743,ok,/home/elads/STAR/full_grid_solar_opacity/runs/T557p21_rho3p02214/fac-opacity-cowan-state/starout.h5
557.2097948309927,4.343054463316713,fac-opacity-cowan-state,T557p21_rho4p34305,0.28319758168394277,15.904280487381142,1.0467253457120627,0.7444540037099213,ok,/home/elads/STAR/full_grid_solar_opacity/runs/T557p21_rho4p34305/fac-opacity-cowan-state/starout.h5
557.2097948309927,6.241307649397467,fac-opacity-cowan-state,T557p21_rho6p24131,0.2738705706707639,22.389102967891414,1.2083675936263358,0.9127045828804711,ok,/home/elads/STAR/full_grid_solar_opacity/runs/T557p21_rho6p24131/fac-opacity-cowan-state/starout.h5
557.2097948309927,8.969245378672715,fac-opacity-cowan-state,T557p21_rho8p96925,0.2647169312300638,31.411974530155582,1.414438799983511,1.1258629516904683,ok,/home/elads/STAR/full_grid_solar_opacity/runs/T557p21_rho8p96925/fac-opacity-cowan-state/starout.h5
557.2097948309927,12.889504440725364,fac-opacity-cowan-state,T557p21_rho12p8895,0.2563779591746091,43.730717831424975,1.6779697492702583,1.396912345005225,ok,/home/elads/STAR/full_grid_solar_opacity/runs/T557p21_rho12p8895/fac-opacity-cowan-state/starout.h5
557.2097948309927,18.52322215674118,fac-opacity-cowan-state,T557p21_rho18p5232,0.24958989353316824,60.38587589905847,2.016357392481646,1.7425899195182653,ok,/home/elads/STAR/full_grid_solar_opacity/runs/T557p21_rho18p5232/fac-opacity-cowan-state/starout.h5
557.2097948309927,26.61931346126126,fac-opacity-cowan-state,T557p21_rho26p6193,0.2451617563775166,82.5182209114298,2.4577314572089834,2.1902182153548555,ok,/home/elads/STAR/full_grid_solar_opacity/runs/T557p21_rho26p6193/fac-opacity-cowan-state/starout.h5
557.2097948309927,38.254027466328665,fac-opacity-cowan-state,T557p21_rho38p254,0.24370565931476262,111.32880086708614,3.0608906243467833,2.7979109033821614,ok,/home/elads/STAR/full_grid_solar_opacity/runs/T557p21_rho38p254/fac-opacity-cowan-state/starout.h5
557.2097948309927,54.97401800103719,fac-opacity-cowan-state,T557p21_rho54p974,0.24606113129153356,147.19311039440183,3.883065003284048,3.6217735151703025,ok,/home/elads/STAR/full_grid_solar_opacity/runs/T557p21_rho54p974/fac-opacity-cowan-state/starout.h5
557.2097948309927,79.0019471240894,fac-opacity-cowan-state,T557p21_rho79p0019,0.2525030261155735,190.05872265470444,5.026308470452159,4.763059399705116,ok,/home/elads/STAR/full_grid_solar_opacity/runs/T557p21_rho79p0019/fac-opacity-cowan-state/starout.h5
557.2097948309927,113.53195339077567,fac-opacity-cowan-state,T557p21_rho113p532,0.2630571001027145,238.19389443770856,6.58921199412265,6.319782849606163,ok,/home/elads/STAR/full_grid_solar_opacity/runs/T557p21_rho113p532/fac-opacity-cowan-state/starout.h5
557.2097948309927,163.15426277379785,fac-opacity-cowan-state,T557p21_rho163p154,0.2771137495059577,287.6774238270241,8.653798726896689,8.374106012360556,ok,/home/elads/STAR/full_grid_solar_opacity/runs/T557p21_rho163p154/fac-opacity-cowan-state/starout.h5
557.2097948309927,234.46538763970608,fac-opacity-cowan-state,T557p21_rho234p465,0.2935545291601019,330.2376559922765,11.272689252552883,10.979458563487118,ok,/home/elads/STAR/full_grid_solar_opacity/runs/T557p21_rho234p465/fac-opacity-cowan-state/starout.h5
557.2097948309927,336.94503022121665,fac-opacity-cowan-state,T557p21_rho336p945,0.3107234241617342,359.24265332163856,14.424727906209085,14.116258289648401,ok,/home/elads/STAR/full_grid_solar_opacity/runs/T557p21_rho336p945/fac-opacity-cowan-state/starout.h5
557.2097948309927,484.21626123015125,fac-opacity-cowan-state,T557p21_rho484p216,0.3274449744103531,379.9569773340072,17.925371316454722,17.601234151056396,ok,/home/elads/STAR/full_grid_solar_opacity/runs/T557p21_rho484p216/fac-opacity-cowan-state/starout.h5
557.2097948309927,695.8564947100452,fac-opacity-cowan-state,T557p21_rho695p856,0.34334052731940706,413.8876541198035,21.240370467518506,20.900727065647633,ok,/home/elads/STAR/full_grid_solar_opacity/runs/T557p21_rho695p856/fac-opacity-cowan-state/starout.h5
557.2097948309927,1000.0,fac-opacity-cowan-state,T557p21_rho1000,0.3591703255932937,429.73167587858035,23.576409854886855,23.22092671173231,ok,/home/elads/STAR/full_grid_solar_opacity/runs/T557p21_rho1000/fac-opacity-cowan-state/starout.h5
613.4217006150764,1e-17,fac-opacity-cowan-state,T613p422_rho1em17,0.3361223093555512,2.9181890490965025e-17,0.3361223093555512,1.061895500953209e-17,ok,/home/elads/STAR/full_grid_solar_opacity/runs/T613p422_rho1em17/fac-opacity-cowan-state/starout.h5
613.4217006150764,1.4370779141993746e-17,fac-opacity-cowan-state,T613p422_rho1p43708em17,0.3361223093791215,4.123037862092198e-17,0.3361223093791215,1.4978594879323093e-17,ok,/home/elads/STAR/full_grid_solar_opacity/runs/T613p422_rho1p43708em17/fac-opacity-cowan-state/starout.h5
613.4217006150764,2.065192931479625e-17,fac-opacity-cowan-state,T613p422_rho2p06519em17,0.33612230940498294,5.854499472297008e-17,0.33612230940498294,2.1243737395814327e-17,ok,/home/elads/STAR/full_grid_solar_opacity/runs/T613p422_rho2p06519em17/fac-opacity-cowan-state/starout.h5
613.4217006150764,2.9678431503900313e-17,fac-opacity-cowan-state,T613p422_rho2p96784em17,0.33612230943310595,8.346306651522195e-17,0.336122309433106,3.026032791554005e-17,ok,/home/elads/STAR/full_grid_solar_opacity/runs/T613p422_rho2p96784em17/fac-opacity-cowan-state/starout.h5
613.4217006150764,4.2650218442334076e-17,fac-opacity-cowan-state,T613p422_rho4p26502em17,0.33612230946436755,1.1931988963674344e-16,0.3361223094643676,4.323537317288938e-17,ok,/home/elads/STAR/full_grid_solar_opacity/runs/T613p422_rho4p26502em17/fac-opacity-cowan-state/starout.h5
613.4217006150764,6.129168695925715e-17,fac-opacity-cowan-state,T613p422_rho6p12917em17,0.3361223094945355,1.7115693015962326e-16,0.3361223094945356,6.200594698823665e-17,ok,/home/elads/STAR/full_grid_solar_opacity/runs/T613p422_rho6p12917em17/fac-opacity-cowan-state/starout.h5
613.4217006150764,8.808092965317026e-17,fac-opacity-cowan-state,T613p422_rho8p80809em17,0.3361223095273801,2.459518328875241e-16,0.33612230952738015,8.91024205794932e-17,ok,/home/elads/STAR/full_grid_solar_opacity/runs/T613p422_rho8p80809em17/fac-opacity-cowan-state/starout.h5
613.4217006150764,1.2657915866672028e-16,fac-opacity-cowan-state,T613p422_rho1p26579em16,0.3361223095582092,3.5343018215485075e-16,0.3361223095582094,1.280394680931129e-16,ok,/home/elads/STAR/full_grid_solar_opacity/runs/T613p422_rho1p26579em16/fac-opacity-cowan-state/starout.h5
613.4217006150764,1.819041133178821e-16,fac-opacity-cowan-state,T613p422_rho1p81904em16,0.33612230959562023,5.078730518796847e-16,0.33612230959562045,1.8399088096289787e-16,ok,/home/elads/STAR/full_grid_solar_opacity/runs/T613p422_rho1p81904em16/fac-opacity-cowan-state/starout.h5
613.4217006150764,2.6141038375114865e-16,fac-opacity-cowan-state,T613p422_rho2p6141em16,0.33612230959796346,7.298012483330601e-16,0.3361223095979638,2.643910580940147e-16,ok,/home/elads/STAR/full_grid_solar_opacity/runs/T613p422_rho2p6141em16/fac-opacity-cowan-state/starout.h5
613.4217006150764,3.7566708903116036e-16,fac-opacity-cowan-state,T613p422_rho3p75667em16,0.3361223095823323,1.0487021654987154e-15,0.3361223095823327,3.7992296634051e-16,ok,/home/elads/STAR/full_grid_solar_opacity/runs/T613p422_rho3p75667em16/fac-opacity-cowan-state/starout.h5
613.4217006150764,5.398628767382507e-16,fac-opacity-cowan-state,T613p422_rho5p39863em16,0.3361223095978455,1.5069472592328244e-15,0.33612230959784606,5.459374009746877e-16,ok,/home/elads/STAR/full_grid_solar_opacity/runs/T613p422_rho5p39863em16/fac-opacity-cowan-state/starout.h5
613.4217006150764,7.758250168566793e-16,fac-opacity-cowan-state,T613p422_rho7p75825em16,0.33612230960541506,2.1654227527774517e-15,0.3361223096054158,7.844931620560279e-16,ok,/home/elads/STAR/full_grid_solar_opacity/runs/T613p422_rho7p75825em16/fac-opacity-cowan-state/starout.h5
613.4217006150764,1.1149209970080914e-15,fac-opacity-cowan-state,T613p422_rho1p11492em15,0.3361223095971894,3.1116184349217167e-15,0.3361223095971906,1.1272875539125159e-15,ok,/home/elads/STAR/full_grid_solar_opacity/runs/T613p422_rho1p11492em15/fac-opacity-cowan-state/starout.h5
613.4217006150764,1.6022283408774753e-15,fac-opacity-cowan-state,T613p422_rho1p60223em15,0.33612230959807243,4.471260759383551e-15,0.33612230959807404,1.6198717778044201e-15,ok,/home/elads/STAR/full_grid_solar_opacity/runs/T613p422_rho1p60223em15/fac-opacity-cowan-state/starout.h5
613.4217006150764,2.3025269621793266e-15,fac-opacity-cowan-state,T613p422_rho2p30253em15,0.33612230959829636,6.425022340289765e-15,0.33612230959829864,2.327704834038467e-15,ok,/home/elads/STAR/full_grid_solar_opacity/runs/T613p422_rho2p30253em15/fac-opacity-cowan-state/starout.h5
613.4217006150764,3.308910644196489e-15,fac-opacity-cowan-state,T613p422_rho3p30891em15,0.33612230970768703,9.232545202119808e-15,0.33612230970769036,3.3448588435959415e-15,ok,/home/elads/STAR/full_grid_solar_opacity/runs/T613p422_rho3p30891em15/fac-opacity-cowan-state/starout.h5
613.4217006150764,4.755162406834019e-15,fac-opacity-cowan-state,T613p422_rho4p75516em15,0.33612230959998335,1.3266973258613349e-14,0.336122309599988,4.806531842790671e-15,ok,/home/elads/STAR/full_grid_solar_opacity/runs/T613p422_rho4p75516em15/fac-opacity-cowan-state/starout.h5
613.4217006150764,6.8335388732923106e-15,fac-opacity-cowan-state,T613p422_rho6p83354em15,0.33612230933507864,1.906460371359747e-14,0.3361223093350855,6.907040505742622e-15,ok,/home/elads/STAR/full_grid_solar_opacity/runs/T613p422_rho6p83354em15/fac-opacity-cowan-state/starout.h5
613.4217006150764,9.820327790631256e-15,fac-opacity-cowan-state,T613p422_rho9p82033em15,0.3361223095947071,2.7396261866974448e-14,0.33612230959471673,9.925684622557392e-15,ok,/home/elads/STAR/full_grid_solar_opacity/runs/T613p422_rho9p82033em15/fac-opacity-cowan-state/starout.h5
613.4217006150764,1.4112576178114521e-14,fac-opacity-cowan-state,T613p422_rho1p41126em14,0.33612230957607486,3.936989625715525e-14,0.33612230957608885,1.4263930674653968e-14,ok,/home/elads/STAR/full_grid_solar_opacity/runs/T613p422_rho1p41126em14/fac-opacity-cowan-state/starout.h5
613.4217006150764,2.0280871538024598e-14,fac-opacity-cowan-state,T613p422_rho2p02809em14,0.33612230960207534,5.657832946145572e-14,0.3361223096020956,2.04989620784742e-14,ok,/home/elads/STAR/full_grid_solar_opacity/runs/T613p422_rho2p02809em14/fac-opacity-cowan-state/starout.h5
613.4217006150764,2.914519256800997e-14,fac-opacity-cowan-state,T613p422_rho2p91452em14,0.33612230955130323,8.131138460244014e-14,0.33612230955133215,2.9460564342720716e-14,ok,/home/elads/STAR/full_grid_solar_opacity/runs/T613p422_rho2p91452em14/fac-opacity-cowan-state/starout.h5
613.4217006150764,4.188391254457488e-14,fac-opacity-cowan-state,T613p422_rho4p18839em14,0.33612230959627787,1.1686135266553135e-13,0.33612230959631956,4.234185411710168e-14,ok,/home/elads/STAR/full_grid_solar_opacity/runs/T613p422_rho4p18839em14/fac-opacity-cowan-state/starout.h5
613.4217006150764,6.019044567806669e-14,fac-opacity-cowan-state,T613p422_rho6p01904em14,0.33612230959903827,1.6796223856792716e-13,0.33612230959909867,6.085851887928734e-14,ok,/home/elads/STAR/full_grid_solar_opacity/runs/T613p422_rho6p01904em14/fac-opacity-cowan-state/starout.h5
613.4217006150764,8.649836012976684e-14,fac-opacity-cowan-state,T613p422_rho8p64984em14,0.33612230959339556,2.414217120948983e-13,0.33612230959348205,8.74779345110591e-14,ok,/home/elads/STAR/full_grid_solar_opacity/runs/T613p422_rho8p64984em14/fac-opacity-cowan-state/starout.h5
613.4217006150764,1.2430488295695167e-13,fac-opacity-cowan-state,T613p422_rho1p24305em13,0.33612230867274195,3.470302332171436e-13,0.336122308672866,1.2574882694438072e-13,ok,/home/elads/STAR/full_grid_solar_opacity/runs/T613p422_rho1p24305em13/fac-opacity-cowan-state/starout.h5
613.4217006150764,1.7863580192457348e-13,fac-opacity-cowan-state,T613p422_rho1p78636em13,0.33612230960053424,4.988701678272611e-13,0.33612230960071243,1.807760087659782e-13,ok,/home/elads/STAR/full_grid_solar_opacity/runs/T613p422_rho1p78636em13/fac-opacity-cowan-state/starout.h5
613.4217006150764,2.567135656310987e-13,fac-opacity-cowan-state,T613p422_rho2p56714em13,0.3361223096046391,5.2907731448162294e-12,0.33612230962107137,1.593009374964602e-11,ok,/home/elads/STAR/full_grid_solar_opacity/runs/T613p422_rho2p56714em13/fac-opacity-cowan-state/starout.h5
613.4217006150764,3.6891739544382357e-13,fac-opacity-cowan-state,T613p422_rho3p68917em13,0.3361223096119617,7.603700375090917e-12,0.33612230963557993,2.2896814536456418e-11,ok,/home/elads/STAR/full_grid_solar_opacity/runs/T613p422_rho3p68917em13/fac-opacity-cowan-state/starout.h5
613.4217006150764,5.301630411562758e-13,fac-opacity-cowan-state,T613p422_rho5p30163em13,0.3361223095777147,1.0927914956251134e-11,0.33612230961165,3.289906405566285e-11,ok,/home/elads/STAR/full_grid_solar_opacity/runs/T613p422_rho5p30163em13/fac-opacity-cowan-state/starout.h5
613.4217006150764,7.618855973704612e-13,fac-opacity-cowan-state,T613p422_rho7p61886em13,0.3361223095976246,1.5706219862132688e-11,0.33612230964640266,4.728942321264558e-11,ok,/home/elads/STAR/full_grid_solar_opacity/runs/T613p422_rho7p61886em13/fac-opacity-cowan-state/starout.h5
613.4217006150764,1.0948889651276868e-12,fac-opacity-cowan-state,T613p422_rho1p09489em12,0.33612230960010214,2.257351754693429e-11,0.3361223096702065,6.796446115723054e-11,ok,/home/elads/STAR/full_grid_solar_opacity/runs/T613p422_rho1p09489em12/fac-opacity-cowan-state/starout.h5
613.4217006150764,1.5734407502856082e-12,fac-opacity-cowan-state,T613p422_rho1p57344em12,0.33612230959865147,3.24432260997599e-11,0.33612230969939455,9.766750094430408e-11,ok,/home/elads/STAR/full_grid_solar_opacity/runs/T613p422_rho1p57344em12/fac-opacity-cowan-state/starout.h5
613.4217006150764,2.26115695153675e-12,fac-opacity-cowan-state,T613p422_rho2p26116em12,0.3361223095968723,4.6630293812449456e-11,0.33612230974165924,1.4036726179848493e-10,ok,/home/elads/STAR/full_grid_solar_opacity/runs/T613p422_rho2p26116em12/fac-opacity-cowan-state/starout.h5
613.4217006150764,3.249458715591849e-12,fac-opacity-cowan-state,T613p422_rho3p24946em12,0.3361223097949902,3.9484327602214963e-10,0.3361223109950268,1.1689396154154967e-09,ok,/home/elads/STAR/full_grid_solar_opacity/runs/T613p422_rho3p24946em12/fac-opacity-cowan-state/starout.h5
613.4217006150764,4.669725353279713e-12,fac-opacity-cowan-state,T613p422_rho4p66973em12,0.33612230959641565,5.673836066215107e-10,0.33612231132079057,1.6796921461689627e-09,ok,/home/elads/STAR/full_grid_solar_opacity/runs/T613p422_rho4p66973em12/fac-opacity-cowan-state/starout.h5
613.4217006150764,6.710759170575148e-12,fac-opacity-cowan-state,T613p422_rho6p71076em12,0.3361223095898096,8.155374931813721e-10,0.33612231206837395,2.414337665717246e-09,ok,/home/elads/STAR/full_grid_solar_opacity/runs/T613p422_rho6p71076em12/fac-opacity-cowan-state/starout.h5
613.4217006150764,9.64388379154446e-12,fac-opacity-cowan-state,T613p422_rho9p64388em12,0.33612230957579764,1.1720559758151455e-09,0.3361223131378398,3.469738997603885e-09,ok,/home/elads/STAR/full_grid_solar_opacity/runs/T613p422_rho9p64388em12/fac-opacity-cowan-state/starout.h5
613.4217006150764,1.3859012403933867e-11,fac-opacity-cowan-state,T613p422_rho1p3859em11,0.3361223095800967,1.6844978074625981e-09,0.3361223146990115,4.986269078887758e-09,ok,/home/elads/STAR/full_grid_solar_opacity/runs/T613p422_rho1p3859em11/fac-opacity-cowan-state/starout.h5
613.4217006150764,1.9916480638308542e-11,fac-opacity-cowan-state,T613p422_rho1p99165em11,0.3357440345166238,2.4210045590158675e-09,0.3357440418726674,7.165431516153774e-09,ok,/home/elads/STAR/full_grid_solar_opacity/runs/T613p422_rho1p99165em11/fac-opacity-cowan-state/starout.h5
613.4217006150764,2.8621534453892672e-11,fac-opacity-cowan-state,T613p422_rho2p86215em11,0.335744034501206,3.480681707290024e-09,0.33574404507179834,1.0296705797085022e-08,ok,/home/elads/STAR/full_grid_solar_opacity/runs/T613p422_rho2p86215em11/fac-opacity-cowan-state/starout.h5
613.4217006150764,4.1131375034185614e-11,fac-opacity-cowan-state,T613p422_rho4p11314em11,0.33574403451984003,5.004758189508372e-09,0.33574404970903404,1.4795678916871028e-08,ok,/home/elads/STAR/full_grid_solar_opacity/runs/T613p422_rho4p11314em11/fac-opacity-cowan-state/starout.h5
613.4217006150764,5.910899064227969e-11,fac-opacity-cowan-state,T613p422_rho5p9109em11,0.33574403452623786,7.1956562324132336e-09,0.3357440563518759,2.126021669572254e-08,ok,/home/elads/STAR/full_grid_solar_opacity/runs/T613p422_rho5p9109em11/fac-opacity-cowan-state/starout.h5
613.4217006150764,8.4944224982638e-11,fac-opacity-cowan-state,T613p422_rho8p49442em11,0.33574403446559303,1.0342378192010139e-08,0.33574406582153493,3.054365271205423e-08,ok,/home/elads/STAR/full_grid_solar_opacity/runs/T613p422_rho8p49442em11/fac-opacity-cowan-state/starout.h5
613.4217006150764,1.2207146966133182e-10,fac-opacity-cowan-state,T613p422_rho1p22071em10,0.335744034412017,1.4863601676074584e-08,0.33574407945602514,4.3877084992027256e-08,ok,/home/elads/STAR/full_grid_solar_opacity/runs/T613p422_rho1p22071em10/fac-opacity-cowan-state/starout.h5
613.4217006150764,1.7542621300415897e-10,fac-opacity-cowan-state,T613p422_rho1p75426em10,0.3357440342834244,2.1354489185836455e-08,0.33574409896784124,6.30085953209016e-08,ok,/home/elads/STAR/full_grid_solar_opacity/runs/T613p422_rho1p75426em10/fac-opacity-cowan-state/starout.h5
613.4217006150764,2.52101136279913e-10,fac-opacity-cowan-state,T613p422_rho2p52101em10,0.3357440342707013,3.069011776646403e-08,0.3357441271465137,9.046954436980608e-08,ok,/home/elads/STAR/full_grid_solar_opacity/runs/T613p422_rho2p52101em10/fac-opacity-cowan-state/starout.h5
613.4217006150764,3.6228897509242966e-10,fac-opacity-cowan-state,T613p422_rho3p62289em10,0.33574403410650205,4.412462877116943e-08,0.33574416739845897,1.2983881715030597e-07,ok,/home/elads/STAR/full_grid_solar_opacity/runs/T613p422_rho3p62289em10/fac-opacity-cowan-state/starout.h5
613.4217006150764,5.20637484663258e-10,fac-opacity-cowan-state,T613p422_rho5p20637em10,0.3357440337387695,6.345529189282968e-08,0.3357442249204787,1.8622940671290278e-07,ok,/home/elads/STAR/full_grid_solar_opacity/runs/T613p422_rho5p20637em10/fac-opacity-cowan-state/starout.h5
613.4217006150764,7.481966305138837e-10,fac-opacity-cowan-state,T613p422_rho7p48197em10,0.335744033619698,9.128967540694081e-08,0.33574430764657914,2.669294312210629e-07,ok,/home/elads/STAR/full_grid_solar_opacity/runs/T613p422_rho7p48197em10/fac-opacity-cowan-state/starout.h5
613.4217006150764,1.0752168531898921e-09,fac-opacity-cowan-state,T613p422_rho1p07522em09,0.3357440331948792,1.3129394559171651e-07,0.3357444254830327,3.821280842580835e-07,ok,/home/elads/STAR/full_grid_solar_opacity/runs/T613p422_rho1p07522em09/fac-opacity-cowan-state/starout.h5
613.4217006150764,1.5451703926941453e-09,fac-opacity-cowan-state,T613p422_rho1p54517em09,0.33574403258246327,1.892439049038397e-07,0.3357445941491534,5.470371664300735e-07,ok,/home/elads/STAR/full_grid_solar_opacity/runs/T613p422_rho1p54517em09/fac-opacity-cowan-state/starout.h5
613.4217006150764,2.220530245015531e-09,fac-opacity-cowan-state,T613p422_rho2p22053em09,0.33574403176746553,2.721429654503403e-07,0.3357448322976197,7.798165198133078e-07,ok,/home/elads/STAR/full_grid_solar_opacity/runs/T613p422_rho2p22053em09/fac-opacity-cowan-state/starout.h5
613.4217006150764,3.1910749729235452e-09,fac-opacity-cowan-state,T613p422_rho3p19107em09,0.33574403045412676,3.9058603907036253e-07,0.33574516779462493,1.1078955650868905e-06,ok,/home/elads/STAR/full_grid_solar_opacity/runs/T613p422_rho3p19107em09/fac-opacity-cowan-state/starout.h5
613.4217006150764,4.585823366142813e-09,fac-opacity-cowan-state,T613p422_rho4p58582em09,0.3357440287298395,5.606406965089244e-07,0.3357456367923169,1.5664048144040345e-06,ok,/home/elads/STAR/full_grid_solar_opacity/runs/T613p422_rho4p58582em09/fac-opacity-cowan-state/starout.h5
613.4217006150764,6.590185477903269e-09,fac-opacity-cowan-state,T613p422_rho6p59019em09,0.3357440261961324,8.055908200652171e-07,0.3357462878326765,2.2030312166578245e-06,ok,/home/elads/STAR/full_grid_solar_opacity/runs/T613p422_rho6p59019em09/fac-opacity-cowan-state/starout.h5
613.4217006150764,9.470610000772238e-09,fac-opacity-cowan-state,T613p422_rho9p47061em09,0.33574402266599496,1.1557896079449285e-06,0.3357471743473625,3.069920660724086e-06,ok,/home/elads/STAR/full_grid_solar_opacity/runs/T613p422_rho9p47061em09/fac-opacity-cowan-state/starout.h5
613.4217006150764,1.3610004466105506e-08,fac-opacity-cowan-state,T613p422_rho1p361em08,0.33574401752686717,1.6809227877923178e-06,0.3357484134495331,4.281717872161791e-06,ok,/home/elads/STAR/full_grid_solar_opacity/runs/T613p422_rho1p361em08/fac-opacity-cowan-state/starout.h5
613.4217006150764,1.9558636830395073e-08,fac-opacity-cowan-state,T613p422_rho1p95586em08,0.3357440105517115,2.4202611261923355e-06,0.3357499911692809,5.8250835558927e-06,ok,/home/elads/STAR/full_grid_solar_opacity/runs/T613p422_rho1p95586em08/fac-opacity-cowan-state/starout.h5
613.4217006150764,2.810728502080722e-08,fac-opacity-cowan-state,T613p422_rho2p81073em08,0.3357440008758306,3.4689002149888534e-06,0.33575199703090364,7.787694261059234e-06,ok,/home/elads/STAR/full_grid_solar_opacity/runs/T613p422_rho2p81073em08/fac-opacity-cowan-state/starout.h5
613.4217006150764,4.039235853150913e-08,fac-opacity-cowan-state,T613p422_rho4p03924em08,0.3357439875496569,5.0028321155319785e-06,0.33575450586724326,1.0244050907652387e-05,ok,/home/elads/STAR/full_grid_solar_opacity/runs/T613p422_rho4p03924em08/fac-opacity-cowan-state/starout.h5
613.4217006150764,5.804696634805446e-08,fac-opacity-cowan-state,T613p422_rho5p8047em08,0.33574396928344136,7.205046474898272e-06,0.3357575068251427,1.3183962867592633e-05,ok,/home/elads/STAR/full_grid_solar_opacity/runs/T613p422_rho5p8047em08/fac-opacity-cowan-state/starout.h5
613.4217006150764,8.341801332506338e-08,fac-opacity-cowan-state,T613p422_rho8p3418em08,0.33574351167591715,1.0354365840297593e-05,0.33576056598596243,1.6607762020422103e-05,ok,/home/elads/STAR/full_grid_solar_opacity/runs/T613p422_rho8p3418em08/fac-opacity-cowan-state/starout.h5
613.4217006150764,1.1987818459583772e-07,fac-opacity-cowan-state,T613p422_rho1p19878em07,0.33574348474195126,1.4930759165324508e-05,0.3357646118538893,2.057436554130002e-05,ok,/home/elads/STAR/full_grid_solar_opacity/runs/T613p422_rho1p19878em07/fac-opacity-cowan-state/starout.h5
613.4217006150764,1.7227429147699408e-07,fac-opacity-cowan-state,T613p422_rho1p72274em07,0.3357434454419375,2.136140318461366e-05,0.3357690754156978,2.4957205806650305e-05,ok,/home/elads/STAR/full_grid_solar_opacity/runs/T613p422_rho1p72274em07/fac-opacity-cowan-state/starout.h5
613.4217006150764,2.4757157946593376e-07,fac-opacity-cowan-state,T613p422_rho2p47572em07,0.3357433896861896,3.059083021950876e-05,0.3357740868968696,2.988993929590796e-05,ok,/home/elads/STAR/full_grid_solar_opacity/runs/T613p422_rho2p47572em07/fac-opacity-cowan-state/starout.h5
613.4217006150764,3.557796490339488e-07,fac-opacity-cowan-state,T613p422_rho3p5578em07,0.3357433130388619,4.381707354839828e-05,0.33577978106882517,3.550958579790188e-05,ok,/home/elads/STAR/full_grid_solar_opacity/runs/T613p422_rho3p5578em07/fac-opacity-cowan-state/starout.h5
613.4217006150764,5.112830759482948e-07,fac-opacity-cowan-state,T613p422_rho5p11283em07,0.3357432059073018,6.235376211687683e-05,0.3357863577357811,4.201743088683285e-05,ok,/home/elads/STAR/full_grid_solar_opacity/runs/T613p422_rho5p11283em07/fac-opacity-cowan-state/starout.h5
613.4217006150764,7.347536163492159e-07,fac-opacity-cowan-state,T613p422_rho7p34754em07,0.33574306349233346,8.827068815998595e-05,0.33579407796488625,4.967276032589198e-05,ok,/home/elads/STAR/full_grid_solar_opacity/runs/T613p422_rho7p34754em07/fac-opacity-cowan-state/starout.h5
613.4217006150764,1.0558981944335787e-06,fac-opacity-cowan-state,T613p422_rho1p0559em06,0.33574287066340974,0.00012482001935712648,0.3358036241286119,5.9165316862654117e-05,ok,/home/elads/STAR/full_grid_solar_opacity/runs/T613p422_rho1p0559em06/fac-opacity-cowan-state/starout.h5
613.4217006150764,1.517407974863493e-06,fac-opacity-cowan-state,T613p422_rho1p51741em06,0.33574261508581055,0.0001753685263737687,0.33581527473478207,7.077496162144928e-05,ok,/home/elads/STAR/full_grid_solar_opacity/runs/T613p422_rho1p51741em06/fac-opacity-cowan-state/starout.h5
613.4217006150764,2.1806334875063253e-06,fac-opacity-cowan-state,T613p422_rho2p18063em06,0.33574227162919196,0.00024570958499793024,0.33582981805097695,8.531811017514956e-05,ok,/home/elads/STAR/full_grid_solar_opacity/runs/T613p422_rho2p18063em06/fac-opacity-cowan-state/starout.h5
613.4217006150764,3.1337402238588983e-06,fac-opacity-cowan-state,T613p422_rho3p13374em06,0.33574182920689133,0.000340572278265269,0.3358467865717362,0.00010233679387801731,ok,/home/elads/STAR/full_grid_solar_opacity/runs/T613p422_rho3p13374em06/fac-opacity-cowan-state/starout.h5
613.4217006150764,4.503428864545845e-06,fac-opacity-cowan-state,T613p422_rho4p50343em06,0.33574126804072896,0.0004667770553746458,0.3358657801787805,0.00012146397668311954,ok,/home/elads/STAR/full_grid_solar_opacity/runs/T613p422_rho4p50343em06/fac-opacity-cowan-state/starout.h5
613.4217006150764,6.471778159406801e-06,fac-opacity-cowan-state,T613p422_rho6p47178em06,0.3357405538671228,0.0006353544947327302,0.3358882020073348,0.00014416395268997543,ok,/home/elads/STAR/full_grid_solar_opacity/runs/T613p422_rho6p47178em06/fac-opacity-cowan-state/starout.h5
613.4217006150764,9.300449458481393e-06,fac-opacity-cowan-state,T613p422_rho9p30045em06,0.3357397028728726,0.0008512847580190446,0.3359133799764689,0.00016973458899883644,ok,/home/elads/STAR/full_grid_solar_opacity/runs/T613p422_rho9p30045em06/fac-opacity-cowan-state/starout.h5
613.4217006150764,1.3365470508911143e-05,fac-opacity-cowan-state,T613p422_rho1p33655em05,0.3357386883644575,0.001118005094492617,0.33594152205810257,0.00019840957951127393,ok,/home/elads/STAR/full_grid_solar_opacity/runs/T613p422_rho1p33655em05/fac-opacity-cowan-state/starout.h5
613.4217006150764,1.920722248123928e-05,fac-opacity-cowan-state,T613p422_rho1p92072em05,0.3357374591698238,0.0014441263078590742,0.33597426831430943,0.00023193317263852376,ok,/home/elads/STAR/full_grid_solar_opacity/runs/T613p422_rho1p92072em05/fac-opacity-cowan-state/starout.h5
613.4217006150764,2.760227522090268e-05,fac-opacity-cowan-state,T613p422_rho2p76023em05,0.3357360005847927,0.0018341618016843536,0.3360139045114807,0.0002726542176925765,ok,/home/elads/STAR/full_grid_solar_opacity/runs/T613p422_rho2p76023em05/fac-opacity-cowan-state/starout.h5
613.4217006150764,3.966662010161191e-05,fac-opacity-cowan-state,T613p422_rho3p96666em05,0.33573429514104136,0.0022866624850224095,0.33606324697775625,0.0003234250456265032,ok,/home/elads/STAR/full_grid_solar_opacity/runs/T613p422_rho3p96666em05/fac-opacity-cowan-state/starout.h5
613.4217006150764,5.7004023678963655e-05,fac-opacity-cowan-state,T613p422_rho5p7004em05,0.33573292100219604,0.0027927437639506873,0.33611981236693517,0.0003811406967354737,ok,/home/elads/STAR/full_grid_solar_opacity/runs/T613p422_rho5p7004em05/fac-opacity-cowan-state/starout.h5
613.4217006150764,8.191922344953684e-05,fac-opacity-cowan-state,T613p422_rho8p19192em05,0.3357306564186374,0.003360098120802873,0.3361973327558867,0.00046083666960345185,ok,/home/elads/STAR/full_grid_solar_opacity/runs/T613p422_rho8p19192em05/fac-opacity-cowan-state/starout.h5
613.4217006150764,0.00011772430676769293,fac-opacity-cowan-state,T613p422_rho0p000117724,0.335728068832314,0.004031153341631646,0.3363007455871527,0.0005667729980467787,ok,/home/elads/STAR/full_grid_solar_opacity/runs/T613p422_rho0p000117724/fac-opacity-cowan-state/starout.h5
613.4217006150764,0.00016917900122028344,fac-opacity-cowan-state,T613p422_rho0p000169179,0.3357248612384172,0.004779513681322643,0.3364423173834022,0.0007116984094351578,ok,/home/elads/STAR/full_grid_solar_opacity/runs/T613p422_rho0p000169179/fac-opacity-cowan-state/starout.h5
613.4217006150764,0.0002431234061999784,fac-opacity-cowan-state,T613p422_rho0p000243123,0.3357209712458342,0.005586802076827385,0.3366216487610255,0.000895173380671041,ok,/home/elads/STAR/full_grid_solar_opacity/runs/T613p422_rho0p000243123/fac-opacity-cowan-state/starout.h5
613.4217006150764,0.0003493872774749123,fac-opacity-cowan-state,T613p422_rho0p000349387,0.33571598965965993,0.006509111945210333,0.33686532632630656,0.0011445216187196275,ok,/home/elads/STAR/full_grid_solar_opacity/runs/T613p422_rho0p000349387/fac-opacity-cowan-state/starout.h5
613.4217006150764,0.0005020967399614471,fac-opacity-cowan-state,T613p422_rho0p000502097,0.3357096150514571,0.007517756781100056,0.3371586535913012,0.00144499901395101,ok,/home/elads/STAR/full_grid_solar_opacity/runs/T613p422_rho0p000502097/fac-opacity-cowan-state/starout.h5
613.4217006150764,0.0007215521357901021,fac-opacity-cowan-state,T613p422_rho0p000721552,0.3357010470906207,0.008770712458211113,0.33758551053908353,0.0018816485727183262,ok,/home/elads/STAR/full_grid_solar_opacity/runs/T613p422_rho0p000721552/fac-opacity-cowan-state/starout.h5
613.4217006150764,0.0010369266382873438,fac-opacity-cowan-state,T613p422_rho0p00103693,0.3356894338996385,0.010306920271136385,0.3381420428912865,0.002451167397991363,ok,/home/elads/STAR/full_grid_solar_opacity/runs/T613p422_rho0p00103693/fac-opacity-cowan-state/starout.h5
613.4217006150764,0.0014901443705277455,fac-opacity-cowan-state,T613p422_rho0p00149014,0.3356732999719234,0.012248414862515957,0.3388633551434624,0.003190082650873244,ok,/home/elads/STAR/full_grid_solar_opacity/runs/T613p422_rho0p00149014/fac-opacity-cowan-state/starout.h5
613.4217006150764,0.002141453563853953,fac-opacity-cowan-state,T613p422_rho0p00214145,0.33565091291013355,0.014980097107219145,0.3398785472676967,0.004229901070256631,ok,/home/elads/STAR/full_grid_solar_opacity/runs/T613p422_rho0p00214145/fac-opacity-cowan-state/starout.h5
613.4217006150764,0.003077435620898055,fac-opacity-cowan-state,T613p422_rho0p00307744,0.335619286003306,0.018364924038258654,0.34106370580161066,0.005447139193540371,ok,/home/elads/STAR/full_grid_solar_opacity/runs/T613p422_rho0p00307744/fac-opacity-cowan-state/starout.h5
613.4217006150764,0.004422514763163053,fac-opacity-cowan-state,T613p422_rho0p00442251,0.3355748120673505,0.023117358817414037,0.3427102269034358,0.007138300776162594,ok,/home/elads/STAR/full_grid_solar_opacity/runs/T613p422_rho0p00442251/fac-opacity-cowan-state/starout.h5
613.4217006150764,0.006355498291362301,fac-opacity-cowan-state,T613p422_rho0p0063555,0.3355126458765411,0.029614775329542833,0.34489342586398714,0.009382245319122875,ok,/home/elads/STAR/full_grid_solar_opacity/runs/T613p422_rho0p0063555/fac-opacity-cowan-state/starout.h5
613.4217006150764,0.009133346228248624,fac-opacity-cowan-state,T613p422_rho0p00913335,0.3354258238485324,0.038939279114352285,0.3478568144922963,0.012428700268851522,ok,/home/elads/STAR/full_grid_solar_opacity/runs/T613p422_rho0p00913335/fac-opacity-cowan-state/starout.h5
613.4217006150764,0.01312533014735226,fac-opacity-cowan-state,T613p422_rho0p0131253,0.33530463058517296,0.051710496745154995,0.35149241063222103,0.016175349085412172,ok,/home/elads/STAR/full_grid_solar_opacity/runs/T613p422_rho0p0131253/fac-opacity-cowan-state/starout.h5
613.4217006150764,0.018862122071335155,fac-opacity-cowan-state,T613p422_rho0p0188621,0.33513592454176416,0.06933982463346147,0.35599250113650244,0.02082428867903754,ok,/home/elads/STAR/full_grid_solar_opacity/runs/T613p422_rho0p0188621/fac-opacity-cowan-state/starout.h5
613.4217006150764,0.02710633904364831,fac-opacity-cowan-state,T613p422_rho0p0271063,0.33490146365706686,0.09398161126477173,0.36165220684552307,0.026683116591725304,ok,/home/elads/STAR/full_grid_solar_opacity/runs/T613p422_rho0p0271063/fac-opacity-cowan-state/starout.h5
613.4217006150764,0.038953921174427183,fac-opacity-cowan-state,T613p422_rho0p0389539,0.33457661542539124,0.13011321449223795,0.36952471521623986,0.03482526282150185,ok,/home/elads/STAR/full_grid_solar_opacity/runs/T613p422_rho0p0389539/fac-opacity-cowan-state/starout.h5
613.4217006150764,0.0559798197912329,fac-opacity-cowan-state,T613p422_rho0p0559798,0.33412905116790637,0.17934373056203842,0.3782177037682494,0.04387008888717222,ok,/home/elads/STAR/full_grid_solar_opacity/runs/T613p422_rho0p0559798/fac-opacity-cowan-state/starout.h5
613.4217006150764,0.08044736266284185,fac-opacity-cowan-state,T613p422_rho0p0804474,0.3335129443737431,0.2516906786075601,0.3905297287264187,0.056654213480784865,ok,/home/elads/STAR/full_grid_solar_opacity/runs/T613p422_rho0p0804474/fac-opacity-cowan-state/starout.h5
613.4217006150764,0.11560912813835741,fac-opacity-cowan-state,T613p422_rho0p115609,0.3326724147709384,0.3508610525192455,0.40382012606157525,0.07056335883803948,ok,/home/elads/STAR/full_grid_solar_opacity/runs/T613p422_rho0p115609/fac-opacity-cowan-state/starout.h5
613.4217006150764,0.1661393247274789,fac-opacity-cowan-state,T613p422_rho0p166139,0.3315344641769125,0.49360573699353855,0.4197605679470304,0.08730953854332489,ok,/home/elads/STAR/full_grid_solar_opacity/runs/T613p422_rho0p166139/fac-opacity-cowan-state/starout.h5
613.4217006150764,0.23875515424585794,fac-opacity-cowan-state,T613p422_rho0p238755,0.3300086296140988,0.6941561127747427,0.43780474634138,0.10639767336034626,ok,/home/elads/STAR/full_grid_solar_opacity/runs/T613p422_rho0p238755/fac-opacity-cowan-state/starout.h5
613.4217006150764,0.34310975906798746,fac-opacity-cowan-state,T613p422_rho0p34311,0.32795908908614835,0.9805909271197003,0.4593647887666958,0.1293180916929181,ok,/home/elads/STAR/full_grid_solar_opacity/runs/T613p422_rho0p34311/fac-opacity-cowan-state/starout.h5
613.4217006150764,0.49307545690287347,fac-opacity-cowan-state,T613p422_rho0p493075,0.3253001374415952,1.3881311496056856,0.4841746914139204,0.15582123009021284,ok,/home/elads/STAR/full_grid_solar_opacity/runs/T613p422_rho0p493075/fac-opacity-cowan-state/starout.h5
613.4217006150764,0.7085878491488851,fac-opacity-cowan-state,T613p422_rho0p708588,0.32187936764867336,1.9701920281868326,0.5153365536513753,0.18910698113695842,ok,/home/elads/STAR/full_grid_solar_opacity/runs/T613p422_rho0p708588/fac-opacity-cowan-state/starout.h5
613.4217006150764,1.0182959482819007,fac-opacity-cowan-state,T613p422_rho1p0183,0.31756417287409183,2.80054911525877,0.5531527918743392,0.2295375863169382,ok,/home/elads/STAR/full_grid_solar_opacity/runs/T613p422_rho1p0183/fac-opacity-cowan-state/starout.h5
613.4217006150764,1.4633706173946401,fac-opacity-cowan-state,T613p422_rho1p46337,0.3122430320709241,3.9802357403649644,0.5988504235744764,0.2784252436441341,ok,/home/elads/STAR/full_grid_solar_opacity/runs/T613p422_rho1p46337/fac-opacity-cowan-state/starout.h5
613.4217006150764,2.1029775945461404,fac-opacity-cowan-state,T613p422_rho2p10298,0.3058564379884069,5.655813112694289,0.6560960527136652,0.3395154819885013,ok,/home/elads/STAR/full_grid_solar_opacity/runs/T613p422_rho2p10298/fac-opacity-cowan-state/starout.h5
613.4217006150764,3.0221426551783854,fac-opacity-cowan-state,T613p422_rho3p02214,0.29842529378736976,8.032303958103823,0.730877821647837,0.41884875931962434,ok,/home/elads/STAR/full_grid_solar_opacity/runs/T613p422_rho3p02214/fac-opacity-cowan-state/starout.h5
613.4217006150764,4.343054463316713,fac-opacity-cowan-state,T613p422_rho4p34305,0.29008785877907445,11.375606535354366,0.826228654281746,0.5195679121234668,ok,/home/elads/STAR/full_grid_solar_opacity/runs/T613p422_rho4p34305/fac-opacity-cowan-state/starout.h5
613.4217006150764,6.241307649397467,fac-opacity-cowan-state,T613p422_rho6p24131,0.28111851327658516,16.057714616770127,0.947370363318154,0.6468283267577417,ok,/home/elads/STAR/full_grid_solar_opacity/runs/T613p422_rho6p24131/fac-opacity-cowan-state/starout.h5
613.4217006150764,8.969245378672715,fac-opacity-cowan-state,T613p422_rho8p96925,0.271953687230061,22.591534243665542,1.1023097268079,0.8084990574202795,ok,/home/elads/STAR/full_grid_solar_opacity/runs/T613p422_rho8p96925/fac-opacity-cowan-state/starout.h5
613.4217006150764,12.889504440725364,fac-opacity-cowan-state,T613p422_rho12p8895,0.26316937543348906,31.57028329491943,1.3006860081876745,1.0141422579387225,ok,/home/elads/STAR/full_grid_solar_opacity/runs/T613p422_rho12p8895/fac-opacity-cowan-state/starout.h5
613.4217006150764,18.52322215674118,fac-opacity-cowan-state,T613p422_rho18p5232,0.25546834533519974,43.79394398082515,1.5551771579318898,1.275946216452205,ok,/home/elads/STAR/full_grid_solar_opacity/runs/T613p422_rho18p5232/fac-opacity-cowan-state/starout.h5
613.4217006150764,26.61931346126126,fac-opacity-cowan-state,T613p422_rho26p6193,0.2496289232867418,60.183133011311554,1.8898058102285926,1.61733198272061,ok,/home/elads/STAR/full_grid_solar_opacity/runs/T613p422_rho26p6193/fac-opacity-cowan-state/starout.h5
613.4217006150764,38.254027466328665,fac-opacity-cowan-state,T613p422_rho38p254,0.24644354659974896,81.73605215857702,2.3420761668527637,2.0750450579710225,ok,/home/elads/STAR/full_grid_solar_opacity/runs/T613p422_rho38p254/fac-opacity-cowan-state/starout.h5
613.4217006150764,54.97401800103719,fac-opacity-cowan-state,T613p422_rho54p974,0.2466748971228512,109.17541807952881,2.961644344947765,2.697851773994356,ok,/home/elads/STAR/full_grid_solar_opacity/runs/T613p422_rho54p974/fac-opacity-cowan-state/starout.h5
613.4217006150764,79.0019471240894,fac-opacity-cowan-state,T613p422_rho79p0019,0.25090002030744535,142.6054545163861,3.811763888490357,3.5479801903602786,ok,/home/elads/STAR/full_grid_solar_opacity/runs/T613p422_rho79p0019/fac-opacity-cowan-state/starout.h5
613.4217006150764,113.53195339077567,fac-opacity-cowan-state,T613p422_rho113p532,0.2592840277989557,181.30347708783734,4.968012553833745,4.700329360651029,ok,/home/elads/STAR/full_grid_solar_opacity/runs/T613p422_rho113p532/fac-opacity-cowan-state/starout.h5
613.4217006150764,163.15426277379785,fac-opacity-cowan-state,T613p422_rho163p154,0.2715883490938161,222.79511937791082,6.499508085531971,6.223697866886343,ok,/home/elads/STAR/full_grid_solar_opacity/runs/T613p422_rho163p154/fac-opacity-cowan-state/starout.h5
613.4217006150764,234.46538763970608,fac-opacity-cowan-state,T613p422_rho234p465,0.28690181356141137,262.42243365126893,8.470996021036266,8.183324074858344,ok,/home/elads/STAR/full_grid_solar_opacity/runs/T613p422_rho234p465/fac-opacity-cowan-state/starout.h5
613.4217006150764,336.94503022121665,fac-opacity-cowan-state,T613p422_rho336p945,0.3036839504339021,292.7176025967438,10.903562300974096,10.601599494898812,ok,/home/elads/STAR/full_grid_solar_opacity/runs/T613p422_rho336p945/fac-opacity-cowan-state/starout.h5
613.4217006150764,484.21626123015125,fac-opacity-cowan-state,T613p422_rho484p216,0.32051592771647436,309.00939957590504,13.727473199308346,13.410194959086235,ok,/home/elads/STAR/full_grid_solar_opacity/runs/T613p422_rho484p216/fac-opacity-cowan-state/starout.h5
613.4217006150764,695.8564947100452,fac-opacity-cowan-state,T613p422_rho695p856,0.33661089983714565,333.53483935198506,16.640204589539383,16.307536203205977,ok,/home/elads/STAR/full_grid_solar_opacity/runs/T613p422_rho695p856/fac-opacity-cowan-state/starout.h5
613.4217006150764,1000.0,fac-opacity-cowan-state,T613p422_rho1000,0.35228842912583685,354.8263991293157,19.07143893937846,18.723229846995782,ok,/home/elads/STAR/full_grid_solar_opacity/runs/T613p422_rho1000/fac-opacity-cowan-state/starout.h5
675.3043221352988,1e-17,fac-opacity-cowan-state,T675p304_rho1em17,0.33558631320537724,2.0882709138002095e-17,0.33558631320537724,7.579817691774645e-18,ok,/home/elads/STAR/full_grid_solar_opacity/runs/T675p304_rho1em17/fac-opacity-cowan-state/starout.h5
675.3043221352988,1.4370779141993746e-17,fac-opacity-cowan-state,T675p304_rho1p43708em17,0.33558631320541743,2.945183632579619e-17,0.3355863132054175,1.0671975345550232e-17,ok,/home/elads/STAR/full_grid_solar_opacity/runs/T675p304_rho1p43708em17/fac-opacity-cowan-state/starout.h5
675.3043221352988,2.065192931479625e-17,fac-opacity-cowan-state,T675p304_rho2p06519em17,0.3355863132054674,4.1766342109977657e-17,0.3355863132054673,1.511564842978064e-17,ok,/home/elads/STAR/full_grid_solar_opacity/runs/T675p304_rho2p06519em17/fac-opacity-cowan-state/starout.h5
675.3043221352988,2.9678431503900313e-17,fac-opacity-cowan-state,T675p304_rho2p96784em17,0.3355863132055163,5.949269315550596e-17,0.3355863132055163,2.1512326368699556e-17,ok,/home/elads/STAR/full_grid_solar_opacity/runs/T675p304_rho2p96784em17/fac-opacity-cowan-state/starout.h5
675.3043221352988,4.2650218442334076e-17,fac-opacity-cowan-state,T675p304_rho4p26502em17,0.3355863132055674,8.500637307465862e-17,0.3355863132055675,3.0719316302853184e-17,ok,/home/elads/STAR/full_grid_solar_opacity/runs/T675p304_rho4p26502em17/fac-opacity-cowan-state/starout.h5
675.3043221352988,6.129168695925715e-17,fac-opacity-cowan-state,T675p304_rho6p12917em17,0.3355863132096339,1.219136058028291e-16,0.33558631320963395,4.4047465119781154e-17,ok,/home/elads/STAR/full_grid_solar_opacity/runs/T675p304_rho6p12917em17/fac-opacity-cowan-state/starout.h5
675.3043221352988,8.808092965317026e-17,fac-opacity-cowan-state,T675p304_rho8p80809em17,0.3355863132055271,1.7518869001492873e-16,0.3355863132055272,6.329586600168591e-17,ok,/home/elads/STAR/full_grid_solar_opacity/runs/T675p304_rho8p80809em17/fac-opacity-cowan-state/starout.h5
675.3043221352988,1.2657915866672028e-16,fac-opacity-cowan-state,T675p304_rho1p26579em16,0.33558631320558524,2.5174323692136173e-16,0.33558631320558524,9.09552702823692e-17,ok,/home/elads/STAR/full_grid_solar_opacity/runs/T675p304_rho1p26579em16/fac-opacity-cowan-state/starout.h5
675.3043221352988,1.819041133178821e-16,fac-opacity-cowan-state,T675p304_rho1p81904em16,0.3355863132047906,3.617488474181945e-16,0.33558631320479065,1.3070075121724977e-16,ok,/home/elads/STAR/full_grid_solar_opacity/runs/T675p304_rho1p81904em16/fac-opacity-cowan-state/starout.h5
675.3043221352988,2.6141038375114865e-16,fac-opacity-cowan-state,T675p304_rho2p6141em16,0.33558631320652904,5.19821335423425e-16,0.33558631320652926,1.8781316640842714e-16,ok,/home/elads/STAR/full_grid_solar_opacity/runs/T675p304_rho2p6141em16/fac-opacity-cowan-state/starout.h5
675.3043221352988,3.7566708903116036e-16,fac-opacity-cowan-state,T675p304_rho3p75667em16,0.3355863131996148,7.469623984145864e-16,0.335586313199615,2.698807194083208e-16,ok,/home/elads/STAR/full_grid_solar_opacity/runs/T675p304_rho3p75667em16/fac-opacity-cowan-state/starout.h5
675.3043221352988,5.398628767382507e-16,fac-opacity-cowan-state,T675p304_rho5p39863em16,0.3355863132126014,1.073349880168409e-15,0.3355863132126018,3.8780714898196564e-16,ok,/home/elads/STAR/full_grid_solar_opacity/runs/T675p304_rho5p39863em16/fac-opacity-cowan-state/starout.h5
675.3043221352988,7.758250168566793e-16,fac-opacity-cowan-state,T675p304_rho7p75825em16,0.3355863132057251,1.542345922359192e-15,0.3355863132057257,5.572600164119394e-16,ok,/home/elads/STAR/full_grid_solar_opacity/runs/T675p304_rho7p75825em16/fac-opacity-cowan-state/starout.h5
675.3043221352988,1.1149209970080914e-15,fac-opacity-cowan-state,T675p304_rho1p11492em15,0.33558631318928783,2.2162607074055593e-15,0.3355863131892886,8.007533870385334e-16,ok,/home/elads/STAR/full_grid_solar_opacity/runs/T675p304_rho1p11492em15/fac-opacity-cowan-state/starout.h5
675.3043221352988,1.6022283408774753e-15,fac-opacity-cowan-state,T675p304_rho1p60223em15,0.3355863132053866,3.1846302439558544e-15,0.3355863132053877,1.1506390387625063e-15,ok,/home/elads/STAR/full_grid_solar_opacity/runs/T675p304_rho1p60223em15/fac-opacity-cowan-state/starout.h5
675.3043221352988,2.3025269621793266e-15,fac-opacity-cowan-state,T675p304_rho2p30253em15,0.3355863132057557,4.576119208398054e-15,0.3355863132057573,1.6534075497540632e-15,ok,/home/elads/STAR/full_grid_solar_opacity/runs/T675p304_rho2p30253em15/fac-opacity-cowan-state/starout.h5
675.3043221352988,3.308910644196489e-15,fac-opacity-cowan-state,T675p304_rho3p30891em15,0.33558631320612864,6.5756227130105295e-15,0.33558631320613097,2.375868468084913e-15,ok,/home/elads/STAR/full_grid_solar_opacity/runs/T675p304_rho3p30891em15/fac-opacity-cowan-state/starout.h5
675.3043221352988,4.755162406834019e-15,fac-opacity-cowan-state,T675p304_rho4p75516em15,0.33558631320284016,9.448852405395892e-15,0.33558631320284354,3.4140350859494815e-15,ok,/home/elads/STAR/full_grid_solar_opacity/runs/T675p304_rho4p75516em15/fac-opacity-cowan-state/starout.h5
675.3043221352988,6.8335388732923106e-15,fac-opacity-cowan-state,T675p304_rho6p83354em15,0.3355863132053284,1.3577680633696953e-14,0.3355863132053332,4.9058976850433376e-15,ok,/home/elads/STAR/full_grid_solar_opacity/runs/T675p304_rho6p83354em15/fac-opacity-cowan-state/starout.h5
675.3043221352988,9.820327790631256e-15,fac-opacity-cowan-state,T675p304_rho9p82033em15,0.33558631319935406,1.9510957755974088e-14,0.3355863131993609,7.049788266384601e-15,ok,/home/elads/STAR/full_grid_solar_opacity/runs/T675p304_rho9p82033em15/fac-opacity-cowan-state/starout.h5
675.3043221352988,1.4112576178114521e-14,fac-opacity-cowan-state,T675p304_rho1p41126em14,0.33558631320697224,2.8037583283377608e-14,0.33558631320698207,1.0130794421979163e-14,ok,/home/elads/STAR/full_grid_solar_opacity/runs/T675p304_rho1p41126em14/fac-opacity-cowan-state/starout.h5
675.3043221352988,2.0280871538024598e-14,fac-opacity-cowan-state,T675p304_rho2p02809em14,0.3355863132048102,4.029157998979909e-14,0.3355863132048243,1.4558732682774257e-14,ok,/home/elads/STAR/full_grid_solar_opacity/runs/T675p304_rho2p02809em14/fac-opacity-cowan-state/starout.h5
675.3043221352988,2.914519256800997e-14,fac-opacity-cowan-state,T675p304_rho2p91452em14,0.3355863132109442,5.790321744000042e-14,0.3355863132109642,2.0922779106807048e-14,ok,/home/elads/STAR/full_grid_solar_opacity/runs/T675p304_rho2p91452em14/fac-opacity-cowan-state/starout.h5
675.3043221352988,4.188391254457488e-14,fac-opacity-cowan-state,T675p304_rho4p18839em14,0.33558631320222,8.321646363098511e-14,0.33558631320224946,3.007007807636815e-14,ok,/home/elads/STAR/full_grid_solar_opacity/runs/T675p304_rho4p18839em14/fac-opacity-cowan-state/starout.h5
675.3043221352988,6.019044567806669e-14,fac-opacity-cowan-state,T675p304_rho6p01904em14,0.3355863132054575,1.1960161245725854e-13,0.3355863132054998,4.3218764762932214e-14,ok,/home/elads/STAR/full_grid_solar_opacity/runs/T675p304_rho6p01904em14/fac-opacity-cowan-state/starout.h5
675.3043221352988,8.649836012976684e-14,fac-opacity-cowan-state,T675p304_rho8p64984em14,0.33558631320256205,1.7190532444048757e-13,0.3355863132026233,6.212068820642404e-14,ok,/home/elads/STAR/full_grid_solar_opacity/runs/T675p304_rho8p64984em14/fac-opacity-cowan-state/starout.h5
675.3043221352988,1.2430488295695167e-13,fac-opacity-cowan-state,T675p304_rho1p24305em13,0.33558631320424076,2.4709783943324296e-13,0.3355863132043289,8.929545101087025e-14,ok,/home/elads/STAR/full_grid_solar_opacity/runs/T675p304_rho1p24305em13/fac-opacity-cowan-state/starout.h5
675.3043221352988,1.7863580192457348e-13,fac-opacity-cowan-state,T675p304_rho1p78636em13,0.33558631320650834,3.552047452113563e-13,0.33558631320663457,1.283673669526929e-13,ok,/home/elads/STAR/full_grid_solar_opacity/runs/T675p304_rho1p78636em13/fac-opacity-cowan-state/starout.h5
675.3043221352988,2.567135656310987e-13,fac-opacity-cowan-state,T675p304_rho2p56714em13,0.3355863132071999,5.106478281675577e-13,0.3355863132073817,1.8455049305573348e-13,ok,/home/elads/STAR/full_grid_solar_opacity/runs/T675p304_rho2p56714em13/fac-opacity-cowan-state/starout.h5
675.3043221352988,3.6891739544382357e-13,fac-opacity-cowan-state,T675p304_rho3p68917em13,0.3355863132049907,7.341746213235765e-13,0.335586313205252,2.6534655808222753e-13,ok,/home/elads/STAR/full_grid_solar_opacity/runs/T675p304_rho3p68917em13/fac-opacity-cowan-state/starout.h5
675.3043221352988,5.301630411562758e-13,fac-opacity-cowan-state,T675p304_rho5p30163em13,0.33558631303513886,1.0556499823812673e-12,0.33558631303551456,3.8155573848172496e-13,ok,/home/elads/STAR/full_grid_solar_opacity/runs/T675p304_rho5p30163em13/fac-opacity-cowan-state/starout.h5
675.3043221352988,7.618855973704612e-13,fac-opacity-cowan-state,T675p304_rho7p61886em13,0.33558631317935206,1.5180162240593921e-12,0.33558631317989257,5.487079007540502e-13,ok,/home/elads/STAR/full_grid_solar_opacity/runs/T675p304_rho7p61886em13/fac-opacity-cowan-state/starout.h5
675.3043221352988,1.0948889651276868e-12,fac-opacity-cowan-state,T675p304_rho1p09489em12,0.33558631320420684,2.1831614383971652e-12,0.33558631320498467,7.891906810497985e-13,ok,/home/elads/STAR/full_grid_solar_opacity/runs/T675p304_rho1p09489em12/fac-opacity-cowan-state/starout.h5
675.3043221352988,1.5734407502856082e-12,fac-opacity-cowan-state,T675p304_rho1p57344em12,0.3355863131990059,1.4315288914532843e-11,0.33558631323596544,3.591614049021742e-11,ok,/home/elads/STAR/full_grid_solar_opacity/runs/T675p304_rho1p57344em12/fac-opacity-cowan-state/starout.h5
675.3043221352988,2.26115695153675e-12,fac-opacity-cowan-state,T675p304_rho2p26116em12,0.3355863132157762,2.0576416968206216e-11,0.3355863132689071,5.163107965193824e-11,ok,/home/elads/STAR/full_grid_solar_opacity/runs/T675p304_rho2p26116em12/fac-opacity-cowan-state/starout.h5
675.3043221352988,3.249458715591849e-12,fac-opacity-cowan-state,T675p304_rho3p24946em12,0.3355863131887471,2.957875195933926e-11,0.33558631326510163,7.419978562888361e-11,ok,/home/elads/STAR/full_grid_solar_opacity/runs/T675p304_rho3p24946em12/fac-opacity-cowan-state/starout.h5
675.3043221352988,4.669725353279713e-12,fac-opacity-cowan-state,T675p304_rho4p66973em12,0.33558631317543575,4.252101371672309e-11,0.33558631328517596,1.0664491809392699e-10,ok,/home/elads/STAR/full_grid_solar_opacity/runs/T675p304_rho4p66973em12/fac-opacity-cowan-state/starout.h5
675.3043221352988,6.710759170575148e-12,fac-opacity-cowan-state,T675p304_rho6p71076em12,0.33558631320148596,6.112748038798603e-11,0.3355863133592225,1.5328635792125062e-10,ok,/home/elads/STAR/full_grid_solar_opacity/runs/T675p304_rho6p71076em12/fac-opacity-cowan-state/starout.h5
675.3043221352988,9.64388379154446e-12,fac-opacity-cowan-state,T675p304_rho9p64388em12,0.33558631319641963,8.78931999389813e-11,0.3355863134230897,2.2027470869216177e-10,ok,/home/elads/STAR/full_grid_solar_opacity/runs/T675p304_rho9p64388em12/fac-opacity-cowan-state/starout.h5
675.3043221352988,1.3859012403933867e-11,fac-opacity-cowan-state,T675p304_rho1p3859em11,0.3355863108408917,7.19049679285175e-10,0.3355863127961893,1.908001102480185e-09,ok,/home/elads/STAR/full_grid_solar_opacity/runs/T675p304_rho1p3859em11/fac-opacity-cowan-state/starout.h5
675.3043221352988,1.9916480638308542e-11,fac-opacity-cowan-state,T675p304_rho1p99165em11,0.3351705413966087,1.0335010000024438e-09,0.33517054420712705,2.7425400465948522e-09,ok,/home/elads/STAR/full_grid_solar_opacity/runs/T675p304_rho1p99165em11/fac-opacity-cowan-state/starout.h5
675.3043221352988,2.8621534453892672e-11,fac-opacity-cowan-state,T675p304_rho2p86215em11,0.33517054146638775,1.4862132807534293e-09,0.33517054550592185,3.94183960784221e-09,ok,/home/elads/STAR/full_grid_solar_opacity/runs/T675p304_rho2p86215em11/fac-opacity-cowan-state/starout.h5
675.3043221352988,4.1131375034185614e-11,fac-opacity-cowan-state,T675p304_rho4p11314em11,0.3351705414636981,2.1374403604038564e-09,0.3351705472702301,5.6661225042229335e-09,ok,/home/elads/STAR/full_grid_solar_opacity/runs/T675p304_rho4p11314em11/fac-opacity-cowan-state/starout.h5
675.3043221352988,5.910899064227969e-11,fac-opacity-cowan-state,T675p304_rho5p9109em11,0.33517054137720953,3.0736682753222882e-09,0.33517054972197935,8.143016602944266e-09,ok,/home/elads/STAR/full_grid_solar_opacity/runs/T675p304_rho5p9109em11/fac-opacity-cowan-state/starout.h5
675.3043221352988,8.4944224982638e-11,fac-opacity-cowan-state,T675p304_rho8p49442em11,0.33517054144874436,4.418358369727373e-09,0.3351705534415673,1.1702877065127221e-08,ok,/home/elads/STAR/full_grid_solar_opacity/runs/T675p304_rho8p49442em11/fac-opacity-cowan-state/starout.h5
675.3043221352988,1.2207146966133182e-10,fac-opacity-cowan-state,T675p304_rho1p22071em10,0.33517054132453555,6.349563166998686e-09,0.33517055855792516,1.6816735620895187e-08,ok,/home/elads/STAR/full_grid_solar_opacity/runs/T675p304_rho1p22071em10/fac-opacity-cowan-state/starout.h5
675.3043221352988,1.7542621300415897e-10,fac-opacity-cowan-state,T675p304_rho1p75426em10,0.3351705414085023,9.121735154010142e-09,0.3351705661706653,2.4163429465287447e-08,ok,/home/elads/STAR/full_grid_solar_opacity/runs/T675p304_rho1p75426em10/fac-opacity-cowan-state/starout.h5
675.3043221352988,2.52101136279913e-10,fac-opacity-cowan-state,T675p304_rho2p52101em10,0.3351705413087033,1.3108443614029673e-08,0.33517057688698654,3.471801948481141e-08,ok,/home/elads/STAR/full_grid_solar_opacity/runs/T675p304_rho2p52101em10/fac-opacity-cowan-state/starout.h5
675.3043221352988,3.6228897509242966e-10,fac-opacity-cowan-state,T675p304_rho3p62289em10,0.3351705412315524,1.885117026665581e-08,0.33517059235053365,4.988316068165108e-08,ok,/home/elads/STAR/full_grid_solar_opacity/runs/T675p304_rho3p62289em10/fac-opacity-cowan-state/starout.h5
675.3043221352988,5.20637484663258e-10,fac-opacity-cowan-state,T675p304_rho5p20637em10,0.33517054110767247,2.711756149357759e-08,0.3351706145423379,7.165978890089902e-08,ok,/home/elads/STAR/full_grid_solar_opacity/runs/T675p304_rho5p20637em10/fac-opacity-cowan-state/starout.h5
675.3043221352988,7.481966305138837e-10,fac-opacity-cowan-state,T675p304_rho7p48197em10,0.3351705408169478,3.903100116250885e-08,0.3351706463205577,1.029544651428274e-07,ok,/home/elads/STAR/full_grid_solar_opacity/runs/T675p304_rho7p48197em10/fac-opacity-cowan-state/starout.h5
675.3043221352988,1.0752168531898921e-09,fac-opacity-cowan-state,T675p304_rho1p07522em09,0.335170540702151,5.6152393843825937e-08,0.33517069222780527,1.4786520491679355e-07,ok,/home/elads/STAR/full_grid_solar_opacity/runs/T675p304_rho1p07522em09/fac-opacity-cowan-state/starout.h5
675.3043221352988,1.5451703926941453e-09,fac-opacity-cowan-state,T675p304_rho1p54517em09,0.3351705403592845,8.070522279534987e-08,0.33517075786365735,2.1224992317068767e-07,ok,/home/elads/STAR/full_grid_solar_opacity/runs/T675p304_rho1p54517em09/fac-opacity-cowan-state/starout.h5
675.3043221352988,2.220530245015531e-09,fac-opacity-cowan-state,T675p304_rho2p22053em09,0.3351705398729387,1.1611129176271138e-07,0.33517085197486546,3.0456363492229084e-07,ok,/home/elads/STAR/full_grid_solar_opacity/runs/T675p304_rho2p22053em09/fac-opacity-cowan-state/starout.h5
675.3043221352988,3.1910749729235452e-09,fac-opacity-cowan-state,T675p304_rho3p19107em09,0.3351705391837508,1.670971629085275e-07,0.33517098741491214,4.374146268685377e-07,ok,/home/elads/STAR/full_grid_solar_opacity/runs/T675p304_rho3p19107em09/fac-opacity-cowan-state/starout.h5
675.3043221352988,4.585823366142813e-09,fac-opacity-cowan-state,T675p304_rho4p58582em09,0.33517053820378967,2.3983307923665846e-07,0.3351711800485816,6.263496145872973e-07,ok,/home/elads/STAR/full_grid_solar_opacity/runs/T675p304_rho4p58582em09/fac-opacity-cowan-state/starout.h5
675.3043221352988,6.590185477903269e-09,fac-opacity-cowan-state,T675p304_rho6p59019em09,0.33517053673563246,3.4399680248075404e-07,0.3351714544671981,8.955624411898176e-07,ok,/home/elads/STAR/full_grid_solar_opacity/runs/T675p304_rho6p59019em09/fac-opacity-cowan-state/starout.h5
675.3043221352988,9.470610000772238e-09,fac-opacity-cowan-state,T675p304_rho9p47061em09,0.33517053489734344,4.933267381648564e-07,0.3351718443909093,1.2778367539360727e-06,ok,/home/elads/STAR/full_grid_solar_opacity/runs/T675p304_rho9p47061em09/fac-opacity-cowan-state/starout.h5
675.3043221352988,1.3610004466105506e-08,fac-opacity-cowan-state,T675p304_rho1p361em08,0.3351705322510512,7.160237667844729e-07,0.33517241667771436,1.8388320774818149e-06,ok,/home/elads/STAR/full_grid_solar_opacity/runs/T675p304_rho1p361em08/fac-opacity-cowan-state/starout.h5
675.3043221352988,1.9558636830395073e-08,fac-opacity-cowan-state,T675p304_rho1p95586em08,0.3351705286357606,1.0333722435778164e-06,0.33517320347027724,2.6101693414720045e-06,ok,/home/elads/STAR/full_grid_solar_opacity/runs/T675p304_rho1p95586em08/fac-opacity-cowan-state/starout.h5
675.3043221352988,2.810728502080722e-08,fac-opacity-cowan-state,T675p304_rho2p81073em08,0.33517052386715573,1.480457873602091e-06,0.3351742939768568,3.678825195729997e-06,ok,/home/elads/STAR/full_grid_solar_opacity/runs/T675p304_rho2p81073em08/fac-opacity-cowan-state/starout.h5
675.3043221352988,4.039235853150913e-08,fac-opacity-cowan-state,T675p304_rho4p03924em08,0.33517051727521324,2.129028526557798e-06,0.33517579521804336,5.150036992884922e-06,ok,/home/elads/STAR/full_grid_solar_opacity/runs/T675p304_rho4p03924em08/fac-opacity-cowan-state/starout.h5
675.3043221352988,5.804696634805446e-08,fac-opacity-cowan-state,T675p304_rho5p8047em08,0.3351705087009703,3.0846871412333713e-06,0.33517784733841,7.161097887856887e-06,ok,/home/elads/STAR/full_grid_solar_opacity/runs/T675p304_rho5p8047em08/fac-opacity-cowan-state/starout.h5
675.3043221352988,8.341801332506338e-08,fac-opacity-cowan-state,T675p304_rho8p3418em08,0.33517049758898226,4.475461914321463e-06,0.335180577218012,9.836128761747132e-06,ok,/home/elads/STAR/full_grid_solar_opacity/runs/T675p304_rho8p3418em08/fac-opacity-cowan-state/starout.h5
675.3043221352988,1.1987818459583772e-07,fac-opacity-cowan-state,T675p304_rho1p19878em07,0.3351704828879471,6.407866807839103e-06,0.3351840866956381,1.3274213879382521e-05,ok,/home/elads/STAR/full_grid_solar_opacity/runs/T675p304_rho1p19878em07/fac-opacity-cowan-state/starout.h5
675.3043221352988,1.7227429147699408e-07,fac-opacity-cowan-state,T675p304_rho1p72274em07,0.3351704638387363,9.191031911437191e-06,0.33518851479798145,1.761227320732532e-05,ok,/home/elads/STAR/full_grid_solar_opacity/runs/T675p304_rho1p72274em07/fac-opacity-cowan-state/starout.h5
675.3043221352988,2.4757157946593376e-07,fac-opacity-cowan-state,T675p304_rho2p47572em07,0.3351704389740759,1.3265658942876828e-05,0.3351939991106443,2.2987197305904994e-05,ok,/home/elads/STAR/full_grid_solar_opacity/runs/T675p304_rho2p47572em07/fac-opacity-cowan-state/starout.h5
675.3043221352988,3.557796490339488e-07,fac-opacity-cowan-state,T675p304_rho3p5578em07,0.33517040635223855,1.9159796073897697e-05,0.3352005468316818,2.9406956518451202e-05,ok,/home/elads/STAR/full_grid_solar_opacity/runs/T675p304_rho3p5578em07/fac-opacity-cowan-state/starout.h5
675.3043221352988,5.112830759482948e-07,fac-opacity-cowan-state,T675p304_rho5p11283em07,0.3351703636949738,2.7440247072487965e-05,0.3352081177611667,3.683109993633064e-05,ok,/home/elads/STAR/full_grid_solar_opacity/runs/T675p304_rho5p11283em07/fac-opacity-cowan-state/starout.h5
675.3043221352988,7.347536163492159e-07,fac-opacity-cowan-state,T675p304_rho7p34754em07,0.3351703067045141,3.925588529276543e-05,0.33521677791050775,4.533012283610926e-05,ok,/home/elads/STAR/full_grid_solar_opacity/runs/T675p304_rho7p34754em07/fac-opacity-cowan-state/starout.h5
675.3043221352988,1.0558981944335787e-06,fac-opacity-cowan-state,T675p304_rho1p0559em06,0.335170231830634,5.61802867577756e-05,0.33522662864238034,5.500661718941964e-05,ok,/home/elads/STAR/full_grid_solar_opacity/runs/T675p304_rho1p0559em06/fac-opacity-cowan-state/starout.h5
675.3043221352988,1.517407974863493e-06,fac-opacity-cowan-state,T675p304_rho1p51741em06,0.3351701319199033,8.034208985890365e-05,0.33523792406725567,6.611771722018669e-05,ok,/home/elads/STAR/full_grid_solar_opacity/runs/T675p304_rho1p51741em06/fac-opacity-cowan-state/starout.h5
675.3043221352988,2.1806334875063253e-06,fac-opacity-cowan-state,T675p304_rho2p18063em06,0.3351699991663389,0.00011475160023203037,0.33525104887441826,7.90499496854234e-05,ok,/home/elads/STAR/full_grid_solar_opacity/runs/T675p304_rho2p18063em06/fac-opacity-cowan-state/starout.h5
675.3043221352988,3.1337402238588983e-06,fac-opacity-cowan-state,T675p304_rho3p13374em06,0.33516982255012506,0.0001632758900711166,0.33526668498951734,9.448626442346972e-05,ok,/home/elads/STAR/full_grid_solar_opacity/runs/T675p304_rho3p13374em06/fac-opacity-cowan-state/starout.h5
675.3043221352988,4.503428864545845e-06,fac-opacity-cowan-state,T675p304_rho4p50343em06,0.33516958908567196,0.0002305649982743147,0.33528524602818577,0.0001128372207930921,ok,/home/elads/STAR/full_grid_solar_opacity/runs/T675p304_rho4p50343em06/fac-opacity-cowan-state/starout.h5
675.3043221352988,6.471778159406801e-06,fac-opacity-cowan-state,T675p304_rho6p47178em06,0.3351692801895352,0.0003256241915288231,0.3353086880286642,0.00013607539824826682,ok,/home/elads/STAR/full_grid_solar_opacity/runs/T675p304_rho6p47178em06/fac-opacity-cowan-state/starout.h5
675.3043221352988,9.300449458481393e-06,fac-opacity-cowan-state,T675p304_rho9p30045em06,0.33516886988767386,0.0004561538540059965,0.33533735973258944,0.00016455067103552883,ok,/home/elads/STAR/full_grid_solar_opacity/runs/T675p304_rho9p30045em06/fac-opacity-cowan-state/starout.h5
675.3043221352988,1.3365470508911143e-05,fac-opacity-cowan-state,T675p304_rho1p33655em05,0.3351683373264757,0.0006318619407162598,0.3353716102258548,0.0001986080978860339,ok,/home/elads/STAR/full_grid_solar_opacity/runs/T675p304_rho1p33655em05/fac-opacity-cowan-state/starout.h5
675.3043221352988,1.920722248123928e-05,fac-opacity-cowan-state,T675p304_rho1p92072em05,0.3351676413430209,0.0008687667360566384,0.33541252127967974,0.00023939331873524533,ok,/home/elads/STAR/full_grid_solar_opacity/runs/T675p304_rho1p92072em05/fac-opacity-cowan-state/starout.h5
675.3043221352988,2.760227522090268e-05,fac-opacity-cowan-state,T675p304_rho2p76023em05,0.33516675512054345,0.0011822680081704938,0.3354601241261668,0.00028700224261658244,ok,/home/elads/STAR/full_grid_solar_opacity/runs/T675p304_rho2p76023em05/fac-opacity-cowan-state/starout.h5
675.3043221352988,3.966662010161191e-05,fac-opacity-cowan-state,T675p304_rho3p96666em05,0.3351656649951289,0.0015882393753925284,0.3355155264035436,0.0003426001414970392,ok,/home/elads/STAR/full_grid_solar_opacity/runs/T675p304_rho3p96666em05/fac-opacity-cowan-state/starout.h5
675.3043221352988,5.7004023678963655e-05,fac-opacity-cowan-state,T675p304_rho5p7004em05,0.3351647552938753,0.0020931665080174064,0.33557792141673803,0.00040494226487170713,ok,/home/elads/STAR/full_grid_solar_opacity/runs/T675p304_rho5p7004em05/fac-opacity-cowan-state/starout.h5
675.3043221352988,8.191922344953684e-05,fac-opacity-cowan-state,T675p304_rho8p19192em05,0.3351630791029981,0.0027154717737992535,0.33565338868730604,0.00048120013759177325,ok,/home/elads/STAR/full_grid_solar_opacity/runs/T675p304_rho8p19192em05/fac-opacity-cowan-state/starout.h5
675.3043221352988,0.00011772430676769293,fac-opacity-cowan-state,T675p304_rho0p000117724,0.33516075193862765,0.003444656003125626,0.335738514891768,0.0005679514260241947,ok,/home/elads/STAR/full_grid_solar_opacity/runs/T675p304_rho0p000117724/fac-opacity-cowan-state/starout.h5
675.3043221352988,0.00016917900122028344,fac-opacity-cowan-state,T675p304_rho0p000169179,0.3351580907414245,0.004286443960873655,0.33584842223327843,0.0006798740971846011,ok,/home/elads/STAR/full_grid_solar_opacity/runs/T675p304_rho0p000169179/fac-opacity-cowan-state/starout.h5
675.3043221352988,0.0002431234061999784,fac-opacity-cowan-state,T675p304_rho0p000243123,0.33515469310378176,0.005214326359402796,0.3359837713069907,0.0008179763980721117,ok,/home/elads/STAR/full_grid_solar_opacity/runs/T675p304_rho0p000243123/fac-opacity-cowan-state/starout.h5
675.3043221352988,0.0003493872774749123,fac-opacity-cowan-state,T675p304_rho0p000349387,0.33515037882023435,0.006234275086530483,0.33615980473530843,0.0009980611814639276,ok,/home/elads/STAR/full_grid_solar_opacity/runs/T675p304_rho0p000349387/fac-opacity-cowan-state/starout.h5
675.3043221352988,0.0005020967399614471,fac-opacity-cowan-state,T675p304_rho0p000502097,0.3351449181132883,0.007585240564540643,0.33637886268050216,0.0012226272733907033,ok,/home/elads/STAR/full_grid_solar_opacity/runs/T675p304_rho0p000502097/fac-opacity-cowan-state/starout.h5
675.3043221352988,0.0007215521357901021,fac-opacity-cowan-state,T675p304_rho0p000721552,0.3351377108551617,0.00914492088180037,0.3366817166791251,0.0015330004249644172,ok,/home/elads/STAR/full_grid_solar_opacity/runs/T675p304_rho0p000721552/fac-opacity-cowan-state/starout.h5
675.3043221352988,0.0010369266382873438,fac-opacity-cowan-state,T675p304_rho0p00103693,0.3351282329738732,0.010877623445675957,0.33707443080358324,0.0019359383224233928,ok,/home/elads/STAR/full_grid_solar_opacity/runs/T675p304_rho0p00103693/fac-opacity-cowan-state/starout.h5
675.3043221352988,0.0014901443705277455,fac-opacity-cowan-state,T675p304_rho0p00149014,0.33511534119847625,0.012845016502031303,0.33759362495922834,0.002468984511440499,ok,/home/elads/STAR/full_grid_solar_opacity/runs/T675p304_rho0p00149014/fac-opacity-cowan-state/starout.h5
675.3043221352988,0.002141453563853953,fac-opacity-cowan-state,T675p304_rho0p00214145,0.33509775380977347,0.015187473259120428,0.3382722219878831,0.0031669029267832123,ok,/home/elads/STAR/full_grid_solar_opacity/runs/T675p304_rho0p00214145/fac-opacity-cowan-state/starout.h5
675.3043221352988,0.003077435620898055,fac-opacity-cowan-state,T675p304_rho0p00307744,0.3350731842640611,0.017988333542355607,0.33916408741537785,0.0040846826133968915,ok,/home/elads/STAR/full_grid_solar_opacity/runs/T675p304_rho0p00307744/fac-opacity-cowan-state/starout.h5
675.3043221352988,0.004422514763163053,fac-opacity-cowan-state,T675p304_rho0p00442251,0.335038975123402,0.021536442106103275,0.3402966358830217,0.005252734995176582,ok,/home/elads/STAR/full_grid_solar_opacity/runs/T675p304_rho0p00442251/fac-opacity-cowan-state/starout.h5
675.3043221352988,0.006355498291362301,fac-opacity-cowan-state,T675p304_rho0p0063555,0.3349913403902142,0.026181854902268462,0.3417735269276699,0.006777479792617544,ok,/home/elads/STAR/full_grid_solar_opacity/runs/T675p304_rho0p0063555/fac-opacity-cowan-state/starout.h5
675.3043221352988,0.009133346228248624,fac-opacity-cowan-state,T675p304_rho0p00913335,0.3349250214719283,0.03275512088193217,0.34384241124569487,0.008912746773196136,ok,/home/elads/STAR/full_grid_solar_opacity/runs/T675p304_rho0p00913335/fac-opacity-cowan-state/starout.h5
675.3043221352988,0.01312533014735226,fac-opacity-cowan-state,T675p304_rho0p0131253,0.3348324884276298,0.04162637124099653,0.34639806174200655,0.011556754039422483,ok,/home/elads/STAR/full_grid_solar_opacity/runs/T675p304_rho0p0131253/fac-opacity-cowan-state/starout.h5
675.3043221352988,0.018862122071335155,fac-opacity-cowan-state,T675p304_rho0p0188621,0.33470361231602563,0.053891078844227926,0.3496081975722009,0.014885940039215924,ok,/home/elads/STAR/full_grid_solar_opacity/runs/T675p304_rho0p0188621/fac-opacity-cowan-state/starout.h5
675.3043221352988,0.02710633904364831,fac-opacity-cowan-state,T675p304_rho0p0271063,0.33452422702631673,0.07104623850893095,0.3536398416286472,0.019077529580167018,ok,/home/elads/STAR/full_grid_solar_opacity/runs/T675p304_rho0p0271063/fac-opacity-cowan-state/starout.h5
675.3043221352988,0.038953921174427183,fac-opacity-cowan-state,T675p304_rho0p0389539,0.33427502140293935,0.09627363202158536,0.3592801998853392,0.024935516604880054,ok,/home/elads/STAR/full_grid_solar_opacity/runs/T675p304_rho0p0389539/fac-opacity-cowan-state/starout.h5
675.3043221352988,0.0559798197912329,fac-opacity-cowan-state,T675p304_rho0p0559798,0.3339304842437886,0.13083528625099472,0.36557989277903324,0.03152005465937707,ok,/home/elads/STAR/full_grid_solar_opacity/runs/T675p304_rho0p0559798/fac-opacity-cowan-state/starout.h5
675.3043221352988,0.08044736266284185,fac-opacity-cowan-state,T675p304_rho0p0804474,0.3334539316279162,0.18107468567913754,0.37389626885453114,0.04021944549088476,ok,/home/elads/STAR/full_grid_solar_opacity/runs/T675p304_rho0p0804474/fac-opacity-cowan-state/starout.h5
675.3043221352988,0.11560912813835741,fac-opacity-cowan-state,T675p304_rho0p115609,0.33280004892914733,0.2511636929548726,0.38327533426062194,0.050101241791804724,ok,/home/elads/STAR/full_grid_solar_opacity/runs/T675p304_rho0p115609/fac-opacity-cowan-state/starout.h5
675.3043221352988,0.1661393247274789,fac-opacity-cowan-state,T675p304_rho0p166139,0.3319087516517502,0.351933347153016,0.3951144963355482,0.06259879219525068,ok,/home/elads/STAR/full_grid_solar_opacity/runs/T675p304_rho0p166139/fac-opacity-cowan-state/starout.h5
675.3043221352988,0.23875515424585794,fac-opacity-cowan-state,T675p304_rho0p238755,0.33070408635403764,0.49411232644568265,0.40835105979086633,0.07668651689275804,ok,/home/elads/STAR/full_grid_solar_opacity/runs/T675p304_rho0p238755/fac-opacity-cowan-state/starout.h5
675.3043221352988,0.34310975906798746,fac-opacity-cowan-state,T675p304_rho0p34311,0.32906825589479827,0.6976692275958971,0.42450053543992017,0.09395717489487186,ok,/home/elads/STAR/full_grid_solar_opacity/runs/T675p304_rho0p34311/fac-opacity-cowan-state/starout.h5
675.3043221352988,0.49307545690287347,fac-opacity-cowan-state,T675p304_rho0p493075,0.3269234436141239,0.9879058023013693,0.44340516493817816,0.11426983320337465,ok,/home/elads/STAR/full_grid_solar_opacity/runs/T675p304_rho0p493075/fac-opacity-cowan-state/starout.h5
675.3043221352988,0.7085878491488851,fac-opacity-cowan-state,T675p304_rho0p708588,0.3241272466389161,1.4024958949158082,0.46641068599905366,0.139054440665044,ok,/home/elads/STAR/full_grid_solar_opacity/runs/T675p304_rho0p708588/fac-opacity-cowan-state/starout.h5
675.3043221352988,1.0182959482819007,fac-opacity-cowan-state,T675p304_rho1p0183,0.3205447540652792,1.9935535112366773,0.49371458710819,0.16857361771101717,ok,/home/elads/STAR/full_grid_solar_opacity/runs/T675p304_rho1p0183/fac-opacity-cowan-state/starout.h5
675.3043221352988,1.4633706173946401,fac-opacity-cowan-state,T675p304_rho1p46337,0.3160475688920867,2.8362735055546007,0.5285940741354123,0.2061907199298769,ok,/home/elads/STAR/full_grid_solar_opacity/runs/T675p304_rho1p46337/fac-opacity-cowan-state/starout.h5
675.3043221352988,2.1029775945461404,fac-opacity-cowan-state,T675p304_rho2p10298,0.31053492067719624,4.034261993343989,0.5714036619699204,0.25234169093720993,ok,/home/elads/STAR/full_grid_solar_opacity/runs/T675p304_rho2p10298/fac-opacity-cowan-state/starout.h5
675.3043221352988,3.0221426551783854,fac-opacity-cowan-state,T675p304_rho3p02214,0.30396675299931347,5.734754674254086,0.6259137025068215,0.31086904224836687,ok,/home/elads/STAR/full_grid_solar_opacity/runs/T675p304_rho3p02214/fac-opacity-cowan-state/starout.h5
675.3043221352988,4.343054463316713,fac-opacity-cowan-state,T675p304_rho4p34305,0.29639270397782946,8.136532496146478,0.6955039933950954,0.385223738421231,ok,/home/elads/STAR/full_grid_solar_opacity/runs/T675p304_rho4p34305/fac-opacity-cowan-state/starout.h5
675.3043221352988,6.241307649397467,fac-opacity-cowan-state,T675p304_rho6p24131,0.28798686170528587,11.508991280237609,0.7837041607262171,0.4789593049252339,ok,/home/elads/STAR/full_grid_solar_opacity/runs/T675p304_rho6p24131/fac-opacity-cowan-state/starout.h5
675.3043221352988,8.969245378672715,fac-opacity-cowan-state,T675p304_rho8p96925,0.2790777804658085,16.228615148534537,0.8983473177735548,0.5998452131356569,ok,/home/elads/STAR/full_grid_solar_opacity/runs/T675p304_rho8p96925/fac-opacity-cowan-state/starout.h5
675.3043221352988,12.889504440725364,fac-opacity-cowan-state,T675p304_rho12p8895,0.2701523887663945,22.75426919763908,1.0484834808915795,0.7568325750399992,ok,/home/elads/STAR/full_grid_solar_opacity/runs/T675p304_rho12p8895/fac-opacity-cowan-state/starout.h5
675.3043221352988,18.52322215674118,fac-opacity-cowan-state,T675p304_rho18p5232,0.26184788362998335,31.694744244905475,1.2424608645347823,0.9579466053944417,ok,/home/elads/STAR/full_grid_solar_opacity/runs/T675p304_rho18p5232/fac-opacity-cowan-state/starout.h5
675.3043221352988,26.61931346126126,fac-opacity-cowan-state,T675p304_rho26p6193,0.25491548663769376,43.774470546579145,1.4980934767482728,1.220531318089567,ok,/home/elads/STAR/full_grid_solar_opacity/runs/T675p304_rho26p6193/fac-opacity-cowan-state/starout.h5
675.3043221352988,38.254027466328665,fac-opacity-cowan-state,T675p304_rho38p254,0.2502166424691948,59.81945465801096,1.838366607268971,1.5668545967343412,ok,/home/elads/STAR/full_grid_solar_opacity/runs/T675p304_rho38p254/fac-opacity-cowan-state/starout.h5
675.3043221352988,54.97401800103719,fac-opacity-cowan-state,T675p304_rho54p974,0.24845938878798865,80.5301404835032,2.30111082319748,2.0340896028786917,ok,/home/elads/STAR/full_grid_solar_opacity/runs/T675p304_rho54p974/fac-opacity-cowan-state/starout.h5
675.3043221352988,79.0019471240894,fac-opacity-cowan-state,T675p304_rho79p0019,0.2504891698829307,106.40050809641049,2.9348047319577186,2.669514438522166,ok,/home/elads/STAR/full_grid_solar_opacity/runs/T675p304_rho79p0019/fac-opacity-cowan-state/starout.h5
675.3043221352988,113.53195339077567,fac-opacity-cowan-state,T675p304_rho113p532,0.2566272036287774,137.03825130741086,3.7882361941136597,3.5211571740476577,ok,/home/elads/STAR/full_grid_solar_opacity/runs/T675p304_rho113p532/fac-opacity-cowan-state/starout.h5
675.3043221352988,163.15426277379785,fac-opacity-cowan-state,T675p304_rho163p154,0.2670342428843241,171.11875097442584,4.920241585583474,4.647130394727087,ok,/home/elads/STAR/full_grid_solar_opacity/runs/T675p304_rho163p154/fac-opacity-cowan-state/starout.h5
675.3043221352988,234.46538763970608,fac-opacity-cowan-state,T675p304_rho234p465,0.28073166934460997,205.6546968348956,6.392533061219704,6.1096531750863,ok,/home/elads/STAR/full_grid_solar_opacity/runs/T675p304_rho234p465/fac-opacity-cowan-state/starout.h5
675.3043221352988,336.94503022121665,fac-opacity-cowan-state,T675p304_rho336p945,0.29679859398686226,235.6004145961527,8.247521313162268,7.951638814097669,ok,/home/elads/STAR/full_grid_solar_opacity/runs/T675p304_rho336p945/fac-opacity-cowan-state/starout.h5
675.3043221352988,484.21626123015125,fac-opacity-cowan-state,T675p304_rho484p216,0.3135343535998215,255.06890205127596,10.471640453484186,10.161073029782122,ok,/home/elads/STAR/full_grid_solar_opacity/runs/T675p304_rho484p216/fac-opacity-cowan-state/starout.h5
675.3043221352988,695.8564947100452,fac-opacity-cowan-state,T675p304_rho695p856,0.3298203111206222,266.7367648402175,12.912390602356682,12.586644389856115,ok,/home/elads/STAR/full_grid_solar_opacity/runs/T675p304_rho695p856/fac-opacity-cowan-state/starout.h5
675.3043221352988,1000.0,fac-opacity-cowan-state,T675p304_rho1000,0.3455483798628241,288.8713407641852,15.215404420104846,14.874314456868483,ok,/home/elads/STAR/full_grid_solar_opacity/runs/T675p304_rho1000/fac-opacity-cowan-state/starout.h5
743.4297271148865,1e-17,fac-opacity-cowan-state,T743p43_rho1em17,0.33499795219358064,1.4930132780375024e-17,0.33499795219358064,5.404249182316449e-18,ok,/home/elads/STAR/full_grid_solar_opacity/runs/T743p43_rho1em17/fac-opacity-cowan-state/starout.h5
743.4297271148865,1.4370779141993746e-17,fac-opacity-cowan-state,T743p43_rho1p43708em17,0.33499795219358214,2.102482621144158e-17,0.33499795219358214,7.597242186496535e-18,ok,/home/elads/STAR/full_grid_solar_opacity/runs/T743p43_rho1p43708em17/fac-opacity-cowan-state/starout.h5
743.4297271148865,2.065192931479625e-17,fac-opacity-cowan-state,T743p43_rho2p06519em17,0.33499795219358186,2.978338293567764e-17,0.33499795219358186,1.074874659101287e-17,ok,/home/elads/STAR/full_grid_solar_opacity/runs/T743p43_rho2p06519em17/fac-opacity-cowan-state/starout.h5
743.4297271148865,2.9678431503900313e-17,fac-opacity-cowan-state,T743p43_rho2p96784em17,0.33499795219358064,4.239382434597447e-17,0.33499795219358064,1.5286339667235446e-17,ok,/home/elads/STAR/full_grid_solar_opacity/runs/T743p43_rho2p96784em17/fac-opacity-cowan-state/starout.h5
743.4297271148865,4.2650218442334076e-17,fac-opacity-cowan-state,T743p43_rho4p26502em17,0.33499795219357975,6.05479994603615e-17,0.33499795219357964,2.1818864109352964e-17,ok,/home/elads/STAR/full_grid_solar_opacity/runs/T743p43_rho4p26502em17/fac-opacity-cowan-state/starout.h5
743.4297271148865,6.129168695925715e-17,fac-opacity-cowan-state,T743p43_rho6p12917em17,0.33499795219358125,8.682281548871965e-17,0.33499795219358136,3.12804608341335e-17,ok,/home/elads/STAR/full_grid_solar_opacity/runs/T743p43_rho6p12917em17/fac-opacity-cowan-state/starout.h5
743.4297271148865,8.808092965317026e-17,fac-opacity-cowan-state,T743p43_rho8p80809em17,0.334997952194061,1.247633598427538e-16,0.334997952194061,4.4949706523747965e-17,ok,/home/elads/STAR/full_grid_solar_opacity/runs/T743p43_rho8p80809em17/fac-opacity-cowan-state/starout.h5
743.4297271148865,1.2657915866672028e-16,fac-opacity-cowan-state,T743p43_rho1p26579em16,0.3349979521942687,1.7928247742338395e-16,0.3349979521942687,6.459195008050038e-17,ok,/home/elads/STAR/full_grid_solar_opacity/runs/T743p43_rho1p26579em16/fac-opacity-cowan-state/starout.h5
743.4297271148865,1.819041133178821e-16,fac-opacity-cowan-state,T743p43_rho1p81904em16,0.3349979521935094,2.5762381526250257e-16,0.3349979521935095,9.281697380698389e-17,ok,/home/elads/STAR/full_grid_solar_opacity/runs/T743p43_rho1p81904em16/fac-opacity-cowan-state/starout.h5
743.4297271148865,2.6141038375114865e-16,fac-opacity-cowan-state,T743p43_rho2p6141em16,0.33499795216754064,3.701958257072566e-16,0.33499795216754075,1.333748326820953e-16,ok,/home/elads/STAR/full_grid_solar_opacity/runs/T743p43_rho2p6141em16/fac-opacity-cowan-state/starout.h5
743.4297271148865,3.7566708903116036e-16,fac-opacity-cowan-state,T743p43_rho3p75667em16,0.3349979520345789,5.319541949831119e-16,0.33499795203457905,1.9165393568358498e-16,ok,/home/elads/STAR/full_grid_solar_opacity/runs/T743p43_rho3p75667em16/fac-opacity-cowan-state/starout.h5
743.4297271148865,5.398628767382507e-16,fac-opacity-cowan-state,T743p43_rho5p39863em16,0.33499795219373507,7.643890235688263e-16,0.3349979521937353,2.7539703347459864e-16,ok,/home/elads/STAR/full_grid_solar_opacity/runs/T743p43_rho5p39863em16/fac-opacity-cowan-state/starout.h5
743.4297271148865,7.758250168566793e-16,fac-opacity-cowan-state,T743p43_rho7p75825em16,0.3349979521942343,1.098379250104471e-15,0.3349979521942346,3.9572972699407015e-16,ok,/home/elads/STAR/full_grid_solar_opacity/runs/T743p43_rho7p75825em16/fac-opacity-cowan-state/starout.h5
743.4297271148865,1.1149209970080914e-15,fac-opacity-cowan-state,T743p43_rho1p11492em15,0.33499795219471495,1.5782941355224104e-15,0.33499795219471556,5.686382100196288e-16,ok,/home/elads/STAR/full_grid_solar_opacity/runs/T743p43_rho1p11492em15/fac-opacity-cowan-state/starout.h5
743.4297271148865,1.6022283408774753e-15,fac-opacity-cowan-state,T743p43_rho1p60223em15,0.3349979521940522,2.2678898925983484e-15,0.33499795219405293,8.170941482646588e-16,ok,/home/elads/STAR/full_grid_solar_opacity/runs/T743p43_rho1p60223em15/fac-opacity-cowan-state/starout.h5
743.4297271148865,2.3025269621793266e-15,fac-opacity-cowan-state,T743p43_rho2p30253em15,0.33499795219427114,3.258781622233592e-15,0.3349979521942723,1.1741071530103386e-15,ok,/home/elads/STAR/full_grid_solar_opacity/runs/T743p43_rho2p30253em15/fac-opacity-cowan-state/starout.h5
743.4297271148865,3.308910644196489e-15,fac-opacity-cowan-state,T743p43_rho3p30891em15,0.33499795219536094,4.6826191495103395e-15,0.33499795219536266,1.6871124914745038e-15,ok,/home/elads/STAR/full_grid_solar_opacity/runs/T743p43_rho3p30891em15/fac-opacity-cowan-state/starout.h5
743.4297271148865,4.755162406834019e-15,fac-opacity-cowan-state,T743p43_rho4p75516em15,0.334997952194072,6.7285876354785155e-15,0.33499795219407436,2.424277255123631e-15,ok,/home/elads/STAR/full_grid_solar_opacity/runs/T743p43_rho4p75516em15/fac-opacity-cowan-state/starout.h5
743.4297271148865,6.8335388732923106e-15,fac-opacity-cowan-state,T743p43_rho6p83354em15,0.3349979521943304,9.66856773641615e-15,0.33499795219433376,3.4835672679770577e-15,ok,/home/elads/STAR/full_grid_solar_opacity/runs/T743p43_rho6p83354em15/fac-opacity-cowan-state/starout.h5
743.4297271148865,9.820327790631256e-15,fac-opacity-cowan-state,T743p43_rho9p82033em15,0.3349979521940906,1.3893302520729362e-14,0.3349979521940955,5.005779944170173e-15,ok,/home/elads/STAR/full_grid_solar_opacity/runs/T743p43_rho9p82033em15/fac-opacity-cowan-state/starout.h5
743.4297271148865,1.4112576178114521e-14,fac-opacity-cowan-state,T743p43_rho1p41126em14,0.33499795191217147,1.996441414072182e-14,0.3349979519121784,7.193294498693562e-15,ok,/home/elads/STAR/full_grid_solar_opacity/runs/T743p43_rho1p41126em14/fac-opacity-cowan-state/starout.h5
743.4297271148865,2.0280871538024598e-14,fac-opacity-cowan-state,T743p43_rho2p02809em14,0.33499795216708056,2.868917589990474e-14,0.33499795216709083,1.033701538987005e-14,ok,/home/elads/STAR/full_grid_solar_opacity/runs/T743p43_rho2p02809em14/fac-opacity-cowan-state/starout.h5
743.4297271148865,2.914519256800997e-14,fac-opacity-cowan-state,T743p43_rho2p91452em14,0.33499795192319254,4.1228082043567554e-14,0.3349979519232071,1.4855148547926754e-14,ok,/home/elads/STAR/full_grid_solar_opacity/runs/T743p43_rho2p91452em14/fac-opacity-cowan-state/starout.h5
743.4297271148865,4.188391254457488e-14,fac-opacity-cowan-state,T743p43_rho4p18839em14,0.33499795219649675,5.92495438677394e-14,0.33499795219651735,2.1348960404712718e-14,ok,/home/elads/STAR/full_grid_solar_opacity/runs/T743p43_rho4p18839em14/fac-opacity-cowan-state/starout.h5
743.4297271148865,6.019044567806669e-14,fac-opacity-cowan-state,T743p43_rho6p01904em14,0.33499795208538696,8.515258761297691e-14,0.33499795208541694,3.068306360178215e-14,ok,/home/elads/STAR/full_grid_solar_opacity/runs/T743p43_rho6p01904em14/fac-opacity-cowan-state/starout.h5
743.4297271148865,8.649836012976684e-14,fac-opacity-cowan-state,T743p43_rho8p64984em14,0.3349979521939894,1.2238681371772144e-13,0.334997952194033,4.4100760153208556e-14,ok,/home/elads/STAR/full_grid_solar_opacity/runs/T743p43_rho8p64984em14/fac-opacity-cowan-state/starout.h5
743.4297271148865,1.2430488295695167e-13,fac-opacity-cowan-state,T743p43_rho1p24305em13,0.3349979521890323,1.7591341612796843e-13,0.3349979521890948,6.339028002492091e-14,ok,/home/elads/STAR/full_grid_solar_opacity/runs/T743p43_rho1p24305em13/fac-opacity-cowan-state/starout.h5
743.4297271148865,1.7863580192457348e-13,fac-opacity-cowan-state,T743p43_rho1p78636em13,0.3349979521778809,2.528680881834295e-13,0.33499795217797057,9.112380375088966e-14,ok,/home/elads/STAR/full_grid_solar_opacity/runs/T743p43_rho1p78636em13/fac-opacity-cowan-state/starout.h5
743.4297271148865,2.567135656310987e-13,fac-opacity-cowan-state,T743p43_rho2p56714em13,0.33499795219838885,3.635150839942678e-13,0.3349979521985177,1.3100156164357147e-13,ok,/home/elads/STAR/full_grid_solar_opacity/runs/T743p43_rho2p56714em13/fac-opacity-cowan-state/starout.h5
743.4297271148865,3.6891739544382357e-13,fac-opacity-cowan-state,T743p43_rho3p68917em13,0.3349979521926144,5.22620890456868e-13,0.334997952192799,1.8834726668656652e-13,ok,/home/elads/STAR/full_grid_solar_opacity/runs/T743p43_rho3p68917em13/fac-opacity-cowan-state/starout.h5
743.4297271148865,5.301630411562758e-13,fac-opacity-cowan-state,T743p43_rho5p30163em13,0.3349979522213709,7.514327559994073e-13,0.33499795222163725,2.708220799862922e-13,ok,/home/elads/STAR/full_grid_solar_opacity/runs/T743p43_rho5p30163em13/fac-opacity-cowan-state/starout.h5
743.4297271148865,7.618855973704612e-13,fac-opacity-cowan-state,T743p43_rho7p61886em13,0.33499795219309175,1.0805282212335434e-12,0.3349979521934743,3.894526406011328e-13,ok,/home/elads/STAR/full_grid_solar_opacity/runs/T743p43_rho7p61886em13/fac-opacity-cowan-state/starout.h5
743.4297271148865,1.0948889651276868e-12,fac-opacity-cowan-state,T743p43_rho1p09489em12,0.3349979521934177,1.5539229342918175e-12,0.33499795219396916,5.601137725358892e-13,ok,/home/elads/STAR/full_grid_solar_opacity/runs/T743p43_rho1p09489em12/fac-opacity-cowan-state/starout.h5
743.4297271148865,1.5734407502856082e-12,fac-opacity-cowan-state,T743p43_rho1p57344em12,0.33499795225790163,2.2349986969766877e-12,0.3349979522586931,8.056689313664739e-13,ok,/home/elads/STAR/full_grid_solar_opacity/runs/T743p43_rho1p57344em12/fac-opacity-cowan-state/starout.h5
743.4297271148865,2.26115695153675e-12,fac-opacity-cowan-state,T743p43_rho2p26116em12,0.33499795219289896,3.21505867642637e-12,0.33499795219403866,1.1590601142571869e-12,ok,/home/elads/STAR/full_grid_solar_opacity/runs/T743p43_rho2p26116em12/fac-opacity-cowan-state/starout.h5
743.4297271148865,3.249458715591849e-12,fac-opacity-cowan-state,T743p43_rho3p24946em12,0.3349979521770022,4.625687887767576e-12,0.33499795217864137,1.66777398282734e-12,ok,/home/elads/STAR/full_grid_solar_opacity/runs/T743p43_rho3p24946em12/fac-opacity-cowan-state/starout.h5
743.4297271148865,4.669725353279713e-12,fac-opacity-cowan-state,T743p43_rho4p66973em12,0.3349979521973327,6.6567877259653576e-12,0.3349979521996936,2.400365631483647e-12,ok,/home/elads/STAR/full_grid_solar_opacity/runs/T743p43_rho4p66973em12/fac-opacity-cowan-state/starout.h5
743.4297271148865,6.710759170575148e-12,fac-opacity-cowan-state,T743p43_rho6p71076em12,0.33499795218385797,2.932452382827735e-11,0.334997952244671,5.927678283901447e-11,ok,/home/elads/STAR/full_grid_solar_opacity/runs/T743p43_rho6p71076em12/fac-opacity-cowan-state/starout.h5
743.4297271148865,9.64388379154446e-12,fac-opacity-cowan-state,T743p43_rho9p64388em12,0.3349979521909862,4.217223659627045e-11,0.3349979522784143,8.521962880636254e-11,ok,/home/elads/STAR/full_grid_solar_opacity/runs/T743p43_rho9p64388em12/fac-opacity-cowan-state/starout.h5
743.4297271148865,1.3859012403933867e-11,fac-opacity-cowan-state,T743p43_rho1p3859em11,0.33499795300849844,6.066545005754458e-11,0.3349979531341796,1.225047935588665e-10,ok,/home/elads/STAR/full_grid_solar_opacity/runs/T743p43_rho1p3859em11/fac-opacity-cowan-state/starout.h5
743.4297271148865,1.9916480638308542e-11,fac-opacity-cowan-state,T743p43_rho1p99165em11,0.3349979520882869,8.734376901297244e-11,0.33499795226896695,1.7611784057349174e-10,ok,/home/elads/STAR/full_grid_solar_opacity/runs/T743p43_rho1p99165em11/fac-opacity-cowan-state/starout.h5
743.4297271148865,2.8621534453892672e-11,fac-opacity-cowan-state,T743p43_rho2p86215em11,0.3345410394174065,1.2627946950336737e-10,0.3345410396773592,2.5339841691408885e-10,ok,/home/elads/STAR/full_grid_solar_opacity/runs/T743p43_rho2p86215em11/fac-opacity-cowan-state/starout.h5
743.4297271148865,4.1131375034185614e-11,fac-opacity-cowan-state,T743p43_rho4p11314em11,0.334541039372077,1.8231484654929702e-10,0.3345410397459556,3.64467432339678e-10,ok,/home/elads/STAR/full_grid_solar_opacity/runs/T743p43_rho4p11314em11/fac-opacity-cowan-state/starout.h5
743.4297271148865,5.910899064227969e-11,fac-opacity-cowan-state,T743p43_rho5p9109em11,0.334541039430585,1.3720472516581584e-09,0.33454104274139135,3.2371270854503437e-09,ok,/home/elads/STAR/full_grid_solar_opacity/runs/T743p43_rho5p9109em11/fac-opacity-cowan-state/starout.h5
743.4297271148865,8.4944224982638e-11,fac-opacity-cowan-state,T743p43_rho8p49442em11,0.33454103942849545,1.972375204729416e-09,0.33454104418791447,4.653506528772393e-09,ok,/home/elads/STAR/full_grid_solar_opacity/runs/T743p43_rho8p49442em11/fac-opacity-cowan-state/starout.h5
743.4297271148865,1.2207146966133182e-10,fac-opacity-cowan-state,T743p43_rho1p22071em10,0.33454103940800856,2.8345534082606588e-09,0.33454104624822173,6.687983255641058e-09,ok,/home/elads/STAR/full_grid_solar_opacity/runs/T743p43_rho1p22071em10/fac-opacity-cowan-state/starout.h5
743.4297271148865,1.7542621300415897e-10,fac-opacity-cowan-state,T743p43_rho1p75426em10,0.3345410393951092,4.071391280175823e-09,0.3345410492248127,9.610909254094826e-09,ok,/home/elads/STAR/full_grid_solar_opacity/runs/T743p43_rho1p75426em10/fac-opacity-cowan-state/starout.h5
743.4297271148865,2.52101136279913e-10,fac-opacity-cowan-state,T743p43_rho2p52101em10,0.3345410392950089,5.850746298916811e-09,0.3345410534210364,1.3811596419801343e-08,ok,/home/elads/STAR/full_grid_solar_opacity/runs/T743p43_rho2p52101em10/fac-opacity-cowan-state/starout.h5
743.4297271148865,3.6228897509242966e-10,fac-opacity-cowan-state,T743p43_rho3p62289em10,0.33454103927837414,8.416007932917401e-09,0.3345410595807759,1.9850606706372092e-08,ok,/home/elads/STAR/full_grid_solar_opacity/runs/T743p43_rho3p62289em10/fac-opacity-cowan-state/starout.h5
743.4297271148865,5.20637484663258e-10,fac-opacity-cowan-state,T743p43_rho5p20637em10,0.3345410391848864,1.2112054221380707e-08,0.3345410683646946,2.8530744718436217e-08,ok,/home/elads/STAR/full_grid_solar_opacity/runs/T743p43_rho5p20637em10/fac-opacity-cowan-state/starout.h5
743.4297271148865,7.481966305138837e-10,fac-opacity-cowan-state,T743p43_rho7p48197em10,0.334541039058474,1.743947984237081e-08,0.3345410809987872,4.100787410132418e-08,ok,/home/elads/STAR/full_grid_solar_opacity/runs/T743p43_rho7p48197em10/fac-opacity-cowan-state/starout.h5
743.4297271148865,1.0752168531898921e-09,fac-opacity-cowan-state,T743p43_rho1p07522em09,0.33454103887405284,2.5098049592084616e-08,0.33454109915116176,5.8937483986316324e-08,ok,/home/elads/STAR/full_grid_solar_opacity/runs/T743p43_rho1p07522em09/fac-opacity-cowan-state/starout.h5
743.4297271148865,1.5451703926941453e-09,fac-opacity-cowan-state,T743p43_rho1p54517em09,0.334541038611754,3.6076715131222706e-08,0.3345411252152898,8.46788548680169e-08,ok,/home/elads/STAR/full_grid_solar_opacity/runs/T743p43_rho1p54517em09/fac-opacity-cowan-state/starout.h5
743.4297271148865,2.220530245015531e-09,fac-opacity-cowan-state,T743p43_rho2p22053em09,0.33454103823902914,5.1923590606299074e-08,0.3345411626835245,1.2167980501306678e-07,ok,/home/elads/STAR/full_grid_solar_opacity/runs/T743p43_rho2p22053em09/fac-opacity-cowan-state/starout.h5
743.4297271148865,3.1910749729235452e-09,fac-opacity-cowan-state,T743p43_rho3p19107em09,0.3345410377194688,7.442245385476736e-08,0.33454121638135853,1.7468963114675595e-07,ok,/home/elads/STAR/full_grid_solar_opacity/runs/T743p43_rho3p19107em09/fac-opacity-cowan-state/starout.h5
743.4297271148865,4.585823366142813e-09,fac-opacity-cowan-state,T743p43_rho4p58582em09,0.33454103697884985,1.067779618705141e-07,0.33454129344964945,2.50765843066869e-07,ok,/home/elads/STAR/full_grid_solar_opacity/runs/T743p43_rho4p58582em09/fac-opacity-cowan-state/starout.h5
743.4297271148865,6.590185477903269e-09,fac-opacity-cowan-state,T743p43_rho6p59019em09,0.33454103595457546,1.5305584696504387e-07,0.33454140394506937,3.5979868544754444e-07,ok,/home/elads/STAR/full_grid_solar_opacity/runs/T743p43_rho6p59019em09/fac-opacity-cowan-state/starout.h5
743.4297271148865,9.470610000772238e-09,fac-opacity-cowan-state,T743p43_rho9p47061em09,0.33454103451601874,2.2021591281117517e-07,0.33454156361211135,5.173279460088161e-07,ok,/home/elads/STAR/full_grid_solar_opacity/runs/T743p43_rho9p47061em09/fac-opacity-cowan-state/starout.h5
743.4297271148865,1.3610004466105506e-08,fac-opacity-cowan-state,T743p43_rho1p361em08,0.3345410325381294,3.189029151534017e-07,0.3345417984029013,7.48818033727793e-07,ok,/home/elads/STAR/full_grid_solar_opacity/runs/T743p43_rho1p361em08/fac-opacity-cowan-state/starout.h5
743.4297271148865,1.9558636830395073e-08,fac-opacity-cowan-state,T743p43_rho1p95586em08,0.33454102986318374,4.598898835416666e-07,0.3345421276627366,1.0733814671986243e-06,ok,/home/elads/STAR/full_grid_solar_opacity/runs/T743p43_rho1p95586em08/fac-opacity-cowan-state/starout.h5
743.4297271148865,2.810728502080722e-08,fac-opacity-cowan-state,T743p43_rho2p81073em08,0.33454102630053856,6.581016878501863e-07,0.3345425958131371,1.5345507417067787e-06,ok,/home/elads/STAR/full_grid_solar_opacity/runs/T743p43_rho2p81073em08/fac-opacity-cowan-state/starout.h5
743.4297271148865,4.039235853150913e-08,fac-opacity-cowan-state,T743p43_rho4p03924em08,0.3345410216565087,9.487779039620238e-07,0.3345432656089485,2.194002695451973e-06,ok,/home/elads/STAR/full_grid_solar_opacity/runs/T743p43_rho4p03924em08/fac-opacity-cowan-state/starout.h5
743.4297271148865,5.804696634805446e-08,fac-opacity-cowan-state,T743p43_rho5p8047em08,0.33454101568582184,1.3700518334971536e-06,0.3345442134190577,3.1266010458209165e-06,ok,/home/elads/STAR/full_grid_solar_opacity/runs/T743p43_rho5p8047em08/fac-opacity-cowan-state/starout.h5
743.4297271148865,8.341801332506338e-08,fac-opacity-cowan-state,T743p43_rho8p3418em08,0.3345410079526257,1.9741747995985574e-06,0.3345455460245243,4.437123997295652e-06,ok,/home/elads/STAR/full_grid_solar_opacity/runs/T743p43_rho8p3418em08/fac-opacity-cowan-state/starout.h5
743.4297271148865,1.1987818459583772e-07,fac-opacity-cowan-state,T743p43_rho1p19878em07,0.3345409981879551,2.8365775015027366e-06,0.3345474137835855,6.272912726749291e-06,ok,/home/elads/STAR/full_grid_solar_opacity/runs/T743p43_rho1p19878em07/fac-opacity-cowan-state/starout.h5
743.4297271148865,1.7227429147699408e-07,fac-opacity-cowan-state,T743p43_rho1p72274em07,0.3345409859009102,4.106910147354707e-06,0.3345499983955721,8.812401239067912e-06,ok,/home/elads/STAR/full_grid_solar_opacity/runs/T743p43_rho1p72274em07/fac-opacity-cowan-state/starout.h5
743.4297271148865,2.4757157946593376e-07,fac-opacity-cowan-state,T743p43_rho2p47572em07,0.3345409703548667,5.91891487879946e-06,0.334553497461722,1.2248729977401414e-05,ok,/home/elads/STAR/full_grid_solar_opacity/runs/T743p43_rho2p47572em07/fac-opacity-cowan-state/starout.h5
743.4297271148865,3.557796490339488e-07,fac-opacity-cowan-state,T743p43_rho3p5578em07,0.33454095081336943,8.611608072505152e-06,0.3345582185086193,1.6885060495972904e-05,ok,/home/elads/STAR/full_grid_solar_opacity/runs/T743p43_rho3p5578em07/fac-opacity-cowan-state/starout.h5
743.4297271148865,5.112830759482948e-07,fac-opacity-cowan-state,T743p43_rho5p11283em07,0.3345409260873811,1.2355438970191532e-05,0.3345643166797314,2.2870528970850208e-05,ok,/home/elads/STAR/full_grid_solar_opacity/runs/T743p43_rho5p11283em07/fac-opacity-cowan-state/starout.h5
743.4297271148865,7.347536163492159e-07,fac-opacity-cowan-state,T743p43_rho7p34754em07,0.33454089465002584,1.7667541382003055e-05,0.33457204407609875,3.0453406120711812e-05,ok,/home/elads/STAR/full_grid_solar_opacity/runs/T743p43_rho7p34754em07/fac-opacity-cowan-state/starout.h5
743.4297271148865,1.0558981944335787e-06,fac-opacity-cowan-state,T743p43_rho1p0559em06,0.33454085452787535,2.541101143578256e-05,0.33458167573753894,3.990610730906536e-05,ok,/home/elads/STAR/full_grid_solar_opacity/runs/T743p43_rho1p0559em06/fac-opacity-cowan-state/starout.h5
743.4297271148865,1.517407974863493e-06,fac-opacity-cowan-state,T743p43_rho1p51741em06,0.3345408064579666,3.6444145295357484e-05,0.3345932675145192,5.127930581356832e-05,ok,/home/elads/STAR/full_grid_solar_opacity/runs/T743p43_rho1p51741em06/fac-opacity-cowan-state/starout.h5
743.4297271148865,2.1806334875063253e-06,fac-opacity-cowan-state,T743p43_rho2p18063em06,0.334540736385407,5.24964051121608e-05,0.33460703588386564,6.480373982981271e-05,ok,/home/elads/STAR/full_grid_solar_opacity/runs/T743p43_rho2p18063em06/fac-opacity-cowan-state/starout.h5
743.4297271148865,3.1337402238588983e-06,fac-opacity-cowan-state,T743p43_rho3p13374em06,0.3345406498484571,7.510857792016714e-05,0.3346228273481369,8.031798132508381e-05,ok,/home/elads/STAR/full_grid_solar_opacity/runs/T743p43_rho3p13374em06/fac-opacity-cowan-state/starout.h5
743.4297271148865,4.503428864545845e-06,fac-opacity-cowan-state,T743p43_rho4p50343em06,0.33454053618692536,0.00010742285314080718,0.33464090503451777,9.80989488266209e-05,ok,/home/elads/STAR/full_grid_solar_opacity/runs/T743p43_rho4p50343em06/fac-opacity-cowan-state/starout.h5
743.4297271148865,6.471778159406801e-06,fac-opacity-cowan-state,T743p43_rho6p47178em06,0.3345403850620429,0.00015392676469099995,0.33466172116362386,0.00011861169957819418,ok,/home/elads/STAR/full_grid_solar_opacity/runs/T743p43_rho6p47178em06/fac-opacity-cowan-state/starout.h5
743.4297271148865,9.300449458481393e-06,fac-opacity-cowan-state,T743p43_rho9p30045em06,0.33454018532100616,0.000219393252410234,0.33468579301925294,0.0001423690429309837,ok,/home/elads/STAR/full_grid_solar_opacity/runs/T743p43_rho9p30045em06/fac-opacity-cowan-state/starout.h5
743.4297271148865,1.3365470508911143e-05,fac-opacity-cowan-state,T743p43_rho1p33655em05,0.3345399252461701,0.0003100893066449118,0.3347141997692729,0.00017042527619088473,ok,/home/elads/STAR/full_grid_solar_opacity/runs/T743p43_rho1p33655em05/fac-opacity-cowan-state/starout.h5
743.4297271148865,1.920722248123928e-05,fac-opacity-cowan-state,T743p43_rho1p92072em05,0.3345395709938939,0.0004379173257449974,0.3347497879290976,0.0002056306921316322,ok,/home/elads/STAR/full_grid_solar_opacity/runs/T743p43_rho1p92072em05/fac-opacity-cowan-state/starout.h5
743.4297271148865,2.760227522090268e-05,fac-opacity-cowan-state,T743p43_rho2p76023em05,0.3345391086176121,0.0006159499738876006,0.3347948806629134,0.0002502878355862717,ok,/home/elads/STAR/full_grid_solar_opacity/runs/T743p43_rho2p76023em05/fac-opacity-cowan-state/starout.h5
743.4297271148865,3.966662010161191e-05,fac-opacity-cowan-state,T743p43_rho3p96666em05,0.3345384752903883,0.0008615763666170586,0.3348521696608461,0.0003071295415602019,ok,/home/elads/STAR/full_grid_solar_opacity/runs/T743p43_rho3p96666em05/fac-opacity-cowan-state/starout.h5
743.4297271148865,5.7004023678963655e-05,fac-opacity-cowan-state,T743p43_rho5p7004em05,0.3345378732785017,0.0011878570626016542,0.3349212898814943,0.00037546694939175393,ok,/home/elads/STAR/full_grid_solar_opacity/runs/T743p43_rho5p7004em05/fac-opacity-cowan-state/starout.h5
743.4297271148865,8.191922344953684e-05,fac-opacity-cowan-state,T743p43_rho8p19192em05,0.33453687154239303,0.0016300977465683803,0.33500871453024267,0.0004622694057707059,ok,/home/elads/STAR/full_grid_solar_opacity/runs/T743p43_rho8p19192em05/fac-opacity-cowan-state/starout.h5
743.4297271148865,0.00011772430676769293,fac-opacity-cowan-state,T743p43_rho0p000117724,0.3345356030791349,0.0022004284402463376,0.3351012135390903,0.0005546392425191595,ok,/home/elads/STAR/full_grid_solar_opacity/runs/T743p43_rho0p000117724/fac-opacity-cowan-state/starout.h5
743.4297271148865,0.00016917900122028344,fac-opacity-cowan-state,T743p43_rho0p000169179,0.3345337709044959,0.002929348336863203,0.33521277536506255,0.0006665777222842681,ok,/home/elads/STAR/full_grid_solar_opacity/runs/T743p43_rho0p000169179/fac-opacity-cowan-state/starout.h5
743.4297271148865,0.0002431234061999784,fac-opacity-cowan-state,T743p43_rho0p000243123,0.3345313543011136,0.0038302461783962425,0.3353545890195785,0.0008088789184202356,ok,/home/elads/STAR/full_grid_solar_opacity/runs/T743p43_rho0p000243123/fac-opacity-cowan-state/starout.h5
743.4297271148865,0.0003493872774749123,fac-opacity-cowan-state,T743p43_rho0p000349387,0.33452808848681453,0.004904150286916614,0.3355263389089827,0.000981887498524879,ok,/home/elads/STAR/full_grid_solar_opacity/runs/T743p43_rho0p000349387/fac-opacity-cowan-state/starout.h5
743.4297271148865,0.0005020967399614471,fac-opacity-cowan-state,T743p43_rho0p000502097,0.3345238287190772,0.00610852573230801,0.3357093847743985,0.0011679553237268514,ok,/home/elads/STAR/full_grid_solar_opacity/runs/T743p43_rho0p000502097/fac-opacity-cowan-state/starout.h5
743.4297271148865,0.0007215521357901021,fac-opacity-cowan-state,T743p43_rho0p000721552,0.3345180719744604,0.007441417017866888,0.33594639594831166,0.0014097250756934375,ok,/home/elads/STAR/full_grid_solar_opacity/runs/T743p43_rho0p000721552/fac-opacity-cowan-state/starout.h5
743.4297271148865,0.0010369266382873438,fac-opacity-cowan-state,T743p43_rho0p00103693,0.3345104471667595,0.008840166568371484,0.3362509164294291,0.001720469103058885,ok,/home/elads/STAR/full_grid_solar_opacity/runs/T743p43_rho0p00103693/fac-opacity-cowan-state/starout.h5
743.4297271148865,0.0014901443705277455,fac-opacity-cowan-state,T743p43_rho0p00149014,0.33450012401945456,0.010301151384347215,0.33662691892763746,0.002106065516478207,ok,/home/elads/STAR/full_grid_solar_opacity/runs/T743p43_rho0p00149014/fac-opacity-cowan-state/starout.h5
743.4297271148865,0.002141453563853953,fac-opacity-cowan-state,T743p43_rho0p00214145,0.3344861881025677,0.013151151197374344,0.33715813899172636,0.0026512581955213817,ok,/home/elads/STAR/full_grid_solar_opacity/runs/T743p43_rho0p00214145/fac-opacity-cowan-state/starout.h5
743.4297271148865,0.003077435620898055,fac-opacity-cowan-state,T743p43_rho0p00307744,0.33446683739326816,0.01624966046752615,0.33782629784128704,0.003337696119349724,ok,/home/elads/STAR/full_grid_solar_opacity/runs/T743p43_rho0p00307744/fac-opacity-cowan-state/starout.h5
743.4297271148865,0.004422514763163053,fac-opacity-cowan-state,T743p43_rho0p00442251,0.33444016395660514,0.01980971092952779,0.3386503537576914,0.004190010509607833,ok,/home/elads/STAR/full_grid_solar_opacity/runs/T743p43_rho0p00442251/fac-opacity-cowan-state/starout.h5
743.4297271148865,0.006355498291362301,fac-opacity-cowan-state,T743p43_rho0p0063555,0.3344033500510003,0.024009094000604386,0.33977484827159005,0.0053512089072194164,ok,/home/elads/STAR/full_grid_solar_opacity/runs/T743p43_rho0p0063555/fac-opacity-cowan-state/starout.h5
743.4297271148865,0.009133346228248624,fac-opacity-cowan-state,T743p43_rho0p00913335,0.33435236593562206,0.029198772260812245,0.3412145050778522,0.006842307770467877,ok,/home/elads/STAR/full_grid_solar_opacity/runs/T743p43_rho0p00913335/fac-opacity-cowan-state/starout.h5
743.4297271148865,0.01312533014735226,fac-opacity-cowan-state,T743p43_rho0p0131253,0.33428130724178995,0.035965388489806974,0.3431617080624167,0.008858949318743843,ok,/home/elads/STAR/full_grid_solar_opacity/runs/T743p43_rho0p0131253/fac-opacity-cowan-state/starout.h5
743.4297271148865,0.018862122071335155,fac-opacity-cowan-state,T743p43_rho0p0188621,0.3341827703590924,0.044751739153562425,0.34551342463743007,0.011304633399990861,ok,/home/elads/STAR/full_grid_solar_opacity/runs/T743p43_rho0p0188621/fac-opacity-cowan-state/starout.h5
743.4297271148865,0.02710633904364831,fac-opacity-cowan-state,T743p43_rho0p0271063,0.3340456416099734,0.05682715700561685,0.34847915104520744,0.014397752649473156,ok,/home/elads/STAR/full_grid_solar_opacity/runs/T743p43_rho0p0271063/fac-opacity-cowan-state/starout.h5
743.4297271148865,0.038953921174427183,fac-opacity-cowan-state,T743p43_rho0p0389539,0.3338548532949827,0.07426329791058817,0.35249746803958554,0.018590122919166882,ok,/home/elads/STAR/full_grid_solar_opacity/runs/T743p43_rho0p0389539/fac-opacity-cowan-state/starout.h5
743.4297271148865,0.0559798197912329,fac-opacity-cowan-state,T743p43_rho0p0559798,0.33359048638535993,0.0983316379527334,0.35716548439901885,0.023487533697656614,ok,/home/elads/STAR/full_grid_solar_opacity/runs/T743p43_rho0p0559798/fac-opacity-cowan-state/starout.h5
743.4297271148865,0.08044736266284185,fac-opacity-cowan-state,T743p43_rho0p0804474,0.33322332073202077,0.1331582014117182,0.3631192815041365,0.029751460951198055,ok,/home/elads/STAR/full_grid_solar_opacity/runs/T743p43_rho0p0804474/fac-opacity-cowan-state/starout.h5
743.4297271148865,0.11560912813835741,fac-opacity-cowan-state,T743p43_rho0p115609,0.3327170898289807,0.18249760000929852,0.3700967655447745,0.03713892588184339,ok,/home/elads/STAR/full_grid_solar_opacity/runs/T743p43_rho0p115609/fac-opacity-cowan-state/starout.h5
743.4297271148865,0.1661393247274789,fac-opacity-cowan-state,T743p43_rho0p166139,0.3320230836629011,0.2528381057343705,0.3784072876410739,0.045987372454011986,ok,/home/elads/STAR/full_grid_solar_opacity/runs/T743p43_rho0p166139/fac-opacity-cowan-state/starout.h5
743.4297271148865,0.23875515424585794,fac-opacity-cowan-state,T743p43_rho0p238755,0.3310783828993863,0.3535452729659519,0.38830971475889664,0.05659014516740683,ok,/home/elads/STAR/full_grid_solar_opacity/runs/T743p43_rho0p238755/fac-opacity-cowan-state/starout.h5
743.4297271148865,0.34310975906798746,fac-opacity-cowan-state,T743p43_rho0p34311,0.32978295120560125,0.4975936318181855,0.4001418263391185,0.06934682425458176,ok,/home/elads/STAR/full_grid_solar_opacity/runs/T743p43_rho0p34311/fac-opacity-cowan-state/starout.h5
743.4297271148865,0.49307545690287347,fac-opacity-cowan-state,T743p43_rho0p493075,0.32806874650688,0.7040810678532299,0.41493028980665875,0.08530509326822994,ok,/home/elads/STAR/full_grid_solar_opacity/runs/T743p43_rho0p493075/fac-opacity-cowan-state/starout.h5
743.4297271148865,0.7085878491488851,fac-opacity-cowan-state,T743p43_rho0p708588,0.3258075659406539,0.9990298408670829,0.4324582753686346,0.10432204475652546,ok,/home/elads/STAR/full_grid_solar_opacity/runs/T743p43_rho0p708588/fac-opacity-cowan-state/starout.h5
743.4297271148865,1.0182959482819007,fac-opacity-cowan-state,T743p43_rho1p0183,0.32287043889197925,1.420505865598423,0.4538760325461468,0.12761312269385225,ok,/home/elads/STAR/full_grid_solar_opacity/runs/T743p43_rho1p0183/fac-opacity-cowan-state/starout.h5
743.4297271148865,1.4633706173946401,fac-opacity-cowan-state,T743p43_rho1p46337,0.31912347908259947,2.0217670849182525,0.4805003337001131,0.15657255001345421,ok,/home/elads/STAR/full_grid_solar_opacity/runs/T743p43_rho1p46337/fac-opacity-cowan-state/starout.h5
743.4297271148865,2.1029775945461404,fac-opacity-cowan-state,T743p43_rho2p10298,0.31444448585099466,2.877968824060784,0.5131874966085176,0.19213692682789157,ok,/home/elads/STAR/full_grid_solar_opacity/runs/T743p43_rho2p10298/fac-opacity-cowan-state/starout.h5
743.4297271148865,3.0221426551783854,fac-opacity-cowan-state,T743p43_rho3p02214,0.3087456738237628,4.094944621709154,0.555332496864138,0.23779077657229372,ok,/home/elads/STAR/full_grid_solar_opacity/runs/T743p43_rho3p02214/fac-opacity-cowan-state/starout.h5
743.4297271148865,4.343054463316713,fac-opacity-cowan-state,T743p43_rho4p34305,0.30200948925283966,5.817855500450252,0.6083692902480896,0.2950329679885663,ok,/home/elads/STAR/full_grid_solar_opacity/runs/T743p43_rho4p34305/fac-opacity-cowan-state/starout.h5
743.4297271148865,6.241307649397467,fac-opacity-cowan-state,T743p43_rho6p24131,0.2943162489471717,8.244717705393194,0.6761845034193991,0.36780250624431465,ok,/home/elads/STAR/full_grid_solar_opacity/runs/T743p43_rho6p24131/fac-opacity-cowan-state/starout.h5
743.4297271148865,8.969245378672715,fac-opacity-cowan-state,T743p43_rho8p96925,0.2858873245543561,11.650010357189604,0.7639348029566135,0.46124287023541866,ok,/home/elads/STAR/full_grid_solar_opacity/runs/T743p43_rho8p96925/fac-opacity-cowan-state/starout.h5
743.4297271148865,12.889504440725364,fac-opacity-cowan-state,T743p43_rho12p8895,0.2771026554595221,16.3824608367163,0.8776432364413057,0.5813133268731228,ok,/home/elads/STAR/full_grid_solar_opacity/runs/T743p43_rho12p8895/fac-opacity-cowan-state/starout.h5
743.4297271148865,18.52322215674118,fac-opacity-cowan-state,T743p43_rho18p5232,0.26850996610194483,22.897497925060065,1.0251110083738908,0.7355977078370072,ok,/home/elads/STAR/full_grid_solar_opacity/runs/T743p43_rho18p5232/fac-opacity-cowan-state/starout.h5
743.4297271148865,26.61931346126126,fac-opacity-cowan-state,T743p43_rho26p6193,0.26080455017229254,31.76802772773637,1.219449800913332,0.9368597508968397,ok,/home/elads/STAR/full_grid_solar_opacity/runs/T743p43_rho26p6193/fac-opacity-cowan-state/starout.h5
743.4297271148865,38.254027466328665,fac-opacity-cowan-state,T743p43_rho38p254,0.254845476930615,43.64665777505173,1.4771317264155843,1.2009596670012164,ok,/home/elads/STAR/full_grid_solar_opacity/runs/T743p43_rho38p254/fac-opacity-cowan-state/starout.h5
743.4297271148865,54.97401800103719,fac-opacity-cowan-state,T743p43_rho54p974,0.25133909378122704,59.18037779176977,1.8264324426777605,1.5556539926211448,ok,/home/elads/STAR/full_grid_solar_opacity/runs/T743p43_rho54p974/fac-opacity-cowan-state/starout.h5
743.4297271148865,79.0019471240894,fac-opacity-cowan-state,T743p43_rho79p0019,0.25126372700402017,78.91766441723833,2.296918251300023,2.0292969649906727,ok,/home/elads/STAR/full_grid_solar_opacity/runs/T743p43_rho79p0019/fac-opacity-cowan-state/starout.h5
743.4297271148865,113.53195339077567,fac-opacity-cowan-state,T743p43_rho113p532,0.25515791841390195,102.93384034635675,2.9259997989756923,2.6584500909201063,ok,/home/elads/STAR/full_grid_solar_opacity/runs/T743p43_rho113p532/fac-opacity-cowan-state/starout.h5
743.4297271148865,163.15426277379785,fac-opacity-cowan-state,T743p43_rho163p154,0.2632559520011666,130.42280010516913,3.76060639600378,3.4893362821630998,ok,/home/elads/STAR/full_grid_solar_opacity/runs/T743p43_rho163p154/fac-opacity-cowan-state/starout.h5
743.4297271148865,234.46538763970608,fac-opacity-cowan-state,T743p43_rho234p465,0.275260848910552,159.55961365853784,4.85558422844088,4.5765542759282685,ok,/home/elads/STAR/full_grid_solar_opacity/runs/T743p43_rho234p465/fac-opacity-cowan-state/starout.h5
743.4297271148865,336.94503022121665,fac-opacity-cowan-state,T743p43_rho336p945,0.2902222911076501,187.04984625056824,6.25806760366813,5.967670740368253,ok,/home/elads/STAR/full_grid_solar_opacity/runs/T743p43_rho336p945/fac-opacity-cowan-state/starout.h5
743.4297271148865,484.21626123015125,fac-opacity-cowan-state,T743p43_rho484p216,0.3065610889330189,208.02554671679857,7.982243990203338,7.678132760690365,ok,/home/elads/STAR/full_grid_solar_opacity/runs/T743p43_rho484p216/fac-opacity-cowan-state/starout.h5
743.4297271148865,695.8564947100452,fac-opacity-cowan-state,T743p43_rho695p856,0.32292688360040145,218.44280754856666,9.96185101536767,9.642966935150234,ok,/home/elads/STAR/full_grid_solar_opacity/runs/T743p43_rho695p856/fac-opacity-cowan-state/starout.h5
743.4297271148865,1000.0,fac-opacity-cowan-state,T743p43_rho1000,0.33868733724555666,232.95445720144102,11.995070502403053,11.661148150292863,ok,/home/elads/STAR/full_grid_solar_opacity/runs/T743p43_rho1000/fac-opacity-cowan-state/starout.h5
818.427694066175,1e-17,fac-opacity-cowan-state,T818p428_rho1em17,0.3343522838450106,1.0662984350614176e-17,0.3343522838450106,3.8480733690333466e-18,ok,/home/elads/STAR/full_grid_solar_opacity/runs/T818p428_rho1em17/fac-opacity-cowan-state/starout.h5
818.427694066175,1.4370779141993746e-17,fac-opacity-cowan-state,T818p428_rho1p43708em17,0.3343522838452046,1.499791536791876e-17,0.33435228384520455,5.4032331581280736e-18,ok,/home/elads/STAR/full_grid_solar_opacity/runs/T818p428_rho1p43708em17/fac-opacity-cowan-state/starout.h5
818.427694066175,2.065192931479625e-17,fac-opacity-cowan-state,T818p428_rho2p06519em17,0.3343522838454185,2.12275505340215e-17,0.3343522838454185,7.638119796822597e-18,ok,/home/elads/STAR/full_grid_solar_opacity/runs/T818p428_rho2p06519em17/fac-opacity-cowan-state/starout.h5
818.427694066175,2.9678431503900313e-17,fac-opacity-cowan-state,T818p428_rho2p96784em17,0.3343522838453595,3.0198689737739905e-17,0.33435228384535953,1.0856592128131143e-17,ok,/home/elads/STAR/full_grid_solar_opacity/runs/T818p428_rho2p96784em17/fac-opacity-cowan-state/starout.h5
818.427694066175,4.2650218442334076e-17,fac-opacity-cowan-state,T818p428_rho4p26502em17,0.3343522836025521,4.311618750792631e-17,0.3343522836025521,1.5490947122915778e-17,ok,/home/elads/STAR/full_grid_solar_opacity/runs/T818p428_rho4p26502em17/fac-opacity-cowan-state/starout.h5
818.427694066175,6.129168695925715e-17,fac-opacity-cowan-state,T818p428_rho6p12917em17,0.33435228384636556,6.18193016086251e-17,0.33435228384636567,2.2205925115962616e-17,ok,/home/elads/STAR/full_grid_solar_opacity/runs/T818p428_rho6p12917em17/fac-opacity-cowan-state/starout.h5
818.427694066175,8.808092965317026e-17,fac-opacity-cowan-state,T818p428_rho8p80809em17,0.33435228384595034,8.883361159505972e-17,0.33435228384595034,3.190969087274197e-17,ok,/home/elads/STAR/full_grid_solar_opacity/runs/T818p428_rho8p80809em17/fac-opacity-cowan-state/starout.h5
818.427694066175,1.2657915866672028e-16,fac-opacity-cowan-state,T818p428_rho1p26579em16,0.33435228384532173,1.2765210305527412e-16,0.3343522838453218,4.5853656546175925e-17,ok,/home/elads/STAR/full_grid_solar_opacity/runs/T818p428_rho1p26579em16/fac-opacity-cowan-state/starout.h5
818.427694066175,1.819041133178821e-16,fac-opacity-cowan-state,T818p428_rho1p81904em16,0.334352283950121,1.834322816100896e-16,0.334352283950121,6.589046441327157e-17,ok,/home/elads/STAR/full_grid_solar_opacity/runs/T818p428_rho1p81904em16/fac-opacity-cowan-state/starout.h5
818.427694066175,2.6141038375114865e-16,fac-opacity-cowan-state,T818p428_rho2p6141em16,0.33435228388433913,2.635850314513258e-16,0.3343522838843392,9.468222882830925e-17,ok,/home/elads/STAR/full_grid_solar_opacity/runs/T818p428_rho2p6141em16/fac-opacity-cowan-state/starout.h5
818.427694066175,3.7566708903116036e-16,fac-opacity-cowan-state,T818p428_rho3p75667em16,0.33435228388139765,3.7875888115659287e-16,0.33435228388139765,1.3605410055366805e-16,ok,/home/elads/STAR/full_grid_solar_opacity/runs/T818p428_rho3p75667em16/fac-opacity-cowan-state/starout.h5
818.427694066175,5.398628767382507e-16,fac-opacity-cowan-state,T818p428_rho5p39863em16,0.33435228387435734,5.442543446024923e-16,0.3343522838743574,1.9550233856458896e-16,ok,/home/elads/STAR/full_grid_solar_opacity/runs/T818p428_rho5p39863em16/fac-opacity-cowan-state/starout.h5
818.427694066175,7.758250168566793e-16,fac-opacity-cowan-state,T818p428_rho7p75825em16,0.3343522838839572,7.8205680122328e-16,0.33435228388395744,2.8092461902161067e-16,ok,/home/elads/STAR/full_grid_solar_opacity/runs/T818p428_rho7p75825em16/fac-opacity-cowan-state/starout.h5
818.427694066175,1.1149209970080914e-15,fac-opacity-cowan-state,T818p428_rho1p11492em15,0.3343522838841031,1.1237563193760874e-15,0.3343522838841034,4.03668912916342e-16,ok,/home/elads/STAR/full_grid_solar_opacity/runs/T818p428_rho1p11492em15/fac-opacity-cowan-state/starout.h5
818.427694066175,1.6022283408774753e-15,fac-opacity-cowan-state,T818p428_rho1p60223em15,0.3343522838853759,1.6147429612825158e-15,0.33435228388537647,5.800406823791557e-16,ok,/home/elads/STAR/full_grid_solar_opacity/runs/T818p428_rho1p60223em15/fac-opacity-cowan-state/starout.h5
818.427694066175,2.3025269621793266e-15,fac-opacity-cowan-state,T818p428_rho2p30253em15,0.3343522838841279,2.320242112148225e-15,0.3343522838841287,8.334710965721993e-16,ok,/home/elads/STAR/full_grid_solar_opacity/runs/T818p428_rho2p30253em15/fac-opacity-cowan-state/starout.h5
818.427694066175,3.308910644196489e-15,fac-opacity-cowan-state,T818p428_rho3p30891em15,0.3343522840070763,3.3339763552125093e-15,0.3343522840070775,1.1976289409274844e-15,ok,/home/elads/STAR/full_grid_solar_opacity/runs/T818p428_rho3p30891em15/fac-opacity-cowan-state/starout.h5
818.427694066175,4.755162406834019e-15,fac-opacity-cowan-state,T818p428_rho4p75516em15,0.33435228388429195,4.790624521429085e-15,0.3343522838842936,1.7208967393949376e-15,ok,/home/elads/STAR/full_grid_solar_opacity/runs/T818p428_rho4p75516em15/fac-opacity-cowan-state/starout.h5
818.427694066175,6.8335388732923106e-15,fac-opacity-cowan-state,T818p428_rho6p83354em15,0.3343522833916097,6.8837340281613905e-15,0.3343522833916121,2.4728067574404077e-15,ok,/home/elads/STAR/full_grid_solar_opacity/runs/T818p428_rho6p83354em15/fac-opacity-cowan-state/starout.h5
818.427694066175,9.820327790631256e-15,fac-opacity-cowan-state,T818p428_rho9p82033em15,0.3343522838890192,9.891424546798922e-15,0.33435228388902277,3.553274108919608e-15,ok,/home/elads/STAR/full_grid_solar_opacity/runs/T818p428_rho9p82033em15/fac-opacity-cowan-state/starout.h5
818.427694066175,1.4112576178114521e-14,fac-opacity-cowan-state,T818p428_rho1p41126em14,0.3343522838691833,1.4213469695686357e-14,0.3343522838691883,5.105925949441432e-15,ok,/home/elads/STAR/full_grid_solar_opacity/runs/T818p428_rho1p41126em14/fac-opacity-cowan-state/starout.h5
818.427694066175,2.0280871538024598e-14,fac-opacity-cowan-state,T818p428_rho2p02809em14,0.3343522838667845,2.0424441511060532e-14,0.3343522838667918,7.337191521897831e-15,ok,/home/elads/STAR/full_grid_solar_opacity/runs/T818p428_rho2p02809em14/fac-opacity-cowan-state/starout.h5
818.427694066175,2.914519256800997e-14,fac-opacity-cowan-state,T818p428_rho2p91452em14,0.3343522838942711,2.93502749645581e-14,0.33435228389428145,1.0543819032135848e-14,ok,/home/elads/STAR/full_grid_solar_opacity/runs/T818p428_rho2p91452em14/fac-opacity-cowan-state/starout.h5
818.427694066175,4.188391254457488e-14,fac-opacity-cowan-state,T818p428_rho4p18839em14,0.3343522838831637,4.217834930179405e-14,0.33435228388317856,1.5152434639812264e-14,ok,/home/elads/STAR/full_grid_solar_opacity/runs/T818p428_rho4p18839em14/fac-opacity-cowan-state/starout.h5
818.427694066175,6.019044567806669e-14,fac-opacity-cowan-state,T818p428_rho6p01904em14,0.3343522838872791,6.061584811184958e-14,0.3343522838873005,2.1776456841057475e-14,ok,/home/elads/STAR/full_grid_solar_opacity/runs/T818p428_rho6p01904em14/fac-opacity-cowan-state/starout.h5
818.427694066175,8.649836012976684e-14,fac-opacity-cowan-state,T818p428_rho8p64984em14,0.3343522838849205,8.711763024301758e-14,0.3343522838849509,3.129799857068487e-14,ok,/home/elads/STAR/full_grid_solar_opacity/runs/T818p428_rho8p64984em14/fac-opacity-cowan-state/starout.h5
818.427694066175,1.2430488295695167e-13,fac-opacity-cowan-state,T818p428_rho1p24305em13,0.33435228388430066,1.2521383040377004e-13,0.3343522838843446,4.498562466645496e-14,ok,/home/elads/STAR/full_grid_solar_opacity/runs/T818p428_rho1p24305em13/fac-opacity-cowan-state/starout.h5
818.427694066175,1.7863580192457348e-13,fac-opacity-cowan-state,T818p428_rho1p78636em13,0.3343522838820283,1.7998204457585538e-13,0.3343522838820921,6.466409816390148e-14,ok,/home/elads/STAR/full_grid_solar_opacity/runs/T818p428_rho1p78636em13/fac-opacity-cowan-state/starout.h5
818.427694066175,2.567135656310987e-13,fac-opacity-cowan-state,T818p428_rho2p56714em13,0.33435228388495725,2.58725699920097e-13,0.33435228388504873,9.295828398875243e-14,ok,/home/elads/STAR/full_grid_solar_opacity/runs/T818p428_rho2p56714em13/fac-opacity-cowan-state/starout.h5
818.427694066175,3.6891739544382357e-13,fac-opacity-cowan-state,T818p428_rho3p68917em13,0.3343522840893094,3.7195095855582845e-13,0.33435228408944034,1.336443709702784e-13,ok,/home/elads/STAR/full_grid_solar_opacity/runs/T818p428_rho3p68917em13/fac-opacity-cowan-state/starout.h5
818.427694066175,5.301630411562758e-13,fac-opacity-cowan-state,T818p428_rho5p30163em13,0.3343522840395478,5.347748820657708e-13,0.3343522840397365,1.921564744504833e-13,ok,/home/elads/STAR/full_grid_solar_opacity/runs/T818p428_rho5p30163em13/fac-opacity-cowan-state/starout.h5
818.427694066175,7.618855973704612e-13,fac-opacity-cowan-state,T818p428_rho7p61886em13,0.3343522838964523,7.689497453774321e-13,0.33435228389672406,2.7631457460687386e-13,ok,/home/elads/STAR/full_grid_solar_opacity/runs/T818p428_rho7p61886em13/fac-opacity-cowan-state/starout.h5
818.427694066175,1.0948889651276868e-12,fac-opacity-cowan-state,T818p428_rho1p09489em12,0.3343522838843981,1.1057846684036539e-12,0.334352283884788,3.973757682475031e-13,ok,/home/elads/STAR/full_grid_solar_opacity/runs/T818p428_rho1p09489em12/fac-opacity-cowan-state/starout.h5
818.427694066175,1.5734407502856082e-12,fac-opacity-cowan-state,T818p428_rho1p57344em12,0.33435228406380557,1.590355812671095e-12,0.33435228406436757,5.715494390980076e-13,ok,/home/elads/STAR/full_grid_solar_opacity/runs/T818p428_rho1p57344em12/fac-opacity-cowan-state/starout.h5
818.427694066175,2.26115695153675e-12,fac-opacity-cowan-state,T818p428_rho2p26116em12,0.3343522838817561,2.2875829961001354e-12,0.3343522838825626,8.221847494287962e-13,ok,/home/elads/STAR/full_grid_solar_opacity/runs/T818p428_rho2p26116em12/fac-opacity-cowan-state/starout.h5
818.427694066175,3.249458715591849e-12,fac-opacity-cowan-state,T818p428_rho3p24946em12,0.3343522838806333,3.2910444585999806e-12,0.33435228388179467,1.182945478415455e-12,ok,/home/elads/STAR/full_grid_solar_opacity/runs/T818p428_rho3p24946em12/fac-opacity-cowan-state/starout.h5
818.427694066175,4.669725353279713e-12,fac-opacity-cowan-state,T818p428_rho4p66973em12,0.33435228617928064,4.735685916153291e-12,0.33435228618095186,1.7023906966008069e-12,ok,/home/elads/STAR/full_grid_solar_opacity/runs/T818p428_rho4p66973em12/fac-opacity-cowan-state/starout.h5
818.427694066175,6.710759170575148e-12,fac-opacity-cowan-state,T818p428_rho6p71076em12,0.33435228388066585,6.816296997547049e-12,0.33435228388307187,2.450632860669786e-12,ok,/home/elads/STAR/full_grid_solar_opacity/runs/T818p428_rho6p71076em12/fac-opacity-cowan-state/starout.h5
818.427694066175,9.64388379154446e-12,fac-opacity-cowan-state,T818p428_rho9p64388em12,0.3343522838718962,9.815725901999565e-12,0.33435228387535976,3.5295502986371244e-12,ok,/home/elads/STAR/full_grid_solar_opacity/runs/T818p428_rho9p64388em12/fac-opacity-cowan-state/starout.h5
818.427694066175,1.3859012403933867e-11,fac-opacity-cowan-state,T818p428_rho1p3859em11,0.3343522838745843,1.4148480325661326e-11,0.33435228387957733,5.0886085994701885e-12,ok,/home/elads/STAR/full_grid_solar_opacity/runs/T818p428_rho1p3859em11/fac-opacity-cowan-state/starout.h5
818.427694066175,1.9916480638308542e-11,fac-opacity-cowan-state,T818p428_rho1p99165em11,0.3343522838738713,2.0438598109752124e-11,0.3343522838810899,7.353392912195736e-12,ok,/home/elads/STAR/full_grid_solar_opacity/runs/T818p428_rho1p99165em11/fac-opacity-cowan-state/starout.h5
818.427694066175,2.8621534453892672e-11,fac-opacity-cowan-state,T818p428_rho2p86215em11,0.33385024678145453,6.589052043751266e-11,0.33385024688725135,1.0353576810498795e-10,ok,/home/elads/STAR/full_grid_solar_opacity/runs/T818p428_rho2p86215em11/fac-opacity-cowan-state/starout.h5
818.427694066175,4.1131375034185614e-11,fac-opacity-cowan-state,T818p428_rho4p11314em11,0.3338502469396443,9.531966379940979e-11,0.33385024709194266,1.4905376677882072e-10,ok,/home/elads/STAR/full_grid_solar_opacity/runs/T818p428_rho4p11314em11/fac-opacity-cowan-state/starout.h5
818.427694066175,5.910899064227969e-11,fac-opacity-cowan-state,T818p428_rho5p9109em11,0.33385024679295333,1.3764467887207744e-10,0.33385024701209953,2.1448810485763633e-10,ok,/home/elads/STAR/full_grid_solar_opacity/runs/T818p428_rho5p9109em11/fac-opacity-cowan-state/starout.h5
818.427694066175,8.4944224982638e-11,fac-opacity-cowan-state,T818p428_rho8p49442em11,0.33385024678946695,1.9837425838395925e-10,0.3338502471046387,3.0847853343172805e-10,ok,/home/elads/STAR/full_grid_solar_opacity/runs/T818p428_rho8p49442em11/fac-opacity-cowan-state/starout.h5
818.427694066175,1.2207146966133182e-10,fac-opacity-cowan-state,T818p428_rho1p22071em10,0.33385024676158387,2.851509097543673e-10,0.3338502472145997,4.433918808985484e-10,ok,/home/elads/STAR/full_grid_solar_opacity/runs/T818p428_rho1p22071em10/fac-opacity-cowan-state/starout.h5
818.427694066175,1.7542621300415897e-10,fac-opacity-cowan-state,T818p428_rho1p75426em10,0.3338502467370652,1.8986199496943954e-09,0.3338502507791682,3.960874523499887e-09,ok,/home/elads/STAR/full_grid_solar_opacity/runs/T818p428_rho1p75426em10/fac-opacity-cowan-state/starout.h5
818.427694066175,2.52101136279913e-10,fac-opacity-cowan-state,T818p428_rho2p52101em10,0.3338502467106569,2.7283520982353e-09,0.3338502525211947,5.693761184695856e-09,ok,/home/elads/STAR/full_grid_solar_opacity/runs/T818p428_rho2p52101em10/fac-opacity-cowan-state/starout.h5
818.427694066175,3.6228897509242966e-10,fac-opacity-cowan-state,T818p428_rho3p62289em10,0.3338502466611155,3.925404913352028e-09,0.33385025501445365,8.185516804167675e-09,ok,/home/elads/STAR/full_grid_solar_opacity/runs/T818p428_rho3p62289em10/fac-opacity-cowan-state/starout.h5
818.427694066175,5.20637484663258e-10,fac-opacity-cowan-state,T818p428_rho5p20637em10,0.3338502465986647,5.652857691210618e-09,0.33385025860845885,1.1768661268166838e-08,ok,/home/elads/STAR/full_grid_solar_opacity/runs/T818p428_rho5p20637em10/fac-opacity-cowan-state/starout.h5
818.427694066175,7.481966305138837e-10,fac-opacity-cowan-state,T818p428_rho7p48197em10,0.3338502464701247,8.141975300349551e-09,0.3338502637353047,1.691880039564214e-08,ok,/home/elads/STAR/full_grid_solar_opacity/runs/T818p428_rho7p48197em10/fac-opacity-cowan-state/starout.h5
818.427694066175,1.0752168531898921e-09,fac-opacity-cowan-state,T818p428_rho1p07522em09,0.33385024631879034,1.1723446298706025e-08,0.3338502711431081,2.4326531000619707e-08,ok,/home/elads/STAR/full_grid_solar_opacity/runs/T818p428_rho1p07522em09/fac-opacity-cowan-state/starout.h5
818.427694066175,1.5451703926941453e-09,fac-opacity-cowan-state,T818p428_rho1p54517em09,0.33385024610205166,1.6852716498719792e-08,0.33385028177439796,3.4957085872787094e-08,ok,/home/elads/STAR/full_grid_solar_opacity/runs/T818p428_rho1p54517em09/fac-opacity-cowan-state/starout.h5
818.427694066175,2.220530245015531e-09,fac-opacity-cowan-state,T818p428_rho2p22053em09,0.3338502457933417,2.4262738446941692e-08,0.3338502970706649,5.0249740862535946e-08,ok,/home/elads/STAR/full_grid_solar_opacity/runs/T818p428_rho2p22053em09/fac-opacity-cowan-state/starout.h5
818.427694066175,3.1910749729235452e-09,fac-opacity-cowan-state,T818p428_rho3p19107em09,0.33385024535699626,3.474533108423763e-08,0.3338503189871889,7.215288551902856e-08,ok,/home/elads/STAR/full_grid_solar_opacity/runs/T818p428_rho3p19107em09/fac-opacity-cowan-state/starout.h5
818.427694066175,4.585823366142813e-09,fac-opacity-cowan-state,T818p428_rho4p58582em09,0.3338502447439449,4.98377047236903e-08,0.33385035050491635,1.0363744009536971e-07,ok,/home/elads/STAR/full_grid_solar_opacity/runs/T818p428_rho4p58582em09/fac-opacity-cowan-state/starout.h5
818.427694066175,6.590185477903269e-09,fac-opacity-cowan-state,T818p428_rho6p59019em09,0.3338502438879807,7.13971959499747e-08,0.3338503957427949,1.488024372912847e-07,ok,/home/elads/STAR/full_grid_solar_opacity/runs/T818p428_rho6p59019em09/fac-opacity-cowan-state/starout.h5
818.427694066175,9.470610000772238e-09,fac-opacity-cowan-state,T818p428_rho9p47061em09,0.3338502427279225,1.0223950034410385e-07,0.33385046072733016,2.1361192059763688e-07,ok,/home/elads/STAR/full_grid_solar_opacity/runs/T818p428_rho9p47061em09/fac-opacity-cowan-state/starout.h5
818.427694066175,1.3610004466105506e-08,fac-opacity-cowan-state,T818p428_rho1p361em08,0.333850241071469,1.4775903019059154e-07,0.3338505567164805,3.092848531286342e-07,ok,/home/elads/STAR/full_grid_solar_opacity/runs/T818p428_rho1p361em08/fac-opacity-cowan-state/starout.h5
818.427694066175,1.9558636830395073e-08,fac-opacity-cowan-state,T818p428_rho1p95586em08,0.3338502388658031,2.141677469620681e-07,0.33385069377077786,4.4577009405828717e-07,ok,/home/elads/STAR/full_grid_solar_opacity/runs/T818p428_rho1p95586em08/fac-opacity-cowan-state/starout.h5
818.427694066175,2.810728502080722e-08,fac-opacity-cowan-state,T818p428_rho2p81073em08,0.33385023560059496,3.060735996728865e-07,0.3338508880324658,6.393029122787798e-07,ok,/home/elads/STAR/full_grid_solar_opacity/runs/T818p428_rho2p81073em08/fac-opacity-cowan-state/starout.h5
818.427694066175,4.039235853150913e-08,fac-opacity-cowan-state,T818p428_rho4p03924em08,0.3338502321615893,4.4060894317174144e-07,0.3338511686425243,9.17638061604836e-07,ok,/home/elads/STAR/full_grid_solar_opacity/runs/T818p428_rho4p03924em08/fac-opacity-cowan-state/starout.h5
818.427694066175,5.804696634805446e-08,fac-opacity-cowan-state,T818p428_rho5p8047em08,0.3338502272886896,6.371299074214298e-07,0.3338515714651457,1.3171741627062372e-06,ok,/home/elads/STAR/full_grid_solar_opacity/runs/T818p428_rho5p8047em08/fac-opacity-cowan-state/starout.h5
818.427694066175,8.341801332506338e-08,fac-opacity-cowan-state,T818p428_rho8p3418em08,0.3338502210733603,9.205841336571907e-07,0.3338521496667088,1.889925420930086e-06,ok,/home/elads/STAR/full_grid_solar_opacity/runs/T818p428_rho8p3418em08/fac-opacity-cowan-state/starout.h5
818.427694066175,1.1987818459583772e-07,fac-opacity-cowan-state,T818p428_rho1p19878em07,0.3338502134119557,1.3131713165555595e-06,0.3338529682197573,2.699402326134968e-06,ok,/home/elads/STAR/full_grid_solar_opacity/runs/T818p428_rho1p19878em07/fac-opacity-cowan-state/starout.h5
818.427694066175,1.7227429147699408e-07,fac-opacity-cowan-state,T818p428_rho1p72274em07,0.333850203628735,1.8828452031426956e-06,0.33385413525765295,3.8524282183350365e-06,ok,/home/elads/STAR/full_grid_solar_opacity/runs/T818p428_rho1p72274em07/fac-opacity-cowan-state/starout.h5
818.427694066175,2.4757157946593376e-07,fac-opacity-cowan-state,T818p428_rho2p47572em07,0.3338501916156729,2.764100154502414e-06,0.33385582704260786,5.52289508962305e-06,ok,/home/elads/STAR/full_grid_solar_opacity/runs/T818p428_rho2p47572em07/fac-opacity-cowan-state/starout.h5
818.427694066175,3.557796490339488e-07,fac-opacity-cowan-state,T818p428_rho3p5578em07,0.3338501767329386,4.008081699141191e-06,0.3338581808719313,7.84458813760158e-06,ok,/home/elads/STAR/full_grid_solar_opacity/runs/T818p428_rho3p5578em07/fac-opacity-cowan-state/starout.h5
818.427694066175,5.112830759482948e-07,fac-opacity-cowan-state,T818p428_rho5p11283em07,0.3338501582766706,5.76140753629485e-06,0.3338614475239304,1.1063909423395769e-05,ok,/home/elads/STAR/full_grid_solar_opacity/runs/T818p428_rho5p11283em07/fac-opacity-cowan-state/starout.h5
818.427694066175,7.347536163492159e-07,fac-opacity-cowan-state,T818p428_rho7p34754em07,0.33385013522894563,8.271137021943375e-06,0.3338659544509131,1.550305248273267e-05,ok,/home/elads/STAR/full_grid_solar_opacity/runs/T818p428_rho7p34754em07/fac-opacity-cowan-state/starout.h5
818.427694066175,1.0558981944335787e-06,fac-opacity-cowan-state,T818p428_rho1p0559em06,0.33385010656359926,1.1889364924938272e-05,0.33387205899938643,2.151250314731123e-05,ok,/home/elads/STAR/full_grid_solar_opacity/runs/T818p428_rho1p0559em06/fac-opacity-cowan-state/starout.h5
818.427694066175,1.517407974863493e-06,fac-opacity-cowan-state,T818p428_rho1p51741em06,0.33385007054922344,1.7098411785206233e-05,0.3338801834921692,2.9508034371935666e-05,ok,/home/elads/STAR/full_grid_solar_opacity/runs/T818p428_rho1p51741em06/fac-opacity-cowan-state/starout.h5
818.427694066175,2.1806334875063253e-06,fac-opacity-cowan-state,T818p428_rho2p18063em06,0.3338500253435406,2.4643549078867776e-05,0.33389075189765405,3.9907380638833294e-05,ok,/home/elads/STAR/full_grid_solar_opacity/runs/T818p428_rho2p18063em06/fac-opacity-cowan-state/starout.h5
818.427694066175,3.1337402238588983e-06,fac-opacity-cowan-state,T818p428_rho3p13374em06,0.33384996812703166,3.539458392294733e-05,0.3339041274936212,5.306835462273745e-05,ok,/home/elads/STAR/full_grid_solar_opacity/runs/T818p428_rho3p13374em06/fac-opacity-cowan-state/starout.h5
818.427694066175,4.503428864545845e-06,fac-opacity-cowan-state,T818p428_rho4p50343em06,0.33384989489556965,5.056401149984182e-05,0.33392047419888676,6.915379306507666e-05,ok,/home/elads/STAR/full_grid_solar_opacity/runs/T818p428_rho4p50343em06/fac-opacity-cowan-state/starout.h5
818.427694066175,6.471778159406801e-06,fac-opacity-cowan-state,T818p428_rho6p47178em06,0.3338497999617863,7.306006290091032e-05,0.3339404251137866,8.880571766807409e-05,ok,/home/elads/STAR/full_grid_solar_opacity/runs/T818p428_rho6p47178em06/fac-opacity-cowan-state/starout.h5
818.427694066175,9.300449458481393e-06,fac-opacity-cowan-state,T818p428_rho9p30045em06,0.3338496769110201,0.00010469061567322646,0.3339637119805853,0.00011175502130392282,ok,/home/elads/STAR/full_grid_solar_opacity/runs/T818p428_rho9p30045em06/fac-opacity-cowan-state/starout.h5
818.427694066175,1.3365470508911143e-05,fac-opacity-cowan-state,T818p428_rho1p33655em05,0.3338495200940701,0.0001487162558413188,0.3339904776436122,0.00013813963196585396,ok,/home/elads/STAR/full_grid_solar_opacity/runs/T818p428_rho1p33655em05/fac-opacity-cowan-state/starout.h5
818.427694066175,1.920722248123928e-05,fac-opacity-cowan-state,T818p428_rho1p92072em05,0.33384930732350515,0.00021191404226394547,0.33402180191033237,0.00016905990900418553,ok,/home/elads/STAR/full_grid_solar_opacity/runs/T818p428_rho1p92072em05/fac-opacity-cowan-state/starout.h5
818.427694066175,2.760227522090268e-05,fac-opacity-cowan-state,T818p428_rho2p76023em05,0.33384903271421856,0.0003017698734077171,0.33405871678472826,0.0002055372476721921,ok,/home/elads/STAR/full_grid_solar_opacity/runs/T818p428_rho2p76023em05/fac-opacity-cowan-state/starout.h5
818.427694066175,3.966662010161191e-05,fac-opacity-cowan-state,T818p428_rho3p96666em05,0.3338486536721455,0.0004290605807764703,0.33410355109665685,0.0002499094198272913,ok,/home/elads/STAR/full_grid_solar_opacity/runs/T818p428_rho3p96666em05/fac-opacity-cowan-state/starout.h5
818.427694066175,5.7004023678963655e-05,fac-opacity-cowan-state,T818p428_rho5p7004em05,0.3338482147398114,0.0006033505993247403,0.3341579434634428,0.00030364886824720927,ok,/home/elads/STAR/full_grid_solar_opacity/runs/T818p428_rho5p7004em05/fac-opacity-cowan-state/starout.h5
818.427694066175,8.191922344953684e-05,fac-opacity-cowan-state,T818p428_rho8p19192em05,0.3338475950130474,0.0008501151085521271,0.3342318840262971,0.0003767617871029068,ok,/home/elads/STAR/full_grid_solar_opacity/runs/T818p428_rho8p19192em05/fac-opacity-cowan-state/starout.h5
818.427694066175,0.00011772430676769293,fac-opacity-cowan-state,T818p428_rho0p000117724,0.3338468381513667,0.0011828497121000219,0.3343161773571063,0.000460399423732411,ok,/home/elads/STAR/full_grid_solar_opacity/runs/T818p428_rho0p000117724/fac-opacity-cowan-state/starout.h5
818.427694066175,0.00016917900122028344,fac-opacity-cowan-state,T818p428_rho0p000169179,0.3338456365927703,0.0016342610767600472,0.33441941268211134,0.0005633690048191873,ok,/home/elads/STAR/full_grid_solar_opacity/runs/T818p428_rho0p000169179/fac-opacity-cowan-state/starout.h5
818.427694066175,0.0002431234061999784,fac-opacity-cowan-state,T818p428_rho0p000243123,0.33384403284874664,0.00223174990075313,0.3345553205374827,0.0006987254496303791,ok,/home/elads/STAR/full_grid_solar_opacity/runs/T818p428_rho0p000243123/fac-opacity-cowan-state/starout.h5
818.427694066175,0.0003493872774749123,fac-opacity-cowan-state,T818p428_rho0p000349387,0.33384177982613705,0.003010644813956369,0.3347319437856305,0.000874693112075209,ok,/home/elads/STAR/full_grid_solar_opacity/runs/T818p428_rho0p000349387/fac-opacity-cowan-state/starout.h5
818.427694066175,0.0005020967399614471,fac-opacity-cowan-state,T818p428_rho0p000502097,0.3338387696735295,0.0039733123495599015,0.33492432248707404,0.0010674391393647052,ok,/home/elads/STAR/full_grid_solar_opacity/runs/T818p428_rho0p000502097/fac-opacity-cowan-state/starout.h5
818.427694066175,0.0007215521357901021,fac-opacity-cowan-state,T818p428_rho0p000721552,0.3338345687929312,0.005133033496166403,0.3351427793208993,0.0012880593870524713,ok,/home/elads/STAR/full_grid_solar_opacity/runs/T818p428_rho0p000721552/fac-opacity-cowan-state/starout.h5
818.427694066175,0.0010369266382873438,fac-opacity-cowan-state,T818p428_rho0p00103693,0.33382885056111194,0.006508970432127276,0.3354568462407643,0.0016037509336447918,ok,/home/elads/STAR/full_grid_solar_opacity/runs/T818p428_rho0p00103693/fac-opacity-cowan-state/starout.h5
818.427694066175,0.0014901443705277455,fac-opacity-cowan-state,T818p428_rho0p00149014,0.33382096172085063,0.008026346857716502,0.3358138963252322,0.0019655822951210673,ok,/home/elads/STAR/full_grid_solar_opacity/runs/T818p428_rho0p00149014/fac-opacity-cowan-state/starout.h5
818.427694066175,0.002141453563853953,fac-opacity-cowan-state,T818p428_rho0p00214145,0.3338102309731343,0.00961260601472595,0.3362308099565285,0.002391108956896128,ok,/home/elads/STAR/full_grid_solar_opacity/runs/T818p428_rho0p00214145/fac-opacity-cowan-state/starout.h5
818.427694066175,0.003077435620898055,fac-opacity-cowan-state,T818p428_rho0p00307744,0.3337951990835493,0.011267130830443214,0.336799302133308,0.0029706926825090207,ok,/home/elads/STAR/full_grid_solar_opacity/runs/T818p428_rho0p00307744/fac-opacity-cowan-state/starout.h5
818.427694066175,0.004422514763163053,fac-opacity-cowan-state,T818p428_rho0p00442251,0.33377445021180635,0.012969492444843234,0.3374220107836653,0.003613301353955863,ok,/home/elads/STAR/full_grid_solar_opacity/runs/T818p428_rho0p00442251/fac-opacity-cowan-state/starout.h5
818.427694066175,0.006355498291362301,fac-opacity-cowan-state,T818p428_rho0p0063555,0.333745965673083,0.016136053840187084,0.33832768098779287,0.004544237434012173,ok,/home/elads/STAR/full_grid_solar_opacity/runs/T818p428_rho0p0063555/fac-opacity-cowan-state/starout.h5
818.427694066175,0.009133346228248624,fac-opacity-cowan-state,T818p428_rho0p00913335,0.33370663367532144,0.021429824305046752,0.3394980645322604,0.005752254346593812,ok,/home/elads/STAR/full_grid_solar_opacity/runs/T818p428_rho0p00913335/fac-opacity-cowan-state/starout.h5
818.427694066175,0.01312533014735226,fac-opacity-cowan-state,T818p428_rho0p0131253,0.3336521582357275,0.02774262820490634,0.3410596902204865,0.007363804456873336,ok,/home/elads/STAR/full_grid_solar_opacity/runs/T818p428_rho0p0131253/fac-opacity-cowan-state/starout.h5
818.427694066175,0.018862122071335155,fac-opacity-cowan-state,T818p428_rho0p0188621,0.3335766500688011,0.03530890135791736,0.34294008201421233,0.009315451011516995,ok,/home/elads/STAR/full_grid_solar_opacity/runs/T818p428_rho0p0188621/fac-opacity-cowan-state/starout.h5
818.427694066175,0.02710633904364831,fac-opacity-cowan-state,T818p428_rho0p0271063,0.33347169785345765,0.044867379200455075,0.3452648044266982,0.011739508236680525,ok,/home/elads/STAR/full_grid_solar_opacity/runs/T818p428_rho0p0271063/fac-opacity-cowan-state/starout.h5
818.427694066175,0.038953921174427183,fac-opacity-cowan-state,T818p428_rho0p0389539,0.33332571844946296,0.05771769329683111,0.34827493008602134,0.014886099596647002,ok,/home/elads/STAR/full_grid_solar_opacity/runs/T818p428_rho0p0389539/fac-opacity-cowan-state/starout.h5
818.427694066175,0.0559798197912329,fac-opacity-cowan-state,T818p428_rho0p0559798,0.3331232797515288,0.07503597445420207,0.35184292918916177,0.018636229475090513,ok,/home/elads/STAR/full_grid_solar_opacity/runs/T818p428_rho0p0559798/fac-opacity-cowan-state/starout.h5
818.427694066175,0.08044736266284185,fac-opacity-cowan-state,T818p428_rho0p0804474,0.33284122451109843,0.09947360618293796,0.3562108045544257,0.02325367011100131,ok,/home/elads/STAR/full_grid_solar_opacity/runs/T818p428_rho0p0804474/fac-opacity-cowan-state/starout.h5
818.427694066175,0.11560912813835741,fac-opacity-cowan-state,T818p428_rho0p115609,0.33245091389833253,0.13419658388720856,0.3614049827769356,0.02878183164748955,ok,/home/elads/STAR/full_grid_solar_opacity/runs/T818p428_rho0p115609/fac-opacity-cowan-state/starout.h5
818.427694066175,0.1661393247274789,fac-opacity-cowan-state,T818p428_rho0p166139,0.3319131653738813,0.18355777068682722,0.3674869483949894,0.03530377775700678,ok,/home/elads/STAR/full_grid_solar_opacity/runs/T818p428_rho0p166139/fac-opacity-cowan-state/starout.h5
818.427694066175,0.23875515424585794,fac-opacity-cowan-state,T818p428_rho0p238755,0.33117674357152205,0.25454190780702357,0.37492459533657224,0.04331623399256584,ok,/home/elads/STAR/full_grid_solar_opacity/runs/T818p428_rho0p238755/fac-opacity-cowan-state/starout.h5
818.427694066175,0.34310975906798746,fac-opacity-cowan-state,T818p428_rho0p34311,0.33015764275783543,0.35653632965447885,0.3840150419483125,0.05317084966007885,ok,/home/elads/STAR/full_grid_solar_opacity/runs/T818p428_rho0p34311/fac-opacity-cowan-state/starout.h5
818.427694066175,0.49307545690287347,fac-opacity-cowan-state,T818p428_rho0p493075,0.3287988261099973,0.5028639967013339,0.3952130835827376,0.06534036825636283,ok,/home/elads/STAR/full_grid_solar_opacity/runs/T818p428_rho0p493075/fac-opacity-cowan-state/starout.h5
818.427694066175,0.7085878491488851,fac-opacity-cowan-state,T818p428_rho0p708588,0.32698768262272565,0.7124644096578714,0.4085951619895472,0.07996727556254653,ok,/home/elads/STAR/full_grid_solar_opacity/runs/T818p428_rho0p708588/fac-opacity-cowan-state/starout.h5
818.427694066175,1.0182959482819007,fac-opacity-cowan-state,T818p428_rho1p0183,0.3246062689818244,1.0126212063312616,0.4250797317346962,0.09802990063703505,ok,/home/elads/STAR/full_grid_solar_opacity/runs/T818p428_rho1p0183/fac-opacity-cowan-state/starout.h5
818.427694066175,1.4633706173946401,fac-opacity-cowan-state,T818p428_rho1p46337,0.32152457220609615,1.4415805350730215,0.4462595598080856,0.12119367873895635,ok,/home/elads/STAR/full_grid_solar_opacity/runs/T818p428_rho1p46337/fac-opacity-cowan-state/starout.h5
818.427694066175,2.1029775945461404,fac-opacity-cowan-state,T818p428_rho2p10298,0.31761134068129093,2.053249680401119,0.47212312545558954,0.14952536275323056,ok,/home/elads/STAR/full_grid_solar_opacity/runs/T818p428_rho2p10298/fac-opacity-cowan-state/starout.h5
818.427694066175,3.0221426551783854,fac-opacity-cowan-state,T818p428_rho3p02214,0.31275218548693545,2.923910732035414,0.5052522548022201,0.18569057814450346,ok,/home/elads/STAR/full_grid_solar_opacity/runs/T818p428_rho3p02214/fac-opacity-cowan-state/starout.h5
818.427694066175,4.343054463316713,fac-opacity-cowan-state,T818p428_rho4p34305,0.306875679285281,4.158818696019236,0.5466457899948272,0.23076328869211205,ok,/home/elads/STAR/full_grid_solar_opacity/runs/T818p428_rho4p34305/fac-opacity-cowan-state/starout.h5
818.427694066175,6.241307649397467,fac-opacity-cowan-state,T818p428_rho6p24131,0.299987605707381,5.902776774560107,0.5992810450627357,0.28778571894799654,ok,/home/elads/STAR/full_grid_solar_opacity/runs/T818p428_rho6p24131/fac-opacity-cowan-state/starout.h5
818.427694066175,8.969245378672715,fac-opacity-cowan-state,T818p428_rho8p96925,0.29220936545970244,8.355733099051653,0.666957861517412,0.3605832334920384,ok,/home/elads/STAR/full_grid_solar_opacity/runs/T818p428_rho8p96925/fac-opacity-cowan-state/starout.h5
818.427694066175,12.889504440725364,fac-opacity-cowan-state,T818p428_rho12p8895,0.2838088496153409,11.781632199514064,0.7552079130914872,0.4546677924889546,ok,/home/elads/STAR/full_grid_solar_opacity/runs/T818p428_rho12p8895/fac-opacity-cowan-state/starout.h5
818.427694066175,18.52322215674118,fac-opacity-cowan-state,T818p428_rho18p5232,0.27522585143609796,16.519946848151346,0.8686554090326478,0.5745211362527134,ok,/home/elads/STAR/full_grid_solar_opacity/runs/T818p428_rho18p5232/fac-opacity-cowan-state/starout.h5
818.427694066175,26.61931346126126,fac-opacity-cowan-state,T818p428_rho26p6193,0.2670703796444679,23.006769840240384,1.0174658007080266,0.7300593942232878,ok,/home/elads/STAR/full_grid_solar_opacity/runs/T818p428_rho26p6193/fac-opacity-cowan-state/starout.h5
818.427694066175,38.254027466328665,fac-opacity-cowan-state,T818p428_rho38p254,0.2600085496252795,31.76672871437851,1.2118809859806672,0.9311906749992483,ok,/home/elads/STAR/full_grid_solar_opacity/runs/T818p428_rho38p254/fac-opacity-cowan-state/starout.h5
818.427694066175,54.97401800103719,fac-opacity-cowan-state,T818p428_rho54p974,0.25520449319042326,43.349268583996775,1.4770525217734833,1.2021278249081429,ok,/home/elads/STAR/full_grid_solar_opacity/runs/T818p428_rho54p974/fac-opacity-cowan-state/starout.h5
818.427694066175,79.0019471240894,fac-opacity-cowan-state,T818p428_rho79p0019,0.2531775490269714,58.26716221279593,1.8271493189534254,1.556520141719163,ok,/home/elads/STAR/full_grid_solar_opacity/runs/T818p428_rho79p0019/fac-opacity-cowan-state/starout.h5
818.427694066175,113.53195339077567,fac-opacity-cowan-state,T818p428_rho113p532,0.25488479386096735,76.82783246901892,2.2911898730963114,2.0222246880822734,ok,/home/elads/STAR/full_grid_solar_opacity/runs/T818p428_rho113p532/fac-opacity-cowan-state/starout.h5
818.427694066175,163.15426277379785,fac-opacity-cowan-state,T818p428_rho163p154,0.2606964244492826,98.71018631768185,2.906947404576997,2.6363145477938024,ok,/home/elads/STAR/full_grid_solar_opacity/runs/T818p428_rho163p154/fac-opacity-cowan-state/starout.h5
818.427694066175,234.46538763970608,fac-opacity-cowan-state,T818p428_rho234p465,0.2707066749899508,122.74595294093739,3.719912675290237,3.4436467248367624,ok,/home/elads/STAR/full_grid_solar_opacity/runs/T818p428_rho234p465/fac-opacity-cowan-state/starout.h5
818.427694066175,336.94503022121665,fac-opacity-cowan-state,T818p428_rho336p945,0.2841353214284932,146.74717017404208,4.774625246289461,4.488957772286694,ok,/home/elads/STAR/full_grid_solar_opacity/runs/T818p428_rho336p945/fac-opacity-cowan-state/starout.h5
818.427694066175,484.21626123015125,fac-opacity-cowan-state,T818p428_rho484p216,0.2997464511021336,167.45558371247333,6.09656834874197,5.798481558676498,ok,/home/elads/STAR/full_grid_solar_opacity/runs/T818p428_rho484p216/fac-opacity-cowan-state/starout.h5
818.427694066175,695.8564947100452,fac-opacity-cowan-state,T818p428_rho695p856,0.3159685904678461,180.51556902057652,7.665918889502329,7.353750150959819,ok,/home/elads/STAR/full_grid_solar_opacity/runs/T818p428_rho695p856/fac-opacity-cowan-state/starout.h5
818.427694066175,1000.0,fac-opacity-cowan-state,T818p428_rho1000,0.33185742923227407,186.62639065745051,9.377416982996525,9.050508416990905,ok,/home/elads/STAR/full_grid_solar_opacity/runs/T818p428_rho1000/fac-opacity-cowan-state/starout.h5
