temp_eV,rho_gcc,mode,label,kross_scattering,kplanck,krosseland,krosseland_absorption,status,h5_path
0.5,1e-17,fac-opacity-cowan-state,T0p5_rho1em17,0.28201414363230287,5.688769062040253,0.31186942620960334,0.029855279508904604,ok,/home/elads/STAR/full_grid_solar_opacity/runs/T0p5_rho1em17/fac-opacity-cowan-state/starout.h5
0.5,1.4370779141993746e-17,fac-opacity-cowan-state,T0p5_rho1p43708em17,0.28169776910831373,7.4302950072352,0.3136349391687657,0.031937166778088937,ok,/home/elads/STAR/full_grid_solar_opacity/runs/T0p5_rho1p43708em17/fac-opacity-cowan-state/starout.h5
0.5,2.065192931479625e-17,fac-opacity-cowan-state,T0p5_rho2p06519em17,0.2812462901400669,9.559150310688157,0.3151781994474039,0.033931905819963165,ok,/home/elads/STAR/full_grid_solar_opacity/runs/T0p5_rho2p06519em17/fac-opacity-cowan-state/starout.h5
0.5,2.9678431503900313e-17,fac-opacity-cowan-state,T0p5_rho2p96784em17,0.2806032275375307,12.11384825276023,0.3163813044431008,0.03577807322845524,ok,/home/elads/STAR/full_grid_solar_opacity/runs/T0p5_rho2p96784em17/fac-opacity-cowan-state/starout.h5
0.5,4.2650218442334076e-17,fac-opacity-cowan-state,T0p5_rho4p26502em17,0.27968997640881976,15.13698904984438,0.317122436679185,0.03743245642321987,ok,/home/elads/STAR/full_grid_solar_opacity/runs/T0p5_rho4p26502em17/fac-opacity-cowan-state/starout.h5
0.5,6.129168695925715e-17,fac-opacity-cowan-state,T0p5_rho6p12917em17,0.27839867957698494,18.67127114414355,0.3172753347700678,0.03887665119750963,ok,/home/elads/STAR/full_grid_solar_opacity/runs/T0p5_rho6p12917em17/fac-opacity-cowan-state/starout.h5
0.5,8.808092965317026e-17,fac-opacity-cowan-state,T0p5_rho8p80809em17,0.276584299243833,22.74177463247629,0.3166989556020919,0.0401146522354491,ok,/home/elads/STAR/full_grid_solar_opacity/runs/T0p5_rho8p80809em17/fac-opacity-cowan-state/starout.h5
0.5,1.2657915866672028e-16,fac-opacity-cowan-state,T0p5_rho1p26579em16,0.27405732783031256,27.33012281092135,0.3152210402130084,0.04116370815206862,ok,/home/elads/STAR/full_grid_solar_opacity/runs/T0p5_rho1p26579em16/fac-opacity-cowan-state/starout.h5
0.5,1.819041133178821e-16,fac-opacity-cowan-state,T0p5_rho1p81904em16,0.2705801216742155,32.35766847917881,0.31262295365457204,0.042042827659377585,ok,/home/elads/STAR/full_grid_solar_opacity/runs/T0p5_rho1p81904em16/fac-opacity-cowan-state/starout.h5
0.5,2.6141038375114865e-16,fac-opacity-cowan-state,T0p5_rho2p6141em16,0.2658718287573786,37.69526326494609,0.30863410594255364,0.042762272790254546,ok,/home/elads/STAR/full_grid_solar_opacity/runs/T0p5_rho2p6141em16/fac-opacity-cowan-state/starout.h5
0.5,3.7566708903116036e-16,fac-opacity-cowan-state,T0p5_rho3p75667em16,0.25962837421784696,43.200948817759034,0.3029439492178746,0.04331557054824136,ok,/home/elads/STAR/full_grid_solar_opacity/runs/T0p5_rho3p75667em16/fac-opacity-cowan-state/starout.h5
0.5,5.398628767382507e-16,fac-opacity-cowan-state,T0p5_rho5p39863em16,0.25156287077278294,48.764620172298784,0.29523822158531704,0.043675346323771784,ok,/home/elads/STAR/full_grid_solar_opacity/runs/T0p5_rho5p39863em16/fac-opacity-cowan-state/starout.h5
0.5,7.758250168566793e-16,fac-opacity-cowan-state,T0p5_rho7p75825em16,0.24146556021632334,54.331514877717346,0.28526082403607617,0.043795259318666305,ok,/home/elads/STAR/full_grid_solar_opacity/runs/T0p5_rho7p75825em16/fac-opacity-cowan-state/starout.h5
0.5,1.1149209970080914e-15,fac-opacity-cowan-state,T0p5_rho1p11492em15,0.2292707824728189,59.89248658759672,0.27289063107502853,0.04361984411915153,ok,/home/elads/STAR/full_grid_solar_opacity/runs/T0p5_rho1p11492em15/fac-opacity-cowan-state/starout.h5
0.5,1.6022283408774753e-15,fac-opacity-cowan-state,T0p5_rho1p60223em15,0.2151072423769045,65.45271324939544,0.25820779577307096,0.043100548966479184,ok,/home/elads/STAR/full_grid_solar_opacity/runs/T0p5_rho1p60223em15/fac-opacity-cowan-state/starout.h5
0.5,2.3025269621793266e-15,fac-opacity-cowan-state,T0p5_rho2p30253em15,0.19930727563409323,71.00115233418624,0.24151915708091914,0.04221187710847253,ok,/home/elads/STAR/full_grid_solar_opacity/runs/T0p5_rho2p30253em15/fac-opacity-cowan-state/starout.h5
0.5,3.308910644196489e-15,fac-opacity-cowan-state,T0p5_rho3p30891em15,0.18236600773328196,76.49638102465647,0.22332652857409604,0.04096051663107021,ok,/home/elads/STAR/full_grid_solar_opacity/runs/T0p5_rho3p30891em15/fac-opacity-cowan-state/starout.h5
0.5,4.755162406834019e-15,fac-opacity-cowan-state,T0p5_rho4p75516em15,0.16486386682690227,81.87075263203056,0.20424808088841548,0.03938421001377533,ok,/home/elads/STAR/full_grid_solar_opacity/runs/T0p5_rho4p75516em15/fac-opacity-cowan-state/starout.h5
0.5,6.8335388732923106e-15,fac-opacity-cowan-state,T0p5_rho6p83354em15,0.14738004942749364,87.0452430402897,0.18492279327862712,0.03754273999265379,ok,/home/elads/STAR/full_grid_solar_opacity/runs/T0p5_rho6p83354em15/fac-opacity-cowan-state/starout.h5
0.5,9.820327790631256e-15,fac-opacity-cowan-state,T0p5_rho9p82033em15,0.1304224446737631,91.94564604269787,0.16592886748151248,0.03550641915855399,ok,/home/elads/STAR/full_grid_solar_opacity/runs/T0p5_rho9p82033em15/fac-opacity-cowan-state/starout.h5
0.5,1.4112576178114521e-14,fac-opacity-cowan-state,T0p5_rho1p41126em14,0.11438669400616719,96.51416882420905,0.14773320634604792,0.03334650891267145,ok,/home/elads/STAR/full_grid_solar_opacity/runs/T0p5_rho1p41126em14/fac-opacity-cowan-state/starout.h5
0.5,2.0280871538024598e-14,fac-opacity-cowan-state,T0p5_rho2p02809em14,0.09954389798566013,100.71474663055186,0.13067299728312512,0.031129096098151666,ok,/home/elads/STAR/full_grid_solar_opacity/runs/T0p5_rho2p02809em14/fac-opacity-cowan-state/starout.h5
0.5,2.914519256800997e-14,fac-opacity-cowan-state,T0p5_rho2p91452em14,0.08604905593079036,104.53313687262687,0.11496083719789928,0.028911778295681843,ok,/home/elads/STAR/full_grid_solar_opacity/runs/T0p5_rho2p91452em14/fac-opacity-cowan-state/starout.h5
0.5,4.188391254457488e-14,fac-opacity-cowan-state,T0p5_rho4p18839em14,0.07396080933480254,107.97379470599107,0.10070283365568279,0.0267420215724514,ok,/home/elads/STAR/full_grid_solar_opacity/runs/T0p5_rho4p18839em14/fac-opacity-cowan-state/starout.h5
0.5,6.019044567806669e-14,fac-opacity-cowan-state,T0p5_rho6p01904em14,0.06326490464220089,111.05535347908156,0.08792146542604393,0.02465655824974902,ok,/home/elads/STAR/full_grid_solar_opacity/runs/T0p5_rho6p01904em14/fac-opacity-cowan-state/starout.h5
0.5,8.649836012976684e-14,fac-opacity-cowan-state,T0p5_rho8p64984em14,0.05389658324767458,113.80595273719062,0.07657826408201493,0.022681678503215886,ok,/home/elads/STAR/full_grid_solar_opacity/runs/T0p5_rho8p64984em14/fac-opacity-cowan-state/starout.h5
0.5,1.2430488295695167e-13,fac-opacity-cowan-state,T0p5_rho1p24305em13,0.0457595218403899,116.25908612916335,0.06659386488185007,0.020834340900197156,ok,/home/elads/STAR/full_grid_solar_opacity/runs/T0p5_rho1p24305em13/fac-opacity-cowan-state/starout.h5
0.5,1.7863580192457348e-13,fac-opacity-cowan-state,T0p5_rho1p78636em13,0.03874058586977164,118.45023478758655,0.057864435012664354,0.019123847177426802,ok,/home/elads/STAR/full_grid_solar_opacity/runs/T0p5_rho1p78636em13/fac-opacity-cowan-state/starout.h5
0.5,2.567135656310987e-13,fac-opacity-cowan-state,T0p5_rho2p56714em13,0.032720583768247824,120.41431347649662,0.05027426934128045,0.017553683768941255,ok,/home/elads/STAR/full_grid_solar_opacity/runs/T0p5_rho2p56714em13/fac-opacity-cowan-state/starout.h5
0.5,3.6891739544382357e-13,fac-opacity-cowan-state,T0p5_rho3p68917em13,0.027581630247273576,122.18384794328676,0.04370480315860823,0.016123171254265177,ok,/home/elads/STAR/full_grid_solar_opacity/runs/T0p5_rho3p68917em13/fac-opacity-cowan-state/starout.h5
0.5,5.301630411562758e-13,fac-opacity-cowan-state,T0p5_rho5p30163em13,0.023211842558488672,123.78777007721395,0.03804059164980521,0.014828747567282276,ok,/home/elads/STAR/full_grid_solar_opacity/runs/T0p5_rho5p30163em13/fac-opacity-cowan-state/starout.h5
0.5,7.618855973704612e-13,fac-opacity-cowan-state,T0p5_rho7p61886em13,0.01950805346525854,125.25072659153102,0.033172965282014834,0.01366491041233616,ok,/home/elads/STAR/full_grid_solar_opacity/runs/T0p5_rho7p61886em13/fac-opacity-cowan-state/starout.h5
0.5,1.0948889651276868e-12,fac-opacity-cowan-state,T0p5_rho1p09489em12,0.01637711718931407,126.59281689730788,0.029002059628645306,0.01262494114179463,ok,/home/elads/STAR/full_grid_solar_opacity/runs/T0p5_rho1p09489em12/fac-opacity-cowan-state/starout.h5
0.5,1.5734407502856082e-12,fac-opacity-cowan-state,T0p5_rho1p57344em12,0.013736262310915532,127.82969272119138,0.02543776058529594,0.011701497071751365,ok,/home/elads/STAR/full_grid_solar_opacity/runs/T0p5_rho1p57344em12/fac-opacity-cowan-state/starout.h5
0.5,2.26115695153675e-12,fac-opacity-cowan-state,T0p5_rho2p26116em12,0.011512832135393357,128.97295540501784,0.022399896563040332,0.0108870633087219,ok,/home/elads/STAR/full_grid_solar_opacity/runs/T0p5_rho2p26116em12/fac-opacity-cowan-state/starout.h5
0.5,3.249458715591849e-12,fac-opacity-cowan-state,T0p5_rho3p24946em12,0.009643658410536401,130.03078289604676,0.019817874255590135,0.010174214799392125,ok,/home/elads/STAR/full_grid_solar_opacity/runs/T0p5_rho3p24946em12/fac-opacity-cowan-state/starout.h5
0.5,4.669725353279713e-12,fac-opacity-cowan-state,T0p5_rho4p66973em12,0.008074239492847479,131.0086999192341,0.017629946806241553,0.009555706331300087,ok,/home/elads/STAR/full_grid_solar_opacity/runs/T0p5_rho4p66973em12/fac-opacity-cowan-state/starout.h5
0.5,6.710759170575148e-12,fac-opacity-cowan-state,T0p5_rho6p71076em12,0.006757838286948858,131.91040125343457,0.015782336259195392,0.009024497044747922,ok,/home/elads/STAR/full_grid_solar_opacity/runs/T0p5_rho6p71076em12/fac-opacity-cowan-state/starout.h5
0.5,9.64388379154446e-12,fac-opacity-cowan-state,T0p5_rho9p64388em12,0.005654574236743668,132.73853133098197,0.014228402097778477,0.008573826979854107,ok,/home/elads/STAR/full_grid_solar_opacity/runs/T0p5_rho9p64388em12/fac-opacity-cowan-state/starout.h5
0.5,1.3859012403933867e-11,fac-opacity-cowan-state,T0p5_rho1p3859em11,0.004730554806727778,133.49534695875911,0.012927934086811041,0.00819737843759231,ok,/home/elads/STAR/full_grid_solar_opacity/runs/T0p5_rho1p3859em11/fac-opacity-cowan-state/starout.h5
0.5,1.9916480638308542e-11,fac-opacity-cowan-state,T0p5_rho1p99165em11,0.003957071927916211,134.1832107323692,0.011846541923728632,0.007889469184967045,ok,/home/elads/STAR/full_grid_solar_opacity/runs/T0p5_rho1p99165em11/fac-opacity-cowan-state/starout.h5
0.5,2.8621534453892672e-11,fac-opacity-cowan-state,T0p5_rho2p86215em11,0.0033098755312311328,134.8049012930657,0.010955075963130513,0.007645199646158965,ok,/home/elads/STAR/full_grid_solar_opacity/runs/T0p5_rho2p86215em11/fac-opacity-cowan-state/starout.h5
0.5,4.1131375034185614e-11,fac-opacity-cowan-state,T0p5_rho4p11314em11,0.0027685277017269936,135.36375537500064,0.010229043975153574,0.007460515506667204,ok,/home/elads/STAR/full_grid_solar_opacity/runs/T0p5_rho4p11314em11/fac-opacity-cowan-state/starout.h5
0.5,5.910899064227969e-11,fac-opacity-cowan-state,T0p5_rho5p9109em11,0.002315835601835168,135.86367625995445,0.009648036953124519,0.007332200597717619,ok,/home/elads/STAR/full_grid_solar_opacity/runs/T0p5_rho5p9109em11/fac-opacity-cowan-state/starout.h5
0.5,8.4944224982638e-11,fac-opacity-cowan-state,T0p5_rho8p49442em11,0.001937358345175817,136.30905523313297,0.00919520344253764,0.007257844351432109,ok,/home/elads/STAR/full_grid_solar_opacity/runs/T0p5_rho8p49442em11/fac-opacity-cowan-state/starout.h5
0.5,1.2207146966133182e-10,fac-opacity-cowan-state,T0p5_rho1p22071em10,0.0016209814243377577,136.70464785007798,0.008856810183386766,0.007235828015382031,ok,/home/elads/STAR/full_grid_solar_opacity/runs/T0p5_rho1p22071em10/fac-opacity-cowan-state/starout.h5
0.5,1.7542621300415897e-10,fac-opacity-cowan-state,T0p5_rho1p75426em10,0.0013565517371310388,137.05544157330593,0.008621898226259861,0.00726534574242814,ok,/home/elads/STAR/full_grid_solar_opacity/runs/T0p5_rho1p75426em10/fac-opacity-cowan-state/starout.h5
0.5,2.52101136279913e-10,fac-opacity-cowan-state,T0p5_rho2p52101em10,0.0011355662474725361,137.36653420249866,0.008482016143002877,0.007346449140494208,ok,/home/elads/STAR/full_grid_solar_opacity/runs/T0p5_rho2p52101em10/fac-opacity-cowan-state/starout.h5
0.5,3.6228897509242966e-10,fac-opacity-cowan-state,T0p5_rho3p62289em10,0.0009509076266287729,137.643041333017,0.008431004284245933,0.0074800958888453966,ok,/home/elads/STAR/full_grid_solar_opacity/runs/T0p5_rho3p62289em10/fac-opacity-cowan-state/starout.h5
0.5,5.20637484663258e-10,fac-opacity-cowan-state,T0p5_rho5p20637em10,0.0007966206768023927,137.8900343964546,0.008464831817257898,0.007668210352350152,ok,/home/elads/STAR/full_grid_solar_opacity/runs/T0p5_rho5p20637em10/fac-opacity-cowan-state/starout.h5
0.5,7.481966305138837e-10,fac-opacity-cowan-state,T0p5_rho7p48197em10,0.0006677238834481229,138.11251041697793,0.00858150603285435,0.007913781336062157,ok,/home/elads/STAR/full_grid_solar_opacity/runs/T0p5_rho7p48197em10/fac-opacity-cowan-state/starout.h5
0.5,1.0752168531898921e-09,fac-opacity-cowan-state,T0p5_rho1p07522em09,0.0005600509876373427,138.31539535214893,0.008781064727064556,0.008221012894507223,ok,/home/elads/STAR/full_grid_solar_opacity/runs/T0p5_rho1p07522em09/fac-opacity-cowan-state/starout.h5
0.5,1.5451703926941453e-09,fac-opacity-cowan-state,T0p5_rho1p54517em09,0.0004701180586440334,138.50357857149766,0.009065649654324178,0.008595530712268831,ok,/home/elads/STAR/full_grid_solar_opacity/runs/T0p5_rho1p54517em09/fac-opacity-cowan-state/starout.h5
0.5,2.220530245015531e-09,fac-opacity-cowan-state,T0p5_rho2p22053em09,0.0003950121010812581,138.68197689501403,0.009439666875712393,0.009044653845060898,ok,/home/elads/STAR/full_grid_solar_opacity/runs/T0p5_rho2p22053em09/fac-opacity-cowan-state/starout.h5
0.5,3.1910749729235452e-09,fac-opacity-cowan-state,T0p5_rho3p19107em09,0.0003322977770613481,138.8556322402355,0.009910069304827197,0.009577770543404205,ok,/home/elads/STAR/full_grid_solar_opacity/runs/T0p5_rho3p19107em09/fac-opacity-cowan-state/starout.h5
0.5,4.585823366142813e-09,fac-opacity-cowan-state,T0p5_rho4p58582em09,0.00027993932478947834,139.02984532351294,0.010486821710562817,0.010206881336754408,ok,/home/elads/STAR/full_grid_solar_opacity/runs/T0p5_rho4p58582em09/fac-opacity-cowan-state/starout.h5
0.5,6.590185477903269e-09,fac-opacity-cowan-state,T0p5_rho6p59019em09,0.00023623520520920407,139.21035242397534,0.011183592009381437,0.010947355679050572,ok,/home/elads/STAR/full_grid_solar_opacity/runs/T0p5_rho6p59019em09/fac-opacity-cowan-state/starout.h5
0.5,9.470610000772238e-09,fac-opacity-cowan-state,T0p5_rho9p47061em09,0.0002552468055833801,99.5817092265932,7.830076143368654,7.829820161750957,ok,/home/elads/STAR/full_grid_solar_opacity/runs/T0p5_rho9p47061em09/fac-opacity-cowan-state/starout.h5
0.5,1.3610004466105506e-08,fac-opacity-cowan-state,T0p5_rho1p361em08,0.00021288706700602083,99.38139163811078,8.08090763344816,8.080694075935225,ok,/home/elads/STAR/full_grid_solar_opacity/runs/T0p5_rho1p361em08/fac-opacity-cowan-state/starout.h5
0.5,1.9558636830395073e-08,fac-opacity-cowan-state,T0p5_rho1p95586em08,0.0001775468731943612,99.13705002692213,7.413113767454176,7.41293550579385,ok,/home/elads/STAR/full_grid_solar_opacity/runs/T0p5_rho1p95586em08/fac-opacity-cowan-state/starout.h5
0.5,2.810728502080722e-08,fac-opacity-cowan-state,T0p5_rho2p81073em08,0.00014806316035350972,99.06411420884703,7.290716864759095,7.290568099229305,ok,/home/elads/STAR/full_grid_solar_opacity/runs/T0p5_rho2p81073em08/fac-opacity-cowan-state/starout.h5
0.5,4.039235853150913e-08,fac-opacity-cowan-state,T0p5_rho4p03924em08,0.00012346651743488555,99.70375432473867,8.286426263961435,8.28630200477051,ok,/home/elads/STAR/full_grid_solar_opacity/runs/T0p5_rho4p03924em08/fac-opacity-cowan-state/starout.h5
0.5,5.804696634805446e-08,fac-opacity-cowan-state,T0p5_rho5p8047em08,0.00010294708761441231,99.3698191170904,7.2309095662600305,7.230805902669807,ok,/home/elads/STAR/full_grid_solar_opacity/runs/T0p5_rho5p8047em08/fac-opacity-cowan-state/starout.h5
0.5,8.341801332506338e-08,fac-opacity-cowan-state,T0p5_rho8p3418em08,7.827656622242506e-05,141.36955596901655,0.021783137271734844,0.02170485847478135,ok,/home/elads/STAR/full_grid_solar_opacity/runs/T0p5_rho8p3418em08/fac-opacity-cowan-state/starout.h5
0.5,1.1987818459583772e-07,fac-opacity-cowan-state,T0p5_rho1p19878em07,6.811049347705961e-05,141.97834689676017,0.024694945026944803,0.02462683200242892,ok,/home/elads/STAR/full_grid_solar_opacity/runs/T0p5_rho1p19878em07/fac-opacity-cowan-state/starout.h5
0.5,1.7227429147699408e-07,fac-opacity-cowan-state,T0p5_rho1p72274em07,5.965240732697735e-05,142.73674614908805,0.028185640731820515,0.028125985433826915,ok,/home/elads/STAR/full_grid_solar_opacity/runs/T0p5_rho1p72274em07/fac-opacity-cowan-state/starout.h5
0.5,2.4757157946593376e-07,fac-opacity-cowan-state,T0p5_rho2p47572em07,5.26091038792057e-05,143.68617889559846,0.032366784757734565,0.032314172332745104,ok,/home/elads/STAR/full_grid_solar_opacity/runs/T0p5_rho2p47572em07/fac-opacity-cowan-state/starout.h5
0.5,3.557796490339488e-07,fac-opacity-cowan-state,T0p5_rho3p5578em07,4.672910707817376e-05,144.8765240805197,0.03735862781222508,0.03731189487039243,ok,/home/elads/STAR/full_grid_solar_opacity/runs/T0p5_rho3p5578em07/fac-opacity-cowan-state/starout.h5
0.5,5.112830759482948e-07,fac-opacity-cowan-state,T0p5_rho5p11283em07,4.17949679661871e-05,146.36500327679113,0.04327617336698849,0.043234373955581135,ok,/home/elads/STAR/full_grid_solar_opacity/runs/T0p5_rho5p11283em07/fac-opacity-cowan-state/starout.h5
0.5,7.347536163492159e-07,fac-opacity-cowan-state,T0p5_rho7p34754em07,2.872667040390469e-05,99.67758354450075,7.905911781741684,7.905882308140441,ok,/home/elads/STAR/full_grid_solar_opacity/runs/T0p5_rho7p34754em07/fac-opacity-cowan-state/starout.h5
0.5,1.0558981944335787e-06,fac-opacity-cowan-state,T0p5_rho1p0559em06,2.391550548871174e-05,98.77426822491573,7.2032635974391175,7.203238977929415,ok,/home/elads/STAR/full_grid_solar_opacity/runs/T0p5_rho1p0559em06/fac-opacity-cowan-state/starout.h5
0.5,1.517407974863493e-06,fac-opacity-cowan-state,T0p5_rho1p51741em06,1.990089796331324e-05,99.7618022395471,8.030938326494342,8.030917660699215,ok,/home/elads/STAR/full_grid_solar_opacity/runs/T0p5_rho1p51741em06/fac-opacity-cowan-state/starout.h5
0.5,2.1806334875063253e-06,fac-opacity-cowan-state,T0p5_rho2p18063em06,1.6552893924664384e-05,99.3256895259196,6.986263378160477,6.986246117733853,ok,/home/elads/STAR/full_grid_solar_opacity/runs/T0p5_rho2p18063em06/fac-opacity-cowan-state/starout.h5
0.5,3.1337402238588983e-06,fac-opacity-cowan-state,T0p5_rho3p13374em06,1.3759082659338462e-05,99.45908766072729,7.983689429539232,7.983674868167818,ok,/home/elads/STAR/full_grid_solar_opacity/runs/T0p5_rho3p13374em06/fac-opacity-cowan-state/starout.h5
0.5,4.503428864545845e-06,fac-opacity-cowan-state,T0p5_rho4p50343em06,1.1428575698410511e-05,99.75271401927994,7.902560132893045,7.902547873460935,ok,/home/elads/STAR/full_grid_solar_opacity/runs/T0p5_rho4p50343em06/fac-opacity-cowan-state/starout.h5
0.5,6.471778159406801e-06,fac-opacity-cowan-state,T0p5_rho6p47178em06,9.489087715343783e-06,106.72467408100208,12.50335165986088,12.503340986482906,ok,/home/elads/STAR/full_grid_solar_opacity/runs/T0p5_rho6p47178em06/fac-opacity-cowan-state/starout.h5
0.5,9.300449458481393e-06,fac-opacity-cowan-state,T0p5_rho9p30045em06,7.86705444459138e-06,106.76876519905932,12.590719526254375,12.590710416267251,ok,/home/elads/STAR/full_grid_solar_opacity/runs/T0p5_rho9p30045em06/fac-opacity-cowan-state/starout.h5
0.5,1.3365470508911143e-05,fac-opacity-cowan-state,T0p5_rho1p33655em05,6.5137452401026195e-06,105.09327417592907,10.079238704430455,10.07923120444324,ok,/home/elads/STAR/full_grid_solar_opacity/runs/T0p5_rho1p33655em05/fac-opacity-cowan-state/starout.h5
0.5,1.920722248123928e-05,fac-opacity-cowan-state,T0p5_rho1p92072em05,5.383736191412519e-06,105.93854082006743,9.789609512430875,9.789603197656271,ok,/home/elads/STAR/full_grid_solar_opacity/runs/T0p5_rho1p92072em05/fac-opacity-cowan-state/starout.h5
0.5,2.760227522090268e-05,fac-opacity-cowan-state,T0p5_rho2p76023em05,4.441025101725558e-06,105.49130119819914,10.68664740833441,10.686641986668759,ok,/home/elads/STAR/full_grid_solar_opacity/runs/T0p5_rho2p76023em05/fac-opacity-cowan-state/starout.h5
0.5,3.966662010161191e-05,fac-opacity-cowan-state,T0p5_rho3p96666em05,3.6528664875749896e-06,104.94874289859051,9.541132591067013,9.541127963096983,ok,/home/elads/STAR/full_grid_solar_opacity/runs/T0p5_rho3p96666em05/fac-opacity-cowan-state/starout.h5
0.5,5.7004023678963655e-05,fac-opacity-cowan-state,T0p5_rho5p7004em05,2.9950830413961524e-06,104.27716019365191,9.831339519434113,9.831335520798316,ok,/home/elads/STAR/full_grid_solar_opacity/runs/T0p5_rho5p7004em05/fac-opacity-cowan-state/starout.h5
0.5,8.191922344953684e-05,fac-opacity-cowan-state,T0p5_rho8p19192em05,2.4475220351373657e-06,85.18908243087023,5.2854940696376715,5.285491102665658,ok,/home/elads/STAR/full_grid_solar_opacity/runs/T0p5_rho8p19192em05/fac-opacity-cowan-state/starout.h5
0.5,0.00011772430676769293,fac-opacity-cowan-state,T0p5_rho0p000117724,1.9894492523820317e-06,84.14321826433776,5.6288104308279285,5.628807876576343,ok,/home/elads/STAR/full_grid_solar_opacity/runs/T0p5_rho0p000117724/fac-opacity-cowan-state/starout.h5
0.5,0.00016917900122028344,fac-opacity-cowan-state,T0p5_rho0p000169179,1.6012099408664718e-06,79.74507686635593,3.4630880329571365,3.4630860479728165,ok,/home/elads/STAR/full_grid_solar_opacity/runs/T0p5_rho0p000169179/fac-opacity-cowan-state/starout.h5
0.5,0.0002431234061999784,fac-opacity-cowan-state,T0p5_rho0p000243123,1.2901107497033616e-06,78.84039197402953,2.570354103842981,2.570352532331111,ok,/home/elads/STAR/full_grid_solar_opacity/runs/T0p5_rho0p000243123/fac-opacity-cowan-state/starout.h5
0.5,0.0003493872774749123,fac-opacity-cowan-state,T0p5_rho0p000349387,1.0182396405297368e-06,75.83011827188668,1.389911836443065,1.3899106692841925,ok,/home/elads/STAR/full_grid_solar_opacity/runs/T0p5_rho0p000349387/fac-opacity-cowan-state/starout.h5
0.5,0.0005020967399614471,fac-opacity-cowan-state,T0p5_rho0p000502097,8.000195392968198e-07,75.89816292482114,1.645697451951853,1.6456964844866067,ok,/home/elads/STAR/full_grid_solar_opacity/runs/T0p5_rho0p000502097/fac-opacity-cowan-state/starout.h5
0.5,0.0007215521357901021,fac-opacity-cowan-state,T0p5_rho0p000721552,6.216058998328253e-07,74.32590929165086,1.3087246461672817,1.3087238823263836,ok,/home/elads/STAR/full_grid_solar_opacity/runs/T0p5_rho0p000721552/fac-opacity-cowan-state/starout.h5
0.5,0.0010369266382873438,fac-opacity-cowan-state,T0p5_rho0p00103693,4.7677083720847595e-07,75.36648690642498,1.6602044585331157,1.6602037977932367,ok,/home/elads/STAR/full_grid_solar_opacity/runs/T0p5_rho0p00103693/fac-opacity-cowan-state/starout.h5
0.5,0.0014901443705277455,fac-opacity-cowan-state,T0p5_rho0p00149014,3.6261859294550135e-07,75.71760461428914,1.9052204767271606,1.9052199004429373,ok,/home/elads/STAR/full_grid_solar_opacity/runs/T0p5_rho0p00149014/fac-opacity-cowan-state/starout.h5
0.5,0.002141453563853953,fac-opacity-cowan-state,T0p5_rho0p00214145,2.737591010146463e-07,75.2813648754233,1.57632297547829,1.5763225307480901,ok,/home/elads/STAR/full_grid_solar_opacity/runs/T0p5_rho0p00214145/fac-opacity-cowan-state/starout.h5
0.5,0.003077435620898055,fac-opacity-cowan-state,T0p5_rho0p00307744,2.0544976258038212e-07,77.74683521424389,2.8007594307182444,2.8007589213196153,ok,/home/elads/STAR/full_grid_solar_opacity/runs/T0p5_rho0p00307744/fac-opacity-cowan-state/starout.h5
0.5,0.004422514763163053,fac-opacity-cowan-state,T0p5_rho0p00442251,1.542783589475067e-07,78.14357116240124,2.6242526481666157,2.6242522221511937,ok,/home/elads/STAR/full_grid_solar_opacity/runs/T0p5_rho0p00442251/fac-opacity-cowan-state/starout.h5
0.5,0.006355498291362301,fac-opacity-cowan-state,T0p5_rho0p0063555,1.1599800250999912e-07,76.15546503632406,1.7776474050540039,1.777647101020383,ok,/home/elads/STAR/full_grid_solar_opacity/runs/T0p5_rho0p0063555/fac-opacity-cowan-state/starout.h5
0.5,0.009133346228248624,fac-opacity-cowan-state,T0p5_rho0p00913335,8.814142482325842e-08,91.56384566747664,5.872852973559213,5.872852277043625,ok,/home/elads/STAR/full_grid_solar_opacity/runs/T0p5_rho0p00913335/fac-opacity-cowan-state/starout.h5
0.5,0.01312533014735226,fac-opacity-cowan-state,T0p5_rho0p0131253,6.793271387728097e-08,79.05491132526969,3.1629331662432385,3.162932773126503,ok,/home/elads/STAR/full_grid_solar_opacity/runs/T0p5_rho0p0131253/fac-opacity-cowan-state/starout.h5
0.5,0.018862122071335155,fac-opacity-cowan-state,T0p5_rho0p0188621,5.504322351985981e-08,90.38273502018966,4.743098953689072,4.743098409536996,ok,/home/elads/STAR/full_grid_solar_opacity/runs/T0p5_rho0p0188621/fac-opacity-cowan-state/starout.h5
0.5,0.02710633904364831,fac-opacity-cowan-state,T0p5_rho0p0271063,4.872323543036447e-08,88.97589470122183,5.152416547381741,5.152415968802015,ok,/home/elads/STAR/full_grid_solar_opacity/runs/T0p5_rho0p0271063/fac-opacity-cowan-state/starout.h5
0.5,0.038953921174427183,fac-opacity-cowan-state,T0p5_rho0p0389539,4.5023627225965875e-08,88.22071766497167,3.3840743642423927,3.3840739714161425,ok,/home/elads/STAR/full_grid_solar_opacity/runs/T0p5_rho0p0389539/fac-opacity-cowan-state/starout.h5
0.5,0.0559798197912329,fac-opacity-cowan-state,T0p5_rho0p0559798,1.8790657409106674e-07,86.19823478673794,4.031576072764623,4.031575470510292,ok,/home/elads/STAR/full_grid_solar_opacity/runs/T0p5_rho0p0559798/fac-opacity-cowan-state/starout.h5
0.5,0.08044736266284185,fac-opacity-cowan-state,T0p5_rho0p0804474,4.954039769539344e-08,84.99141696819274,3.7217316991935094,3.7217312670965383,ok,/home/elads/STAR/full_grid_solar_opacity/runs/T0p5_rho0p0804474/fac-opacity-cowan-state/starout.h5
0.5,0.11560912813835741,fac-opacity-cowan-state,T0p5_rho0p115609,5.3946272569873304e-08,80.4278531987746,2.5325372735605165,2.532536959405536,ok,/home/elads/STAR/full_grid_solar_opacity/runs/T0p5_rho0p115609/fac-opacity-cowan-state/starout.h5
0.5,0.1661393247274789,fac-opacity-cowan-state,T0p5_rho0p166139,5.7759515517815186e-08,79.13473172222552,2.6014766356667116,2.601476310665755,ok,/home/elads/STAR/full_grid_solar_opacity/runs/T0p5_rho0p166139/fac-opacity-cowan-state/starout.h5
0.5,0.23875515424585794,fac-opacity-cowan-state,T0p5_rho0p238755,6.800581026029544e-08,77.37814449784815,2.0893884734101116,2.0893881906901184,ok,/home/elads/STAR/full_grid_solar_opacity/runs/T0p5_rho0p238755/fac-opacity-cowan-state/starout.h5
0.5,0.34310975906798746,fac-opacity-cowan-state,T0p5_rho0p34311,8.621216053081047e-08,76.27556415247697,1.5572576262187,1.5572573800219875,ok,/home/elads/STAR/full_grid_solar_opacity/runs/T0p5_rho0p34311/fac-opacity-cowan-state/starout.h5
0.5,0.49307545690287347,fac-opacity-cowan-state,T0p5_rho0p493075,1.1622071878697704e-07,76.53104053069725,1.466689165529969,1.466688898599585,ok,/home/elads/STAR/full_grid_solar_opacity/runs/T0p5_rho0p493075/fac-opacity-cowan-state/starout.h5
0.5,0.7085878491488851,fac-opacity-cowan-state,T0p5_rho0p708588,1.755954967596969e-07,78.41995897157624,1.0148561381880223,1.0148558582124076,ok,/home/elads/STAR/full_grid_solar_opacity/runs/T0p5_rho0p708588/fac-opacity-cowan-state/starout.h5
0.5,1.0182959482819007,fac-opacity-cowan-state,T0p5_rho1p0183,3.183277154459953e-07,82.55341018643452,0.7841542989856182,0.7841538999978156,ok,/home/elads/STAR/full_grid_solar_opacity/runs/T0p5_rho1p0183/fac-opacity-cowan-state/starout.h5
0.5,1.4633706173946401,fac-opacity-cowan-state,T0p5_rho1p46337,6.968168366591163e-07,87.94941144354553,0.5069232707441973,0.5069225217473616,ok,/home/elads/STAR/full_grid_solar_opacity/runs/T0p5_rho1p46337/fac-opacity-cowan-state/starout.h5
0.5,2.1029775945461404,fac-opacity-cowan-state,T0p5_rho2p10298,1.962856117061728e-06,93.81736535252261,0.26613908133660263,0.26613709104709327,ok,/home/elads/STAR/full_grid_solar_opacity/runs/T0p5_rho2p10298/fac-opacity-cowan-state/starout.h5
0.5,3.0221426551783854,fac-opacity-cowan-state,T0p5_rho3p02214,7.649369408291384e-06,98.60852298317752,0.20784198636205048,0.20783431558557236,ok,/home/elads/STAR/full_grid_solar_opacity/runs/T0p5_rho3p02214/fac-opacity-cowan-state/starout.h5
0.5,4.343054463316713,fac-opacity-cowan-state,T0p5_rho4p34305,4.443532656836802e-05,99.48336408666842,0.12840093957878473,0.12835649092873347,ok,/home/elads/STAR/full_grid_solar_opacity/runs/T0p5_rho4p34305/fac-opacity-cowan-state/starout.h5
0.5,6.241307649397467,fac-opacity-cowan-state,T0p5_rho6p24131,0.00043903068002890155,84.72130207237036,0.15454066271196182,0.154101615415218,ok,/home/elads/STAR/full_grid_solar_opacity/runs/T0p5_rho6p24131/fac-opacity-cowan-state/starout.h5
0.5,8.969245378672715,fac-opacity-cowan-state,T0p5_rho8p96925,0.00236846485522672,42.842364392311794,1.2289250046516538,1.2265564225329941,ok,/home/elads/STAR/full_grid_solar_opacity/runs/T0p5_rho8p96925/fac-opacity-cowan-state/starout.h5
0.5,12.889504440725364,fac-opacity-cowan-state,T0p5_rho12p8895,0.0018899885058738998,31.15077549494694,0.576298944882773,0.5744089016423337,ok,/home/elads/STAR/full_grid_solar_opacity/runs/T0p5_rho12p8895/fac-opacity-cowan-state/starout.h5
0.5,18.52322215674118,fac-opacity-cowan-state,T0p5_rho18p5232,0.0015037880459831858,22.647219033523278,0.29710138388342944,0.29559756554650307,ok,/home/elads/STAR/full_grid_solar_opacity/runs/T0p5_rho18p5232/fac-opacity-cowan-state/starout.h5
0.5,26.61931346126126,fac-opacity-cowan-state,T0p5_rho26p6193,0.0011934106232519613,16.619532077320294,0.39312624637586413,0.3919327904409549,ok,/home/elads/STAR/full_grid_solar_opacity/runs/T0p5_rho26p6193/fac-opacity-cowan-state/starout.h5
0.5,38.254027466328665,fac-opacity-cowan-state,T0p5_rho38p254,0.000945189557201406,12.53942693506188,1.804424955047921,1.8034795846899558,ok,/home/elads/STAR/full_grid_solar_opacity/runs/T0p5_rho38p254/fac-opacity-cowan-state/starout.h5
0.5,54.97401800103719,fac-opacity-cowan-state,T0p5_rho54p974,0.0007071346137355503,6125.254951515355,3397.4401787376833,3397.439122433005,ok,/home/elads/STAR/full_grid_solar_opacity/runs/T0p5_rho54p974/fac-opacity-cowan-state/starout.h5
0.5,79.0019471240894,fac-opacity-cowan-state,T0p5_rho79p0019,0.0005903794767762173,7.633346847144502,0.07744159604248448,0.07685120873086201,ok,/home/elads/STAR/full_grid_solar_opacity/runs/T0p5_rho79p0019/fac-opacity-cowan-state/starout.h5
0.5,113.53195339077567,fac-opacity-cowan-state,T0p5_rho113p532,0.00046536698336316725,24.41859459858439,14.842452216759584,14.841985322132325,ok,/home/elads/STAR/full_grid_solar_opacity/runs/T0p5_rho113p532/fac-opacity-cowan-state/starout.h5
0.5,163.15426277379785,fac-opacity-cowan-state,T0p5_rho163p154,0.0008201290296281059,21.902871830077373,12.894797653910501,12.893976197976132,ok,/home/elads/STAR/full_grid_solar_opacity/runs/T0p5_rho163p154/fac-opacity-cowan-state/starout.h5
0.5,234.46538763970608,fac-opacity-cowan-state,T0p5_rho234p465,0.08424549335253204,112.34831277296834,105.79928921411133,105.71503277503089,ok,/home/elads/STAR/full_grid_solar_opacity/runs/T0p5_rho234p465/fac-opacity-cowan-state/starout.h5
0.5,336.94503022121665,fac-opacity-cowan-state,T0p5_rho336p945,0.10108296112367911,3020.892723711026,3170.204684667771,3170.103275729735,ok,/home/elads/STAR/full_grid_solar_opacity/runs/T0p5_rho336p945/fac-opacity-cowan-state/starout.h5
0.5,484.21626123015125,fac-opacity-cowan-state,T0p5_rho484p216,0.11465449664371134,2865.113484857726,3007.5431042417217,3007.428140462197,ok,/home/elads/STAR/full_grid_solar_opacity/runs/T0p5_rho484p216/fac-opacity-cowan-state/starout.h5
0.5,695.8564947100452,fac-opacity-cowan-state,T0p5_rho695p856,0.215911921891389,4530.547419718789,4754.832828121329,4754.616427164507,ok,/home/elads/STAR/full_grid_solar_opacity/runs/T0p5_rho695p856/fac-opacity-cowan-state/starout.h5
0.5,1000.0,fac-opacity-cowan-state,T0p5_rho1000,0.2564180176445721,3372.746997017224,3541.4424809133507,3541.185698536535,ok,/home/elads/STAR/full_grid_solar_opacity/runs/T0p5_rho1000/fac-opacity-cowan-state/starout.h5
0.5504405219591784,1e-17,fac-opacity-cowan-state,T0p550441_rho1em17,0.28269865889411677,1.0554561300266785,0.3082291848845684,0.0255305240236608,ok,/home/elads/STAR/full_grid_solar_opacity/runs/T0p550441_rho1em17/fac-opacity-cowan-state/starout.h5
0.5504405219591784,1.4370779141993746e-17,fac-opacity-cowan-state,T0p550441_rho1p43708em17,0.2826747305820499,1.3260028707471145,0.3105514657301854,0.027876733000600253,ok,/home/elads/STAR/full_grid_solar_opacity/runs/T0p550441_rho1p43708em17/fac-opacity-cowan-state/starout.h5
0.5504405219591784,2.065192931479625e-17,fac-opacity-cowan-state,T0p550441_rho2p06519em17,0.28264091036524686,1.707285262158455,0.31305265807709415,0.030411745369022514,ok,/home/elads/STAR/full_grid_solar_opacity/runs/T0p550441_rho2p06519em17/fac-opacity-cowan-state/starout.h5
0.5504405219591784,2.9678431503900313e-17,fac-opacity-cowan-state,T0p550441_rho2p96784em17,0.28259277866266386,2.24061130510992,0.3157372377796063,0.03314445656359807,ok,/home/elads/STAR/full_grid_solar_opacity/runs/T0p550441_rho2p96784em17/fac-opacity-cowan-state/starout.h5
0.5504405219591784,4.2650218442334076e-17,fac-opacity-cowan-state,T0p550441_rho4p26502em17,0.28252405547926407,2.9799502671134386,0.31860568916733717,0.036081630908458055,ok,/home/elads/STAR/full_grid_solar_opacity/runs/T0p550441_rho4p26502em17/fac-opacity-cowan-state/starout.h5
0.5504405219591784,6.129168695925715e-17,fac-opacity-cowan-state,T0p550441_rho6p12917em17,0.28242579449539196,3.993892249118546,0.32165082740527673,0.03922502988811228,ok,/home/elads/STAR/full_grid_solar_opacity/runs/T0p550441_rho6p12917em17/fac-opacity-cowan-state/starout.h5
0.5504405219591784,8.808092965317026e-17,fac-opacity-cowan-state,T0p550441_rho8p80809em17,0.28228524254067067,5.366236942312549,0.32484984813140505,0.042564602311691895,ok,/home/elads/STAR/full_grid_solar_opacity/runs/T0p550441_rho8p80809em17/fac-opacity-cowan-state/starout.h5
0.5504405219591784,1.2657915866672028e-16,fac-opacity-cowan-state,T0p550441_rho1p26579em16,0.2820842309406405,7.194118269721004,0.3281536684871608,0.04606943399747656,ok,/home/elads/STAR/full_grid_solar_opacity/runs/T0p550441_rho1p26579em16/fac-opacity-cowan-state/starout.h5
0.5504405219591784,1.819041133178821e-16,fac-opacity-cowan-state,T0p550441_rho1p81904em16,0.2817969260409358,9.583436957094046,0.3314785834879919,0.049681653619738156,ok,/home/elads/STAR/full_grid_solar_opacity/runs/T0p550441_rho1p81904em16/fac-opacity-cowan-state/starout.h5
0.5504405219591784,2.6141038375114865e-16,fac-opacity-cowan-state,T0p550441_rho2p6141em16,0.2813867298224141,12.64348994440245,0.3347058335541343,0.0533190996241853,ok,/home/elads/STAR/full_grid_solar_opacity/runs/T0p550441_rho2p6141em16/fac-opacity-cowan-state/starout.h5
0.5504405219591784,3.7566708903116036e-16,fac-opacity-cowan-state,T0p550441_rho3p75667em16,0.28080210050857973,16.48494982446966,0.3376910573347556,0.05688895244363067,ok,/home/elads/STAR/full_grid_solar_opacity/runs/T0p550441_rho3p75667em16/fac-opacity-cowan-state/starout.h5
0.5504405219591784,5.398628767382507e-16,fac-opacity-cowan-state,T0p550441_rho5p39863em16,0.27997109044244023,21.224704684203193,0.3402795150262074,0.06030841993779697,ok,/home/elads/STAR/full_grid_solar_opacity/runs/T0p550441_rho5p39863em16/fac-opacity-cowan-state/starout.h5
0.5504405219591784,7.758250168566793e-16,fac-opacity-cowan-state,T0p550441_rho7p75825em16,0.27879454477417015,26.99501658990568,0.3423180427099882,0.06352349304216866,ok,/home/elads/STAR/full_grid_solar_opacity/runs/T0p550441_rho7p75825em16/fac-opacity-cowan-state/starout.h5
0.5504405219591784,1.1149209970080914e-15,fac-opacity-cowan-state,T0p550441_rho1p11492em15,0.2771382919683865,33.946411579634876,0.34365485932346707,0.06651656223085461,ok,/home/elads/STAR/full_grid_solar_opacity/runs/T0p550441_rho1p11492em15/fac-opacity-cowan-state/starout.h5
0.5504405219591784,1.6022283408774753e-15,fac-opacity-cowan-state,T0p550441_rho1p60223em15,0.27482545763376637,42.23346019509095,0.34412479049826855,0.06929932752590072,ok,/home/elads/STAR/full_grid_solar_opacity/runs/T0p550441_rho1p60223em15/fac-opacity-cowan-state/starout.h5
0.5504405219591784,2.3025269621793266e-15,fac-opacity-cowan-state,T0p550441_rho2p30253em15,0.27163141251408046,51.985744658764446,0.3435263023675167,0.0718948843148813,ok,/home/elads/STAR/full_grid_solar_opacity/runs/T0p550441_rho2p30253em15/fac-opacity-cowan-state/starout.h5
0.5504405219591784,3.308910644196489e-15,fac-opacity-cowan-state,T0p550441_rho3p30891em15,0.26728577785277885,63.283432353128774,0.3416024101408686,0.07431662656297182,ok,/home/elads/STAR/full_grid_solar_opacity/runs/T0p550441_rho3p30891em15/fac-opacity-cowan-state/starout.h5
0.5504405219591784,4.755162406834019e-15,fac-opacity-cowan-state,T0p550441_rho4p75516em15,0.2614876932726282,76.15838861662388,0.33803836895428147,0.07655066978443156,ok,/home/elads/STAR/full_grid_solar_opacity/runs/T0p550441_rho4p75516em15/fac-opacity-cowan-state/starout.h5
0.5504405219591784,6.8335388732923106e-15,fac-opacity-cowan-state,T0p550441_rho6p83354em15,0.253940417007326,90.61871165663428,0.3324865478377999,0.07854612477952835,ok,/home/elads/STAR/full_grid_solar_opacity/runs/T0p550441_rho6p83354em15/fac-opacity-cowan-state/starout.h5
0.5504405219591784,9.820327790631256e-15,fac-opacity-cowan-state,T0p550441_rho9p82033em15,0.24440666189239832,106.6660015604579,0.3246226039968497,0.08021593592486899,ok,/home/elads/STAR/full_grid_solar_opacity/runs/T0p550441_rho9p82033em15/fac-opacity-cowan-state/starout.h5
0.5504405219591784,1.4112576178114521e-14,fac-opacity-cowan-state,T0p550441_rho1p41126em14,0.23277563042854396,124.27405600711786,0.3142247932556705,0.08144915655254077,ok,/home/elads/STAR/full_grid_solar_opacity/runs/T0p550441_rho1p41126em14/fac-opacity-cowan-state/starout.h5
0.5504405219591784,2.0280871538024598e-14,fac-opacity-cowan-state,T0p550441_rho2p02809em14,0.219120457823669,143.33190187206944,0.3012526970058256,0.08213223285494878,ok,/home/elads/STAR/full_grid_solar_opacity/runs/T0p550441_rho2p02809em14/fac-opacity-cowan-state/starout.h5
0.5504405219591784,2.914519256800997e-14,fac-opacity-cowan-state,T0p550441_rho2p91452em14,0.20372035661979057,163.58965474435388,0.2858936243268504,0.08217326137669134,ok,/home/elads/STAR/full_grid_solar_opacity/runs/T0p550441_rho2p91452em14/fac-opacity-cowan-state/starout.h5
0.5504405219591784,4.188391254457488e-14,fac-opacity-cowan-state,T0p550441_rho4p18839em14,0.1870329284760294,184.64758592155192,0.268554805157938,0.08152187040172132,ok,/home/elads/STAR/full_grid_solar_opacity/runs/T0p550441_rho4p18839em14/fac-opacity-cowan-state/starout.h5
0.5504405219591784,6.019044567806669e-14,fac-opacity-cowan-state,T0p550441_rho6p01904em14,0.16962418278125493,205.9989494625033,0.24980368601894706,0.08017949706091686,ok,/home/elads/STAR/full_grid_solar_opacity/runs/T0p550441_rho6p01904em14/fac-opacity-cowan-state/starout.h5
0.5504405219591784,8.649836012976684e-14,fac-opacity-cowan-state,T0p550441_rho8p64984em14,0.1520815753387167,227.1053068278983,0.23028041765433582,0.07819883629142751,ok,/home/elads/STAR/full_grid_solar_opacity/runs/T0p550441_rho8p64984em14/fac-opacity-cowan-state/starout.h5
0.5504405219591784,1.2430488295695167e-13,fac-opacity-cowan-state,T0p550441_rho1p24305em13,0.13493761021747097,247.47213087942364,0.21061224012082744,0.0756746240736225,ok,/home/elads/STAR/full_grid_solar_opacity/runs/T0p550441_rho1p24305em13/fac-opacity-cowan-state/starout.h5
0.5504405219591784,1.7863580192457348e-13,fac-opacity-cowan-state,T0p550441_rho1p78636em13,0.11862059398464635,266.7018124032404,0.19135008722681965,0.07272948763932312,ok,/home/elads/STAR/full_grid_solar_opacity/runs/T0p550441_rho1p78636em13/fac-opacity-cowan-state/starout.h5
0.5504405219591784,2.567135656310987e-13,fac-opacity-cowan-state,T0p550441_rho2p56714em13,0.10343518265754899,284.5171889729778,0.1729338052891059,0.06949861727760283,ok,/home/elads/STAR/full_grid_solar_opacity/runs/T0p550441_rho2p56714em13/fac-opacity-cowan-state/starout.h5
0.5504405219591784,3.6891739544382357e-13,fac-opacity-cowan-state,T0p550441_rho3p68917em13,0.08956616056141962,300.76041191862754,0.15568231058151724,0.06611614492671858,ok,/home/elads/STAR/full_grid_solar_opacity/runs/T0p550441_rho3p68917em13/fac-opacity-cowan-state/starout.h5
0.5504405219591784,5.301630411562758e-13,fac-opacity-cowan-state,T0p550441_rho5p30163em13,0.07709598087582153,315.3764377201703,0.13980083819985448,0.06270485249344904,ok,/home/elads/STAR/full_grid_solar_opacity/runs/T0p550441_rho5p30163em13/fac-opacity-cowan-state/starout.h5
0.5504405219591784,7.618855973704612e-13,fac-opacity-cowan-state,T0p550441_rho7p61886em13,0.06602780930900785,328.38985715225004,0.12539742777010882,0.05936961388745333,ok,/home/elads/STAR/full_grid_solar_opacity/runs/T0p550441_rho7p61886em13/fac-opacity-cowan-state/starout.h5
0.5504405219591784,1.0948889651276868e-12,fac-opacity-cowan-state,T0p550441_rho1p09489em12,0.056308525565776923,339.8811393512307,0.11250267472813069,0.05619414483333427,ok,/home/elads/STAR/full_grid_solar_opacity/runs/T0p550441_rho1p09489em12/fac-opacity-cowan-state/starout.h5
0.5504405219591784,1.5734407502856082e-12,fac-opacity-cowan-state,T0p550441_rho1p57344em12,0.04784872295168517,349.9656579057439,0.10108904132840385,0.053240314275252956,ok,/home/elads/STAR/full_grid_solar_opacity/runs/T0p550441_rho1p57344em12/fac-opacity-cowan-state/starout.h5
0.5504405219591784,2.26115695153675e-12,fac-opacity-cowan-state,T0p550441_rho2p26116em12,0.04053860337949692,358.7768504517713,0.09108794158047952,0.05054933430682153,ok,/home/elads/STAR/full_grid_solar_opacity/runs/T0p550441_rho2p26116em12/fac-opacity-cowan-state/starout.h5
0.5504405219591784,3.249458715591849e-12,fac-opacity-cowan-state,T0p550441_rho3p24946em12,0.03425976456658902,366.4536708982205,0.08240410577288845,0.048144337497411656,ok,/home/elads/STAR/full_grid_solar_opacity/runs/T0p550441_rho3p24946em12/fac-opacity-cowan-state/starout.h5
0.5504405219591784,4.669725353279713e-12,fac-opacity-cowan-state,T0p550441_rho4p66973em12,0.028893410328913384,373.1318522130608,0.0749273714052199,0.04603395752999587,ok,/home/elads/STAR/full_grid_solar_opacity/runs/T0p550441_rho4p66973em12/fac-opacity-cowan-state/starout.h5
0.5504405219591784,6.710759170575148e-12,fac-opacity-cowan-state,T0p550441_rho6p71076em12,0.02432569804323667,378.9383254847382,0.06854211494810702,0.04421641349857748,ok,/home/elads/STAR/full_grid_solar_opacity/runs/T0p550441_rho6p71076em12/fac-opacity-cowan-state/starout.h5
0.5504405219591784,9.64388379154446e-12,fac-opacity-cowan-state,T0p550441_rho9p64388em12,0.020450926741528864,383.98807449681755,0.06313438619443931,0.04268345616471176,ok,/home/elads/STAR/full_grid_solar_opacity/runs/T0p550441_rho9p64388em12/fac-opacity-cowan-state/starout.h5
0.5504405219591784,1.3859012403933867e-11,fac-opacity-cowan-state,T0p550441_rho1p3859em11,0.01717317436758254,388.3828285837939,0.05859672086333541,0.04142354330461387,ok,/home/elads/STAR/full_grid_solar_opacity/runs/T0p550441_rho1p3859em11/fac-opacity-cowan-state/starout.h5
0.5504405219591784,1.9916480638308542e-11,fac-opacity-cowan-state,T0p550441_rho1p99165em11,0.014406870977856971,392.21104619812775,0.05483080994489749,0.04042393585290818,ok,/home/elads/STAR/full_grid_solar_opacity/runs/T0p550441_rho1p99165em11/fac-opacity-cowan-state/starout.h5
0.5504405219591784,2.8621534453892672e-11,fac-opacity-cowan-state,T0p550441_rho2p86215em11,0.012076677504840524,395.5487601408306,0.05174847993599261,0.03967179937496193,ok,/home/elads/STAR/full_grid_solar_opacity/runs/T0p550441_rho2p86215em11/fac-opacity-cowan-state/starout.h5
0.5504405219591784,4.1131375034185614e-11,fac-opacity-cowan-state,T0p550441_rho4p11314em11,0.010116939396302147,398.46092409937205,0.04927162146583577,0.039154679053180756,ok,/home/elads/STAR/full_grid_solar_opacity/runs/T0p550441_rho4p11314em11/fac-opacity-cowan-state/starout.h5
0.5504405219591784,5.910899064227969e-11,fac-opacity-cowan-state,T0p550441_rho5p9109em11,0.008470904542688923,401.00296557387236,0.0473316956217009,0.038860788085299566,ok,/home/elads/STAR/full_grid_solar_opacity/runs/T0p550441_rho5p9109em11/fac-opacity-cowan-state/starout.h5
0.5504405219591784,8.4944224982638e-11,fac-opacity-cowan-state,T0p550441_rho8p49442em11,0.0070898341369010215,403.2223401679885,0.04586923049648042,0.0387793933721374,ok,/home/elads/STAR/full_grid_solar_opacity/runs/T0p550441_rho8p49442em11/fac-opacity-cowan-state/starout.h5
0.5504405219591784,1.2207146966133182e-10,fac-opacity-cowan-state,T0p550441_rho1p22071em10,0.005932090537884262,405.1599386889301,0.04483342886755652,0.03890133533283622,ok,/home/elads/STAR/full_grid_solar_opacity/runs/T0p550441_rho1p22071em10/fac-opacity-cowan-state/starout.h5
0.5504405219591784,1.7542621300415897e-10,fac-opacity-cowan-state,T0p550441_rho1p75426em10,0.004962254259870933,406.8512860551563,0.04418178842837887,0.03921953114715912,ok,/home/elads/STAR/full_grid_solar_opacity/runs/T0p550441_rho1p75426em10/fac-opacity-cowan-state/starout.h5
0.5504405219591784,2.52101136279913e-10,fac-opacity-cowan-state,T0p550441_rho2p52101em10,0.004150300305928788,408.32749604991835,0.04387961232149673,0.03972930895494741,ok,/home/elads/STAR/full_grid_solar_opacity/runs/T0p550441_rho2p52101em10/fac-opacity-cowan-state/starout.h5
0.5504405219591784,3.6228897509242966e-10,fac-opacity-cowan-state,T0p550441_rho3p62289em10,0.0034708491424696297,409.61603185651944,0.04389934221622913,0.0404284899592763,ok,/home/elads/STAR/full_grid_solar_opacity/runs/T0p550441_rho3p62289em10/fac-opacity-cowan-state/starout.h5
0.5504405219591784,5.20637484663258e-10,fac-opacity-cowan-state,T0p550441_rho5p20637em10,0.002902497931897989,410.7412945030357,0.04421984760244416,0.04131734648758825,ok,/home/elads/STAR/full_grid_solar_opacity/runs/T0p550441_rho5p20637em10/fac-opacity-cowan-state/starout.h5
0.5504405219591784,7.481966305138837e-10,fac-opacity-cowan-state,T0p550441_rho7p48197em10,0.0024272316047837987,411.7250861928968,0.04482594205956649,0.04239870718852017,ok,/home/elads/STAR/full_grid_solar_opacity/runs/T0p550441_rho7p48197em10/fac-opacity-cowan-state/starout.h5
0.5504405219591784,1.0752168531898921e-09,fac-opacity-cowan-state,T0p550441_rho1p07522em09,0.0020299097570161723,412.5869986678735,0.04570828499586457,0.043678371874004515,ok,/home/elads/STAR/full_grid_solar_opacity/runs/T0p550441_rho1p07522em09/fac-opacity-cowan-state/starout.h5
0.5504405219591784,1.5451703926941453e-09,fac-opacity-cowan-state,T0p550441_rho1p54517em09,0.0016978234240060015,413.3447470071143,0.04686349061554528,0.04516566371211916,ok,/home/elads/STAR/full_grid_solar_opacity/runs/T0p550441_rho1p54517em09/fac-opacity-cowan-state/starout.h5
0.5504405219591784,2.220530245015531e-09,fac-opacity-cowan-state,T0p550441_rho2p22053em09,0.0014203148396152842,414.0144577136155,0.048294014890824855,0.046873696440208015,ok,/home/elads/STAR/full_grid_solar_opacity/runs/T0p550441_rho2p22053em09/fac-opacity-cowan-state/starout.h5
0.5504405219591784,3.1910749729235452e-09,fac-opacity-cowan-state,T0p550441_rho3p19107em09,0.0011884530935519836,414.61093363772517,0.05000752773177402,0.04881907087735497,ok,/home/elads/STAR/full_grid_solar_opacity/runs/T0p550441_rho3p19107em09/fac-opacity-cowan-state/starout.h5
0.5504405219591784,4.585823366142813e-09,fac-opacity-cowan-state,T0p550441_rho4p58582em09,0.00099475873215137,415.14789581398753,0.052016005039093295,0.0510212423764265,ok,/home/elads/STAR/full_grid_solar_opacity/runs/T0p550441_rho4p58582em09/fac-opacity-cowan-state/starout.h5
0.5504405219591784,6.590185477903269e-09,fac-opacity-cowan-state,T0p550441_rho6p59019em09,0.0008329707715500819,415.6382092201187,0.05433521085435943,0.053502235961166066,ok,/home/elads/STAR/full_grid_solar_opacity/runs/T0p550441_rho6p59019em09/fac-opacity-cowan-state/starout.h5
0.5504405219591784,9.470610000772238e-09,fac-opacity-cowan-state,T0p550441_rho9p47061em09,0.000697850147255011,416.0940990305514,0.0569853347777774,0.056287480294312665,ok,/home/elads/STAR/full_grid_solar_opacity/runs/T0p550441_rho9p47061em09/fac-opacity-cowan-state/starout.h5
0.5504405219591784,1.3610004466105506e-08,fac-opacity-cowan-state,T0p550441_rho1p361em08,0.0007925935560761034,339.5901749055342,8.95445772937763,8.953664862564667,ok,/home/elads/STAR/full_grid_solar_opacity/runs/T0p550441_rho1p361em08/fac-opacity-cowan-state/starout.h5
0.5504405219591784,1.9558636830395073e-08,fac-opacity-cowan-state,T0p550441_rho1p95586em08,0.000660798898082905,339.5287461159419,8.826811753289139,8.826150524688517,ok,/home/elads/STAR/full_grid_solar_opacity/runs/T0p550441_rho1p95586em08/fac-opacity-cowan-state/starout.h5
0.5504405219591784,2.810728502080722e-08,fac-opacity-cowan-state,T0p550441_rho2p81073em08,0.0005508156670089967,341.53194023189536,8.283161207320962,8.282609556024825,ok,/home/elads/STAR/full_grid_solar_opacity/runs/T0p550441_rho2p81073em08/fac-opacity-cowan-state/starout.h5
0.5504405219591784,4.039235853150913e-08,fac-opacity-cowan-state,T0p550441_rho4p03924em08,0.0004590416294049376,339.34770597702243,7.986403324536931,7.985943633800772,ok,/home/elads/STAR/full_grid_solar_opacity/runs/T0p550441_rho4p03924em08/fac-opacity-cowan-state/starout.h5
0.5504405219591784,5.804696634805446e-08,fac-opacity-cowan-state,T0p550441_rho5p8047em08,0.000382466201827647,339.7549218325415,8.898751540398997,8.898368469187695,ok,/home/elads/STAR/full_grid_solar_opacity/runs/T0p550441_rho5p8047em08/fac-opacity-cowan-state/starout.h5
0.5504405219591784,8.341801332506338e-08,fac-opacity-cowan-state,T0p550441_rho8p3418em08,0.00031857757058624916,340.38199060102033,9.095055174070344,9.094735946849523,ok,/home/elads/STAR/full_grid_solar_opacity/runs/T0p550441_rho8p3418em08/fac-opacity-cowan-state/starout.h5
0.5504405219591784,1.1987818459583772e-07,fac-opacity-cowan-state,T0p550441_rho1p19878em07,0.0002652768725922579,340.4925329960099,8.618629392114551,8.618363672240624,ok,/home/elads/STAR/full_grid_solar_opacity/runs/T0p550441_rho1p19878em07/fac-opacity-cowan-state/starout.h5
0.5504405219591784,1.7227429147699408e-07,fac-opacity-cowan-state,T0p550441_rho1p72274em07,0.00022081264702943743,340.49226378471786,9.054566203935929,9.054344554622734,ok,/home/elads/STAR/full_grid_solar_opacity/runs/T0p550441_rho1p72274em07/fac-opacity-cowan-state/starout.h5
0.5504405219591784,2.4757157946593376e-07,fac-opacity-cowan-state,T0p550441_rho2p47572em07,0.0001837208930577059,340.4041643623004,9.751536557133345,9.751352033049047,ok,/home/elads/STAR/full_grid_solar_opacity/runs/T0p550441_rho2p47572em07/fac-opacity-cowan-state/starout.h5
0.5504405219591784,3.557796490339488e-07,fac-opacity-cowan-state,T0p550441_rho3p5578em07,0.0001527831000100346,340.64378799068515,9.513364720225532,9.51321129132917,ok,/home/elads/STAR/full_grid_solar_opacity/runs/T0p550441_rho3p5578em07/fac-opacity-cowan-state/starout.h5
0.5504405219591784,5.112830759482948e-07,fac-opacity-cowan-state,T0p550441_rho5p11283em07,0.00010849430470603092,422.2444308173972,0.12363949047181506,0.12353098665067189,ok,/home/elads/STAR/full_grid_solar_opacity/runs/T0p550441_rho5p11283em07/fac-opacity-cowan-state/starout.h5
0.5504405219591784,7.347536163492159e-07,fac-opacity-cowan-state,T0p550441_rho7p34754em07,9.301375905076805e-05,423.2232126561319,0.13515349923651768,0.13506047507283445,ok,/home/elads/STAR/full_grid_solar_opacity/runs/T0p550441_rho7p34754em07/fac-opacity-cowan-state/starout.h5
0.5504405219591784,1.0558981944335787e-06,fac-opacity-cowan-state,T0p550441_rho1p0559em06,8.751289455324087e-05,340.4943227658953,9.330481134816445,9.330392630459029,ok,/home/elads/STAR/full_grid_solar_opacity/runs/T0p550441_rho1p0559em06/fac-opacity-cowan-state/starout.h5
0.5504405219591784,1.517407974863493e-06,fac-opacity-cowan-state,T0p550441_rho1p51741em06,7.255028878321017e-05,340.0602004501392,8.658875602423155,8.658802206459589,ok,/home/elads/STAR/full_grid_solar_opacity/runs/T0p550441_rho1p51741em06/fac-opacity-cowan-state/starout.h5
0.5504405219591784,2.1806334875063253e-06,fac-opacity-cowan-state,T0p550441_rho2p18063em06,6.0075804900985655e-05,340.2479075382038,8.16898143780478,8.168920357413265,ok,/home/elads/STAR/full_grid_solar_opacity/runs/T0p550441_rho2p18063em06/fac-opacity-cowan-state/starout.h5
0.5504405219591784,3.1337402238588983e-06,fac-opacity-cowan-state,T0p550441_rho3p13374em06,4.9679205689950014e-05,340.5776667205111,8.856758752168119,8.856707880411577,ok,/home/elads/STAR/full_grid_solar_opacity/runs/T0p550441_rho3p13374em06/fac-opacity-cowan-state/starout.h5
0.5504405219591784,4.503428864545845e-06,fac-opacity-cowan-state,T0p550441_rho4p50343em06,4.102295085796304e-05,350.94289085003084,15.569914463101117,15.569872931696814,ok,/home/elads/STAR/full_grid_solar_opacity/runs/T0p550441_rho4p50343em06/fac-opacity-cowan-state/starout.h5
0.5504405219591784,6.471778159406801e-06,fac-opacity-cowan-state,T0p550441_rho6p47178em06,3.380870760617285e-05,350.22166477164046,14.997197742204538,14.997163416914484,ok,/home/elads/STAR/full_grid_solar_opacity/runs/T0p550441_rho6p47178em06/fac-opacity-cowan-state/starout.h5
0.5504405219591784,9.300449458481393e-06,fac-opacity-cowan-state,T0p550441_rho9p30045em06,2.7802010546665326e-05,350.49399646235264,15.510271551824165,15.510242838251303,ok,/home/elads/STAR/full_grid_solar_opacity/runs/T0p550441_rho9p30045em06/fac-opacity-cowan-state/starout.h5
0.5504405219591784,1.3365470508911143e-05,fac-opacity-cowan-state,T0p550441_rho1p33655em05,2.2806758936653558e-05,349.88980035483144,11.477045405240554,11.477021607549954,ok,/home/elads/STAR/full_grid_solar_opacity/runs/T0p550441_rho1p33655em05/fac-opacity-cowan-state/starout.h5
0.5504405219591784,1.920722248123928e-05,fac-opacity-cowan-state,T0p550441_rho1p92072em05,1.8652685882386413e-05,349.80869439516925,12.827095251311949,12.827075684858217,ok,/home/elads/STAR/full_grid_solar_opacity/runs/T0p550441_rho1p92072em05/fac-opacity-cowan-state/starout.h5
0.5504405219591784,2.760227522090268e-05,fac-opacity-cowan-state,T0p550441_rho2p76023em05,1.5200308410701401e-05,348.7798868048564,10.604776710334349,10.60476079113794,ok,/home/elads/STAR/full_grid_solar_opacity/runs/T0p550441_rho2p76023em05/fac-opacity-cowan-state/starout.h5
0.5504405219591784,3.966662010161191e-05,fac-opacity-cowan-state,T0p550441_rho3p96666em05,1.2334611510697388e-05,348.77150393723,12.535504767959758,12.535491377920222,ok,/home/elads/STAR/full_grid_solar_opacity/runs/T0p550441_rho3p96666em05/fac-opacity-cowan-state/starout.h5
0.5504405219591784,5.7004023678963655e-05,fac-opacity-cowan-state,T0p550441_rho5p7004em05,9.963286861424159e-06,346.795568571628,10.245577712286563,10.245566791213992,ok,/home/elads/STAR/full_grid_solar_opacity/runs/T0p550441_rho5p7004em05/fac-opacity-cowan-state/starout.h5
0.5504405219591784,8.191922344953684e-05,fac-opacity-cowan-state,T0p550441_rho8p19192em05,8.008465501153927e-06,330.3952410177612,7.502139206469293,7.502130516881113,ok,/home/elads/STAR/full_grid_solar_opacity/runs/T0p550441_rho8p19192em05/fac-opacity-cowan-state/starout.h5
0.5504405219591784,0.00011772430676769293,fac-opacity-cowan-state,T0p550441_rho0p000117724,6.393675021323057e-06,328.4390152011531,6.989747023904713,6.989739875238115,ok,/home/elads/STAR/full_grid_solar_opacity/runs/T0p550441_rho0p000117724/fac-opacity-cowan-state/starout.h5
0.5504405219591784,0.00016917900122028344,fac-opacity-cowan-state,T0p550441_rho0p000169179,5.059170996721332e-06,323.3675732942359,3.012626890035568,3.0126210978251984,ok,/home/elads/STAR/full_grid_solar_opacity/runs/T0p550441_rho0p000169179/fac-opacity-cowan-state/starout.h5
0.5504405219591784,0.0002431234061999784,fac-opacity-cowan-state,T0p550441_rho0p000243123,3.97383069655556e-06,322.716209943897,2.960000593138491,2.959995861486728,ok,/home/elads/STAR/full_grid_solar_opacity/runs/T0p550441_rho0p000243123/fac-opacity-cowan-state/starout.h5
0.5504405219591784,0.0003493872774749123,fac-opacity-cowan-state,T0p550441_rho0p000349387,3.096784332305398e-06,319.40518521661926,2.463258150216518,2.4632544949664985,ok,/home/elads/STAR/full_grid_solar_opacity/runs/T0p550441_rho0p000349387/fac-opacity-cowan-state/starout.h5
0.5504405219591784,0.0005020967399614471,fac-opacity-cowan-state,T0p550441_rho0p000502097,2.3888795513304633e-06,318.94942549731616,1.8211684969177102,1.821165518758392,ok,/home/elads/STAR/full_grid_solar_opacity/runs/T0p550441_rho0p000502097/fac-opacity-cowan-state/starout.h5
0.5504405219591784,0.0007215521357901021,fac-opacity-cowan-state,T0p550441_rho0p000721552,1.827119418771098e-06,319.38852512855334,2.131090899349196,2.1310885930617,ok,/home/elads/STAR/full_grid_solar_opacity/runs/T0p550441_rho0p000721552/fac-opacity-cowan-state/starout.h5
0.5504405219591784,0.0010369266382873438,fac-opacity-cowan-state,T0p550441_rho0p00103693,1.3861230751174819e-06,319.1326655518729,2.130710492349279,2.130708733666137,ok,/home/elads/STAR/full_grid_solar_opacity/runs/T0p550441_rho0p00103693/fac-opacity-cowan-state/starout.h5
0.5504405219591784,0.0014901443705277455,fac-opacity-cowan-state,T0p550441_rho0p00149014,1.0415854459222602e-06,317.83988977852755,2.0081789012394267,2.008177503752274,ok,/home/elads/STAR/full_grid_solar_opacity/runs/T0p550441_rho0p00149014/fac-opacity-cowan-state/starout.h5
0.5504405219591784,0.002141453563853953,fac-opacity-cowan-state,T0p550441_rho0p00214145,7.76092065533493e-07,318.03273169213446,2.3315281481250403,2.3315270279058113,ok,/home/elads/STAR/full_grid_solar_opacity/runs/T0p550441_rho0p00214145/fac-opacity-cowan-state/starout.h5
0.5504405219591784,0.003077435620898055,fac-opacity-cowan-state,T0p550441_rho0p00307744,5.752658580170632e-07,318.2592857340146,1.8897881653146795,1.8897873315048384,ok,/home/elads/STAR/full_grid_solar_opacity/runs/T0p550441_rho0p00307744/fac-opacity-cowan-state/starout.h5
0.5504405219591784,0.004422514763163053,fac-opacity-cowan-state,T0p550441_rho0p00442251,4.311836118889627e-07,316.80565358037535,1.5256110187203076,1.5256103900990363,ok,/home/elads/STAR/full_grid_solar_opacity/runs/T0p550441_rho0p00442251/fac-opacity-cowan-state/starout.h5
0.5504405219591784,0.006355498291362301,fac-opacity-cowan-state,T0p550441_rho0p0063555,3.1628353121654616e-07,318.21720796841964,2.185857048109961,2.1858564868112644,ok,/home/elads/STAR/full_grid_solar_opacity/runs/T0p550441_rho0p0063555/fac-opacity-cowan-state/starout.h5
0.5504405219591784,0.009133346228248624,fac-opacity-cowan-state,T0p550441_rho0p00913335,2.3676412071285456e-07,321.6475636649306,3.3554450089527994,3.35544446711232,ok,/home/elads/STAR/full_grid_solar_opacity/runs/T0p550441_rho0p00913335/fac-opacity-cowan-state/starout.h5
0.5504405219591784,0.01312533014735226,fac-opacity-cowan-state,T0p550441_rho0p0131253,1.782840001146235e-07,321.7858780116874,3.554210922205092,3.5542104307473847,ok,/home/elads/STAR/full_grid_solar_opacity/runs/T0p550441_rho0p0131253/fac-opacity-cowan-state/starout.h5
0.5504405219591784,0.018862122071335155,fac-opacity-cowan-state,T0p550441_rho0p0188621,1.6096271608773545e-07,332.47163167504976,5.21705080814111,5.217050224368027,ok,/home/elads/STAR/full_grid_solar_opacity/runs/T0p550441_rho0p0188621/fac-opacity-cowan-state/starout.h5
0.5504405219591784,0.02710633904364831,fac-opacity-cowan-state,T0p550441_rho0p0271063,1.6283091769975552e-07,330.71699272502957,5.784203097126185,5.784202482382422,ok,/home/elads/STAR/full_grid_solar_opacity/runs/T0p550441_rho0p0271063/fac-opacity-cowan-state/starout.h5
0.5504405219591784,0.038953921174427183,fac-opacity-cowan-state,T0p550441_rho0p0389539,1.6280040852566364e-07,329.0039289844839,4.512459559898674,4.512459047388402,ok,/home/elads/STAR/full_grid_solar_opacity/runs/T0p550441_rho0p0389539/fac-opacity-cowan-state/starout.h5
0.5504405219591784,0.0559798197912329,fac-opacity-cowan-state,T0p550441_rho0p0559798,1.6842534239108652e-07,328.88008782610297,4.027306381440602,4.027305902669487,ok,/home/elads/STAR/full_grid_solar_opacity/runs/T0p550441_rho0p0559798/fac-opacity-cowan-state/starout.h5
0.5504405219591784,0.08044736266284185,fac-opacity-cowan-state,T0p550441_rho0p0804474,1.9066619223048455e-07,327.1588447265708,4.237445418182509,4.237444901002855,ok,/home/elads/STAR/full_grid_solar_opacity/runs/T0p550441_rho0p0804474/fac-opacity-cowan-state/starout.h5
0.5504405219591784,0.11560912813835741,fac-opacity-cowan-state,T0p550441_rho0p115609,2.0300493165619682e-07,325.33396752048657,4.064144240946097,4.064143724732794,ok,/home/elads/STAR/full_grid_solar_opacity/runs/T0p550441_rho0p115609/fac-opacity-cowan-state/starout.h5
0.5504405219591784,0.1661393247274789,fac-opacity-cowan-state,T0p550441_rho0p166139,2.147510223259376e-07,322.0868050312084,2.624898123065494,2.6248977063001404,ok,/home/elads/STAR/full_grid_solar_opacity/runs/T0p550441_rho0p166139/fac-opacity-cowan-state/starout.h5
0.5504405219591784,0.23875515424585794,fac-opacity-cowan-state,T0p550441_rho0p238755,2.457452638634826e-07,321.12120996996975,2.3953550197261717,2.3953545895182815,ok,/home/elads/STAR/full_grid_solar_opacity/runs/T0p550441_rho0p238755/fac-opacity-cowan-state/starout.h5
0.5504405219591784,0.34310975906798746,fac-opacity-cowan-state,T0p550441_rho0p34311,3.022603401365724e-07,320.455797024551,2.0328005512272287,2.032800092387778,ok,/home/elads/STAR/full_grid_solar_opacity/runs/T0p550441_rho0p34311/fac-opacity-cowan-state/starout.h5
0.5504405219591784,0.49307545690287347,fac-opacity-cowan-state,T0p550441_rho0p493075,3.875029391679779e-07,323.51206118545605,1.5086990031513274,1.5086984991954075,ok,/home/elads/STAR/full_grid_solar_opacity/runs/T0p550441_rho0p493075/fac-opacity-cowan-state/starout.h5
0.5504405219591784,0.7085878491488851,fac-opacity-cowan-state,T0p550441_rho0p708588,5.45965135943623e-07,332.39564992906264,1.1805416195396004,1.180540982511898,ok,/home/elads/STAR/full_grid_solar_opacity/runs/T0p550441_rho0p708588/fac-opacity-cowan-state/starout.h5
0.5504405219591784,1.0182959482819007,fac-opacity-cowan-state,T0p550441_rho1p0183,9.115341809106731e-07,347.01109863750895,0.9026728504489592,0.9026718692063003,ok,/home/elads/STAR/full_grid_solar_opacity/runs/T0p550441_rho1p0183/fac-opacity-cowan-state/starout.h5
0.5504405219591784,1.4633706173946401,fac-opacity-cowan-state,T0p550441_rho1p46337,1.810746165904107e-06,365.72474708283715,0.6469043192846766,0.6469024585322253,ok,/home/elads/STAR/full_grid_solar_opacity/runs/T0p550441_rho1p46337/fac-opacity-cowan-state/starout.h5
0.5504405219591784,2.1029775945461404,fac-opacity-cowan-state,T0p550441_rho2p10298,4.508268411305062e-06,384.9646966383615,0.416813631793927,0.41680909129306026,ok,/home/elads/STAR/full_grid_solar_opacity/runs/T0p550441_rho2p10298/fac-opacity-cowan-state/starout.h5
0.5504405219591784,3.0221426551783854,fac-opacity-cowan-state,T0p550441_rho3p02214,1.519044345661078e-05,399.75883484391306,0.2966935674307916,0.29667835403300324,ok,/home/elads/STAR/full_grid_solar_opacity/runs/T0p550441_rho3p02214/fac-opacity-cowan-state/starout.h5
0.5504405219591784,4.343054463316713,fac-opacity-cowan-state,T0p550441_rho4p34305,7.358421041690506e-05,398.4995100054431,0.17746426497423956,0.17739066680338123,ok,/home/elads/STAR/full_grid_solar_opacity/runs/T0p550441_rho4p34305/fac-opacity-cowan-state/starout.h5
0.5504405219591784,6.241307649397467,fac-opacity-cowan-state,T0p550441_rho6p24131,0.0005773976105388337,330.72110006233765,0.23367823044096006,0.23310081286608897,ok,/home/elads/STAR/full_grid_solar_opacity/runs/T0p550441_rho6p24131/fac-opacity-cowan-state/starout.h5
0.5504405219591784,8.969245378672715,fac-opacity-cowan-state,T0p550441_rho8p96925,0.002614024539552387,160.3118721219279,4.515380153103325,4.512765771485623,ok,/home/elads/STAR/full_grid_solar_opacity/runs/T0p550441_rho8p96925/fac-opacity-cowan-state/starout.h5
0.5504405219591784,12.889504440725364,fac-opacity-cowan-state,T0p550441_rho12p8895,0.00208574133094078,120.71138528793219,6.493583718666113,6.491497470402785,ok,/home/elads/STAR/full_grid_solar_opacity/runs/T0p550441_rho12p8895/fac-opacity-cowan-state/starout.h5
0.5504405219591784,18.52322215674118,fac-opacity-cowan-state,T0p550441_rho18p5232,0.0016593426157727265,89.47192607643092,4.465626994023336,4.46396732027073,ok,/home/elads/STAR/full_grid_solar_opacity/runs/T0p550441_rho18p5232/fac-opacity-cowan-state/starout.h5
0.5504405219591784,26.61931346126126,fac-opacity-cowan-state,T0p550441_rho26p6193,0.0013167316114747697,66.45491105354714,1.2264725672380057,1.2251557506213828,ok,/home/elads/STAR/full_grid_solar_opacity/runs/T0p550441_rho26p6193/fac-opacity-cowan-state/starout.h5
0.5504405219591784,38.254027466328665,fac-opacity-cowan-state,T0p550441_rho38p254,0.0010426506740141522,50.50886656787739,0.4977533299616132,0.49671063634634577,ok,/home/elads/STAR/full_grid_solar_opacity/runs/T0p550441_rho38p254/fac-opacity-cowan-state/starout.h5
0.5504405219591784,54.97401800103719,fac-opacity-cowan-state,T0p550441_rho54p974,0.0008245222819282665,39.1219431992933,0.5432753099383899,0.5424507506694497,ok,/home/elads/STAR/full_grid_solar_opacity/runs/T0p550441_rho54p974/fac-opacity-cowan-state/starout.h5
0.5504405219591784,79.0019471240894,fac-opacity-cowan-state,T0p550441_rho79p0019,0.0006509632016787708,31.335854601738276,0.14141479188950917,0.140763818041558,ok,/home/elads/STAR/full_grid_solar_opacity/runs/T0p550441_rho79p0019/fac-opacity-cowan-state/starout.h5
0.5504405219591784,113.53195339077567,fac-opacity-cowan-state,T0p550441_rho113p532,0.0005129339020763956,45.15453202187594,16.65368433981839,16.653170120446426,ok,/home/elads/STAR/full_grid_solar_opacity/runs/T0p550441_rho113p532/fac-opacity-cowan-state/starout.h5
0.5504405219591784,163.15426277379785,fac-opacity-cowan-state,T0p550441_rho163p154,0.0012143271158352252,52.34911209390677,13.64531362045389,13.64409824096137,ok,/home/elads/STAR/full_grid_solar_opacity/runs/T0p550441_rho163p154/fac-opacity-cowan-state/starout.h5
0.5504405219591784,234.46538763970608,fac-opacity-cowan-state,T0p550441_rho234p465,0.08031565668098972,138.40472114777464,114.87339475340333,114.79307018783375,ok,/home/elads/STAR/full_grid_solar_opacity/runs/T0p550441_rho234p465/fac-opacity-cowan-state/starout.h5
0.5504405219591784,336.94503022121665,fac-opacity-cowan-state,T0p550441_rho336p945,0.09636539071245688,3162.8026400182102,3306.3326810881576,3306.236060824851,ok,/home/elads/STAR/full_grid_solar_opacity/runs/T0p550441_rho336p945/fac-opacity-cowan-state/starout.h5
0.5504405219591784,484.21626123015125,fac-opacity-cowan-state,T0p550441_rho484p216,0.109299549056419,3004.921667034347,3143.659660190528,3143.550118273761,ok,/home/elads/STAR/full_grid_solar_opacity/runs/T0p550441_rho484p216/fac-opacity-cowan-state/starout.h5
0.5504405219591784,695.8564947100452,fac-opacity-cowan-state,T0p550441_rho695p856,0.20581353945405692,4755.730291495285,4981.760550089157,4981.554352394909,ok,/home/elads/STAR/full_grid_solar_opacity/runs/T0p550441_rho695p856/fac-opacity-cowan-state/starout.h5
0.5504405219591784,1000.0,fac-opacity-cowan-state,T0p550441_rho1000,0.24441563611211234,3521.851114835989,3689.1824709819325,3688.9377707329454,ok,/home/elads/STAR/full_grid_solar_opacity/runs/T0p550441_rho1000/fac-opacity-cowan-state/starout.h5
0.6059695364293854,1e-17,fac-opacity-cowan-state,T0p60597_rho1em17,0.2828516529461541,1.1326512661989052,0.3022560651598266,0.019404411093162374,ok,/home/elads/STAR/full_grid_solar_opacity/runs/T0p60597_rho1em17/fac-opacity-cowan-state/starout.h5
0.6059695364293854,1.4370779141993746e-17,fac-opacity-cowan-state,T0p60597_rho1p43708em17,0.2828196276040492,1.1664703415484334,0.30454211124423997,0.021722482385823964,ok,/home/elads/STAR/full_grid_solar_opacity/runs/T0p60597_rho1p43708em17/fac-opacity-cowan-state/starout.h5
0.6059695364293854,2.065192931479625e-17,fac-opacity-cowan-state,T0p60597_rho2p06519em17,0.2827950163574486,1.2149831122443857,0.30696662424312093,0.02417160648988015,ok,/home/elads/STAR/full_grid_solar_opacity/runs/T0p60597_rho2p06519em17/fac-opacity-cowan-state/starout.h5
0.6059695364293854,2.9678431503900313e-17,fac-opacity-cowan-state,T0p60597_rho2p96784em17,0.28277506917764483,1.2845648192123396,0.3095438773714938,0.02676880664808112,ok,/home/elads/STAR/full_grid_solar_opacity/runs/T0p60597_rho2p96784em17/fac-opacity-cowan-state/starout.h5
0.6059695364293854,4.2650218442334076e-17,fac-opacity-cowan-state,T0p60597_rho4p26502em17,0.2827575726909937,1.3843131170490366,0.31229481128297515,0.029537236886350408,ok,/home/elads/STAR/full_grid_solar_opacity/runs/T0p60597_rho4p26502em17/fac-opacity-cowan-state/starout.h5
0.6059695364293854,6.129168695925715e-17,fac-opacity-cowan-state,T0p60597_rho6p12917em17,0.28274053493334855,1.5271742811332043,0.3152462865856536,0.0325057497752571,ok,/home/elads/STAR/full_grid_solar_opacity/runs/T0p60597_rho6p12917em17/fac-opacity-cowan-state/starout.h5
0.6059695364293854,8.808092965317026e-17,fac-opacity-cowan-state,T0p60597_rho8p80809em17,0.2827219244866564,1.7314952201882643,0.31842933306481963,0.03570740651623488,ok,/home/elads/STAR/full_grid_solar_opacity/runs/T0p60597_rho8p80809em17/fac-opacity-cowan-state/starout.h5
0.6059695364293854,1.2657915866672028e-16,fac-opacity-cowan-state,T0p60597_rho1p26579em16,0.2826994222742503,2.0231256136380065,0.3218759337478165,0.03917650921131413,ok,/home/elads/STAR/full_grid_solar_opacity/runs/T0p60597_rho1p26579em16/fac-opacity-cowan-state/starout.h5
0.6059695364293854,1.819041133178821e-16,fac-opacity-cowan-state,T0p60597_rho1p81904em16,0.28267014162866233,2.438202177929679,0.3256155041114439,0.042945360002896844,ok,/home/elads/STAR/full_grid_solar_opacity/runs/T0p60597_rho1p81904em16/fac-opacity-cowan-state/starout.h5
0.6059695364293854,2.6141038375114865e-16,fac-opacity-cowan-state,T0p60597_rho2p6141em16,0.2826302723964074,3.0267388412334575,0.3296727030785714,0.04704242796569363,ok,/home/elads/STAR/full_grid_solar_opacity/runs/T0p60597_rho2p6141em16/fac-opacity-cowan-state/starout.h5
0.6059695364293854,3.7566708903116036e-16,fac-opacity-cowan-state,T0p60597_rho3p75667em16,0.2825746007342189,3.8571156824839687,0.33406708801361046,0.051492484305952504,ok,/home/elads/STAR/full_grid_solar_opacity/runs/T0p60597_rho3p75667em16/fac-opacity-cowan-state/starout.h5
0.6059695364293854,5.398628767382507e-16,fac-opacity-cowan-state,T0p60597_rho5p39863em16,0.2824958445852711,5.021482750804801,0.3388132444336916,0.05631739659636604,ok,/home/elads/STAR/full_grid_solar_opacity/runs/T0p60597_rho5p39863em16/fac-opacity-cowan-state/starout.h5
0.6059695364293854,7.758250168566793e-16,fac-opacity-cowan-state,T0p60597_rho7p75825em16,0.28238372499182,6.641896620380299,0.34391860562608983,0.061534877080931256,ok,/home/elads/STAR/full_grid_solar_opacity/runs/T0p60597_rho7p75825em16/fac-opacity-cowan-state/starout.h5
0.6059695364293854,1.1149209970080914e-15,fac-opacity-cowan-state,T0p60597_rho1p11492em15,0.2822236642086853,8.876594894475048,0.3493767044857131,0.06715303639926823,ok,/home/elads/STAR/full_grid_solar_opacity/runs/T0p60597_rho1p11492em15/fac-opacity-cowan-state/starout.h5
0.6059695364293854,1.6022283408774753e-15,fac-opacity-cowan-state,T0p60597_rho1p60223em15,0.28199496433178806,11.925304175889012,0.35515663143640164,0.07316166287988525,ok,/home/elads/STAR/full_grid_solar_opacity/runs/T0p60597_rho1p60223em15/fac-opacity-cowan-state/starout.h5
0.6059695364293854,2.3025269621793266e-15,fac-opacity-cowan-state,T0p60597_rho2p30253em15,0.2816682789978713,16.032506440471305,0.3611931019851893,0.07952481839514826,ok,/home/elads/STAR/full_grid_solar_opacity/runs/T0p60597_rho2p30253em15/fac-opacity-cowan-state/starout.h5
0.6059695364293854,3.308910644196489e-15,fac-opacity-cowan-state,T0p60597_rho3p30891em15,0.2812021537248329,21.48917053933188,0.3673828792625858,0.08618072056123717,ok,/home/elads/STAR/full_grid_solar_opacity/runs/T0p60597_rho3p30891em15/fac-opacity-cowan-state/starout.h5
0.6059695364293854,4.755162406834019e-15,fac-opacity-cowan-state,T0p60597_rho4p75516em15,0.2805384036495031,28.636778747060468,0.37359132217789226,0.09305291315503822,ok,/home/elads/STAR/full_grid_solar_opacity/runs/T0p60597_rho4p75516em15/fac-opacity-cowan-state/starout.h5
0.6059695364293854,6.8335388732923106e-15,fac-opacity-cowan-state,T0p60597_rho6p83354em15,0.27959615946514016,37.88005696646623,0.3796682584501574,0.10007209320634274,ok,/home/elads/STAR/full_grid_solar_opacity/runs/T0p60597_rho6p83354em15/fac-opacity-cowan-state/starout.h5
0.6059695364293854,9.820327790631256e-15,fac-opacity-cowan-state,T0p60597_rho9p82033em15,0.27826463117549,49.71149330622398,0.3854664722595718,0.10720183489369987,ok,/home/elads/STAR/full_grid_solar_opacity/runs/T0p60597_rho9p82033em15/fac-opacity-cowan-state/starout.h5
0.6059695364293854,1.4112576178114521e-14,fac-opacity-cowan-state,T0p60597_rho1p41126em14,0.27639514875648297,64.73928192346615,0.39085177475930755,0.11445661939351448,ok,/home/elads/STAR/full_grid_solar_opacity/runs/T0p60597_rho1p41126em14/fac-opacity-cowan-state/starout.h5
0.6059695364293854,2.0280871538024598e-14,fac-opacity-cowan-state,T0p60597_rho2p02809em14,0.27379403952492154,83.6989384351805,0.39569506311275915,0.12190101654864983,ok,/home/elads/STAR/full_grid_solar_opacity/runs/T0p60597_rho2p02809em14/fac-opacity-cowan-state/starout.h5
0.6059695364293854,2.914519256800997e-14,fac-opacity-cowan-state,T0p60597_rho2p91452em14,0.27021949026780084,107.43143648418337,0.39984504274541993,0.1296255449923776,ok,/home/elads/STAR/full_grid_solar_opacity/runs/T0p60597_rho2p91452em14/fac-opacity-cowan-state/starout.h5
0.6059695364293854,4.188391254457488e-14,fac-opacity-cowan-state,T0p60597_rho4p18839em14,0.26538754599985787,136.8276925867088,0.4030911382317825,0.1377035842802154,ok,/home/elads/STAR/full_grid_solar_opacity/runs/T0p60597_rho4p18839em14/fac-opacity-cowan-state/starout.h5
0.6059695364293854,6.019044567806669e-14,fac-opacity-cowan-state,T0p60597_rho6p01904em14,0.25899374575127765,172.7497718236431,0.40513389185246945,0.146140137662313,ok,/home/elads/STAR/full_grid_solar_opacity/runs/T0p60597_rho6p01904em14/fac-opacity-cowan-state/starout.h5
0.6059695364293854,8.649836012976684e-14,fac-opacity-cowan-state,T0p60597_rho8p64984em14,0.2507554386576356,215.9261669558639,0.4055826693577414,0.15482722175959057,ok,/home/elads/STAR/full_grid_solar_opacity/runs/T0p60597_rho8p64984em14/fac-opacity-cowan-state/starout.h5
0.6059695364293854,1.2430488295695167e-13,fac-opacity-cowan-state,T0p60597_rho1p24305em13,0.24047302966986228,266.8013281189412,0.403996909175689,0.16352387006312252,ok,/home/elads/STAR/full_grid_solar_opacity/runs/T0p60597_rho1p24305em13/fac-opacity-cowan-state/starout.h5
0.6059695364293854,1.7863580192457348e-13,fac-opacity-cowan-state,T0p60597_rho1p78636em13,0.22809651585938032,325.34109341747575,0.3999738056645273,0.17187727988007376,ok,/home/elads/STAR/full_grid_solar_opacity/runs/T0p60597_rho1p78636em13/fac-opacity-cowan-state/starout.h5
0.6059695364293854,2.567135656310987e-13,fac-opacity-cowan-state,T0p60597_rho2p56714em13,0.21377296634233642,390.8579495747379,0.39326105765611435,0.1794880809492187,ok,/home/elads/STAR/full_grid_solar_opacity/runs/T0p60597_rho2p56714em13/fac-opacity-cowan-state/starout.h5
0.6059695364293854,3.6891739544382357e-13,fac-opacity-cowan-state,T0p60597_rho3p68917em13,0.19785139227904425,461.95888823432085,0.38385101929349125,0.18599961627387826,ok,/home/elads/STAR/full_grid_solar_opacity/runs/T0p60597_rho3p68917em13/fac-opacity-cowan-state/starout.h5
0.6059695364293854,5.301630411562758e-13,fac-opacity-cowan-state,T0p60597_rho5p30163em13,0.1808378242443292,536.6766807656799,0.37201362030538754,0.19117578502159113,ok,/home/elads/STAR/full_grid_solar_opacity/runs/T0p60597_rho5p30163em13/fac-opacity-cowan-state/starout.h5
0.6059695364293854,7.618855973704612e-13,fac-opacity-cowan-state,T0p60597_rho7p61886em13,0.16331585536635995,612.7497197468984,0.3582547912376129,0.19493892461448298,ok,/home/elads/STAR/full_grid_solar_opacity/runs/T0p60597_rho7p61886em13/fac-opacity-cowan-state/starout.h5
0.6059695364293854,1.0948889651276868e-12,fac-opacity-cowan-state,T0p60597_rho1p09489em12,0.14586070600283763,687.9463670434051,0.3432230049549174,0.19736228755537222,ok,/home/elads/STAR/full_grid_solar_opacity/runs/T0p60597_rho1p09489em12/fac-opacity-cowan-state/starout.h5
0.6059695364293854,1.5734407502856082e-12,fac-opacity-cowan-state,T0p60597_rho1p57344em12,0.12897145035954577,760.3308857575762,0.32760329887271455,0.1986318370431511,ok,/home/elads/STAR/full_grid_solar_opacity/runs/T0p60597_rho1p57344em12/fac-opacity-cowan-state/starout.h5
0.6059695364293854,2.26115695153675e-12,fac-opacity-cowan-state,T0p60597_rho2p26116em12,0.11303278857439682,828.4179005065687,0.31203084008733084,0.19899804002176985,ok,/home/elads/STAR/full_grid_solar_opacity/runs/T0p60597_rho2p26116em12/fac-opacity-cowan-state/starout.h5
0.6059695364293854,3.249458715591849e-12,fac-opacity-cowan-state,T0p60597_rho3p24946em12,0.09830496569255817,891.2158072380405,0.29703782306049215,0.1987328458920836,ok,/home/elads/STAR/full_grid_solar_opacity/runs/T0p60597_rho3p24946em12/fac-opacity-cowan-state/starout.h5
0.6059695364293854,4.669725353279713e-12,fac-opacity-cowan-state,T0p60597_rho4p66973em12,0.08493356802301902,948.189553010303,0.2830319832188869,0.1980984037566534,ok,/home/elads/STAR/full_grid_solar_opacity/runs/T0p60597_rho4p66973em12/fac-opacity-cowan-state/starout.h5
0.6059695364293854,6.710759170575148e-12,fac-opacity-cowan-state,T0p60597_rho6p71076em12,0.07296985600967594,999.1800005355842,0.27029769298246675,0.1973278255780733,ok,/home/elads/STAR/full_grid_solar_opacity/runs/T0p60597_rho6p71076em12/fac-opacity-cowan-state/starout.h5
0.6059695364293854,9.64388379154446e-12,fac-opacity-cowan-state,T0p60597_rho9p64388em12,0.06239427520590487,1044.3093855885056,0.2590099121512762,0.1966156255917799,ok,/home/elads/STAR/full_grid_solar_opacity/runs/T0p60597_rho9p64388em12/fac-opacity-cowan-state/starout.h5
0.6059695364293854,1.3859012403933867e-11,fac-opacity-cowan-state,T0p60597_rho1p3859em11,0.05313860353699886,1083.891843886986,0.24925379556721292,0.19611518070552086,ok,/home/elads/STAR/full_grid_solar_opacity/runs/T0p60597_rho1p3859em11/fac-opacity-cowan-state/starout.h5
0.6059695364293854,1.9916480638308542e-11,fac-opacity-cowan-state,T0p60597_rho1p99165em11,0.04510452860579646,1118.3580633772378,0.2410457795843632,0.19594123966391797,ok,/home/elads/STAR/full_grid_solar_opacity/runs/T0p60597_rho1p99165em11/fac-opacity-cowan-state/starout.h5
0.6059695364293854,2.8621534453892672e-11,fac-opacity-cowan-state,T0p60597_rho2p86215em11,0.03817802919711912,1148.1969452990747,0.23435393899079196,0.19617589846547345,ok,/home/elads/STAR/full_grid_solar_opacity/runs/T0p60597_rho2p86215em11/fac-opacity-cowan-state/starout.h5
0.6059695364293854,4.1131375034185614e-11,fac-opacity-cowan-state,T0p60597_rho4p11314em11,0.03223980122005052,1173.9134477794685,0.22911604170684052,0.1968762291181501,ok,/home/elads/STAR/full_grid_solar_opacity/runs/T0p60597_rho4p11314em11/fac-opacity-cowan-state/starout.h5
0.6059695364293854,5.910899064227969e-11,fac-opacity-cowan-state,T0p60597_rho5p9109em11,0.02717235555623519,1196.0000951111024,0.22525354752887522,0.19808118053442,ok,/home/elads/STAR/full_grid_solar_opacity/runs/T0p60597_rho5p9109em11/fac-opacity-cowan-state/starout.h5
0.6059695364293854,8.4944224982638e-11,fac-opacity-cowan-state,T0p60597_rho8p49442em11,0.02286451351078357,1214.9192975515261,0.22268003365363565,0.199815508604483,ok,/home/elads/STAR/full_grid_solar_opacity/runs/T0p60597_rho8p49442em11/fac-opacity-cowan-state/starout.h5
0.6059695364293854,1.2207146966133182e-10,fac-opacity-cowan-state,T0p60597_rho1p22071em10,0.019213974819099693,1231.093666076227,0.22130480234181196,0.2020908158529555,ok,/home/elads/STAR/full_grid_solar_opacity/runs/T0p60597_rho1p22071em10/fac-opacity-cowan-state/starout.h5
0.6059695364293854,1.7542621300415897e-10,fac-opacity-cowan-state,T0p60597_rho1p75426em10,0.016128523883683046,1244.9020141699737,0.2210356545711071,0.20490711885503943,ok,/home/elads/STAR/full_grid_solar_opacity/runs/T0p60597_rho1p75426em10/fac-opacity-cowan-state/starout.h5
0.6059695364293854,2.52101136279913e-10,fac-opacity-cowan-state,T0p60597_rho2p52101em10,0.01352631723471298,1256.6790444212945,0.22178505526725484,0.20825872600661832,ok,/home/elads/STAR/full_grid_solar_opacity/runs/T0p60597_rho2p52101em10/fac-opacity-cowan-state/starout.h5
0.6059695364293854,3.6228897509242966e-10,fac-opacity-cowan-state,T0p60597_rho3p62289em10,0.01133558371130808,1266.717432873309,0.2234793160851583,0.2121437201235873,ok,/home/elads/STAR/full_grid_solar_opacity/runs/T0p60597_rho3p62289em10/fac-opacity-cowan-state/starout.h5
0.6059695364293854,5.20637484663258e-10,fac-opacity-cowan-state,T0p60597_rho5p20637em10,0.009493975303448855,1275.2711505943391,0.22606654498537693,0.21657255717592144,ok,/home/elads/STAR/full_grid_solar_opacity/runs/T0p60597_rho5p20637em10/fac-opacity-cowan-state/starout.h5
0.6059695364293854,7.481966305138837e-10,fac-opacity-cowan-state,T0p60597_rho7p48197em10,0.007947734236675419,1282.5593298649585,0.2295188726295762,0.22157112559825115,ok,/home/elads/STAR/full_grid_solar_opacity/runs/T0p60597_rho7p48197em10/fac-opacity-cowan-state/starout.h5
0.6059695364293854,1.0752168531898921e-09,fac-opacity-cowan-state,T0p60597_rho1p07522em09,0.006650787320679863,1288.7702859010278,0.23382692724460385,0.22717612680561294,ok,/home/elads/STAR/full_grid_solar_opacity/runs/T0p60597_rho1p07522em09/fac-opacity-cowan-state/starout.h5
0.6059695364293854,1.5451703926941453e-09,fac-opacity-cowan-state,T0p60597_rho1p54517em09,0.005563838812979357,1294.065394484548,0.2389891859396938,0.23342533364754228,ok,/home/elads/STAR/full_grid_solar_opacity/runs/T0p60597_rho1p54517em09/fac-opacity-cowan-state/starout.h5
0.6059695364293854,2.220530245015531e-09,fac-opacity-cowan-state,T0p60597_rho2p22053em09,0.004653505267759519,1298.582657877677,0.24500391202087976,0.24035039287405963,ok,/home/elads/STAR/full_grid_solar_opacity/runs/T0p60597_rho2p22053em09/fac-opacity-cowan-state/starout.h5
0.6059695364293854,3.1910749729235452e-09,fac-opacity-cowan-state,T0p60597_rho3p19107em09,0.0038915166946690036,1302.4399576153892,0.2518701147719966,0.24797858375777634,ok,/home/elads/STAR/full_grid_solar_opacity/runs/T0p60597_rho3p19107em09/fac-opacity-cowan-state/starout.h5
0.6059695364293854,4.585823366142813e-09,fac-opacity-cowan-state,T0p60597_rho4p58582em09,0.003253995552608536,1305.7379373622612,0.25959538728883536,0.2563413769337652,ok,/home/elads/STAR/full_grid_solar_opacity/runs/T0p60597_rho4p58582em09/fac-opacity-cowan-state/starout.h5
0.6059695364293854,6.590185477903269e-09,fac-opacity-cowan-state,T0p60597_rho6p59019em09,0.0027208167763125854,1308.5625211385147,0.26820248933506297,0.26548165722848227,ok,/home/elads/STAR/full_grid_solar_opacity/runs/T0p60597_rho6p59019em09/fac-opacity-cowan-state/starout.h5
0.6059695364293854,9.470610000772238e-09,fac-opacity-cowan-state,T0p60597_rho9p47061em09,0.002275046972389761,1310.9870601459038,0.27772963242176896,0.27545456954322417,ok,/home/elads/STAR/full_grid_solar_opacity/runs/T0p60597_rho9p47061em09/fac-opacity-cowan-state/starout.h5
0.6059695364293854,1.3610004466105506e-08,fac-opacity-cowan-state,T0p60597_rho1p361em08,0.001902457841491622,1313.0741025068467,0.2882254700559092,0.28632299568066394,ok,/home/elads/STAR/full_grid_solar_opacity/runs/T0p60597_rho1p361em08/fac-opacity-cowan-state/starout.h5
0.6059695364293854,1.9558636830395073e-08,fac-opacity-cowan-state,T0p60597_rho1p95586em08,0.00218160279018834,1188.4449498395893,10.224668011097103,10.222486964415358,ok,/home/elads/STAR/full_grid_solar_opacity/runs/T0p60597_rho1p95586em08/fac-opacity-cowan-state/starout.h5
0.6059695364293854,2.810728502080722e-08,fac-opacity-cowan-state,T0p60597_rho2p81073em08,0.0018169462277355401,1190.2242338756723,10.697418248499,10.69560227144561,ok,/home/elads/STAR/full_grid_solar_opacity/runs/T0p60597_rho2p81073em08/fac-opacity-cowan-state/starout.h5
0.6059695364293854,4.039235853150913e-08,fac-opacity-cowan-state,T0p60597_rho4p03924em08,0.001512442882537401,1191.094207744429,8.740149915812115,8.738634737421249,ok,/home/elads/STAR/full_grid_solar_opacity/runs/T0p60597_rho4p03924em08/fac-opacity-cowan-state/starout.h5
0.6059695364293854,5.804696634805446e-08,fac-opacity-cowan-state,T0p60597_rho5p8047em08,0.0012582352517445054,1191.334670027397,8.108345635548591,8.107084433529543,ok,/home/elads/STAR/full_grid_solar_opacity/runs/T0p60597_rho5p8047em08/fac-opacity-cowan-state/starout.h5
0.6059695364293854,8.341801332506338e-08,fac-opacity-cowan-state,T0p60597_rho8p3418em08,0.0010460631260841822,1193.6121838443614,10.137648790248415,10.136601196740466,ok,/home/elads/STAR/full_grid_solar_opacity/runs/T0p60597_rho8p3418em08/fac-opacity-cowan-state/starout.h5
0.6059695364293854,1.1987818459583772e-07,fac-opacity-cowan-state,T0p60597_rho1p19878em07,0.0008690156189697626,1194.3308644399074,9.752724243226933,9.751852549240018,ok,/home/elads/STAR/full_grid_solar_opacity/runs/T0p60597_rho1p19878em07/fac-opacity-cowan-state/starout.h5
0.6059695364293854,1.7227429147699408e-07,fac-opacity-cowan-state,T0p60597_rho1p72274em07,0.0007213096815910968,1194.827479660638,10.070583090951224,10.069858920410187,ok,/home/elads/STAR/full_grid_solar_opacity/runs/T0p60597_rho1p72274em07/fac-opacity-cowan-state/starout.h5
0.6059695364293854,2.4757157946593376e-07,fac-opacity-cowan-state,T0p60597_rho2p47572em07,0.000598112653671558,1195.3981379793786,10.25297492018972,10.252374433435648,ok,/home/elads/STAR/full_grid_solar_opacity/runs/T0p60597_rho2p47572em07/fac-opacity-cowan-state/starout.h5
0.6059695364293854,3.557796490339488e-07,fac-opacity-cowan-state,T0p60597_rho3p5578em07,0.0004953846889298596,1195.5276701377998,9.0577446706324,9.057244698164698,ok,/home/elads/STAR/full_grid_solar_opacity/runs/T0p60597_rho3p5578em07/fac-opacity-cowan-state/starout.h5
0.6059695364293854,5.112830759482948e-07,fac-opacity-cowan-state,T0p60597_rho5p11283em07,0.000409750792021886,1196.2681776239883,9.72298518708264,9.722571303854728,ok,/home/elads/STAR/full_grid_solar_opacity/runs/T0p60597_rho5p11283em07/fac-opacity-cowan-state/starout.h5
0.6059695364293854,7.347536163492159e-07,fac-opacity-cowan-state,T0p60597_rho7p34754em07,0.0003383937380490805,1195.6231357793793,8.581987627836806,8.581643830454684,ok,/home/elads/STAR/full_grid_solar_opacity/runs/T0p60597_rho7p34754em07/fac-opacity-cowan-state/starout.h5
0.6059695364293854,1.0558981944335787e-06,fac-opacity-cowan-state,T0p60597_rho1p0559em06,0.00027895877662738127,1195.7409439310893,8.630883933687565,8.630599490336724,ok,/home/elads/STAR/full_grid_solar_opacity/runs/T0p60597_rho1p0559em06/fac-opacity-cowan-state/starout.h5
0.6059695364293854,1.517407974863493e-06,fac-opacity-cowan-state,T0p60597_rho1p51741em06,0.00022948282150999998,1196.8088657940323,10.254278501327663,10.254044860657016,ok,/home/elads/STAR/full_grid_solar_opacity/runs/T0p60597_rho1p51741em06/fac-opacity-cowan-state/starout.h5
0.6059695364293854,2.1806334875063253e-06,fac-opacity-cowan-state,T0p60597_rho2p18063em06,0.00018832705751244992,1197.0524059091742,9.799855461478852,9.799661929079509,ok,/home/elads/STAR/full_grid_solar_opacity/runs/T0p60597_rho2p18063em06/fac-opacity-cowan-state/starout.h5
0.6059695364293854,3.1337402238588983e-06,fac-opacity-cowan-state,T0p60597_rho3p13374em06,0.00015412558150620906,1196.1277943012572,9.033874612398947,9.033714613452036,ok,/home/elads/STAR/full_grid_solar_opacity/runs/T0p60597_rho3p13374em06/fac-opacity-cowan-state/starout.h5
0.6059695364293854,4.503428864545845e-06,fac-opacity-cowan-state,T0p60597_rho4p50343em06,0.000139678433106673,1491.5429902582741,10.563746179683315,10.563603710576468,ok,/home/elads/STAR/full_grid_solar_opacity/runs/T0p60597_rho4p50343em06/fac-opacity-cowan-state/starout.h5
0.6059695364293854,6.471778159406801e-06,fac-opacity-cowan-state,T0p60597_rho6p47178em06,0.00011512378667746602,1506.1824663241077,10.009152031740157,10.009034869985921,ok,/home/elads/STAR/full_grid_solar_opacity/runs/T0p60597_rho6p47178em06/fac-opacity-cowan-state/starout.h5
0.6059695364293854,9.300449458481393e-06,fac-opacity-cowan-state,T0p60597_rho9p30045em06,9.487766977206259e-05,1514.039258147804,11.223821687282632,11.22372829681993,ok,/home/elads/STAR/full_grid_solar_opacity/runs/T0p60597_rho9p30045em06/fac-opacity-cowan-state/starout.h5
0.6059695364293854,1.3365470508911143e-05,fac-opacity-cowan-state,T0p60597_rho1p33655em05,7.777868039259177e-05,1529.7834432991049,8.371720932775764,8.371640938165854,ok,/home/elads/STAR/full_grid_solar_opacity/runs/T0p60597_rho1p33655em05/fac-opacity-cowan-state/starout.h5
0.6059695364293854,1.920722248123928e-05,fac-opacity-cowan-state,T0p60597_rho1p92072em05,5.347492493272267e-05,1211.4990962948546,12.390528465314512,12.390472605802385,ok,/home/elads/STAR/full_grid_solar_opacity/runs/T0p60597_rho1p92072em05/fac-opacity-cowan-state/starout.h5
0.6059695364293854,2.760227522090268e-05,fac-opacity-cowan-state,T0p60597_rho2p76023em05,4.265532576973903e-05,1210.710041554657,15.549841387070172,15.549797076911963,ok,/home/elads/STAR/full_grid_solar_opacity/runs/T0p60597_rho2p76023em05/fac-opacity-cowan-state/starout.h5
0.6059695364293854,3.966662010161191e-05,fac-opacity-cowan-state,T0p60597_rho3p96666em05,3.3784100936122233e-05,1209.9224601440733,14.270109425133404,14.270072894535405,ok,/home/elads/STAR/full_grid_solar_opacity/runs/T0p60597_rho3p96666em05/fac-opacity-cowan-state/starout.h5
0.6059695364293854,5.7004023678963655e-05,fac-opacity-cowan-state,T0p60597_rho5p7004em05,2.6587162372720058e-05,1208.628625683148,13.386820899931534,13.38679148130399,ok,/home/elads/STAR/full_grid_solar_opacity/runs/T0p60597_rho5p7004em05/fac-opacity-cowan-state/starout.h5
0.6059695364293854,8.191922344953684e-05,fac-opacity-cowan-state,T0p60597_rho8p19192em05,2.0790741117203667e-05,1190.365794782979,7.437137988120006,7.437114947096461,ok,/home/elads/STAR/full_grid_solar_opacity/runs/T0p60597_rho8p19192em05/fac-opacity-cowan-state/starout.h5
0.6059695364293854,0.00011772430676769293,fac-opacity-cowan-state,T0p60597_rho0p000117724,1.610344739941569e-05,1182.8661907119445,4.028051104338409,4.028030533858736,ok,/home/elads/STAR/full_grid_solar_opacity/runs/T0p60597_rho0p000117724/fac-opacity-cowan-state/starout.h5
0.6059695364293854,0.00016917900122028344,fac-opacity-cowan-state,T0p60597_rho0p000169179,1.2397805592113151e-05,1182.5869344053212,3.751635555939497,3.7516193795577126,ok,/home/elads/STAR/full_grid_solar_opacity/runs/T0p60597_rho0p000169179/fac-opacity-cowan-state/starout.h5
0.6059695364293854,0.0002431234061999784,fac-opacity-cowan-state,T0p60597_rho0p000243123,9.450316429290972e-06,1182.6455201310293,3.7107007988388245,3.7106884151896113,ok,/home/elads/STAR/full_grid_solar_opacity/runs/T0p60597_rho0p000243123/fac-opacity-cowan-state/starout.h5
0.6059695364293854,0.0003493872774749123,fac-opacity-cowan-state,T0p60597_rho0p000349387,7.158701104556e-06,1178.3104287288556,2.822196058302825,2.8221862707081806,ok,/home/elads/STAR/full_grid_solar_opacity/runs/T0p60597_rho0p000349387/fac-opacity-cowan-state/starout.h5
0.6059695364293854,0.0005020967399614471,fac-opacity-cowan-state,T0p60597_rho0p000502097,5.371977944721516e-06,1178.3356350237163,2.4066182660946955,2.4066106379111547,ok,/home/elads/STAR/full_grid_solar_opacity/runs/T0p60597_rho0p000502097/fac-opacity-cowan-state/starout.h5
0.6059695364293854,0.0007215521357901021,fac-opacity-cowan-state,T0p60597_rho0p000721552,4.004634580620052e-06,1178.7783342485648,2.413943508381769,2.413937695314712,ok,/home/elads/STAR/full_grid_solar_opacity/runs/T0p60597_rho0p000721552/fac-opacity-cowan-state/starout.h5
0.6059695364293854,0.0010369266382873438,fac-opacity-cowan-state,T0p60597_rho0p00103693,2.9671067274536296e-06,1177.270725540529,2.7731244970045315,2.7731200257302664,ok,/home/elads/STAR/full_grid_solar_opacity/runs/T0p60597_rho0p00103693/fac-opacity-cowan-state/starout.h5
0.6059695364293854,0.0014901443705277455,fac-opacity-cowan-state,T0p60597_rho0p00149014,2.1878774901760017e-06,1177.3499439953323,2.3489019560662237,2.3488985431945997,ok,/home/elads/STAR/full_grid_solar_opacity/runs/T0p60597_rho0p00149014/fac-opacity-cowan-state/starout.h5
0.6059695364293854,0.002141453563853953,fac-opacity-cowan-state,T0p60597_rho0p00214145,1.6026882684782449e-06,1177.1704659186169,2.099868637369573,2.0998660122470656,ok,/home/elads/STAR/full_grid_solar_opacity/runs/T0p60597_rho0p00214145/fac-opacity-cowan-state/starout.h5
0.6059695364293854,0.003077435620898055,fac-opacity-cowan-state,T0p60597_rho0p00307744,1.1722791017383371e-06,1177.6285557660888,3.384370867299067,3.3843688728587202,ok,/home/elads/STAR/full_grid_solar_opacity/runs/T0p60597_rho0p00307744/fac-opacity-cowan-state/starout.h5
0.6059695364293854,0.004422514763163053,fac-opacity-cowan-state,T0p60597_rho0p00442251,8.565970729576392e-07,1177.7102191334163,3.003466819389125,3.0034653591023863,ok,/home/elads/STAR/full_grid_solar_opacity/runs/T0p60597_rho0p00442251/fac-opacity-cowan-state/starout.h5
0.6059695364293854,0.006355498291362301,fac-opacity-cowan-state,T0p60597_rho0p0063555,6.270909316295125e-07,1177.5462745587665,3.062576043634391,3.062574911244201,ok,/home/elads/STAR/full_grid_solar_opacity/runs/T0p60597_rho0p0063555/fac-opacity-cowan-state/starout.h5
0.6059695364293854,0.009133346228248624,fac-opacity-cowan-state,T0p60597_rho0p00913335,4.6069317581370554e-07,1177.771892451478,2.871015102968731,2.871014249323623,ok,/home/elads/STAR/full_grid_solar_opacity/runs/T0p60597_rho0p00913335/fac-opacity-cowan-state/starout.h5
0.6059695364293854,0.01312533014735226,fac-opacity-cowan-state,T0p60597_rho0p0131253,3.416516297962655e-07,1186.6135907690966,4.97630212283821,4.976301286494209,ok,/home/elads/STAR/full_grid_solar_opacity/runs/T0p60597_rho0p0131253/fac-opacity-cowan-state/starout.h5
0.6059695364293854,0.018862122071335155,fac-opacity-cowan-state,T0p60597_rho0p0188621,3.81357077891596e-07,1177.741055619776,3.028380883537188,3.0283802651502,ok,/home/elads/STAR/full_grid_solar_opacity/runs/T0p60597_rho0p0188621/fac-opacity-cowan-state/starout.h5
0.6059695364293854,0.02710633904364831,fac-opacity-cowan-state,T0p60597_rho0p0271063,4.720319887396463e-07,1181.0075753795186,4.125087568005433,4.125086846823245,ok,/home/elads/STAR/full_grid_solar_opacity/runs/T0p60597_rho0p0271063/fac-opacity-cowan-state/starout.h5
0.6059695364293854,0.038953921174427183,fac-opacity-cowan-state,T0p60597_rho0p0389539,5.181623081863507e-07,1188.1740369617462,6.162518281800135,6.162517403499835,ok,/home/elads/STAR/full_grid_solar_opacity/runs/T0p60597_rho0p0389539/fac-opacity-cowan-state/starout.h5
0.6059695364293854,0.0559798197912329,fac-opacity-cowan-state,T0p60597_rho0p0559798,5.565007962091614e-07,1184.5289737623673,4.516365109985893,4.516364292134236,ok,/home/elads/STAR/full_grid_solar_opacity/runs/T0p60597_rho0p0559798/fac-opacity-cowan-state/starout.h5
0.6059695364293854,0.08044736266284185,fac-opacity-cowan-state,T0p60597_rho0p0804474,6.467648174595401e-07,1186.4203272016282,4.856459505713711,4.856458578812414,ok,/home/elads/STAR/full_grid_solar_opacity/runs/T0p60597_rho0p0804474/fac-opacity-cowan-state/starout.h5
0.6059695364293854,0.11560912813835741,fac-opacity-cowan-state,T0p60597_rho0p115609,6.746397128536214e-07,1185.3204596057947,4.3456710806676995,4.345670155506254,ok,/home/elads/STAR/full_grid_solar_opacity/runs/T0p60597_rho0p115609/fac-opacity-cowan-state/starout.h5
0.6059695364293854,0.1661393247274789,fac-opacity-cowan-state,T0p60597_rho0p166139,7.011847027279507e-07,1182.6688519629322,3.1842242114870416,3.184223326581543,ok,/home/elads/STAR/full_grid_solar_opacity/runs/T0p60597_rho0p166139/fac-opacity-cowan-state/starout.h5
0.6059695364293854,0.23875515424585794,fac-opacity-cowan-state,T0p60597_rho0p238755,7.815764695708956e-07,1182.3710563925583,2.7444749353487956,2.7444739948981494,ok,/home/elads/STAR/full_grid_solar_opacity/runs/T0p60597_rho0p238755/fac-opacity-cowan-state/starout.h5
0.6059695364293854,0.34310975906798746,fac-opacity-cowan-state,T0p60597_rho0p34311,9.241131686719484e-07,1184.9134377107464,2.6202212626165,2.6202201865666335,ok,/home/elads/STAR/full_grid_solar_opacity/runs/T0p60597_rho0p34311/fac-opacity-cowan-state/starout.h5
0.6059695364293854,0.49307545690287347,fac-opacity-cowan-state,T0p60597_rho0p493075,1.1328400431730904e-06,1194.769325845318,2.1577956137326493,2.1577943556604176,ok,/home/elads/STAR/full_grid_solar_opacity/runs/T0p60597_rho0p493075/fac-opacity-cowan-state/starout.h5
0.6059695364293854,0.7085878491488851,fac-opacity-cowan-state,T0p60597_rho0p708588,1.5202438273051006e-06,1220.255786196221,1.8064527387290426,1.8064511135119974,ok,/home/elads/STAR/full_grid_solar_opacity/runs/T0p60597_rho0p708588/fac-opacity-cowan-state/starout.h5
0.6059695364293854,1.0182959482819007,fac-opacity-cowan-state,T0p60597_rho1p0183,2.3624613373646384e-06,1261.695656471111,1.4012543969324829,1.4012519532396073,ok,/home/elads/STAR/full_grid_solar_opacity/runs/T0p60597_rho1p0183/fac-opacity-cowan-state/starout.h5
0.6059695364293854,1.4633706173946401,fac-opacity-cowan-state,T0p60597_rho1p46337,4.308534906635754e-06,1313.1420291012662,1.021480857942114,1.0214764901298803,ok,/home/elads/STAR/full_grid_solar_opacity/runs/T0p60597_rho1p46337/fac-opacity-cowan-state/starout.h5
0.6059695364293854,2.1029775945461404,fac-opacity-cowan-state,T0p60597_rho2p10298,9.665951929206772e-06,1365.3224595588053,0.6197431717929898,0.6197334697991206,ok,/home/elads/STAR/full_grid_solar_opacity/runs/T0p60597_rho2p10298/fac-opacity-cowan-state/starout.h5
0.6059695364293854,3.0221426551783854,fac-opacity-cowan-state,T0p60597_rho3p02214,2.8583884863549038e-05,1402.013848652206,0.4486742818528159,0.4486456718360021,ok,/home/elads/STAR/full_grid_solar_opacity/runs/T0p60597_rho3p02214/fac-opacity-cowan-state/starout.h5
0.6059695364293854,4.343054463316713,fac-opacity-cowan-state,T0p60597_rho4p34305,0.00011738746653211606,1380.3117520085825,0.3791273202318902,0.3790099103375014,ok,/home/elads/STAR/full_grid_solar_opacity/runs/T0p60597_rho4p34305/fac-opacity-cowan-state/starout.h5
0.6059695364293854,6.241307649397467,fac-opacity-cowan-state,T0p60597_rho6p24131,0.0007472260756626129,1118.2003400925166,0.4007494656521679,0.4000022144808015,ok,/home/elads/STAR/full_grid_solar_opacity/runs/T0p60597_rho6p24131/fac-opacity-cowan-state/starout.h5
0.6059695364293854,8.969245378672715,fac-opacity-cowan-state,T0p60597_rho8p96925,0.002884693335594651,544.3194337629311,2.5052963951451437,2.502411560765292,ok,/home/elads/STAR/full_grid_solar_opacity/runs/T0p60597_rho8p96925/fac-opacity-cowan-state/starout.h5
0.6059695364293854,12.889504440725364,fac-opacity-cowan-state,T0p60597_rho12p8895,0.0023014077525634158,414.41699549724524,1.4902779051450585,1.4879764076938404,ok,/home/elads/STAR/full_grid_solar_opacity/runs/T0p60597_rho12p8895/fac-opacity-cowan-state/starout.h5
0.6059695364293854,18.52322215674118,fac-opacity-cowan-state,T0p60597_rho18p5232,0.0018307467435247156,309.40670764331537,1.4789865733868917,1.4771557367253858,ok,/home/elads/STAR/full_grid_solar_opacity/runs/T0p60597_rho18p5232/fac-opacity-cowan-state/starout.h5
0.6059695364293854,26.61931346126126,fac-opacity-cowan-state,T0p60597_rho26p6193,0.0014525920365854486,231.18299065430347,1.3342020814838407,1.3327494075165727,ok,/home/elads/STAR/full_grid_solar_opacity/runs/T0p60597_rho26p6193/fac-opacity-cowan-state/starout.h5
0.6059695364293854,38.254027466328665,fac-opacity-cowan-state,T0p60597_rho38p254,0.001149877068942717,176.70886785905077,1.2839187232794513,1.2827687745432153,ok,/home/elads/STAR/full_grid_solar_opacity/runs/T0p60597_rho38p254/fac-opacity-cowan-state/starout.h5
0.6059695364293854,54.97401800103719,fac-opacity-cowan-state,T0p60597_rho54p974,0.0009092135503975111,137.60818648667785,0.4544608813786956,0.4535516394862096,ok,/home/elads/STAR/full_grid_solar_opacity/runs/T0p60597_rho54p974/fac-opacity-cowan-state/starout.h5
0.6059695364293854,79.0019471240894,fac-opacity-cowan-state,T0p60597_rho79p0019,0.0007176508617788888,110.59687695517083,0.4301523317673437,0.4294346557192193,ok,/home/elads/STAR/full_grid_solar_opacity/runs/T0p60597_rho79p0019/fac-opacity-cowan-state/starout.h5
0.6059695364293854,113.53195339077567,fac-opacity-cowan-state,T0p60597_rho113p532,0.0005647883002877159,112.38546441360657,18.518383467496303,18.517817606970606,ok,/home/elads/STAR/full_grid_solar_opacity/runs/T0p60597_rho113p532/fac-opacity-cowan-state/starout.h5
0.6059695364293854,163.15426277379785,fac-opacity-cowan-state,T0p60597_rho163p154,0.0017249335605191716,133.70694903264416,18.242910189221405,18.241184202668112,ok,/home/elads/STAR/full_grid_solar_opacity/runs/T0p60597_rho163p154/fac-opacity-cowan-state/starout.h5
0.6059695364293854,234.46538763970608,fac-opacity-cowan-state,T0p60597_rho234p465,0.0765757478603861,204.9879249290098,128.6132509561613,128.53666774882865,ok,/home/elads/STAR/full_grid_solar_opacity/runs/T0p60597_rho234p465/fac-opacity-cowan-state/starout.h5
0.6059695364293854,336.94503022121665,fac-opacity-cowan-state,T0p60597_rho336p945,0.09187071076760678,3331.773643210035,3440.7104809854063,3440.618411423164,ok,/home/elads/STAR/full_grid_solar_opacity/runs/T0p60597_rho336p945/fac-opacity-cowan-state/starout.h5
0.6059695364293854,484.21626123015125,fac-opacity-cowan-state,T0p60597_rho484p216,0.10419786180900258,3175.9640076210035,3285.6978082301916,3285.593420436574,ok,/home/elads/STAR/full_grid_solar_opacity/runs/T0p60597_rho484p216/fac-opacity-cowan-state/starout.h5
0.6059695364293854,695.8564947100452,fac-opacity-cowan-state,T0p60597_rho695p856,0.1961910182037285,5011.43245199113,5216.239822750951,5216.043330122928,ok,/home/elads/STAR/full_grid_solar_opacity/runs/T0p60597_rho695p856/fac-opacity-cowan-state/starout.h5
0.6059695364293854,1000.0,fac-opacity-cowan-state,T0p60597_rho1000,0.23297814822915375,3697.518313953171,3841.335383580823,3841.1021831775925,ok,/home/elads/STAR/full_grid_solar_opacity/runs/T0p60597_rho1000/fac-opacity-cowan-state/starout.h5
0.6671003758471045,1e-17,fac-opacity-cowan-state,T0p6671_rho1em17,0.28647299588757213,2.4851434009747804,0.29734438458459034,0.010871388226443528,ok,/home/elads/STAR/full_grid_solar_opacity/runs/T0p6671_rho1em17/fac-opacity-cowan-state/starout.h5
0.6671003758471045,1.4370779141993746e-17,fac-opacity-cowan-state,T0p6671_rho1p43708em17,0.2854636121460014,2.495656163801044,0.298089742978438,0.012626130285906917,ok,/home/elads/STAR/full_grid_solar_opacity/runs/T0p6671_rho1p43708em17/fac-opacity-cowan-state/starout.h5
0.6671003758471045,2.065192931479625e-17,fac-opacity-cowan-state,T0p6671_rho2p06519em17,0.2847061621750839,2.507575517480975,0.29938857858983414,0.014682415779212771,ok,/home/elads/STAR/full_grid_solar_opacity/runs/T0p6671_rho2p06519em17/fac-opacity-cowan-state/starout.h5
0.6671003758471045,2.9678431503900313e-17,fac-opacity-cowan-state,T0p6671_rho2p96784em17,0.28414912668452236,2.522367270179566,0.3011911756756855,0.017042048253487655,ok,/home/elads/STAR/full_grid_solar_opacity/runs/T0p6671_rho2p96784em17/fac-opacity-cowan-state/starout.h5
0.6671003758471045,4.2650218442334076e-17,fac-opacity-cowan-state,T0p6671_rho4p26502em17,0.28374539148593064,2.5419147366805404,0.3034427229154499,0.019697330576908176,ok,/home/elads/STAR/full_grid_solar_opacity/runs/T0p6671_rho4p26502em17/fac-opacity-cowan-state/starout.h5
0.6671003758471045,6.129168695925715e-17,fac-opacity-cowan-state,T0p6671_rho6p12917em17,0.283455575834213,2.568759964878767,0.3060898815679112,0.022634304753958452,ok,/home/elads/STAR/full_grid_solar_opacity/runs/T0p6671_rho6p12917em17/fac-opacity-cowan-state/starout.h5
0.6671003758471045,8.808092965317026e-17,fac-opacity-cowan-state,T0p6671_rho8p80809em17,0.28324858847526496,2.606431785068915,0.3090864951276422,0.02583790553396745,ok,/home/elads/STAR/full_grid_solar_opacity/runs/T0p6671_rho8p80809em17/fac-opacity-cowan-state/starout.h5
0.6671003758471045,1.2657915866672028e-16,fac-opacity-cowan-state,T0p6671_rho1p26579em16,0.28310078055332766,2.6599039851705353,0.31239799824424214,0.029297216422766274,ok,/home/elads/STAR/full_grid_solar_opacity/runs/T0p6671_rho1p26579em16/fac-opacity-cowan-state/starout.h5
0.6671003758471045,1.819041133178821e-16,fac-opacity-cowan-state,T0p6671_rho1p81904em16,0.28299458908804787,2.73624306847883,0.3160039097257081,0.03300931920883131,ok,/home/elads/STAR/full_grid_solar_opacity/runs/T0p6671_rho1p81904em16/fac-opacity-cowan-state/starout.h5
0.6671003758471045,2.6141038375114865e-16,fac-opacity-cowan-state,T0p6671_rho2p6141em16,0.2829171424016895,2.845527479117409,0.31989915143153347,0.036982007429054886,ok,/home/elads/STAR/full_grid_solar_opacity/runs/T0p6671_rho2p6141em16/fac-opacity-cowan-state/starout.h5
0.6671003758471045,3.7566708903116036e-16,fac-opacity-cowan-state,T0p6671_rho3p75667em16,0.28285901957678267,3.0021514823534123,0.3240955724032401,0.04123655104150821,ok,/home/elads/STAR/full_grid_solar_opacity/runs/T0p6671_rho3p75667em16/fac-opacity-cowan-state/starout.h5
0.6671003758471045,5.398628767382507e-16,fac-opacity-cowan-state,T0p6671_rho5p39863em16,0.28281320562750895,3.2266693415384555,0.3286234751998061,0.0458102675893716,ok,/home/elads/STAR/full_grid_solar_opacity/runs/T0p6671_rho5p39863em16/fac-opacity-cowan-state/starout.h5
0.6671003758471045,7.758250168566793e-16,fac-opacity-cowan-state,T0p6671_rho7p75825em16,0.2827742227215093,3.548390540176773,0.33353096051508724,0.05075673559654123,ok,/home/elads/STAR/full_grid_solar_opacity/runs/T0p6671_rho7p75825em16/fac-opacity-cowan-state/starout.h5
0.6671003758471045,1.1149209970080914e-15,fac-opacity-cowan-state,T0p6671_rho1p11492em15,0.28273740136390463,4.0090053501683345,0.3388795541587886,0.05614215036473639,ok,/home/elads/STAR/full_grid_solar_opacity/runs/T0p6671_rho1p11492em15/fac-opacity-cowan-state/starout.h5
0.6671003758471045,1.6022283408774753e-15,fac-opacity-cowan-state,T0p6671_rho1p60223em15,0.2826982487144816,4.667599956839656,0.3447376743982603,0.062039422998364055,ok,/home/elads/STAR/full_grid_solar_opacity/runs/T0p6671_rho1p60223em15/fac-opacity-cowan-state/starout.h5
0.6671003758471045,2.3025269621793266e-15,fac-opacity-cowan-state,T0p6671_rho2p30253em15,0.282651857695877,5.607507058399567,0.3511755251771244,0.06852366451515868,ok,/home/elads/STAR/full_grid_solar_opacity/runs/T0p6671_rho2p30253em15/fac-opacity-cowan-state/starout.h5
0.6671003758471045,3.308910644196489e-15,fac-opacity-cowan-state,T0p6671_rho3p30891em15,0.2825922819246982,6.945522110607089,0.35826369475181785,0.07567140955163631,ok,/home/elads/STAR/full_grid_solar_opacity/runs/T0p6671_rho3p30891em15/fac-opacity-cowan-state/starout.h5
0.6671003758471045,4.755162406834019e-15,fac-opacity-cowan-state,T0p6671_rho4p75516em15,0.2825117880517274,8.84408720709578,0.366074715020161,0.0835629233513608,ok,/home/elads/STAR/full_grid_solar_opacity/runs/T0p6671_rho4p75516em15/fac-opacity-cowan-state/starout.h5
0.6671003758471045,6.8335388732923106e-15,fac-opacity-cowan-state,T0p6671_rho6p83354em15,0.2823998834020591,11.527083621047673,0.37468495788380723,0.09228507048713186,ok,/home/elads/STAR/full_grid_solar_opacity/runs/T0p6671_rho6p83354em15/fac-opacity-cowan-state/starout.h5
0.6671003758471045,9.820327790631256e-15,fac-opacity-cowan-state,T0p6671_rho9p82033em15,0.28224199923762355,15.299838134265999,0.3841747410498793,0.10193273740003475,ok,/home/elads/STAR/full_grid_solar_opacity/runs/T0p6671_rho9p82033em15/fac-opacity-cowan-state/starout.h5
0.6671003758471045,1.4112576178114521e-14,fac-opacity-cowan-state,T0p6671_rho1p41126em14,0.2820176777608142,20.573765272653837,0.39462670889038864,0.11260902625522329,ok,/home/elads/STAR/full_grid_solar_opacity/runs/T0p6671_rho1p41126em14/fac-opacity-cowan-state/starout.h5
0.6671003758471045,2.0280871538024598e-14,fac-opacity-cowan-state,T0p6671_rho2p02809em14,0.2816980793948715,27.895791829446623,0.40612486351623595,0.12442677873547506,ok,/home/elads/STAR/full_grid_solar_opacity/runs/T0p6671_rho2p02809em14/fac-opacity-cowan-state/starout.h5
0.6671003758471045,2.914519256800997e-14,fac-opacity-cowan-state,T0p6671_rho2p91452em14,0.28124258118149836,37.98287061456294,0.41875732669008536,0.13751473955617688,ok,/home/elads/STAR/full_grid_solar_opacity/runs/T0p6671_rho2p91452em14/fac-opacity-cowan-state/starout.h5
0.6671003758471045,4.188391254457488e-14,fac-opacity-cowan-state,T0p6671_rho4p18839em14,0.2805942344522206,51.76353781375905,0.4326245255271948,0.1520302844942498,ok,/home/elads/STAR/full_grid_solar_opacity/runs/T0p6671_rho4p18839em14/fac-opacity-cowan-state/starout.h5
0.6671003758471045,6.019044567806669e-14,fac-opacity-cowan-state,T0p6671_rho6p01904em14,0.2796738979814815,70.43180681183304,0.4478519109926081,0.16817800573143826,ok,/home/elads/STAR/full_grid_solar_opacity/runs/T0p6671_rho6p01904em14/fac-opacity-cowan-state/starout.h5
0.6671003758471045,8.649836012976684e-14,fac-opacity-cowan-state,T0p6671_rho8p64984em14,0.27837307377161963,95.52016658604123,0.4646029896850409,0.1862299078523448,ok,/home/elads/STAR/full_grid_solar_opacity/runs/T0p6671_rho8p64984em14/fac-opacity-cowan-state/starout.h5
0.6671003758471045,1.2430488295695167e-13,fac-opacity-cowan-state,T0p6671_rho1p24305em13,0.27654595614722755,128.9901145128936,0.4830837590482988,0.2065377939609555,ok,/home/elads/STAR/full_grid_solar_opacity/runs/T0p6671_rho1p24305em13/fac-opacity-cowan-state/starout.h5
0.6671003758471045,1.7863580192457348e-13,fac-opacity-cowan-state,T0p6671_rho1p78636em13,0.2740021689849522,173.31561290106598,0.5035263755186298,0.2295241965985812,ok,/home/elads/STAR/full_grid_solar_opacity/runs/T0p6671_rho1p78636em13/fac-opacity-cowan-state/starout.h5
0.6671003758471045,2.567135656310987e-13,fac-opacity-cowan-state,T0p6671_rho2p56714em13,0.2705032105623466,231.50670908025108,0.5261452531029048,0.25564203147493536,ok,/home/elads/STAR/full_grid_solar_opacity/runs/T0p6671_rho2p56714em13/fac-opacity-cowan-state/starout.h5
0.6671003758471045,3.6891739544382357e-13,fac-opacity-cowan-state,T0p6671_rho3p68917em13,0.2657676217914549,307.0073614179908,0.5510740888895513,0.2853064547484305,ok,/home/elads/STAR/full_grid_solar_opacity/runs/T0p6671_rho3p68917em13/fac-opacity-cowan-state/starout.h5
0.6671003758471045,5.301630411562758e-13,fac-opacity-cowan-state,T0p6671_rho5p30163em13,0.2594913388428849,403.41139732722377,0.5783049539203946,0.31881360127746616,ok,/home/elads/STAR/full_grid_solar_opacity/runs/T0p6671_rho5p30163em13/fac-opacity-cowan-state/starout.h5
0.6671003758471045,7.618855973704612e-13,fac-opacity-cowan-state,T0p6671_rho7p61886em13,0.2513885180123087,523.9657971086141,0.6076475174935738,0.3562589840603753,ok,/home/elads/STAR/full_grid_solar_opacity/runs/T0p6671_rho7p61886em13/fac-opacity-cowan-state/starout.h5
0.6671003758471045,1.0948889651276868e-12,fac-opacity-cowan-state,T0p6671_rho1p09489em12,0.2412517444562709,670.8790242097351,0.6387134118786141,0.3974616502179702,ok,/home/elads/STAR/full_grid_solar_opacity/runs/T0p6671_rho1p09489em12/fac-opacity-cowan-state/starout.h5
0.6671003758471045,1.5734407502856082e-12,fac-opacity-cowan-state,T0p6671_rho1p57344em12,0.22901886827131474,844.5538065277075,0.6709263894572723,0.4419075020577191,ok,/home/elads/STAR/full_grid_solar_opacity/runs/T0p6671_rho1p57344em12/fac-opacity-cowan-state/starout.h5
0.6671003758471045,2.26115695153675e-12,fac-opacity-cowan-state,T0p6671_rho2p26116em12,0.21482260163503147,1042.9976107331042,0.7035662778823188,0.4887436550917174,ok,/home/elads/STAR/full_grid_solar_opacity/runs/T0p6671_rho2p26116em12/fac-opacity-cowan-state/starout.h5
0.6671003758471045,3.249458715591849e-12,fac-opacity-cowan-state,T0p6671_rho3p24946em12,0.1989988254841059,1261.707869516508,0.7358540383362909,0.5368551896140773,ok,/home/elads/STAR/full_grid_solar_opacity/runs/T0p6671_rho3p24946em12/fac-opacity-cowan-state/starout.h5
0.6671003758471045,4.669725353279713e-12,fac-opacity-cowan-state,T0p6671_rho4p66973em12,0.1820448406698656,1494.1705837963393,0.7670638499746426,0.5850189839818696,ok,/home/elads/STAR/full_grid_solar_opacity/runs/T0p6671_rho4p66973em12/fac-opacity-cowan-state/starout.h5
0.6671003758471045,6.710759170575148e-12,fac-opacity-cowan-state,T0p6671_rho6p71076em12,0.16454152002202563,1732.8293750990085,0.796627258037287,0.6320857106550418,ok,/home/elads/STAR/full_grid_solar_opacity/runs/T0p6671_rho6p71076em12/fac-opacity-cowan-state/starout.h5
0.6671003758471045,9.64388379154446e-12,fac-opacity-cowan-state,T0p6671_rho9p64388em12,0.14706693370775994,1970.1820549546208,0.824194776340916,0.677127813323261,ok,/home/elads/STAR/full_grid_solar_opacity/runs/T0p6671_rho9p64388em12/fac-opacity-cowan-state/starout.h5
0.6671003758471045,1.3859012403933867e-11,fac-opacity-cowan-state,T0p6671_rho1p3859em11,0.1301268386415036,2199.676284802802,0.8496437406924842,0.7195168709062489,ok,/home/elads/STAR/full_grid_solar_opacity/runs/T0p6671_rho1p3859em11/fac-opacity-cowan-state/starout.h5
0.6671003758471045,1.9916480638308542e-11,fac-opacity-cowan-state,T0p6671_rho1p99165em11,0.11411434584733125,2416.2336970426154,0.8730441645099467,0.7589297858118718,ok,/home/elads/STAR/full_grid_solar_opacity/runs/T0p6671_rho1p99165em11/fac-opacity-cowan-state/starout.h5
0.6671003758471045,2.8621534453892672e-11,fac-opacity-cowan-state,T0p6671_rho2p86215em11,0.09929811418845493,2616.4048790527286,0.8946059372016909,0.7953077885878479,ok,/home/elads/STAR/full_grid_solar_opacity/runs/T0p6671_rho2p86215em11/fac-opacity-cowan-state/starout.h5
0.6671003758471045,4.1131375034185614e-11,fac-opacity-cowan-state,T0p6671_rho4p11314em11,0.0858310796117566,2798.2558554076086,0.9146288542480879,0.82879773876131,ok,/home/elads/STAR/full_grid_solar_opacity/runs/T0p6671_rho4p11314em11/fac-opacity-cowan-state/starout.h5
0.6671003758471045,5.910899064227969e-11,fac-opacity-cowan-state,T0p6671_rho5p9109em11,0.07377030557419267,2961.107455096018,0.9334681983761239,0.8596978555893793,ok,/home/elads/STAR/full_grid_solar_opacity/runs/T0p6671_rho5p9109em11/fac-opacity-cowan-state/starout.h5
0.6671003758471045,8.4944224982638e-11,fac-opacity-cowan-state,T0p6671_rho8p49442em11,0.06310044154244066,3105.226857123179,0.9515168555554696,0.8884163755573785,ok,/home/elads/STAR/full_grid_solar_opacity/runs/T0p6671_rho8p49442em11/fac-opacity-cowan-state/starout.h5
0.6671003758471045,1.2207146966133182e-10,fac-opacity-cowan-state,T0p6671_rho1p22071em10,0.05375604547317205,3231.5335166643054,0.9691923650313794,0.9154362799329843,ok,/home/elads/STAR/full_grid_solar_opacity/runs/T0p6671_rho1p22071em10/fac-opacity-cowan-state/starout.h5
0.6671003758471045,1.7542621300415897e-10,fac-opacity-cowan-state,T0p6671_rho1p75426em10,0.045640436638888296,3341.351023172167,0.9869117270255501,0.9412712496431553,ok,/home/elads/STAR/full_grid_solar_opacity/runs/T0p6671_rho1p75426em10/fac-opacity-cowan-state/starout.h5
0.6671003758471045,2.52101136279913e-10,fac-opacity-cowan-state,T0p6671_rho2p52101em10,0.03864035881081886,3436.213569625936,1.005048762578518,0.9664083619361172,ok,/home/elads/STAR/full_grid_solar_opacity/runs/T0p6671_rho2p52101em10/fac-opacity-cowan-state/starout.h5
0.6671003758471045,3.6228897509242966e-10,fac-opacity-cowan-state,T0p6671_rho3p62289em10,0.03263666215109472,3517.7259139755306,1.023893868794223,0.9912571637359509,ok,/home/elads/STAR/full_grid_solar_opacity/runs/T0p6671_rho3p62289em10/fac-opacity-cowan-state/starout.h5
0.6671003758471045,5.20637484663258e-10,fac-opacity-cowan-state,T0p6671_rho5p20637em10,0.027511606775061564,3587.4676770551278,1.0436477338605463,1.016136083101408,ok,/home/elads/STAR/full_grid_solar_opacity/runs/T0p6671_rho5p20637em10/fac-opacity-cowan-state/starout.h5
0.6671003758471045,7.481966305138837e-10,fac-opacity-cowan-state,T0p6671_rho7p48197em10,0.02315351475422481,3646.9325616957085,1.0644619016280432,1.041308341800144,ok,/home/elads/STAR/full_grid_solar_opacity/runs/T0p6671_rho7p48197em10/fac-opacity-cowan-state/starout.h5
0.6671003758471045,1.0752168531898921e-09,fac-opacity-cowan-state,T0p6671_rho1p07522em09,0.019459453391427756,3697.4939882450526,1.0865097595535147,1.0670502599741583,ok,/home/elads/STAR/full_grid_solar_opacity/runs/T0p6671_rho1p07522em09/fac-opacity-cowan-state/starout.h5
0.6671003758471045,1.5451703926941453e-09,fac-opacity-cowan-state,T0p6671_rho1p54517em09,0.016336520778849995,3740.3890521949884,1.1100516698764469,1.0937151017554643,ok,/home/elads/STAR/full_grid_solar_opacity/runs/T0p6671_rho1p54517em09/fac-opacity-cowan-state/starout.h5
0.6671003758471045,2.220530245015531e-09,fac-opacity-cowan-state,T0p6671_rho2p22053em09,0.013702185435806176,3776.714589069404,1.1354430080291433,1.1217407740380958,ok,/home/elads/STAR/full_grid_solar_opacity/runs/T0p6671_rho2p22053em09/fac-opacity-cowan-state/starout.h5
0.6671003758471045,3.1910749729235452e-09,fac-opacity-cowan-state,T0p6671_rho3p19107em09,0.011484018980961935,3807.4312434340463,1.1630509363285084,1.151566867501265,ok,/home/elads/STAR/full_grid_solar_opacity/runs/T0p6671_rho3p19107em09/fac-opacity-cowan-state/starout.h5
0.6671003758471045,4.585823366142813e-09,fac-opacity-cowan-state,T0p6671_rho4p58582em09,0.009619065207092336,3833.3720839729067,1.193127148396017,1.1835080319600497,ok,/home/elads/STAR/full_grid_solar_opacity/runs/T0p6671_rho4p58582em09/fac-opacity-cowan-state/starout.h5
0.6671003758471045,6.590185477903269e-09,fac-opacity-cowan-state,T0p6671_rho6p59019em09,0.008053015628058088,3855.2534791379926,1.2257508876428513,1.2176978193059922,ok,/home/elads/STAR/full_grid_solar_opacity/runs/T0p6671_rho6p59019em09/fac-opacity-cowan-state/starout.h5
0.6671003758471045,9.470610000772238e-09,fac-opacity-cowan-state,T0p6671_rho9p47061em09,0.006739305785231712,3873.6869037607207,1.2608871658416172,1.2541478057698245,ok,/home/elads/STAR/full_grid_solar_opacity/runs/T0p6671_rho9p47061em09/fac-opacity-cowan-state/starout.h5
0.6671003758471045,1.3610004466105506e-08,fac-opacity-cowan-state,T0p6671_rho1p361em08,0.005638206213733749,3889.190384192826,1.2984968098474352,1.2928585476715222,ok,/home/elads/STAR/full_grid_solar_opacity/runs/T0p6671_rho1p361em08/fac-opacity-cowan-state/starout.h5
0.6671003758471045,1.9558636830395073e-08,fac-opacity-cowan-state,T0p6671_rho1p95586em08,0.0047159533060087844,3902.199288396411,1.3386101885763897,1.333894177531949,ok,/home/elads/STAR/full_grid_solar_opacity/runs/T0p6671_rho1p95586em08/fac-opacity-cowan-state/starout.h5
0.6671003758471045,2.810728502080722e-08,fac-opacity-cowan-state,T0p6671_rho2p81073em08,0.0053394833924450815,3709.718434113344,12.713636796984623,12.708288296929245,ok,/home/elads/STAR/full_grid_solar_opacity/runs/T0p6671_rho2p81073em08/fac-opacity-cowan-state/starout.h5
0.6671003758471045,4.039235853150913e-08,fac-opacity-cowan-state,T0p6671_rho4p03924em08,0.004436412046532632,3721.255854372888,11.171898104131571,11.167443491479649,ok,/home/elads/STAR/full_grid_solar_opacity/runs/T0p6671_rho4p03924em08/fac-opacity-cowan-state/starout.h5
0.6671003758471045,5.804696634805446e-08,fac-opacity-cowan-state,T0p6671_rho5p8047em08,0.003681346910687659,3731.9811870633407,11.617647168359285,11.613946466221844,ok,/home/elads/STAR/full_grid_solar_opacity/runs/T0p6671_rho5p8047em08/fac-opacity-cowan-state/starout.h5
0.6671003758471045,8.341801332506338e-08,fac-opacity-cowan-state,T0p6671_rho8p3418em08,0.0030504800655217416,3739.634015276198,10.956594872537531,10.953518454316988,ok,/home/elads/STAR/full_grid_solar_opacity/runs/T0p6671_rho8p3418em08/fac-opacity-cowan-state/starout.h5
0.6671003758471045,1.1987818459583772e-07,fac-opacity-cowan-state,T0p6671_rho1p19878em07,0.002523742800621992,3747.2508634517235,12.939807183683195,12.937261841153822,ok,/home/elads/STAR/full_grid_solar_opacity/runs/T0p6671_rho1p19878em07/fac-opacity-cowan-state/starout.h5
0.6671003758471045,1.7227429147699408e-07,fac-opacity-cowan-state,T0p6671_rho1p72274em07,0.0020842580684332715,3753.26259803343,13.101371944075778,13.099268975879783,ok,/home/elads/STAR/full_grid_solar_opacity/runs/T0p6671_rho1p72274em07/fac-opacity-cowan-state/starout.h5
0.6671003758471045,2.4757157946593376e-07,fac-opacity-cowan-state,T0p6671_rho2p47572em07,0.0017178469763384282,3757.5526996453486,10.50318938882664,10.50143742941665,ok,/home/elads/STAR/full_grid_solar_opacity/runs/T0p6671_rho2p47572em07/fac-opacity-cowan-state/starout.h5
0.6671003758471045,3.557796490339488e-07,fac-opacity-cowan-state,T0p6671_rho3p5578em07,0.00141261641245649,3761.818306044188,12.459485303371592,12.458046951394373,ok,/home/elads/STAR/full_grid_solar_opacity/runs/T0p6671_rho3p5578em07/fac-opacity-cowan-state/starout.h5
0.6671003758471045,5.112830759482948e-07,fac-opacity-cowan-state,T0p6671_rho5p11283em07,0.0011585993664957794,3764.76019527362,10.125040028136807,10.123845585253838,ok,/home/elads/STAR/full_grid_solar_opacity/runs/T0p6671_rho5p11283em07/fac-opacity-cowan-state/starout.h5
0.6671003758471045,7.347536163492159e-07,fac-opacity-cowan-state,T0p6671_rho7p34754em07,0.0009474483415638915,3768.2230333588723,11.535318228786652,11.53433907997303,ok,/home/elads/STAR/full_grid_solar_opacity/runs/T0p6671_rho7p34754em07/fac-opacity-cowan-state/starout.h5
0.6671003758471045,1.0558981944335787e-06,fac-opacity-cowan-state,T0p6671_rho1p0559em06,0.0007721796649241763,3770.242529993725,10.992944733867327,10.992135682248175,ok,/home/elads/STAR/full_grid_solar_opacity/runs/T0p6671_rho1p0559em06/fac-opacity-cowan-state/starout.h5
0.6671003758471045,1.517407974863493e-06,fac-opacity-cowan-state,T0p6671_rho1p51741em06,0.0006269479846920525,3773.0188049205717,12.433412110554686,12.43275358793443,ok,/home/elads/STAR/full_grid_solar_opacity/runs/T0p6671_rho1p51741em06/fac-opacity-cowan-state/starout.h5
0.6671003758471045,2.1806334875063253e-06,fac-opacity-cowan-state,T0p6671_rho2p18063em06,0.0005271392056921706,4025.0059654736906,13.691393606775915,13.690850661834903,ok,/home/elads/STAR/full_grid_solar_opacity/runs/T0p6671_rho2p18063em06/fac-opacity-cowan-state/starout.h5
0.6671003758471045,3.1337402238588983e-06,fac-opacity-cowan-state,T0p6671_rho3p13374em06,0.00042799885293023324,4063.3456444345775,13.71331579276352,13.712871260865752,ok,/home/elads/STAR/full_grid_solar_opacity/runs/T0p6671_rho3p13374em06/fac-opacity-cowan-state/starout.h5
0.6671003758471045,4.503428864545845e-06,fac-opacity-cowan-state,T0p6671_rho4p50343em06,0.0003352078586294541,7460.127292657387,14.05263267551536,14.052274644320827,ok,/home/elads/STAR/full_grid_solar_opacity/runs/T0p6671_rho4p50343em06/fac-opacity-cowan-state/starout.h5
0.6671003758471045,6.471778159406801e-06,fac-opacity-cowan-state,T0p6671_rho6p47178em06,0.0002670892476752763,7674.660041670396,14.47603264069492,14.475742367298835,ok,/home/elads/STAR/full_grid_solar_opacity/runs/T0p6671_rho6p47178em06/fac-opacity-cowan-state/starout.h5
0.6671003758471045,9.300449458481393e-06,fac-opacity-cowan-state,T0p6671_rho9p30045em06,0.00020540345888281488,3813.295861297017,22.603902343372134,22.60368649975746,ok,/home/elads/STAR/full_grid_solar_opacity/runs/T0p6671_rho9p30045em06/fac-opacity-cowan-state/starout.h5
0.6671003758471045,1.3365470508911143e-05,fac-opacity-cowan-state,T0p6671_rho1p33655em05,0.00016559649597556775,7815.403594163004,19.089585526325934,19.089402165743053,ok,/home/elads/STAR/full_grid_solar_opacity/runs/T0p6671_rho1p33655em05/fac-opacity-cowan-state/starout.h5
0.6671003758471045,1.920722248123928e-05,fac-opacity-cowan-state,T0p6671_rho1p92072em05,0.00014213259376602504,4195.86832627601,14.65644123026787,14.656291053545864,ok,/home/elads/STAR/full_grid_solar_opacity/runs/T0p6671_rho1p92072em05/fac-opacity-cowan-state/starout.h5
0.6671003758471045,2.760227522090268e-05,fac-opacity-cowan-state,T0p6671_rho2p76023em05,9.737702411810117e-05,3806.910551647166,21.59330562268311,21.59320139878393,ok,/home/elads/STAR/full_grid_solar_opacity/runs/T0p6671_rho2p76023em05/fac-opacity-cowan-state/starout.h5
0.6671003758471045,3.966662010161191e-05,fac-opacity-cowan-state,T0p6671_rho3p96666em05,7.479106711644251e-05,3803.7891108048298,18.134369522865878,18.134283938965222,ok,/home/elads/STAR/full_grid_solar_opacity/runs/T0p6671_rho3p96666em05/fac-opacity-cowan-state/starout.h5
0.6671003758471045,5.7004023678963655e-05,fac-opacity-cowan-state,T0p6671_rho5p7004em05,5.704310985817821e-05,3790.1378892602825,10.089403634009868,10.089338135020279,ok,/home/elads/STAR/full_grid_solar_opacity/runs/T0p6671_rho5p7004em05/fac-opacity-cowan-state/starout.h5
0.6671003758471045,8.191922344953684e-05,fac-opacity-cowan-state,T0p6671_rho8p19192em05,4.3135505357443026e-05,3788.766393257771,9.99443115572015,9.994379277432849,ok,/home/elads/STAR/full_grid_solar_opacity/runs/T0p6671_rho8p19192em05/fac-opacity-cowan-state/starout.h5
0.6671003758471045,0.00011772430676769293,fac-opacity-cowan-state,T0p6671_rho0p000117724,3.243635616747121e-05,3768.1849206302063,4.547110084173638,4.547063717703288,ok,/home/elads/STAR/full_grid_solar_opacity/runs/T0p6671_rho0p000117724/fac-opacity-cowan-state/starout.h5
0.6671003758471045,0.00016917900122028344,fac-opacity-cowan-state,T0p6671_rho0p000169179,2.4183801565381966e-05,3768.877160618862,5.354252480244633,5.354216788876795,ok,/home/elads/STAR/full_grid_solar_opacity/runs/T0p6671_rho0p000169179/fac-opacity-cowan-state/starout.h5
0.6671003758471045,0.0002431234061999784,fac-opacity-cowan-state,T0p6671_rho0p000243123,1.791361294435692e-05,3768.879606320826,5.1495289573094984,5.149501697392891,ok,/home/elads/STAR/full_grid_solar_opacity/runs/T0p6671_rho0p000243123/fac-opacity-cowan-state/starout.h5
0.6671003758471045,0.0003493872774749123,fac-opacity-cowan-state,T0p6671_rho0p000349387,1.3194535739591019e-05,3764.252332877747,3.9348675055695796,3.934846164075292,ok,/home/elads/STAR/full_grid_solar_opacity/runs/T0p6671_rho0p000349387/fac-opacity-cowan-state/starout.h5
0.6671003758471045,0.0005020967399614471,fac-opacity-cowan-state,T0p6671_rho0p000502097,9.636896200678971e-06,3764.7008378835785,3.463195008061023,3.4631791004110832,ok,/home/elads/STAR/full_grid_solar_opacity/runs/T0p6671_rho0p000502097/fac-opacity-cowan-state/starout.h5
0.6671003758471045,0.0007215521357901021,fac-opacity-cowan-state,T0p6671_rho0p000721552,7.031453651222859e-06,3763.1530245922722,3.7100329526993376,3.7100205852471584,ok,/home/elads/STAR/full_grid_solar_opacity/runs/T0p6671_rho0p000721552/fac-opacity-cowan-state/starout.h5
0.6671003758471045,0.0010369266382873438,fac-opacity-cowan-state,T0p6671_rho0p00103693,5.102863892334324e-06,3763.9848140160343,4.11722882503271,4.117219894493276,ok,/home/elads/STAR/full_grid_solar_opacity/runs/T0p6671_rho0p00103693/fac-opacity-cowan-state/starout.h5
0.6671003758471045,0.0014901443705277455,fac-opacity-cowan-state,T0p6671_rho0p00149014,3.6848375196836624e-06,3764.5111645806955,4.99712877092884,4.997122075708267,ok,/home/elads/STAR/full_grid_solar_opacity/runs/T0p6671_rho0p00149014/fac-opacity-cowan-state/starout.h5
0.6671003758471045,0.002141453563853953,fac-opacity-cowan-state,T0p6671_rho0p00214145,2.657436081842256e-06,3763.905899976502,4.6066046187625105,4.606599637932995,ok,/home/elads/STAR/full_grid_solar_opacity/runs/T0p6671_rho0p00214145/fac-opacity-cowan-state/starout.h5
0.6671003758471045,0.003077435620898055,fac-opacity-cowan-state,T0p6671_rho0p00307744,2.0419482055591685e-06,3764.3166140863054,3.914096013330104,3.9140923768317895,ok,/home/elads/STAR/full_grid_solar_opacity/runs/T0p6671_rho0p00307744/fac-opacity-cowan-state/starout.h5
0.6671003758471045,0.004422514763163053,fac-opacity-cowan-state,T0p6671_rho0p00442251,1.3790300046750235e-06,3764.0436078761295,3.9450891459218407,3.945086592822766,ok,/home/elads/STAR/full_grid_solar_opacity/runs/T0p6671_rho0p00442251/fac-opacity-cowan-state/starout.h5
0.6671003758471045,0.006355498291362301,fac-opacity-cowan-state,T0p6671_rho0p0063555,1.0035783285493311e-06,3764.222244515768,3.9593596092157743,3.959357637347691,ok,/home/elads/STAR/full_grid_solar_opacity/runs/T0p6671_rho0p0063555/fac-opacity-cowan-state/starout.h5
0.6671003758471045,0.009133346228248624,fac-opacity-cowan-state,T0p6671_rho0p00913335,7.276014496278716e-07,3765.0562918974415,3.8687769792340165,3.8687754799739276,ok,/home/elads/STAR/full_grid_solar_opacity/runs/T0p6671_rho0p00913335/fac-opacity-cowan-state/starout.h5
0.6671003758471045,0.01312533014735226,fac-opacity-cowan-state,T0p6671_rho0p0131253,5.246238010821092e-07,3764.8749008001496,4.333669713857733,4.333668615909462,ok,/home/elads/STAR/full_grid_solar_opacity/runs/T0p6671_rho0p0131253/fac-opacity-cowan-state/starout.h5
0.6671003758471045,0.018862122071335155,fac-opacity-cowan-state,T0p6671_rho0p0188621,8.220278886206735e-07,3765.200596449086,3.8074502143896063,3.80744911601428,ok,/home/elads/STAR/full_grid_solar_opacity/runs/T0p6671_rho0p0188621/fac-opacity-cowan-state/starout.h5
0.6671003758471045,0.02710633904364831,fac-opacity-cowan-state,T0p6671_rho0p0271063,1.2402564327248158e-06,3765.04081061647,4.822841213709712,4.822839767098637,ok,/home/elads/STAR/full_grid_solar_opacity/runs/T0p6671_rho0p0271063/fac-opacity-cowan-state/starout.h5
0.6671003758471045,0.038953921174427183,fac-opacity-cowan-state,T0p6671_rho0p0389539,1.4792674967804405e-06,3768.794258436319,5.4195465394975475,5.419544832157433,ok,/home/elads/STAR/full_grid_solar_opacity/runs/T0p6671_rho0p0389539/fac-opacity-cowan-state/starout.h5
0.6671003758471045,0.0559798197912329,fac-opacity-cowan-state,T0p6671_rho0p0559798,1.655135100293539e-06,3766.5760702678876,3.9921849856224183,3.992183160604384,ok,/home/elads/STAR/full_grid_solar_opacity/runs/T0p6671_rho0p0559798/fac-opacity-cowan-state/starout.h5
0.6671003758471045,0.08044736266284185,fac-opacity-cowan-state,T0p6671_rho0p0804474,1.960453247142395e-06,3773.4727195895716,5.945498702691254,5.945496484886556,ok,/home/elads/STAR/full_grid_solar_opacity/runs/T0p6671_rho0p0804474/fac-opacity-cowan-state/starout.h5
0.6671003758471045,0.11560912813835741,fac-opacity-cowan-state,T0p6671_rho0p115609,2.0084984511636314e-06,3773.178776767518,5.520238652791687,5.520236403956355,ok,/home/elads/STAR/full_grid_solar_opacity/runs/T0p6671_rho0p115609/fac-opacity-cowan-state/starout.h5
0.6671003758471045,0.1661393247274789,fac-opacity-cowan-state,T0p6671_rho0p166139,2.0555678607524466e-06,3774.6429771404605,5.652943864967303,5.652941563080325,ok,/home/elads/STAR/full_grid_solar_opacity/runs/T0p6671_rho0p166139/fac-opacity-cowan-state/starout.h5
0.6671003758471045,0.23875515424585794,fac-opacity-cowan-state,T0p6671_rho0p238755,2.231001442500926e-06,3776.9559051605033,5.154810879713069,5.154808424042644,ok,/home/elads/STAR/full_grid_solar_opacity/runs/T0p6671_rho0p238755/fac-opacity-cowan-state/starout.h5
0.6671003758471045,0.34310975906798746,fac-opacity-cowan-state,T0p6671_rho0p34311,2.553994921037249e-06,3783.2142653164497,3.6527974768043703,3.652794763051272,ok,/home/elads/STAR/full_grid_solar_opacity/runs/T0p6671_rho0p34311/fac-opacity-cowan-state/starout.h5
0.6671003758471045,0.49307545690287347,fac-opacity-cowan-state,T0p6671_rho0p493075,3.002460697747152e-06,3809.8858630292957,3.4511687176784966,3.4511655644885715,ok,/home/elads/STAR/full_grid_solar_opacity/runs/T0p6671_rho0p493075/fac-opacity-cowan-state/starout.h5
0.6671003758471045,0.7085878491488851,fac-opacity-cowan-state,T0p6671_rho0p708588,3.851263685097907e-06,3871.4152785799797,2.435373621279152,2.435369663496454,ok,/home/elads/STAR/full_grid_solar_opacity/runs/T0p6671_rho0p708588/fac-opacity-cowan-state/starout.h5
0.6671003758471045,1.0182959482819007,fac-opacity-cowan-state,T0p6671_rho1p0183,5.63713751519163e-06,3970.0992804102907,2.1545454722862285,2.1545397410411264,ok,/home/elads/STAR/full_grid_solar_opacity/runs/T0p6671_rho1p0183/fac-opacity-cowan-state/starout.h5
0.6671003758471045,1.4633706173946401,fac-opacity-cowan-state,T0p6671_rho1p46337,9.539606667874738e-06,4091.1883362207454,1.6162338306648518,1.6162242205192037,ok,/home/elads/STAR/full_grid_solar_opacity/runs/T0p6671_rho1p46337/fac-opacity-cowan-state/starout.h5
0.6671003758471045,2.1029775945461404,fac-opacity-cowan-state,T0p6671_rho2p10298,1.9484708991408946e-05,4211.531224463111,1.351792542616079,1.351772998950338,ok,/home/elads/STAR/full_grid_solar_opacity/runs/T0p6671_rho2p10298/fac-opacity-cowan-state/starout.h5
0.6671003758471045,3.0221426551783854,fac-opacity-cowan-state,T0p6671_rho3p02214,5.119658971112899e-05,4282.853138314671,1.1915478838966291,1.191496635291803,ok,/home/elads/STAR/full_grid_solar_opacity/runs/T0p6671_rho3p02214/fac-opacity-cowan-state/starout.h5
0.6671003758471045,4.343054463316713,fac-opacity-cowan-state,T0p6671_rho4p34305,0.00018105818791841501,4165.397992922579,0.8889763102220433,0.8887952127021695,ok,/home/elads/STAR/full_grid_solar_opacity/runs/T0p6671_rho4p34305/fac-opacity-cowan-state/starout.h5
0.6671003758471045,6.241307649397467,fac-opacity-cowan-state,T0p6671_rho6p24131,0.0009529609420612071,3300.1666035027883,1.9612997106142995,1.9603466631121111,ok,/home/elads/STAR/full_grid_solar_opacity/runs/T0p6671_rho6p24131/fac-opacity-cowan-state/starout.h5
0.6671003758471045,8.969245378672715,fac-opacity-cowan-state,T0p6671_rho8p96925,0.0031831271756277697,1636.7444090319893,10.183257023966481,10.180073447690157,ok,/home/elads/STAR/full_grid_solar_opacity/runs/T0p6671_rho8p96925/fac-opacity-cowan-state/starout.h5
0.6671003758471045,12.889504440725364,fac-opacity-cowan-state,T0p6671_rho12p8895,0.002539198423048648,1251.1020149057017,7.855254274026156,7.85271473229414,ok,/home/elads/STAR/full_grid_solar_opacity/runs/T0p6671_rho12p8895/fac-opacity-cowan-state/starout.h5
0.6671003758471045,18.52322215674118,fac-opacity-cowan-state,T0p6671_rho18p5232,0.0020196756610237447,937.3109712330289,3.7789267639711492,3.776906930998367,ok,/home/elads/STAR/full_grid_solar_opacity/runs/T0p6671_rho18p5232/fac-opacity-cowan-state/starout.h5
0.6671003758471045,26.61931346126126,fac-opacity-cowan-state,T0p6671_rho26p6193,0.001602337883880407,702.9291985106606,0.9039813279058969,0.9023789492681591,ok,/home/elads/STAR/full_grid_solar_opacity/runs/T0p6671_rho26p6193/fac-opacity-cowan-state/starout.h5
0.6671003758471045,38.254027466328665,fac-opacity-cowan-state,T0p6671_rho38p254,0.001267730511351684,539.5426682000038,0.6087316705598294,0.6074639109144306,ok,/home/elads/STAR/full_grid_solar_opacity/runs/T0p6671_rho38p254/fac-opacity-cowan-state/starout.h5
0.6671003758471045,54.97401800103719,fac-opacity-cowan-state,T0p6671_rho54p974,0.0010022762683159663,421.8284451691617,0.5252287122481917,0.5242264098806245,ok,/home/elads/STAR/full_grid_solar_opacity/runs/T0p6671_rho54p974/fac-opacity-cowan-state/starout.h5
0.6671003758471045,79.0019471240894,fac-opacity-cowan-state,T0p6671_rho79p0019,0.0007907342221245509,340.21656556847086,3.0064130707379904,3.0056222077822237,ok,/home/elads/STAR/full_grid_solar_opacity/runs/T0p6671_rho79p0019/fac-opacity-cowan-state/starout.h5
0.6671003758471045,113.53195339077567,fac-opacity-cowan-state,T0p6671_rho113p532,0.0006211084218529186,305.4458018661149,21.266349261128678,21.265727228979937,ok,/home/elads/STAR/full_grid_solar_opacity/runs/T0p6671_rho113p532/fac-opacity-cowan-state/starout.h5
0.6671003758471045,163.15426277379785,fac-opacity-cowan-state,T0p6671_rho163p154,0.0023590127546159996,334.15693212873487,16.604068789445886,16.601709066541716,ok,/home/elads/STAR/full_grid_solar_opacity/runs/T0p6671_rho163p154/fac-opacity-cowan-state/starout.h5
0.6671003758471045,234.46538763970608,fac-opacity-cowan-state,T0p6671_rho234p465,0.07300857335434392,367.92552752108793,148.72351506336614,148.65050004693515,ok,/home/elads/STAR/full_grid_solar_opacity/runs/T0p6671_rho234p465/fac-opacity-cowan-state/starout.h5
0.6671003758471045,336.94503022121665,fac-opacity-cowan-state,T0p6671_rho336p945,0.08758872882581321,3577.1905247263426,3572.7766918455873,3572.6889482959455,ok,/home/elads/STAR/full_grid_solar_opacity/runs/T0p6671_rho336p945/fac-opacity-cowan-state/starout.h5
0.6671003758471045,484.21626123015125,fac-opacity-cowan-state,T0p6671_rho484p216,0.09933702668784093,3421.1443253246034,3429.972896986595,3429.87341128222,ok,/home/elads/STAR/full_grid_solar_opacity/runs/T0p6671_rho484p216/fac-opacity-cowan-state/starout.h5
0.6671003758471045,695.8564947100452,fac-opacity-cowan-state,T0p6671_rho695p856,0.18702230540606926,5341.589999848989,5460.128756359968,5459.94149728679,ok,/home/elads/STAR/full_grid_solar_opacity/runs/T0p6671_rho695p856/fac-opacity-cowan-state/starout.h5
0.6671003758471045,1000.0,fac-opacity-cowan-state,T0p6671_rho1000,0.2220795196812005,3942.426336763576,4000.315031573299,4000.0927784280075,ok,/home/elads/STAR/full_grid_solar_opacity/runs/T0p6671_rho1000/fac-opacity-cowan-state/starout.h5
0.7343981581608886,1e-17,fac-opacity-cowan-state,T0p734398_rho1em17,0.30615026820261754,4.849960934956473,0.31610038351293984,0.00995011498746125,ok,/home/elads/STAR/full_grid_solar_opacity/runs/T0p734398_rho1em17/fac-opacity-cowan-state/starout.h5
0.7343981581608886,1.4370779141993746e-17,fac-opacity-cowan-state,T0p734398_rho1p43708em17,0.3045256816733076,4.997438484838849,0.3149787452306683,0.010453063218179848,ok,/home/elads/STAR/full_grid_solar_opacity/runs/T0p734398_rho1p43708em17/fac-opacity-cowan-state/starout.h5
0.7343981581608886,2.065192931479625e-17,fac-opacity-cowan-state,T0p734398_rho2p06519em17,0.30256804631817946,5.122956700740388,0.3136872900580314,0.011119243379054978,ok,/home/elads/STAR/full_grid_solar_opacity/runs/T0p734398_rho2p06519em17/fac-opacity-cowan-state/starout.h5
0.7343981581608886,2.9678431503900313e-17,fac-opacity-cowan-state,T0p734398_rho2p96784em17,0.30032169683122195,5.226010101454719,0.3123109297490394,0.011989232528791171,ok,/home/elads/STAR/full_grid_solar_opacity/runs/T0p734398_rho2p96784em17/fac-opacity-cowan-state/starout.h5
0.7343981581608886,4.2650218442334076e-17,fac-opacity-cowan-state,T0p734398_rho4p26502em17,0.2978824998503296,5.308840627568436,0.31099051052295795,0.013108010247299715,ok,/home/elads/STAR/full_grid_solar_opacity/runs/T0p734398_rho4p26502em17/fac-opacity-cowan-state/starout.h5
0.7343981581608886,6.129168695925715e-17,fac-opacity-cowan-state,T0p734398_rho6p12917em17,0.29538628104476145,5.3752586670957845,0.30990995811936267,0.01452367660333721,ok,/home/elads/STAR/full_grid_solar_opacity/runs/T0p734398_rho6p12917em17/fac-opacity-cowan-state/starout.h5
0.7343981581608886,8.808092965317026e-17,fac-opacity-cowan-state,T0p734398_rho8p80809em17,0.292981460355475,5.429708727280823,0.30926680458511513,0.016285343701213536,ok,/home/elads/STAR/full_grid_solar_opacity/runs/T0p734398_rho8p80809em17/fac-opacity-cowan-state/starout.h5
0.7343981581608886,1.2657915866672028e-16,fac-opacity-cowan-state,T0p734398_rho1p26579em16,0.29079635084102573,5.476767034428022,0.30923655097056085,0.0184401995311879,ok,/home/elads/STAR/full_grid_solar_opacity/runs/T0p734398_rho1p26579em16/fac-opacity-cowan-state/starout.h5
0.7343981581608886,1.819041133178821e-16,fac-opacity-cowan-state,T0p734398_rho1p81904em16,0.2889150337174854,5.521031655002748,0.3099452701916993,0.021030235791825128,ok,/home/elads/STAR/full_grid_solar_opacity/runs/T0p734398_rho1p81904em16/fac-opacity-cowan-state/starout.h5
0.7343981581608886,2.6141038375114865e-16,fac-opacity-cowan-state,T0p734398_rho2p6141em16,0.28737006298426687,5.567303393407826,0.31145937035398397,0.024089306588067554,ok,/home/elads/STAR/full_grid_solar_opacity/runs/T0p734398_rho2p6141em16/fac-opacity-cowan-state/starout.h5
0.7343981581608886,3.7566708903116036e-16,fac-opacity-cowan-state,T0p734398_rho3p75667em16,0.28615056594188865,5.620984469878535,0.3137916639246755,0.027641097085888904,ok,/home/elads/STAR/full_grid_solar_opacity/runs/T0p734398_rho3p75667em16/fac-opacity-cowan-state/starout.h5
0.7343981581608886,5.398628767382507e-16,fac-opacity-cowan-state,T0p734398_rho5p39863em16,0.2852180435489802,5.688672871080837,0.31691668011828633,0.03169863554074914,ok,/home/elads/STAR/full_grid_solar_opacity/runs/T0p734398_rho5p39863em16/fac-opacity-cowan-state/starout.h5
0.7343981581608886,7.758250168566793e-16,fac-opacity-cowan-state,T0p734398_rho7p75825em16,0.2845220749520165,5.778976841299038,0.3207880501068157,0.036265973978041835,ok,/home/elads/STAR/full_grid_solar_opacity/runs/T0p734398_rho7p75825em16/fac-opacity-cowan-state/starout.h5
0.7343981581608886,1.1149209970080914e-15,fac-opacity-cowan-state,T0p734398_rho1p11492em15,0.2840116571768815,5.903620312824032,0.3253539381866375,0.04134227966828251,ok,/home/elads/STAR/full_grid_solar_opacity/runs/T0p734398_rho1p11492em15/fac-opacity-cowan-state/starout.h5
0.7343981581608886,1.6022283408774753e-15,fac-opacity-cowan-state,T0p734398_rho1p60223em15,0.2836414608464992,6.078964792034774,0.3305698334484793,0.04692837107924916,ok,/home/elads/STAR/full_grid_solar_opacity/runs/T0p734398_rho1p60223em15/fac-opacity-cowan-state/starout.h5
0.7343981581608886,2.3025269621793266e-15,fac-opacity-cowan-state,T0p734398_rho2p30253em15,0.28337417168414514,6.328139906717387,0.33641023283905264,0.053036059433994406,ok,/home/elads/STAR/full_grid_solar_opacity/runs/T0p734398_rho2p30253em15/fac-opacity-cowan-state/starout.h5
0.7343981581608886,3.308910644196489e-15,fac-opacity-cowan-state,T0p734398_rho3p30891em15,0.28318048172519195,6.684057083618058,0.34288057716135845,0.059700093499019016,ok,/home/elads/STAR/full_grid_solar_opacity/runs/T0p734398_rho3p30891em15/fac-opacity-cowan-state/starout.h5
0.7343981581608886,4.755162406834019e-15,fac-opacity-cowan-state,T0p734398_rho4p75516em15,0.2830379610422696,7.193688885648675,0.35002786263556185,0.06698989941960516,ok,/home/elads/STAR/full_grid_solar_opacity/runs/T0p734398_rho4p75516em15/fac-opacity-cowan-state/starout.h5
0.7343981581608886,6.8335388732923106e-15,fac-opacity-cowan-state,T0p734398_rho6p83354em15,0.2829295548181948,7.924143115486312,0.3579457253073191,0.0750161680550009,ok,/home/elads/STAR/full_grid_solar_opacity/runs/T0p734398_rho6p83354em15/fac-opacity-cowan-state/starout.h5
0.7343981581608886,9.820327790631256e-15,fac-opacity-cowan-state,T0p734398_rho9p82033em15,0.2828420665959183,8.971260113551024,0.36677174020921577,0.08392967088994921,ok,/home/elads/STAR/full_grid_solar_opacity/runs/T0p734398_rho9p82033em15/fac-opacity-cowan-state/starout.h5
0.7343981581608886,1.4112576178114521e-14,fac-opacity-cowan-state,T0p734398_rho1p41126em14,0.28276475082451014,10.471724279773936,0.3766804320521536,0.09391567818026947,ok,/home/elads/STAR/full_grid_solar_opacity/runs/T0p734398_rho1p41126em14/fac-opacity-cowan-state/starout.h5
0.7343981581608886,2.0280871538024598e-14,fac-opacity-cowan-state,T0p734398_rho2p02809em14,0.2826880246928739,12.62001798145854,0.3878794788627645,0.10519145075664049,ok,/home/elads/STAR/full_grid_solar_opacity/runs/T0p734398_rho2p02809em14/fac-opacity-cowan-state/starout.h5
0.7343981581608886,2.914519256800997e-14,fac-opacity-cowan-state,T0p734398_rho2p91452em14,0.282602244790647,15.691963986114454,0.40061533677363864,0.11801308815370545,ok,/home/elads/STAR/full_grid_solar_opacity/runs/T0p734398_rho2p91452em14/fac-opacity-cowan-state/starout.h5
0.7343981581608886,4.188391254457488e-14,fac-opacity-cowan-state,T0p734398_rho4p18839em14,0.28249646399183703,20.0771103786036,0.41519023275437084,0.13269376445688918,ok,/home/elads/STAR/full_grid_solar_opacity/runs/T0p734398_rho4p18839em14/fac-opacity-cowan-state/starout.h5
0.7343981581608886,6.019044567806669e-14,fac-opacity-cowan-state,T0p734398_rho6p01904em14,0.28235703845947235,26.322811568675558,0.4319887311505145,0.14963168783579636,ok,/home/elads/STAR/full_grid_solar_opacity/runs/T0p734398_rho6p01904em14/fac-opacity-cowan-state/starout.h5
0.7343981581608886,8.649836012976684e-14,fac-opacity-cowan-state,T0p734398_rho8p64984em14,0.2821659222492986,35.193547640481434,0.4515100839344872,0.1693441561903125,ok,/home/elads/STAR/full_grid_solar_opacity/runs/T0p734398_rho8p64984em14/fac-opacity-cowan-state/starout.h5
0.7343981581608886,1.2430488295695167e-13,fac-opacity-cowan-state,T0p734398_rho1p24305em13,0.28189844905945727,47.74974482840415,0.47440143013047464,0.19250297482468484,ok,/home/elads/STAR/full_grid_solar_opacity/runs/T0p734398_rho1p24305em13/fac-opacity-cowan-state/starout.h5
0.7343981581608886,1.7863580192457348e-13,fac-opacity-cowan-state,T0p734398_rho1p78636em13,0.2815203791835763,65.450980535362,0.5014858458836373,0.2199654595626261,ok,/home/elads/STAR/full_grid_solar_opacity/runs/T0p734398_rho1p78636em13/fac-opacity-cowan-state/starout.h5
0.7343981581608886,2.567135656310987e-13,fac-opacity-cowan-state,T0p734398_rho2p56714em13,0.28098395804109594,90.28884701564607,0.5337798848439294,0.25279591860011663,ok,/home/elads/STAR/full_grid_solar_opacity/runs/T0p734398_rho2p56714em13/fac-opacity-cowan-state/starout.h5
0.7343981581608886,3.6891739544382357e-13,fac-opacity-cowan-state,T0p734398_rho3p68917em13,0.28022275743899244,124.9549192064728,0.5725025790063718,0.29227981208348985,ok,/home/elads/STAR/full_grid_solar_opacity/runs/T0p734398_rho3p68917em13/fac-opacity-cowan-state/starout.h5
0.7343981581608886,5.301630411562758e-13,fac-opacity-cowan-state,T0p734398_rho5p30163em13,0.2791451733939642,173.0485835552179,0.6190931271097523,0.3399479426851644,ok,/home/elads/STAR/full_grid_solar_opacity/runs/T0p734398_rho5p30163em13/fac-opacity-cowan-state/starout.h5
0.7343981581608886,7.618855973704612e-13,fac-opacity-cowan-state,T0p734398_rho7p61886em13,0.27762678124739365,239.32365107276985,0.6752650203166812,0.3976382261667303,ok,/home/elads/STAR/full_grid_solar_opacity/runs/T0p734398_rho7p61886em13/fac-opacity-cowan-state/starout.h5
0.7343981581608886,1.0948889651276868e-12,fac-opacity-cowan-state,T0p734398_rho1p09489em12,0.275502427626147,329.9504075349622,0.743107803447903,0.46760536064890645,ok,/home/elads/STAR/full_grid_solar_opacity/runs/T0p734398_rho1p09489em12/fac-opacity-cowan-state/starout.h5
0.7343981581608886,1.5734407502856082e-12,fac-opacity-cowan-state,T0p734398_rho1p57344em12,0.27256015114603704,452.7179767863205,0.8251972640961293,0.5526370950181344,ok,/home/elads/STAR/full_grid_solar_opacity/runs/T0p734398_rho1p57344em12/fac-opacity-cowan-state/starout.h5
0.7343981581608886,2.26115695153675e-12,fac-opacity-cowan-state,T0p734398_rho2p26116em12,0.2685407922618398,617.0243826428972,0.9246183073448906,0.6560774937946605,ok,/home/elads/STAR/full_grid_solar_opacity/runs/T0p734398_rho2p26116em12/fac-opacity-cowan-state/starout.h5
0.7343981581608886,3.249458715591849e-12,fac-opacity-cowan-state,T0p734398_rho3p24946em12,0.2631492219210683,833.4360682549845,1.0447870147075609,0.7816377674239257,ok,/home/elads/STAR/full_grid_solar_opacity/runs/T0p734398_rho3p24946em12/fac-opacity-cowan-state/starout.h5
0.7343981581608886,4.669725353279713e-12,fac-opacity-cowan-state,T0p734398_rho4p66973em12,0.2560834332071047,1112.6026307174482,1.188997680647426,0.9329142171691387,ok,/home/elads/STAR/full_grid_solar_opacity/runs/T0p734398_rho4p66973em12/fac-opacity-cowan-state/starout.h5
0.7343981581608886,6.710759170575148e-12,fac-opacity-cowan-state,T0p734398_rho6p71076em12,0.2470848655927444,1463.449139356539,1.359711205366939,1.1126263036717186,ok,/home/elads/STAR/full_grid_solar_opacity/runs/T0p734398_rho6p71076em12/fac-opacity-cowan-state/starout.h5
0.7343981581608886,9.64388379154446e-12,fac-opacity-cowan-state,T0p734398_rho9p64388em12,0.23600382304711595,1890.8675803137094,1.557720028329085,1.3217161623949503,ok,/home/elads/STAR/full_grid_solar_opacity/runs/T0p734398_rho9p64388em12/fac-opacity-cowan-state/starout.h5
0.7343981581608886,1.3859012403933867e-11,fac-opacity-cowan-state,T0p734398_rho1p3859em11,0.22286184678792315,2393.539007283826,1.7814491172330107,1.5585872198720798,ok,/home/elads/STAR/full_grid_solar_opacity/runs/T0p734398_rho1p3859em11/fac-opacity-cowan-state/starout.h5
0.7343981581608886,1.9916480638308542e-11,fac-opacity-cowan-state,T0p734398_rho1p99165em11,0.2078850192676876,2962.7740390620165,2.026694278424838,1.8188092001404648,ok,/home/elads/STAR/full_grid_solar_opacity/runs/T0p734398_rho1p99165em11/fac-opacity-cowan-state/starout.h5
0.7343981581608886,2.8621534453892672e-11,fac-opacity-cowan-state,T0p734398_rho2p86215em11,0.19148943702525045,3583.046671420139,2.28698418194854,2.095494676928719,ok,/home/elads/STAR/full_grid_solar_opacity/runs/T0p734398_rho2p86215em11/fac-opacity-cowan-state/starout.h5
0.7343981581608886,4.1131375034185614e-11,fac-opacity-cowan-state,T0p734398_rho4p11314em11,0.17422040767860728,4234.191725119823,2.554501855523293,2.380281370609363,ok,/home/elads/STAR/full_grid_solar_opacity/runs/T0p734398_rho4p11314em11/fac-opacity-cowan-state/starout.h5
0.7343981581608886,5.910899064227969e-11,fac-opacity-cowan-state,T0p734398_rho5p9109em11,0.15666719647002023,4894.4948517341745,2.8212733012187807,2.6646060182876763,ok,/home/elads/STAR/full_grid_solar_opacity/runs/T0p734398_rho5p9109em11/fac-opacity-cowan-state/starout.h5
0.7343981581608886,8.4944224982638e-11,fac-opacity-cowan-state,T0p734398_rho8p49442em11,0.13938187891710138,5543.649227817017,3.080271954452128,2.940889980109086,ok,/home/elads/STAR/full_grid_solar_opacity/runs/T0p734398_rho8p49442em11/fac-opacity-cowan-state/starout.h5
0.7343981581608886,1.2207146966133182e-10,fac-opacity-cowan-state,T0p734398_rho1p22071em10,0.12282235916365632,6164.837584188767,3.326176105249833,3.2033536421438225,ok,/home/elads/STAR/full_grid_solar_opacity/runs/T0p734398_rho1p22071em10/fac-opacity-cowan-state/starout.h5
0.7343981581608886,1.7542621300415897e-10,fac-opacity-cowan-state,T0p734398_rho1p75426em10,0.10732559420726527,6745.714650263672,3.555661624781732,3.448335918682929,ok,/home/elads/STAR/full_grid_solar_opacity/runs/T0p734398_rho1p75426em10/fac-opacity-cowan-state/starout.h5
0.7343981581608886,2.52101136279913e-10,fac-opacity-cowan-state,T0p734398_rho2p52101em10,0.09310616105127735,7278.451967173539,3.7672474017725364,3.674141121502802,ok,/home/elads/STAR/full_grid_solar_opacity/runs/T0p734398_rho2p52101em10/fac-opacity-cowan-state/starout.h5
0.7343981581608886,3.6228897509242966e-10,fac-opacity-cowan-state,T0p734398_rho3p62289em10,0.08027108410862649,7759.192254927293,3.9608483838984876,3.880577173872969,ok,/home/elads/STAR/full_grid_solar_opacity/runs/T0p734398_rho3p62289em10/fac-opacity-cowan-state/starout.h5
0.7343981581608886,5.20637484663258e-10,fac-opacity-cowan-state,T0p734398_rho5p20637em10,0.06884203485957466,8187.227316628103,4.137262826892268,4.068420660020663,ok,/home/elads/STAR/full_grid_solar_opacity/runs/T0p734398_rho5p20637em10/fac-opacity-cowan-state/starout.h5
0.7343981581608886,7.481966305138837e-10,fac-opacity-cowan-state,T0p734398_rho7p48197em10,0.058778664766924185,8564.131406723303,4.297799266146102,4.239020463831527,ok,/home/elads/STAR/full_grid_solar_opacity/runs/T0p734398_rho7p48197em10/fac-opacity-cowan-state/starout.h5
0.7343981581608886,1.0752168531898921e-09,fac-opacity-cowan-state,T0p734398_rho1p07522em09,0.04999952854888641,8892.988366271467,4.444149236192926,4.394149565062762,ok,/home/elads/STAR/full_grid_solar_opacity/runs/T0p734398_rho1p07522em09/fac-opacity-cowan-state/starout.h5
0.7343981581608886,1.5451703926941453e-09,fac-opacity-cowan-state,T0p734398_rho1p54517em09,0.04239905928821365,9177.764116877384,4.578492017497674,4.536092811022412,ok,/home/elads/STAR/full_grid_solar_opacity/runs/T0p734398_rho1p54517em09/fac-opacity-cowan-state/starout.h5
0.7343981581608886,2.220530245015531e-09,fac-opacity-cowan-state,T0p734398_rho2p22053em09,0.0358603698262923,9422.831031608786,4.703702434537429,4.667841913249096,ok,/home/elads/STAR/full_grid_solar_opacity/runs/T0p734398_rho2p22053em09/fac-opacity-cowan-state/starout.h5
0.7343981581608886,3.1910749729235452e-09,fac-opacity-cowan-state,T0p734398_rho3p19107em09,0.030264324525653693,9632.632573891826,4.823387642975904,4.793123162923085,ok,/home/elads/STAR/full_grid_solar_opacity/runs/T0p734398_rho3p19107em09/fac-opacity-cowan-state/starout.h5
0.7343981581608886,4.585823366142813e-09,fac-opacity-cowan-state,T0p734398_rho4p58582em09,0.025495560504069373,9811.460139089133,4.941491505830837,4.915995785812634,ok,/home/elads/STAR/full_grid_solar_opacity/runs/T0p734398_rho4p58582em09/fac-opacity-cowan-state/starout.h5
0.7343981581608886,6.590185477903269e-09,fac-opacity-cowan-state,T0p734398_rho6p59019em09,0.021446175912117196,9963.315862050735,5.061535686766909,5.040089347314075,ok,/home/elads/STAR/full_grid_solar_opacity/runs/T0p734398_rho6p59019em09/fac-opacity-cowan-state/starout.h5
0.7343981581608886,9.470610000772238e-09,fac-opacity-cowan-state,T0p734398_rho9p47061em09,0.018017721632243158,10091.837810076466,5.185956626874193,5.167938737552777,ok,/home/elads/STAR/full_grid_solar_opacity/runs/T0p734398_rho9p47061em09/fac-opacity-cowan-state/starout.h5
0.7343981581608886,1.3610004466105506e-08,fac-opacity-cowan-state,T0p734398_rho1p361em08,0.015122014006176965,10200.323484290919,5.382443927857153,5.36732173969223,ok,/home/elads/STAR/full_grid_solar_opacity/runs/T0p734398_rho1p361em08/fac-opacity-cowan-state/starout.h5
0.7343981581608886,1.9558636830395073e-08,fac-opacity-cowan-state,T0p734398_rho1p95586em08,0.012681167820713326,10291.503572485866,5.513684381294022,5.501003034976871,ok,/home/elads/STAR/full_grid_solar_opacity/runs/T0p734398_rho1p95586em08/fac-opacity-cowan-state/starout.h5
0.7343981581608886,2.810728502080722e-08,fac-opacity-cowan-state,T0p734398_rho2p81073em08,0.010627139843630085,10367.886479531046,5.650713298141135,5.640085975288109,ok,/home/elads/STAR/full_grid_solar_opacity/runs/T0p734398_rho2p81073em08/fac-opacity-cowan-state/starout.h5
0.7343981581608886,4.039235853150913e-08,fac-opacity-cowan-state,T0p734398_rho4p03924em08,0.011602264579393772,10044.214315107101,17.877741003502496,17.86603857560016,ok,/home/elads/STAR/full_grid_solar_opacity/runs/T0p734398_rho4p03924em08/fac-opacity-cowan-state/starout.h5
0.7343981581608886,5.804696634805446e-08,fac-opacity-cowan-state,T0p734398_rho5p8047em08,0.00959648650026661,10118.518447831617,15.319360903573674,15.309617004030562,ok,/home/elads/STAR/full_grid_solar_opacity/runs/T0p734398_rho5p8047em08/fac-opacity-cowan-state/starout.h5
0.7343981581608886,8.341801332506338e-08,fac-opacity-cowan-state,T0p734398_rho8p3418em08,0.007915936022258773,10181.560615409891,17.08422850296512,17.076192103850957,ok,/home/elads/STAR/full_grid_solar_opacity/runs/T0p734398_rho8p3418em08/fac-opacity-cowan-state/starout.h5
0.7343981581608886,1.1987818459583772e-07,fac-opacity-cowan-state,T0p734398_rho1p19878em07,0.00651053227452927,10233.294567387773,15.062167748134488,15.055495764826755,ok,/home/elads/STAR/full_grid_solar_opacity/runs/T0p734398_rho1p19878em07/fac-opacity-cowan-state/starout.h5
0.7343981581608886,1.7227429147699408e-07,fac-opacity-cowan-state,T0p734398_rho1p72274em07,0.005337464309769209,10278.040795310128,15.864302455113842,15.858805184330839,ok,/home/elads/STAR/full_grid_solar_opacity/runs/T0p734398_rho1p72274em07/fac-opacity-cowan-state/starout.h5
0.7343981581608886,2.4757157946593376e-07,fac-opacity-cowan-state,T0p734398_rho2p47572em07,0.004360281204849673,10315.389055361944,16.81310007627975,16.80859951423076,ok,/home/elads/STAR/full_grid_solar_opacity/runs/T0p734398_rho2p47572em07/fac-opacity-cowan-state/starout.h5
0.7343981581608886,3.557796490339488e-07,fac-opacity-cowan-state,T0p734398_rho3p5578em07,0.003548064947756301,10346.478396093526,17.372880997549593,17.369188269727353,ok,/home/elads/STAR/full_grid_solar_opacity/runs/T0p734398_rho3p5578em07/fac-opacity-cowan-state/starout.h5
0.7343981581608886,5.112830759482948e-07,fac-opacity-cowan-state,T0p734398_rho5p11283em07,0.002898232139561569,10482.837034540382,17.178088746883876,17.175076506714774,ok,/home/elads/STAR/full_grid_solar_opacity/runs/T0p734398_rho5p11283em07/fac-opacity-cowan-state/starout.h5
0.7343981581608886,7.347536163492159e-07,fac-opacity-cowan-state,T0p734398_rho7p34754em07,0.0023432779486460323,10531.37296616357,22.0131708741709,22.010787056366443,ok,/home/elads/STAR/full_grid_solar_opacity/runs/T0p734398_rho7p34754em07/fac-opacity-cowan-state/starout.h5
0.7343981581608886,1.0558981944335787e-06,fac-opacity-cowan-state,T0p734398_rho1p0559em06,0.0018855551776207837,10568.214564426644,19.597690633836944,19.595725349896654,ok,/home/elads/STAR/full_grid_solar_opacity/runs/T0p734398_rho1p0559em06/fac-opacity-cowan-state/starout.h5
0.7343981581608886,1.517407974863493e-06,fac-opacity-cowan-state,T0p734398_rho1p51741em06,0.0015100662558375287,10602.02136064757,18.83077903047762,18.82919406820775,ok,/home/elads/STAR/full_grid_solar_opacity/runs/T0p734398_rho1p51741em06/fac-opacity-cowan-state/starout.h5
0.7343981581608886,2.1806334875063253e-06,fac-opacity-cowan-state,T0p734398_rho2p18063em06,0.0012033611405037475,10643.473591250564,18.880296521736646,18.87901493874041,ok,/home/elads/STAR/full_grid_solar_opacity/runs/T0p734398_rho2p18063em06/fac-opacity-cowan-state/starout.h5
0.7343981581608886,3.1337402238588983e-06,fac-opacity-cowan-state,T0p734398_rho3p13374em06,0.0009550249317509137,10690.863739779257,19.116043442242045,19.115009745956062,ok,/home/elads/STAR/full_grid_solar_opacity/runs/T0p734398_rho3p13374em06/fac-opacity-cowan-state/starout.h5
0.7343981581608886,4.503428864545845e-06,fac-opacity-cowan-state,T0p734398_rho4p50343em06,0.0007539567407315945,10739.686734318015,24.488428349768505,24.48760103906935,ok,/home/elads/STAR/full_grid_solar_opacity/runs/T0p734398_rho4p50343em06/fac-opacity-cowan-state/starout.h5
0.7343981581608886,6.471778159406801e-06,fac-opacity-cowan-state,T0p734398_rho6p47178em06,0.0005924399317373317,10807.460155488874,21.240049349304034,21.239378516340622,ok,/home/elads/STAR/full_grid_solar_opacity/runs/T0p734398_rho6p47178em06/fac-opacity-cowan-state/starout.h5
0.7343981581608886,9.300449458481393e-06,fac-opacity-cowan-state,T0p734398_rho9p30045em06,0.00046346167175872273,10852.845637381359,27.185492526150536,27.184959666879443,ok,/home/elads/STAR/full_grid_solar_opacity/runs/T0p734398_rho9p30045em06/fac-opacity-cowan-state/starout.h5
0.7343981581608886,1.3365470508911143e-05,fac-opacity-cowan-state,T0p734398_rho1p33655em05,0.0003414980499972324,14129.179131672267,35.03818083569924,35.037776233455816,ok,/home/elads/STAR/full_grid_solar_opacity/runs/T0p734398_rho1p33655em05/fac-opacity-cowan-state/starout.h5
0.7343981581608886,1.920722248123928e-05,fac-opacity-cowan-state,T0p734398_rho1p92072em05,0.0002590332157130709,14222.432254875848,31.865452003367036,31.86513364703369,ok,/home/elads/STAR/full_grid_solar_opacity/runs/T0p734398_rho1p92072em05/fac-opacity-cowan-state/starout.h5
0.7343981581608886,2.760227522090268e-05,fac-opacity-cowan-state,T0p734398_rho2p76023em05,0.00019492646010637403,14298.91583807277,42.49509943689418,42.494847711762176,ok,/home/elads/STAR/full_grid_solar_opacity/runs/T0p734398_rho2p76023em05/fac-opacity-cowan-state/starout.h5
0.7343981581608886,3.966662010161191e-05,fac-opacity-cowan-state,T0p734398_rho3p96666em05,0.00014047869724148886,10541.940217493262,33.8762089523213,33.876040191220845,ok,/home/elads/STAR/full_grid_solar_opacity/runs/T0p734398_rho3p96666em05/fac-opacity-cowan-state/starout.h5
0.7343981581608886,5.7004023678963655e-05,fac-opacity-cowan-state,T0p734398_rho5p7004em05,0.0001042332739599068,10527.004756551141,20.790145640058338,20.790022425480796,ok,/home/elads/STAR/full_grid_solar_opacity/runs/T0p734398_rho5p7004em05/fac-opacity-cowan-state/starout.h5
0.7343981581608886,8.191922344953684e-05,fac-opacity-cowan-state,T0p734398_rho8p19192em05,7.673474686188896e-05,10489.845653135464,13.031721778243746,13.03161255553736,ok,/home/elads/STAR/full_grid_solar_opacity/runs/T0p734398_rho8p19192em05/fac-opacity-cowan-state/starout.h5
0.7343981581608886,0.00011772430676769293,fac-opacity-cowan-state,T0p734398_rho0p000117724,5.6156977238395236e-05,10484.518399540362,10.902720373924739,10.902635789178383,ok,/home/elads/STAR/full_grid_solar_opacity/runs/T0p734398_rho0p000117724/fac-opacity-cowan-state/starout.h5
0.7343981581608886,0.00016917900122028344,fac-opacity-cowan-state,T0p734398_rho0p000169179,4.088799614486428e-05,10485.110088744883,9.877136940315737,9.877069990274089,ok,/home/elads/STAR/full_grid_solar_opacity/runs/T0p734398_rho0p000169179/fac-opacity-cowan-state/starout.h5
0.7343981581608886,0.0002431234061999784,fac-opacity-cowan-state,T0p734398_rho0p000243123,2.9609268427182494e-05,10481.425567835058,7.938632964469578,7.938581877268557,ok,/home/elads/STAR/full_grid_solar_opacity/runs/T0p734398_rho0p000243123/fac-opacity-cowan-state/starout.h5
0.7343981581608886,0.0003493872774749123,fac-opacity-cowan-state,T0p734398_rho0p000349387,2.1363631828666662e-05,10482.133821445319,8.17765632316757,8.177618284964012,ok,/home/elads/STAR/full_grid_solar_opacity/runs/T0p734398_rho0p000349387/fac-opacity-cowan-state/starout.h5
0.7343981581608886,0.0005020967399614471,fac-opacity-cowan-state,T0p734398_rho0p000502097,1.5358004744901054e-05,10482.700680552069,8.221045315831347,8.221017267508902,ok,/home/elads/STAR/full_grid_solar_opacity/runs/T0p734398_rho0p000502097/fac-opacity-cowan-state/starout.h5
0.7343981581608886,0.0007215521357901021,fac-opacity-cowan-state,T0p734398_rho0p000721552,1.1006773275445854e-05,10483.076497917289,8.73627987185054,8.736259518971101,ok,/home/elads/STAR/full_grid_solar_opacity/runs/T0p734398_rho0p000721552/fac-opacity-cowan-state/starout.h5
0.7343981581608886,0.0010369266382873438,fac-opacity-cowan-state,T0p734398_rho0p00103693,7.870446382659654e-06,10483.133486813347,7.85847203287586,7.858457017002766,ok,/home/elads/STAR/full_grid_solar_opacity/runs/T0p734398_rho0p00103693/fac-opacity-cowan-state/starout.h5
0.7343981581608886,0.0014901443705277455,fac-opacity-cowan-state,T0p734398_rho0p00149014,5.60415036599449e-06,10484.03963502737,9.512154125739404,9.512143206340593,ok,/home/elads/STAR/full_grid_solar_opacity/runs/T0p734398_rho0p00149014/fac-opacity-cowan-state/starout.h5
0.7343981581608886,0.002141453563853953,fac-opacity-cowan-state,T0p734398_rho0p00214145,3.9919719376826546e-06,10484.219248128962,8.119778807531956,8.119770863159374,ok,/home/elads/STAR/full_grid_solar_opacity/runs/T0p734398_rho0p00214145/fac-opacity-cowan-state/starout.h5
0.7343981581608886,0.003077435620898055,fac-opacity-cowan-state,T0p734398_rho0p00307744,2.8262328255000502e-06,10484.504595256747,9.058790556752538,9.058784622872633,ok,/home/elads/STAR/full_grid_solar_opacity/runs/T0p734398_rho0p00307744/fac-opacity-cowan-state/starout.h5
0.7343981581608886,0.004422514763163053,fac-opacity-cowan-state,T0p734398_rho0p00442251,2.0075771710688053e-06,10485.44253925525,9.580835691807442,9.580831309592607,ok,/home/elads/STAR/full_grid_solar_opacity/runs/T0p734398_rho0p00442251/fac-opacity-cowan-state/starout.h5
0.7343981581608886,0.006355498291362301,fac-opacity-cowan-state,T0p734398_rho0p0063555,1.4367639026262467e-06,10485.228170491755,8.901206804339408,8.901203685756926,ok,/home/elads/STAR/full_grid_solar_opacity/runs/T0p734398_rho0p0063555/fac-opacity-cowan-state/starout.h5
0.7343981581608886,0.009133346228248624,fac-opacity-cowan-state,T0p734398_rho0p00913335,1.0373247349072108e-06,10485.38769827109,7.694623450174807,7.69462121145476,ok,/home/elads/STAR/full_grid_solar_opacity/runs/T0p734398_rho0p00913335/fac-opacity-cowan-state/starout.h5
0.7343981581608886,0.01312533014735226,fac-opacity-cowan-state,T0p734398_rho0p0131253,7.543145930876562e-07,10485.123147572876,8.580855319516914,8.580853645502646,ok,/home/elads/STAR/full_grid_solar_opacity/runs/T0p734398_rho0p0131253/fac-opacity-cowan-state/starout.h5
0.7343981581608886,0.018862122071335155,fac-opacity-cowan-state,T0p734398_rho0p0188621,1.7062204662630943e-06,10485.836646110021,8.379020132995954,8.379018076163335,ok,/home/elads/STAR/full_grid_solar_opacity/runs/T0p734398_rho0p0188621/fac-opacity-cowan-state/starout.h5
0.7343981581608886,0.02710633904364831,fac-opacity-cowan-state,T0p734398_rho0p0271063,3.035538739944123e-06,10487.140312141715,8.109003729357404,8.109000481142381,ok,/home/elads/STAR/full_grid_solar_opacity/runs/T0p734398_rho0p0271063/fac-opacity-cowan-state/starout.h5
0.7343981581608886,0.038953921174427183,fac-opacity-cowan-state,T0p734398_rho0p0389539,3.8487234375204106e-06,10488.095290218,8.17093133496664,8.1709272635639,ok,/home/elads/STAR/full_grid_solar_opacity/runs/T0p734398_rho0p0389539/fac-opacity-cowan-state/starout.h5
0.7343981581608886,0.0559798197912329,fac-opacity-cowan-state,T0p734398_rho0p0559798,4.464872274246731e-06,10489.85038547256,7.9593248085568895,7.959320099343868,ok,/home/elads/STAR/full_grid_solar_opacity/runs/T0p734398_rho0p0559798/fac-opacity-cowan-state/starout.h5
0.7343981581608886,0.08044736266284185,fac-opacity-cowan-state,T0p734398_rho0p0804474,5.372736419443092e-06,10495.44074682069,9.314174411882949,9.3141687334353,ok,/home/elads/STAR/full_grid_solar_opacity/runs/T0p734398_rho0p0804474/fac-opacity-cowan-state/starout.h5
0.7343981581608886,0.11560912813835741,fac-opacity-cowan-state,T0p734398_rho0p115609,5.428147222359982e-06,10498.919764814516,8.651253411712005,8.651247698245118,ok,/home/elads/STAR/full_grid_solar_opacity/runs/T0p734398_rho0p115609/fac-opacity-cowan-state/starout.h5
0.7343981581608886,0.1661393247274789,fac-opacity-cowan-state,T0p734398_rho0p166139,5.4885053393475495e-06,10506.440186870963,9.874870718924104,9.87486490543415,ok,/home/elads/STAR/full_grid_solar_opacity/runs/T0p734398_rho0p166139/fac-opacity-cowan-state/starout.h5
0.7343981581608886,0.23875515424585794,fac-opacity-cowan-state,T0p734398_rho0p238755,5.82206372978209e-06,10514.392645320588,8.481102085763474,8.481095984642668,ok,/home/elads/STAR/full_grid_solar_opacity/runs/T0p734398_rho0p238755/fac-opacity-cowan-state/starout.h5
0.7343981581608886,0.34310975906798746,fac-opacity-cowan-state,T0p734398_rho0p34311,6.4680823071340915e-06,10533.983884692045,7.592934637431945,7.592927919508591,ok,/home/elads/STAR/full_grid_solar_opacity/runs/T0p734398_rho0p34311/fac-opacity-cowan-state/starout.h5
0.7343981581608886,0.49307545690287347,fac-opacity-cowan-state,T0p734398_rho0p493075,7.3437343395342676e-06,10591.307140396064,6.7831462376816996,6.78313867120311,ok,/home/elads/STAR/full_grid_solar_opacity/runs/T0p734398_rho0p493075/fac-opacity-cowan-state/starout.h5
0.7343981581608886,0.7085878491488851,fac-opacity-cowan-state,T0p734398_rho0p708588,9.027272015980944e-06,10719.904301107083,5.936163525369325,5.936154303601762,ok,/home/elads/STAR/full_grid_solar_opacity/runs/T0p734398_rho0p708588/fac-opacity-cowan-state/starout.h5
0.7343981581608886,1.0182959482819007,fac-opacity-cowan-state,T0p734398_rho1p0183,1.2518820094150556e-05,10922.722384480567,4.875719085212461,4.875706406907766,ok,/home/elads/STAR/full_grid_solar_opacity/runs/T0p734398_rho1p0183/fac-opacity-cowan-state/starout.h5
0.7343981581608886,1.4633706173946401,fac-opacity-cowan-state,T0p734398_rho1p46337,1.980989563853501e-05,11168.663767314061,4.324020758401951,4.324000807329633,ok,/home/elads/STAR/full_grid_solar_opacity/runs/T0p734398_rho1p46337/fac-opacity-cowan-state/starout.h5
0.7343981581608886,2.1029775945461404,fac-opacity-cowan-state,T0p734398_rho2p10298,3.716387790655503e-05,11404.409738781136,3.7483566065094953,3.748319320327864,ok,/home/elads/STAR/full_grid_solar_opacity/runs/T0p734398_rho2p10298/fac-opacity-cowan-state/starout.h5
0.7343981581608886,3.0221426551783854,fac-opacity-cowan-state,T0p734398_rho3p02214,8.771867048325224e-05,11500.248074853465,3.367051792845093,3.366963964201682,ok,/home/elads/STAR/full_grid_solar_opacity/runs/T0p734398_rho3p02214/fac-opacity-cowan-state/starout.h5
0.7343981581608886,4.343054463316713,fac-opacity-cowan-state,T0p734398_rho4p34305,0.000270821225992565,11052.998433971079,2.878373750312033,2.878102834256985,ok,/home/elads/STAR/full_grid_solar_opacity/runs/T0p734398_rho4p34305/fac-opacity-cowan-state/starout.h5
0.7343981581608886,6.241307649397467,fac-opacity-cowan-state,T0p734398_rho6p24131,0.0011992756443847967,8584.339725786034,6.48672837159853,6.485528880421787,ok,/home/elads/STAR/full_grid_solar_opacity/runs/T0p734398_rho6p24131/fac-opacity-cowan-state/starout.h5
0.7343981581608886,8.969245378672715,fac-opacity-cowan-state,T0p734398_rho8p96925,0.0035120998100948773,4358.8383581678445,8.07848679566888,8.07497444124459,ok,/home/elads/STAR/full_grid_solar_opacity/runs/T0p734398_rho8p96925/fac-opacity-cowan-state/starout.h5
0.7343981581608886,12.889504440725364,fac-opacity-cowan-state,T0p734398_rho12p8895,0.0028013082752338346,3337.5633001250217,5.44759743422355,5.444795951468593,ok,/home/elads/STAR/full_grid_solar_opacity/runs/T0p734398_rho12p8895/fac-opacity-cowan-state/starout.h5
0.7343981581608886,18.52322215674118,fac-opacity-cowan-state,T0p734398_rho18p5232,0.0022278608201187727,2505.674165408294,3.4413027360106887,3.4390747644706527,ok,/home/elads/STAR/full_grid_solar_opacity/runs/T0p734398_rho18p5232/fac-opacity-cowan-state/starout.h5
0.7343981581608886,26.61931346126126,fac-opacity-cowan-state,T0p734398_rho26p6193,0.0017672811742315687,1884.0981257194753,1.7496969850637438,1.7479296453822804,ok,/home/elads/STAR/full_grid_solar_opacity/runs/T0p734398_rho26p6193/fac-opacity-cowan-state/starout.h5
0.7343981581608886,38.254027466328665,fac-opacity-cowan-state,T0p734398_rho38p254,0.001397626568494541,1449.3535031011447,2.159895352401754,2.158497651647092,ok,/home/elads/STAR/full_grid_solar_opacity/runs/T0p734398_rho38p254/fac-opacity-cowan-state/starout.h5
0.7343981581608886,54.97401800103719,fac-opacity-cowan-state,T0p734398_rho54p974,0.00110443358506524,1137.911257847752,5.840352658560183,5.839248034065542,ok,/home/elads/STAR/full_grid_solar_opacity/runs/T0p734398_rho54p974/fac-opacity-cowan-state/starout.h5
0.7343981581608886,79.0019471240894,fac-opacity-cowan-state,T0p734398_rho79p0019,0.0008710147092563798,920.2953583165225,1.2728999987723428,1.2720289406300194,ok,/home/elads/STAR/full_grid_solar_opacity/runs/T0p734398_rho79p0019/fac-opacity-cowan-state/starout.h5
0.7343981581608886,113.53195339077567,fac-opacity-cowan-state,T0p734398_rho113p532,0.0006817941727045594,792.4159339970172,25.56370712601128,25.5630244988318,ok,/home/elads/STAR/full_grid_solar_opacity/runs/T0p734398_rho113p532/fac-opacity-cowan-state/starout.h5
0.7343981581608886,163.15426277379785,fac-opacity-cowan-state,T0p734398_rho163p154,0.003116092159754363,790.2099289589377,32.48530129190431,32.482184158823806,ok,/home/elads/STAR/full_grid_solar_opacity/runs/T0p734398_rho163p154/fac-opacity-cowan-state/starout.h5
0.7343981581608886,234.46538763970608,fac-opacity-cowan-state,T0p734398_rho234p465,0.06961091690912352,744.2824742512066,171.28471783945415,171.215101347041,ok,/home/elads/STAR/full_grid_solar_opacity/runs/T0p734398_rho234p465/fac-opacity-cowan-state/starout.h5
0.7343981581608886,336.94503022121665,fac-opacity-cowan-state,T0p734398_rho336p945,0.08350967945353469,4012.334677357145,3707.635237188372,3707.551607026001,ok,/home/elads/STAR/full_grid_solar_opacity/runs/T0p734398_rho336p945/fac-opacity-cowan-state/starout.h5
0.7343981581608886,484.21626123015125,fac-opacity-cowan-state,T0p734398_rho484p216,0.09470598998255447,3840.3599403341873,3576.8703125132192,3576.775490236273,ok,/home/elads/STAR/full_grid_solar_opacity/runs/T0p734398_rho484p216/fac-opacity-cowan-state/starout.h5
0.7343981581608886,695.8564947100452,fac-opacity-cowan-state,T0p734398_rho695p856,0.17828633950476927,5839.746525472305,5715.487620268348,5715.309148015714,ok,/home/elads/STAR/full_grid_solar_opacity/runs/T0p734398_rho695p856/fac-opacity-cowan-state/starout.h5
0.7343981581608886,1000.0,fac-opacity-cowan-state,T0p734398_rho1000,0.21169430268587164,4347.600651347997,4169.686773376524,4169.474943261376,ok,/home/elads/STAR/full_grid_solar_opacity/runs/T0p734398_rho1000/fac-opacity-cowan-state/starout.h5
0.8084850110078774,1e-17,fac-opacity-cowan-state,T0p808485_rho1em17,0.31085480182071773,7.273403205987721,0.32728187354140303,0.016427071321096744,ok,/home/elads/STAR/full_grid_solar_opacity/runs/T0p808485_rho1em17/fac-opacity-cowan-state/starout.h5
0.8084850110078774,1.4370779141993746e-17,fac-opacity-cowan-state,T0p808485_rho1p43708em17,0.31074846781571325,7.538351764151383,0.32733261728734303,0.01658414906822054,ok,/home/elads/STAR/full_grid_solar_opacity/runs/T0p808485_rho1p43708em17/fac-opacity-cowan-state/starout.h5
0.8084850110078774,2.065192931479625e-17,fac-opacity-cowan-state,T0p808485_rho2p06519em17,0.3105977427253223,7.8067166840385775,0.3273743378261185,0.016776594692705368,ok,/home/elads/STAR/full_grid_solar_opacity/runs/T0p808485_rho2p06519em17/fac-opacity-cowan-state/starout.h5
0.8084850110078774,2.9678431503900313e-17,fac-opacity-cowan-state,T0p808485_rho2p96784em17,0.3103847868032249,8.090587618499494,0.32740613775557115,0.017021350538302293,ok,/home/elads/STAR/full_grid_solar_opacity/runs/T0p808485_rho2p96784em17/fac-opacity-cowan-state/starout.h5
0.8084850110078774,4.2650218442334076e-17,fac-opacity-cowan-state,T0p808485_rho4p26502em17,0.3100855724474947,8.399917814370449,0.32742506955225437,0.017339496682976695,ok,/home/elads/STAR/full_grid_solar_opacity/runs/T0p808485_rho4p26502em17/fac-opacity-cowan-state/starout.h5
0.8084850110078774,6.129168695925715e-17,fac-opacity-cowan-state,T0p808485_rho6p12917em17,0.3096685825198686,8.738894643471818,0.3274255142943242,0.017756931342518094,ok,/home/elads/STAR/full_grid_solar_opacity/runs/T0p808485_rho6p12917em17/fac-opacity-cowan-state/starout.h5
0.8084850110078774,8.808092965317026e-17,fac-opacity-cowan-state,T0p808485_rho8p80809em17,0.30909405130624823,9.103372825388876,0.32739917291149984,0.01830512115997932,ok,/home/elads/STAR/full_grid_solar_opacity/runs/T0p808485_rho8p80809em17/fac-opacity-cowan-state/starout.h5
0.8084850110078774,1.2657915866672028e-16,fac-opacity-cowan-state,T0p808485_rho1p26579em16,0.30831466024699417,9.480692248043912,0.3273366384946395,0.019021977784935574,ok,/home/elads/STAR/full_grid_solar_opacity/runs/T0p808485_rho1p26579em16/fac-opacity-cowan-state/starout.h5
0.8084850110078774,1.819041133178821e-16,fac-opacity-cowan-state,T0p808485_rho1p81904em16,0.3072790892569252,9.852683807448498,0.32723186809274607,0.019952778350469547,ok,/home/elads/STAR/full_grid_solar_opacity/runs/T0p808485_rho1p81904em16/fac-opacity-cowan-state/starout.h5
0.8084850110078774,2.6141038375114865e-16,fac-opacity-cowan-state,T0p808485_rho2p6141em16,0.3059400193664565,10.20099846281141,0.327090910975152,0.021150891094199677,ok,/home/elads/STAR/full_grid_solar_opacity/runs/T0p808485_rho2p6141em16/fac-opacity-cowan-state/starout.h5
0.8084850110078774,3.7566708903116036e-16,fac-opacity-cowan-state,T0p808485_rho3p75667em16,0.30426735013472994,10.51232878863702,0.32694527959914393,0.022677928912773333,ok,/home/elads/STAR/full_grid_solar_opacity/runs/T0p808485_rho3p75667em16/fac-opacity-cowan-state/starout.h5
0.8084850110078774,5.398628767382507e-16,fac-opacity-cowan-state,T0p808485_rho5p39863em16,0.3022647887607986,10.781240708030955,0.3268677000522885,0.024602910693024043,ok,/home/elads/STAR/full_grid_solar_opacity/runs/T0p808485_rho5p39863em16/fac-opacity-cowan-state/starout.h5
0.8084850110078774,7.758250168566793e-16,fac-opacity-cowan-state,T0p808485_rho7p75825em16,0.2999839657422598,11.01008918273237,0.32698426306983874,0.02700029667079657,ok,/home/elads/STAR/full_grid_solar_opacity/runs/T0p808485_rho7p75825em16/fac-opacity-cowan-state/starout.h5
0.8084850110078774,1.1149209970080914e-15,fac-opacity-cowan-state,T0p808485_rho1p11492em15,0.2975275023029837,11.207165641852143,0.3274748937395454,0.02994739070809162,ok,/home/elads/STAR/full_grid_solar_opacity/runs/T0p808485_rho1p11492em15/fac-opacity-cowan-state/starout.h5
0.8084850110078774,1.6022283408774753e-15,fac-opacity-cowan-state,T0p808485_rho1p60223em15,0.2950349027473957,11.384646473847146,0.3285567890367021,0.03352188547388664,ok,/home/elads/STAR/full_grid_solar_opacity/runs/T0p808485_rho1p60223em15/fac-opacity-cowan-state/starout.h5
0.8084850110078774,2.3025269621793266e-15,fac-opacity-cowan-state,T0p808485_rho2p30253em15,0.2926536143444254,11.557359782183173,0.33045336954992327,0.03779975428601916,ok,/home/elads/STAR/full_grid_solar_opacity/runs/T0p808485_rho2p30253em15/fac-opacity-cowan-state/starout.h5
0.8084850110078774,3.308910644196489e-15,fac-opacity-cowan-state,T0p808485_rho3p30891em15,0.29050672772285824,11.742693404755023,0.33335981975973156,0.04285309099447199,ok,/home/elads/STAR/full_grid_solar_opacity/runs/T0p808485_rho3p30891em15/fac-opacity-cowan-state/starout.h5
0.8084850110078774,4.755162406834019e-15,fac-opacity-cowan-state,T0p808485_rho4p75516em15,0.2886709414273284,11.961600225221705,0.3374190027118674,0.04874806009874256,ok,/home/elads/STAR/full_grid_solar_opacity/runs/T0p808485_rho4p75516em15/fac-opacity-cowan-state/starout.h5
0.8084850110078774,6.8335388732923106e-15,fac-opacity-cowan-state,T0p808485_rho6p83354em15,0.287171727167128,12.24062484774882,0.34271627182038095,0.055544543302131634,ok,/home/elads/STAR/full_grid_solar_opacity/runs/T0p808485_rho6p83354em15/fac-opacity-cowan-state/starout.h5
0.8084850110078774,9.820327790631256e-15,fac-opacity-cowan-state,T0p808485_rho9p82033em15,0.2859930317356123,12.615016481388345,0.3492932156820986,0.06330018240670952,ok,/home/elads/STAR/full_grid_solar_opacity/runs/T0p808485_rho9p82033em15/fac-opacity-cowan-state/starout.h5
0.8084850110078774,1.4112576178114521e-14,fac-opacity-cowan-state,T0p808485_rho1p41126em14,0.28509344580551294,13.133185286552768,0.35717521752336306,0.07208176996446115,ok,/home/elads/STAR/full_grid_solar_opacity/runs/T0p808485_rho1p41126em14/fac-opacity-cowan-state/starout.h5
0.8084850110078774,2.0280871538024598e-14,fac-opacity-cowan-state,T0p808485_rho2p02809em14,0.2844214153298025,13.862981109044973,0.36640725794409507,0.08198584061998705,ok,/home/elads/STAR/full_grid_solar_opacity/runs/T0p808485_rho2p02809em14/fac-opacity-cowan-state/starout.h5
0.8084850110078774,2.914519256800997e-14,fac-opacity-cowan-state,T0p808485_rho2p91452em14,0.2839257834445108,14.90055089617357,0.37709287161813576,0.09316708590733594,ok,/home/elads/STAR/full_grid_solar_opacity/runs/T0p808485_rho2p91452em14/fac-opacity-cowan-state/starout.h5
0.8084850110078774,4.188391254457488e-14,fac-opacity-cowan-state,T0p808485_rho4p18839em14,0.28356131689980246,16.382894284753462,0.38943074113791176,0.10586942166283556,ok,/home/elads/STAR/full_grid_solar_opacity/runs/T0p808485_rho4p18839em14/fac-opacity-cowan-state/starout.h5
0.8084850110078774,6.019044567806669e-14,fac-opacity-cowan-state,T0p808485_rho6p01904em14,0.2832905006733292,18.505712762905837,0.4037449161340568,0.12045441253067392,ok,/home/elads/STAR/full_grid_solar_opacity/runs/T0p808485_rho6p01904em14/fac-opacity-cowan-state/starout.h5
0.8084850110078774,8.649836012976684e-14,fac-opacity-cowan-state,T0p808485_rho8p64984em14,0.28308312599501895,21.548785907485495,0.4205100801989665,0.1374269508610372,ok,/home/elads/STAR/full_grid_solar_opacity/runs/T0p808485_rho8p64984em14/fac-opacity-cowan-state/starout.h5
0.8084850110078774,1.2430488295695167e-13,fac-opacity-cowan-state,T0p808485_rho1p24305em13,0.28291480262107627,25.91196276004114,0.44037902349459407,0.15746421704320093,ok,/home/elads/STAR/full_grid_solar_opacity/runs/T0p808485_rho1p24305em13/fac-opacity-cowan-state/starout.h5
0.8084850110078774,1.7863580192457348e-13,fac-opacity-cowan-state,T0p808485_rho1p78636em13,0.28276504762522914,32.16600323452339,0.46422108829990155,0.18145603626075488,ok,/home/elads/STAR/full_grid_solar_opacity/runs/T0p808485_rho1p78636em13/fac-opacity-cowan-state/starout.h5
0.8084850110078774,2.567135656310987e-13,fac-opacity-cowan-state,T0p808485_rho2p56714em13,0.28261522626775853,41.12399370567724,0.49317774280628435,0.21056251141659346,ok,/home/elads/STAR/full_grid_solar_opacity/runs/T0p808485_rho2p56714em13/fac-opacity-cowan-state/starout.h5
0.8084850110078774,3.6891739544382357e-13,fac-opacity-cowan-state,T0p808485_rho3p68917em13,0.2824464029610429,53.940959294563754,0.5287378305146594,0.24629142156257852,ok,/home/elads/STAR/full_grid_solar_opacity/runs/T0p808485_rho3p68917em13/fac-opacity-cowan-state/starout.h5
0.8084850110078774,5.301630411562758e-13,fac-opacity-cowan-state,T0p808485_rho5p30163em13,0.2822370190457323,72.25161097074428,0.5728340497054832,0.29059702359097916,ok,/home/elads/STAR/full_grid_solar_opacity/runs/T0p808485_rho5p30163em13/fac-opacity-cowan-state/starout.h5
0.8084850110078774,7.618855973704612e-13,fac-opacity-cowan-state,T0p808485_rho7p61886em13,0.2819602327738841,98.35888959046473,0.6279677118881416,0.34600747069762655,ok,/home/elads/STAR/full_grid_solar_opacity/runs/T0p808485_rho7p61886em13/fac-opacity-cowan-state/starout.h5
0.8084850110078774,1.0948889651276868e-12,fac-opacity-cowan-state,T0p808485_rho1p09489em12,0.28158068857728624,135.4887816912944,0.6973807098165946,0.41580001112497444,ok,/home/elads/STAR/full_grid_solar_opacity/runs/T0p808485_rho1p09489em12/fac-opacity-cowan-state/starout.h5
0.8084850110078774,1.5734407502856082e-12,fac-opacity-cowan-state,T0p808485_rho1p57344em12,0.2810504354586308,188.1289346146833,0.7853033376936983,0.5042528899691171,ok,/home/elads/STAR/full_grid_solar_opacity/runs/T0p808485_rho1p57344em12/fac-opacity-cowan-state/starout.h5
0.8084850110078774,2.26115695153675e-12,fac-opacity-cowan-state,T0p808485_rho2p26116em12,0.28030368922210347,262.4676930535485,0.8972994637793454,0.6169957595488219,ok,/home/elads/STAR/full_grid_solar_opacity/runs/T0p808485_rho2p26116em12/fac-opacity-cowan-state/starout.h5
0.8084850110078774,3.249458715591849e-12,fac-opacity-cowan-state,T0p808485_rho3p24946em12,0.27925037807631914,366.9424827158315,1.0407016594026848,0.7614512628040657,ok,/home/elads/STAR/full_grid_solar_opacity/runs/T0p808485_rho3p24946em12/fac-opacity-cowan-state/starout.h5
0.8084850110078774,4.669725353279713e-12,fac-opacity-cowan-state,T0p808485_rho4p66973em12,0.2777684472342425,512.8834767016041,1.2250882813875064,0.9473198111097129,ok,/home/elads/STAR/full_grid_solar_opacity/runs/T0p808485_rho4p66973em12/fac-opacity-cowan-state/starout.h5
0.8084850110078774,6.710759170575148e-12,fac-opacity-cowan-state,T0p808485_rho6p71076em12,0.27569594334119907,715.1869701768221,1.4627164917898947,1.187020519574425,ok,/home/elads/STAR/full_grid_solar_opacity/runs/T0p808485_rho6p71076em12/fac-opacity-cowan-state/starout.h5
0.8084850110078774,9.64388379154446e-12,fac-opacity-cowan-state,T0p808485_rho9p64388em12,0.27282457532644067,992.8482575413631,1.7687610043827995,1.4959363926677112,ok,/home/elads/STAR/full_grid_solar_opacity/runs/T0p808485_rho9p64388em12/fac-opacity-cowan-state/starout.h5
0.8084850110078774,1.3859012403933867e-11,fac-opacity-cowan-state,T0p808485_rho1p3859em11,0.26889877220294267,1369.0186516789229,2.1610919951187517,1.8921931768882159,ok,/home/elads/STAR/full_grid_solar_opacity/runs/T0p808485_rho1p3859em11/fac-opacity-cowan-state/starout.h5
0.8084850110078774,1.9916480638308542e-11,fac-opacity-cowan-state,T0p808485_rho1p99165em11,0.2636256850837475,1870.0640184066854,2.659181769067626,2.3955560257119863,ok,/home/elads/STAR/full_grid_solar_opacity/runs/T0p808485_rho1p99165em11/fac-opacity-cowan-state/starout.h5
0.8084850110078774,2.8621534453892672e-11,fac-opacity-cowan-state,T0p808485_rho2p86215em11,0.25670269816245955,2523.042557149442,3.2817291067419303,3.0250263349957143,ok,/home/elads/STAR/full_grid_solar_opacity/runs/T0p808485_rho2p86215em11/fac-opacity-cowan-state/starout.h5
0.8084850110078774,4.1131375034185614e-11,fac-opacity-cowan-state,T0p808485_rho4p11314em11,0.24786606762222674,3351.304548491629,4.042932185075149,3.7950660251379524,ok,/home/elads/STAR/full_grid_solar_opacity/runs/T0p808485_rho4p11314em11/fac-opacity-cowan-state/starout.h5
0.8084850110078774,5.910899064227969e-11,fac-opacity-cowan-state,T0p808485_rho5p9109em11,0.2369555239612547,4368.689869538417,4.948068644246001,4.71111300568694,ok,/home/elads/STAR/full_grid_solar_opacity/runs/T0p808485_rho5p9109em11/fac-opacity-cowan-state/starout.h5
0.8084850110078774,8.4944224982638e-11,fac-opacity-cowan-state,T0p808485_rho8p49442em11,0.22397758018691818,5573.890684207902,5.989854666736436,5.765876946294579,ok,/home/elads/STAR/full_grid_solar_opacity/runs/T0p808485_rho8p49442em11/fac-opacity-cowan-state/starout.h5
0.8084850110078774,1.2207146966133182e-10,fac-opacity-cowan-state,T0p808485_rho1p22071em10,0.2091418495958811,6947.245495989422,7.14726116492701,6.938119146561403,ok,/home/elads/STAR/full_grid_solar_opacity/runs/T0p808485_rho1p22071em10/fac-opacity-cowan-state/starout.h5
0.8084850110078774,1.7542621300415897e-10,fac-opacity-cowan-state,T0p808485_rho1p75426em10,0.19285061069697143,8451.744050868027,8.387611128706682,8.194760318672195,ok,/home/elads/STAR/full_grid_solar_opacity/runs/T0p808485_rho1p75426em10/fac-opacity-cowan-state/starout.h5
0.8084850110078774,2.52101136279913e-10,fac-opacity-cowan-state,T0p808485_rho2p52101em10,0.1756409871505451,10038.244102977576,9.671223219389827,9.49558200125928,ok,/home/elads/STAR/full_grid_solar_opacity/runs/T0p808485_rho2p52101em10/fac-opacity-cowan-state/starout.h5
0.8084850110078774,3.6228897509242966e-10,fac-opacity-cowan-state,T0p808485_rho3p62289em10,0.1581009497157126,11653.096479790744,10.95691502761332,10.798813815216501,ok,/home/elads/STAR/full_grid_solar_opacity/runs/T0p808485_rho3p62289em10/fac-opacity-cowan-state/starout.h5
0.8084850110078774,5.20637484663258e-10,fac-opacity-cowan-state,T0p808485_rho5p20637em10,0.14078712363071194,13245.589632495656,12.206785024442471,12.065997607306409,ok,/home/elads/STAR/full_grid_solar_opacity/runs/T0p808485_rho5p20637em10/fac-opacity-cowan-state/starout.h5
0.8084850110078774,7.481966305138837e-10,fac-opacity-cowan-state,T0p808485_rho7p48197em10,0.12416554307380391,14773.29443887529,13.38956998966524,13.265404123910523,ok,/home/elads/STAR/full_grid_solar_opacity/runs/T0p808485_rho7p48197em10/fac-opacity-cowan-state/starout.h5
0.8084850110078774,1.0752168531898921e-09,fac-opacity-cowan-state,T0p808485_rho1p07522em09,0.10858265823026543,16204.701096473194,14.482695440362912,14.374112432482395,ok,/home/elads/STAR/full_grid_solar_opacity/runs/T0p808485_rho1p07522em09/fac-opacity-cowan-state/starout.h5
0.8084850110078774,1.5451703926941453e-09,fac-opacity-cowan-state,T0p808485_rho1p54517em09,0.09426223526426045,17519.50034010359,15.47336505366219,15.379102444301306,ok,/home/elads/STAR/full_grid_solar_opacity/runs/T0p808485_rho1p54517em09/fac-opacity-cowan-state/starout.h5
0.8084850110078774,2.220530245015531e-09,fac-opacity-cowan-state,T0p808485_rho2p22053em09,0.08131911286568519,18707.306909013303,16.358759847642563,16.27744033882819,ok,/home/elads/STAR/full_grid_solar_opacity/runs/T0p808485_rho2p22053em09/fac-opacity-cowan-state/starout.h5
0.8084850110078774,3.1910749729235452e-09,fac-opacity-cowan-state,T0p808485_rho3p19107em09,0.06978103848309845,19765.831530978798,17.523929927930325,17.454148464875118,ok,/home/elads/STAR/full_grid_solar_opacity/runs/T0p808485_rho3p19107em09/fac-opacity-cowan-state/starout.h5
0.8084850110078774,4.585823366142813e-09,fac-opacity-cowan-state,T0p808485_rho4p58582em09,0.05961202519553657,20698.090853887385,18.230958842612957,18.17134637539948,ok,/home/elads/STAR/full_grid_solar_opacity/runs/T0p808485_rho4p58582em09/fac-opacity-cowan-state/starout.h5
0.8084850110078774,6.590185477903269e-09,fac-opacity-cowan-state,T0p808485_rho6p59019em09,0.05073348980518213,21511.43980662042,18.86244406747644,18.811710120076476,ok,/home/elads/STAR/full_grid_solar_opacity/runs/T0p808485_rho6p59019em09/fac-opacity-cowan-state/starout.h5
0.8084850110078774,9.470610000772238e-09,fac-opacity-cowan-state,T0p808485_rho9p47061em09,0.04304152881823089,22215.367859701655,19.439878854418332,19.396836853772108,ok,/home/elads/STAR/full_grid_solar_opacity/runs/T0p808485_rho9p47061em09/fac-opacity-cowan-state/starout.h5
0.8084850110078774,1.3610004466105506e-08,fac-opacity-cowan-state,T0p808485_rho1p361em08,0.03642002899235589,22820.388688104314,19.963906940277198,19.927486426548796,ok,/home/elads/STAR/full_grid_solar_opacity/runs/T0p808485_rho1p361em08/fac-opacity-cowan-state/starout.h5
0.8084850110078774,1.9558636830395073e-08,fac-opacity-cowan-state,T0p808485_rho1p95586em08,0.030750003297716967,23337.27682784073,20.450898903966767,20.420148403948993,ok,/home/elads/STAR/full_grid_solar_opacity/runs/T0p808485_rho1p95586em08/fac-opacity-cowan-state/starout.h5
0.8084850110078774,2.810728502080722e-08,fac-opacity-cowan-state,T0p808485_rho2p81073em08,0.02591581333043931,23776.406825002945,20.9087730232008,20.882856701894937,ok,/home/elads/STAR/full_grid_solar_opacity/runs/T0p808485_rho2p81073em08/fac-opacity-cowan-state/starout.h5
0.8084850110078774,4.039235853150913e-08,fac-opacity-cowan-state,T0p808485_rho4p03924em08,0.027043887533244267,23037.539260247067,30.533155467160277,30.505679848534733,ok,/home/elads/STAR/full_grid_solar_opacity/runs/T0p808485_rho4p03924em08/fac-opacity-cowan-state/starout.h5
0.8084850110078774,5.804696634805446e-08,fac-opacity-cowan-state,T0p808485_rho5p8047em08,0.022325126003439305,23469.04884227779,26.86844280763588,26.845579120230898,ok,/home/elads/STAR/full_grid_solar_opacity/runs/T0p808485_rho5p8047em08/fac-opacity-cowan-state/starout.h5
0.8084850110078774,8.341801332506338e-08,fac-opacity-cowan-state,T0p808485_rho8p3418em08,0.018342151199496493,23838.93806669988,30.905118236109892,30.88631374672231,ok,/home/elads/STAR/full_grid_solar_opacity/runs/T0p808485_rho8p3418em08/fac-opacity-cowan-state/starout.h5
0.8084850110078774,1.1987818459583772e-07,fac-opacity-cowan-state,T0p808485_rho1p19878em07,0.0150238872252975,24379.82016111408,31.868661334212074,31.8532761916258,ok,/home/elads/STAR/full_grid_solar_opacity/runs/T0p808485_rho1p19878em07/fac-opacity-cowan-state/starout.h5
0.8084850110078774,1.7227429147699408e-07,fac-opacity-cowan-state,T0p808485_rho1p72274em07,0.012224221292998787,24692.16338435653,31.342256925732368,31.32964854390041,ok,/home/elads/STAR/full_grid_solar_opacity/runs/T0p808485_rho1p72274em07/fac-opacity-cowan-state/starout.h5
0.8084850110078774,2.4757157946593376e-07,fac-opacity-cowan-state,T0p808485_rho2p47572em07,0.009892996916310933,24976.86253312208,34.32809022623651,34.317875323335116,ok,/home/elads/STAR/full_grid_solar_opacity/runs/T0p808485_rho2p47572em07/fac-opacity-cowan-state/starout.h5
0.8084850110078774,3.557796490339488e-07,fac-opacity-cowan-state,T0p808485_rho3p5578em07,0.007960776547781243,25223.384880075595,34.92534521384246,34.917056522605655,ok,/home/elads/STAR/full_grid_solar_opacity/runs/T0p808485_rho3p5578em07/fac-opacity-cowan-state/starout.h5
0.8084850110078774,5.112830759482948e-07,fac-opacity-cowan-state,T0p808485_rho5p11283em07,0.0063680476657437405,25462.043290834063,37.8215294805614,37.81482267984361,ok,/home/elads/STAR/full_grid_solar_opacity/runs/T0p808485_rho5p11283em07/fac-opacity-cowan-state/starout.h5
0.8084850110078774,7.347536163492159e-07,fac-opacity-cowan-state,T0p808485_rho7p34754em07,0.005062366219642819,25683.072877282524,35.644368331114286,35.63891662117084,ok,/home/elads/STAR/full_grid_solar_opacity/runs/T0p808485_rho7p34754em07/fac-opacity-cowan-state/starout.h5
0.8084850110078774,1.0558981944335787e-06,fac-opacity-cowan-state,T0p808485_rho1p0559em06,0.003998272638334345,25912.37983528325,43.550125734094735,43.54578705258309,ok,/home/elads/STAR/full_grid_solar_opacity/runs/T0p808485_rho1p0559em06/fac-opacity-cowan-state/starout.h5
0.8084850110078774,1.517407974863493e-06,fac-opacity-cowan-state,T0p808485_rho1p51741em06,0.0031371859094236182,26120.323590787364,37.83100853512429,37.82752649427322,ok,/home/elads/STAR/full_grid_solar_opacity/runs/T0p808485_rho1p51741em06/fac-opacity-cowan-state/starout.h5
0.8084850110078774,2.1806334875063253e-06,fac-opacity-cowan-state,T0p808485_rho2p18063em06,0.002441571491567796,25565.719525568176,38.04654025986629,38.043834374572995,ok,/home/elads/STAR/full_grid_solar_opacity/runs/T0p808485_rho2p18063em06/fac-opacity-cowan-state/starout.h5
0.8084850110078774,3.1337402238588983e-06,fac-opacity-cowan-state,T0p808485_rho3p13374em06,0.0018914141352841046,25663.188642856872,38.423627940325616,38.4214909697575,ok,/home/elads/STAR/full_grid_solar_opacity/runs/T0p808485_rho3p13374em06/fac-opacity-cowan-state/starout.h5
0.8084850110078774,4.503428864545845e-06,fac-opacity-cowan-state,T0p808485_rho4p50343em06,0.0014566335185436337,25744.491808325256,40.07254374059396,40.070859665591975,ok,/home/elads/STAR/full_grid_solar_opacity/runs/T0p808485_rho4p50343em06/fac-opacity-cowan-state/starout.h5
0.8084850110078774,6.471778159406801e-06,fac-opacity-cowan-state,T0p808485_rho6p47178em06,0.0011152760642836517,25828.389925234605,47.313704084936155,47.312408960505984,ok,/home/elads/STAR/full_grid_solar_opacity/runs/T0p808485_rho6p47178em06/fac-opacity-cowan-state/starout.h5
0.8084850110078774,9.300449458481393e-06,fac-opacity-cowan-state,T0p808485_rho9p30045em06,0.0008499894338204452,25901.210968719333,47.91295158330282,47.911919679493074,ok,/home/elads/STAR/full_grid_solar_opacity/runs/T0p808485_rho9p30045em06/fac-opacity-cowan-state/starout.h5
0.8084850110078774,1.3365470508911143e-05,fac-opacity-cowan-state,T0p808485_rho1p33655em05,0.0006450127058074553,25981.75596148029,49.663544355893215,49.6627100866264,ok,/home/elads/STAR/full_grid_solar_opacity/runs/T0p808485_rho1p33655em05/fac-opacity-cowan-state/starout.h5
0.8084850110078774,1.920722248123928e-05,fac-opacity-cowan-state,T0p808485_rho1p92072em05,0.0004880786569043344,26045.699966864788,54.304298229358196,54.3036595845772,ok,/home/elads/STAR/full_grid_solar_opacity/runs/T0p808485_rho1p92072em05/fac-opacity-cowan-state/starout.h5
0.8084850110078774,2.760227522090268e-05,fac-opacity-cowan-state,T0p808485_rho2p76023em05,0.0003680200004247378,26099.36916613704,60.79616795512285,60.795677148662996,ok,/home/elads/STAR/full_grid_solar_opacity/runs/T0p808485_rho2p76023em05/fac-opacity-cowan-state/starout.h5
0.8084850110078774,3.966662010161191e-05,fac-opacity-cowan-state,T0p808485_rho3p96666em05,0.00024083027605245242,25694.846620967706,28.587723758944602,28.58735102726737,ok,/home/elads/STAR/full_grid_solar_opacity/runs/T0p808485_rho3p96666em05/fac-opacity-cowan-state/starout.h5
0.8084850110078774,5.7004023678963655e-05,fac-opacity-cowan-state,T0p808485_rho5p7004em05,0.00017517224877793228,25708.61038181013,31.093732438178176,31.09346663128831,ok,/home/elads/STAR/full_grid_solar_opacity/runs/T0p808485_rho5p7004em05/fac-opacity-cowan-state/starout.h5
0.8084850110078774,8.191922344953684e-05,fac-opacity-cowan-state,T0p808485_rho8p19192em05,0.00012676448501693506,25710.50336170324,24.699032327613626,24.698819691935462,ok,/home/elads/STAR/full_grid_solar_opacity/runs/T0p808485_rho8p19192em05/fac-opacity-cowan-state/starout.h5
0.8084850110078774,0.00011772430676769293,fac-opacity-cowan-state,T0p808485_rho0p000117724,9.132869121284533e-05,25717.53723114748,23.318090199515623,23.31793308350756,ok,/home/elads/STAR/full_grid_solar_opacity/runs/T0p808485_rho0p000117724/fac-opacity-cowan-state/starout.h5
0.8084850110078774,0.00016917900122028344,fac-opacity-cowan-state,T0p808485_rho0p000169179,6.55494359906099e-05,25725.107122806432,22.904530572544235,22.904415380656587,ok,/home/elads/STAR/full_grid_solar_opacity/runs/T0p808485_rho0p000169179/fac-opacity-cowan-state/starout.h5
0.8084850110078774,0.0002431234061999784,fac-opacity-cowan-state,T0p808485_rho0p000243123,4.689370945604423e-05,25730.029658002568,21.566833909745906,21.566749730123306,ok,/home/elads/STAR/full_grid_solar_opacity/runs/T0p808485_rho0p000243123/fac-opacity-cowan-state/starout.h5
0.8084850110078774,0.0003493872774749123,fac-opacity-cowan-state,T0p808485_rho0p000349387,3.3447312833153174e-05,25735.173623713898,22.842921672606227,22.842859195295254,ok,/home/elads/STAR/full_grid_solar_opacity/runs/T0p808485_rho0p000349387/fac-opacity-cowan-state/starout.h5
0.8084850110078774,0.0005020967399614471,fac-opacity-cowan-state,T0p808485_rho0p000502097,2.383725681347677e-05,25735.943403095356,19.391394870586687,19.391349570053983,ok,/home/elads/STAR/full_grid_solar_opacity/runs/T0p808485_rho0p000502097/fac-opacity-cowan-state/starout.h5
0.8084850110078774,0.0007215521357901021,fac-opacity-cowan-state,T0p808485_rho0p000721552,1.6937581485088227e-05,25739.52170780245,22.88219611423681,22.882163610071398,ok,/home/elads/STAR/full_grid_solar_opacity/runs/T0p808485_rho0p000721552/fac-opacity-cowan-state/starout.h5
0.8084850110078774,0.0010369266382873438,fac-opacity-cowan-state,T0p808485_rho0p00103693,1.1987246754795235e-05,25740.495535331018,19.393526679545978,19.39350283053188,ok,/home/elads/STAR/full_grid_solar_opacity/runs/T0p808485_rho0p00103693/fac-opacity-cowan-state/starout.h5
0.8084850110078774,0.0014901443705277455,fac-opacity-cowan-state,T0p808485_rho0p00149014,8.4739870927167e-06,25742.54505636849,19.823210691118486,19.82319397686498,ok,/home/elads/STAR/full_grid_solar_opacity/runs/T0p808485_rho0p00149014/fac-opacity-cowan-state/starout.h5
0.8084850110078774,0.002141453563853953,fac-opacity-cowan-state,T0p808485_rho0p00214145,5.968888541775972e-06,25744.007632121335,20.11397151450886,20.113959285815756,ok,/home/elads/STAR/full_grid_solar_opacity/runs/T0p808485_rho0p00214145/fac-opacity-cowan-state/starout.h5
0.8084850110078774,0.003077435620898055,fac-opacity-cowan-state,T0p808485_rho0p00307744,4.204618540289472e-06,25744.87341515527,20.016346220299454,20.01633747797256,ok,/home/elads/STAR/full_grid_solar_opacity/runs/T0p808485_rho0p00307744/fac-opacity-cowan-state/starout.h5
0.8084850110078774,0.004422514763163053,fac-opacity-cowan-state,T0p808485_rho0p00442251,2.910638215239892e-06,25745.639412532797,19.78342171957918,19.783415348633373,ok,/home/elads/STAR/full_grid_solar_opacity/runs/T0p808485_rho0p00442251/fac-opacity-cowan-state/starout.h5
0.8084850110078774,0.006355498291362301,fac-opacity-cowan-state,T0p808485_rho0p0063555,2.0238120516169777e-06,25746.056091264756,19.488629822526466,19.488625284988352,ok,/home/elads/STAR/full_grid_solar_opacity/runs/T0p808485_rho0p0063555/fac-opacity-cowan-state/starout.h5
0.8084850110078774,0.009133346228248624,fac-opacity-cowan-state,T0p808485_rho0p00913335,1.4346421417618232e-06,25748.31685002171,20.862589469348386,20.86258608714282,ok,/home/elads/STAR/full_grid_solar_opacity/runs/T0p808485_rho0p00913335/fac-opacity-cowan-state/starout.h5
0.8084850110078774,0.01312533014735226,fac-opacity-cowan-state,T0p808485_rho0p0131253,1.0347519528259094e-06,25748.880100772807,20.882123925024782,20.882121401383625,ok,/home/elads/STAR/full_grid_solar_opacity/runs/T0p808485_rho0p0131253/fac-opacity-cowan-state/starout.h5
0.8084850110078774,0.018862122071335155,fac-opacity-cowan-state,T0p808485_rho0p0188621,3.48636982988124e-06,25749.887577114136,20.69256870318075,20.692564721433303,ok,/home/elads/STAR/full_grid_solar_opacity/runs/T0p808485_rho0p0188621/fac-opacity-cowan-state/starout.h5
0.8084850110078774,0.02710633904364831,fac-opacity-cowan-state,T0p808485_rho0p0271063,6.969763797505574e-06,25753.418598758923,21.678893062952323,21.67888568984089,ok,/home/elads/STAR/full_grid_solar_opacity/runs/T0p808485_rho0p0271063/fac-opacity-cowan-state/starout.h5
0.8084850110078774,0.038953921174427183,fac-opacity-cowan-state,T0p808485_rho0p0389539,9.243042346238345e-06,25756.489668941063,21.549381183208162,21.54937150345485,ok,/home/elads/STAR/full_grid_solar_opacity/runs/T0p808485_rho0p0389539/fac-opacity-cowan-state/starout.h5
0.8084850110078774,0.0559798197912329,fac-opacity-cowan-state,T0p808485_rho0p0559798,1.1028487230392297e-05,25761.677217447977,19.944900407662,19.944888926642385,ok,/home/elads/STAR/full_grid_solar_opacity/runs/T0p808485_rho0p0559798/fac-opacity-cowan-state/starout.h5
0.8084850110078774,0.08044736266284185,fac-opacity-cowan-state,T0p808485_rho0p0804474,1.3464519768330247e-05,25769.236235496057,19.800924026057082,19.800910076485362,ok,/home/elads/STAR/full_grid_solar_opacity/runs/T0p808485_rho0p0804474/fac-opacity-cowan-state/starout.h5
0.8084850110078774,0.11560912813835741,fac-opacity-cowan-state,T0p808485_rho0p115609,1.3456037504566455e-05,25781.672297465564,21.24718271910428,21.247168740058886,ok,/home/elads/STAR/full_grid_solar_opacity/runs/T0p808485_rho0p115609/fac-opacity-cowan-state/starout.h5
0.8084850110078774,0.1661393247274789,fac-opacity-cowan-state,T0p808485_rho0p166139,1.348786106755097e-05,25795.633583343275,19.66537713624156,19.665363161850546,ok,/home/elads/STAR/full_grid_solar_opacity/runs/T0p808485_rho0p166139/fac-opacity-cowan-state/starout.h5
0.8084850110078774,0.23875515424585794,fac-opacity-cowan-state,T0p808485_rho0p238755,1.403481883858287e-05,25817.36362456154,19.196946857219945,19.196932348191332,ok,/home/elads/STAR/full_grid_solar_opacity/runs/T0p808485_rho0p238755/fac-opacity-cowan-state/starout.h5
0.8084850110078774,0.34310975906798746,fac-opacity-cowan-state,T0p808485_rho0p34311,1.5176186097963686e-05,25859.613207418908,19.446098547244148,19.446082892563187,ok,/home/elads/STAR/full_grid_solar_opacity/runs/T0p808485_rho0p34311/fac-opacity-cowan-state/starout.h5
0.8084850110078774,0.49307545690287347,fac-opacity-cowan-state,T0p808485_rho0p493075,1.6700181810725217e-05,25968.177327567897,17.403629753838995,17.403612626253725,ok,/home/elads/STAR/full_grid_solar_opacity/runs/T0p808485_rho0p493075/fac-opacity-cowan-state/starout.h5
0.8084850110078774,0.7085878491488851,fac-opacity-cowan-state,T0p808485_rho0p708588,1.974721198943228e-05,26202.693827934614,16.55149367199277,16.551473519327022,ok,/home/elads/STAR/full_grid_solar_opacity/runs/T0p808485_rho0p708588/fac-opacity-cowan-state/starout.h5
0.8084850110078774,1.0182959482819007,fac-opacity-cowan-state,T0p808485_rho1p0183,2.607479066606575e-05,26566.955955930178,14.509946781810651,14.509920352119435,ok,/home/elads/STAR/full_grid_solar_opacity/runs/T0p808485_rho1p0183/fac-opacity-cowan-state/starout.h5
0.8084850110078774,1.4633706173946401,fac-opacity-cowan-state,T0p808485_rho1p46337,3.881112692254005e-05,26999.24538947649,13.365483592024821,13.36544445441737,ok,/home/elads/STAR/full_grid_solar_opacity/runs/T0p808485_rho1p46337/fac-opacity-cowan-state/starout.h5
0.8084850110078774,2.1029775945461404,fac-opacity-cowan-state,T0p808485_rho2p10298,6.741450271543157e-05,27386.80116242659,12.001136457931924,12.001068750396,ok,/home/elads/STAR/full_grid_solar_opacity/runs/T0p808485_rho2p10298/fac-opacity-cowan-state/starout.h5
0.8084850110078774,3.0221426551783854,fac-opacity-cowan-state,T0p808485_rho3p02214,0.00014435870075889693,27409.421365586197,10.618510067165724,10.61836544895142,ok,/home/elads/STAR/full_grid_solar_opacity/runs/T0p808485_rho3p02214/fac-opacity-cowan-state/starout.h5
0.8084850110078774,4.343054463316713,fac-opacity-cowan-state,T0p808485_rho4p34305,0.0003939792990716238,26037.19151255281,9.807870642993,9.807476422728918,ok,/home/elads/STAR/full_grid_solar_opacity/runs/T0p808485_rho4p34305/fac-opacity-cowan-state/starout.h5
0.8084850110078774,6.241307649397467,fac-opacity-cowan-state,T0p808485_rho6p24131,0.0014911656851905144,19873.613047008497,9.296542976090869,9.295051575139242,ok,/home/elads/STAR/full_grid_solar_opacity/runs/T0p808485_rho6p24131/fac-opacity-cowan-state/starout.h5
0.8084850110078774,8.969245378672715,fac-opacity-cowan-state,T0p808485_rho8p96925,0.0038749108630247763,10348.339485926816,11.275966194696474,11.272090992968337,ok,/home/elads/STAR/full_grid_solar_opacity/runs/T0p808485_rho8p96925/fac-opacity-cowan-state/starout.h5
0.8084850110078774,12.889504440725364,fac-opacity-cowan-state,T0p808485_rho12p8895,0.0030903280503263185,7930.849953551176,7.27355693232936,7.270466410212406,ok,/home/elads/STAR/full_grid_solar_opacity/runs/T0p808485_rho12p8895/fac-opacity-cowan-state/starout.h5
0.8084850110078774,18.52322215674118,fac-opacity-cowan-state,T0p808485_rho18p5232,0.0024573676768800817,5963.078266689534,7.836904079173223,7.834446503592968,ok,/home/elads/STAR/full_grid_solar_opacity/runs/T0p808485_rho18p5232/fac-opacity-cowan-state/starout.h5
0.8084850110078774,26.61931346126126,fac-opacity-cowan-state,T0p808485_rho26p6193,0.0019491240024281042,4493.216637749383,8.552108156967336,8.55015881091467,ok,/home/elads/STAR/full_grid_solar_opacity/runs/T0p808485_rho26p6193/fac-opacity-cowan-state/starout.h5
0.8084850110078774,38.254027466328665,fac-opacity-cowan-state,T0p808485_rho38p254,0.0015401256527328947,3464.563343462378,11.110170919444856,11.10863052553972,ok,/home/elads/STAR/full_grid_solar_opacity/runs/T0p808485_rho38p254/fac-opacity-cowan-state/starout.h5
0.8084850110078774,54.97401800103719,fac-opacity-cowan-state,T0p808485_rho54p974,0.001216661677542147,2727.1675977048258,4.918119919743204,4.9169031353423005,ok,/home/elads/STAR/full_grid_solar_opacity/runs/T0p808485_rho54p974/fac-opacity-cowan-state/starout.h5
0.8084850110078774,79.0019471240894,fac-opacity-cowan-state,T0p808485_rho79p0019,0.0009586387585197099,2212.220280497642,4.179629725907662,4.178670982921672,ok,/home/elads/STAR/full_grid_solar_opacity/runs/T0p808485_rho79p0019/fac-opacity-cowan-state/starout.h5
0.8084850110078774,113.53195339077567,fac-opacity-cowan-state,T0p808485_rho113p532,0.0007460469898516851,1840.804524945414,4.4205034964403795,4.419757340998535,ok,/home/elads/STAR/full_grid_solar_opacity/runs/T0p808485_rho113p532/fac-opacity-cowan-state/starout.h5
0.8084850110078774,163.15426277379785,fac-opacity-cowan-state,T0p808485_rho163p154,0.003987461278505117,1748.851768541813,61.91502854212821,61.91103959317149,ok,/home/elads/STAR/full_grid_solar_opacity/runs/T0p808485_rho163p154/fac-opacity-cowan-state/starout.h5
0.8084850110078774,234.46538763970608,fac-opacity-cowan-state,T0p808485_rho234p465,0.06637334234689915,1556.5573082493363,188.06729075034994,188.0009127617704,ok,/home/elads/STAR/full_grid_solar_opacity/runs/T0p808485_rho234p465/fac-opacity-cowan-state/starout.h5
0.8084850110078774,336.94503022121665,fac-opacity-cowan-state,T0p808485_rho336p945,0.07962580256688521,4835.3386572177515,3845.478987781004,3845.3992682446583,ok,/home/elads/STAR/full_grid_solar_opacity/runs/T0p808485_rho336p945/fac-opacity-cowan-state/starout.h5
0.8084850110078774,484.21626123015125,fac-opacity-cowan-state,T0p808485_rho484p216,0.09029475240484351,4622.188176216658,3733.0585587971987,3732.96817298862,ok,/home/elads/STAR/full_grid_solar_opacity/runs/T0p808485_rho484p216/fac-opacity-cowan-state/starout.h5
0.8084850110078774,695.8564947100452,fac-opacity-cowan-state,T0p808485_rho695p856,0.16996279167652006,6683.164302754429,5992.017127912307,5991.8470188574465,ok,/home/elads/STAR/full_grid_solar_opacity/runs/T0p808485_rho695p856/fac-opacity-cowan-state/starout.h5
0.8084850110078774,1000.0,fac-opacity-cowan-state,T0p808485_rho1000,0.2017985728344988,5079.99552166471,4355.668464741859,4355.466559637904,ok,/home/elads/STAR/full_grid_solar_opacity/runs/T0p808485_rho1000/fac-opacity-cowan-state/starout.h5
0.8900458229106963,1e-17,fac-opacity-cowan-state,T0p890046_rho1em17,0.3111080551407274,11.507261650038194,0.33801390081672666,0.026905845185325725,ok,/home/elads/STAR/full_grid_solar_opacity/runs/T0p890046_rho1em17/fac-opacity-cowan-state/starout.h5
0.8900458229106963,1.4370779141993746e-17,fac-opacity-cowan-state,T0p890046_rho1p43708em17,0.31109891608682816,11.682650257954268,0.33863492668709894,0.027536010098105034,ok,/home/elads/STAR/full_grid_solar_opacity/runs/T0p890046_rho1p43708em17/fac-opacity-cowan-state/starout.h5
0.8900458229106963,2.065192931479625e-17,fac-opacity-cowan-state,T0p890046_rho2p06519em17,0.31108742791827776,11.93318156870044,0.3391477785057257,0.028060350075719786,ok,/home/elads/STAR/full_grid_solar_opacity/runs/T0p890046_rho2p06519em17/fac-opacity-cowan-state/starout.h5
0.8900458229106963,2.9678431503900313e-17,fac-opacity-cowan-state,T0p890046_rho2p96784em17,0.3110725262421662,12.256976352897185,0.33957435557572474,0.028501828813779148,ok,/home/elads/STAR/full_grid_solar_opacity/runs/T0p890046_rho2p96784em17/fac-opacity-cowan-state/starout.h5
0.8900458229106963,4.2650218442334076e-17,fac-opacity-cowan-state,T0p890046_rho4p26502em17,0.3110527065397576,12.646576334032215,0.33993711481256483,0.028884407746051145,ok,/home/elads/STAR/full_grid_solar_opacity/runs/T0p890046_rho4p26502em17/fac-opacity-cowan-state/starout.h5
0.8900458229106963,6.129168695925715e-17,fac-opacity-cowan-state,T0p890046_rho6p12917em17,0.3110257883529368,13.088155973394887,0.3402577779630756,0.02923198907704401,ok,/home/elads/STAR/full_grid_solar_opacity/runs/T0p890046_rho6p12917em17/fac-opacity-cowan-state/starout.h5
0.8900458229106963,8.808092965317026e-17,fac-opacity-cowan-state,T0p890046_rho8p80809em17,0.3109886055862816,13.563619090236562,0.3405570793126664,0.029568473187153475,ok,/home/elads/STAR/full_grid_solar_opacity/runs/T0p890046_rho8p80809em17/fac-opacity-cowan-state/starout.h5
0.8900458229106963,1.2657915866672028e-16,fac-opacity-cowan-state,T0p890046_rho1p26579em16,0.3109366037316933,14.055625258946932,0.34085527590005027,0.029918671622739625,ok,/home/elads/STAR/full_grid_solar_opacity/runs/T0p890046_rho1p26579em16/fac-opacity-cowan-state/starout.h5
0.8900458229106963,1.819041133178821e-16,fac-opacity-cowan-state,T0p890046_rho1p81904em16,0.3108633065857891,14.553511835268518,0.341173065213718,0.030309758075178838,ok,/home/elads/STAR/full_grid_solar_opacity/runs/T0p890046_rho1p81904em16/fac-opacity-cowan-state/starout.h5
0.8900458229106963,2.6141038375114865e-16,fac-opacity-cowan-state,T0p890046_rho2p6141em16,0.3107596047336476,15.057113919112588,0.3415325022828675,0.03077289698802404,ok,/home/elads/STAR/full_grid_solar_opacity/runs/T0p890046_rho2p6141em16/fac-opacity-cowan-state/starout.h5
0.8900458229106963,3.7566708903116036e-16,fac-opacity-cowan-state,T0p890046_rho3p75667em16,0.31061282373291826,15.576564001672077,0.34195757072158056,0.031344746417038195,ok,/home/elads/STAR/full_grid_solar_opacity/runs/T0p890046_rho3p75667em16/fac-opacity-cowan-state/starout.h5
0.8900458229106963,5.398628767382507e-16,fac-opacity-cowan-state,T0p890046_rho5p39863em16,0.3104055591045988,16.12813138718856,0.34247430252002214,0.0320687428305954,ok,/home/elads/STAR/full_grid_solar_opacity/runs/T0p890046_rho5p39863em16/fac-opacity-cowan-state/starout.h5
0.8900458229106963,7.758250168566793e-16,fac-opacity-cowan-state,T0p890046_rho7p75825em16,0.3101143351560372,16.727483847982842,0.3431106948979168,0.032996359140134955,ok,/home/elads/STAR/full_grid_solar_opacity/runs/T0p890046_rho7p75825em16/fac-opacity-cowan-state/starout.h5
0.8900458229106963,1.1149209970080914e-15,fac-opacity-cowan-state,T0p890046_rho1p11492em15,0.30970828715167786,17.38231297441161,0.34389696772183764,0.034188679946671276,ok,/home/elads/STAR/full_grid_solar_opacity/runs/T0p890046_rho1p11492em15/fac-opacity-cowan-state/starout.h5
0.8900458229106963,1.6022283408774753e-15,fac-opacity-cowan-state,T0p890046_rho1p60223em15,0.3091483277971546,18.0867880931343,0.34486677262370774,0.03571844417516679,ok,/home/elads/STAR/full_grid_solar_opacity/runs/T0p890046_rho1p60223em15/fac-opacity-cowan-state/starout.h5
0.8900458229106963,2.3025269621793266e-15,fac-opacity-cowan-state,T0p890046_rho2p30253em15,0.30838767103344195,18.820625703633798,0.34605976955828965,0.03767209783783334,ok,/home/elads/STAR/full_grid_solar_opacity/runs/T0p890046_rho2p30253em15/fac-opacity-cowan-state/starout.h5
0.8900458229106963,3.308910644196489e-15,fac-opacity-cowan-state,T0p890046_rho3p30891em15,0.3073750786478989,19.554370275177646,0.34752578803160467,0.040150708651489495,ok,/home/elads/STAR/full_grid_solar_opacity/runs/T0p890046_rho3p30891em15/fac-opacity-cowan-state/starout.h5
0.8900458229106963,4.755162406834019e-15,fac-opacity-cowan-state,T0p890046_rho4p75516em15,0.30606243887300694,20.259326427600538,0.3493310819502274,0.043268642288143346,ok,/home/elads/STAR/full_grid_solar_opacity/runs/T0p890046_rho4p75516em15/fac-opacity-cowan-state/starout.h5
0.8900458229106963,6.8335388732923106e-15,fac-opacity-cowan-state,T0p890046_rho6p83354em15,0.3044175706515661,20.917656294128978,0.35156783337962727,0.04715026186819628,ok,/home/elads/STAR/full_grid_solar_opacity/runs/T0p890046_rho6p83354em15/fac-opacity-cowan-state/starout.h5
0.8900458229106963,9.820327790631256e-15,fac-opacity-cowan-state,T0p890046_rho9p82033em15,0.3024406974713657,21.528408774465554,0.3543674685030569,0.051926770084718674,ok,/home/elads/STAR/full_grid_solar_opacity/runs/T0p890046_rho9p82033em15/fac-opacity-cowan-state/starout.h5
0.8900458229106963,1.4112576178114521e-14,fac-opacity-cowan-state,T0p890046_rho1p41126em14,0.30017907747916395,22.108535513583636,0.35791488728445764,0.05773580875238342,ok,/home/elads/STAR/full_grid_solar_opacity/runs/T0p890046_rho1p41126em14/fac-opacity-cowan-state/starout.h5
0.8900458229106963,2.0280871538024598e-14,fac-opacity-cowan-state,T0p890046_rho2p02809em14,0.29773129397665005,22.691159531872266,0.3624562410435773,0.06472494588655829,ok,/home/elads/STAR/full_grid_solar_opacity/runs/T0p890046_rho2p02809em14/fac-opacity-cowan-state/starout.h5
0.8900458229106963,2.914519256800997e-14,fac-opacity-cowan-state,T0p890046_rho2p91452em14,0.2952346152016983,23.32426578044443,0.3682930181796505,0.07305840164560852,ok,/home/elads/STAR/full_grid_solar_opacity/runs/T0p890046_rho2p91452em14/fac-opacity-cowan-state/starout.h5
0.8900458229106963,4.188391254457488e-14,fac-opacity-cowan-state,T0p890046_rho4p18839em14,0.29283692999431155,24.07204640987013,0.37576341492402554,0.08292648341740895,ok,/home/elads/STAR/full_grid_solar_opacity/runs/T0p890046_rho4p18839em14/fac-opacity-cowan-state/starout.h5
0.8900458229106963,6.019044567806669e-14,fac-opacity-cowan-state,T0p890046_rho6p01904em14,0.2906641494508867,25.019929057449588,0.3852239022450355,0.09455975106969149,ok,/home/elads/STAR/full_grid_solar_opacity/runs/T0p890046_rho6p01904em14/fac-opacity-cowan-state/starout.h5
0.8900458229106963,8.649836012976684e-14,fac-opacity-cowan-state,T0p890046_rho8p64984em14,0.2887968879598716,26.28379827069987,0.39705046919618836,0.10825357926212935,ok,/home/elads/STAR/full_grid_solar_opacity/runs/T0p890046_rho8p64984em14/fac-opacity-cowan-state/starout.h5
0.8900458229106963,1.2430488295695167e-13,fac-opacity-cowan-state,T0p890046_rho1p24305em13,0.2872641333665413,28.024151252696807,0.4116747102970686,0.12441057466168957,ok,/home/elads/STAR/full_grid_solar_opacity/runs/T0p890046_rho1p24305em13/fac-opacity-cowan-state/starout.h5
0.8900458229106963,1.7863580192457348e-13,fac-opacity-cowan-state,T0p890046_rho1p78636em13,0.28605195067508077,30.46663472853145,0.42965749173732387,0.14360553844335225,ok,/home/elads/STAR/full_grid_solar_opacity/runs/T0p890046_rho1p78636em13/fac-opacity-cowan-state/starout.h5
0.8900458229106963,2.567135656310987e-13,fac-opacity-cowan-state,T0p890046_rho2p56714em13,0.2851193418617183,33.93136901816006,0.45179104726336106,0.16667170236210163,ok,/home/elads/STAR/full_grid_solar_opacity/runs/T0p890046_rho2p56714em13/fac-opacity-cowan-state/starout.h5
0.8900458229106963,3.6891739544382357e-13,fac-opacity-cowan-state,T0p890046_rho3p68917em13,0.2844135995940306,38.874699380909455,0.4792170090136677,0.19480340586706682,ok,/home/elads/STAR/full_grid_solar_opacity/runs/T0p890046_rho3p68917em13/fac-opacity-cowan-state/starout.h5
0.8900458229106963,5.301630411562758e-13,fac-opacity-cowan-state,T0p890046_rho5p30163em13,0.2838810925494502,45.948630042953,0.5135532925338112,0.2296721957958993,ok,/home/elads/STAR/full_grid_solar_opacity/runs/T0p890046_rho5p30163em13/fac-opacity-cowan-state/starout.h5
0.8900458229106963,7.618855973704612e-13,fac-opacity-cowan-state,T0p890046_rho7p61886em13,0.28347289135544085,56.08538526798081,0.5570319023728015,0.27355900602854827,ok,/home/elads/STAR/full_grid_solar_opacity/runs/T0p890046_rho7p61886em13/fac-opacity-cowan-state/starout.h5
0.8900458229106963,1.0948889651276868e-12,fac-opacity-cowan-state,T0p890046_rho1p09489em12,0.283146414096924,70.61743519900463,0.61266108004008,0.3295146599338972,ok,/home/elads/STAR/full_grid_solar_opacity/runs/T0p890046_rho1p09489em12/fac-opacity-cowan-state/starout.h5
0.8900458229106963,1.5734407502856082e-12,fac-opacity-cowan-state,T0p890046_rho1p57344em12,0.28286457505143975,91.44717601621721,0.6844434179099841,0.401578835535073,ok,/home/elads/STAR/full_grid_solar_opacity/runs/T0p890046_rho1p57344em12/fac-opacity-cowan-state/starout.h5
0.8900458229106963,2.26115695153675e-12,fac-opacity-cowan-state,T0p890046_rho2p26116em12,0.28259351237854125,121.28534283613037,0.7777078913067018,0.49511436989891033,ok,/home/elads/STAR/full_grid_solar_opacity/runs/T0p890046_rho2p26116em12/fac-opacity-cowan-state/starout.h5
0.8900458229106963,3.249458715591849e-12,fac-opacity-cowan-state,T0p890046_rho3p24946em12,0.28229958752780565,163.98337813102654,0.8996382976327608,0.6173386988467373,ok,/home/elads/STAR/full_grid_solar_opacity/runs/T0p890046_rho3p24946em12/fac-opacity-cowan-state/starout.h5
0.8900458229106963,4.669725353279713e-12,fac-opacity-cowan-state,T0p890046_rho4p66973em12,0.2819457179293237,224.99175078402823,1.0600788499893075,0.7781331178694071,ok,/home/elads/STAR/full_grid_solar_opacity/runs/T0p890046_rho4p66973em12/fac-opacity-cowan-state/starout.h5
0.8900458229106963,6.710759170575148e-12,fac-opacity-cowan-state,T0p890046_rho6p71076em12,0.28148719970906233,311.9831364303461,1.272659005376445,0.9911717875916838,ok,/home/elads/STAR/full_grid_solar_opacity/runs/T0p890046_rho6p71076em12/fac-opacity-cowan-state/starout.h5
0.8900458229106963,9.64388379154446e-12,fac-opacity-cowan-state,T0p890046_rho9p64388em12,0.280866583671593,435.6826083724673,1.556211939123547,1.2753453321938688,ok,/home/elads/STAR/full_grid_solar_opacity/runs/T0p890046_rho9p64388em12/fac-opacity-cowan-state/starout.h5
0.8900458229106963,1.3859012403933867e-11,fac-opacity-cowan-state,T0p890046_rho1p3859em11,0.2800076382087296,610.9415343360905,1.9363867930565044,1.6563791246408925,ok,/home/elads/STAR/full_grid_solar_opacity/runs/T0p890046_rho1p3859em11/fac-opacity-cowan-state/starout.h5
0.8900458229106963,1.9916480638308542e-11,fac-opacity-cowan-state,T0p890046_rho1p99165em11,0.2788080800491066,858.0620453620782,2.447257193674837,2.1684490740803843,ok,/home/elads/STAR/full_grid_solar_opacity/runs/T0p890046_rho1p99165em11/fac-opacity-cowan-state/starout.h5
0.8900458229106963,2.8621534453892672e-11,fac-opacity-cowan-state,T0p890046_rho2p86215em11,0.27713146480275525,1204.303643840568,3.1326047190896533,2.8554732022125022,ok,/home/elads/STAR/full_grid_solar_opacity/runs/T0p890046_rho2p86215em11/fac-opacity-cowan-state/starout.h5
0.8900458229106963,4.1131375034185614e-11,fac-opacity-cowan-state,T0p890046_rho4p11314em11,0.2747994042487603,1685.3483119902126,4.046414430810182,3.7716149577796294,ok,/home/elads/STAR/full_grid_solar_opacity/runs/T0p890046_rho4p11314em11/fac-opacity-cowan-state/starout.h5
0.8900458229106963,5.910899064227969e-11,fac-opacity-cowan-state,T0p890046_rho5p9109em11,0.2715864316841738,2346.227539588405,5.251967540213461,4.980381017703594,ok,/home/elads/STAR/full_grid_solar_opacity/runs/T0p890046_rho5p9109em11/fac-opacity-cowan-state/starout.h5
0.8900458229106963,8.4944224982638e-11,fac-opacity-cowan-state,T0p890046_rho8p49442em11,0.2672221051371045,3240.835533351055,6.818748650358482,6.55152642574318,ok,/home/elads/STAR/full_grid_solar_opacity/runs/T0p890046_rho8p49442em11/fac-opacity-cowan-state/starout.h5
0.8900458229106963,1.2207146966133182e-10,fac-opacity-cowan-state,T0p890046_rho1p22071em10,0.2614063743985506,4428.795085864064,8.81618546985988,8.554778939450424,ok,/home/elads/STAR/full_grid_solar_opacity/runs/T0p890046_rho1p22071em10/fac-opacity-cowan-state/starout.h5
0.8900458229106963,1.7542621300415897e-10,fac-opacity-cowan-state,T0p890046_rho1p75426em10,0.25384445348136414,5968.499250328609,11.303384129816802,11.049539474828356,ok,/home/elads/STAR/full_grid_solar_opacity/runs/T0p890046_rho1p75426em10/fac-opacity-cowan-state/starout.h5
0.8900458229106963,2.52101136279913e-10,fac-opacity-cowan-state,T0p890046_rho2p52101em10,0.24430165594678516,7906.078930243296,14.31506538285525,14.070763470304229,ok,/home/elads/STAR/full_grid_solar_opacity/runs/T0p890046_rho2p52101em10/fac-opacity-cowan-state/starout.h5
0.8900458229106963,3.6228897509242966e-10,fac-opacity-cowan-state,T0p890046_rho3p62289em10,0.23267013003888945,10262.188111620431,17.846490097483052,17.61381964622629,ok,/home/elads/STAR/full_grid_solar_opacity/runs/T0p890046_rho3p62289em10/fac-opacity-cowan-state/starout.h5
0.8900458229106963,5.20637484663258e-10,fac-opacity-cowan-state,T0p890046_rho5p20637em10,0.2190254281160472,13020.822582457646,21.842767635867094,21.623741813405438,ok,/home/elads/STAR/full_grid_solar_opacity/runs/T0p890046_rho5p20637em10/fac-opacity-cowan-state/starout.h5
0.8900458229106963,7.481966305138837e-10,fac-opacity-cowan-state,T0p890046_rho7p48197em10,0.20364742747176268,16125.145056903,26.1985925592178,25.99494465768415,ok,/home/elads/STAR/full_grid_solar_opacity/runs/T0p890046_rho7p48197em10/fac-opacity-cowan-state/starout.h5
0.8900458229106963,1.0752168531898921e-09,fac-opacity-cowan-state,T0p890046_rho1p07522em09,0.18699241749281192,19483.159610706436,30.771442846834493,30.58444987158239,ok,/home/elads/STAR/full_grid_solar_opacity/runs/T0p890046_rho1p07522em09/fac-opacity-cowan-state/starout.h5
0.8900458229106963,1.5451703926941453e-09,fac-opacity-cowan-state,T0p890046_rho1p54517em09,0.16962355528521397,22981.96169275634,36.15378529646137,35.98416108494397,ok,/home/elads/STAR/full_grid_solar_opacity/runs/T0p890046_rho1p54517em09/fac-opacity-cowan-state/starout.h5
0.8900458229106963,2.220530245015531e-09,fac-opacity-cowan-state,T0p890046_rho2p22053em09,0.1521245002504367,26503.849740544516,40.7911524718101,40.63902723043808,ok,/home/elads/STAR/full_grid_solar_opacity/runs/T0p890046_rho2p22053em09/fac-opacity-cowan-state/starout.h5
0.8900458229106963,3.1910749729235452e-09,fac-opacity-cowan-state,T0p890046_rho3p19107em09,0.1350239628325242,29942.97909363041,45.22866816216141,45.093643376969844,ok,/home/elads/STAR/full_grid_solar_opacity/runs/T0p890046_rho3p19107em09/fac-opacity-cowan-state/starout.h5
0.8900458229106963,4.585823366142813e-09,fac-opacity-cowan-state,T0p890046_rho4p58582em09,0.11874716802761881,33213.973749494864,49.36922373256744,49.25047566637388,ok,/home/elads/STAR/full_grid_solar_opacity/runs/T0p890046_rho4p58582em09/fac-opacity-cowan-state/starout.h5
0.8900458229106963,6.590185477903269e-09,fac-opacity-cowan-state,T0p890046_rho6p59019em09,0.10359661750196891,36256.111510139584,53.168617448784524,53.065019863551925,ok,/home/elads/STAR/full_grid_solar_opacity/runs/T0p890046_rho6p59019em09/fac-opacity-cowan-state/starout.h5
0.8900458229106963,9.470610000772238e-09,fac-opacity-cowan-state,T0p890046_rho9p47061em09,0.08975592081258622,39032.433176561244,56.600438365581006,56.5106814142003,ok,/home/elads/STAR/full_grid_solar_opacity/runs/T0p890046_rho9p47061em09/fac-opacity-cowan-state/starout.h5
0.8900458229106963,1.3610004466105506e-08,fac-opacity-cowan-state,T0p890046_rho1p361em08,0.07730718655052202,41526.26967900641,59.659195362730536,59.58188708960329,ok,/home/elads/STAR/full_grid_solar_opacity/runs/T0p890046_rho1p361em08/fac-opacity-cowan-state/starout.h5
0.8900458229106963,1.9558636830395073e-08,fac-opacity-cowan-state,T0p890046_rho1p95586em08,0.06625383532825349,43736.64643236205,62.356831340056935,62.2905763687544,ok,/home/elads/STAR/full_grid_solar_opacity/runs/T0p890046_rho1p95586em08/fac-opacity-cowan-state/starout.h5
0.8900458229106963,2.810728502080722e-08,fac-opacity-cowan-state,T0p890046_rho2p81073em08,0.056543342238630764,45673.75293093255,64.82021685059456,64.76367232728057,ok,/home/elads/STAR/full_grid_solar_opacity/runs/T0p890046_rho2p81073em08/fac-opacity-cowan-state/starout.h5
0.8900458229106963,4.039235853150913e-08,fac-opacity-cowan-state,T0p890046_rho4p03924em08,0.04808711719081235,47354.473080924094,66.87777914110625,66.82969080516274,ok,/home/elads/STAR/full_grid_solar_opacity/runs/T0p890046_rho4p03924em08/fac-opacity-cowan-state/starout.h5
0.8900458229106963,5.804696634805446e-08,fac-opacity-cowan-state,T0p890046_rho5p8047em08,0.046494635400303776,45571.87649570738,68.23077506963646,68.18324546842365,ok,/home/elads/STAR/full_grid_solar_opacity/runs/T0p890046_rho5p8047em08/fac-opacity-cowan-state/starout.h5
0.8900458229106963,8.341801332506338e-08,fac-opacity-cowan-state,T0p890046_rho8p3418em08,0.03824307932764635,47253.00607225585,73.19478968947504,73.15557047335899,ok,/home/elads/STAR/full_grid_solar_opacity/runs/T0p890046_rho8p3418em08/fac-opacity-cowan-state/starout.h5
0.8900458229106963,1.1987818459583772e-07,fac-opacity-cowan-state,T0p890046_rho1p19878em07,0.03121412588566781,48722.33663053793,77.1715055971049,77.13933809285224,ok,/home/elads/STAR/full_grid_solar_opacity/runs/T0p890046_rho1p19878em07/fac-opacity-cowan-state/starout.h5
0.8900458229106963,1.7227429147699408e-07,fac-opacity-cowan-state,T0p890046_rho1p72274em07,0.02528030235770819,49991.0061312126,80.7716288363996,80.74535008853888,ok,/home/elads/STAR/full_grid_solar_opacity/runs/T0p890046_rho1p72274em07/fac-opacity-cowan-state/starout.h5
0.8900458229106963,2.4757157946593376e-07,fac-opacity-cowan-state,T0p890046_rho2p47572em07,0.02031507095930538,51086.944992268895,83.74106725843022,83.71978646772203,ok,/home/elads/STAR/full_grid_solar_opacity/runs/T0p890046_rho2p47572em07/fac-opacity-cowan-state/starout.h5
0.8900458229106963,3.557796490339488e-07,fac-opacity-cowan-state,T0p890046_rho3p5578em07,0.016195939632799996,52044.076881748195,86.73126351821543,86.71419358900685,ok,/home/elads/STAR/full_grid_solar_opacity/runs/T0p890046_rho3p5578em07/fac-opacity-cowan-state/starout.h5
0.8900458229106963,5.112830759482948e-07,fac-opacity-cowan-state,T0p890046_rho5p11283em07,0.012809309867123801,52867.00787389029,90.48654906045716,90.47274736565326,ok,/home/elads/STAR/full_grid_solar_opacity/runs/T0p890046_rho5p11283em07/fac-opacity-cowan-state/starout.h5
0.8900458229106963,7.347536163492159e-07,fac-opacity-cowan-state,T0p890046_rho7p34754em07,0.010048038336217842,53584.80777978564,92.6920447728125,92.68107067908785,ok,/home/elads/STAR/full_grid_solar_opacity/runs/T0p890046_rho7p34754em07/fac-opacity-cowan-state/starout.h5
0.8900458229106963,1.0558981944335787e-06,fac-opacity-cowan-state,T0p890046_rho1p0559em06,0.007819342244496692,54240.50061615875,96.75154675311256,96.74276438062067,ok,/home/elads/STAR/full_grid_solar_opacity/runs/T0p890046_rho1p0559em06/fac-opacity-cowan-state/starout.h5
0.8900458229106963,1.517407974863493e-06,fac-opacity-cowan-state,T0p890046_rho1p51741em06,0.006033878742204971,54783.179363118354,102.92411805490289,102.91720042880982,ok,/home/elads/STAR/full_grid_solar_opacity/runs/T0p890046_rho1p51741em06/fac-opacity-cowan-state/starout.h5
0.8900458229106963,2.1806334875063253e-06,fac-opacity-cowan-state,T0p890046_rho2p18063em06,0.0046198293120093045,55259.74932381195,108.34374234837328,108.33831879875179,ok,/home/elads/STAR/full_grid_solar_opacity/runs/T0p890046_rho2p18063em06/fac-opacity-cowan-state/starout.h5
0.8900458229106963,3.1337402238588983e-06,fac-opacity-cowan-state,T0p890046_rho3p13374em06,0.0035107442009526847,55721.29247454704,111.98426601534807,111.97996174392027,ok,/home/elads/STAR/full_grid_solar_opacity/runs/T0p890046_rho3p13374em06/fac-opacity-cowan-state/starout.h5
0.8900458229106963,4.503428864545845e-06,fac-opacity-cowan-state,T0p890046_rho4p50343em06,0.0026472198379907472,55333.404036958156,107.72805259018651,107.7249183210551,ok,/home/elads/STAR/full_grid_solar_opacity/runs/T0p890046_rho4p50343em06/fac-opacity-cowan-state/starout.h5
0.8900458229106963,6.471778159406801e-06,fac-opacity-cowan-state,T0p890046_rho6p47178em06,0.0019836428324707203,55586.916198842424,108.87860259862315,108.87613578071515,ok,/home/elads/STAR/full_grid_solar_opacity/runs/T0p890046_rho6p47178em06/fac-opacity-cowan-state/starout.h5
0.8900458229106963,9.300449458481393e-06,fac-opacity-cowan-state,T0p890046_rho9p30045em06,0.001479620560236733,55805.6763730673,119.64400771729196,119.64211275018026,ok,/home/elads/STAR/full_grid_solar_opacity/runs/T0p890046_rho9p30045em06/fac-opacity-cowan-state/starout.h5
0.8900458229106963,1.3365470508911143e-05,fac-opacity-cowan-state,T0p890046_rho1p33655em05,0.001081674247643774,57608.71731301847,96.69169594757177,96.69023673691284,ok,/home/elads/STAR/full_grid_solar_opacity/runs/T0p890046_rho1p33655em05/fac-opacity-cowan-state/starout.h5
0.8900458229106963,1.920722248123928e-05,fac-opacity-cowan-state,T0p890046_rho1p92072em05,0.0007930852293028296,57901.50009980719,91.32012715371421,91.31896379006572,ok,/home/elads/STAR/full_grid_solar_opacity/runs/T0p890046_rho1p92072em05/fac-opacity-cowan-state/starout.h5
0.8900458229106963,2.760227522090268e-05,fac-opacity-cowan-state,T0p890046_rho2p76023em05,0.0005618183595476083,55916.03560691257,63.902074864068844,63.9012420721726,ok,/home/elads/STAR/full_grid_solar_opacity/runs/T0p890046_rho2p76023em05/fac-opacity-cowan-state/starout.h5
0.8900458229106963,3.966662010161191e-05,fac-opacity-cowan-state,T0p890046_rho3p96666em05,0.0004060613310912113,55995.826747505365,55.470564928907145,55.469943899300134,ok,/home/elads/STAR/full_grid_solar_opacity/runs/T0p890046_rho3p96666em05/fac-opacity-cowan-state/starout.h5
0.8900458229106963,5.7004023678963655e-05,fac-opacity-cowan-state,T0p890046_rho5p7004em05,0.00029205877252399474,56078.47617039928,60.321943405917246,60.32148287647761,ok,/home/elads/STAR/full_grid_solar_opacity/runs/T0p890046_rho5p7004em05/fac-opacity-cowan-state/starout.h5
0.8900458229106963,8.191922344953684e-05,fac-opacity-cowan-state,T0p890046_rho8p19192em05,0.00020927730070720554,56141.59263253812,59.654230443872265,59.65389312286858,ok,/home/elads/STAR/full_grid_solar_opacity/runs/T0p890046_rho8p19192em05/fac-opacity-cowan-state/starout.h5
0.8900458229106963,0.00011772430676769293,fac-opacity-cowan-state,T0p890046_rho0p000117724,0.0001495638397564118,56195.95495531336,61.486746050909105,61.48649617128793,ok,/home/elads/STAR/full_grid_solar_opacity/runs/T0p890046_rho0p000117724/fac-opacity-cowan-state/starout.h5
0.8900458229106963,0.00016917900122028344,fac-opacity-cowan-state,T0p890046_rho0p000169179,0.00010661624646585366,56237.00379040497,60.887358671644066,60.88718102155903,ok,/home/elads/STAR/full_grid_solar_opacity/runs/T0p890046_rho0p000169179/fac-opacity-cowan-state/starout.h5
0.8900458229106963,0.0002431234061999784,fac-opacity-cowan-state,T0p890046_rho0p000243123,7.583827492202915e-05,56265.072692400296,54.17726467484377,54.17713235035049,ok,/home/elads/STAR/full_grid_solar_opacity/runs/T0p890046_rho0p000243123/fac-opacity-cowan-state/starout.h5
0.8900458229106963,0.0003493872774749123,fac-opacity-cowan-state,T0p890046_rho0p000349387,5.3878266627286826e-05,56300.18497834213,61.616196613414274,61.616102222723526,ok,/home/elads/STAR/full_grid_solar_opacity/runs/T0p890046_rho0p000349387/fac-opacity-cowan-state/starout.h5
0.8900458229106963,0.0005020967399614471,fac-opacity-cowan-state,T0p890046_rho0p000502097,3.827605173444628e-05,56323.48482916,61.90182896542052,61.901760734037495,ok,/home/elads/STAR/full_grid_solar_opacity/runs/T0p890046_rho0p000502097/fac-opacity-cowan-state/starout.h5
0.8900458229106963,0.0007215521357901021,fac-opacity-cowan-state,T0p890046_rho0p000721552,2.7156637865246065e-05,56338.679621588664,55.61969495243302,55.61964597255739,ok,/home/elads/STAR/full_grid_solar_opacity/runs/T0p890046_rho0p000721552/fac-opacity-cowan-state/starout.h5
0.8900458229106963,0.0010369266382873438,fac-opacity-cowan-state,T0p890046_rho0p00103693,1.91951144371641e-05,56354.84468470943,61.09082420449615,61.09078888751049,ok,/home/elads/STAR/full_grid_solar_opacity/runs/T0p890046_rho0p00103693/fac-opacity-cowan-state/starout.h5
0.8900458229106963,0.0014901443705277455,fac-opacity-cowan-state,T0p890046_rho0p00149014,1.3561363327605379e-05,56367.35996875534,63.5336081820823,63.53358280381207,ok,/home/elads/STAR/full_grid_solar_opacity/runs/T0p890046_rho0p00149014/fac-opacity-cowan-state/starout.h5
0.8900458229106963,0.002141453563853953,fac-opacity-cowan-state,T0p890046_rho0p00214145,9.502410510732708e-06,56373.900017536165,62.22751414330152,62.22749618241605,ok,/home/elads/STAR/full_grid_solar_opacity/runs/T0p890046_rho0p00214145/fac-opacity-cowan-state/starout.h5
0.8900458229106963,0.003077435620898055,fac-opacity-cowan-state,T0p890046_rho0p00307744,6.613025353512788e-06,56380.752344089015,62.96727526623662,62.967261902677656,ok,/home/elads/STAR/full_grid_solar_opacity/runs/T0p890046_rho0p00307744/fac-opacity-cowan-state/starout.h5
0.8900458229106963,0.004422514763163053,fac-opacity-cowan-state,T0p890046_rho0p00442251,4.483544123491151e-06,56381.20088119954,56.94640810046118,56.94639845525489,ok,/home/elads/STAR/full_grid_solar_opacity/runs/T0p890046_rho0p00442251/fac-opacity-cowan-state/starout.h5
0.8900458229106963,0.006355498291362301,fac-opacity-cowan-state,T0p890046_rho0p0063555,3.039810594379299e-06,56386.25333329489,61.68215211576519,61.682145081806595,ok,/home/elads/STAR/full_grid_solar_opacity/runs/T0p890046_rho0p0063555/fac-opacity-cowan-state/starout.h5
0.8900458229106963,0.009133346228248624,fac-opacity-cowan-state,T0p890046_rho0p00913335,2.112245510554272e-06,56388.9824900538,62.68993398352792,62.68992866772574,ok,/home/elads/STAR/full_grid_solar_opacity/runs/T0p890046_rho0p00913335/fac-opacity-cowan-state/starout.h5
0.8900458229106963,0.01312533014735226,fac-opacity-cowan-state,T0p890046_rho0p0131253,1.478399521466754e-06,56390.94713780888,61.03590031603444,61.03589627129544,ok,/home/elads/STAR/full_grid_solar_opacity/runs/T0p890046_rho0p0131253/fac-opacity-cowan-state/starout.h5
0.8900458229106963,0.018862122071335155,fac-opacity-cowan-state,T0p890046_rho0p0188621,7.0418780701905466e-06,56393.91082242771,58.64902578614897,58.6490177418503,ok,/home/elads/STAR/full_grid_solar_opacity/runs/T0p890046_rho0p0188621/fac-opacity-cowan-state/starout.h5
0.8900458229106963,0.02710633904364831,fac-opacity-cowan-state,T0p890046_rho0p0271063,1.5092498391370004e-05,56399.848586795255,60.400766808161976,60.400750824431405,ok,/home/elads/STAR/full_grid_solar_opacity/runs/T0p890046_rho0p0271063/fac-opacity-cowan-state/starout.h5
0.8900458229106963,0.038953921174427183,fac-opacity-cowan-state,T0p890046_rho0p0389539,2.0654454120399592e-05,56408.07760191018,58.396224046493835,58.3962024467162,ok,/home/elads/STAR/full_grid_solar_opacity/runs/T0p890046_rho0p0389539/fac-opacity-cowan-state/starout.h5
0.8900458229106963,0.0559798197912329,fac-opacity-cowan-state,T0p890046_rho0p0559798,2.5128022815742704e-05,56424.50437280287,58.06672969919515,58.066703562086765,ok,/home/elads/STAR/full_grid_solar_opacity/runs/T0p890046_rho0p0559798/fac-opacity-cowan-state/starout.h5
0.8900458229106963,0.08044736266284185,fac-opacity-cowan-state,T0p890046_rho0p0804474,3.112597916101069e-05,56446.24290490295,58.718392278496864,58.718360081977295,ok,/home/elads/STAR/full_grid_solar_opacity/runs/T0p890046_rho0p0804474/fac-opacity-cowan-state/starout.h5
0.8900458229106963,0.11560912813835741,fac-opacity-cowan-state,T0p890046_rho0p115609,3.084030643540869e-05,56471.231013581484,59.47901676011165,59.47898482913251,ok,/home/elads/STAR/full_grid_solar_opacity/runs/T0p890046_rho0p115609/fac-opacity-cowan-state/starout.h5
0.8900458229106963,0.1661393247274789,fac-opacity-cowan-state,T0p890046_rho0p166139,3.075866503592153e-05,56503.12235589407,57.85595931213706,57.85592748842482,ok,/home/elads/STAR/full_grid_solar_opacity/runs/T0p890046_rho0p166139/fac-opacity-cowan-state/starout.h5
0.8900458229106963,0.23875515424585794,fac-opacity-cowan-state,T0p890046_rho0p238755,3.151424537416013e-05,56546.76914733468,55.724975119540986,55.724942579878125,ok,/home/elads/STAR/full_grid_solar_opacity/runs/T0p890046_rho0p238755/fac-opacity-cowan-state/starout.h5
0.8900458229106963,0.34310975906798746,fac-opacity-cowan-state,T0p890046_rho0p34311,3.3256943516470595e-05,56622.24753034886,54.14103011271637,54.140995860903296,ok,/home/elads/STAR/full_grid_solar_opacity/runs/T0p890046_rho0p34311/fac-opacity-cowan-state/starout.h5
0.8900458229106963,0.49307545690287347,fac-opacity-cowan-state,T0p890046_rho0p493075,3.5566692603691756e-05,56801.87841084333,52.52800024029361,52.52796370973258,ok,/home/elads/STAR/full_grid_solar_opacity/runs/T0p890046_rho0p493075/fac-opacity-cowan-state/starout.h5
0.8900458229106963,0.7085878491488851,fac-opacity-cowan-state,T0p890046_rho0p708588,4.0598936383756686e-05,57176.09933687922,51.0894164659358,51.08937493111518,ok,/home/elads/STAR/full_grid_solar_opacity/runs/T0p890046_rho0p708588/fac-opacity-cowan-state/starout.h5
0.8900458229106963,1.0182959482819007,fac-opacity-cowan-state,T0p890046_rho1p0183,5.126647792545714e-05,57744.16107242499,48.07130909765784,48.071256951612966,ok,/home/elads/STAR/full_grid_solar_opacity/runs/T0p890046_rho1p0183/fac-opacity-cowan-state/starout.h5
0.8900458229106963,1.4633706173946401,fac-opacity-cowan-state,T0p890046_rho1p46337,7.216875874306036e-05,58394.408517252414,43.92954264403795,43.92946967202657,ok,/home/elads/STAR/full_grid_solar_opacity/runs/T0p890046_rho1p46337/fac-opacity-cowan-state/starout.h5
0.8900458229106963,2.1029775945461404,fac-opacity-cowan-state,T0p890046_rho2p10298,0.00011687550038922004,58900.003302497316,40.88129628359316,40.88117866076064,ok,/home/elads/STAR/full_grid_solar_opacity/runs/T0p890046_rho2p10298/fac-opacity-cowan-state/starout.h5
0.8900458229106963,3.0221426551783854,fac-opacity-cowan-state,T0p890046_rho3p02214,0.00022906539572384042,58536.66696371478,38.226536900771684,38.22630713615187,ok,/home/elads/STAR/full_grid_solar_opacity/runs/T0p890046_rho3p02214/fac-opacity-cowan-state/starout.h5
0.8900458229106963,4.343054463316713,fac-opacity-cowan-state,T0p890046_rho4p34305,0.0005588591765975745,54963.58971814509,35.34927262402538,35.348713116269366,ok,/home/elads/STAR/full_grid_solar_opacity/runs/T0p890046_rho4p34305/fac-opacity-cowan-state/starout.h5
0.8900458229106963,6.241307649397467,fac-opacity-cowan-state,T0p890046_rho6p24131,0.001833932566389915,41325.063438311205,32.95522818698557,32.95339364302301,ok,/home/elads/STAR/full_grid_solar_opacity/runs/T0p890046_rho6p24131/fac-opacity-cowan-state/starout.h5
0.8900458229106963,8.969245378672715,fac-opacity-cowan-state,T0p890046_rho8p96925,0.004274933432878694,22063.52754171101,54.16695755402808,54.162681612148646,ok,/home/elads/STAR/full_grid_solar_opacity/runs/T0p890046_rho8p96925/fac-opacity-cowan-state/starout.h5
0.8900458229106963,12.889504440725364,fac-opacity-cowan-state,T0p890046_rho12p8895,0.0034090036926850325,16918.598111761483,39.55795694887059,39.554547222537906,ok,/home/elads/STAR/full_grid_solar_opacity/runs/T0p890046_rho12p8895/fac-opacity-cowan-state/starout.h5
0.8900458229106963,18.52322215674118,fac-opacity-cowan-state,T0p890046_rho18p5232,0.002710368533128292,12736.70189909564,16.462076399398047,16.459365721504675,ok,/home/elads/STAR/full_grid_solar_opacity/runs/T0p890046_rho18p5232/fac-opacity-cowan-state/starout.h5
0.8900458229106963,26.61931346126126,fac-opacity-cowan-state,T0p890046_rho26p6193,0.0021495222218544346,9614.788167876844,9.77588766173915,9.773737949624266,ok,/home/elads/STAR/full_grid_solar_opacity/runs/T0p890046_rho26p6193/fac-opacity-cowan-state/starout.h5
0.8900458229106963,38.254027466328665,fac-opacity-cowan-state,T0p890046_rho38p254,0.0016964619798102622,7401.9490855277345,11.992711050070564,11.991014362861865,ok,/home/elads/STAR/full_grid_solar_opacity/runs/T0p890046_rho38p254/fac-opacity-cowan-state/starout.h5
0.8900458229106963,54.97401800103719,fac-opacity-cowan-state,T0p890046_rho54p974,0.00133954612119423,5834.821297132479,10.575485345856055,10.57414560190573,ok,/home/elads/STAR/full_grid_solar_opacity/runs/T0p890046_rho54p974/fac-opacity-cowan-state/starout.h5
0.8900458229106963,79.0019471240894,fac-opacity-cowan-state,T0p890046_rho79p0019,0.0010542321119082132,4739.885930084911,10.737088653099057,10.73603422159259,ok,/home/elads/STAR/full_grid_solar_opacity/runs/T0p890046_rho79p0019/fac-opacity-cowan-state/starout.h5
0.8900458229106963,113.53195339077567,fac-opacity-cowan-state,T0p890046_rho113p532,0.0008125778817783279,3975.4571768889627,12.744284891592807,12.743472079894222,ok,/home/elads/STAR/full_grid_solar_opacity/runs/T0p890046_rho113p532/fac-opacity-cowan-state/starout.h5
0.8900458229106963,163.15426277379785,fac-opacity-cowan-state,T0p890046_rho163p154,0.004956597412971691,3598.062071477515,116.91823666552686,116.9132779534649,ok,/home/elads/STAR/full_grid_solar_opacity/runs/T0p890046_rho163p154/fac-opacity-cowan-state/starout.h5
0.8900458229106963,234.46538763970608,fac-opacity-cowan-state,T0p890046_rho234p465,0.06329136343954357,3162.2352379336917,203.15835554745695,203.09506034056278,ok,/home/elads/STAR/full_grid_solar_opacity/runs/T0p890046_rho234p465/fac-opacity-cowan-state/starout.h5
0.8900458229106963,336.94503022121665,fac-opacity-cowan-state,T0p890046_rho336p945,0.0759252179542833,6362.550396627537,3996.659851362075,3996.5838530372625,ok,/home/elads/STAR/full_grid_solar_opacity/runs/T0p890046_rho336p945/fac-opacity-cowan-state/starout.h5
0.8900458229106963,484.21626123015125,fac-opacity-cowan-state,T0p890046_rho484p216,0.08609370177492466,6056.892602939065,3905.628182365827,3905.54201715062,ok,/home/elads/STAR/full_grid_solar_opacity/runs/T0p890046_rho484p216/fac-opacity-cowan-state/starout.h5
0.8900458229106963,695.8564947100452,fac-opacity-cowan-state,T0p890046_rho695p856,0.16203322416121185,8145.527436762103,6302.459662347252,6302.297513605949,ok,/home/elads/STAR/full_grid_solar_opacity/runs/T0p890046_rho695p856/fac-opacity-cowan-state/starout.h5
0.8900458229106963,1000.0,fac-opacity-cowan-state,T0p890046_rho1000,0.1923702458489764,6401.268932741855,4569.50021367865,4569.307759427588,ok,/home/elads/STAR/full_grid_solar_opacity/runs/T0p890046_rho1000/fac-opacity-cowan-state/starout.h5
0.9798345746611002,1e-17,fac-opacity-cowan-state,T0p979835_rho1em17,0.3111955502862769,24.64723252897184,0.339357400348817,0.028161849677471134,ok,/home/elads/STAR/full_grid_solar_opacity/runs/T0p979835_rho1em17/fac-opacity-cowan-state/starout.h5
0.9798345746611002,1.4370779141993746e-17,fac-opacity-cowan-state,T0p979835_rho1p43708em17,0.31118194698459817,24.521831743670894,0.3417644202578892,0.030582472855123624,ok,/home/elads/STAR/full_grid_solar_opacity/runs/T0p979835_rho1p43708em17/fac-opacity-cowan-state/starout.h5
0.9798345746611002,2.065192931479625e-17,fac-opacity-cowan-state,T0p979835_rho2p06519em17,0.31116929805171695,24.374421222911174,0.3442201310001071,0.03305083249647215,ok,/home/elads/STAR/full_grid_solar_opacity/runs/T0p979835_rho2p06519em17/fac-opacity-cowan-state/starout.h5
0.9798345746611002,2.9678431503900313e-17,fac-opacity-cowan-state,T0p979835_rho2p96784em17,0.31115784817852604,24.21920933450664,0.3466773059964377,0.035519457332239074,ok,/home/elads/STAR/full_grid_solar_opacity/runs/T0p979835_rho2p96784em17/fac-opacity-cowan-state/starout.h5
0.9798345746611002,4.2650218442334076e-17,fac-opacity-cowan-state,T0p979835_rho4p26502em17,0.31114755679527223,24.07702350566031,0.349072593755456,0.037925036441618876,ok,/home/elads/STAR/full_grid_solar_opacity/runs/T0p979835_rho4p26502em17/fac-opacity-cowan-state/starout.h5
0.9798345746611002,6.129168695925715e-17,fac-opacity-cowan-state,T0p979835_rho6p12917em17,0.3111381546996167,23.971599999703052,0.35133592517859064,0.040197769929332564,ok,/home/elads/STAR/full_grid_solar_opacity/runs/T0p979835_rho6p12917em17/fac-opacity-cowan-state/starout.h5
0.9798345746611002,8.808092965317026e-17,fac-opacity-cowan-state,T0p979835_rho8p80809em17,0.3111292056499874,23.925250525105188,0.35340440842288273,0.04227520219484828,ok,/home/elads/STAR/full_grid_solar_opacity/runs/T0p979835_rho8p80809em17/fac-opacity-cowan-state/starout.h5
0.9798345746611002,1.2657915866672028e-16,fac-opacity-cowan-state,T0p979835_rho1p26579em16,0.31112014086127826,23.956136525555806,0.35523567261105393,0.04411553114656532,ok,/home/elads/STAR/full_grid_solar_opacity/runs/T0p979835_rho1p26579em16/fac-opacity-cowan-state/starout.h5
0.9798345746611002,1.819041133178821e-16,fac-opacity-cowan-state,T0p979835_rho1p81904em16,0.31111025975912343,24.077960437179105,0.35681559813305563,0.045705337748983846,ok,/home/elads/STAR/full_grid_solar_opacity/runs/T0p979835_rho1p81904em16/fac-opacity-cowan-state/starout.h5
0.9798345746611002,2.6141038375114865e-16,fac-opacity-cowan-state,T0p979835_rho2p6141em16,0.31109869984953614,24.30093586351226,0.35815817966117736,0.04705947916817701,ok,/home/elads/STAR/full_grid_solar_opacity/runs/T0p979835_rho2p6141em16/fac-opacity-cowan-state/starout.h5
0.9798345746611002,3.7566708903116036e-16,fac-opacity-cowan-state,T0p979835_rho3p75667em16,0.31108437208239764,24.632194805398484,0.35929921243224383,0.04821483969058392,ok,/home/elads/STAR/full_grid_solar_opacity/runs/T0p979835_rho3p75667em16/fac-opacity-cowan-state/starout.h5
0.9798345746611002,5.398628767382507e-16,fac-opacity-cowan-state,T0p979835_rho5p39863em16,0.31106584610352883,25.074637499478246,0.3602878545097489,0.04922200773318668,ok,/home/elads/STAR/full_grid_solar_opacity/runs/T0p979835_rho5p39863em16/fac-opacity-cowan-state/starout.h5
0.9798345746611002,7.758250168566793e-16,fac-opacity-cowan-state,T0p979835_rho7p75825em16,0.311041163447194,25.62474773917557,0.3611797699774001,0.050138605844640124,ok,/home/elads/STAR/full_grid_solar_opacity/runs/T0p979835_rho7p75825em16/fac-opacity-cowan-state/starout.h5
0.9798345746611002,1.1149209970080914e-15,fac-opacity-cowan-state,T0p979835_rho1p11492em15,0.3110075595605428,26.271193754260246,0.36203354490847456,0.05102598465023229,ok,/home/elads/STAR/full_grid_solar_opacity/runs/T0p979835_rho1p11492em15/fac-opacity-cowan-state/starout.h5
0.9798345746611002,1.6022283408774753e-15,fac-opacity-cowan-state,T0p979835_rho1p60223em15,0.31096108103848347,26.996415421519313,0.3629100608847253,0.051948979135921135,ok,/home/elads/STAR/full_grid_solar_opacity/runs/T0p979835_rho1p60223em15/fac-opacity-cowan-state/starout.h5
0.9798345746611002,2.3025269621793266e-15,fac-opacity-cowan-state,T0p979835_rho2p30253em15,0.3108960813109061,27.782169373403015,0.36387352432101167,0.05297744228572256,ok,/home/elads/STAR/full_grid_solar_opacity/runs/T0p979835_rho2p30253em15/fac-opacity-cowan-state/starout.h5
0.9798345746611002,3.308910644196489e-15,fac-opacity-cowan-state,T0p979835_rho3p30891em15,0.3108045636218064,28.617292208878247,0.3649930439113295,0.054188479548581026,ok,/home/elads/STAR/full_grid_solar_opacity/runs/T0p979835_rho3p30891em15/fac-opacity-cowan-state/starout.h5
0.9798345746611002,4.755162406834019e-15,fac-opacity-cowan-state,T0p979835_rho4p75516em15,0.31067533014725934,29.503634007619777,0.36634453532639777,0.055669204417949966,ok,/home/elads/STAR/full_grid_solar_opacity/runs/T0p979835_rho4p75516em15/fac-opacity-cowan-state/starout.h5
0.9798345746611002,6.8335388732923106e-15,fac-opacity-cowan-state,T0p979835_rho6p83354em15,0.31049290624296405,30.456391276372248,0.3680134717383721,0.057520564708905084,ok,/home/elads/STAR/full_grid_solar_opacity/runs/T0p979835_rho6p83354em15/fac-opacity-cowan-state/starout.h5
0.9798345746611002,9.820327790631256e-15,fac-opacity-cowan-state,T0p979835_rho9p82033em15,0.31023625869243954,31.497823071189007,0.3700989303649648,0.05986267085399739,ok,/home/elads/STAR/full_grid_solar_opacity/runs/T0p979835_rho9p82033em15/fac-opacity-cowan-state/starout.h5
0.9798345746611002,1.4112576178114521e-14,fac-opacity-cowan-state,T0p979835_rho1p41126em14,0.30987743630612896,32.64656221018243,0.3727185331358214,0.06284109597043962,ok,/home/elads/STAR/full_grid_solar_opacity/runs/T0p979835_rho1p41126em14/fac-opacity-cowan-state/starout.h5
0.9798345746611002,2.0280871538024598e-14,fac-opacity-cowan-state,T0p979835_rho2p02809em14,0.30938047821868925,33.90711584712347,0.3760131071749868,0.0666326280452016,ok,/home/elads/STAR/full_grid_solar_opacity/runs/T0p979835_rho2p02809em14/fac-opacity-cowan-state/starout.h5
0.9798345746611002,2.914519256800997e-14,fac-opacity-cowan-state,T0p979835_rho2p91452em14,0.30870128548289427,35.26526234134404,0.3801502418629624,0.07144895540311637,ok,/home/elads/STAR/full_grid_solar_opacity/runs/T0p979835_rho2p91452em14/fac-opacity-cowan-state/starout.h5
0.9798345746611002,4.188391254457488e-14,fac-opacity-cowan-state,T0p979835_rho4p18839em14,0.30778964292218813,36.69373719233821,0.38532771267259136,0.07753806869019234,ok,/home/elads/STAR/full_grid_solar_opacity/runs/T0p979835_rho4p18839em14/fac-opacity-cowan-state/starout.h5
0.9798345746611002,6.019044567806669e-14,fac-opacity-cowan-state,T0p979835_rho6p01904em14,0.3065949746902043,38.16787073355335,0.391779954743003,0.0851849788880284,ok,/home/elads/STAR/full_grid_solar_opacity/runs/T0p979835_rho6p01904em14/fac-opacity-cowan-state/starout.h5
0.9798345746611002,8.649836012976684e-14,fac-opacity-cowan-state,T0p979835_rho8p64984em14,0.30507716975872823,39.68515123602448,0.39979188896046214,0.09471471790665983,ok,/home/elads/STAR/full_grid_solar_opacity/runs/T0p979835_rho8p64984em14/fac-opacity-cowan-state/starout.h5
0.9798345746611002,1.2430488295695167e-13,fac-opacity-cowan-state,T0p979835_rho1p24305em13,0.3032220739691021,41.28119433594434,0.40972376150258055,0.10650168607723574,ok,/home/elads/STAR/full_grid_solar_opacity/runs/T0p979835_rho1p24305em13/fac-opacity-cowan-state/starout.h5
0.9798345746611002,1.7863580192457348e-13,fac-opacity-cowan-state,T0p979835_rho1p78636em13,0.3010577112906995,43.03913037129392,0.4220490618949228,0.12099134894985723,ok,/home/elads/STAR/full_grid_solar_opacity/runs/T0p979835_rho1p78636em13/fac-opacity-cowan-state/starout.h5
0.9798345746611002,2.567135656310987e-13,fac-opacity-cowan-state,T0p979835_rho2p56714em13,0.2986634942070982,45.09575976792867,0.43740615370812297,0.13874265760393742,ok,/home/elads/STAR/full_grid_solar_opacity/runs/T0p979835_rho2p56714em13/fac-opacity-cowan-state/starout.h5
0.9798345746611002,3.6891739544382357e-13,fac-opacity-cowan-state,T0p979835_rho3p68917em13,0.29616433676158793,47.651083430443194,0.4566643179669421,0.16049997901077023,ok,/home/elads/STAR/full_grid_solar_opacity/runs/T0p979835_rho3p68917em13/fac-opacity-cowan-state/starout.h5
0.9798345746611002,5.301630411562758e-13,fac-opacity-cowan-state,T0p979835_rho5p30163em13,0.2937075498526279,50.98729284292658,0.4810080089917692,0.1873004565781031,ok,/home/elads/STAR/full_grid_solar_opacity/runs/T0p979835_rho5p30163em13/fac-opacity-cowan-state/starout.h5
0.9798345746611002,7.618855973704612e-13,fac-opacity-cowan-state,T0p979835_rho7p61886em13,0.2914302235107476,55.50158276894803,0.512048985353839,0.2206187588264778,ok,/home/elads/STAR/full_grid_solar_opacity/runs/T0p979835_rho7p61886em13/fac-opacity-cowan-state/starout.h5
0.9798345746611002,1.0948889651276868e-12,fac-opacity-cowan-state,T0p979835_rho1p09489em12,0.2894309132048212,61.756552522405585,0.55198049014149,0.2625495733467175,ok,/home/elads/STAR/full_grid_solar_opacity/runs/T0p979835_rho1p09489em12/fac-opacity-cowan-state/starout.h5
0.9798345746611002,1.5734407502856082e-12,fac-opacity-cowan-state,T0p979835_rho1p57344em12,0.287756487579796,70.55343701236384,0.6037889742332003,0.31603248233215836,ok,/home/elads/STAR/full_grid_solar_opacity/runs/T0p979835_rho1p57344em12/fac-opacity-cowan-state/starout.h5
0.9798345746611002,2.26115695153675e-12,fac-opacity-cowan-state,T0p979835_rho2p26116em12,0.2864056925863027,83.03657537994926,0.671543238517088,0.38513754066463646,ok,/home/elads/STAR/full_grid_solar_opacity/runs/T0p979835_rho2p26116em12/fac-opacity-cowan-state/starout.h5
0.9798345746611002,3.249458715591849e-12,fac-opacity-cowan-state,T0p979835_rho3p24946em12,0.2853431184773419,100.84207261239807,0.7607993973838363,0.47545627240537897,ok,/home/elads/STAR/full_grid_solar_opacity/runs/T0p979835_rho3p24946em12/fac-opacity-cowan-state/starout.h5
0.9798345746611002,4.669725353279713e-12,fac-opacity-cowan-state,T0p979835_rho4p66973em12,0.2845150534380297,126.30926231568841,0.879193043758267,0.5946779821889537,ok,/home/elads/STAR/full_grid_solar_opacity/runs/T0p979835_rho4p66973em12/fac-opacity-cowan-state/starout.h5
0.9798345746611002,6.710759170575148e-12,fac-opacity-cowan-state,T0p979835_rho6p71076em12,0.2838617894688455,162.78100886419418,1.0373263630278042,0.7534645632565194,ok,/home/elads/STAR/full_grid_solar_opacity/runs/T0p979835_rho6p71076em12/fac-opacity-cowan-state/starout.h5
0.9798345746611002,9.64388379154446e-12,fac-opacity-cowan-state,T0p979835_rho9p64388em12,0.28332436556872814,215.02818976781944,1.2500738481743334,0.96674946938683,ok,/home/elads/STAR/full_grid_solar_opacity/runs/T0p979835_rho9p64388em12/fac-opacity-cowan-state/starout.h5
0.9798345746611002,1.3859012403933867e-11,fac-opacity-cowan-state,T0p979835_rho1p3859em11,0.28284660904413955,289.8458647941009,1.5384201518156575,1.2555735256035303,ok,/home/elads/STAR/full_grid_solar_opacity/runs/T0p979835_rho1p3859em11/fac-opacity-cowan-state/starout.h5
0.9798345746611002,1.9916480638308542e-11,fac-opacity-cowan-state,T0p979835_rho1p99165em11,0.2823736763029476,396.88231612771204,1.9318980858469526,1.6495243869893603,ok,/home/elads/STAR/full_grid_solar_opacity/runs/T0p979835_rho1p99165em11/fac-opacity-cowan-state/starout.h5
0.9798345746611002,2.8621534453892672e-11,fac-opacity-cowan-state,T0p979835_rho2p86215em11,0.2818483600067855,549.7766466092276,2.4716237546789963,2.189775364730485,ok,/home/elads/STAR/full_grid_solar_opacity/runs/T0p979835_rho2p86215em11/fac-opacity-cowan-state/starout.h5
0.9798345746611002,4.1131375034185614e-11,fac-opacity-cowan-state,T0p979835_rho4p11314em11,0.28120590658180694,767.6906753478056,3.213845503713508,2.932639557032478,ok,/home/elads/STAR/full_grid_solar_opacity/runs/T0p979835_rho4p11314em11/fac-opacity-cowan-state/starout.h5
0.9798345746611002,5.910899064227969e-11,fac-opacity-cowan-state,T0p979835_rho5p9109em11,0.28036747141775553,1077.3145235789218,4.2338200683217835,3.9534525428467986,ok,/home/elads/STAR/full_grid_solar_opacity/runs/T0p979835_rho5p9109em11/fac-opacity-cowan-state/starout.h5
0.9798345746611002,8.4944224982638e-11,fac-opacity-cowan-state,T0p979835_rho8p49442em11,0.2792324965644007,1515.3827637756876,5.629624189336723,5.350391619614155,ok,/home/elads/STAR/full_grid_solar_opacity/runs/T0p979835_rho8p49442em11/fac-opacity-cowan-state/starout.h5
0.9798345746611002,1.2207146966133182e-10,fac-opacity-cowan-state,T0p979835_rho1p22071em10,0.27767016463049476,2131.6135356143363,7.525099866735748,7.247429603008081,ok,/home/elads/STAR/full_grid_solar_opacity/runs/T0p979835_rho1p22071em10/fac-opacity-cowan-state/starout.h5
0.9798345746611002,1.7542621300415897e-10,fac-opacity-cowan-state,T0p979835_rho1p75426em10,0.27551111964199115,2991.7244091137013,10.070586384928049,9.795075131353851,ok,/home/elads/STAR/full_grid_solar_opacity/runs/T0p979835_rho1p75426em10/fac-opacity-cowan-state/starout.h5
0.9798345746611002,2.52101136279913e-10,fac-opacity-cowan-state,T0p979835_rho2p52101em10,0.2725407019544099,4179.684413374269,13.439461053779167,13.16692017178789,ok,/home/elads/STAR/full_grid_solar_opacity/runs/T0p979835_rho2p52101em10/fac-opacity-cowan-state/starout.h5
0.9798345746611002,3.6228897509242966e-10,fac-opacity-cowan-state,T0p979835_rho3p62289em10,0.26849874882617714,5797.68923128936,17.818427104959447,17.549928116165677,ok,/home/elads/STAR/full_grid_solar_opacity/runs/T0p979835_rho3p62289em10/fac-opacity-cowan-state/starout.h5
0.9798345746611002,5.20637484663258e-10,fac-opacity-cowan-state,T0p979835_rho5p20637em10,0.26309088796498703,7961.584994865952,23.389755452746034,23.126664248560395,ok,/home/elads/STAR/full_grid_solar_opacity/runs/T0p979835_rho5p20637em10/fac-opacity-cowan-state/starout.h5
0.9798345746611002,7.481966305138837e-10,fac-opacity-cowan-state,T0p979835_rho7p48197em10,0.25601710324854976,10789.230832854553,30.304952994376222,30.048935480255874,ok,/home/elads/STAR/full_grid_solar_opacity/runs/T0p979835_rho7p48197em10/fac-opacity-cowan-state/starout.h5
0.9798345746611002,1.0752168531898921e-09,fac-opacity-cowan-state,T0p979835_rho1p07522em09,0.24702173647702477,14380.73877570434,39.17656577015462,38.92954350137748,ok,/home/elads/STAR/full_grid_solar_opacity/runs/T0p979835_rho1p07522em09/fac-opacity-cowan-state/starout.h5
0.9798345746611002,1.5451703926941453e-09,fac-opacity-cowan-state,T0p979835_rho1p54517em09,0.2359583880286038,18792.9533538013,49.27071932665007,49.03476026814843,ok,/home/elads/STAR/full_grid_solar_opacity/runs/T0p979835_rho1p54517em09/fac-opacity-cowan-state/starout.h5
0.9798345746611002,2.220530245015531e-09,fac-opacity-cowan-state,T0p979835_rho2p22053em09,0.22285052390410107,24014.69711521109,60.51903799379426,60.29618664543494,ok,/home/elads/STAR/full_grid_solar_opacity/runs/T0p979835_rho2p22053em09/fac-opacity-cowan-state/starout.h5
0.9798345746611002,3.1910749729235452e-09,fac-opacity-cowan-state,T0p979835_rho3p19107em09,0.20792394213883042,29955.105715818092,72.83057332633905,72.62264839120002,ok,/home/elads/STAR/full_grid_solar_opacity/runs/T0p979835_rho3p19107em09/fac-opacity-cowan-state/starout.h5
0.9798345746611002,4.585823366142813e-09,fac-opacity-cowan-state,T0p979835_rho4p58582em09,0.19159153886407593,36448.98545354434,85.86236258391219,85.67076987363546,ok,/home/elads/STAR/full_grid_solar_opacity/runs/T0p979835_rho4p58582em09/fac-opacity-cowan-state/starout.h5
0.9798345746611002,6.590185477903269e-09,fac-opacity-cowan-state,T0p979835_rho6p59019em09,0.17439347080937978,43280.893689467455,99.20421385036471,99.02981902547872,ok,/home/elads/STAR/full_grid_solar_opacity/runs/T0p979835_rho6p59019em09/fac-opacity-cowan-state/starout.h5
0.9798345746611002,9.470610000772238e-09,fac-opacity-cowan-state,T0p979835_rho9p47061em09,0.1569127345694081,50218.27119408511,112.43704150662485,112.28012723680176,ok,/home/elads/STAR/full_grid_solar_opacity/runs/T0p979835_rho9p47061em09/fac-opacity-cowan-state/starout.h5
0.9798345746611002,1.3610004466105506e-08,fac-opacity-cowan-state,T0p979835_rho1p361em08,0.13969575078895907,57043.41524408834,125.301027164554,125.16132970238128,ok,/home/elads/STAR/full_grid_solar_opacity/runs/T0p979835_rho1p361em08/fac-opacity-cowan-state/starout.h5
0.9798345746611002,1.9558636830395073e-08,fac-opacity-cowan-state,T0p979835_rho1p95586em08,0.12319624084337977,63574.85242588141,137.2823998665245,137.15920175024542,ok,/home/elads/STAR/full_grid_solar_opacity/runs/T0p979835_rho1p95586em08/fac-opacity-cowan-state/starout.h5
0.9798345746611002,2.810728502080722e-08,fac-opacity-cowan-state,T0p979835_rho2p81073em08,0.10774822670583545,69678.47877464115,148.29111744690175,148.183367194022,ok,/home/elads/STAR/full_grid_solar_opacity/runs/T0p979835_rho2p81073em08/fac-opacity-cowan-state/starout.h5
0.9798345746611002,4.039235853150913e-08,fac-opacity-cowan-state,T0p979835_rho4p03924em08,0.0935655154241391,75268.2101972942,158.2247871255747,158.13121944795557,ok,/home/elads/STAR/full_grid_solar_opacity/runs/T0p979835_rho4p03924em08/fac-opacity-cowan-state/starout.h5
0.9798345746611002,5.804696634805446e-08,fac-opacity-cowan-state,T0p979835_rho5p8047em08,0.08075507833146789,80299.30578345202,167.07546211790378,166.9947047561831,ok,/home/elads/STAR/full_grid_solar_opacity/runs/T0p979835_rho5p8047em08/fac-opacity-cowan-state/starout.h5
0.9798345746611002,8.341801332506338e-08,fac-opacity-cowan-state,T0p979835_rho8p3418em08,0.07177466781687801,75643.67580824693,159.79600907102503,159.72174773133253,ok,/home/elads/STAR/full_grid_solar_opacity/runs/T0p979835_rho8p3418em08/fac-opacity-cowan-state/starout.h5
0.9798345746611002,1.1987818459583772e-07,fac-opacity-cowan-state,T0p979835_rho1p19878em07,0.05912328065469782,80676.65958557565,170.35886438594832,170.29734996651925,ok,/home/elads/STAR/full_grid_solar_opacity/runs/T0p979835_rho1p19878em07/fac-opacity-cowan-state/starout.h5
0.9798345746611002,1.7227429147699408e-07,fac-opacity-cowan-state,T0p979835_rho1p72274em07,0.048156645688525526,85153.49661895746,186.16092106286746,186.11035245484837,ok,/home/elads/STAR/full_grid_solar_opacity/runs/T0p979835_rho1p72274em07/fac-opacity-cowan-state/starout.h5
0.9798345746611002,2.4757157946593376e-07,fac-opacity-cowan-state,T0p979835_rho2p47572em07,0.03879721404299994,89094.04761837592,194.89669547378162,194.85579094122167,ok,/home/elads/STAR/full_grid_solar_opacity/runs/T0p979835_rho2p47572em07/fac-opacity-cowan-state/starout.h5
0.9798345746611002,3.557796490339488e-07,fac-opacity-cowan-state,T0p979835_rho3p5578em07,0.03092686755115538,92545.03664934388,210.9003727806267,210.86732432527697,ok,/home/elads/STAR/full_grid_solar_opacity/runs/T0p979835_rho3p5578em07/fac-opacity-cowan-state/starout.h5
0.9798345746611002,5.112830759482948e-07,fac-opacity-cowan-state,T0p979835_rho5p11283em07,0.024398391770641945,95537.00122374792,218.2152676852704,218.18892565064345,ok,/home/elads/STAR/full_grid_solar_opacity/runs/T0p979835_rho5p11283em07/fac-opacity-cowan-state/starout.h5
0.9798345746611002,7.347536163492159e-07,fac-opacity-cowan-state,T0p979835_rho7p34754em07,0.019054166004112257,98126.32309332903,240.68490549657886,240.6639656166203,ok,/home/elads/STAR/full_grid_solar_opacity/runs/T0p979835_rho7p34754em07/fac-opacity-cowan-state/starout.h5
0.9798345746611002,1.0558981944335787e-06,fac-opacity-cowan-state,T0p979835_rho1p0559em06,0.014735826397649001,100361.70423288093,246.71460908764521,246.69811527774755,ok,/home/elads/STAR/full_grid_solar_opacity/runs/T0p979835_rho1p0559em06/fac-opacity-cowan-state/starout.h5
0.9798345746611002,1.517407974863493e-06,fac-opacity-cowan-state,T0p979835_rho1p51741em06,0.011287597838092333,102284.08365075062,260.2666696636811,260.2535618743912,ok,/home/elads/STAR/full_grid_solar_opacity/runs/T0p979835_rho1p51741em06/fac-opacity-cowan-state/starout.h5
0.9798345746611002,2.1806334875063253e-06,fac-opacity-cowan-state,T0p979835_rho2p18063em06,0.008569375120444962,103941.60160001818,271.0049372723968,270.99462724427497,ok,/home/elads/STAR/full_grid_solar_opacity/runs/T0p979835_rho2p18063em06/fac-opacity-cowan-state/starout.h5
0.9798345746611002,3.1337402238588983e-06,fac-opacity-cowan-state,T0p979835_rho3p13374em06,0.006446652385499402,105930.00444248554,273.9598495085656,273.9521270509503,ok,/home/elads/STAR/full_grid_solar_opacity/runs/T0p979835_rho3p13374em06/fac-opacity-cowan-state/starout.h5
0.9798345746611002,4.503428864545845e-06,fac-opacity-cowan-state,T0p979835_rho4p50343em06,0.004808717893994341,106685.57437783643,232.22396006666222,232.21827318776275,ok,/home/elads/STAR/full_grid_solar_opacity/runs/T0p979835_rho4p50343em06/fac-opacity-cowan-state/starout.h5
0.9798345746611002,6.471778159406801e-06,fac-opacity-cowan-state,T0p979835_rho6p47178em06,0.0035627577437282194,107756.97514487812,237.0478145372521,237.04346188295506,ok,/home/elads/STAR/full_grid_solar_opacity/runs/T0p979835_rho6p47178em06/fac-opacity-cowan-state/starout.h5
0.9798345746611002,9.300449458481393e-06,fac-opacity-cowan-state,T0p979835_rho9p30045em06,0.002621757424796748,108681.32509435408,251.54173344332935,251.53842586853858,ok,/home/elads/STAR/full_grid_solar_opacity/runs/T0p979835_rho9p30045em06/fac-opacity-cowan-state/starout.h5
0.9798345746611002,1.3365470508911143e-05,fac-opacity-cowan-state,T0p979835_rho1p33655em05,0.001917690477488887,109499.14168458345,257.93266725775214,257.93012907393285,ok,/home/elads/STAR/full_grid_solar_opacity/runs/T0p979835_rho1p33655em05/fac-opacity-cowan-state/starout.h5
0.9798345746611002,1.920722248123928e-05,fac-opacity-cowan-state,T0p979835_rho1p92072em05,0.0013941789747539304,110261.37534298269,311.07820481973675,311.0762559372637,ok,/home/elads/STAR/full_grid_solar_opacity/runs/T0p979835_rho1p92072em05/fac-opacity-cowan-state/starout.h5
0.9798345746611002,2.760227522090268e-05,fac-opacity-cowan-state,T0p979835_rho2p76023em05,0.0010063022817384205,111196.42875839607,607.4379374896638,607.4366172903058,ok,/home/elads/STAR/full_grid_solar_opacity/runs/T0p979835_rho2p76023em05/fac-opacity-cowan-state/starout.h5
0.9798345746611002,3.966662010161191e-05,fac-opacity-cowan-state,T0p979835_rho3p96666em05,0.0007131372254827319,109602.76122541362,176.9205056559208,176.91947947481313,ok,/home/elads/STAR/full_grid_solar_opacity/runs/T0p979835_rho3p96666em05/fac-opacity-cowan-state/starout.h5
0.9798345746611002,5.7004023678963655e-05,fac-opacity-cowan-state,T0p979835_rho5p7004em05,0.0005106951739070137,109923.58227797522,177.3391426681001,177.33840264945093,ok,/home/elads/STAR/full_grid_solar_opacity/runs/T0p979835_rho5p7004em05/fac-opacity-cowan-state/starout.h5
0.9798345746611002,8.191922344953684e-05,fac-opacity-cowan-state,T0p979835_rho8p19192em05,0.00036471027588293685,110193.79401899525,174.46679902282935,174.46625776609528,ok,/home/elads/STAR/full_grid_solar_opacity/runs/T0p979835_rho8p19192em05/fac-opacity-cowan-state/starout.h5
0.9798345746611002,0.00011772430676769293,fac-opacity-cowan-state,T0p979835_rho0p000117724,0.0002594967659551649,110410.20363474944,169.93107879596135,169.9306807647544,ok,/home/elads/STAR/full_grid_solar_opacity/runs/T0p979835_rho0p000117724/fac-opacity-cowan-state/starout.h5
0.9798345746611002,0.00016917900122028344,fac-opacity-cowan-state,T0p979835_rho0p000169179,0.00018459587279368942,110599.02716985955,174.46204801896272,174.46176215257537,ok,/home/elads/STAR/full_grid_solar_opacity/runs/T0p979835_rho0p000169179/fac-opacity-cowan-state/starout.h5
0.9798345746611002,0.0002431234061999784,fac-opacity-cowan-state,T0p979835_rho0p000243123,0.0001311404312139476,110750.71132896164,177.6523908537757,177.65218589262207,ok,/home/elads/STAR/full_grid_solar_opacity/runs/T0p979835_rho0p000243123/fac-opacity-cowan-state/starout.h5
0.9798345746611002,0.0003493872774749123,fac-opacity-cowan-state,T0p979835_rho0p000349387,9.315610587545768e-05,110875.79329140714,178.34414483754773,178.34399762680044,ok,/home/elads/STAR/full_grid_solar_opacity/runs/T0p979835_rho0p000349387/fac-opacity-cowan-state/starout.h5
0.9798345746611002,0.0005020967399614471,fac-opacity-cowan-state,T0p979835_rho0p000502097,6.619108633126083e-05,110975.43208905516,178.5790732772131,178.57896796403213,ok,/home/elads/STAR/full_grid_solar_opacity/runs/T0p979835_rho0p000502097/fac-opacity-cowan-state/starout.h5
0.9798345746611002,0.0007215521357901021,fac-opacity-cowan-state,T0p979835_rho0p000721552,4.707414816817278e-05,111058.91472253986,177.05329982183218,177.05322301040775,ok,/home/elads/STAR/full_grid_solar_opacity/runs/T0p979835_rho0p000721552/fac-opacity-cowan-state/starout.h5
0.9798345746611002,0.0010369266382873438,fac-opacity-cowan-state,T0p979835_rho0p00103693,3.3386461017926195e-05,111121.23192807323,179.14876876906658,179.1487140977658,ok,/home/elads/STAR/full_grid_solar_opacity/runs/T0p979835_rho0p00103693/fac-opacity-cowan-state/starout.h5
0.9798345746611002,0.0014901443705277455,fac-opacity-cowan-state,T0p979835_rho0p00149014,2.365473369604561e-05,111172.56964975715,181.02662917051865,181.0265895294374,ok,/home/elads/STAR/full_grid_solar_opacity/runs/T0p979835_rho0p00149014/fac-opacity-cowan-state/starout.h5
0.9798345746611002,0.002141453563853953,fac-opacity-cowan-state,T0p979835_rho0p00214145,1.661662094731081e-05,111208.28477556902,178.96832194113438,178.968293290102,ok,/home/elads/STAR/full_grid_solar_opacity/runs/T0p979835_rho0p00214145/fac-opacity-cowan-state/starout.h5
0.9798345746611002,0.003077435620898055,fac-opacity-cowan-state,T0p979835_rho0p00307744,1.1542189654595264e-05,111235.99267723906,182.48420138498147,182.4841805906176,ok,/home/elads/STAR/full_grid_solar_opacity/runs/T0p979835_rho0p00307744/fac-opacity-cowan-state/starout.h5
0.9798345746611002,0.004422514763163053,fac-opacity-cowan-state,T0p979835_rho0p00442251,7.746131379973308e-06,111255.57130664977,181.79900006749745,181.79898498860763,ok,/home/elads/STAR/full_grid_solar_opacity/runs/T0p979835_rho0p00442251/fac-opacity-cowan-state/starout.h5
0.9798345746611002,0.006355498291362301,fac-opacity-cowan-state,T0p979835_rho0p0063555,5.059559487985239e-06,111269.42892366182,181.21143804234418,181.21142690380472,ok,/home/elads/STAR/full_grid_solar_opacity/runs/T0p979835_rho0p0063555/fac-opacity-cowan-state/starout.h5
0.9798345746611002,0.009133346228248624,fac-opacity-cowan-state,T0p979835_rho0p00913335,3.327382102875028e-06,111280.44930979054,182.32338886761764,182.3233804387833,ok,/home/elads/STAR/full_grid_solar_opacity/runs/T0p979835_rho0p00913335/fac-opacity-cowan-state/starout.h5
0.9798345746611002,0.01312533014735226,fac-opacity-cowan-state,T0p979835_rho0p0131253,2.273105415358204e-06,111288.27808856868,181.60802654680236,181.60801988919107,ok,/home/elads/STAR/full_grid_solar_opacity/runs/T0p979835_rho0p0131253/fac-opacity-cowan-state/starout.h5
0.9798345746611002,0.018862122071335155,fac-opacity-cowan-state,T0p979835_rho0p0188621,1.3954714372503473e-05,111296.6529256148,182.51443843298753,182.5144222078111,ok,/home/elads/STAR/full_grid_solar_opacity/runs/T0p979835_rho0p0188621/fac-opacity-cowan-state/starout.h5
0.9798345746611002,0.02710633904364831,fac-opacity-cowan-state,T0p979835_rho0p0271063,3.086779584189006e-05,111308.8431536724,180.30868521608866,180.30865219065353,ok,/home/elads/STAR/full_grid_solar_opacity/runs/T0p979835_rho0p0271063/fac-opacity-cowan-state/starout.h5
0.9798345746611002,0.038953921174427183,fac-opacity-cowan-state,T0p979835_rho0p0389539,4.337299670969552e-05,111334.73460318003,179.46137420864218,179.46132855577008,ok,/home/elads/STAR/full_grid_solar_opacity/runs/T0p979835_rho0p0389539/fac-opacity-cowan-state/starout.h5
0.9798345746611002,0.0559798197912329,fac-opacity-cowan-state,T0p979835_rho0p0559798,5.324755305921696e-05,111377.99657951975,181.09400574703736,181.0939501031105,ok,/home/elads/STAR/full_grid_solar_opacity/runs/T0p979835_rho0p0559798/fac-opacity-cowan-state/starout.h5
0.9798345746611002,0.08044736266284185,fac-opacity-cowan-state,T0p979835_rho0p0804474,6.69056945253879e-05,111432.93125844764,177.88651192077958,177.8864425895133,ok,/home/elads/STAR/full_grid_solar_opacity/runs/T0p979835_rho0p0804474/fac-opacity-cowan-state/starout.h5
0.9798345746611002,0.11560912813835741,fac-opacity-cowan-state,T0p979835_rho0p115609,6.589636929340173e-05,111490.63984863884,176.36993157656877,176.36986326456582,ok,/home/elads/STAR/full_grid_solar_opacity/runs/T0p979835_rho0p115609/fac-opacity-cowan-state/starout.h5
0.9798345746611002,0.1661393247274789,fac-opacity-cowan-state,T0p979835_rho0p166139,6.557428817313076e-05,111550.6663441698,173.2778205117983,173.27775255766488,ok,/home/elads/STAR/full_grid_solar_opacity/runs/T0p979835_rho0p166139/fac-opacity-cowan-state/starout.h5
0.9798345746611002,0.23875515424585794,fac-opacity-cowan-state,T0p979835_rho0p238755,6.637720257183072e-05,111627.43157574518,170.83655139061366,170.83648266600161,ok,/home/elads/STAR/full_grid_solar_opacity/runs/T0p979835_rho0p238755/fac-opacity-cowan-state/starout.h5
0.9798345746611002,0.34310975906798746,fac-opacity-cowan-state,T0p979835_rho0p34311,6.85341260389494e-05,111744.75346653035,164.7555754023611,164.75550460597762,ok,/home/elads/STAR/full_grid_solar_opacity/runs/T0p979835_rho0p34311/fac-opacity-cowan-state/starout.h5
0.9798345746611002,0.49307545690287347,fac-opacity-cowan-state,T0p979835_rho0p493075,7.12931917841644e-05,111998.7064140778,160.12030697370747,160.12023348328057,ok,/home/elads/STAR/full_grid_solar_opacity/runs/T0p979835_rho0p493075/fac-opacity-cowan-state/starout.h5
0.9798345746611002,0.7085878491488851,fac-opacity-cowan-state,T0p979835_rho0p708588,7.895060062322274e-05,112513.51442953353,157.90434958322504,157.90426846770475,ok,/home/elads/STAR/full_grid_solar_opacity/runs/T0p979835_rho0p708588/fac-opacity-cowan-state/starout.h5
0.9798345746611002,1.0182959482819007,fac-opacity-cowan-state,T0p979835_rho1p0183,9.566708803467829e-05,113270.54581864135,154.6740600243369,154.67396223804874,ok,/home/elads/STAR/full_grid_solar_opacity/runs/T0p979835_rho1p0183/fac-opacity-cowan-state/starout.h5
0.9798345746611002,1.4633706173946401,fac-opacity-cowan-state,T0p979835_rho1p46337,0.0001280156251660666,114074.75333948272,146.76087063356644,146.76074060801736,ok,/home/elads/STAR/full_grid_solar_opacity/runs/T0p979835_rho1p46337/fac-opacity-cowan-state/starout.h5
0.9798345746611002,2.1029775945461404,fac-opacity-cowan-state,T0p979835_rho2p10298,0.0001944995195649439,114487.51268616412,137.26900952850033,137.26881314919044,ok,/home/elads/STAR/full_grid_solar_opacity/runs/T0p979835_rho2p10298/fac-opacity-cowan-state/starout.h5
0.9798345746611002,3.0221426551783854,fac-opacity-cowan-state,T0p979835_rho3p02214,0.0003516847660677405,113004.70172577124,129.15359956229162,129.15324610811174,ok,/home/elads/STAR/full_grid_solar_opacity/runs/T0p979835_rho3p02214/fac-opacity-cowan-state/starout.h5
0.9798345746611002,4.343054463316713,fac-opacity-cowan-state,T0p979835_rho4p34305,0.0007748554304767075,104849.91987916833,120.7894559646265,120.78867945160773,ok,/home/elads/STAR/full_grid_solar_opacity/runs/T0p979835_rho4p34305/fac-opacity-cowan-state/starout.h5
0.9798345746611002,6.241307649397467,fac-opacity-cowan-state,T0p979835_rho6p24131,0.002233358304421098,77722.13552454094,114.70518510395064,114.70295016039161,ok,/home/elads/STAR/full_grid_solar_opacity/runs/T0p979835_rho6p24131/fac-opacity-cowan-state/starout.h5
0.9798345746611002,8.969245378672715,fac-opacity-cowan-state,T0p979835_rho8p96925,0.004716501402816616,42438.689551111835,67.14715922717052,67.1424417789662,ok,/home/elads/STAR/full_grid_solar_opacity/runs/T0p979835_rho8p96925/fac-opacity-cowan-state/starout.h5
0.9798345746611002,12.889504440725364,fac-opacity-cowan-state,T0p979835_rho12p8895,0.003760547324298018,32553.08816070288,50.7642236726637,50.760462407358126,ok,/home/elads/STAR/full_grid_solar_opacity/runs/T0p979835_rho12p8895/fac-opacity-cowan-state/starout.h5
0.9798345746611002,18.52322215674118,fac-opacity-cowan-state,T0p979835_rho18p5232,0.0029893666523493133,24535.803317117843,40.01607103483763,40.01308110214609,ok,/home/elads/STAR/full_grid_solar_opacity/runs/T0p979835_rho18p5232/fac-opacity-cowan-state/starout.h5
0.9798345746611002,26.61931346126126,fac-opacity-cowan-state,T0p979835_rho26p6193,0.002370393290247404,18557.787453058023,33.25760612061171,33.25523525814543,ok,/home/elads/STAR/full_grid_solar_opacity/runs/T0p979835_rho26p6193/fac-opacity-cowan-state/starout.h5
0.9798345746611002,38.254027466328665,fac-opacity-cowan-state,T0p979835_rho38p254,0.0018678247107416334,14328.045330627796,38.778171653864774,38.77630329142239,ok,/home/elads/STAR/full_grid_solar_opacity/runs/T0p979835_rho38p254/fac-opacity-cowan-state/starout.h5
0.9798345746611002,54.97401800103719,fac-opacity-cowan-state,T0p979835_rho54p974,0.0014742056600557925,11325.327579749119,32.81791402441507,32.81643936399873,ok,/home/elads/STAR/full_grid_solar_opacity/runs/T0p979835_rho54p974/fac-opacity-cowan-state/starout.h5
0.9798345746611002,79.0019471240894,fac-opacity-cowan-state,T0p979835_rho79p0019,0.0011585498200991334,9226.023933007431,30.89073886539889,30.889579888947672,ok,/home/elads/STAR/full_grid_solar_opacity/runs/T0p979835_rho79p0019/fac-opacity-cowan-state/starout.h5
0.9798345746611002,113.53195339077567,fac-opacity-cowan-state,T0p979835_rho113p532,0.000879124865504217,7755.435925818911,33.46755240397699,33.46667281928043,ok,/home/elads/STAR/full_grid_solar_opacity/runs/T0p979835_rho113p532/fac-opacity-cowan-state/starout.h5
0.9798345746611002,163.15426277379785,fac-opacity-cowan-state,T0p979835_rho163p154,0.006000302679609406,6859.203387427243,195.1628609318649,195.15685796313724,ok,/home/elads/STAR/full_grid_solar_opacity/runs/T0p979835_rho163p154/fac-opacity-cowan-state/starout.h5
0.9798345746611002,234.46538763970608,fac-opacity-cowan-state,T0p979835_rho234p465,0.060355891991863496,6019.270463697609,224.36267660118082,224.30231741600315,ok,/home/elads/STAR/full_grid_solar_opacity/runs/T0p979835_rho234p465/fac-opacity-cowan-state/starout.h5
0.9798345746611002,336.94503022121665,fac-opacity-cowan-state,T0p979835_rho336p945,0.07240122334071077,9004.511904574336,4177.120414737355,4177.047956131792,ok,/home/elads/STAR/full_grid_solar_opacity/runs/T0p979835_rho336p945/fac-opacity-cowan-state/starout.h5
0.9798345746611002,484.21626123015125,fac-opacity-cowan-state,T0p979835_rho484p216,0.08220373214981044,9548.93614333739,5208.1602042449185,5208.077928932329,ok,/home/elads/STAR/full_grid_solar_opacity/runs/T0p979835_rho484p216/fac-opacity-cowan-state/starout.h5
0.9798345746611002,695.8564947100452,fac-opacity-cowan-state,T0p979835_rho695p856,0.1544811273821676,10587.628637622302,6669.517653521394,6669.363080514304,ok,/home/elads/STAR/full_grid_solar_opacity/runs/T0p979835_rho695p856/fac-opacity-cowan-state/starout.h5
0.9798345746611002,1000.0,fac-opacity-cowan-state,T0p979835_rho1000,0.18338927242518271,8654.787017215178,4828.270099098878,4828.08664300646,ok,/home/elads/STAR/full_grid_solar_opacity/runs/T0p979835_rho1000/fac-opacity-cowan-state/starout.h5
1.0786813094202108,1e-17,fac-opacity-cowan-state,T1p07868_rho1em17,0.3112801146002837,44.614415663178285,0.3308335687069258,0.019553453906157255,ok,/home/elads/STAR/full_grid_solar_opacity/runs/T1p07868_rho1em17/fac-opacity-cowan-state/starout.h5
1.0786813094202108,1.4370779141993746e-17,fac-opacity-cowan-state,T1p07868_rho1p43708em17,0.3112766928647457,44.63444411715196,0.3331030844900937,0.0218263914015579,ok,/home/elads/STAR/full_grid_solar_opacity/runs/T1p07868_rho1p43708em17/fac-opacity-cowan-state/starout.h5
1.0786813094202108,2.065192931479625e-17,fac-opacity-cowan-state,T1p07868_rho2p06519em17,0.31127237594188584,44.66184693357049,0.3356307665340793,0.024358390342442544,ok,/home/elads/STAR/full_grid_solar_opacity/runs/T1p07868_rho2p06519em17/fac-opacity-cowan-state/starout.h5
1.0786813094202108,2.9678431503900313e-17,fac-opacity-cowan-state,T1p07868_rho2p96784em17,0.3112668367206423,44.698243861220135,0.33842815465707754,0.02716131765794499,ok,/home/elads/STAR/full_grid_solar_opacity/runs/T1p07868_rho2p96784em17/fac-opacity-cowan-state/starout.h5
1.0786813094202108,4.2650218442334076e-17,fac-opacity-cowan-state,T1p07868_rho4p26502em17,0.31125975686799845,44.74503048611516,0.3414989080414659,0.030239150863419325,ok,/home/elads/STAR/full_grid_solar_opacity/runs/T1p07868_rho4p26502em17/fac-opacity-cowan-state/starout.h5
1.0786813094202108,6.129168695925715e-17,fac-opacity-cowan-state,T1p07868_rho6p12917em17,0.31125088588065525,44.80290389624364,0.3448343873452513,0.033583501120258145,ok,/home/elads/STAR/full_grid_solar_opacity/runs/T1p07868_rho6p12917em17/fac-opacity-cowan-state/starout.h5
1.0786813094202108,8.808092965317026e-17,fac-opacity-cowan-state,T1p07868_rho8p80809em17,0.3112401235001464,44.87132688943126,0.34841315352176827,0.037173029640479964,ok,/home/elads/STAR/full_grid_solar_opacity/runs/T1p07868_rho8p80809em17/fac-opacity-cowan-state/starout.h5
1.0786813094202108,1.2657915866672028e-16,fac-opacity-cowan-state,T1p07868_rho1p26579em16,0.3112276024221793,44.94820761395916,0.35220363355297307,0.04097603071065934,ok,/home/elads/STAR/full_grid_solar_opacity/runs/T1p07868_rho1p26579em16/fac-opacity-cowan-state/starout.h5
1.0786813094202108,1.819041133178821e-16,fac-opacity-cowan-state,T1p07868_rho1p81904em16,0.31121372560707394,45.030245291830674,0.3561666643559723,0.04495293828798744,ok,/home/elads/STAR/full_grid_solar_opacity/runs/T1p07868_rho1p81904em16/fac-opacity-cowan-state/starout.h5
1.0786813094202108,2.6141038375114865e-16,fac-opacity-cowan-state,T1p07868_rho2p6141em16,0.31119911119806054,45.11434679980429,0.3602547470287663,0.04905563532772948,ok,/home/elads/STAR/full_grid_solar_opacity/runs/T1p07868_rho2p6141em16/fac-opacity-cowan-state/starout.h5
1.0786813094202108,3.7566708903116036e-16,fac-opacity-cowan-state,T1p07868_rho3p75667em16,0.3111844389412715,45.20003615234713,0.36440753067107706,0.05322309118409955,ok,/home/elads/STAR/full_grid_solar_opacity/runs/T1p07868_rho3p75667em16/fac-opacity-cowan-state/starout.h5
1.0786813094202108,5.398628767382507e-16,fac-opacity-cowan-state,T1p07868_rho5p39863em16,0.311170255989505,45.29199431060018,0.3685470551909519,0.057376798613151786,ok,/home/elads/STAR/full_grid_solar_opacity/runs/T1p07868_rho5p39863em16/fac-opacity-cowan-state/starout.h5
1.0786813094202108,7.758250168566793e-16,fac-opacity-cowan-state,T1p07868_rho7p75825em16,0.3111568280823348,45.40140708327162,0.37257909448383375,0.06142226577172513,ok,/home/elads/STAR/full_grid_solar_opacity/runs/T1p07868_rho7p75825em16/fac-opacity-cowan-state/starout.h5
1.0786813094202108,1.1149209970080914e-15,fac-opacity-cowan-state,T1p07868_rho1p11492em15,0.31114408241371905,45.54528243991446,0.3764049417209796,0.06526085863812883,ok,/home/elads/STAR/full_grid_solar_opacity/runs/T1p07868_rho1p11492em15/fac-opacity-cowan-state/starout.h5
1.0786813094202108,1.6022283408774753e-15,fac-opacity-cowan-state,T1p07868_rho1p60223em15,0.31113162239919584,45.74416990428924,0.3799411652236149,0.06880954211890214,ok,/home/elads/STAR/full_grid_solar_opacity/runs/T1p07868_rho1p60223em15/fac-opacity-cowan-state/starout.h5
1.0786813094202108,2.3025269621793266e-15,fac-opacity-cowan-state,T1p07868_rho2p30253em15,0.31111876172679326,46.01971359783872,0.3831391659906504,0.07202040352541861,ok,/home/elads/STAR/full_grid_solar_opacity/runs/T1p07868_rho2p30253em15/fac-opacity-cowan-state/starout.h5
1.0786813094202108,3.308910644196489e-15,fac-opacity-cowan-state,T1p07868_rho3p30891em15,0.31110453446487635,46.393137529404925,0.3859967072835735,0.07489217205081389,ok,/home/elads/STAR/full_grid_solar_opacity/runs/T1p07868_rho3p30891em15/fac-opacity-cowan-state/starout.h5
1.0786813094202108,4.755162406834019e-15,fac-opacity-cowan-state,T1p07868_rho4p75516em15,0.31108766027925266,46.88437658123465,0.3885586552536216,0.07747099418004477,ok,/home/elads/STAR/full_grid_solar_opacity/runs/T1p07868_rho4p75516em15/fac-opacity-cowan-state/starout.h5
1.0786813094202108,6.8335388732923106e-15,fac-opacity-cowan-state,T1p07868_rho6p83354em15,0.3110664511761458,47.510662323702405,0.39090976156708046,0.07984330957228644,ok,/home/elads/STAR/full_grid_solar_opacity/runs/T1p07868_rho6p83354em15/fac-opacity-cowan-state/starout.h5
1.0786813094202108,9.820327790631256e-15,fac-opacity-cowan-state,T1p07868_rho9p82033em15,0.31103864069656506,48.283990172085495,0.3931651426275691,0.08212650108894576,ok,/home/elads/STAR/full_grid_solar_opacity/runs/T1p07868_rho9p82033em15/fac-opacity-cowan-state/starout.h5
1.0786813094202108,1.4112576178114521e-14,fac-opacity-cowan-state,T1p07868_rho1p41126em14,0.3110011078241196,49.20853306501064,0.395463250385853,0.08446214169572756,ok,/home/elads/STAR/full_grid_solar_opacity/runs/T1p07868_rho1p41126em14/fac-opacity-cowan-state/starout.h5
1.0786813094202108,2.0280871538024598e-14,fac-opacity-cowan-state,T1p07868_rho2p02809em14,0.31094947267428014,50.28041048312005,0.39796319129932595,0.08701371773287825,ok,/home/elads/STAR/full_grid_solar_opacity/runs/T1p07868_rho2p02809em14/fac-opacity-cowan-state/starout.h5
1.0786813094202108,2.914519256800997e-14,fac-opacity-cowan-state,T1p07868_rho2p91452em14,0.31087754045933774,51.49201466552835,0.4008459621027491,0.08996842072094854,ok,/home/elads/STAR/full_grid_solar_opacity/runs/T1p07868_rho2p91452em14/fac-opacity-cowan-state/starout.h5
1.0786813094202108,4.188391254457488e-14,fac-opacity-cowan-state,T1p07868_rho4p18839em14,0.3107765748162944,52.84068307007106,0.4043194563749773,0.09354288059957043,ok,/home/elads/STAR/full_grid_solar_opacity/runs/T1p07868_rho4p18839em14/fac-opacity-cowan-state/starout.h5
1.0786813094202108,6.019044567806669e-14,fac-opacity-cowan-state,T1p07868_rho6p01904em14,0.3106343715705224,54.33790120235443,0.40862864006552746,0.09799426749025182,ok,/home/elads/STAR/full_grid_solar_opacity/runs/T1p07868_rho6p01904em14/fac-opacity-cowan-state/starout.h5
1.0786813094202108,8.649836012976684e-14,fac-opacity-cowan-state,T1p07868_rho8p64984em14,0.3104341171216336,56.01340178087443,0.41407117350816136,0.10363705532391805,ok,/home/elads/STAR/full_grid_solar_opacity/runs/T1p07868_rho8p64984em14/fac-opacity-cowan-state/starout.h5
1.0786813094202108,1.2430488295695167e-13,fac-opacity-cowan-state,T1p07868_rho1p24305em13,0.31015306642845,57.91080458420355,0.42101544533016605,0.11086237776502382,ok,/home/elads/STAR/full_grid_solar_opacity/runs/T1p07868_rho1p24305em13/fac-opacity-cowan-state/starout.h5
1.0786813094202108,1.7863580192457348e-13,fac-opacity-cowan-state,T1p07868_rho1p78636em13,0.30976121232155784,60.07690209513435,0.42991872849436896,0.12015751494081389,ok,/home/elads/STAR/full_grid_solar_opacity/runs/T1p07868_rho1p78636em13/fac-opacity-cowan-state/starout.h5
1.0786813094202108,2.567135656310987e-13,fac-opacity-cowan-state,T1p07868_rho2p56714em13,0.3092203588012802,62.552128675387266,0.4413487297672119,0.1321283696111949,ok,/home/elads/STAR/full_grid_solar_opacity/runs/T1p07868_rho2p56714em13/fac-opacity-cowan-state/starout.h5
1.0786813094202108,3.6891739544382357e-13,fac-opacity-cowan-state,T1p07868_rho3p68917em13,0.3084844155277854,65.37202356516305,0.45601604342053786,0.14753162638008283,ok,/home/elads/STAR/full_grid_solar_opacity/runs/T1p07868_rho3p68917em13/fac-opacity-cowan-state/starout.h5
1.0786813094202108,5.301630411562758e-13,fac-opacity-cowan-state,T1p07868_rho5p30163em13,0.30750222161354435,68.5861180371391,0.47482467502761844,0.16732245169848634,ok,/home/elads/STAR/full_grid_solar_opacity/runs/T1p07868_rho5p30163em13/fac-opacity-cowan-state/starout.h5
1.0786813094202108,7.618855973704612e-13,fac-opacity-cowan-state,T1p07868_rho7p61886em13,0.30622451714605636,72.29229947843204,0.4989452360179277,0.1927207168958705,ok,/home/elads/STAR/full_grid_solar_opacity/runs/T1p07868_rho7p61886em13/fac-opacity-cowan-state/starout.h5
1.0786813094202108,1.0948889651276868e-12,fac-opacity-cowan-state,T1p07868_rho1p09489em12,0.30461612171007135,76.67743432980971,0.5299139844292342,0.22529786040914235,ok,/home/elads/STAR/full_grid_solar_opacity/runs/T1p07868_rho1p09489em12/fac-opacity-cowan-state/starout.h5
1.0786813094202108,1.5734407502856082e-12,fac-opacity-cowan-state,T1p07868_rho1p57344em12,0.3026721444419628,82.05653178254875,0.5697634868795155,0.26709133969901605,ok,/home/elads/STAR/full_grid_solar_opacity/runs/T1p07868_rho1p57344em12/fac-opacity-cowan-state/starout.h5
1.0786813094202108,2.26115695153675e-12,fac-opacity-cowan-state,T1p07868_rho2p26116em12,0.3004331663941399,88.9125996388196,0.6212005869519159,0.3207674172688888,ok,/home/elads/STAR/full_grid_solar_opacity/runs/T1p07868_rho2p26116em12/fac-opacity-cowan-state/starout.h5
1.0786813094202108,3.249458715591849e-12,fac-opacity-cowan-state,T1p07868_rho3p24946em12,0.29799113437266606,97.94987520348703,0.6878647993552093,0.38987366098509607,ok,/home/elads/STAR/full_grid_solar_opacity/runs/T1p07868_rho3p24946em12/fac-opacity-cowan-state/starout.h5
1.0786813094202108,4.669725353279713e-12,fac-opacity-cowan-state,T1p07868_rho4p66973em12,0.2954786790197765,110.17770849752934,0.7747131850851389,0.4792345011516826,ok,/home/elads/STAR/full_grid_solar_opacity/runs/T1p07868_rho4p66973em12/fac-opacity-cowan-state/starout.h5
1.0786813094202108,6.710759170575148e-12,fac-opacity-cowan-state,T1p07868_rho6p71076em12,0.2930423455072537,127.04194059714266,0.8885854221015836,0.5955430704881172,ok,/home/elads/STAR/full_grid_solar_opacity/runs/T1p07868_rho6p71076em12/fac-opacity-cowan-state/starout.h5
1.0786813094202108,9.64388379154446e-12,fac-opacity-cowan-state,T1p07868_rho9p64388em12,0.2908095035148144,150.61988015028476,1.0390226004933747,0.7482130893069937,ok,/home/elads/STAR/full_grid_solar_opacity/runs/T1p07868_rho9p64388em12/fac-opacity-cowan-state/starout.h5
1.0786813094202108,1.3859012403933867e-11,fac-opacity-cowan-state,T1p07868_rho1p3859em11,0.28886307569108854,183.89900439677334,1.2394622326239275,0.950599147186171,ok,/home/elads/STAR/full_grid_solar_opacity/runs/T1p07868_rho1p3859em11/fac-opacity-cowan-state/starout.h5
1.0786813094202108,1.9916480638308542e-11,fac-opacity-cowan-state,T1p07868_rho1p99165em11,0.2872326397932157,231.16958661180763,1.5089791712050766,1.2217465188850696,ok,/home/elads/STAR/full_grid_solar_opacity/runs/T1p07868_rho1p99165em11/fac-opacity-cowan-state/starout.h5
1.0786813094202108,2.8621534453892672e-11,fac-opacity-cowan-state,T1p07868_rho2p86215em11,0.2859010268173731,298.57756486564074,1.874750854055282,1.5888498109471398,ok,/home/elads/STAR/full_grid_solar_opacity/runs/T1p07868_rho2p86215em11/fac-opacity-cowan-state/starout.h5
1.0786813094202108,4.1131375034185614e-11,fac-opacity-cowan-state,T1p07868_rho4p11314em11,0.28481888042760295,394.9040061757562,2.3753735678085905,2.0905546659461454,ok,/home/elads/STAR/full_grid_solar_opacity/runs/T1p07868_rho4p11314em11/fac-opacity-cowan-state/starout.h5
1.0786813094202108,5.910899064227969e-11,fac-opacity-cowan-state,T1p07868_rho5p9109em11,0.28391898682845146,532.6602133162583,3.0651051258927864,2.7811861105483233,ok,/home/elads/STAR/full_grid_solar_opacity/runs/T1p07868_rho5p9109em11/fac-opacity-cowan-state/starout.h5
1.0786813094202108,8.4944224982638e-11,fac-opacity-cowan-state,T1p07868_rho8p49442em11,0.28312584498511345,729.613737751171,4.019175040373301,3.7360491570817924,ok,/home/elads/STAR/full_grid_solar_opacity/runs/T1p07868_rho8p49442em11/fac-opacity-cowan-state/starout.h5
1.0786813094202108,1.2207146966133182e-10,fac-opacity-cowan-state,T1p07868_rho1p22071em10,0.2823592705336329,1010.8846581339737,5.340397278098951,5.058037955704327,ok,/home/elads/STAR/full_grid_solar_opacity/runs/T1p07868_rho1p22071em10/fac-opacity-cowan-state/starout.h5
1.0786813094202108,1.7542621300415897e-10,fac-opacity-cowan-state,T1p07868_rho1p75426em10,0.2815331950483815,1411.770046936304,7.167155631313382,6.885622365665445,ok,/home/elads/STAR/full_grid_solar_opacity/runs/T1p07868_rho1p75426em10/fac-opacity-cowan-state/starout.h5
1.0786813094202108,2.52101136279913e-10,fac-opacity-cowan-state,T1p07868_rho2p52101em10,0.28055028046016195,1981.4303220574675,9.682017936239234,9.401467559384097,ok,/home/elads/STAR/full_grid_solar_opacity/runs/T1p07868_rho2p52101em10/fac-opacity-cowan-state/starout.h5
1.0786813094202108,3.6228897509242966e-10,fac-opacity-cowan-state,T1p07868_rho3p62289em10,0.27929464103180823,2787.493498459602,13.119313914359141,12.840019141676262,ok,/home/elads/STAR/full_grid_solar_opacity/runs/T1p07868_rho3p62289em10/fac-opacity-cowan-state/starout.h5
1.0786813094202108,5.20637484663258e-10,fac-opacity-cowan-state,T1p07868_rho5p20637em10,0.2776230521688255,3921.3831407641005,17.769426808907614,17.491803577392112,ok,/home/elads/STAR/full_grid_solar_opacity/runs/T1p07868_rho5p20637em10/fac-opacity-cowan-state/starout.h5
1.0786813094202108,7.481966305138837e-10,fac-opacity-cowan-state,T1p07868_rho7p48197em10,0.27535553994225526,5503.652092463054,23.977404735024002,23.702048952060284,ok,/home/elads/STAR/full_grid_solar_opacity/runs/T1p07868_rho7p48197em10/fac-opacity-cowan-state/starout.h5
1.0786813094202108,1.0752168531898921e-09,fac-opacity-cowan-state,T1p07868_rho1p07522em09,0.2722689673287278,7687.789573511331,32.463352906965724,32.191083609575905,ok,/home/elads/STAR/full_grid_solar_opacity/runs/T1p07868_rho1p07522em09/fac-opacity-cowan-state/starout.h5
1.0786813094202108,1.5451703926941453e-09,fac-opacity-cowan-state,T1p07868_rho1p54517em09,0.2680973640248942,10659.527092113321,43.20236809468407,42.93427029044622,ok,/home/elads/STAR/full_grid_solar_opacity/runs/T1p07868_rho1p54517em09/fac-opacity-cowan-state/starout.h5
1.0786813094202108,2.220530245015531e-09,fac-opacity-cowan-state,T1p07868_rho2p22053em09,0.2625436353132587,14627.18547618589,56.650314195404114,56.38776998193668,ok,/home/elads/STAR/full_grid_solar_opacity/runs/T1p07868_rho2p22053em09/fac-opacity-cowan-state/starout.h5
1.0786813094202108,3.1910749729235452e-09,fac-opacity-cowan-state,T1p07868_rho3p19107em09,0.2553103940940794,19800.08325999314,73.24168798971937,72.98637684728256,ok,/home/elads/STAR/full_grid_solar_opacity/runs/T1p07868_rho3p19107em09/fac-opacity-cowan-state/starout.h5
1.0786813094202108,4.585823366142813e-09,fac-opacity-cowan-state,T1p07868_rho4p58582em09,0.24615037451341815,26351.448679654448,93.18648697152435,92.9403356440766,ok,/home/elads/STAR/full_grid_solar_opacity/runs/T1p07868_rho4p58582em09/fac-opacity-cowan-state/starout.h5
1.0786813094202108,6.590185477903269e-09,fac-opacity-cowan-state,T1p07868_rho6p59019em09,0.23493115951450982,34372.42052404811,116.4639812642855,116.22904891305326,ok,/home/elads/STAR/full_grid_solar_opacity/runs/T1p07868_rho6p59019em09/fac-opacity-cowan-state/starout.h5
1.0786813094202108,9.470610000772238e-09,fac-opacity-cowan-state,T1p07868_rho9p47061em09,0.2216935632872004,43830.47906149878,142.83696732783594,142.61527230228822,ok,/home/elads/STAR/full_grid_solar_opacity/runs/T1p07868_rho9p47061em09/fac-opacity-cowan-state/starout.h5
1.0786813094202108,1.3610004466105506e-08,fac-opacity-cowan-state,T1p07868_rho1p361em08,0.2066783087087023,54548.18759745155,171.5698490849655,171.36316901923865,ok,/home/elads/STAR/full_grid_solar_opacity/runs/T1p07868_rho1p361em08/fac-opacity-cowan-state/starout.h5
1.0786813094202108,1.9558636830395073e-08,fac-opacity-cowan-state,T1p07868_rho1p95586em08,0.190309676547714,66219.50791865286,201.89996656486446,201.70965482015075,ok,/home/elads/STAR/full_grid_solar_opacity/runs/T1p07868_rho1p95586em08/fac-opacity-cowan-state/starout.h5
1.0786813094202108,2.810728502080722e-08,fac-opacity-cowan-state,T1p07868_rho2p81073em08,0.17312875270239353,78452.06724295448,232.90544183945886,232.73231070050923,ok,/home/elads/STAR/full_grid_solar_opacity/runs/T1p07868_rho2p81073em08/fac-opacity-cowan-state/starout.h5
1.0786813094202108,4.039235853150913e-08,fac-opacity-cowan-state,T1p07868_rho4p03924em08,0.15571337170263025,90827.55975645379,263.64221500726853,263.48649893399045,ok,/home/elads/STAR/full_grid_solar_opacity/runs/T1p07868_rho4p03924em08/fac-opacity-cowan-state/starout.h5
1.0786813094202108,5.804696634805446e-08,fac-opacity-cowan-state,T1p07868_rho5p8047em08,0.13859930315520907,102957.78079414275,293.3154565639428,293.17685425479135,ok,/home/elads/STAR/full_grid_solar_opacity/runs/T1p07868_rho5p8047em08/fac-opacity-cowan-state/starout.h5
1.0786813094202108,8.341801332506338e-08,fac-opacity-cowan-state,T1p07868_rho8p3418em08,0.12222715809020036,114527.26096949232,327.6503472170705,327.52811670077426,ok,/home/elads/STAR/full_grid_solar_opacity/runs/T1p07868_rho8p3418em08/fac-opacity-cowan-state/starout.h5
1.0786813094202108,1.1987818459583772e-07,fac-opacity-cowan-state,T1p07868_rho1p19878em07,0.10081512863368775,104568.25589487074,316.1687951290026,316.0643929257604,ok,/home/elads/STAR/full_grid_solar_opacity/runs/T1p07868_rho1p19878em07/fac-opacity-cowan-state/starout.h5
1.0786813094202108,1.7227429147699408e-07,fac-opacity-cowan-state,T1p07868_rho1p72274em07,0.0839965307123047,116211.74783125415,355.11657228013837,355.02932717887086,ok,/home/elads/STAR/full_grid_solar_opacity/runs/T1p07868_rho1p72274em07/fac-opacity-cowan-state/starout.h5
1.0786813094202108,2.4757157946593376e-07,fac-opacity-cowan-state,T1p07868_rho2p47572em07,0.06895058359642807,127069.64348510861,396.85813700751936,396.78571497319257,ok,/home/elads/STAR/full_grid_solar_opacity/runs/T1p07868_rho2p47572em07/fac-opacity-cowan-state/starout.h5
1.0786813094202108,3.557796490339488e-07,fac-opacity-cowan-state,T1p07868_rho3p5578em07,0.055803210086036135,136990.08731931174,423.1385873192133,423.0794694324243,ok,/home/elads/STAR/full_grid_solar_opacity/runs/T1p07868_rho3p5578em07/fac-opacity-cowan-state/starout.h5
1.0786813094202108,5.112830759482948e-07,fac-opacity-cowan-state,T1p07868_rho5p11283em07,0.044559607759090694,145930.20626117158,459.91965758680436,459.87183511946193,ok,/home/elads/STAR/full_grid_solar_opacity/runs/T1p07868_rho5p11283em07/fac-opacity-cowan-state/starout.h5
1.0786813094202108,7.347536163492159e-07,fac-opacity-cowan-state,T1p07868_rho7p34754em07,0.0351296918829773,153881.7890337856,496.29099935050453,496.2528169907524,ok,/home/elads/STAR/full_grid_solar_opacity/runs/T1p07868_rho7p34754em07/fac-opacity-cowan-state/starout.h5
1.0786813094202108,1.0558981944335787e-06,fac-opacity-cowan-state,T1p07868_rho1p0559em06,0.02735875742188977,161685.06880533692,595.1409051351595,595.1102388435658,ok,/home/elads/STAR/full_grid_solar_opacity/runs/T1p07868_rho1p0559em06/fac-opacity-cowan-state/starout.h5
1.0786813094202108,1.517407974863493e-06,fac-opacity-cowan-state,T1p07868_rho1p51741em06,0.0210666386600012,167878.8236925402,724.4974951301738,724.4742691695585,ok,/home/elads/STAR/full_grid_solar_opacity/runs/T1p07868_rho1p51741em06/fac-opacity-cowan-state/starout.h5
1.0786813094202108,2.1806334875063253e-06,fac-opacity-cowan-state,T1p07868_rho2p18063em06,0.016048189038668073,172287.38818515095,542.4792484567771,542.4614767316075,ok,/home/elads/STAR/full_grid_solar_opacity/runs/T1p07868_rho2p18063em06/fac-opacity-cowan-state/starout.h5
1.0786813094202108,3.1337402238588983e-06,fac-opacity-cowan-state,T1p07868_rho3p13374em06,0.012105026266913795,176855.8724104823,571.8379972179699,571.8244626158574,ok,/home/elads/STAR/full_grid_solar_opacity/runs/T1p07868_rho3p13374em06/fac-opacity-cowan-state/starout.h5
1.0786813094202108,4.503428864545845e-06,fac-opacity-cowan-state,T1p07868_rho4p50343em06,0.009047630531211413,180783.35036895893,604.2445932280712,604.2342605574241,ok,/home/elads/STAR/full_grid_solar_opacity/runs/T1p07868_rho4p50343em06/fac-opacity-cowan-state/starout.h5
1.0786813094202108,6.471778159406801e-06,fac-opacity-cowan-state,T1p07868_rho6p47178em06,0.00670525053878259,184120.67245691156,620.9823880504158,620.9745994763116,ok,/home/elads/STAR/full_grid_solar_opacity/runs/T1p07868_rho6p47178em06/fac-opacity-cowan-state/starout.h5
1.0786813094202108,9.300449458481393e-06,fac-opacity-cowan-state,T1p07868_rho9p30045em06,0.004932693693022176,186983.84960147794,656.3551158643235,656.349307500858,ok,/home/elads/STAR/full_grid_solar_opacity/runs/T1p07868_rho9p30045em06/fac-opacity-cowan-state/starout.h5
1.0786813094202108,1.3365470508911143e-05,fac-opacity-cowan-state,T1p07868_rho1p33655em05,0.003604041046010675,189456.27939320938,734.3250276567363,734.3206547951211,ok,/home/elads/STAR/full_grid_solar_opacity/runs/T1p07868_rho1p33655em05/fac-opacity-cowan-state/starout.h5
1.0786813094202108,1.920722248123928e-05,fac-opacity-cowan-state,T1p07868_rho1p92072em05,0.0026165438132285434,191906.6349740442,1024.3626721324727,1024.3591920616834,ok,/home/elads/STAR/full_grid_solar_opacity/runs/T1p07868_rho1p92072em05/fac-opacity-cowan-state/starout.h5
1.0786813094202108,2.760227522090268e-05,fac-opacity-cowan-state,T1p07868_rho2p76023em05,0.00188897248188753,193786.71253089985,1372.8724806424818,1372.870070385013,ok,/home/elads/STAR/full_grid_solar_opacity/runs/T1p07868_rho2p76023em05/fac-opacity-cowan-state/starout.h5
1.0786813094202108,3.966662010161191e-05,fac-opacity-cowan-state,T1p07868_rho3p96666em05,0.0013479207255648246,193515.15333335326,487.9052867706216,487.90358261113266,ok,/home/elads/STAR/full_grid_solar_opacity/runs/T1p07868_rho3p96666em05/fac-opacity-cowan-state/starout.h5
1.0786813094202108,5.7004023678963655e-05,fac-opacity-cowan-state,T1p07868_rho5p7004em05,0.000965599574690051,194673.91463509292,485.31153455145653,485.31029740772635,ok,/home/elads/STAR/full_grid_solar_opacity/runs/T1p07868_rho5p7004em05/fac-opacity-cowan-state/starout.h5
1.0786813094202108,8.191922344953684e-05,fac-opacity-cowan-state,T1p07868_rho8p19192em05,0.0006903431987932792,195634.49293385158,487.1276236984958,487.12673070520884,ok,/home/elads/STAR/full_grid_solar_opacity/runs/T1p07868_rho8p19192em05/fac-opacity-cowan-state/starout.h5
1.0786813094202108,0.00011772430676769293,fac-opacity-cowan-state,T1p07868_rho0p000117724,0.000493076440976875,196432.39107061407,486.5087511317847,486.5081048893135,ok,/home/elads/STAR/full_grid_solar_opacity/runs/T1p07868_rho0p000117724/fac-opacity-cowan-state/starout.h5
1.0786813094202108,0.00016917900122028344,fac-opacity-cowan-state,T1p07868_rho0p000169179,0.00035139660332847336,197096.3939912006,488.99247385082896,488.99200905437345,ok,/home/elads/STAR/full_grid_solar_opacity/runs/T1p07868_rho0p000169179/fac-opacity-cowan-state/starout.h5
1.0786813094202108,0.0002431234061999784,fac-opacity-cowan-state,T1p07868_rho0p000243123,0.0002500237725257527,197645.1374623281,490.36900274639976,490.3686694567222,ok,/home/elads/STAR/full_grid_solar_opacity/runs/T1p07868_rho0p000243123/fac-opacity-cowan-state/starout.h5
1.0786813094202108,0.0003493872774749123,fac-opacity-cowan-state,T1p07868_rho0p000349387,0.00017815107978649082,198099.18985563298,491.8924694781742,491.89222991319366,ok,/home/elads/STAR/full_grid_solar_opacity/runs/T1p07868_rho0p000349387/fac-opacity-cowan-state/starout.h5
1.0786813094202108,0.0005020967399614471,fac-opacity-cowan-state,T1p07868_rho0p000502097,0.00012702836902258116,198465.29505302256,484.63728050331133,484.63710842591644,ok,/home/elads/STAR/full_grid_solar_opacity/runs/T1p07868_rho0p000502097/fac-opacity-cowan-state/starout.h5
1.0786813094202108,0.0007215521357901021,fac-opacity-cowan-state,T1p07868_rho0p000721552,9.072238838415474e-05,198768.96706109936,492.2423491026324,492.2422257351799,ok,/home/elads/STAR/full_grid_solar_opacity/runs/T1p07868_rho0p000721552/fac-opacity-cowan-state/starout.h5
1.0786813094202108,0.0010369266382873438,fac-opacity-cowan-state,T1p07868_rho0p00103693,6.468461633954291e-05,199008.44636754342,490.27085792957087,490.27076882896495,ok,/home/elads/STAR/full_grid_solar_opacity/runs/T1p07868_rho0p00103693/fac-opacity-cowan-state/starout.h5
1.0786813094202108,0.0014901443705277455,fac-opacity-cowan-state,T1p07868_rho0p00149014,4.6073682064453064e-05,199200.163049638,496.7996131342719,496.7995483846213,ok,/home/elads/STAR/full_grid_solar_opacity/runs/T1p07868_rho0p00149014/fac-opacity-cowan-state/starout.h5
1.0786813094202108,0.002141453563853953,fac-opacity-cowan-state,T1p07868_rho0p00214145,3.261162880469991e-05,199344.48746694805,497.81337745135676,497.8133304078512,ok,/home/elads/STAR/full_grid_solar_opacity/runs/T1p07868_rho0p00214145/fac-opacity-cowan-state/starout.h5
1.0786813094202108,0.003077435620898055,fac-opacity-cowan-state,T1p07868_rho0p00307744,2.279870565748808e-05,199451.79507472838,497.3831080817179,497.3830735516487,ok,/home/elads/STAR/full_grid_solar_opacity/runs/T1p07868_rho0p00307744/fac-opacity-cowan-state/starout.h5
1.0786813094202108,0.004422514763163053,fac-opacity-cowan-state,T1p07868_rho0p00442251,1.5536373804975446e-05,199528.89573555102,497.4413052035647,497.4412797702875,ok,/home/elads/STAR/full_grid_solar_opacity/runs/T1p07868_rho0p00442251/fac-opacity-cowan-state/starout.h5
1.0786813094202108,0.006355498291362301,fac-opacity-cowan-state,T1p07868_rho0p0063555,9.604999501692882e-06,199583.27675148565,498.28505443293744,498.2850359443701,ok,/home/elads/STAR/full_grid_solar_opacity/runs/T1p07868_rho0p0063555/fac-opacity-cowan-state/starout.h5
1.0786813094202108,0.009133346228248624,fac-opacity-cowan-state,T1p07868_rho0p00913335,6.13082638149629e-06,199621.1983983287,497.7805211235736,497.7805070403042,ok,/home/elads/STAR/full_grid_solar_opacity/runs/T1p07868_rho0p00913335/fac-opacity-cowan-state/starout.h5
1.0786813094202108,0.01312533014735226,fac-opacity-cowan-state,T1p07868_rho0p0131253,3.9012021528129596e-06,199649.48193807044,497.7751903816902,497.7751792091915,ok,/home/elads/STAR/full_grid_solar_opacity/runs/T1p07868_rho0p0131253/fac-opacity-cowan-state/starout.h5
1.0786813094202108,0.018862122071335155,fac-opacity-cowan-state,T1p07868_rho0p0188621,2.710142291932781e-05,199672.31502596935,494.4962284769545,494.4961967395155,ok,/home/elads/STAR/full_grid_solar_opacity/runs/T1p07868_rho0p0188621/fac-opacity-cowan-state/starout.h5
1.0786813094202108,0.02710633904364831,fac-opacity-cowan-state,T1p07868_rho0p0271063,5.971694082742257e-05,199700.55494125336,489.76823048443464,489.76816619295215,ok,/home/elads/STAR/full_grid_solar_opacity/runs/T1p07868_rho0p0271063/fac-opacity-cowan-state/starout.h5
1.0786813094202108,0.038953921174427183,fac-opacity-cowan-state,T1p07868_rho0p0389539,8.567545469307437e-05,199765.23532800755,483.23233393923755,483.2322435642975,ok,/home/elads/STAR/full_grid_solar_opacity/runs/T1p07868_rho0p0389539/fac-opacity-cowan-state/starout.h5
1.0786813094202108,0.0559798197912329,fac-opacity-cowan-state,T1p07868_rho0p0559798,0.00010583778166309974,199884.7248589502,491.60870236630984,491.6085916119313,ok,/home/elads/STAR/full_grid_solar_opacity/runs/T1p07868_rho0p0559798/fac-opacity-cowan-state/starout.h5
1.0786813094202108,0.08044736266284185,fac-opacity-cowan-state,T1p07868_rho0p0804474,0.00013529975256700523,200034.11377286352,488.42497274067136,488.42483245061965,ok,/home/elads/STAR/full_grid_solar_opacity/runs/T1p07868_rho0p0804474/fac-opacity-cowan-state/starout.h5
1.0786813094202108,0.11560912813835741,fac-opacity-cowan-state,T1p07868_rho0p115609,0.00013282142944088838,200172.27706273994,485.7897566543888,485.7896188516039,ok,/home/elads/STAR/full_grid_solar_opacity/runs/T1p07868_rho0p115609/fac-opacity-cowan-state/starout.h5
1.0786813094202108,0.1661393247274789,fac-opacity-cowan-state,T1p07868_rho0p166139,0.00013195513893918118,200283.60111647737,482.4988920841084,482.498755169261,ok,/home/elads/STAR/full_grid_solar_opacity/runs/T1p07868_rho0p166139/fac-opacity-cowan-state/starout.h5
1.0786813094202108,0.23875515424585794,fac-opacity-cowan-state,T1p07868_rho0p238755,0.00013204203617923297,200404.26420063115,471.72174008190535,471.7216031889435,ok,/home/elads/STAR/full_grid_solar_opacity/runs/T1p07868_rho0p238755/fac-opacity-cowan-state/starout.h5
1.0786813094202108,0.34310975906798746,fac-opacity-cowan-state,T1p07868_rho0p34311,0.0001339341993396318,200558.72836629467,472.0199123576529,472.0197735712285,ok,/home/elads/STAR/full_grid_solar_opacity/runs/T1p07868_rho0p34311/fac-opacity-cowan-state/starout.h5
1.0786813094202108,0.49307545690287347,fac-opacity-cowan-state,T1p07868_rho0p493075,0.00013646772303239774,200858.76934205764,476.89617160926207,476.896030241291,ok,/home/elads/STAR/full_grid_solar_opacity/runs/T1p07868_rho0p493075/fac-opacity-cowan-state/starout.h5
1.0786813094202108,0.7085878491488851,fac-opacity-cowan-state,T1p07868_rho0p708588,0.00014621682168069404,201436.81844627165,472.2868629488296,472.28671188131653,ok,/home/elads/STAR/full_grid_solar_opacity/runs/T1p07868_rho0p708588/fac-opacity-cowan-state/starout.h5
1.0786813094202108,1.0182959482819007,fac-opacity-cowan-state,T1p07868_rho1p0183,0.0001706020857405623,202232.3625814796,457.86667391537804,457.8664986125229,ok,/home/elads/STAR/full_grid_solar_opacity/runs/T1p07868_rho1p0183/fac-opacity-cowan-state/starout.h5
1.0786813094202108,1.4633706173946401,fac-opacity-cowan-state,T1p07868_rho1p46337,0.00021782868062466122,202916.08291796644,439.301431840119,439.30120950233027,ok,/home/elads/STAR/full_grid_solar_opacity/runs/T1p07868_rho1p46337/fac-opacity-cowan-state/starout.h5
1.0786813094202108,2.1029775945461404,fac-opacity-cowan-state,T1p07868_rho2p10298,0.00031215408418302414,202668.36345118537,416.8659507570799,416.8656343243361,ok,/home/elads/STAR/full_grid_solar_opacity/runs/T1p07868_rho2p10298/fac-opacity-cowan-state/starout.h5
1.0786813094202108,3.0221426551783854,fac-opacity-cowan-state,T1p07868_rho3p02214,0.0005243977418195663,198576.32907908643,391.0252644259122,391.0247360135396,ok,/home/elads/STAR/full_grid_solar_opacity/runs/T1p07868_rho3p02214/fac-opacity-cowan-state/starout.h5
1.0786813094202108,4.343054463316713,fac-opacity-cowan-state,T1p07868_rho4p34305,0.001052806980906935,181745.86713001956,354.88405295808127,354.88299650323125,ok,/home/elads/STAR/full_grid_solar_opacity/runs/T1p07868_rho4p34305/fac-opacity-cowan-state/starout.h5
1.0786813094202108,6.241307649397467,fac-opacity-cowan-state,T1p07868_rho6p24131,0.002696406967285861,132364.004098844,272.85006059429173,272.8473613679259,ok,/home/elads/STAR/full_grid_solar_opacity/runs/T1p07868_rho6p24131/fac-opacity-cowan-state/starout.h5
1.0786813094202108,8.969245378672715,fac-opacity-cowan-state,T1p07868_rho8p96925,0.005204923964091917,73369.9151447225,180.14847723399848,180.14327042685497,ok,/home/elads/STAR/full_grid_solar_opacity/runs/T1p07868_rho8p96925/fac-opacity-cowan-state/starout.h5
1.0786813094202108,12.889504440725364,fac-opacity-cowan-state,T1p07868_rho12p8895,0.004149125418690705,56275.28394684696,137.9189105239891,137.9147599550172,ok,/home/elads/STAR/full_grid_solar_opacity/runs/T1p07868_rho12p8895/fac-opacity-cowan-state/starout.h5
1.0786813094202108,18.52322215674118,fac-opacity-cowan-state,T1p07868_rho18p5232,0.0032971726652671384,42477.91810791859,108.55803670416189,108.55473839498319,ok,/home/elads/STAR/full_grid_solar_opacity/runs/T1p07868_rho18p5232/fac-opacity-cowan-state/starout.h5
1.0786813094202108,26.61931346126126,fac-opacity-cowan-state,T1p07868_rho26p6193,0.0026140875467250396,32220.261974108646,90.21898106516201,90.21636603410421,ok,/home/elads/STAR/full_grid_solar_opacity/runs/T1p07868_rho26p6193/fac-opacity-cowan-state/starout.h5
1.0786813094202108,38.254027466328665,fac-opacity-cowan-state,T1p07868_rho38p254,0.0020559629362709646,24982.320568335294,105.47671785520103,105.47466080113043,ok,/home/elads/STAR/full_grid_solar_opacity/runs/T1p07868_rho38p254/fac-opacity-cowan-state/starout.h5
1.0786813094202108,54.97401800103719,fac-opacity-cowan-state,T1p07868_rho54p974,0.001621632712962511,19834.9479116102,91.5749004544983,91.57327787512762,ok,/home/elads/STAR/full_grid_solar_opacity/runs/T1p07868_rho54p974/fac-opacity-cowan-state/starout.h5
1.0786813094202108,79.0019471240894,fac-opacity-cowan-state,T1p07868_rho79p0019,0.001271758025665098,16234.252500013357,85.31453806892253,85.31326543065755,ok,/home/elads/STAR/full_grid_solar_opacity/runs/T1p07868_rho79p0019/fac-opacity-cowan-state/starout.h5
1.0786813094202108,113.53195339077567,fac-opacity-cowan-state,T1p07868_rho113p532,0.0009419221971999166,13702.55259812272,86.13956356767528,86.13862075922982,ok,/home/elads/STAR/full_grid_solar_opacity/runs/T1p07868_rho113p532/fac-opacity-cowan-state/starout.h5
1.0786813094202108,163.15426277379785,fac-opacity-cowan-state,T1p07868_rho163p154,0.007091603998926726,12016.531689793857,273.18279007239727,273.17569565171596,ok,/home/elads/STAR/full_grid_solar_opacity/runs/T1p07868_rho163p154/fac-opacity-cowan-state/starout.h5
1.0786813094202108,234.46538763970608,fac-opacity-cowan-state,T1p07868_rho234p465,0.057560071733484514,10566.184158350537,266.6095354910924,266.55197237680727,ok,/home/elads/STAR/full_grid_solar_opacity/runs/T1p07868_rho234p465/fac-opacity-cowan-state/starout.h5
1.0786813094202108,336.94503022121665,fac-opacity-cowan-state,T1p07868_rho336p945,0.06904605354233227,13174.529496135987,4420.6530568910075,4420.583965180434,ok,/home/elads/STAR/full_grid_solar_opacity/runs/T1p07868_rho336p945/fac-opacity-cowan-state/starout.h5
1.0786813094202108,484.21626123015125,fac-opacity-cowan-state,T1p07868_rho484p216,0.0783995814970979,13532.813224308615,5592.222645244564,5592.144187883214,ok,/home/elads/STAR/full_grid_solar_opacity/runs/T1p07868_rho484p216/fac-opacity-cowan-state/starout.h5
1.0786813094202108,695.8564947100452,fac-opacity-cowan-state,T1p07868_rho695p856,0.14729358801021356,14379.824599563046,7126.543550270001,7126.396182791067,ok,/home/elads/STAR/full_grid_solar_opacity/runs/T1p07868_rho695p856/fac-opacity-cowan-state/starout.h5
1.0786813094202108,1000.0,fac-opacity-cowan-state,T1p07868_rho1000,0.17484008245926652,12200.633602332291,5160.389198250563,5160.21430428967,ok,/home/elads/STAR/full_grid_solar_opacity/runs/T1p07868_rho1000/fac-opacity-cowan-state/starout.h5
1.1874998059697417,1e-17,fac-opacity-cowan-state,T1p1875_rho1em17,0.31130715324671787,75.37323530868352,0.32583305080226493,0.01452589744384781,ok,/home/elads/STAR/full_grid_solar_opacity/runs/T1p1875_rho1em17/fac-opacity-cowan-state/starout.h5
1.1874998059697417,1.4370779141993746e-17,fac-opacity-cowan-state,T1p1875_rho1p43708em17,0.31130437843140324,75.30528018642931,0.32704585836325173,0.01574147981080169,ok,/home/elads/STAR/full_grid_solar_opacity/runs/T1p1875_rho1p43708em17/fac-opacity-cowan-state/starout.h5
1.1874998059697417,2.065192931479625e-17,fac-opacity-cowan-state,T1p1875_rho2p06519em17,0.3113014056934213,75.26199217553183,0.3284706953305634,0.017169289505115835,ok,/home/elads/STAR/full_grid_solar_opacity/runs/T1p1875_rho2p06519em17/fac-opacity-cowan-state/starout.h5
1.1874998059697417,2.9678431503900313e-17,fac-opacity-cowan-state,T1p1875_rho2p96784em17,0.3112983094409449,75.23636434971448,0.3301280938359991,0.018829784250259454,ok,/home/elads/STAR/full_grid_solar_opacity/runs/T1p1875_rho2p96784em17/fac-opacity-cowan-state/starout.h5
1.1874998059697417,4.2650218442334076e-17,fac-opacity-cowan-state,T1p1875_rho4p26502em17,0.31129519009630086,75.22435291887386,0.33203817626151944,0.020742986005712012,ok,/home/elads/STAR/full_grid_solar_opacity/runs/T1p1875_rho4p26502em17/fac-opacity-cowan-state/starout.h5
1.1874998059697417,6.129168695925715e-17,fac-opacity-cowan-state,T1p1875_rho6p12917em17,0.3112921277151787,75.22400619066983,0.3342201574967934,0.022928029605305655,ok,/home/elads/STAR/full_grid_solar_opacity/runs/T1p1875_rho6p12917em17/fac-opacity-cowan-state/starout.h5
1.1874998059697417,8.808092965317026e-17,fac-opacity-cowan-state,T1p1875_rho8p80809em17,0.31128914053159856,75.23501102564705,0.3366941895638395,0.02540504883688442,ok,/home/elads/STAR/full_grid_solar_opacity/runs/T1p1875_rho8p80809em17/fac-opacity-cowan-state/starout.h5
1.1874998059697417,1.2657915866672028e-16,fac-opacity-cowan-state,T1p1875_rho1p26579em16,0.31128616264044456,75.25850641132396,0.3394860730869613,0.028199910229668973,ok,/home/elads/STAR/full_grid_solar_opacity/runs/T1p1875_rho1p26579em16/fac-opacity-cowan-state/starout.h5
1.1874998059697417,1.819041133178821e-16,fac-opacity-cowan-state,T1p1875_rho1p81904em16,0.31128304184835376,75.2970712892132,0.3426318298713825,0.03134878778196695,ok,/home/elads/STAR/full_grid_solar_opacity/runs/T1p1875_rho1p81904em16/fac-opacity-cowan-state/starout.h5
1.1874998059697417,2.6141038375114865e-16,fac-opacity-cowan-state,T1p1875_rho2p6141em16,0.31127954934919444,75.35481521159289,0.34617740283165044,0.03489785321410295,ok,/home/elads/STAR/full_grid_solar_opacity/runs/T1p1875_rho2p6141em16/fac-opacity-cowan-state/starout.h5
1.1874998059697417,3.7566708903116036e-16,fac-opacity-cowan-state,T1p1875_rho3p75667em16,0.31127539340647603,75.43749357806817,0.35017133775457265,0.038895944048999924,ok,/home/elads/STAR/full_grid_solar_opacity/runs/T1p1875_rho3p75667em16/fac-opacity-cowan-state/starout.h5
1.1874998059697417,5.398628767382507e-16,fac-opacity-cowan-state,T1p1875_rho5p39863em16,0.3112702362359655,75.55254213580349,0.35465290616216777,0.043382669592604166,ok,/home/elads/STAR/full_grid_solar_opacity/runs/T1p1875_rho5p39863em16/fac-opacity-cowan-state/starout.h5
1.1874998059697417,7.758250168566793e-16,fac-opacity-cowan-state,T1p1875_rho7p75825em16,0.31126372058019025,75.70888930389266,0.3596400001667109,0.04837627921452341,ok,/home/elads/STAR/full_grid_solar_opacity/runs/T1p1875_rho7p75825em16/fac-opacity-cowan-state/starout.h5
1.1874998059697417,1.1149209970080914e-15,fac-opacity-cowan-state,T1p1875_rho1p11492em15,0.31125551537802726,75.91639489076817,0.3651199153520994,0.053864399559873245,ok,/home/elads/STAR/full_grid_solar_opacity/runs/T1p1875_rho1p11492em15/fac-opacity-cowan-state/starout.h5
1.1874998059697417,1.6022283408774753e-15,fac-opacity-cowan-state,T1p1875_rho1p60223em15,0.31124538557196246,76.1848287947911,0.37104521905063204,0.059799833018829,ok,/home/elads/STAR/full_grid_solar_opacity/runs/T1p1875_rho1p60223em15/fac-opacity-cowan-state/starout.h5
1.1874998059697417,2.3025269621793266e-15,fac-opacity-cowan-state,T1p1875_rho2p30253em15,0.3112332765765642,76.52250509171954,0.37733613030428764,0.06610285321941478,ok,/home/elads/STAR/full_grid_solar_opacity/runs/T1p1875_rho2p30253em15/fac-opacity-cowan-state/starout.h5
1.1874998059697417,3.308910644196489e-15,fac-opacity-cowan-state,T1p1875_rho3p30891em15,0.3112193798293269,76.93500313806936,0.38388896642852005,0.07266958604038817,ok,/home/elads/STAR/full_grid_solar_opacity/runs/T1p1875_rho3p30891em15/fac-opacity-cowan-state/starout.h5
1.1874998059697417,4.755162406834019e-15,fac-opacity-cowan-state,T1p1875_rho4p75516em15,0.3112041290298582,77.42462882479151,0.39058837336142505,0.07938424372112836,ok,/home/elads/STAR/full_grid_solar_opacity/runs/T1p1875_rho4p75516em15/fac-opacity-cowan-state/starout.h5
1.1874998059697417,6.8335388732923106e-15,fac-opacity-cowan-state,T1p1875_rho6p83354em15,0.3111880915893042,77.99103602325658,0.39732004325466286,0.08613195100303273,ok,/home/elads/STAR/full_grid_solar_opacity/runs/T1p1875_rho6p83354em15/fac-opacity-cowan-state/starout.h5
1.1874998059697417,9.820327790631256e-15,fac-opacity-cowan-state,T1p1875_rho9p82033em15,0.31117177603171436,78.63273764348014,0.40398019656063977,0.09280841981526003,ok,/home/elads/STAR/full_grid_solar_opacity/runs/T1p1875_rho9p82033em15/fac-opacity-cowan-state/starout.h5
1.1874998059697417,1.4112576178114521e-14,fac-opacity-cowan-state,T1p1875_rho1p41126em14,0.311155429243968,79.34881227433578,0.41048047668695475,0.09932504667921045,ok,/home/elads/STAR/full_grid_solar_opacity/runs/T1p1875_rho1p41126em14/fac-opacity-cowan-state/starout.h5
1.1874998059697417,2.0280871538024598e-14,fac-opacity-cowan-state,T1p1875_rho2p02809em14,0.3111388984187723,80.14060505089343,0.416753689221372,0.10561478999045665,ok,/home/elads/STAR/full_grid_solar_opacity/runs/T1p1875_rho2p02809em14/fac-opacity-cowan-state/starout.h5
1.1874998059697417,2.914519256800997e-14,fac-opacity-cowan-state,T1p1875_rho2p91452em14,0.311121569886446,81.01393981738465,0.4227688129384005,0.11164724219342477,ok,/home/elads/STAR/full_grid_solar_opacity/runs/T1p1875_rho2p91452em14/fac-opacity-cowan-state/starout.h5
1.1874998059697417,4.188391254457488e-14,fac-opacity-cowan-state,T1p1875_rho4p18839em14,0.31110234640266377,81.98190195590915,0.4285553306684046,0.11745298336256643,ok,/home/elads/STAR/full_grid_solar_opacity/runs/T1p1875_rho4p18839em14/fac-opacity-cowan-state/starout.h5
1.1874998059697417,6.019044567806669e-14,fac-opacity-cowan-state,T1p1875_rho6p01904em14,0.31107960534888157,83.06679625318532,0.43422694925445193,0.1231473429586083,ok,/home/elads/STAR/full_grid_solar_opacity/runs/T1p1875_rho6p01904em14/fac-opacity-cowan-state/starout.h5
1.1874998059697417,8.649836012976684e-14,fac-opacity-cowan-state,T1p1875_rho8p64984em14,0.31105109396536246,84.29939151086519,0.4399955539526719,0.1289444589957697,ok,/home/elads/STAR/full_grid_solar_opacity/runs/T1p1875_rho8p64984em14/fac-opacity-cowan-state/starout.h5
1.1874998059697417,1.2430488295695167e-13,fac-opacity-cowan-state,T1p1875_rho1p24305em13,0.31101372374609576,85.71521029209242,0.44617555449095936,0.135161829705514,ok,/home/elads/STAR/full_grid_solar_opacity/runs/T1p1875_rho1p24305em13/fac-opacity-cowan-state/starout.h5
1.1874998059697417,1.7863580192457348e-13,fac-opacity-cowan-state,T1p1875_rho1p78636em13,0.31096323195357495,87.35034342520851,0.45318568582891955,0.1422224527817013,ok,/home/elads/STAR/full_grid_solar_opacity/runs/T1p1875_rho1p78636em13/fac-opacity-cowan-state/starout.h5
1.1874998059697417,2.567135656310987e-13,fac-opacity-cowan-state,T1p1875_rho2p56714em13,0.3108936740716006,89.2408689965814,0.4615554681211739,0.1506617928910344,ok,/home/elads/STAR/full_grid_solar_opacity/runs/T1p1875_rho2p56714em13/fac-opacity-cowan-state/starout.h5
1.1874998059697417,3.6891739544382357e-13,fac-opacity-cowan-state,T1p1875_rho3p68917em13,0.31079672389234536,91.4290056578741,0.4719437051127477,0.161146979981236,ok,/home/elads/STAR/full_grid_solar_opacity/runs/T1p1875_rho3p68917em13/fac-opacity-cowan-state/starout.h5
1.1874998059697417,5.301630411562758e-13,fac-opacity-cowan-state,T1p1875_rho5p30163em13,0.31066076009261,93.97546222645168,0.4851789842409638,0.17451822280636656,ok,/home/elads/STAR/full_grid_solar_opacity/runs/T1p1875_rho5p30163em13/fac-opacity-cowan-state/starout.h5
1.1874998059697417,7.618855973704612e-13,fac-opacity-cowan-state,T1p1875_rho7p61886em13,0.3104697360356429,96.9731582792542,0.5023267397540714,0.19185700224311153,ok,/home/elads/STAR/full_grid_solar_opacity/runs/T1p1875_rho7p61886em13/fac-opacity-cowan-state/starout.h5
1.1874998059697417,1.0948889651276868e-12,fac-opacity-cowan-state,T1p1875_rho1p09489em12,0.31020186904309777,100.5562548143982,0.5247761666608377,0.2145742959677353,ok,/home/elads/STAR/full_grid_solar_opacity/runs/T1p1875_rho1p09489em12/fac-opacity-cowan-state/starout.h5
1.1874998059697417,1.5734407502856082e-12,fac-opacity-cowan-state,T1p1875_rho1p57344em12,0.30982828844626903,104.90322592520005,0.5543423271584554,0.24451403683195513,ok,/home/elads/STAR/full_grid_solar_opacity/runs/T1p1875_rho1p57344em12/fac-opacity-cowan-state/starout.h5
1.1874998059697417,2.26115695153675e-12,fac-opacity-cowan-state,T1p1875_rho2p26116em12,0.30931197988634695,110.24128894880457,0.593388871573762,0.28407688950295856,ok,/home/elads/STAR/full_grid_solar_opacity/runs/T1p1875_rho2p26116em12/fac-opacity-cowan-state/starout.h5
1.1874998059697417,3.249458715591849e-12,fac-opacity-cowan-state,T1p1875_rho3p24946em12,0.3086078307085514,116.86618713931537,0.644977569146036,0.3363697358509136,ok,/home/elads/STAR/full_grid_solar_opacity/runs/T1p1875_rho3p24946em12/fac-opacity-cowan-state/starout.h5
1.1874998059697417,4.669725353279713e-12,fac-opacity-cowan-state,T1p1875_rho4p66973em12,0.3076648924338622,125.18982435219392,0.7130484057429026,0.4053835101917763,ok,/home/elads/STAR/full_grid_solar_opacity/runs/T1p1875_rho4p66973em12/fac-opacity-cowan-state/starout.h5
1.1874998059697417,6.710759170575148e-12,fac-opacity-cowan-state,T1p1875_rho6p71076em12,0.3064326164699486,135.81851862225594,0.8026511724008452,0.4962185521151419,ok,/home/elads/STAR/full_grid_solar_opacity/runs/T1p1875_rho6p71076em12/fac-opacity-cowan-state/starout.h5
1.1874998059697417,9.64388379154446e-12,fac-opacity-cowan-state,T1p1875_rho9p64388em12,0.3048721051406431,149.65534830465683,0.9202861418462391,0.6154140319732674,ok,/home/elads/STAR/full_grid_solar_opacity/runs/T1p1875_rho9p64388em12/fac-opacity-cowan-state/starout.h5
1.1874998059697417,1.3859012403933867e-11,fac-opacity-cowan-state,T1p1875_rho1p3859em11,0.3029718768089604,168.02354005514113,1.0744503192072392,0.7714784364658667,ok,/home/elads/STAR/full_grid_solar_opacity/runs/T1p1875_rho1p3859em11/fac-opacity-cowan-state/starout.h5
1.1874998059697417,1.9916480638308542e-11,fac-opacity-cowan-state,T1p1875_rho1p99165em11,0.30076359783877454,192.82556697471367,1.276498532836565,0.975734927494714,ok,/home/elads/STAR/full_grid_solar_opacity/runs/T1p1875_rho1p99165em11/fac-opacity-cowan-state/starout.h5
1.1874998059697417,2.8621534453892672e-11,fac-opacity-cowan-state,T1p1875_rho2p86215em11,0.298329847029145,226.7747826662832,1.5419457774929874,1.2436159209008508,ok,/home/elads/STAR/full_grid_solar_opacity/runs/T1p1875_rho2p86215em11/fac-opacity-cowan-state/starout.h5
1.1874998059697417,4.1131375034185614e-11,fac-opacity-cowan-state,T1p1875_rho4p11314em11,0.2957961687358546,273.7505621357484,1.8923774047089492,1.5965812236959183,ok,/home/elads/STAR/full_grid_solar_opacity/runs/T1p1875_rho4p11314em11/fac-opacity-cowan-state/starout.h5
1.1874998059697417,5.910899064227969e-11,fac-opacity-cowan-state,T1p1875_rho5p9109em11,0.2933060770339267,339.3318761159264,2.358137409240071,2.0648313163282794,ok,/home/elads/STAR/full_grid_solar_opacity/runs/T1p1875_rho5p9109em11/fac-opacity-cowan-state/starout.h5
1.1874998059697417,8.4944224982638e-11,fac-opacity-cowan-state,T1p1875_rho8p49442em11,0.2909877327317299,431.5678961762307,2.9819664199610547,2.690978666536596,ok,/home/elads/STAR/full_grid_solar_opacity/runs/T1p1875_rho8p49442em11/fac-opacity-cowan-state/starout.h5
1.1874998059697417,1.2207146966133182e-10,fac-opacity-cowan-state,T1p1875_rho1p22071em10,0.2889260575341872,562.0578593096045,3.823948583378164,3.5350224986608345,ok,/home/elads/STAR/full_grid_solar_opacity/runs/T1p1875_rho1p22071em10/fac-opacity-cowan-state/starout.h5
1.1874998059697417,1.7542621300415897e-10,fac-opacity-cowan-state,T1p1875_rho1p75426em10,0.287150517067028,747.448744649358,4.968541938432219,4.681391385366857,ok,/home/elads/STAR/full_grid_solar_opacity/runs/T1p1875_rho1p75426em10/fac-opacity-cowan-state/starout.h5
1.1874998059697417,2.52101136279913e-10,fac-opacity-cowan-state,T1p1875_rho2p52101em10,0.28563837448397883,1011.5041972236295,6.534376240974902,6.2487378184402145,ok,/home/elads/STAR/full_grid_solar_opacity/runs/T1p1875_rho2p52101em10/fac-opacity-cowan-state/starout.h5
1.1874998059697417,3.6228897509242966e-10,fac-opacity-cowan-state,T1p1875_rho3p62289em10,0.2843273651735317,1387.9592113633782,8.686468610733733,8.402141180950544,ok,/home/elads/STAR/full_grid_solar_opacity/runs/T1p1875_rho3p62289em10/fac-opacity-cowan-state/starout.h5
1.1874998059697417,5.20637484663258e-10,fac-opacity-cowan-state,T1p1875_rho5p20637em10,0.28312877639021783,1924.411511844357,11.649859574731225,11.366730710934648,ok,/home/elads/STAR/full_grid_solar_opacity/runs/T1p1875_rho5p20637em10/fac-opacity-cowan-state/starout.h5
1.1874998059697417,7.481966305138837e-10,fac-opacity-cowan-state,T1p1875_rho7p48197em10,0.28193511115194136,2687.5019047652986,15.725055444228424,15.443120214324038,ok,/home/elads/STAR/full_grid_solar_opacity/runs/T1p1875_rho7p48197em10/fac-opacity-cowan-state/starout.h5
1.1874998059697417,1.0752168531898921e-09,fac-opacity-cowan-state,T1p1875_rho1p07522em09,0.28062186196977684,3769.5723074223865,21.306341195890543,21.025719172240006,ok,/home/elads/STAR/full_grid_solar_opacity/runs/T1p1875_rho1p07522em09/fac-opacity-cowan-state/starout.h5
1.1874998059697417,1.5451703926941453e-09,fac-opacity-cowan-state,T1p1875_rho1p54517em09,0.2790440852535971,5296.905013167169,29.128651026482075,28.84960671938464,ok,/home/elads/STAR/full_grid_solar_opacity/runs/T1p1875_rho1p54517em09/fac-opacity-cowan-state/starout.h5
1.1874998059697417,2.220530245015531e-09,fac-opacity-cowan-state,T1p1875_rho2p22053em09,0.2770287534778431,7438.050816599889,39.4441260004227,39.16709694576294,ok,/home/elads/STAR/full_grid_solar_opacity/runs/T1p1875_rho2p22053em09/fac-opacity-cowan-state/starout.h5
1.1874998059697417,3.1910749729235452e-09,fac-opacity-cowan-state,T1p1875_rho3p19107em09,0.2743673319337434,10412.487509059723,53.1673937131182,52.89302597445471,ok,/home/elads/STAR/full_grid_solar_opacity/runs/T1p1875_rho3p19107em09/fac-opacity-cowan-state/starout.h5
1.1874998059697417,4.585823366142813e-09,fac-opacity-cowan-state,T1p1875_rho4p58582em09,0.2708106497076878,14493.830506367149,71.13263588462567,70.86182469001422,ok,/home/elads/STAR/full_grid_solar_opacity/runs/T1p1875_rho4p58582em09/fac-opacity-cowan-state/starout.h5
1.1874998059697417,6.590185477903269e-09,fac-opacity-cowan-state,T1p1875_rho6p59019em09,0.2660732436270921,20003.521380328923,94.19808942168298,93.93201545575,ok,/home/elads/STAR/full_grid_solar_opacity/runs/T1p1875_rho6p59019em09/fac-opacity-cowan-state/starout.h5
1.1874998059697417,9.470610000772238e-09,fac-opacity-cowan-state,T1p1875_rho9p47061em09,0.2598518485499158,27287.539868336593,123.19101664627925,122.93116385242969,ok,/home/elads/STAR/full_grid_solar_opacity/runs/T1p1875_rho9p47061em09/fac-opacity-cowan-state/starout.h5
1.1874998059697417,1.3610004466105506e-08,fac-opacity-cowan-state,T1p1875_rho1p361em08,0.2518616668301873,36668.85251131506,158.66373758205364,158.41187469708893,ok,/home/elads/STAR/full_grid_solar_opacity/runs/T1p1875_rho1p361em08/fac-opacity-cowan-state/starout.h5
1.1874998059697417,1.9558636830395073e-08,fac-opacity-cowan-state,T1p1875_rho1p95586em08,0.24189761480569688,48381.36534350609,200.92209281147677,200.68019365350747,ok,/home/elads/STAR/full_grid_solar_opacity/runs/T1p1875_rho1p95586em08/fac-opacity-cowan-state/starout.h5
1.1874998059697417,2.810728502080722e-08,fac-opacity-cowan-state,T1p1875_rho2p81073em08,0.22989023617017498,62492.163859201,249.78571341841084,249.5558212632397,ok,/home/elads/STAR/full_grid_solar_opacity/runs/T1p1875_rho2p81073em08/fac-opacity-cowan-state/starout.h5
1.1874998059697417,4.039235853150913e-08,fac-opacity-cowan-state,T1p1875_rho4p03924em08,0.2159618772249664,78847.196404215,304.5065866474648,304.2906224303468,ok,/home/elads/STAR/full_grid_solar_opacity/runs/T1p1875_rho4p03924em08/fac-opacity-cowan-state/starout.h5
1.1874998059697417,5.804696634805446e-08,fac-opacity-cowan-state,T1p1875_rho5p8047em08,0.2004260918930023,97064.63376705018,368.2762393608748,368.07581043860176,ok,/home/elads/STAR/full_grid_solar_opacity/runs/T1p1875_rho5p8047em08/fac-opacity-cowan-state/starout.h5
1.1874998059697417,8.341801332506338e-08,fac-opacity-cowan-state,T1p1875_rho8p3418em08,0.1837560842241566,116554.61303643498,431.13047810586824,430.94671870780763,ok,/home/elads/STAR/full_grid_solar_opacity/runs/T1p1875_rho8p3418em08/fac-opacity-cowan-state/starout.h5
1.1874998059697417,1.1987818459583772e-07,fac-opacity-cowan-state,T1p1875_rho1p19878em07,0.16651251525767116,136645.72440509888,494.92366280831925,494.7571464885446,ok,/home/elads/STAR/full_grid_solar_opacity/runs/T1p1875_rho1p19878em07/fac-opacity-cowan-state/starout.h5
1.1874998059697417,1.7227429147699408e-07,fac-opacity-cowan-state,T1p1875_rho1p72274em07,0.1295830245120071,119921.83881928767,561.2544325578576,561.1208237291834,ok,/home/elads/STAR/full_grid_solar_opacity/runs/T1p1875_rho1p72274em07/fac-opacity-cowan-state/starout.h5
1.1874998059697417,2.4757157946593376e-07,fac-opacity-cowan-state,T1p1875_rho2p47572em07,0.11039893172742542,140471.47627381657,643.0146703063555,642.9005172417261,ok,/home/elads/STAR/full_grid_solar_opacity/runs/T1p1875_rho2p47572em07/fac-opacity-cowan-state/starout.h5
1.1874998059697417,3.557796490339488e-07,fac-opacity-cowan-state,T1p1875_rho3p5578em07,0.09241441137253048,160997.30111488528,788.0387217630213,787.9435661609762,ok,/home/elads/STAR/full_grid_solar_opacity/runs/T1p1875_rho3p5578em07/fac-opacity-cowan-state/starout.h5
1.1874998059697417,5.112830759482948e-07,fac-opacity-cowan-state,T1p1875_rho5p11283em07,0.07606149332182437,181076.9639658794,948.9718454717457,948.8923671082142,ok,/home/elads/STAR/full_grid_solar_opacity/runs/T1p1875_rho5p11283em07/fac-opacity-cowan-state/starout.h5
1.1874998059697417,7.347536163492159e-07,fac-opacity-cowan-state,T1p1875_rho7p34754em07,0.06160377851598002,199840.28766584932,1055.3715242586072,1055.3069482150147,ok,/home/elads/STAR/full_grid_solar_opacity/runs/T1p1875_rho7p34754em07/fac-opacity-cowan-state/starout.h5
1.1874998059697417,1.0558981944335787e-06,fac-opacity-cowan-state,T1p1875_rho1p0559em06,0.04914167703366786,217185.89650363268,1152.409556717663,1152.3576093869833,ok,/home/elads/STAR/full_grid_solar_opacity/runs/T1p1875_rho1p0559em06/fac-opacity-cowan-state/starout.h5
1.1874998059697417,1.517407974863493e-06,fac-opacity-cowan-state,T1p1875_rho1p51741em06,0.038645533944067285,232943.9910229227,1261.3110169817305,1261.2697324114392,ok,/home/elads/STAR/full_grid_solar_opacity/runs/T1p1875_rho1p51741em06/fac-opacity-cowan-state/starout.h5
1.1874998059697417,2.1806334875063253e-06,fac-opacity-cowan-state,T1p1875_rho2p18063em06,0.029990044333447916,247080.87662361062,1527.2096862843248,1527.1779111130802,ok,/home/elads/STAR/full_grid_solar_opacity/runs/T1p1875_rho2p18063em06/fac-opacity-cowan-state/starout.h5
1.1874998059697417,3.1337402238588983e-06,fac-opacity-cowan-state,T1p1875_rho3p13374em06,0.02298798924726763,259609.8709208745,1718.4248488154028,1718.4007759888266,ok,/home/elads/STAR/full_grid_solar_opacity/runs/T1p1875_rho3p13374em06/fac-opacity-cowan-state/starout.h5
1.1874998059697417,4.503428864545845e-06,fac-opacity-cowan-state,T1p1875_rho4p50343em06,0.01742189997879235,269735.0987815241,1313.4160544270185,1313.397624744424,ok,/home/elads/STAR/full_grid_solar_opacity/runs/T1p1875_rho4p50343em06/fac-opacity-cowan-state/starout.h5
1.1874998059697417,6.471778159406801e-06,fac-opacity-cowan-state,T1p1875_rho6p47178em06,0.013068566735639673,279176.4918049733,1374.914938592125,1374.900981214634,ok,/home/elads/STAR/full_grid_solar_opacity/runs/T1p1875_rho6p47178em06/fac-opacity-cowan-state/starout.h5
1.1874998059697417,9.300449458481393e-06,fac-opacity-cowan-state,T1p1875_rho9p30045em06,0.009712141612833076,287375.2920339006,1471.991940880874,1471.981452377617,ok,/home/elads/STAR/full_grid_solar_opacity/runs/T1p1875_rho9p30045em06/fac-opacity-cowan-state/starout.h5
1.1874998059697417,1.3365470508911143e-05,fac-opacity-cowan-state,T1p1875_rho1p33655em05,0.007157579816086905,294655.43427248247,1742.6360564909232,1742.6280559251911,ok,/home/elads/STAR/full_grid_solar_opacity/runs/T1p1875_rho1p33655em05/fac-opacity-cowan-state/starout.h5
1.1874998059697417,1.920722248123928e-05,fac-opacity-cowan-state,T1p1875_rho1p92072em05,0.005235371982911138,300791.87634442456,2030.880412880947,2030.8744731707918,ok,/home/elads/STAR/full_grid_solar_opacity/runs/T1p1875_rho1p92072em05/fac-opacity-cowan-state/starout.h5
1.1874998059697417,2.760227522090268e-05,fac-opacity-cowan-state,T1p1875_rho2p76023em05,0.003792670287614683,304491.2612620303,1214.861960484511,1214.8578532123095,ok,/home/elads/STAR/full_grid_solar_opacity/runs/T1p1875_rho2p76023em05/fac-opacity-cowan-state/starout.h5
1.1874998059697417,3.966662010161191e-05,fac-opacity-cowan-state,T1p1875_rho3p96666em05,0.002742319930238785,308702.51153022493,1205.3707009171903,1205.3676954299947,ok,/home/elads/STAR/full_grid_solar_opacity/runs/T1p1875_rho3p96666em05/fac-opacity-cowan-state/starout.h5
1.1874998059697417,5.7004023678963655e-05,fac-opacity-cowan-state,T1p1875_rho5p7004em05,0.0019785479874299544,312211.413995155,1218.6562942639448,1218.654118341442,ok,/home/elads/STAR/full_grid_solar_opacity/runs/T1p1875_rho5p7004em05/fac-opacity-cowan-state/starout.h5
1.1874998059697417,8.191922344953684e-05,fac-opacity-cowan-state,T1p1875_rho8p19192em05,0.0014270732675592062,315116.035896881,1221.0939483940972,1221.0923720328958,ok,/home/elads/STAR/full_grid_solar_opacity/runs/T1p1875_rho8p19192em05/fac-opacity-cowan-state/starout.h5
1.1874998059697417,0.00011772430676769293,fac-opacity-cowan-state,T1p1875_rho0p000117724,0.0010297269160052989,317521.37231926364,1224.0888563098936,1224.0877153947229,ok,/home/elads/STAR/full_grid_solar_opacity/runs/T1p1875_rho0p000117724/fac-opacity-cowan-state/starout.h5
1.1874998059697417,0.00016917900122028344,fac-opacity-cowan-state,T1p1875_rho0p000169179,0.0007415193499782848,319526.1623454886,1228.5221361698361,1228.5213129511806,ok,/home/elads/STAR/full_grid_solar_opacity/runs/T1p1875_rho0p000169179/fac-opacity-cowan-state/starout.h5
1.1874998059697417,0.0002431234061999784,fac-opacity-cowan-state,T1p1875_rho0p000243123,0.0005343969002245028,321202.3871949142,1228.9095684681197,1228.9089726667537,ok,/home/elads/STAR/full_grid_solar_opacity/runs/T1p1875_rho0p000243123/fac-opacity-cowan-state/starout.h5
1.1874998059697417,0.0003493872774749123,fac-opacity-cowan-state,T1p1875_rho0p000349387,0.00038399974359911934,322602.5563360659,1234.5926663750668,1234.5922370290893,ok,/home/elads/STAR/full_grid_solar_opacity/runs/T1p1875_rho0p000349387/fac-opacity-cowan-state/starout.h5
1.1874998059697417,0.0005020967399614471,fac-opacity-cowan-state,T1p1875_rho0p000502097,0.00027610902047982814,323764.62191769126,1235.4959083534802,1235.4955977323207,ok,/home/elads/STAR/full_grid_solar_opacity/runs/T1p1875_rho0p000502097/fac-opacity-cowan-state/starout.h5
1.1874998059697417,0.0007215521357901021,fac-opacity-cowan-state,T1p1875_rho0p000721552,0.00019863779168336816,324719.0041953812,1241.1314342805335,1241.131209211184,ok,/home/elads/STAR/full_grid_solar_opacity/runs/T1p1875_rho0p000721552/fac-opacity-cowan-state/starout.h5
1.1874998059697417,0.0010369266382873438,fac-opacity-cowan-state,T1p1875_rho0p00103693,0.00014260708448908044,325491.43775690044,1238.9068450702957,1238.9066811921377,ok,/home/elads/STAR/full_grid_solar_opacity/runs/T1p1875_rho0p00103693/fac-opacity-cowan-state/starout.h5
1.1874998059697417,0.0014901443705277455,fac-opacity-cowan-state,T1p1875_rho0p00149014,0.00010230580752711105,326102.82533574384,1243.7409199706137,1243.7408001907586,ok,/home/elads/STAR/full_grid_solar_opacity/runs/T1p1875_rho0p00149014/fac-opacity-cowan-state/starout.h5
1.1874998059697417,0.002141453563853953,fac-opacity-cowan-state,T1p1875_rho0p00214145,7.295922325502984e-05,326574.06184603606,1249.5422245065015,1249.5421367345498,ok,/home/elads/STAR/full_grid_solar_opacity/runs/T1p1875_rho0p00214145/fac-opacity-cowan-state/starout.h5
1.1874998059697417,0.003077435620898055,fac-opacity-cowan-state,T1p1875_rho0p00307744,5.142316067007953e-05,326930.21381591447,1246.9649366155102,1246.9648718809192,ok,/home/elads/STAR/full_grid_solar_opacity/runs/T1p1875_rho0p00307744/fac-opacity-cowan-state/starout.h5
1.1874998059697417,0.004422514763163053,fac-opacity-cowan-state,T1p1875_rho0p00442251,3.568536276511751e-05,327186.93404291273,1248.7755268122905,1248.7754788816405,ok,/home/elads/STAR/full_grid_solar_opacity/runs/T1p1875_rho0p00442251/fac-opacity-cowan-state/starout.h5
1.1874998059697417,0.006355498291362301,fac-opacity-cowan-state,T1p1875_rho0p0063555,2.1721109313764577e-05,327366.0479892046,1249.4596606060106,1249.4596269124067,ok,/home/elads/STAR/full_grid_solar_opacity/runs/T1p1875_rho0p0063555/fac-opacity-cowan-state/starout.h5
1.1874998059697417,0.009133346228248624,fac-opacity-cowan-state,T1p1875_rho0p00913335,1.3344976816629455e-05,327487.9577898777,1250.8528847413777,1250.852859761157,ok,/home/elads/STAR/full_grid_solar_opacity/runs/T1p1875_rho0p00913335/fac-opacity-cowan-state/starout.h5
1.1874998059697417,0.01312533014735226,fac-opacity-cowan-state,T1p1875_rho0p0131253,8.791261339037065e-06,327569.4271025031,1252.1596756869021,1252.1596557534403,ok,/home/elads/STAR/full_grid_solar_opacity/runs/T1p1875_rho0p0131253/fac-opacity-cowan-state/starout.h5
1.1874998059697417,0.018862122071335155,fac-opacity-cowan-state,T1p1875_rho0p0188621,5.1925526476098525e-05,327628.25521840877,1257.501778588048,1257.5017179310203,ok,/home/elads/STAR/full_grid_solar_opacity/runs/T1p1875_rho0p0188621/fac-opacity-cowan-state/starout.h5
1.1874998059697417,0.02710633904364831,fac-opacity-cowan-state,T1p1875_rho0p0271063,0.00011134121274329145,327709.7202611446,1247.1416105306898,1247.141490354811,ok,/home/elads/STAR/full_grid_solar_opacity/runs/T1p1875_rho0p0271063/fac-opacity-cowan-state/starout.h5
1.1874998059697417,0.038953921174427183,fac-opacity-cowan-state,T1p1875_rho0p0389539,0.00016175032593710852,327890.6675033076,1244.0573767004244,1244.0572058158884,ok,/home/elads/STAR/full_grid_solar_opacity/runs/T1p1875_rho0p0389539/fac-opacity-cowan-state/starout.h5
1.1874998059697417,0.0559798197912329,fac-opacity-cowan-state,T1p1875_rho0p0559798,0.00019879368353542897,328207.14337661304,1238.2545767854656,1238.2543686798756,ok,/home/elads/STAR/full_grid_solar_opacity/runs/T1p1875_rho0p0559798/fac-opacity-cowan-state/starout.h5
1.1874998059697417,0.08044736266284185,fac-opacity-cowan-state,T1p1875_rho0p0804474,0.0002591890434907465,328609.5767392472,1235.4309732306133,1235.4307045827989,ok,/home/elads/STAR/full_grid_solar_opacity/runs/T1p1875_rho0p0804474/fac-opacity-cowan-state/starout.h5
1.1874998059697417,0.11560912813835741,fac-opacity-cowan-state,T1p1875_rho0p115609,0.0002538444470075952,328958.4398514354,1230.085940715765,1230.0856774204199,ok,/home/elads/STAR/full_grid_solar_opacity/runs/T1p1875_rho0p115609/fac-opacity-cowan-state/starout.h5
1.1874998059697417,0.1661393247274789,fac-opacity-cowan-state,T1p1875_rho0p166139,0.0002526736847487895,329178.1883146503,1216.9895523078226,1216.9892902613406,ok,/home/elads/STAR/full_grid_solar_opacity/runs/T1p1875_rho0p166139/fac-opacity-cowan-state/starout.h5
1.1874998059697417,0.23875515424585794,fac-opacity-cowan-state,T1p1875_rho0p238755,0.0002511876156252497,329364.73050254444,1199.2751404877808,1199.274880058375,ok,/home/elads/STAR/full_grid_solar_opacity/runs/T1p1875_rho0p238755/fac-opacity-cowan-state/starout.h5
1.1874998059697417,0.34310975906798746,fac-opacity-cowan-state,T1p1875_rho0p34311,0.00025049025559933263,329522.83789449086,1203.0977599320088,1203.09750017285,ok,/home/elads/STAR/full_grid_solar_opacity/runs/T1p1875_rho0p34311/fac-opacity-cowan-state/starout.h5
1.1874998059697417,0.49307545690287347,fac-opacity-cowan-state,T1p1875_rho0p493075,0.00024937284202572983,329754.93894979166,1237.0370593169228,1237.0368004168936,ok,/home/elads/STAR/full_grid_solar_opacity/runs/T1p1875_rho0p493075/fac-opacity-cowan-state/starout.h5
1.1874998059697417,0.7085878491488851,fac-opacity-cowan-state,T1p1875_rho0p708588,0.0002599980045027474,330160.75414761325,1250.4375534830067,1250.437283857677,ok,/home/elads/STAR/full_grid_solar_opacity/runs/T1p1875_rho0p708588/fac-opacity-cowan-state/starout.h5
1.1874998059697417,1.0182959482819007,fac-opacity-cowan-state,T1p1875_rho1p0183,0.0002927992945798095,330578.90242102393,1230.3960497933017,1230.3957475234447,ok,/home/elads/STAR/full_grid_solar_opacity/runs/T1p1875_rho1p0183/fac-opacity-cowan-state/starout.h5
1.1874998059697417,1.4633706173946401,fac-opacity-cowan-state,T1p1875_rho1p46337,0.00035776576266349433,330432.3666237217,1182.229835616522,1182.229468752307,ok,/home/elads/STAR/full_grid_solar_opacity/runs/T1p1875_rho1p46337/fac-opacity-cowan-state/starout.h5
1.1874998059697417,2.1029775945461404,fac-opacity-cowan-state,T1p1875_rho2p10298,0.0004856298390640933,328196.1742124751,1123.4367915995772,1123.4362973238137,ok,/home/elads/STAR/full_grid_solar_opacity/runs/T1p1875_rho2p10298/fac-opacity-cowan-state/starout.h5
1.1874998059697417,3.0221426551783854,fac-opacity-cowan-state,T1p1875_rho3p02214,0.00076222226552425,318470.0474426943,1048.9371271476184,1048.936356850909,ok,/home/elads/STAR/full_grid_solar_opacity/runs/T1p1875_rho3p02214/fac-opacity-cowan-state/starout.h5
1.1874998059697417,4.343054463316713,fac-opacity-cowan-state,T1p1875_rho4p34305,0.001405171015624228,285792.79318067076,927.6826451000929,927.6812327820483,ok,/home/elads/STAR/full_grid_solar_opacity/runs/T1p1875_rho4p34305/fac-opacity-cowan-state/starout.h5
1.1874998059697417,6.241307649397467,fac-opacity-cowan-state,T1p1875_rho6p24131,0.0032306449907702002,201784.9062677198,666.5997665084691,666.5965307090304,ok,/home/elads/STAR/full_grid_solar_opacity/runs/T1p1875_rho6p24131/fac-opacity-cowan-state/starout.h5
1.1874998059697417,8.969245378672715,fac-opacity-cowan-state,T1p1875_rho8p96925,0.005745195690906043,111767.23672926864,406.4382168761614,406.43246850786835,ok,/home/elads/STAR/full_grid_solar_opacity/runs/T1p1875_rho8p96925/fac-opacity-cowan-state/starout.h5
1.1874998059697417,12.889504440725364,fac-opacity-cowan-state,T1p1875_rho12p8895,0.004578075262909205,85701.08188452273,324.38311279649605,324.3785321886582,ok,/home/elads/STAR/full_grid_solar_opacity/runs/T1p1875_rho12p8895/fac-opacity-cowan-state/starout.h5
1.1874998059697417,18.52322215674118,fac-opacity-cowan-state,T1p1875_rho18p5232,0.0036369684085918574,64886.00414810846,265.24131412423077,265.23767508604004,ok,/home/elads/STAR/full_grid_solar_opacity/runs/T1p1875_rho18p5232/fac-opacity-cowan-state/starout.h5
1.1874998059697417,26.61931346126126,fac-opacity-cowan-state,T1p1875_rho26p6193,0.0028828032052084064,49512.479254306905,222.8670388548549,222.86415431419508,ok,/home/elads/STAR/full_grid_solar_opacity/runs/T1p1875_rho26p6193/fac-opacity-cowan-state/starout.h5
1.1874998059697417,38.254027466328665,fac-opacity-cowan-state,T1p1875_rho38p254,0.0022621747615353075,38716.92608474167,260.84598197404614,260.84371778012,ok,/home/elads/STAR/full_grid_solar_opacity/runs/T1p1875_rho38p254/fac-opacity-cowan-state/starout.h5
1.1874998059697417,54.97401800103719,fac-opacity-cowan-state,T1p1875_rho54p974,0.0017830968549419875,31022.08949997335,222.9914531892181,222.98966836729596,ok,/home/elads/STAR/full_grid_solar_opacity/runs/T1p1875_rho54p974/fac-opacity-cowan-state/starout.h5
1.1874998059697417,79.0019471240894,fac-opacity-cowan-state,T1p1875_rho79p0019,0.0013943552990569909,25632.051450051844,205.72610886036054,205.72471291581434,ok,/home/elads/STAR/full_grid_solar_opacity/runs/T1p1875_rho79p0019/fac-opacity-cowan-state/starout.h5
1.1874998059697417,113.53195339077567,fac-opacity-cowan-state,T1p1875_rho113p532,0.0009972992530294404,21824.690834587185,218.65254812359322,218.65154913944997,ok,/home/elads/STAR/full_grid_solar_opacity/runs/T1p1875_rho113p532/fac-opacity-cowan-state/starout.h5
1.1874998059697417,163.15426277379785,fac-opacity-cowan-state,T1p1875_rho163p154,0.008199728536661684,19156.331331282985,392.22808647488006,392.21988370255485,ok,/home/elads/STAR/full_grid_solar_opacity/runs/T1p1875_rho163p154/fac-opacity-cowan-state/starout.h5
1.1874998059697417,234.46538763970608,fac-opacity-cowan-state,T1p1875_rho234p465,0.05490648184970965,16941.059567649627,355.81054353781275,355.75563394254635,ok,/home/elads/STAR/full_grid_solar_opacity/runs/T1p1875_rho234p465/fac-opacity-cowan-state/starout.h5
1.1874998059697417,336.94503022121665,fac-opacity-cowan-state,T1p1875_rho336p945,0.06585791920599479,19039.845135004474,4758.659884731733,4758.593989806885,ok,/home/elads/STAR/full_grid_solar_opacity/runs/T1p1875_rho336p945/fac-opacity-cowan-state/starout.h5
1.1874998059697417,484.21626123015125,fac-opacity-cowan-state,T1p1875_rho484p216,0.0747893090043091,19132.944569468058,6086.283468831393,6086.208632188566,ok,/home/elads/STAR/full_grid_solar_opacity/runs/T1p1875_rho484p216/fac-opacity-cowan-state/starout.h5
1.1874998059697417,695.8564947100452,fac-opacity-cowan-state,T1p1875_rho695p856,0.14045987062176898,19731.402022565955,7715.767703353819,7715.627183161928,ok,/home/elads/STAR/full_grid_solar_opacity/runs/T1p1875_rho695p856/fac-opacity-cowan-state/starout.h5
1.1874998059697417,1000.0,fac-opacity-cowan-state,T1p1875_rho1000,0.16670810518413887,17263.61882811105,5602.976489044659,5602.809736683141,ok,/home/elads/STAR/full_grid_solar_opacity/runs/T1p1875_rho1000/fac-opacity-cowan-state/starout.h5
1.3072960260488153,1e-17,fac-opacity-cowan-state,T1p3073_rho1em17,0.31136496044734224,136.18962021126373,0.3262046092106721,0.01483964867773082,ok,/home/elads/STAR/full_grid_solar_opacity/runs/T1p3073_rho1em17/fac-opacity-cowan-state/starout.h5
1.3072960260488153,1.4370779141993746e-17,fac-opacity-cowan-state,T1p3073_rho1p43708em17,0.3113514417050048,131.10143771867678,0.32666738458001815,0.015315942786666625,ok,/home/elads/STAR/full_grid_solar_opacity/runs/T1p3073_rho1p43708em17/fac-opacity-cowan-state/starout.h5
1.3072960260488153,2.065192931479625e-17,fac-opacity-cowan-state,T1p3073_rho2p06519em17,0.31134100813809834,127.35882797946584,0.32725782370542944,0.015916815475518886,ok,/home/elads/STAR/full_grid_solar_opacity/runs/T1p3073_rho2p06519em17/fac-opacity-cowan-state/starout.h5
1.3072960260488153,2.9678431503900313e-17,fac-opacity-cowan-state,T1p3073_rho2p96784em17,0.3113329945978596,124.7498279985309,0.32800774075275857,0.016674746058714156,ok,/home/elads/STAR/full_grid_solar_opacity/runs/T1p3073_rho2p96784em17/fac-opacity-cowan-state/starout.h5
1.3072960260488153,4.2650218442334076e-17,fac-opacity-cowan-state,T1p3073_rho4p26502em17,0.3113268234296679,122.99867450338779,0.3289483159796019,0.017621492448288586,ok,/home/elads/STAR/full_grid_solar_opacity/runs/T1p3073_rho4p26502em17/fac-opacity-cowan-state/starout.h5
1.3072960260488153,6.129168695925715e-17,fac-opacity-cowan-state,T1p3073_rho6p12917em17,0.3113219901611307,121.84955097993226,0.33010704816142206,0.018785057891933802,ok,/home/elads/STAR/full_grid_solar_opacity/runs/T1p3073_rho6p12917em17/fac-opacity-cowan-state/starout.h5
1.3072960260488153,8.808092965317026e-17,fac-opacity-cowan-state,T1p3073_rho8p80809em17,0.31131806141043605,121.10296895334083,0.33150593547371354,0.020187873946828333,ok,/home/elads/STAR/full_grid_solar_opacity/runs/T1p3073_rho8p80809em17/fac-opacity-cowan-state/starout.h5
1.3072960260488153,1.2657915866672028e-16,fac-opacity-cowan-state,T1p3073_rho1p26579em16,0.31131467490539466,120.61874281785131,0.33316154745295773,0.021846872421544188,ok,/home/elads/STAR/full_grid_solar_opacity/runs/T1p3073_rho1p26579em16/fac-opacity-cowan-state/starout.h5
1.3072960260488153,1.819041133178821e-16,fac-opacity-cowan-state,T1p3073_rho1p81904em16,0.3113115405232698,120.30436511968384,0.33508735395124073,0.023775813290825374,ok,/home/elads/STAR/full_grid_solar_opacity/runs/T1p3073_rho1p81904em16/fac-opacity-cowan-state/starout.h5
1.3072960260488153,2.6141038375114865e-16,fac-opacity-cowan-state,T1p3073_rho2p6141em16,0.3113084441478562,120.1009733664137,0.33729729375982115,0.025988849462054153,ok,/home/elads/STAR/full_grid_solar_opacity/runs/T1p3073_rho2p6141em16/fac-opacity-cowan-state/starout.h5
1.3072960260488153,3.7566708903116036e-16,fac-opacity-cowan-state,T1p3073_rho3p75667em16,0.3113052534542527,119.97193142022734,0.33980884741714373,0.028503593798474596,ok,/home/elads/STAR/full_grid_solar_opacity/runs/T1p3073_rho3p75667em16/fac-opacity-cowan-state/starout.h5
1.3072960260488153,5.398628767382507e-16,fac-opacity-cowan-state,T1p3073_rho5p39863em16,0.3113019190213539,119.89494524830396,0.34264518488276513,0.031343265680614595,ok,/home/elads/STAR/full_grid_solar_opacity/runs/T1p3073_rho5p39863em16/fac-opacity-cowan-state/starout.h5
1.3072960260488153,7.758250168566793e-16,fac-opacity-cowan-state,T1p3073_rho7p75825em16,0.3112984604554553,119.85709304562005,0.3458379729192306,0.03453951226454204,ok,/home/elads/STAR/full_grid_solar_opacity/runs/T1p3073_rho7p75825em16/fac-opacity-cowan-state/starout.h5
1.3072960260488153,1.1149209970080914e-15,fac-opacity-cowan-state,T1p3073_rho1p11492em15,0.3112949312862152,119.8518958559059,0.3494321097966627,0.03813717829046168,ok,/home/elads/STAR/full_grid_solar_opacity/runs/T1p3073_rho1p11492em15/fac-opacity-cowan-state/starout.h5
1.3072960260488153,1.6022283408774753e-15,fac-opacity-cowan-state,T1p3073_rho1p60223em15,0.3112913689411602,119.87772929736617,0.3534906618822677,0.042199292697689766,ok,/home/elads/STAR/full_grid_solar_opacity/runs/T1p3073_rho1p60223em15/fac-opacity-cowan-state/starout.h5
1.3072960260488153,2.3025269621793266e-15,fac-opacity-cowan-state,T1p3073_rho2p30253em15,0.31128774746798177,119.9371090786785,0.3580958988907731,0.04680815115278928,ok,/home/elads/STAR/full_grid_solar_opacity/runs/T1p3073_rho2p30253em15/fac-opacity-cowan-state/starout.h5
1.3072960260488153,3.308910644196489e-15,fac-opacity-cowan-state,T1p3073_rho3p30891em15,0.3112839488022539,120.03654838150068,0.3633429450980892,0.05205899599554468,ok,/home/elads/STAR/full_grid_solar_opacity/runs/T1p3073_rho3p30891em15/fac-opacity-cowan-state/starout.h5
1.3072960260488153,4.755162406834019e-15,fac-opacity-cowan-state,T1p3073_rho4p75516em15,0.3112797568791068,120.18677039086995,0.36932561921321544,0.05804586199928379,ok,/home/elads/STAR/full_grid_solar_opacity/runs/T1p3073_rho4p75516em15/fac-opacity-cowan-state/starout.h5
1.3072960260488153,6.8335388732923106e-15,fac-opacity-cowan-state,T1p3073_rho6p83354em15,0.31127486875748367,120.4030646562916,0.3761178452745001,0.06484297614298452,ok,/home/elads/STAR/full_grid_solar_opacity/runs/T1p3073_rho6p83354em15/fac-opacity-cowan-state/starout.h5
1.3072960260488153,9.820327790631256e-15,fac-opacity-cowan-state,T1p3073_rho9p82033em15,0.31126891751215024,120.70552306191627,0.3837563615814911,0.07248744365121348,ok,/home/elads/STAR/full_grid_solar_opacity/runs/T1p3073_rho9p82033em15/fac-opacity-cowan-state/starout.h5
1.3072960260488153,1.4112576178114521e-14,fac-opacity-cowan-state,T1p3073_rho1p41126em14,0.31126150679630904,121.11880509984023,0.3922295115394614,0.08096800427610702,ok,/home/elads/STAR/full_grid_solar_opacity/runs/T1p3073_rho1p41126em14/fac-opacity-cowan-state/starout.h5
1.3072960260488153,2.0280871538024598e-14,fac-opacity-cowan-state,T1p3073_rho2p02809em14,0.3112522645630085,121.67101744005444,0.40147464549873946,0.09022238041530337,ok,/home/elads/STAR/full_grid_solar_opacity/runs/T1p3073_rho2p02809em14/fac-opacity-cowan-state/starout.h5
1.3072960260488153,2.914519256800997e-14,fac-opacity-cowan-state,T1p3073_rho2p91452em14,0.3112409157563371,122.39137764235012,0.41138642076561155,0.10014550443160772,ok,/home/elads/STAR/full_grid_solar_opacity/runs/T1p3073_rho2p91452em14/fac-opacity-cowan-state/starout.h5
1.3072960260488153,4.188391254457488e-14,fac-opacity-cowan-state,T1p3073_rho4p18839em14,0.3112273622046155,123.3066679051992,0.4218390467831531,0.110611683940499,ok,/home/elads/STAR/full_grid_solar_opacity/runs/T1p3073_rho4p18839em14/fac-opacity-cowan-state/starout.h5
1.3072960260488153,6.019044567806669e-14,fac-opacity-cowan-state,T1p3073_rho6p01904em14,0.31121173025815435,124.43707873122295,0.43272027462998464,0.12150854367093558,ok,/home/elads/STAR/full_grid_solar_opacity/runs/T1p3073_rho6p01904em14/fac-opacity-cowan-state/starout.h5
1.3072960260488153,8.649836012976684e-14,fac-opacity-cowan-state,T1p3073_rho8p64984em14,0.31119433541057906,125.79259686402702,0.44396268218669516,0.132768346010272,ok,/home/elads/STAR/full_grid_solar_opacity/runs/T1p3073_rho8p64984em14/fac-opacity-cowan-state/starout.h5
1.3072960260488153,1.2430488295695167e-13,fac-opacity-cowan-state,T1p3073_rho1p24305em13,0.31117553371765666,127.37115058317255,0.4555565728539036,0.14438103830341747,ok,/home/elads/STAR/full_grid_solar_opacity/runs/T1p3073_rho1p24305em13/fac-opacity-cowan-state/starout.h5
1.3072960260488153,1.7863580192457348e-13,fac-opacity-cowan-state,T1p3073_rho1p78636em13,0.3111554932069121,129.1594882088763,0.46754779435646154,0.1563923002474358,ok,/home/elads/STAR/full_grid_solar_opacity/runs/T1p3073_rho1p78636em13/fac-opacity-cowan-state/starout.h5
1.3072960260488153,2.567135656310987e-13,fac-opacity-cowan-state,T1p3073_rho2p56714em13,0.3111339588101782,131.13791745654436,0.48004680622262047,0.16891284643810672,ok,/home/elads/STAR/full_grid_solar_opacity/runs/T1p3073_rho2p56714em13/fac-opacity-cowan-state/starout.h5
1.3072960260488153,3.6891739544382357e-13,fac-opacity-cowan-state,T1p3073_rho3p68917em13,0.31111007291621745,133.2900658478658,0.49327530953524157,0.18216523556824477,ok,/home/elads/STAR/full_grid_solar_opacity/runs/T1p3073_rho3p68917em13/fac-opacity-cowan-state/starout.h5
1.3072960260488153,5.301630411562758e-13,fac-opacity-cowan-state,T1p3073_rho5p30163em13,0.31108224582805166,135.61669348152378,0.507646507550999,0.196564260589111,ok,/home/elads/STAR/full_grid_solar_opacity/runs/T1p3073_rho5p30163em13/fac-opacity-cowan-state/starout.h5
1.3072960260488153,7.618855973704612e-13,fac-opacity-cowan-state,T1p3073_rho7p61886em13,0.3110480239047278,138.14908499047374,0.523851648396734,0.21280362326449617,ok,/home/elads/STAR/full_grid_solar_opacity/runs/T1p3073_rho7p61886em13/fac-opacity-cowan-state/starout.h5
1.3072960260488153,1.0948889651276868e-12,fac-opacity-cowan-state,T1p3073_rho1p09489em12,0.31100388834348874,140.95680936803018,0.5429345238956301,0.23193063421430185,ok,/home/elads/STAR/full_grid_solar_opacity/runs/T1p3073_rho1p09489em12/fac-opacity-cowan-state/starout.h5
1.3072960260488153,1.5734407502856082e-12,fac-opacity-cowan-state,T1p3073_rho1p57344em12,0.31094492034123716,144.14946028503633,0.5663541090454743,0.25540918723096684,ok,/home/elads/STAR/full_grid_solar_opacity/runs/T1p3073_rho1p57344em12/fac-opacity-cowan-state/starout.h5
1.3072960260488153,2.26115695153675e-12,fac-opacity-cowan-state,T1p3073_rho2p26116em12,0.310864258366186,147.8782310786003,0.5960478073774619,0.2851835473662586,ok,/home/elads/STAR/full_grid_solar_opacity/runs/T1p3073_rho2p26116em12/fac-opacity-cowan-state/starout.h5
1.3072960260488153,3.249458715591849e-12,fac-opacity-cowan-state,T1p3073_rho3p24946em12,0.31075236990348765,152.34554985743432,0.6345229765891107,0.3237706048180251,ok,/home/elads/STAR/full_grid_solar_opacity/runs/T1p3073_rho3p24946em12/fac-opacity-cowan-state/starout.h5
1.3072960260488153,4.669725353279713e-12,fac-opacity-cowan-state,T1p3073_rho4p66973em12,0.3105960202987116,157.82747341592076,0.6850082308955348,0.3744122084371104,ok,/home/elads/STAR/full_grid_solar_opacity/runs/T1p3073_rho4p66973em12/fac-opacity-cowan-state/starout.h5
1.3072960260488153,6.710759170575148e-12,fac-opacity-cowan-state,T1p3073_rho6p71076em12,0.3103770914299475,164.70754817686102,0.7516720262041612,0.4412949322287025,ok,/home/elads/STAR/full_grid_solar_opacity/runs/T1p3073_rho6p71076em12/fac-opacity-cowan-state/starout.h5
1.3072960260488153,9.64388379154446e-12,fac-opacity-cowan-state,T1p3073_rho9p64388em12,0.31007115691618153,173.51821232117717,0.839900515512992,0.5298293555406091,ok,/home/elads/STAR/full_grid_solar_opacity/runs/T1p3073_rho9p64388em12/fac-opacity-cowan-state/starout.h5
1.3072960260488153,1.3859012403933867e-11,fac-opacity-cowan-state,T1p3073_rho1p3859em11,0.30964620369955087,184.99119905463925,0.9566587213207604,0.6470125138890638,ok,/home/elads/STAR/full_grid_solar_opacity/runs/T1p3073_rho1p3859em11/fac-opacity-cowan-state/starout.h5
1.3072960260488153,1.9916480638308542e-11,fac-opacity-cowan-state,T1p3073_rho1p99165em11,0.30906183044360663,200.1291081229014,1.1109854230697263,0.801923588000404,ok,/home/elads/STAR/full_grid_solar_opacity/runs/T1p3073_rho1p99165em11/fac-opacity-cowan-state/starout.h5
1.3072960260488153,2.8621534453892672e-11,fac-opacity-cowan-state,T1p3073_rho2p86215em11,0.3082698979611678,220.31896082311957,1.3146804726397774,1.0064105688733564,ok,/home/elads/STAR/full_grid_solar_opacity/runs/T1p3073_rho2p86215em11/fac-opacity-cowan-state/starout.h5
1.3072960260488153,4.1131375034185614e-11,fac-opacity-cowan-state,T1p3073_rho4p11314em11,0.3072180692768535,247.50649644434964,1.5832515419851467,1.2760334653477814,ok,/home/elads/STAR/full_grid_solar_opacity/runs/T1p3073_rho4p11314em11/fac-opacity-cowan-state/starout.h5
1.3072960260488153,5.910899064227969e-11,fac-opacity-cowan-state,T1p3073_rho5p9109em11,0.3058576936022893,284.44061438939207,1.9372035186154908,1.6313458156031504,ok,/home/elads/STAR/full_grid_solar_opacity/runs/T1p3073_rho5p9109em11/fac-opacity-cowan-state/starout.h5
1.3072960260488153,8.4944224982638e-11,fac-opacity-cowan-state,T1p3073_rho8p49442em11,0.30415687946810566,334.9991075626882,2.4037955313684503,2.099638639789052,ok,/home/elads/STAR/full_grid_solar_opacity/runs/T1p3073_rho8p49442em11/fac-opacity-cowan-state/starout.h5
1.3072960260488153,1.2207146966133182e-10,fac-opacity-cowan-state,T1p3073_rho1p22071em10,0.3021167388773822,404.63148121452747,3.019447339840466,2.7173305852887752,ok,/home/elads/STAR/full_grid_solar_opacity/runs/T1p3073_rho1p22071em10/fac-opacity-cowan-state/starout.h5
1.3072960260488153,1.7542621300415897e-10,fac-opacity-cowan-state,T1p3073_rho1p75426em10,0.2997851295321539,501.0050293335367,3.8330808494025392,3.533295699489367,ok,/home/elads/STAR/full_grid_solar_opacity/runs/T1p3073_rho1p75426em10/fac-opacity-cowan-state/starout.h5
1.3072960260488153,2.52101136279913e-10,fac-opacity-cowan-state,T1p3073_rho2p52101em10,0.29725866969490766,634.9837393303245,4.9108945446007715,4.613635848293145,ok,/home/elads/STAR/full_grid_solar_opacity/runs/T1p3073_rho2p52101em10/fac-opacity-cowan-state/starout.h5
1.3072960260488153,3.6228897509242966e-10,fac-opacity-cowan-state,T1p3073_rho3p62289em10,0.29466786436653736,822.104534022233,6.343426761477689,6.04875886222025,ok,/home/elads/STAR/full_grid_solar_opacity/runs/T1p3073_rho3p62289em10/fac-opacity-cowan-state/starout.h5
1.3072960260488153,5.20637484663258e-10,fac-opacity-cowan-state,T1p3073_rho5p20637em10,0.29214713045834195,1084.7176975556504,8.255818966985588,7.963671790590603,ok,/home/elads/STAR/full_grid_solar_opacity/runs/T1p3073_rho5p20637em10/fac-opacity-cowan-state/starout.h5
1.3072960260488153,7.481966305138837e-10,fac-opacity-cowan-state,T1p3073_rho7p48197em10,0.2898007168535039,1454.9707291981715,10.822837597374262,10.53303681976331,ok,/home/elads/STAR/full_grid_solar_opacity/runs/T1p3073_rho7p48197em10/fac-opacity-cowan-state/starout.h5
1.3072960260488153,1.0752168531898921e-09,fac-opacity-cowan-state,T1p3073_rho1p07522em09,0.28767885052706427,1978.8664529090468,14.291105628373195,14.003426697070513,ok,/home/elads/STAR/full_grid_solar_opacity/runs/T1p3073_rho1p07522em09/fac-opacity-cowan-state/starout.h5
1.3072960260488153,1.5451703926941453e-09,fac-opacity-cowan-state,T1p3073_rho1p54517em09,0.28577047497792696,2721.806214172236,19.08517550750993,18.79940492409187,ok,/home/elads/STAR/full_grid_solar_opacity/runs/T1p3073_rho1p54517em09/fac-opacity-cowan-state/starout.h5
1.3072960260488153,2.220530245015531e-09,fac-opacity-cowan-state,T1p3073_rho2p22053em09,0.2840086437262242,3775.4734296984752,25.56219939675805,25.278190607220274,ok,/home/elads/STAR/full_grid_solar_opacity/runs/T1p3073_rho2p22053em09/fac-opacity-cowan-state/starout.h5
1.3072960260488153,3.1910749729235452e-09,fac-opacity-cowan-state,T1p3073_rho3p19107em09,0.2822818342467574,5267.5633386662885,34.42206752579787,34.13978549462343,ok,/home/elads/STAR/full_grid_solar_opacity/runs/T1p3073_rho3p19107em09/fac-opacity-cowan-state/starout.h5
1.3072960260488153,4.585823366142813e-09,fac-opacity-cowan-state,T1p3073_rho4p58582em09,0.2804422452224616,7373.032372801458,46.50464774992535,46.22420523806895,ok,/home/elads/STAR/full_grid_solar_opacity/runs/T1p3073_rho4p58582em09/fac-opacity-cowan-state/starout.h5
1.3072960260488153,6.590185477903269e-09,fac-opacity-cowan-state,T1p3073_rho6p59019em09,0.2783095446572349,10327.09042772592,62.870163934271545,62.59185402856732,ok,/home/elads/STAR/full_grid_solar_opacity/runs/T1p3073_rho6p59019em09/fac-opacity-cowan-state/starout.h5
1.3072960260488153,9.470610000772238e-09,fac-opacity-cowan-state,T1p3073_rho9p47061em09,0.2756694530279391,14437.778996902342,84.82245247620926,84.54678253549231,ok,/home/elads/STAR/full_grid_solar_opacity/runs/T1p3073_rho9p47061em09/fac-opacity-cowan-state/starout.h5
1.3072960260488153,1.3610004466105506e-08,fac-opacity-cowan-state,T1p3073_rho1p361em08,0.2722692681607399,20092.827287240638,113.84118615190238,113.5689162286449,ok,/home/elads/STAR/full_grid_solar_opacity/runs/T1p3073_rho1p361em08/fac-opacity-cowan-state/starout.h5
1.3072960260488153,1.9558636830395073e-08,fac-opacity-cowan-state,T1p3073_rho1p95586em08,0.2678251088835876,27755.98245278387,151.54161284812608,151.27378686665367,ok,/home/elads/STAR/full_grid_solar_opacity/runs/T1p3073_rho1p95586em08/fac-opacity-cowan-state/starout.h5
1.3072960260488153,2.810728502080722e-08,fac-opacity-cowan-state,T1p3073_rho2p81073em08,0.2620273094319472,37937.24723447619,199.4991001203396,199.23707166165354,ok,/home/elads/STAR/full_grid_solar_opacity/runs/T1p3073_rho2p81073em08/fac-opacity-cowan-state/starout.h5
1.3072960260488153,4.039235853150913e-08,fac-opacity-cowan-state,T1p3073_rho4p03924em08,0.25458243323927765,51135.72801670486,259.04533252647286,258.7907486004575,ok,/home/elads/STAR/full_grid_solar_opacity/runs/T1p3073_rho4p03924em08/fac-opacity-cowan-state/starout.h5
1.3072960260488153,5.804696634805446e-08,fac-opacity-cowan-state,T1p3073_rho5p8047em08,0.2452511636671446,67748.27399175863,333.4329734518436,333.1877203662582,ok,/home/elads/STAR/full_grid_solar_opacity/runs/T1p3073_rho5p8047em08/fac-opacity-cowan-state/starout.h5
1.3072960260488153,8.341801332506338e-08,fac-opacity-cowan-state,T1p3073_rho8p3418em08,0.2339166666071684,87934.83694712164,418.40533882306255,418.1714197443278,ok,/home/elads/STAR/full_grid_solar_opacity/runs/T1p3073_rho8p3418em08/fac-opacity-cowan-state/starout.h5
1.3072960260488153,1.1987818459583772e-07,fac-opacity-cowan-state,T1p3073_rho1p19878em07,0.22064069757469174,111556.574769322,514.9140148436118,514.6933711771444,ok,/home/elads/STAR/full_grid_solar_opacity/runs/T1p3073_rho1p19878em07/fac-opacity-cowan-state/starout.h5
1.3072960260488153,1.7227429147699408e-07,fac-opacity-cowan-state,T1p3073_rho1p72274em07,0.1718429393751964,91494.50176785604,683.6924328924393,683.5176711641742,ok,/home/elads/STAR/full_grid_solar_opacity/runs/T1p3073_rho1p72274em07/fac-opacity-cowan-state/starout.h5
1.3072960260488153,2.4757157946593376e-07,fac-opacity-cowan-state,T1p3073_rho2p47572em07,0.15325586671395175,116094.29038577521,856.5528916735368,856.397208781599,ok,/home/elads/STAR/full_grid_solar_opacity/runs/T1p3073_rho2p47572em07/fac-opacity-cowan-state/starout.h5
1.3072960260488153,3.557796490339488e-07,fac-opacity-cowan-state,T1p3073_rho3p5578em07,0.13431236933120438,143858.37775977183,1125.0253731902449,1124.889690069528,ok,/home/elads/STAR/full_grid_solar_opacity/runs/T1p3073_rho3p5578em07/fac-opacity-cowan-state/starout.h5
1.3072960260488153,5.112830759482948e-07,fac-opacity-cowan-state,T1p3073_rho5p11283em07,0.11561814788690247,173764.65134227203,1368.5621095344338,1368.4458599155882,ok,/home/elads/STAR/full_grid_solar_opacity/runs/T1p3073_rho5p11283em07/fac-opacity-cowan-state/starout.h5
1.3072960260488153,7.347536163492159e-07,fac-opacity-cowan-state,T1p3073_rho7p34754em07,0.09775011263195678,204877.70716080663,1517.8558696786356,1517.7568110095885,ok,/home/elads/STAR/full_grid_solar_opacity/runs/T1p3073_rho7p34754em07/fac-opacity-cowan-state/starout.h5
1.3072960260488153,1.0558981944335787e-06,fac-opacity-cowan-state,T1p3073_rho1p0559em06,0.08119157585036835,236192.5797029526,1834.4433505235218,1834.3611512959646,ok,/home/elads/STAR/full_grid_solar_opacity/runs/T1p3073_rho1p0559em06/fac-opacity-cowan-state/starout.h5
1.3072960260488153,1.517407974863493e-06,fac-opacity-cowan-state,T1p3073_rho1p51741em06,0.06629213556265834,266697.76448250026,2037.3061342178132,2037.2391522691998,ok,/home/elads/STAR/full_grid_solar_opacity/runs/T1p3073_rho1p51741em06/fac-opacity-cowan-state/starout.h5
1.3072960260488153,2.1806334875063253e-06,fac-opacity-cowan-state,T1p3073_rho2p18063em06,0.053249070383876405,295712.3199050789,2369.9879021415036,2369.9342890532334,ok,/home/elads/STAR/full_grid_solar_opacity/runs/T1p3073_rho2p18063em06/fac-opacity-cowan-state/starout.h5
1.3072960260488153,3.1337402238588983e-06,fac-opacity-cowan-state,T1p3073_rho3p13374em06,0.042118516725982706,322726.29297652876,2812.369237157211,2812.3271606950225,ok,/home/elads/STAR/full_grid_solar_opacity/runs/T1p3073_rho3p13374em06/fac-opacity-cowan-state/starout.h5
1.3072960260488153,4.503428864545845e-06,fac-opacity-cowan-state,T1p3073_rho4p50343em06,0.0328378145428712,346724.9226101267,2519.776484666213,2519.743778642651,ok,/home/elads/STAR/full_grid_solar_opacity/runs/T1p3073_rho4p50343em06/fac-opacity-cowan-state/starout.h5
1.3072960260488153,6.471778159406801e-06,fac-opacity-cowan-state,T1p3073_rho6p47178em06,0.02526560153694935,368793.60559250606,2703.8877118229243,2703.862489186672,ok,/home/elads/STAR/full_grid_solar_opacity/runs/T1p3073_rho6p47178em06/fac-opacity-cowan-state/starout.h5
1.3072960260488153,9.300449458481393e-06,fac-opacity-cowan-state,T1p3073_rho9p30045em06,0.019204674654217244,388591.54824226146,3046.162982977989,3046.143622253226,ok,/home/elads/STAR/full_grid_solar_opacity/runs/T1p3073_rho9p30045em06/fac-opacity-cowan-state/starout.h5
1.3072960260488153,1.3365470508911143e-05,fac-opacity-cowan-state,T1p3073_rho1p33655em05,0.014437289274561003,405917.6891241063,3443.9000213712793,3443.8854413812596,ok,/home/elads/STAR/full_grid_solar_opacity/runs/T1p3073_rho1p33655em05/fac-opacity-cowan-state/starout.h5
1.3072960260488153,1.920722248123928e-05,fac-opacity-cowan-state,T1p3073_rho1p92072em05,0.01074597846740195,421398.20717560954,4523.750618962567,4523.739913656846,ok,/home/elads/STAR/full_grid_solar_opacity/runs/T1p3073_rho1p92072em05/fac-opacity-cowan-state/starout.h5
1.3072960260488153,2.760227522090268e-05,fac-opacity-cowan-state,T1p3073_rho2p76023em05,0.007927184715303848,434438.41898077726,5278.477038911041,5278.469339913765,ok,/home/elads/STAR/full_grid_solar_opacity/runs/T1p3073_rho2p76023em05/fac-opacity-cowan-state/starout.h5
1.3072960260488153,3.966662010161191e-05,fac-opacity-cowan-state,T1p3073_rho3p96666em05,0.005812263304235578,443163.0852408945,2693.8468255120897,2693.841046271336,ok,/home/elads/STAR/full_grid_solar_opacity/runs/T1p3073_rho3p96666em05/fac-opacity-cowan-state/starout.h5
1.3072960260488153,5.7004023678963655e-05,fac-opacity-cowan-state,T1p3073_rho5p7004em05,0.004263318754151682,452175.4448440735,2738.8507251056208,2738.8464912225613,ok,/home/elads/STAR/full_grid_solar_opacity/runs/T1p3073_rho5p7004em05/fac-opacity-cowan-state/starout.h5
1.3072960260488153,8.191922344953684e-05,fac-opacity-cowan-state,T1p3073_rho8p19192em05,0.0031382896005281704,459554.1165334109,2734.650844360767,2734.647721140086,ok,/home/elads/STAR/full_grid_solar_opacity/runs/T1p3073_rho8p19192em05/fac-opacity-cowan-state/starout.h5
1.3072960260488153,0.00011772430676769293,fac-opacity-cowan-state,T1p3073_rho0p000117724,0.002319509486038225,465619.74151530495,2768.2934618407417,2768.291153264205,ok,/home/elads/STAR/full_grid_solar_opacity/runs/T1p3073_rho0p000117724/fac-opacity-cowan-state/starout.h5
1.3072960260488153,0.00016917900122028344,fac-opacity-cowan-state,T1p3073_rho0p000169179,0.001717659242762083,470675.2173797866,2777.6294625572536,2777.6277533294,ok,/home/elads/STAR/full_grid_solar_opacity/runs/T1p3073_rho0p000169179/fac-opacity-cowan-state/starout.h5
1.3072960260488153,0.0002431234061999784,fac-opacity-cowan-state,T1p3073_rho0p000243123,0.0012704466844142182,474939.83864786074,2793.3249308704676,2793.3236656930826,ok,/home/elads/STAR/full_grid_solar_opacity/runs/T1p3073_rho0p000243123/fac-opacity-cowan-state/starout.h5
1.3072960260488153,0.0003493872774749123,fac-opacity-cowan-state,T1p3073_rho0p000349387,0.0009354461357770876,478559.05784594535,2808.9924908151356,2808.991556953546,ok,/home/elads/STAR/full_grid_solar_opacity/runs/T1p3073_rho0p000349387/fac-opacity-cowan-state/starout.h5
1.3072960260488153,0.0005020967399614471,fac-opacity-cowan-state,T1p3073_rho0p000502097,0.0006857201492859609,481616.6114365085,2822.8537684964376,2822.853081080026,ok,/home/elads/STAR/full_grid_solar_opacity/runs/T1p3073_rho0p000502097/fac-opacity-cowan-state/starout.h5
1.3072960260488153,0.0007215521357901021,fac-opacity-cowan-state,T1p3073_rho0p000721552,0.0005013220448309222,484168.8021759909,2832.579147432931,2832.578641249361,ok,/home/elads/STAR/full_grid_solar_opacity/runs/T1p3073_rho0p000721552/fac-opacity-cowan-state/starout.h5
1.3072960260488153,0.0010369266382873438,fac-opacity-cowan-state,T1p3073_rho0p00103693,0.0003644291113477864,486261.2950867067,2840.8759075609046,2840.875535659948,ok,/home/elads/STAR/full_grid_solar_opacity/runs/T1p3073_rho0p00103693/fac-opacity-cowan-state/starout.h5
1.3072960260488153,0.0014901443705277455,fac-opacity-cowan-state,T1p3073_rho0p00149014,0.0002635546969445773,487929.93748972286,2843.849029933921,2843.8487567062207,ok,/home/elads/STAR/full_grid_solar_opacity/runs/T1p3073_rho0p00149014/fac-opacity-cowan-state/starout.h5
1.3072960260488153,0.002141453563853953,fac-opacity-cowan-state,T1p3073_rho0p00214145,0.00018907966481009587,489222.3521775511,2849.3238731103606,2849.3236726099726,ok,/home/elads/STAR/full_grid_solar_opacity/runs/T1p3073_rho0p00214145/fac-opacity-cowan-state/starout.h5
1.3072960260488153,0.003077435620898055,fac-opacity-cowan-state,T1p3073_rho0p00307744,0.00013395307322434772,490187.1489210752,2852.6384526757024,2852.6383058819374,ok,/home/elads/STAR/full_grid_solar_opacity/runs/T1p3073_rho0p00307744/fac-opacity-cowan-state/starout.h5
1.3072960260488153,0.004422514763163053,fac-opacity-cowan-state,T1p3073_rho0p00442251,9.350258574500111e-05,490873.5376889872,2858.113778666336,2858.11367122156,ok,/home/elads/STAR/full_grid_solar_opacity/runs/T1p3073_rho0p00442251/fac-opacity-cowan-state/starout.h5
1.3072960260488153,0.006355498291362301,fac-opacity-cowan-state,T1p3073_rho0p0063555,5.915167789349372e-05,491335.04355595226,2851.875673421242,2851.8755992095334,ok,/home/elads/STAR/full_grid_solar_opacity/runs/T1p3073_rho0p0063555/fac-opacity-cowan-state/starout.h5
1.3072960260488153,0.009133346228248624,fac-opacity-cowan-state,T1p3073_rho0p00913335,3.445152317489588e-05,491638.92369810137,2860.550490989072,2860.550440495517,ok,/home/elads/STAR/full_grid_solar_opacity/runs/T1p3073_rho0p00913335/fac-opacity-cowan-state/starout.h5
1.3072960260488153,0.01312533014735226,fac-opacity-cowan-state,T1p3073_rho0p0131253,2.2673041998657662e-05,491822.6946980495,2857.55568619372,2857.555647234394,ok,/home/elads/STAR/full_grid_solar_opacity/runs/T1p3073_rho0p0131253/fac-opacity-cowan-state/starout.h5
1.3072960260488153,0.018862122071335155,fac-opacity-cowan-state,T1p3073_rho0p0188621,9.938433355156633e-05,491940.68186308024,2857.452930833164,2857.4528167938224,ok,/home/elads/STAR/full_grid_solar_opacity/runs/T1p3073_rho0p0188621/fac-opacity-cowan-state/starout.h5
1.3072960260488153,0.02710633904364831,fac-opacity-cowan-state,T1p3073_rho0p0271063,0.0002023351520773331,492119.1974430139,2850.390065861687,2850.3898483895896,ok,/home/elads/STAR/full_grid_solar_opacity/runs/T1p3073_rho0p0271063/fac-opacity-cowan-state/starout.h5
1.3072960260488153,0.038953921174427183,fac-opacity-cowan-state,T1p3073_rho0p0389539,0.00029186456757142413,492614.4860951913,2851.586933305556,2851.5866257435673,ok,/home/elads/STAR/full_grid_solar_opacity/runs/T1p3073_rho0p0389539/fac-opacity-cowan-state/starout.h5
1.3072960260488153,0.0559798197912329,fac-opacity-cowan-state,T1p3073_rho0p0559798,0.0003590313884755558,493527.7299602726,2848.906518820058,2848.906143734193,ok,/home/elads/STAR/full_grid_solar_opacity/runs/T1p3073_rho0p0559798/fac-opacity-cowan-state/starout.h5
1.3072960260488153,0.08044736266284185,fac-opacity-cowan-state,T1p3073_rho0p0804474,0.00047713386159853804,494689.6190528264,2842.152635541825,2842.1521421044336,ok,/home/elads/STAR/full_grid_solar_opacity/runs/T1p3073_rho0p0804474/fac-opacity-cowan-state/starout.h5
1.3072960260488153,0.11560912813835741,fac-opacity-cowan-state,T1p3073_rho0p115609,0.00046663357284654493,495665.21083158243,2828.979466737781,2828.9789838134675,ok,/home/elads/STAR/full_grid_solar_opacity/runs/T1p3073_rho0p115609/fac-opacity-cowan-state/starout.h5
1.3072960260488153,0.1661393247274789,fac-opacity-cowan-state,T1p3073_rho0p166139,0.0004655961905939804,496185.51160083787,2804.9572177065047,2804.9567359143366,ok,/home/elads/STAR/full_grid_solar_opacity/runs/T1p3073_rho0p166139/fac-opacity-cowan-state/starout.h5
1.3072960260488153,0.23875515424585794,fac-opacity-cowan-state,T1p3073_rho0p238755,0.00046098039828421257,496506.83777780656,2771.212619268319,2771.2121422734917,ok,/home/elads/STAR/full_grid_solar_opacity/runs/T1p3073_rho0p238755/fac-opacity-cowan-state/starout.h5
1.3072960260488153,0.34310975906798746,fac-opacity-cowan-state,T1p3073_rho0p34311,0.00045265592123652445,496589.24989317317,2783.44623566136,2783.445766923185,ok,/home/elads/STAR/full_grid_solar_opacity/runs/T1p3073_rho0p34311/fac-opacity-cowan-state/starout.h5
1.3072960260488153,0.49307545690287347,fac-opacity-cowan-state,T1p3073_rho0p493075,0.00044134225375940607,496459.5948280789,2885.849187655813,2885.848729645075,ok,/home/elads/STAR/full_grid_solar_opacity/runs/T1p3073_rho0p493075/fac-opacity-cowan-state/starout.h5
1.3072960260488153,0.7085878491488851,fac-opacity-cowan-state,T1p3073_rho0p708588,0.00044732647991955983,496091.13185015914,2958.0639007542004,2958.0634363468694,ok,/home/elads/STAR/full_grid_solar_opacity/runs/T1p3073_rho0p708588/fac-opacity-cowan-state/starout.h5
1.3072960260488153,1.0182959482819007,fac-opacity-cowan-state,T1p3073_rho1p0183,0.0004868194879559873,495078.6181845366,2934.3230648763847,2934.3225611166654,ok,/home/elads/STAR/full_grid_solar_opacity/runs/T1p3073_rho1p0183/fac-opacity-cowan-state/starout.h5
1.3072960260488153,1.4633706173946401,fac-opacity-cowan-state,T1p3073_rho1p46337,0.000570564644256189,492330.87739070156,2838.916312006945,2838.9157250547228,ok,/home/elads/STAR/full_grid_solar_opacity/runs/T1p3073_rho1p46337/fac-opacity-cowan-state/starout.h5
1.3072960260488153,2.1029775945461404,fac-opacity-cowan-state,T1p3073_rho2p10298,0.0007359594610298876,484903.7343067627,2696.731201166649,2696.730449640283,ok,/home/elads/STAR/full_grid_solar_opacity/runs/T1p3073_rho2p10298/fac-opacity-cowan-state/starout.h5
1.3072960260488153,3.0221426551783854,fac-opacity-cowan-state,T1p3073_rho3p02214,0.0010840086651177781,462942.3260432111,2492.884735704253,2492.8836373024224,ok,/home/elads/STAR/full_grid_solar_opacity/runs/T1p3073_rho3p02214/fac-opacity-cowan-state/starout.h5
1.3072960260488153,4.343054463316713,fac-opacity-cowan-state,T1p3073_rho4p34305,0.001847159785604765,401373.6760243996,2124.778247361169,2124.7763879247254,ok,/home/elads/STAR/full_grid_solar_opacity/runs/T1p3073_rho4p34305/fac-opacity-cowan-state/starout.h5
1.3072960260488153,6.241307649397467,fac-opacity-cowan-state,T1p3073_rho6p24131,0.003846326443775828,267535.56195398147,1496.9951957792905,1496.9913407768634,ok,/home/elads/STAR/full_grid_solar_opacity/runs/T1p3073_rho6p24131/fac-opacity-cowan-state/starout.h5
1.3072960260488153,8.969245378672715,fac-opacity-cowan-state,T1p3073_rho8p96925,0.006345315482228427,145112.75699691125,860.1760450075801,860.1696946694948,ok,/home/elads/STAR/full_grid_solar_opacity/runs/T1p3073_rho8p96925/fac-opacity-cowan-state/starout.h5
1.3072960260488153,12.889504440725364,fac-opacity-cowan-state,T1p3073_rho12p8895,0.005052979173979183,111602.46314821581,685.6605770019801,685.6555200191009,ok,/home/elads/STAR/full_grid_solar_opacity/runs/T1p3073_rho12p8895/fac-opacity-cowan-state/starout.h5
1.3072960260488153,18.52322215674118,fac-opacity-cowan-state,T1p3073_rho18p5232,0.004011862600392609,85295.47762407883,563.0785765440171,563.0745613950679,ok,/home/elads/STAR/full_grid_solar_opacity/runs/T1p3073_rho18p5232/fac-opacity-cowan-state/starout.h5
1.3072960260488153,26.61931346126126,fac-opacity-cowan-state,T1p3073_rho26p6193,0.0031793700215160215,66034.52002397027,473.8425209726172,473.8393388397209,ok,/home/elads/STAR/full_grid_solar_opacity/runs/T1p3073_rho26p6193/fac-opacity-cowan-state/starout.h5
1.3072960260488153,38.254027466328665,fac-opacity-cowan-state,T1p3073_rho38p254,0.0024895186957292715,52564.466293928264,543.833468831863,543.830976157973,ok,/home/elads/STAR/full_grid_solar_opacity/runs/T1p3073_rho38p254/fac-opacity-cowan-state/starout.h5
1.3072960260488153,54.97401800103719,fac-opacity-cowan-state,T1p3073_rho54p974,0.001960149276802045,42910.63681242661,472.79292581303804,472.7909629225705,ok,/home/elads/STAR/full_grid_solar_opacity/runs/T1p3073_rho54p974/fac-opacity-cowan-state/starout.h5
1.3072960260488153,79.0019471240894,fac-opacity-cowan-state,T1p3073_rho79p0019,0.0015261153168552965,36108.802844682476,445.9933481742822,445.9918194759938,ok,/home/elads/STAR/full_grid_solar_opacity/runs/T1p3073_rho79p0019/fac-opacity-cowan-state/starout.h5
1.3072960260488153,113.53195339077567,fac-opacity-cowan-state,T1p3073_rho113p532,0.0010399707093019046,31249.8508962931,433.3561726998529,433.35513022313995,ok,/home/elads/STAR/full_grid_solar_opacity/runs/T1p3073_rho113p532/fac-opacity-cowan-state/starout.h5
1.3072960260488153,163.15426277379785,fac-opacity-cowan-state,T1p3073_rho163p154,0.009297441742590404,27668.996047349374,628.2291407695741,628.2198396520529,ok,/home/elads/STAR/full_grid_solar_opacity/runs/T1p3073_rho163p154/fac-opacity-cowan-state/starout.h5
1.3072960260488153,234.46538763970608,fac-opacity-cowan-state,T1p3073_rho234p465,0.05239181816298059,24723.08489197951,526.2015275567371,526.1491322633533,ok,/home/elads/STAR/full_grid_solar_opacity/runs/T1p3073_rho234p465/fac-opacity-cowan-state/starout.h5
1.3072960260488153,336.94503022121665,fac-opacity-cowan-state,T1p3073_rho336p945,0.06283445792838473,26324.13292063212,5250.732007891195,5250.669142636307,ok,/home/elads/STAR/full_grid_solar_opacity/runs/T1p3073_rho336p945/fac-opacity-cowan-state/starout.h5
1.3072960260488153,484.21626123015125,fac-opacity-cowan-state,T1p3073_rho484p216,0.07137717964539096,26166.323380339098,6758.3401916220755,6758.268774822392,ok,/home/elads/STAR/full_grid_solar_opacity/runs/T1p3073_rho484p216/fac-opacity-cowan-state/starout.h5
1.3072960260488153,695.8564947100452,fac-opacity-cowan-state,T1p3073_rho695p856,0.1339745370545986,26515.516653631486,8500.11799097138,8499.983966218806,ok,/home/elads/STAR/full_grid_solar_opacity/runs/T1p3073_rho695p856/fac-opacity-cowan-state/starout.h5
1.3072960260488153,1000.0,fac-opacity-cowan-state,T1p3073_rho1000,0.15898547851056308,23769.749828067994,6213.281439338133,6213.122416615684,ok,/home/elads/STAR/full_grid_solar_opacity/runs/T1p3073_rho1000/fac-opacity-cowan-state/starout.h5
1.4391774138669393,1e-17,fac-opacity-cowan-state,T1p43918_rho1em17,0.31255378625629804,241.37713767205312,0.3325702695790371,0.020016483236104513,ok,/home/elads/STAR/full_grid_solar_opacity/runs/T1p43918_rho1em17/fac-opacity-cowan-state/starout.h5
1.4391774138669393,1.4370779141993746e-17,fac-opacity-cowan-state,T1p43918_rho1p43708em17,0.31221174360704235,239.15185725100332,0.33243170584728515,0.020219962152727273,ok,/home/elads/STAR/full_grid_solar_opacity/runs/T1p43918_rho1p43708em17/fac-opacity-cowan-state/starout.h5
1.4391774138669393,2.065192931479625e-17,fac-opacity-cowan-state,T1p43918_rho2p06519em17,0.3119661387200545,236.1110361788144,0.33237366587027106,0.02040752706188941,ok,/home/elads/STAR/full_grid_solar_opacity/runs/T1p43918_rho2p06519em17/fac-opacity-cowan-state/starout.h5
1.4391774138669393,2.9678431503900313e-17,fac-opacity-cowan-state,T1p43918_rho2p96784em17,0.31179012353850977,232.10672851147416,0.33239338126261875,0.020603257634935264,ok,/home/elads/STAR/full_grid_solar_opacity/runs/T1p43918_rho2p96784em17/fac-opacity-cowan-state/starout.h5
1.4391774138669393,4.2650218442334076e-17,fac-opacity-cowan-state,T1p43918_rho4p26502em17,0.3116636985272982,227.06553065645687,0.3325041277609349,0.020840429143435965,ok,/home/elads/STAR/full_grid_solar_opacity/runs/T1p43918_rho4p26502em17/fac-opacity-cowan-state/starout.h5
1.4391774138669393,6.129168695925715e-17,fac-opacity-cowan-state,T1p43918_rho6p12917em17,0.3115723057996863,221.05783233833142,0.33272819272717785,0.021155886835925283,ok,/home/elads/STAR/full_grid_solar_opacity/runs/T1p43918_rho6p12917em17/fac-opacity-cowan-state/starout.h5
1.4391774138669393,8.808092965317026e-17,fac-opacity-cowan-state,T1p43918_rho8p80809em17,0.3115055602882127,214.35227260047387,0.3330880768466492,0.021582516465023835,ok,/home/elads/STAR/full_grid_solar_opacity/runs/T1p43918_rho8p80809em17/fac-opacity-cowan-state/starout.h5
1.4391774138669393,1.2657915866672028e-16,fac-opacity-cowan-state,T1p43918_rho1p26579em16,0.3114562076725814,207.41157035534727,0.33360684532032825,0.022150637551875196,ok,/home/elads/STAR/full_grid_solar_opacity/runs/T1p43918_rho1p26579em16/fac-opacity-cowan-state/starout.h5
1.4391774138669393,1.819041133178821e-16,fac-opacity-cowan-state,T1p43918_rho1p81904em16,0.31141928431593835,200.7989268060706,0.3343192559515377,0.0228999715364844,ok,/home/elads/STAR/full_grid_solar_opacity/runs/T1p43918_rho1p81904em16/fac-opacity-cowan-state/starout.h5
1.4391774138669393,2.6141038375114865e-16,fac-opacity-cowan-state,T1p43918_rho2p6141em16,0.3113914330006072,195.01839656804586,0.33527680849023267,0.02388537538624574,ok,/home/elads/STAR/full_grid_solar_opacity/runs/T1p43918_rho2p6141em16/fac-opacity-cowan-state/starout.h5
1.4391774138669393,3.7566708903116036e-16,fac-opacity-cowan-state,T1p43918_rho3p75667em16,0.3113703563083246,190.37108334882944,0.3365376812997099,0.025167324882457025,ok,/home/elads/STAR/full_grid_solar_opacity/runs/T1p43918_rho3p75667em16/fac-opacity-cowan-state/starout.h5
1.4391774138669393,5.398628767382507e-16,fac-opacity-cowan-state,T1p43918_rho5p39863em16,0.31135441390579627,186.90694270490334,0.33815091253188745,0.026796498510111583,ok,/home/elads/STAR/full_grid_solar_opacity/runs/T1p43918_rho5p39863em16/fac-opacity-cowan-state/starout.h5
1.4391774138669393,7.758250168566793e-16,fac-opacity-cowan-state,T1p43918_rho7p75825em16,0.3113423624773797,184.48188121916544,0.34014552370201967,0.0288031610999752,ok,/home/elads/STAR/full_grid_solar_opacity/runs/T1p43918_rho7p75825em16/fac-opacity-cowan-state/starout.h5
1.4391774138669393,1.1149209970080914e-15,fac-opacity-cowan-state,T1p43918_rho1p11492em15,0.31133321132171454,182.862622528101,0.3425293955778556,0.031196184121118575,ok,/home/elads/STAR/full_grid_solar_opacity/runs/T1p43918_rho1p11492em15/fac-opacity-cowan-state/starout.h5
1.4391774138669393,1.6022283408774753e-15,fac-opacity-cowan-state,T1p43918_rho1p60223em15,0.3113261516533929,181.81534720496538,0.34529778697941294,0.033971635178985105,ok,/home/elads/STAR/full_grid_solar_opacity/runs/T1p43918_rho1p60223em15/fac-opacity-cowan-state/starout.h5
1.4391774138669393,2.3025269621793266e-15,fac-opacity-cowan-state,T1p43918_rho2p30253em15,0.31132052312733804,181.15133506335687,0.34844679227248637,0.0371262689844598,ok,/home/elads/STAR/full_grid_solar_opacity/runs/T1p43918_rho2p30253em15/fac-opacity-cowan-state/starout.h5
1.4391774138669393,3.308910644196489e-15,fac-opacity-cowan-state,T1p43918_rho3p30891em15,0.31131579622264643,180.73672743698202,0.35198523247581187,0.04066943607714117,ok,/home/elads/STAR/full_grid_solar_opacity/runs/T1p43918_rho3p30891em15/fac-opacity-cowan-state/starout.h5
1.4391774138669393,4.755162406834019e-15,fac-opacity-cowan-state,T1p43918_rho4p75516em15,0.31131156246015634,180.48428147498856,0.3559416751989697,0.044630112545646645,ok,/home/elads/STAR/full_grid_solar_opacity/runs/T1p43918_rho4p75516em15/fac-opacity-cowan-state/starout.h5
1.4391774138669393,6.8335388732923106e-15,fac-opacity-cowan-state,T1p43918_rho6p83354em15,0.31130752911639786,180.3406423715872,0.36036819195198944,0.049060662623248597,ok,/home/elads/STAR/full_grid_solar_opacity/runs/T1p43918_rho6p83354em15/fac-opacity-cowan-state/starout.h5
1.4391774138669393,9.820327790631256e-15,fac-opacity-cowan-state,T1p43918_rho9p82033em15,0.3113035133117959,180.27544028259126,0.36534363400485687,0.054040120459166015,ok,/home/elads/STAR/full_grid_solar_opacity/runs/T1p43918_rho9p82033em15/fac-opacity-cowan-state/starout.h5
1.4391774138669393,1.4112576178114521e-14,fac-opacity-cowan-state,T1p43918_rho1p41126em14,0.3112994249157338,180.2738159783369,0.3709764018486845,0.059676976674659,ok,/home/elads/STAR/full_grid_solar_opacity/runs/T1p43918_rho1p41126em14/fac-opacity-cowan-state/starout.h5
1.4391774138669393,2.0280871538024598e-14,fac-opacity-cowan-state,T1p43918_rho2p02809em14,0.31129523103860024,180.33200737764685,0.3774042427066206,0.06610901138188953,ok,/home/elads/STAR/full_grid_solar_opacity/runs/T1p43918_rho2p02809em14/fac-opacity-cowan-state/starout.h5
1.4391774138669393,2.914519256800997e-14,fac-opacity-cowan-state,T1p43918_rho2p91452em14,0.311290901715475,180.45518504300213,0.38478784926688897,0.07349694723330728,ok,/home/elads/STAR/full_grid_solar_opacity/runs/T1p43918_rho2p91452em14/fac-opacity-cowan-state/starout.h5
1.4391774138669393,4.188391254457488e-14,fac-opacity-cowan-state,T1p43918_rho4p18839em14,0.31128635355343576,180.65681867555557,0.39329595839621767,0.08200960448783094,ok,/home/elads/STAR/full_grid_solar_opacity/runs/T1p43918_rho4p18839em14/fac-opacity-cowan-state/starout.h5
1.4391774138669393,6.019044567806669e-14,fac-opacity-cowan-state,T1p43918_rho6p01904em14,0.31128140912145535,180.9590200877081,0.40308311621165877,0.0918017066928697,ok,/home/elads/STAR/full_grid_solar_opacity/runs/T1p43918_rho6p01904em14/fac-opacity-cowan-state/starout.h5
1.4391774138669393,8.649836012976684e-14,fac-opacity-cowan-state,T1p43918_rho8p64984em14,0.3112757830712449,181.39338973137362,0.4142664220016247,0.10299063848461919,ok,/home/elads/STAR/full_grid_solar_opacity/runs/T1p43918_rho8p64984em14/fac-opacity-cowan-state/starout.h5
1.4391774138669393,1.2430488295695167e-13,fac-opacity-cowan-state,T1p43918_rho1p24305em13,0.3112690926488055,182.00182801844406,0.42691227842262613,0.11564318527329792,ok,/home/elads/STAR/full_grid_solar_opacity/runs/T1p43918_rho1p24305em13/fac-opacity-cowan-state/starout.h5
1.4391774138669393,1.7863580192457348e-13,fac-opacity-cowan-state,T1p43918_rho1p78636em13,0.3112608906651594,182.8366246981633,0.4410446970537679,0.1297838058268828,ok,/home/elads/STAR/full_grid_solar_opacity/runs/T1p43918_rho1p78636em13/fac-opacity-cowan-state/starout.h5
1.4391774138669393,2.567135656310987e-13,fac-opacity-cowan-state,T1p43918_rho2p56714em13,0.31125071714777114,183.95897433746595,0.4566803218491236,0.14542960407190933,ok,/home/elads/STAR/full_grid_solar_opacity/runs/T1p43918_rho2p56714em13/fac-opacity-cowan-state/starout.h5
1.4391774138669393,3.6891739544382357e-13,fac-opacity-cowan-state,T1p43918_rho3p68917em13,0.31123816946481714,185.43512613970313,0.47388334881622274,0.16264517864745023,ok,/home/elads/STAR/full_grid_solar_opacity/runs/T1p43918_rho3p68917em13/fac-opacity-cowan-state/starout.h5
1.4391774138669393,5.301630411562758e-13,fac-opacity-cowan-state,T1p43918_rho5p30163em13,0.3112229739325967,187.32978455486727,0.4928263541381786,0.1816033794195725,ok,/home/elads/STAR/full_grid_solar_opacity/runs/T1p43918_rho5p30163em13/fac-opacity-cowan-state/starout.h5
1.4391774138669393,7.618855973704612e-13,fac-opacity-cowan-state,T1p43918_rho7p61886em13,0.3112050238096353,189.69760471006788,0.5138422352217608,0.20263721053507797,ok,/home/elads/STAR/full_grid_solar_opacity/runs/T1p43918_rho7p61886em13/fac-opacity-cowan-state/starout.h5
1.4391774138669393,1.0948889651276868e-12,fac-opacity-cowan-state,T1p43918_rho1p09489em12,0.3111843326765664,192.57507635436417,0.5374548414395032,0.2262705077836003,ok,/home/elads/STAR/full_grid_solar_opacity/runs/T1p43918_rho1p09489em12/fac-opacity-cowan-state/starout.h5
1.4391774138669393,1.5734407502856082e-12,fac-opacity-cowan-state,T1p43918_rho1p57344em12,0.31116086681613037,195.9765381808941,0.5644122437639648,0.2532513758517204,ok,/home/elads/STAR/full_grid_solar_opacity/runs/T1p43918_rho1p57344em12/fac-opacity-cowan-state/starout.h5
1.4391774138669393,2.26115695153675e-12,fac-opacity-cowan-state,T1p43918_rho2p26116em12,0.3111342572919011,199.8986774507888,0.5957795338986898,0.28464527537479667,ok,/home/elads/STAR/full_grid_solar_opacity/runs/T1p43918_rho2p26116em12/fac-opacity-cowan-state/starout.h5
1.4391774138669393,3.249458715591849e-12,fac-opacity-cowan-state,T1p43918_rho3p24946em12,0.311103511841705,204.337765895573,0.6331049337264247,0.32200142049104424,ok,/home/elads/STAR/full_grid_solar_opacity/runs/T1p43918_rho3p24946em12/fac-opacity-cowan-state/starout.h5
1.4391774138669393,4.669725353279713e-12,fac-opacity-cowan-state,T1p43918_rho4p66973em12,0.3110666968091504,209.32133618825856,0.6786151311419816,0.36754843274202037,ok,/home/elads/STAR/full_grid_solar_opacity/runs/T1p43918_rho4p66973em12/fac-opacity-cowan-state/starout.h5
1.4391774138669393,6.710759170575148e-12,fac-opacity-cowan-state,T1p43918_rho6p71076em12,0.3110207042781738,214.94981858065987,0.7354029829599191,0.4243822768449488,ok,/home/elads/STAR/full_grid_solar_opacity/runs/T1p43918_rho6p71076em12/fac-opacity-cowan-state/starout.h5
1.4391774138669393,9.64388379154446e-12,fac-opacity-cowan-state,T1p43918_rho9p64388em12,0.3109608930393184,221.4386454392714,0.8075931315345961,0.4966322363457714,ok,/home/elads/STAR/full_grid_solar_opacity/runs/T1p43918_rho9p64388em12/fac-opacity-cowan-state/starout.h5
1.4391774138669393,1.3859012403933867e-11,fac-opacity-cowan-state,T1p43918_rho1p3859em11,0.31088066977846246,229.15534154620448,0.9005014325850765,0.5896207602546384,ok,/home/elads/STAR/full_grid_solar_opacity/runs/T1p43918_rho1p3859em11/fac-opacity-cowan-state/starout.h5
1.4391774138669393,1.9916480638308542e-11,fac-opacity-cowan-state,T1p43918_rho1p99165em11,0.3107708037863716,238.65724359849742,1.0208682476641513,0.7100974408043605,ok,/home/elads/STAR/full_grid_solar_opacity/runs/T1p43918_rho1p99165em11/fac-opacity-cowan-state/starout.h5
1.4391774138669393,2.8621534453892672e-11,fac-opacity-cowan-state,T1p43918_rho2p86215em11,0.31061848780613266,250.74495285286577,1.177322050878616,0.8667035593212471,ok,/home/elads/STAR/full_grid_solar_opacity/runs/T1p43918_rho2p86215em11/fac-opacity-cowan-state/starout.h5
1.4391774138669393,4.1131375034185614e-11,fac-opacity-cowan-state,T1p43918_rho4p11314em11,0.31040618043885154,266.54642192274076,1.3812153276355936,1.0708091425621031,ok,/home/elads/STAR/full_grid_solar_opacity/runs/T1p43918_rho4p11314em11/fac-opacity-cowan-state/starout.h5
1.4391774138669393,5.910899064227969e-11,fac-opacity-cowan-state,T1p43918_rho5p9109em11,0.31011018966872117,287.6406756975163,1.6478859966545079,1.3377758011956726,ok,/home/elads/STAR/full_grid_solar_opacity/runs/T1p43918_rho5p9109em11/fac-opacity-cowan-state/starout.h5
1.4391774138669393,8.4944224982638e-11,fac-opacity-cowan-state,T1p43918_rho8p49442em11,0.3096992938982677,316.23064208195666,1.9983500590792325,1.6886507578722052,ok,/home/elads/STAR/full_grid_solar_opacity/runs/T1p43918_rho8p49442em11/fac-opacity-cowan-state/starout.h5
1.4391774138669393,1.2207146966133182e-10,fac-opacity-cowan-state,T1p43918_rho1p22071em10,0.309133754980853,355.38204642407135,2.4613863037195847,2.152252539423428,ok,/home/elads/STAR/full_grid_solar_opacity/runs/T1p43918_rho1p22071em10/fac-opacity-cowan-state/starout.h5
1.4391774138669393,1.7542621300415897e-10,fac-opacity-cowan-state,T1p43918_rho1p75426em10,0.3083657614139715,409.3616177042095,3.0759531812705836,2.7675874078780365,ok,/home/elads/STAR/full_grid_solar_opacity/runs/T1p43918_rho1p75426em10/fac-opacity-cowan-state/starout.h5
1.4391774138669393,2.52101136279913e-10,fac-opacity-cowan-state,T1p43918_rho2p52101em10,0.30734204980103613,484.10863717827255,3.893871676448086,3.5865296111239564,ok,/home/elads/STAR/full_grid_solar_opacity/runs/T1p43918_rho2p52101em10/fac-opacity-cowan-state/starout.h5
1.4391774138669393,3.6228897509242966e-10,fac-opacity-cowan-state,T1p43918_rho3p62289em10,0.30601112843279094,587.8832373700371,4.983004940635762,4.6769937919601725,ok,/home/elads/STAR/full_grid_solar_opacity/runs/T1p43918_rho3p62289em10/fac-opacity-cowan-state/starout.h5
1.4391774138669393,5.20637484663258e-10,fac-opacity-cowan-state,T1p43918_rho5p20637em10,0.30433548752584655,732.146614188783,6.431510463528914,6.127174949483641,ok,/home/elads/STAR/full_grid_solar_opacity/runs/T1p43918_rho5p20637em10/fac-opacity-cowan-state/starout.h5
1.4391774138669393,7.481966305138837e-10,fac-opacity-cowan-state,T1p43918_rho7p48197em10,0.3023069753806627,932.7945478025974,8.354048625895489,8.05174161566556,ok,/home/elads/STAR/full_grid_solar_opacity/runs/T1p43918_rho7p48197em10/fac-opacity-cowan-state/starout.h5
1.4391774138669393,1.0752168531898921e-09,fac-opacity-cowan-state,T1p43918_rho1p07522em09,0.2999609204657828,1211.975179378032,10.90085692231166,10.600895955963448,ok,/home/elads/STAR/full_grid_solar_opacity/runs/T1p43918_rho1p07522em09/fac-opacity-cowan-state/starout.h5
1.4391774138669393,1.5451703926941453e-09,fac-opacity-cowan-state,T1p43918_rho1p54517em09,0.2973803319342222,1600.9004078137095,14.298600288376749,14.001219895842944,ok,/home/elads/STAR/full_grid_solar_opacity/runs/T1p43918_rho1p54517em09/fac-opacity-cowan-state/starout.h5
1.4391774138669393,2.220530245015531e-09,fac-opacity-cowan-state,T1p43918_rho2p22053em09,0.2946824056153975,2143.7352166208984,18.771854928156248,18.4771724425686,ok,/home/elads/STAR/full_grid_solar_opacity/runs/T1p43918_rho2p22053em09/fac-opacity-cowan-state/starout.h5
1.4391774138669393,3.1910749729235452e-09,fac-opacity-cowan-state,T1p43918_rho3p19107em09,0.29198912662781423,2903.7500496045554,24.71686045843032,24.42487122608763,ok,/home/elads/STAR/full_grid_solar_opacity/runs/T1p43918_rho3p19107em09/fac-opacity-cowan-state/starout.h5
1.4391774138669393,4.585823366142813e-09,fac-opacity-cowan-state,T1p43918_rho4p58582em09,0.2893921003604259,3971.054084234513,32.66338507899577,32.37399283851536,ok,/home/elads/STAR/full_grid_solar_opacity/runs/T1p43918_rho4p58582em09/fac-opacity-cowan-state/starout.h5
1.4391774138669393,6.590185477903269e-09,fac-opacity-cowan-state,T1p43918_rho6p59019em09,0.28692479352548833,5473.062694935392,43.361551537543825,43.07462655758422,ok,/home/elads/STAR/full_grid_solar_opacity/runs/T1p43918_rho6p59019em09/fac-opacity-cowan-state/starout.h5
1.4391774138669393,9.470610000772238e-09,fac-opacity-cowan-state,T1p43918_rho9p47061em09,0.284549552337405,7587.655299296824,57.86005090960865,57.575501108074945,ok,/home/elads/STAR/full_grid_solar_opacity/runs/T1p43918_rho9p47061em09/fac-opacity-cowan-state/starout.h5
1.4391774138669393,1.3610004466105506e-08,fac-opacity-cowan-state,T1p43918_rho1p361em08,0.28215971872721923,10558.524760393842,77.52765376406485,77.24549371100636,ok,/home/elads/STAR/full_grid_solar_opacity/runs/T1p43918_rho1p361em08/fac-opacity-cowan-state/starout.h5
1.4391774138669393,1.9558636830395073e-08,fac-opacity-cowan-state,T1p43918_rho1p95586em08,0.27959090777101836,14713.247012883647,104.11599946063751,103.8364081034454,ok,/home/elads/STAR/full_grid_solar_opacity/runs/T1p43918_rho1p95586em08/fac-opacity-cowan-state/starout.h5
1.4391774138669393,2.810728502080722e-08,fac-opacity-cowan-state,T1p43918_rho2p81073em08,0.27662310104676274,20479.17888187865,139.78693177297347,139.5103080681031,ok,/home/elads/STAR/full_grid_solar_opacity/runs/T1p43918_rho2p81073em08/fac-opacity-cowan-state/starout.h5
1.4391774138669393,4.039235853150913e-08,fac-opacity-cowan-state,T1p43918_rho4p03924em08,0.27299842493664117,28392.92171015416,187.04911841506444,186.77611918172988,ok,/home/elads/STAR/full_grid_solar_opacity/runs/T1p43918_rho4p03924em08/fac-opacity-cowan-state/starout.h5
1.4391774138669393,5.804696634805446e-08,fac-opacity-cowan-state,T1p43918_rho5p8047em08,0.2684169744872438,39095.92149435129,249.69836303665994,249.42994498259876,ok,/home/elads/STAR/full_grid_solar_opacity/runs/T1p43918_rho5p8047em08/fac-opacity-cowan-state/starout.h5
1.4391774138669393,8.341801332506338e-08,fac-opacity-cowan-state,T1p43918_rho8p3418em08,0.26256190698159476,53279.053349745824,328.6492645966697,328.38670126837644,ok,/home/elads/STAR/full_grid_solar_opacity/runs/T1p43918_rho8p3418em08/fac-opacity-cowan-state/starout.h5
1.4391774138669393,1.1987818459583772e-07,fac-opacity-cowan-state,T1p43918_rho1p19878em07,0.25513526972333744,71621.80572232635,426.82650398380827,426.57136686781354,ok,/home/elads/STAR/full_grid_solar_opacity/runs/T1p43918_rho1p19878em07/fac-opacity-cowan-state/starout.h5
1.4391774138669393,1.7227429147699408e-07,fac-opacity-cowan-state,T1p43918_rho1p72274em07,0.2458671688536317,94626.72593836629,545.8386593494633,545.5927898191937,ok,/home/elads/STAR/full_grid_solar_opacity/runs/T1p43918_rho1p72274em07/fac-opacity-cowan-state/starout.h5
1.4391774138669393,2.4757157946593376e-07,fac-opacity-cowan-state,T1p43918_rho2p47572em07,0.1854765800113813,74648.34115768787,847.753095305149,847.5669354021715,ok,/home/elads/STAR/full_grid_solar_opacity/runs/T1p43918_rho2p47572em07/fac-opacity-cowan-state/starout.h5
1.4391774138669393,3.557796490339488e-07,fac-opacity-cowan-state,T1p43918_rho3p5578em07,0.1693252870364896,100640.68183170461,1220.5038385780651,1220.3343612817578,ok,/home/elads/STAR/full_grid_solar_opacity/runs/T1p43918_rho3p5578em07/fac-opacity-cowan-state/starout.h5
1.4391774138669393,5.112830759482948e-07,fac-opacity-cowan-state,T1p43918_rho5p11283em07,0.15238448792483333,130563.80651810905,1610.8291362967057,1610.677118165388,ok,/home/elads/STAR/full_grid_solar_opacity/runs/T1p43918_rho5p11283em07/fac-opacity-cowan-state/starout.h5
1.4391774138669393,7.347536163492159e-07,fac-opacity-cowan-state,T1p43918_rho7p34754em07,0.1350468000701964,165490.0002891788,2327.5780786047853,2327.445177033254,ok,/home/elads/STAR/full_grid_solar_opacity/runs/T1p43918_rho7p34754em07/fac-opacity-cowan-state/starout.h5
1.4391774138669393,1.0558981944335787e-06,fac-opacity-cowan-state,T1p43918_rho1p0559em06,0.11771226582186439,201178.86588097364,2382.2753535212228,2382.159932347956,ok,/home/elads/STAR/full_grid_solar_opacity/runs/T1p43918_rho1p0559em06/fac-opacity-cowan-state/starout.h5
1.4391774138669393,1.517407974863493e-06,fac-opacity-cowan-state,T1p43918_rho1p51741em06,0.10085642322853575,243001.5805780398,2808.5933769723124,2808.49445937515,ok,/home/elads/STAR/full_grid_solar_opacity/runs/T1p43918_rho1p51741em06/fac-opacity-cowan-state/starout.h5
1.4391774138669393,2.1806334875063253e-06,fac-opacity-cowan-state,T1p43918_rho2p18063em06,0.08489937664446212,286572.6270375892,3255.961722532243,3255.8785981175465,ok,/home/elads/STAR/full_grid_solar_opacity/runs/T1p43918_rho2p18063em06/fac-opacity-cowan-state/starout.h5
1.4391774138669393,3.1337402238588983e-06,fac-opacity-cowan-state,T1p43918_rho3p13374em06,0.07021823834852088,330386.4082841583,3915.417469909535,3915.3491545438005,ok,/home/elads/STAR/full_grid_solar_opacity/runs/T1p43918_rho3p13374em06/fac-opacity-cowan-state/starout.h5
1.4391774138669393,4.503428864545845e-06,fac-opacity-cowan-state,T1p43918_rho4p50343em06,0.05708691483180623,373195.0495085293,4577.292674361023,4577.237322090615,ok,/home/elads/STAR/full_grid_solar_opacity/runs/T1p43918_rho4p50343em06/fac-opacity-cowan-state/starout.h5
1.4391774138669393,6.471778159406801e-06,fac-opacity-cowan-state,T1p43918_rho6p47178em06,0.045653330840067,413373.0496321244,4463.594751733985,4463.550561685264,ok,/home/elads/STAR/full_grid_solar_opacity/runs/T1p43918_rho6p47178em06/fac-opacity-cowan-state/starout.h5
1.4391774138669393,9.300449458481393e-06,fac-opacity-cowan-state,T1p43918_rho9p30045em06,0.035950318916527405,451446.9679554588,5109.12743734638,5109.092549123434,ok,/home/elads/STAR/full_grid_solar_opacity/runs/T1p43918_rho9p30045em06/fac-opacity-cowan-state/starout.h5
1.4391774138669393,1.3365470508911143e-05,fac-opacity-cowan-state,T1p43918_rho1p33655em05,0.027904883132955027,486003.82954633934,5836.114324081204,5836.08731472559,ok,/home/elads/STAR/full_grid_solar_opacity/runs/T1p43918_rho1p33655em05/fac-opacity-cowan-state/starout.h5
1.4391774138669393,1.920722248123928e-05,fac-opacity-cowan-state,T1p43918_rho1p92072em05,0.021376334886434048,517510.44893127534,7353.676378407233,7353.65578999303,ok,/home/elads/STAR/full_grid_solar_opacity/runs/T1p43918_rho1p92072em05/fac-opacity-cowan-state/starout.h5
1.4391774138669393,2.760227522090268e-05,fac-opacity-cowan-state,T1p43918_rho2p76023em05,0.016182733840149992,544927.9432269637,8869.737004604518,8869.721707977938,ok,/home/elads/STAR/full_grid_solar_opacity/runs/T1p43918_rho2p76023em05/fac-opacity-cowan-state/starout.h5
1.4391774138669393,3.966662010161191e-05,fac-opacity-cowan-state,T1p43918_rho3p96666em05,0.012161627107808642,566193.2349782524,5335.292838186979,5335.281168077655,ok,/home/elads/STAR/full_grid_solar_opacity/runs/T1p43918_rho3p96666em05/fac-opacity-cowan-state/starout.h5
1.4391774138669393,5.7004023678963655e-05,fac-opacity-cowan-state,T1p43918_rho5p7004em05,0.009153631396712159,585743.6431091798,5521.383602498324,5521.37483476627,ok,/home/elads/STAR/full_grid_solar_opacity/runs/T1p43918_rho5p7004em05/fac-opacity-cowan-state/starout.h5
1.4391774138669393,8.191922344953684e-05,fac-opacity-cowan-state,T1p43918_rho8p19192em05,0.006946928601861728,601607.4147084175,5571.765632248961,5571.758968919281,ok,/home/elads/STAR/full_grid_solar_opacity/runs/T1p43918_rho8p19192em05/fac-opacity-cowan-state/starout.h5
1.4391774138669393,0.00011772430676769293,fac-opacity-cowan-state,T1p43918_rho0p000117724,0.005322447239526511,614479.7642498635,5637.254931399274,5637.249819925354,ok,/home/elads/STAR/full_grid_solar_opacity/runs/T1p43918_rho0p000117724/fac-opacity-cowan-state/starout.h5
1.4391774138669393,0.00016917900122028344,fac-opacity-cowan-state,T1p43918_rho0p000169179,0.004102527579706795,625124.0219999949,5700.868197436997,5700.8642502993025,ok,/home/elads/STAR/full_grid_solar_opacity/runs/T1p43918_rho0p000169179/fac-opacity-cowan-state/starout.h5
1.4391774138669393,0.0002431234061999784,fac-opacity-cowan-state,T1p43918_rho0p000243123,0.0031646287793791875,634111.8236175593,5752.240932002054,5752.237879098604,ok,/home/elads/STAR/full_grid_solar_opacity/runs/T1p43918_rho0p000243123/fac-opacity-cowan-state/starout.h5
1.4391774138669393,0.0003493872774749123,fac-opacity-cowan-state,T1p43918_rho0p000349387,0.0024289412697400792,641806.0570179205,5814.595087821855,5814.592737009431,ok,/home/elads/STAR/full_grid_solar_opacity/runs/T1p43918_rho0p000349387/fac-opacity-cowan-state/starout.h5
1.4391774138669393,0.0005020967399614471,fac-opacity-cowan-state,T1p43918_rho0p000502097,0.0018522156296456582,648379.9824470296,5844.286540168126,5844.284739622853,ok,/home/elads/STAR/full_grid_solar_opacity/runs/T1p43918_rho0p000502097/fac-opacity-cowan-state/starout.h5
1.4391774138669393,0.0007215521357901021,fac-opacity-cowan-state,T1p43918_rho0p000721552,0.0013954142160932056,653917.6345366202,5877.494681550419,5877.493317546198,ok,/home/elads/STAR/full_grid_solar_opacity/runs/T1p43918_rho0p000721552/fac-opacity-cowan-state/starout.h5
1.4391774138669393,0.0010369266382873438,fac-opacity-cowan-state,T1p43918_rho0p00103693,0.0010389206518009672,658463.3446889884,5904.8446462758975,5904.843623458787,ok,/home/elads/STAR/full_grid_solar_opacity/runs/T1p43918_rho0p00103693/fac-opacity-cowan-state/starout.h5
1.4391774138669393,0.0014901443705277455,fac-opacity-cowan-state,T1p43918_rho0p00149014,0.0007627535876488263,662051.6445110459,5925.471747146947,5925.47098896319,ok,/home/elads/STAR/full_grid_solar_opacity/runs/T1p43918_rho0p00149014/fac-opacity-cowan-state/starout.h5
1.4391774138669393,0.002141453563853953,fac-opacity-cowan-state,T1p43918_rho0p00214145,0.0005512325426204907,664753.2734730736,5932.911600391881,5932.911045200586,ok,/home/elads/STAR/full_grid_solar_opacity/runs/T1p43918_rho0p00214145/fac-opacity-cowan-state/starout.h5
1.4391774138669393,0.003077435620898055,fac-opacity-cowan-state,T1p43918_rho0p00307744,0.0003911140466264068,666659.0926077284,5934.859450233565,5934.859048884,ok,/home/elads/STAR/full_grid_solar_opacity/runs/T1p43918_rho0p00307744/fac-opacity-cowan-state/starout.h5
1.4391774138669393,0.004422514763163053,fac-opacity-cowan-state,T1p43918_rho0p00442251,0.0002725887836199107,667898.6444236494,5935.367682377015,5935.367394995853,ok,/home/elads/STAR/full_grid_solar_opacity/runs/T1p43918_rho0p00442251/fac-opacity-cowan-state/starout.h5
1.4391774138669393,0.006355498291362301,fac-opacity-cowan-state,T1p43918_rho0p0063555,0.0001859939661773694,668619.0235442113,5934.134030085488,5934.133826010012,ok,/home/elads/STAR/full_grid_solar_opacity/runs/T1p43918_rho0p0063555/fac-opacity-cowan-state/starout.h5
1.4391774138669393,0.009133346228248624,fac-opacity-cowan-state,T1p43918_rho0p00913335,0.00010245467598927343,668968.689873451,5931.2847382958125,5931.284614951867,ok,/home/elads/STAR/full_grid_solar_opacity/runs/T1p43918_rho0p00913335/fac-opacity-cowan-state/starout.h5
1.4391774138669393,0.01312533014735226,fac-opacity-cowan-state,T1p43918_rho0p0131253,6.74751248655165e-05,669080.7793273822,5924.804451678824,5924.804361805743,ok,/home/elads/STAR/full_grid_solar_opacity/runs/T1p43918_rho0p0131253/fac-opacity-cowan-state/starout.h5
1.4391774138669393,0.018862122071335155,fac-opacity-cowan-state,T1p43918_rho0p0188621,0.00019274803937706025,669081.9399931979,5915.908140575495,5915.907925548062,ok,/home/elads/STAR/full_grid_solar_opacity/runs/T1p43918_rho0p0188621/fac-opacity-cowan-state/starout.h5
1.4391774138669393,0.02710633904364831,fac-opacity-cowan-state,T1p43918_rho0p0271063,0.00036005349473958723,669340.8247865837,5911.234999361792,5911.234615954701,ok,/home/elads/STAR/full_grid_solar_opacity/runs/T1p43918_rho0p0271063/fac-opacity-cowan-state/starout.h5
1.4391774138669393,0.038953921174427183,fac-opacity-cowan-state,T1p43918_rho0p0389539,0.000510710492744804,670631.0977175453,5908.515327402488,5908.514792410638,ok,/home/elads/STAR/full_grid_solar_opacity/runs/T1p43918_rho0p0389539/fac-opacity-cowan-state/starout.h5
1.4391774138669393,0.0559798197912329,fac-opacity-cowan-state,T1p43918_rho0p0559798,0.0006263504417093409,673258.3029666985,5917.554918608915,5917.5542673200225,ok,/home/elads/STAR/full_grid_solar_opacity/runs/T1p43918_rho0p0559798/fac-opacity-cowan-state/starout.h5
1.4391774138669393,0.08044736266284185,fac-opacity-cowan-state,T1p43918_rho0p0804474,0.0008450987456905557,676681.3475224855,5922.726238657591,5922.72536811099,ok,/home/elads/STAR/full_grid_solar_opacity/runs/T1p43918_rho0p0804474/fac-opacity-cowan-state/starout.h5
1.4391774138669393,0.11560912813835741,fac-opacity-cowan-state,T1p43918_rho0p115609,0.0008255949352496658,679569.8763036872,5915.988438589705,5915.987587458542,ok,/home/elads/STAR/full_grid_solar_opacity/runs/T1p43918_rho0p115609/fac-opacity-cowan-state/starout.h5
1.4391774138669393,0.1661393247274789,fac-opacity-cowan-state,T1p43918_rho0p166139,0.0008265338780991433,681050.1959984789,5878.784456504536,5878.783604511874,ok,/home/elads/STAR/full_grid_solar_opacity/runs/T1p43918_rho0p166139/fac-opacity-cowan-state/starout.h5
1.4391774138669393,0.23875515424585794,fac-opacity-cowan-state,T1p43918_rho0p238755,0.0008164285843727423,681823.8565367545,5824.0951155335615,5824.094273853341,ok,/home/elads/STAR/full_grid_solar_opacity/runs/T1p43918_rho0p238755/fac-opacity-cowan-state/starout.h5
1.4391774138669393,0.34310975906798746,fac-opacity-cowan-state,T1p43918_rho0p34311,0.0007908408435629518,681710.1291178999,5839.45892891833,5839.458112761247,ok,/home/elads/STAR/full_grid_solar_opacity/runs/T1p43918_rho0p34311/fac-opacity-cowan-state/starout.h5
1.4391774138669393,0.49307545690287347,fac-opacity-cowan-state,T1p43918_rho0p493075,0.0007557737908805573,680545.8749341442,6053.404723428477,6053.403941419943,ok,/home/elads/STAR/full_grid_solar_opacity/runs/T1p43918_rho0p493075/fac-opacity-cowan-state/starout.h5
1.4391774138669393,0.7085878491488851,fac-opacity-cowan-state,T1p43918_rho0p708588,0.0007460413664304835,677977.5845276732,6253.460030936251,6253.459257800716,ok,/home/elads/STAR/full_grid_solar_opacity/runs/T1p43918_rho0p708588/fac-opacity-cowan-state/starout.h5
1.4391774138669393,1.0182959482819007,fac-opacity-cowan-state,T1p43918_rho1p0183,0.0007855325120543598,673041.5702017194,6245.134125510761,6245.133312925475,ok,/home/elads/STAR/full_grid_solar_opacity/runs/T1p43918_rho1p0183/fac-opacity-cowan-state/starout.h5
1.4391774138669393,1.4633706173946401,fac-opacity-cowan-state,T1p43918_rho1p46337,0.0008848813000269027,663558.6882515806,6045.405738865693,6045.404827799425,ok,/home/elads/STAR/full_grid_solar_opacity/runs/T1p43918_rho1p46337/fac-opacity-cowan-state/starout.h5
1.4391774138669393,2.1029775945461404,fac-opacity-cowan-state,T1p43918_rho2p10298,0.001088265730285717,643844.127849876,5682.881168719727,5682.8800558387975,ok,/home/elads/STAR/full_grid_solar_opacity/runs/T1p43918_rho2p10298/fac-opacity-cowan-state/starout.h5
1.4391774138669393,3.0221426551783854,fac-opacity-cowan-state,T1p43918_rho3p02214,0.0015112924220898752,597033.092570614,5107.341499401571,5107.339965982031,ok,/home/elads/STAR/full_grid_solar_opacity/runs/T1p43918_rho3p02214/fac-opacity-cowan-state/starout.h5
1.4391774138669393,4.343054463316713,fac-opacity-cowan-state,T1p43918_rho4p34305,0.002394062468485544,488965.38158333383,4131.638021053267,4131.635609077629,ok,/home/elads/STAR/full_grid_solar_opacity/runs/T1p43918_rho4p34305/fac-opacity-cowan-state/starout.h5
1.4391774138669393,6.241307649397467,fac-opacity-cowan-state,T1p43918_rho6p24131,0.004552312765628606,300607.80035370425,2566.2772547952663,2566.272691320088,ok,/home/elads/STAR/full_grid_solar_opacity/runs/T1p43918_rho6p24131/fac-opacity-cowan-state/starout.h5
1.4391774138669393,8.969245378672715,fac-opacity-cowan-state,T1p43918_rho8p96925,0.007011349276052816,159462.52843473572,1466.0572806572632,1466.050262881554,ok,/home/elads/STAR/full_grid_solar_opacity/runs/T1p43918_rho8p96925/fac-opacity-cowan-state/starout.h5
1.4391774138669393,12.889504440725364,fac-opacity-cowan-state,T1p43918_rho12p8895,0.0055785914426902195,124652.69280626051,1195.6872370000474,1195.6816531690408,ok,/home/elads/STAR/full_grid_solar_opacity/runs/T1p43918_rho12p8895/fac-opacity-cowan-state/starout.h5
1.4391774138669393,18.52322215674118,fac-opacity-cowan-state,T1p43918_rho18p5232,0.004427293302928946,97623.5452504021,1007.5086504909923,1007.5042187864052,ok,/home/elads/STAR/full_grid_solar_opacity/runs/T1p43918_rho18p5232/fac-opacity-cowan-state/starout.h5
1.4391774138669393,26.61931346126126,fac-opacity-cowan-state,T1p43918_rho26p6193,0.0035067270356299706,77810.1746483123,870.1686171755956,870.165106642983,ok,/home/elads/STAR/full_grid_solar_opacity/runs/T1p43918_rho26p6193/fac-opacity-cowan-state/starout.h5
1.4391774138669393,38.254027466328665,fac-opacity-cowan-state,T1p43918_rho38p254,0.0027395477299586185,63871.555639583166,1014.2567525978725,1014.2540086346243,ok,/home/elads/STAR/full_grid_solar_opacity/runs/T1p43918_rho38p254/fac-opacity-cowan-state/starout.h5
1.4391774138669393,54.97401800103719,fac-opacity-cowan-state,T1p43918_rho54p974,0.002154524050759567,53674.36004575659,904.4349376529873,904.4327791945,ok,/home/elads/STAR/full_grid_solar_opacity/runs/T1p43918_rho54p974/fac-opacity-cowan-state/starout.h5
1.4391774138669393,79.0019471240894,fac-opacity-cowan-state,T1p43918_rho79p0019,0.0016686110079966482,46361.96863689712,864.2947406005528,864.2930682339985,ok,/home/elads/STAR/full_grid_solar_opacity/runs/T1p43918_rho79p0019/fac-opacity-cowan-state/starout.h5
1.4391774138669393,113.53195339077567,fac-opacity-cowan-state,T1p43918_rho113p532,0.0010644574361993668,41034.256857971915,846.4129738551806,846.4119057256138,ok,/home/elads/STAR/full_grid_solar_opacity/runs/T1p43918_rho113p532/fac-opacity-cowan-state/starout.h5
1.4391774138669393,163.15426277379785,fac-opacity-cowan-state,T1p43918_rho163p154,0.010365789141312821,36788.727917453696,1000.6729357356004,1000.6625655217688,ok,/home/elads/STAR/full_grid_solar_opacity/runs/T1p43918_rho163p154/fac-opacity-cowan-state/starout.h5
1.4391774138669393,234.46538763970608,fac-opacity-cowan-state,T1p43918_rho234p465,0.05003000541727322,33266.491076698905,831.9778245323462,831.9277904169949,ok,/home/elads/STAR/full_grid_solar_opacity/runs/T1p43918_rho234p465/fac-opacity-cowan-state/starout.h5
1.4391774138669393,336.94503022121665,fac-opacity-cowan-state,T1p43918_rho336p945,0.059990353047948586,34483.831953876455,5970.554558993865,5970.494542182482,ok,/home/elads/STAR/full_grid_solar_opacity/runs/T1p43918_rho336p945/fac-opacity-cowan-state/starout.h5
1.4391774138669393,484.21626123015125,fac-opacity-cowan-state,T1p43918_rho484p216,0.06818410468666226,34147.16468859551,7679.83147368909,7679.763255594704,ok,/home/elads/STAR/full_grid_solar_opacity/runs/T1p43918_rho484p216/fac-opacity-cowan-state/starout.h5
1.4391774138669393,695.8564947100452,fac-opacity-cowan-state,T1p43918_rho695p856,0.1278474928214864,34286.287633718166,9557.0522281227,9556.924337867036,ok,/home/elads/STAR/full_grid_solar_opacity/runs/T1p43918_rho695p856/fac-opacity-cowan-state/starout.h5
1.4391774138669393,1000.0,fac-opacity-cowan-state,T1p43918_rho1000,0.15167961212040787,31315.963003444882,7067.28637880644,7067.134666948532,ok,/home/elads/STAR/full_grid_solar_opacity/runs/T1p43918_rho1000/fac-opacity-cowan-state/starout.h5
1.5843631337615567,1e-17,fac-opacity-cowan-state,T1p58436_rho1em17,0.32835325772996854,287.327228962233,0.35519998637078176,0.026846728553594386,ok,/home/elads/STAR/full_grid_solar_opacity/runs/T1p58436_rho1em17/fac-opacity-cowan-state/starout.h5
1.5843631337615567,1.4370779141993746e-17,fac-opacity-cowan-state,T1p58436_rho1p43708em17,0.3258677301742797,288.0057436063295,0.3530435698903169,0.02717583962774852,ok,/home/elads/STAR/full_grid_solar_opacity/runs/T1p58436_rho1p43708em17/fac-opacity-cowan-state/starout.h5
1.5843631337615567,2.065192931479625e-17,fac-opacity-cowan-state,T1p58436_rho2p06519em17,0.3233674885772986,288.5903098564915,0.35090462802037237,0.027537139353611524,ok,/home/elads/STAR/full_grid_solar_opacity/runs/T1p58436_rho2p06519em17/fac-opacity-cowan-state/starout.h5
1.5843631337615567,2.9678431503900313e-17,fac-opacity-cowan-state,T1p58436_rho2p96784em17,0.32100024951994965,289.0541636080823,0.34892069825018035,0.02792044863952304,ok,/home/elads/STAR/full_grid_solar_opacity/runs/T1p58436_rho2p96784em17/fac-opacity-cowan-state/starout.h5
1.5843631337615567,4.2650218442334076e-17,fac-opacity-cowan-state,T1p58436_rho4p26502em17,0.31888464253943755,289.3688110156087,0.34720022242478826,0.028315579793359136,ok,/home/elads/STAR/full_grid_solar_opacity/runs/T1p58436_rho4p26502em17/fac-opacity-cowan-state/starout.h5
1.5843631337615567,6.129168695925715e-17,fac-opacity-cowan-state,T1p58436_rho6p12917em17,0.3170902345905182,289.50588076065173,0.3458062374747008,0.028716002790890694,ok,/home/elads/STAR/full_grid_solar_opacity/runs/T1p58436_rho6p12917em17/fac-opacity-cowan-state/starout.h5
1.5843631337615567,8.808092965317026e-17,fac-opacity-cowan-state,T1p58436_rho8p80809em17,0.3156353839783808,289.43391552489254,0.34475624042098174,0.029120856347993405,ok,/home/elads/STAR/full_grid_solar_opacity/runs/T1p58436_rho8p80809em17/fac-opacity-cowan-state/starout.h5
1.5843631337615567,1.2657915866672028e-16,fac-opacity-cowan-state,T1p58436_rho1p26579em16,0.31449885722820475,289.11197563502105,0.34403394910517443,0.02953509178101677,ok,/home/elads/STAR/full_grid_solar_opacity/runs/T1p58436_rho1p26579em16/fac-opacity-cowan-state/starout.h5
1.5843631337615567,1.819041133178821e-16,fac-opacity-cowan-state,T1p58436_rho1p81904em16,0.31363662949908894,288.48287243487675,0.3436052862883325,0.029968656691881774,ok,/home/elads/STAR/full_grid_solar_opacity/runs/T1p58436_rho1p81904em16/fac-opacity-cowan-state/starout.h5
1.5843631337615567,2.6141038375114865e-16,fac-opacity-cowan-state,T1p58436_rho2p6141em16,0.31299678390269353,287.4693790112839,0.3434332076046162,0.0304364236030409,ok,/home/elads/STAR/full_grid_solar_opacity/runs/T1p58436_rho2p6141em16/fac-opacity-cowan-state/starout.h5
1.5843631337615567,3.7566708903116036e-16,fac-opacity-cowan-state,T1p58436_rho3p75667em16,0.31252940455920564,285.97754520005816,0.3434894174959946,0.030960012836206245,ok,/home/elads/STAR/full_grid_solar_opacity/runs/T1p58436_rho3p75667em16/fac-opacity-cowan-state/starout.h5
1.5843631337615567,5.398628767382507e-16,fac-opacity-cowan-state,T1p58436_rho5p39863em16,0.3121915390618884,283.9118927226653,0.3437614426564193,0.03156990349196712,ok,/home/elads/STAR/full_grid_solar_opacity/runs/T1p58436_rho5p39863em16/fac-opacity-cowan-state/starout.h5
1.5843631337615567,7.758250168566793e-16,fac-opacity-cowan-state,T1p58436_rho7p75825em16,0.31194868953132615,281.2060896181677,0.3442526008961488,0.032303911259873974,ok,/home/elads/STAR/full_grid_solar_opacity/runs/T1p58436_rho7p75825em16/fac-opacity-cowan-state/starout.h5
1.5843631337615567,1.1149209970080914e-15,fac-opacity-cowan-state,T1p58436_rho1p11492em15,0.31177438614788155,277.86731600213676,0.3449775610862185,0.03320317483046692,ok,/home/elads/STAR/full_grid_solar_opacity/runs/T1p58436_rho1p11492em15/fac-opacity-cowan-state/starout.h5
1.5843631337615567,1.6022283408774753e-15,fac-opacity-cowan-state,T1p58436_rho1p60223em15,0.3116489659189518,274.02130180933614,0.3459666844618428,0.03431771843140024,ok,/home/elads/STAR/full_grid_solar_opacity/runs/T1p58436_rho1p60223em15/fac-opacity-cowan-state/starout.h5
1.5843631337615567,2.3025269621793266e-15,fac-opacity-cowan-state,T1p58436_rho2p30253em15,0.3115581909027892,269.9311668638384,0.3472833044867164,0.035725113467864195,ok,/home/elads/STAR/full_grid_solar_opacity/runs/T1p58436_rho2p30253em15/fac-opacity-cowan-state/starout.h5
1.5843631337615567,3.308910644196489e-15,fac-opacity-cowan-state,T1p58436_rho3p30891em15,0.31149197748622637,265.960151247273,0.3490273868689022,0.03753540926073134,ok,/home/elads/STAR/full_grid_solar_opacity/runs/T1p58436_rho3p30891em15/fac-opacity-cowan-state/starout.h5
1.5843631337615567,4.755162406834019e-15,fac-opacity-cowan-state,T1p58436_rho4p75516em15,0.3114433087215014,262.4735951218823,0.35130553771713946,0.03986222886613413,ok,/home/elads/STAR/full_grid_solar_opacity/runs/T1p58436_rho4p75516em15/fac-opacity-cowan-state/starout.h5
1.5843631337615567,6.8335388732923106e-15,fac-opacity-cowan-state,T1p58436_rho6p83354em15,0.3114073339241546,259.7230100055597,0.3541888661164139,0.042781532053271225,ok,/home/elads/STAR/full_grid_solar_opacity/runs/T1p58436_rho6p83354em15/fac-opacity-cowan-state/starout.h5
1.5843631337615567,9.820327790631256e-15,fac-opacity-cowan-state,T1p58436_rho9p82033em15,0.3113806600246331,257.78018876752066,0.3576950372777486,0.046314377102650045,ok,/home/elads/STAR/full_grid_solar_opacity/runs/T1p58436_rho9p82033em15/fac-opacity-cowan-state/starout.h5
1.5843631337615567,1.4112576178114521e-14,fac-opacity-cowan-state,T1p58436_rho1p41126em14,0.311360839538432,256.5558415269017,0.36180802811118895,0.05044718840886474,ok,/home/elads/STAR/full_grid_solar_opacity/runs/T1p58436_rho1p41126em14/fac-opacity-cowan-state/starout.h5
1.5843631337615567,2.0280871538024598e-14,fac-opacity-cowan-state,T1p58436_rho2p02809em14,0.3113460397067682,255.87541175467211,0.3665136994575186,0.05516765957152235,ok,/home/elads/STAR/full_grid_solar_opacity/runs/T1p58436_rho2p02809em14/fac-opacity-cowan-state/starout.h5
1.5843631337615567,2.914519256800997e-14,fac-opacity-cowan-state,T1p58436_rho2p91452em14,0.3113348472882864,255.55700080965323,0.3718231430818944,0.06048829559709444,ok,/home/elads/STAR/full_grid_solar_opacity/runs/T1p58436_rho2p91452em14/fac-opacity-cowan-state/starout.h5
1.5843631337615567,4.188391254457488e-14,fac-opacity-cowan-state,T1p58436_rho4p18839em14,0.31132615918071177,255.45694686687972,0.3777822426023309,0.06645608320571741,ok,/home/elads/STAR/full_grid_solar_opacity/runs/T1p58436_rho4p18839em14/fac-opacity-cowan-state/starout.h5
1.5843631337615567,6.019044567806669e-14,fac-opacity-cowan-state,T1p58436_rho6p01904em14,0.3113191186394663,255.48169820649028,0.38447956822987917,0.07316044935273051,ok,/home/elads/STAR/full_grid_solar_opacity/runs/T1p58436_rho6p01904em14/fac-opacity-cowan-state/starout.h5
1.5843631337615567,8.649836012976684e-14,fac-opacity-cowan-state,T1p58436_rho8p64984em14,0.3113130754917702,255.58083089650347,0.39205545768491407,0.08074238193082961,ok,/home/elads/STAR/full_grid_solar_opacity/runs/T1p58436_rho8p64984em14/fac-opacity-cowan-state/starout.h5
1.5843631337615567,1.2430488295695167e-13,fac-opacity-cowan-state,T1p58436_rho1p24305em13,0.31130755673636556,255.73504630377397,0.4007080616510965,0.08940050462428797,ok,/home/elads/STAR/full_grid_solar_opacity/runs/T1p58436_rho1p24305em13/fac-opacity-cowan-state/starout.h5
1.5843631337615567,1.7863580192457348e-13,fac-opacity-cowan-state,T1p58436_rho1p78636em13,0.3113022386760736,255.9462760663188,0.4106927508646873,0.09939051186571564,ok,/home/elads/STAR/full_grid_solar_opacity/runs/T1p58436_rho1p78636em13/fac-opacity-cowan-state/starout.h5
1.5843631337615567,2.567135656310987e-13,fac-opacity-cowan-state,T1p58436_rho2p56714em13,0.311296906885824,256.2318285675218,0.4223137317291176,0.1110168244826236,ok,/home/elads/STAR/full_grid_solar_opacity/runs/T1p58436_rho2p56714em13/fac-opacity-cowan-state/starout.h5
1.5843631337615567,3.6891739544382357e-13,fac-opacity-cowan-state,T1p58436_rho3p68917em13,0.31129139918556736,256.62219122118285,0.43590966653781626,0.12461826694739106,ok,/home/elads/STAR/full_grid_solar_opacity/runs/T1p58436_rho3p68917em13/fac-opacity-cowan-state/starout.h5
1.5843631337615567,5.301630411562758e-13,fac-opacity-cowan-state,T1p58436_rho5p30163em13,0.3112855361184406,257.1614246498247,0.4518378697198499,0.14055233314478535,ok,/home/elads/STAR/full_grid_solar_opacity/runs/T1p58436_rho5p30163em13/fac-opacity-cowan-state/starout.h5
1.5843631337615567,7.618855973704612e-13,fac-opacity-cowan-state,T1p58436_rho7p61886em13,0.31127905928654703,257.90922653395796,0.4704699492471641,0.15919088944344034,ok,/home/elads/STAR/full_grid_solar_opacity/runs/T1p58436_rho7p61886em13/fac-opacity-cowan-state/starout.h5
1.5843631337615567,1.0948889651276868e-12,fac-opacity-cowan-state,T1p58436_rho1p09489em12,0.31127159776677804,258.94367419266086,0.49222236560071986,0.18095076724607184,ok,/home/elads/STAR/full_grid_solar_opacity/runs/T1p58436_rho1p09489em12/fac-opacity-cowan-state/starout.h5
1.5843631337615567,1.5734407502856082e-12,fac-opacity-cowan-state,T1p58436_rho1p57344em12,0.3112626695993227,260.36365840349674,0.5176395435417952,0.20637687327199827,ok,/home/elads/STAR/full_grid_solar_opacity/runs/T1p58436_rho1p57344em12/fac-opacity-cowan-state/starout.h5
1.5843631337615567,2.26115695153675e-12,fac-opacity-cowan-state,T1p58436_rho2p26116em12,0.31125169964424204,262.289690704926,0.5475245183639584,0.23627281795211708,ok,/home/elads/STAR/full_grid_solar_opacity/runs/T1p58436_rho2p26116em12/fac-opacity-cowan-state/starout.h5
1.5843631337615567,3.249458715591849e-12,fac-opacity-cowan-state,T1p58436_rho3p24946em12,0.3112380915978639,264.86172957204536,0.5830870424562721,0.27184894997522985,ok,/home/elads/STAR/full_grid_solar_opacity/runs/T1p58436_rho3p24946em12/fac-opacity-cowan-state/starout.h5
1.5843631337615567,4.669725353279713e-12,fac-opacity-cowan-state,T1p58436_rho4p66973em12,0.3112212640660831,268.23317032649385,0.6260722939155546,0.3148510288265887,ok,/home/elads/STAR/full_grid_solar_opacity/runs/T1p58436_rho4p66973em12/fac-opacity-cowan-state/starout.h5
1.5843631337615567,6.710759170575148e-12,fac-opacity-cowan-state,T1p58436_rho6p71076em12,0.311200723192034,272.5615765976259,0.6788640099152535,0.36766328552876065,ok,/home/elads/STAR/full_grid_solar_opacity/runs/T1p58436_rho6p71076em12/fac-opacity-cowan-state/starout.h5
1.5843631337615567,9.64388379154446e-12,fac-opacity-cowan-state,T1p58436_rho9p64388em12,0.3111759924306829,277.9997124040256,0.7445978117064483,0.43342181786767103,ok,/home/elads/STAR/full_grid_solar_opacity/runs/T1p58436_rho9p64388em12/fac-opacity-cowan-state/starout.h5
1.5843631337615567,1.3859012403933867e-11,fac-opacity-cowan-state,T1p58436_rho1p3859em11,0.311146479313322,284.6946957499389,0.827342789720307,0.5161963087299746,ok,/home/elads/STAR/full_grid_solar_opacity/runs/T1p58436_rho1p3859em11/fac-opacity-cowan-state/starout.h5
1.5843631337615567,1.9916480638308542e-11,fac-opacity-cowan-state,T1p58436_rho1p99165em11,0.311111152601011,292.8057079861355,0.9323449622699932,0.6212338076507271,ok,/home/elads/STAR/full_grid_solar_opacity/runs/T1p58436_rho1p99165em11/fac-opacity-cowan-state/starout.h5
1.5843631337615567,2.8621534453892672e-11,fac-opacity-cowan-state,T1p58436_rho2p86215em11,0.3110681240567378,302.55124830622503,1.0662910207859415,0.7552228942756474,ok,/home/elads/STAR/full_grid_solar_opacity/runs/T1p58436_rho2p86215em11/fac-opacity-cowan-state/starout.h5
1.5843631337615567,4.1131375034185614e-11,fac-opacity-cowan-state,T1p58436_rho4p11314em11,0.31101423082657764,314.2923126486283,1.2376465022293506,0.9266322683923436,ok,/home/elads/STAR/full_grid_solar_opacity/runs/T1p58436_rho4p11314em11/fac-opacity-cowan-state/starout.h5
1.5843631337615567,5.910899064227969e-11,fac-opacity-cowan-state,T1p58436_rho5p9109em11,0.31094453373618236,328.647830331531,1.4572387219846297,1.1462941845243844,ok,/home/elads/STAR/full_grid_solar_opacity/runs/T1p58436_rho5p9109em11/fac-opacity-cowan-state/starout.h5
1.5843631337615567,8.4944224982638e-11,fac-opacity-cowan-state,T1p58436_rho8p49442em11,0.3108517747851208,346.63256279487456,1.739321125445613,1.4284693460197042,ok,/home/elads/STAR/full_grid_solar_opacity/runs/T1p58436_rho8p49442em11/fac-opacity-cowan-state/starout.h5
1.5843631337615567,1.2207146966133182e-10,fac-opacity-cowan-state,T1p58436_rho1p22071em10,0.31072561590127556,369.81363811688124,2.103350137835392,1.7926245161102667,ok,/home/elads/STAR/full_grid_solar_opacity/runs/T1p58436_rho1p22071em10/fac-opacity-cowan-state/starout.h5
1.5843631337615567,1.7542621300415897e-10,fac-opacity-cowan-state,T1p58436_rho1p75426em10,0.31055178487347085,400.50399912923996,2.5766075005108933,2.2660557082754944,ok,/home/elads/STAR/full_grid_solar_opacity/runs/T1p58436_rho1p75426em10/fac-opacity-cowan-state/starout.h5
1.5843631337615567,2.52101136279913e-10,fac-opacity-cowan-state,T1p58436_rho2p52101em10,0.3103105997781949,442.02276685622803,3.1975663819738624,2.8872557728155948,ok,/home/elads/STAR/full_grid_solar_opacity/runs/T1p58436_rho2p52101em10/fac-opacity-cowan-state/starout.h5
1.5843631337615567,3.6228897509242966e-10,fac-opacity-cowan-state,T1p58436_rho3p62289em10,0.30997569636239536,499.06629741330784,4.01992095059966,3.70994524218445,ok,/home/elads/STAR/full_grid_solar_opacity/runs/T1p58436_rho3p62289em10/fac-opacity-cowan-state/starout.h5
1.5843631337615567,5.20637484663258e-10,fac-opacity-cowan-state,T1p58436_rho5p20637em10,0.30951276956252194,578.2272870788839,5.117203437179077,4.807690651997402,ok,/home/elads/STAR/full_grid_solar_opacity/runs/T1p58436_rho5p20637em10/fac-opacity-cowan-state/starout.h5
1.5843631337615567,7.481966305138837e-10,fac-opacity-cowan-state,T1p58436_rho7p48197em10,0.30887846158694277,688.7133470501354,6.588027633759368,6.279149151772818,ok,/home/elads/STAR/full_grid_solar_opacity/runs/T1p58436_rho7p48197em10/fac-opacity-cowan-state/starout.h5
1.5843631337615567,1.0752168531898921e-09,fac-opacity-cowan-state,T1p58436_rho1p07522em09,0.308021212910361,843.3285455757814,8.56206285819559,8.254041618469628,ok,/home/elads/STAR/full_grid_solar_opacity/runs/T1p58436_rho1p07522em09/fac-opacity-cowan-state/starout.h5
1.5843631337615567,1.5451703926941453e-09,fac-opacity-cowan-state,T1p58436_rho1p54517em09,0.30688527446177233,1059.8380989100508,11.220015053269027,10.913129743352854,ok,/home/elads/STAR/full_grid_solar_opacity/runs/T1p58436_rho1p54517em09/fac-opacity-cowan-state/starout.h5
1.5843631337615567,2.220530245015531e-09,fac-opacity-cowan-state,T1p58436_rho2p22053em09,0.3054184988852648,1362.6233568332427,14.754578827270153,14.449160281442683,ok,/home/elads/STAR/full_grid_solar_opacity/runs/T1p58436_rho2p22053em09/fac-opacity-cowan-state/starout.h5
1.5843631337615567,3.1910749729235452e-09,fac-opacity-cowan-state,T1p58436_rho3p19107em09,0.3035853613386577,1785.3115751997102,19.453388595146777,19.14980317159453,ok,/home/elads/STAR/full_grid_solar_opacity/runs/T1p58436_rho3p19107em09/fac-opacity-cowan-state/starout.h5
1.5843631337615567,4.585823366142813e-09,fac-opacity-cowan-state,T1p58436_rho4p58582em09,0.3013823644047388,2374.106212549252,25.67130901325688,25.369926566430728,ok,/home/elads/STAR/full_grid_solar_opacity/runs/T1p58436_rho4p58582em09/fac-opacity-cowan-state/starout.h5
1.5843631337615567,6.590185477903269e-09,fac-opacity-cowan-state,T1p58436_rho6p59019em09,0.29884924013342096,3192.9851467533663,33.86718488860952,33.568335539419834,ok,/home/elads/STAR/full_grid_solar_opacity/runs/T1p58436_rho6p59019em09/fac-opacity-cowan-state/starout.h5
1.5843631337615567,9.470610000772238e-09,fac-opacity-cowan-state,T1p58436_rho9p47061em09,0.29606652137489986,4331.475585128234,44.66492129360327,44.36885462808355,ok,/home/elads/STAR/full_grid_solar_opacity/runs/T1p58436_rho9p47061em09/fac-opacity-cowan-state/starout.h5
1.5843631337615567,1.3610004466105506e-08,fac-opacity-cowan-state,T1p58436_rho1p361em08,0.2931368138479246,5915.284918868549,58.89579997601247,58.60266297177713,ok,/home/elads/STAR/full_grid_solar_opacity/runs/T1p58436_rho1p361em08/fac-opacity-cowan-state/starout.h5
1.5843631337615567,1.9558636830395073e-08,fac-opacity-cowan-state,T1p58436_rho1p95586em08,0.290150719807134,8121.682938601841,77.77713226083537,77.48698128928976,ok,/home/elads/STAR/full_grid_solar_opacity/runs/T1p58436_rho1p95586em08/fac-opacity-cowan-state/starout.h5
1.5843631337615567,2.810728502080722e-08,fac-opacity-cowan-state,T1p58436_rho2p81073em08,0.26547158313905794,7732.7823093056795,104.93302927965033,104.66666056232378,ok,/home/elads/STAR/full_grid_solar_opacity/runs/T1p58436_rho2p81073em08/fac-opacity-cowan-state/starout.h5
1.5843631337615567,4.039235853150913e-08,fac-opacity-cowan-state,T1p58436_rho4p03924em08,0.25817443207610746,9930.586565665417,139.66426944504622,139.40485903675858,ok,/home/elads/STAR/full_grid_solar_opacity/runs/T1p58436_rho4p03924em08/fac-opacity-cowan-state/starout.h5
1.5843631337615567,5.804696634805446e-08,fac-opacity-cowan-state,T1p58436_rho5p8047em08,0.24989373381753083,12991.234961874374,192.56341728693025,192.31239409900036,ok,/home/elads/STAR/full_grid_solar_opacity/runs/T1p58436_rho5p8047em08/fac-opacity-cowan-state/starout.h5
1.5843631337615567,8.341801332506338e-08,fac-opacity-cowan-state,T1p58436_rho8p3418em08,0.2773288390001175,29609.179958075416,242.64287892894686,242.3655493025534,ok,/home/elads/STAR/full_grid_solar_opacity/runs/T1p58436_rho8p3418em08/fac-opacity-cowan-state/starout.h5
1.5843631337615567,1.1987818459583772e-07,fac-opacity-cowan-state,T1p58436_rho1p19878em07,0.27315408258009505,40753.29656795976,321.6509720077591,321.37781688109175,ok,/home/elads/STAR/full_grid_solar_opacity/runs/T1p58436_rho1p19878em07/fac-opacity-cowan-state/starout.h5
1.5843631337615567,1.7227429147699408e-07,fac-opacity-cowan-state,T1p58436_rho1p72274em07,0.26803582903869516,55681.83410736668,424.13282910505836,423.8647918989745,ok,/home/elads/STAR/full_grid_solar_opacity/runs/T1p58436_rho1p72274em07/fac-opacity-cowan-state/starout.h5
1.5843631337615567,2.4757157946593376e-07,fac-opacity-cowan-state,T1p58436_rho2p47572em07,0.26170599211645496,75283.50074547231,553.4026151278756,553.1409073387238,ok,/home/elads/STAR/full_grid_solar_opacity/runs/T1p58436_rho2p47572em07/fac-opacity-cowan-state/starout.h5
1.5843631337615567,3.557796490339488e-07,fac-opacity-cowan-state,T1p58436_rho3p5578em07,0.1925946357418742,58077.08689700996,1183.9924578358043,1183.8042962489474,ok,/home/elads/STAR/full_grid_solar_opacity/runs/T1p58436_rho3p5578em07/fac-opacity-cowan-state/starout.h5
1.5843631337615567,5.112830759482948e-07,fac-opacity-cowan-state,T1p58436_rho5p11283em07,0.1785514846732821,78390.61665907584,1581.1700317890495,1580.996313557945,ok,/home/elads/STAR/full_grid_solar_opacity/runs/T1p58436_rho5p11283em07/fac-opacity-cowan-state/starout.h5
1.5843631337615567,7.347536163492159e-07,fac-opacity-cowan-state,T1p58436_rho7p34754em07,0.16393139619314334,104629.49507535262,2077.690164724576,2077.5312233024993,ok,/home/elads/STAR/full_grid_solar_opacity/runs/T1p58436_rho7p34754em07/fac-opacity-cowan-state/starout.h5
1.5843631337615567,1.0558981944335787e-06,fac-opacity-cowan-state,T1p58436_rho1p0559em06,0.14883920909262924,137454.26653660348,2615.2882929237776,2615.143939423719,ok,/home/elads/STAR/full_grid_solar_opacity/runs/T1p58436_rho1p0559em06/fac-opacity-cowan-state/starout.h5
1.5843631337615567,1.517407974863493e-06,fac-opacity-cowan-state,T1p58436_rho1p51741em06,0.1334059909665731,177259.358421481,4451.818399963215,4451.691437672296,ok,/home/elads/STAR/full_grid_solar_opacity/runs/T1p58436_rho1p51741em06/fac-opacity-cowan-state/starout.h5
1.5843631337615567,2.1806334875063253e-06,fac-opacity-cowan-state,T1p58436_rho2p18063em06,0.11782039723409077,220529.65901515447,3945.860716963551,3945.7476822643243,ok,/home/elads/STAR/full_grid_solar_opacity/runs/T1p58436_rho2p18063em06/fac-opacity-cowan-state/starout.h5
1.5843631337615567,3.1337402238588983e-06,fac-opacity-cowan-state,T1p58436_rho3p13374em06,0.10239799911044978,271257.4173043161,4765.821142697135,4765.722891104308,ok,/home/elads/STAR/full_grid_solar_opacity/runs/T1p58436_rho3p13374em06/fac-opacity-cowan-state/starout.h5
1.5843631337615567,4.503428864545845e-06,fac-opacity-cowan-state,T1p58436_rho4p50343em06,0.08746520774878835,325767.5526979436,6038.6399485629845,6038.556093052508,ok,/home/elads/STAR/full_grid_solar_opacity/runs/T1p58436_rho4p50343em06/fac-opacity-cowan-state/starout.h5
1.5843631337615567,6.471778159406801e-06,fac-opacity-cowan-state,T1p58436_rho6p47178em06,0.07338530615183314,382112.6565622426,7784.018054752781,7783.948021495252,ok,/home/elads/STAR/full_grid_solar_opacity/runs/T1p58436_rho6p47178em06/fac-opacity-cowan-state/starout.h5
1.5843631337615567,9.300449458481393e-06,fac-opacity-cowan-state,T1p58436_rho9p30045em06,0.06048052330757965,437860.3618603933,7609.144230574836,7609.086266081046,ok,/home/elads/STAR/full_grid_solar_opacity/runs/T1p58436_rho9p30045em06/fac-opacity-cowan-state/starout.h5
1.5843631337615567,1.3365470508911143e-05,fac-opacity-cowan-state,T1p58436_rho1p33655em05,0.04898802850276102,492343.95988533535,8835.347582649385,8835.300649773677,ok,/home/elads/STAR/full_grid_solar_opacity/runs/T1p58436_rho1p33655em05/fac-opacity-cowan-state/starout.h5
1.5843631337615567,1.920722248123928e-05,fac-opacity-cowan-state,T1p58436_rho1p92072em05,0.039026755410327074,544047.9996782481,10749.06440005152,10749.02708458534,ok,/home/elads/STAR/full_grid_solar_opacity/runs/T1p58436_rho1p92072em05/fac-opacity-cowan-state/starout.h5
1.5843631337615567,2.760227522090268e-05,fac-opacity-cowan-state,T1p58436_rho2p76023em05,0.030627809874655843,591609.0632910114,13329.964297602506,13329.935189694683,ok,/home/elads/STAR/full_grid_solar_opacity/runs/T1p58436_rho2p76023em05/fac-opacity-cowan-state/starout.h5
1.5843631337615567,3.966662010161191e-05,fac-opacity-cowan-state,T1p58436_rho3p96666em05,0.02379307861592605,631535.2153094106,9404.751352024618,9404.728603648913,ok,/home/elads/STAR/full_grid_solar_opacity/runs/T1p58436_rho3p96666em05/fac-opacity-cowan-state/starout.h5
1.5843631337615567,5.7004023678963655e-05,fac-opacity-cowan-state,T1p58436_rho5p7004em05,0.018499847051399065,667076.9906538813,9804.90391051297,9804.886210820498,ok,/home/elads/STAR/full_grid_solar_opacity/runs/T1p58436_rho5p7004em05/fac-opacity-cowan-state/starout.h5
1.5843631337615567,8.191922344953684e-05,fac-opacity-cowan-state,T1p58436_rho8p19192em05,0.014533501778353913,695975.7284756198,10075.917923479325,10075.903993777552,ok,/home/elads/STAR/full_grid_solar_opacity/runs/T1p58436_rho8p19192em05/fac-opacity-cowan-state/starout.h5
1.5843631337615567,0.00011772430676769293,fac-opacity-cowan-state,T1p58436_rho0p000117724,0.011568141289953834,719312.1413455044,10421.95764408008,10421.94653007183,ok,/home/elads/STAR/full_grid_solar_opacity/runs/T1p58436_rho0p000117724/fac-opacity-cowan-state/starout.h5
1.5843631337615567,0.00016917900122028344,fac-opacity-cowan-state,T1p58436_rho0p000169179,0.009298858650485301,738435.7662863437,10569.343189797863,10569.334222713069,ok,/home/elads/STAR/full_grid_solar_opacity/runs/T1p58436_rho0p000169179/fac-opacity-cowan-state/starout.h5
1.5843631337615567,0.0002431234061999784,fac-opacity-cowan-state,T1p58436_rho0p000243123,0.007502278895437152,754506.5300517583,10744.987713899845,10744.980451056592,ok,/home/elads/STAR/full_grid_solar_opacity/runs/T1p58436_rho0p000243123/fac-opacity-cowan-state/starout.h5
1.5843631337615567,0.0003493872774749123,fac-opacity-cowan-state,T1p58436_rho0p000349387,0.006038249157728782,768185.1208534946,10892.063611022057,10892.057741356144,ok,/home/elads/STAR/full_grid_solar_opacity/runs/T1p58436_rho0p000349387/fac-opacity-cowan-state/starout.h5
1.5843631337615567,0.0005020967399614471,fac-opacity-cowan-state,T1p58436_rho0p000502097,0.004812946356983588,779818.6917048639,11016.72229936531,11016.717601324102,ok,/home/elads/STAR/full_grid_solar_opacity/runs/T1p58436_rho0p000502097/fac-opacity-cowan-state/starout.h5
1.5843631337615567,0.0007215521357901021,fac-opacity-cowan-state,T1p58436_rho0p000721552,0.0037810574246502186,789521.0083852063,11122.131640688098,11122.127934268126,ok,/home/elads/STAR/full_grid_solar_opacity/runs/T1p58436_rho0p000721552/fac-opacity-cowan-state/starout.h5
1.5843631337615567,0.0010369266382873438,fac-opacity-cowan-state,T1p58436_rho0p00103693,0.0029146401029008346,797215.4842277702,11179.422953993153,11179.420083903762,ok,/home/elads/STAR/full_grid_solar_opacity/runs/T1p58436_rho0p00103693/fac-opacity-cowan-state/starout.h5
1.5843631337615567,0.0014901443705277455,fac-opacity-cowan-state,T1p58436_rho0p00149014,0.002195744669524279,802886.0447160156,11197.023402266286,11197.021228848316,ok,/home/elads/STAR/full_grid_solar_opacity/runs/T1p58436_rho0p00149014/fac-opacity-cowan-state/starout.h5
1.5843631337615567,0.002141453563853953,fac-opacity-cowan-state,T1p58436_rho0p00214145,0.0016104803144756565,806609.7494106585,11186.671414364666,11186.669809908843,ok,/home/elads/STAR/full_grid_solar_opacity/runs/T1p58436_rho0p00214145/fac-opacity-cowan-state/starout.h5
1.5843631337615567,0.003077435620898055,fac-opacity-cowan-state,T1p58436_rho0p00307744,0.001149153946556369,808606.4978897567,11151.744036889657,11151.742881899247,ok,/home/elads/STAR/full_grid_solar_opacity/runs/T1p58436_rho0p00307744/fac-opacity-cowan-state/starout.h5
1.5843631337615567,0.004422514763163053,fac-opacity-cowan-state,T1p58436_rho0p00442251,0.0007993567152490102,809212.1543343803,11109.331285175218,11109.330471389325,ok,/home/elads/STAR/full_grid_solar_opacity/runs/T1p58436_rho0p00442251/fac-opacity-cowan-state/starout.h5
1.5843631337615567,0.006355498291362301,fac-opacity-cowan-state,T1p58436_rho0p0063555,0.000560817176910538,808834.6654394438,11054.77257359034,11054.77199223896,ok,/home/elads/STAR/full_grid_solar_opacity/runs/T1p58436_rho0p0063555/fac-opacity-cowan-state/starout.h5
1.5843631337615567,0.009133346228248624,fac-opacity-cowan-state,T1p58436_rho0p00913335,0.00032817405264063315,807871.17951025,11003.665673899863,11003.665320621125,ok,/home/elads/STAR/full_grid_solar_opacity/runs/T1p58436_rho0p00913335/fac-opacity-cowan-state/starout.h5
1.5843631337615567,0.01312533014735226,fac-opacity-cowan-state,T1p58436_rho0p0131253,0.00021379745790606888,806645.1648023828,10967.260758776823,10967.260516769797,ok,/home/elads/STAR/full_grid_solar_opacity/runs/T1p58436_rho0p0131253/fac-opacity-cowan-state/starout.h5
1.5843631337615567,0.018862122071335155,fac-opacity-cowan-state,T1p58436_rho0p0188621,0.0003774926558160236,805434.9217106149,10920.8303832322,10920.82997583625,ok,/home/elads/STAR/full_grid_solar_opacity/runs/T1p58436_rho0p0188621/fac-opacity-cowan-state/starout.h5
1.5843631337615567,0.02710633904364831,fac-opacity-cowan-state,T1p58436_rho0p0271063,0.0006218025317634761,805155.7044028708,10893.571538203212,10893.570884659162,ok,/home/elads/STAR/full_grid_solar_opacity/runs/T1p58436_rho0p0271063/fac-opacity-cowan-state/starout.h5
1.5843631337615567,0.038953921174427183,fac-opacity-cowan-state,T1p58436_rho0p0389539,0.0008586000821428742,807818.1189958638,10901.262418665143,10901.261526793014,ok,/home/elads/STAR/full_grid_solar_opacity/runs/T1p58436_rho0p0389539/fac-opacity-cowan-state/starout.h5
1.5843631337615567,0.0559798197912329,fac-opacity-cowan-state,T1p58436_rho0p0559798,0.0010504392753089618,814249.4173138256,10949.78318279161,10949.782097925054,ok,/home/elads/STAR/full_grid_solar_opacity/runs/T1p58436_rho0p0559798/fac-opacity-cowan-state/starout.h5
1.5843631337615567,0.08044736266284185,fac-opacity-cowan-state,T1p58436_rho0p0804474,0.0014283132365841126,823053.5160927677,11035.803020294396,11035.801556485727,ok,/home/elads/STAR/full_grid_solar_opacity/runs/T1p58436_rho0p0804474/fac-opacity-cowan-state/starout.h5
1.5843631337615567,0.11560912813835741,fac-opacity-cowan-state,T1p58436_rho0p115609,0.0013860907600522373,830714.2466444547,11074.02104207378,11074.019620159695,ok,/home/elads/STAR/full_grid_solar_opacity/runs/T1p58436_rho0p115609/fac-opacity-cowan-state/starout.h5
1.5843631337615567,0.1661393247274789,fac-opacity-cowan-state,T1p58436_rho0p166139,0.001402374319689648,834809.7588236674,11050.102704174444,11050.101265896821,ok,/home/elads/STAR/full_grid_solar_opacity/runs/T1p58436_rho0p166139/fac-opacity-cowan-state/starout.h5
1.5843631337615567,0.23875515424585794,fac-opacity-cowan-state,T1p58436_rho0p238755,0.0013853688153121538,836983.3117321612,10964.906935997438,10964.905514941374,ok,/home/elads/STAR/full_grid_solar_opacity/runs/T1p58436_rho0p238755/fac-opacity-cowan-state/starout.h5
1.5843631337615567,0.34310975906798746,fac-opacity-cowan-state,T1p58436_rho0p34311,0.0013272614584470856,836728.7389980746,10964.012645805633,10964.011282857422,ok,/home/elads/STAR/full_grid_solar_opacity/runs/T1p58436_rho0p34311/fac-opacity-cowan-state/starout.h5
1.5843631337615567,0.49307545690287347,fac-opacity-cowan-state,T1p58436_rho0p493075,0.0012458036523925093,833489.4852808749,11307.083149735956,11307.081867142706,ok,/home/elads/STAR/full_grid_solar_opacity/runs/T1p58436_rho0p493075/fac-opacity-cowan-state/starout.h5
1.5843631337615567,0.7085878491488851,fac-opacity-cowan-state,T1p58436_rho0p708588,0.0012008663646952689,826313.614290486,11688.02402863414,11688.022789750676,ok,/home/elads/STAR/full_grid_solar_opacity/runs/T1p58436_rho0p708588/fac-opacity-cowan-state/starout.h5
1.5843631337615567,1.0182959482819007,fac-opacity-cowan-state,T1p58436_rho1p0183,0.001226988797826044,813279.6614963227,11673.023360205183,11673.022095256109,ok,/home/elads/STAR/full_grid_solar_opacity/runs/T1p58436_rho1p0183/fac-opacity-cowan-state/starout.h5
1.5843631337615567,1.4633706173946401,fac-opacity-cowan-state,T1p58436_rho1p46337,0.0013331682973078526,790536.5937413615,11239.278057203492,11239.276687489033,ok,/home/elads/STAR/full_grid_solar_opacity/runs/T1p58436_rho1p46337/fac-opacity-cowan-state/starout.h5
1.5843631337615567,2.1029775945461404,fac-opacity-cowan-state,T1p58436_rho2p10298,0.001568816868710611,748864.1013875004,10344.354286713677,10344.352684259306,ok,/home/elads/STAR/full_grid_solar_opacity/runs/T1p58436_rho2p10298/fac-opacity-cowan-state/starout.h5
1.5843631337615567,3.0221426551783854,fac-opacity-cowan-state,T1p58436_rho3p02214,0.0020639048558365137,665467.0749952982,8932.835037808492,8932.832944847827,ok,/home/elads/STAR/full_grid_solar_opacity/runs/T1p58436_rho3p02214/fac-opacity-cowan-state/starout.h5
1.5843631337615567,4.343054463316713,fac-opacity-cowan-state,T1p58436_rho4p34305,0.0030592916754407923,509192.29555693857,6723.061586221257,6723.058505040552,ok,/home/elads/STAR/full_grid_solar_opacity/runs/T1p58436_rho4p34305/fac-opacity-cowan-state/starout.h5
1.5843631337615567,6.241307649397467,fac-opacity-cowan-state,T1p58436_rho6p24131,0.005355174206918668,293284.043781479,3939.562277593233,3939.556909541781,ok,/home/elads/STAR/full_grid_solar_opacity/runs/T1p58436_rho6p24131/fac-opacity-cowan-state/starout.h5
1.5843631337615567,8.969245378672715,fac-opacity-cowan-state,T1p58436_rho8p96925,0.007747763018921022,157302.17778474593,2225.7222664148553,2225.7145113112188,ok,/home/elads/STAR/full_grid_solar_opacity/runs/T1p58436_rho8p96925/fac-opacity-cowan-state/starout.h5
1.5843631337615567,12.889504440725364,fac-opacity-cowan-state,T1p58436_rho12p8895,0.006159294992112271,127377.13694831815,1882.6070720785663,1882.600906580604,ok,/home/elads/STAR/full_grid_solar_opacity/runs/T1p58436_rho12p8895/fac-opacity-cowan-state/starout.h5
1.5843631337615567,18.52322215674118,fac-opacity-cowan-state,T1p58436_rho18p5232,0.004885295643835611,103780.42339443244,1637.7474919207534,1637.7426012365486,ok,/home/elads/STAR/full_grid_solar_opacity/runs/T1p58436_rho18p5232/fac-opacity-cowan-state/starout.h5
1.5843631337615567,26.61931346126126,fac-opacity-cowan-state,T1p58436_rho26p6193,0.003867813836711964,86027.37091621128,1462.0908309275883,1462.086958310848,ok,/home/elads/STAR/full_grid_solar_opacity/runs/T1p58436_rho26p6193/fac-opacity-cowan-state/starout.h5
1.5843631337615567,38.254027466328665,fac-opacity-cowan-state,T1p58436_rho38p254,0.003016378710905787,73210.12034160459,1736.6645881995337,1736.6615661419391,ok,/home/elads/STAR/full_grid_solar_opacity/runs/T1p58436_rho38p254/fac-opacity-cowan-state/starout.h5
1.5843631337615567,54.97401800103719,fac-opacity-cowan-state,T1p58436_rho54p974,0.002367948770029749,63477.1759569413,1600.7962835814199,1600.7939104037039,ok,/home/elads/STAR/full_grid_solar_opacity/runs/T1p58436_rho54p974/fac-opacity-cowan-state/starout.h5
1.5843631337615567,79.0019471240894,fac-opacity-cowan-state,T1p58436_rho79p0019,0.0018207199555667487,56278.793964749966,1558.9954564852485,1558.9936306794948,ok,/home/elads/STAR/full_grid_solar_opacity/runs/T1p58436_rho79p0019/fac-opacity-cowan-state/starout.h5
1.5843631337615567,113.53195339077567,fac-opacity-cowan-state,T1p58436_rho113p532,0.0010639720507987836,50876.80961940174,1554.2924311119993,1554.2913620787963,ok,/home/elads/STAR/full_grid_solar_opacity/runs/T1p58436_rho113p532/fac-opacity-cowan-state/starout.h5
1.5843631337615567,163.15426277379785,fac-opacity-cowan-state,T1p58436_rho163p154,0.011416186741433165,46074.345500023905,1517.4289675053026,1517.4175462506423,ok,/home/elads/STAR/full_grid_solar_opacity/runs/T1p58436_rho163p154/fac-opacity-cowan-state/starout.h5
1.5843631337615567,234.46538763970608,fac-opacity-cowan-state,T1p58436_rho234p465,0.04789683259883591,41943.36596118424,1370.3041105133736,1370.2562086342975,ok,/home/elads/STAR/full_grid_solar_opacity/runs/T1p58436_rho234p465/fac-opacity-cowan-state/starout.h5
1.5843631337615567,336.94503022121665,fac-opacity-cowan-state,T1p58436_rho336p945,0.057406518756337094,42817.8121088038,7007.850276566985,7007.79284654677,ok,/home/elads/STAR/full_grid_solar_opacity/runs/T1p58436_rho336p945/fac-opacity-cowan-state/starout.h5
1.5843631337615567,484.21626123015125,fac-opacity-cowan-state,T1p58436_rho484p216,0.06523224077277173,41656.50801373575,7934.591808643505,7934.526549743981,ok,/home/elads/STAR/full_grid_solar_opacity/runs/T1p58436_rho484p216/fac-opacity-cowan-state/starout.h5
1.5843631337615567,695.8564947100452,fac-opacity-cowan-state,T1p58436_rho695p856,0.12217653141835197,42244.82674466514,10975.48024687567,10975.358033061824,ok,/home/elads/STAR/full_grid_solar_opacity/runs/T1p58436_rho695p856/fac-opacity-cowan-state/starout.h5
1.5843631337615567,1000.0,fac-opacity-cowan-state,T1p58436_rho1000,0.1448936230468522,39075.605398563275,8237.576796529303,8237.431874217391,ok,/home/elads/STAR/full_grid_solar_opacity/runs/T1p58436_rho1000/fac-opacity-cowan-state/starout.h5
1.7441953406411814,1e-17,fac-opacity-cowan-state,T1p7442_rho1em17,0.33910866130886164,297.15088680386805,0.3749823655350494,0.03587370413866408,ok,/home/elads/STAR/full_grid_solar_opacity/runs/T1p7442_rho1em17/fac-opacity-cowan-state/starout.h5
1.7441953406411814,1.4370779141993746e-17,fac-opacity-cowan-state,T1p7442_rho1p43708em17,0.33880292375424015,305.21004734836606,0.37547072716682656,0.036667803323125144,ok,/home/elads/STAR/full_grid_solar_opacity/runs/T1p7442_rho1p43708em17/fac-opacity-cowan-state/starout.h5
1.7441953406411814,2.065192931479625e-17,fac-opacity-cowan-state,T1p7442_rho2p06519em17,0.33837812556385644,311.1961768630291,0.3757609507407107,0.03738282508564884,ok,/home/elads/STAR/full_grid_solar_opacity/runs/T1p7442_rho2p06519em17/fac-opacity-cowan-state/starout.h5
1.7441953406411814,2.9678431503900313e-17,fac-opacity-cowan-state,T1p7442_rho2p96784em17,0.3377933636740104,315.6160862823385,0.3758156509975672,0.03802228723079103,ok,/home/elads/STAR/full_grid_solar_opacity/runs/T1p7442_rho2p96784em17/fac-opacity-cowan-state/starout.h5
1.7441953406411814,4.2650218442334076e-17,fac-opacity-cowan-state,T1p7442_rho4p26502em17,0.3370000787540556,318.9002192771158,0.3755965098592373,0.03859643101101497,ok,/home/elads/STAR/full_grid_solar_opacity/runs/T1p7442_rho4p26502em17/fac-opacity-cowan-state/starout.h5
1.7441953406411814,6.129168695925715e-17,fac-opacity-cowan-state,T1p7442_rho6p12917em17,0.33594590321659507,321.393158221717,0.3750650617505642,0.039119158438527764,ok,/home/elads/STAR/full_grid_solar_opacity/runs/T1p7442_rho6p12917em17/fac-opacity-cowan-state/starout.h5
1.7441953406411814,8.808092965317026e-17,fac-opacity-cowan-state,T1p7442_rho8p80809em17,0.3345831306345224,323.3580991851889,0.37418762320642956,0.039604492475281396,ok,/home/elads/STAR/full_grid_solar_opacity/runs/T1p7442_rho8p80809em17/fac-opacity-cowan-state/starout.h5
1.7441953406411814,1.2657915866672028e-16,fac-opacity-cowan-state,T1p7442_rho1p26579em16,0.3328824699815111,324.9852350984514,0.37294605048916957,0.040063580409912945,ok,/home/elads/STAR/full_grid_solar_opacity/runs/T1p7442_rho1p26579em16/fac-opacity-cowan-state/starout.h5
1.7441953406411814,1.819041133178821e-16,fac-opacity-cowan-state,T1p7442_rho1p81904em16,0.33084999853690583,326.40012045210756,0.3713537051128999,0.0405037064771746,ok,/home/elads/STAR/full_grid_solar_opacity/runs/T1p7442_rho1p81904em16/fac-opacity-cowan-state/starout.h5
1.7441953406411814,2.6141038375114865e-16,fac-opacity-cowan-state,T1p7442_rho2p6141em16,0.3285411302802412,327.6724850044519,0.3694716642853787,0.040930533905276414,ok,/home/elads/STAR/full_grid_solar_opacity/runs/T1p7442_rho2p6141em16/fac-opacity-cowan-state/starout.h5
1.7441953406411814,3.7566708903116036e-16,fac-opacity-cowan-state,T1p7442_rho3p75667em16,0.3260627995101216,328.8277180885142,0.36741598730220254,0.041353187691188384,ok,/home/elads/STAR/full_grid_solar_opacity/runs/T1p7442_rho3p75667em16/fac-opacity-cowan-state/starout.h5
1.7441953406411814,5.398628767382507e-16,fac-opacity-cowan-state,T1p7442_rho5p39863em16,0.32355792431153363,329.86194092359904,0.36534738312300113,0.04178945870951073,ok,/home/elads/STAR/full_grid_solar_opacity/runs/T1p7442_rho5p39863em16/fac-opacity-cowan-state/starout.h5
1.7441953406411814,7.758250168566793e-16,fac-opacity-cowan-state,T1p7442_rho7p75825em16,0.3211751894932223,330.75841819736956,0.36344276509467394,0.04226757549832833,ok,/home/elads/STAR/full_grid_solar_opacity/runs/T1p7442_rho7p75825em16/fac-opacity-cowan-state/starout.h5
1.7441953406411814,1.1149209970080914e-15,fac-opacity-cowan-state,T1p7442_rho1p11492em15,0.31903639712575743,331.5009229974542,0.361859605776427,0.0428232085461908,ok,/home/elads/STAR/full_grid_solar_opacity/runs/T1p7442_rho1p11492em15/fac-opacity-cowan-state/starout.h5
1.7441953406411814,1.6022283408774753e-15,fac-opacity-cowan-state,T1p7442_rho1p60223em15,0.31721520712067475,332.08061057377824,0.3607092265479442,0.04349401932115389,ok,/home/elads/STAR/full_grid_solar_opacity/runs/T1p7442_rho1p60223em15/fac-opacity-cowan-state/starout.h5
1.7441953406411814,2.3025269621793266e-15,fac-opacity-cowan-state,T1p7442_rho2p30253em15,0.3157336533512636,332.4961893871634,0.36004953333536716,0.04431587987598284,ok,/home/elads/STAR/full_grid_solar_opacity/runs/T1p7442_rho2p30253em15/fac-opacity-cowan-state/starout.h5
1.7441953406411814,3.308910644196489e-15,fac-opacity-cowan-state,T1p7442_rho3p30891em15,0.314572990217414,332.7501971352129,0.3598964295685881,0.04532343924059542,ok,/home/elads/STAR/full_grid_solar_opacity/runs/T1p7442_rho3p30891em15/fac-opacity-cowan-state/starout.h5
1.7441953406411814,4.755162406834019e-15,fac-opacity-cowan-state,T1p7442_rho4p75516em15,0.31369039309615754,332.84549716959754,0.36024404028395096,0.04655364707421309,ok,/home/elads/STAR/full_grid_solar_opacity/runs/T1p7442_rho4p75516em15/fac-opacity-cowan-state/starout.h5
1.7441953406411814,6.8335388732923106e-15,fac-opacity-cowan-state,T1p7442_rho6p83354em15,0.31303416468491263,332.78586224818133,0.3610811151371843,0.04804695033504792,ok,/home/elads/STAR/full_grid_solar_opacity/runs/T1p7442_rho6p83354em15/fac-opacity-cowan-state/starout.h5
1.7441953406411814,9.820327790631256e-15,fac-opacity-cowan-state,T1p7442_rho9p82033em15,0.31255403325808995,332.58324069058284,0.3623981653583181,0.04984413197861981,ok,/home/elads/STAR/full_grid_solar_opacity/runs/T1p7442_rho9p82033em15/fac-opacity-cowan-state/starout.h5
1.7441953406411814,1.4112576178114521e-14,fac-opacity-cowan-state,T1p7442_rho1p41126em14,0.312206445415733,332.2717606906542,0.364197274344137,0.0519908288015581,ok,/home/elads/STAR/full_grid_solar_opacity/runs/T1p7442_rho1p41126em14/fac-opacity-cowan-state/starout.h5
1.7441953406411814,2.0280871538024598e-14,fac-opacity-cowan-state,T1p7442_rho2p02809em14,0.3119562759969761,331.9240310187787,0.3665223590192036,0.05456608288909912,ok,/home/elads/STAR/full_grid_solar_opacity/runs/T1p7442_rho2p02809em14/fac-opacity-cowan-state/starout.h5
1.7441953406411814,2.914519256800997e-14,fac-opacity-cowan-state,T1p7442_rho2p91452em14,0.3117765274817208,331.6593138193904,0.3694895658100698,0.05771303818754261,ok,/home/elads/STAR/full_grid_solar_opacity/runs/T1p7442_rho2p91452em14/fac-opacity-cowan-state/starout.h5
1.7441953406411814,4.188391254457488e-14,fac-opacity-cowan-state,T1p7442_rho4p18839em14,0.31164715945053145,331.6294223429906,0.3732637302642986,0.0616165706634365,ok,/home/elads/STAR/full_grid_solar_opacity/runs/T1p7442_rho4p18839em14/fac-opacity-cowan-state/starout.h5
1.7441953406411814,6.019044567806669e-14,fac-opacity-cowan-state,T1p7442_rho6p01904em14,0.31155368667300104,331.97487288982666,0.37798031668088666,0.06642662984581967,ok,/home/elads/STAR/full_grid_solar_opacity/runs/T1p7442_rho6p01904em14/fac-opacity-cowan-state/starout.h5
1.7441953406411814,8.649836012976684e-14,fac-opacity-cowan-state,T1p7442_rho8p64984em14,0.31148583688887527,332.76546919924635,0.383687381267136,0.07220154420210514,ok,/home/elads/STAR/full_grid_solar_opacity/runs/T1p7442_rho8p64984em14/fac-opacity-cowan-state/starout.h5
1.7441953406411814,1.2430488295695167e-13,fac-opacity-cowan-state,T1p7442_rho1p24305em13,0.311436384745356,333.96165199251686,0.3903685378157363,0.07893215287780388,ok,/home/elads/STAR/full_grid_solar_opacity/runs/T1p7442_rho1p24305em13/fac-opacity-cowan-state/starout.h5
1.7441953406411814,1.7863580192457348e-13,fac-opacity-cowan-state,T1p7442_rho1p78636em13,0.31140021711725596,335.4271973544789,0.3980181151502913,0.08661789782170737,ok,/home/elads/STAR/full_grid_solar_opacity/runs/T1p7442_rho1p78636em13/fac-opacity-cowan-state/starout.h5
1.7441953406411814,2.567135656310987e-13,fac-opacity-cowan-state,T1p7442_rho2p56714em13,0.3113736462883054,336.98660003636246,0.4067002045558361,0.09532655803495572,ok,/home/elads/STAR/full_grid_solar_opacity/runs/T1p7442_rho2p56714em13/fac-opacity-cowan-state/starout.h5
1.7441953406411814,3.6891739544382357e-13,fac-opacity-cowan-state,T1p7442_rho3p68917em13,0.31135394976026987,338.48892195565884,0.4165713645242352,0.10521741450725855,ok,/home/elads/STAR/full_grid_solar_opacity/runs/T1p7442_rho3p68917em13/fac-opacity-cowan-state/starout.h5
1.7441953406411814,5.301630411562758e-13,fac-opacity-cowan-state,T1p7442_rho5p30163em13,0.31133907988314274,339.8447168408479,0.4278883435588197,0.1165492633913232,ok,/home/elads/STAR/full_grid_solar_opacity/runs/T1p7442_rho5p30163em13/fac-opacity-cowan-state/starout.h5
1.7441953406411814,7.618855973704612e-13,fac-opacity-cowan-state,T1p7442_rho7p61886em13,0.31132748401118027,341.0303365266148,0.44101924758326544,0.1296917632556667,ok,/home/elads/STAR/full_grid_solar_opacity/runs/T1p7442_rho7p61886em13/fac-opacity-cowan-state/starout.h5
1.7441953406411814,1.0948889651276868e-12,fac-opacity-cowan-state,T1p7442_rho1p09489em12,0.31131799039193236,342.07347606377215,0.4564571057724457,0.14513911502640672,ok,/home/elads/STAR/full_grid_solar_opacity/runs/T1p7442_rho1p09489em12/fac-opacity-cowan-state/starout.h5
1.7441953406411814,1.5734407502856082e-12,fac-opacity-cowan-state,T1p7442_rho1p57344em12,0.31130972943716595,343.0357645453166,0.4748330986100558,0.1635233687739298,ok,/home/elads/STAR/full_grid_solar_opacity/runs/T1p7442_rho1p57344em12/fac-opacity-cowan-state/starout.h5
1.7441953406411814,2.26115695153675e-12,fac-opacity-cowan-state,T1p7442_rho2p26116em12,0.3113020554886848,344.00094613131455,0.49693909713157675,0.18563704118997984,ok,/home/elads/STAR/full_grid_solar_opacity/runs/T1p7442_rho2p26116em12/fac-opacity-cowan-state/starout.h5
1.7441953406411814,3.249458715591849e-12,fac-opacity-cowan-state,T1p7442_rho3p24946em12,0.31129449161776873,345.0706282359716,0.5237739090727825,0.2124794169366119,ok,/home/elads/STAR/full_grid_solar_opacity/runs/T1p7442_rho3p24946em12/fac-opacity-cowan-state/starout.h5
1.7441953406411814,4.669725353279713e-12,fac-opacity-cowan-state,T1p7442_rho4p66973em12,0.3112866235137167,346.36639709678,0.556626228293063,0.2453396041807736,ok,/home/elads/STAR/full_grid_solar_opacity/runs/T1p7442_rho4p66973em12/fac-opacity-cowan-state/starout.h5
1.7441953406411814,6.710759170575148e-12,fac-opacity-cowan-state,T1p7442_rho6p71076em12,0.31127803870700066,348.0362678067269,0.597210955210852,0.28593291580624,ok,/home/elads/STAR/full_grid_solar_opacity/runs/T1p7442_rho6p71076em12/fac-opacity-cowan-state/starout.h5
1.7441953406411814,9.64388379154446e-12,fac-opacity-cowan-state,T1p7442_rho9p64388em12,0.31126822046376,350.263517176449,0.6478720728201347,0.3366038515351374,ok,/home/elads/STAR/full_grid_solar_opacity/runs/T1p7442_rho9p64388em12/fac-opacity-cowan-state/starout.h5
1.7441953406411814,1.3859012403933867e-11,fac-opacity-cowan-state,T1p7442_rho1p3859em11,0.3112565306174343,353.2765576467266,0.7118489144989593,0.40059238290417043,ok,/home/elads/STAR/full_grid_solar_opacity/runs/T1p7442_rho1p3859em11/fac-opacity-cowan-state/starout.h5
1.7441953406411814,1.9916480638308542e-11,fac-opacity-cowan-state,T1p7442_rho1p99165em11,0.3112421913966069,357.358030529998,0.7935696087144206,0.4823274161410443,ok,/home/elads/STAR/full_grid_solar_opacity/runs/T1p7442_rho1p99165em11/fac-opacity-cowan-state/starout.h5
1.7441953406411814,2.8621534453892672e-11,fac-opacity-cowan-state,T1p7442_rho2p86215em11,0.31122430296838893,362.85197296534466,0.8989161432808987,0.5876918388786754,ok,/home/elads/STAR/full_grid_solar_opacity/runs/T1p7442_rho2p86215em11/fac-opacity-cowan-state/starout.h5
1.7441953406411814,4.1131375034185614e-11,fac-opacity-cowan-state,T1p7442_rho4p11314em11,0.31120190079811366,370.1694212472166,1.035466383101061,0.7242644805359054,ok,/home/elads/STAR/full_grid_solar_opacity/runs/T1p7442_rho4p11314em11/fac-opacity-cowan-state/starout.h5
1.7441953406411814,5.910899064227969e-11,fac-opacity-cowan-state,T1p7442_rho5p9109em11,0.3111739265433069,379.7959719632397,1.2128610032217686,0.9016870744785492,ok,/home/elads/STAR/full_grid_solar_opacity/runs/T1p7442_rho5p9109em11/fac-opacity-cowan-state/starout.h5
1.7441953406411814,8.4944224982638e-11,fac-opacity-cowan-state,T1p7442_rho8p49442em11,0.3111391277458355,392.3115735427262,1.4434735395593938,1.1323344090509189,ok,/home/elads/STAR/full_grid_solar_opacity/runs/T1p7442_rho8p49442em11/fac-opacity-cowan-state/starout.h5
1.7441953406411814,1.2207146966133182e-10,fac-opacity-cowan-state,T1p7442_rho1p22071em10,0.3110957604867645,408.44078620603864,1.7433740884582638,1.432278324477064,ok,/home/elads/STAR/full_grid_solar_opacity/runs/T1p7442_rho1p22071em10/fac-opacity-cowan-state/starout.h5
1.7441953406411814,1.7542621300415897e-10,fac-opacity-cowan-state,T1p7442_rho1p75426em10,0.31104124918003806,429.15955838977897,2.1335964074267424,1.8225551538000833,ok,/home/elads/STAR/full_grid_solar_opacity/runs/T1p7442_rho1p75426em10/fac-opacity-cowan-state/starout.h5
1.7441953406411814,2.52101136279913e-10,fac-opacity-cowan-state,T1p7442_rho2p52101em10,0.3109713926904758,455.87969803947243,2.641963046194905,2.3309916478173363,ok,/home/elads/STAR/full_grid_solar_opacity/runs/T1p7442_rho2p52101em10/fac-opacity-cowan-state/starout.h5
1.7441953406411814,3.6228897509242966e-10,fac-opacity-cowan-state,T1p7442_rho3p62289em10,0.3108798337719829,490.72935114335115,3.3060512913491444,2.9951714502696194,ok,/home/elads/STAR/full_grid_solar_opacity/runs/T1p7442_rho3p62289em10/fac-opacity-cowan-state/starout.h5
1.7441953406411814,5.20637484663258e-10,fac-opacity-cowan-state,T1p7442_rho5p20637em10,0.3107573562383781,536.9285325011166,4.177695724820051,3.8669383591472157,ok,/home/elads/STAR/full_grid_solar_opacity/runs/T1p7442_rho5p20637em10/fac-opacity-cowan-state/starout.h5
1.7441953406411814,7.481966305138837e-10,fac-opacity-cowan-state,T1p7442_rho7p48197em10,0.3105906593911991,599.2690031894117,5.3289557201982065,5.018365048563331,ok,/home/elads/STAR/full_grid_solar_opacity/runs/T1p7442_rho7p48197em10/fac-opacity-cowan-state/starout.h5
1.7441953406411814,1.0752168531898921e-09,fac-opacity-cowan-state,T1p7442_rho1p07522em09,0.31036123916596997,684.7278830699667,6.859622301977564,6.549261046832877,ok,/home/elads/STAR/full_grid_solar_opacity/runs/T1p7442_rho1p07522em09/fac-opacity-cowan-state/starout.h5
1.7441953406411814,1.5451703926941453e-09,fac-opacity-cowan-state,T1p7442_rho1p54517em09,0.3100441985033788,803.3108639990548,8.91391061733058,8.603866397835713,ok,/home/elads/STAR/full_grid_solar_opacity/runs/T1p7442_rho1p54517em09/fac-opacity-cowan-state/starout.h5
1.7441953406411814,2.220530245015531e-09,fac-opacity-cowan-state,T1p7442_rho2p22053em09,0.309606511625943,969.0914083588082,11.662583866643729,11.35297732731909,ok,/home/elads/STAR/full_grid_solar_opacity/runs/T1p7442_rho2p22053em09/fac-opacity-cowan-state/starout.h5
1.7441953406411814,3.1910749729235452e-09,fac-opacity-cowan-state,T1p7442_rho3p19107em09,0.30900583710706475,1201.8562824590595,15.358446177497584,15.049440303673284,ok,/home/elads/STAR/full_grid_solar_opacity/runs/T1p7442_rho3p19107em09/fac-opacity-cowan-state/starout.h5
1.7441953406411814,4.585823366142813e-09,fac-opacity-cowan-state,T1p7442_rho4p58582em09,0.3081906445218598,1529.0618546960106,20.320639239864644,20.012448546516936,ok,/home/elads/STAR/full_grid_solar_opacity/runs/T1p7442_rho4p58582em09/fac-opacity-cowan-state/starout.h5
1.7441953406411814,6.590185477903269e-09,fac-opacity-cowan-state,T1p7442_rho6p59019em09,0.3071025314008413,1988.5839022218079,26.956983864155973,26.649881267735463,ok,/home/elads/STAR/full_grid_solar_opacity/runs/T1p7442_rho6p59019em09/fac-opacity-cowan-state/starout.h5
1.7441953406411814,9.470610000772238e-09,fac-opacity-cowan-state,T1p7442_rho9p47061em09,0.30568181224854724,2632.458582735387,35.80790755761383,35.50222565874788,ok,/home/elads/STAR/full_grid_solar_opacity/runs/T1p7442_rho9p47061em09/fac-opacity-cowan-state/starout.h5
1.7441953406411814,1.3610004466105506e-08,fac-opacity-cowan-state,T1p7442_rho1p361em08,0.30387917270083875,3531.335180448041,47.53404151405389,47.23016222612215,ok,/home/elads/STAR/full_grid_solar_opacity/runs/T1p7442_rho1p361em08/fac-opacity-cowan-state/starout.h5
1.7441953406411814,1.9558636830395073e-08,fac-opacity-cowan-state,T1p7442_rho1p95586em08,0.3016695317898475,4781.687833848093,63.02857649312328,62.72690680829394,ok,/home/elads/STAR/full_grid_solar_opacity/runs/T1p7442_rho1p95586em08/fac-opacity-cowan-state/starout.h5
1.7441953406411814,2.810728502080722e-08,fac-opacity-cowan-state,T1p7442_rho2p81073em08,0.2990635068793285,6514.67498118248,83.37191923884347,83.07285552928512,ok,/home/elads/STAR/full_grid_solar_opacity/runs/T1p7442_rho2p81073em08/fac-opacity-cowan-state/starout.h5
1.7441953406411814,4.039235853150913e-08,fac-opacity-cowan-state,T1p7442_rho4p03924em08,0.2702811741200194,7479.782507399967,121.01921686177442,120.75001474722428,ok,/home/elads/STAR/full_grid_solar_opacity/runs/T1p7442_rho4p03924em08/fac-opacity-cowan-state/starout.h5
1.7441953406411814,5.804696634805446e-08,fac-opacity-cowan-state,T1p7442_rho5p8047em08,0.2618925324138182,9323.375426200562,175.5311822832879,175.27126880783942,ok,/home/elads/STAR/full_grid_solar_opacity/runs/T1p7442_rho5p8047em08/fac-opacity-cowan-state/starout.h5
1.7441953406411814,8.341801332506338e-08,fac-opacity-cowan-state,T1p7442_rho8p3418em08,0.2526573370929328,11695.110124746934,221.02802822586568,220.77712544814634,ok,/home/elads/STAR/full_grid_solar_opacity/runs/T1p7442_rho8p3418em08/fac-opacity-cowan-state/starout.h5
1.7441953406411814,1.1987818459583772e-07,fac-opacity-cowan-state,T1p7442_rho1p19878em07,0.24260541568007016,14846.945911793646,304.5228580288178,304.2829192175447,ok,/home/elads/STAR/full_grid_solar_opacity/runs/T1p7442_rho1p19878em07/fac-opacity-cowan-state/starout.h5
1.7441953406411814,1.7227429147699408e-07,fac-opacity-cowan-state,T1p7442_rho1p72274em07,0.23178971110767838,19109.843231016825,402.93951532074857,402.7108767141609,ok,/home/elads/STAR/full_grid_solar_opacity/runs/T1p7442_rho1p72274em07/fac-opacity-cowan-state/starout.h5
1.7441953406411814,2.4757157946593376e-07,fac-opacity-cowan-state,T1p7442_rho2p47572em07,0.22031695354891426,24893.215537349,602.4724177492751,602.2573279160792,ok,/home/elads/STAR/full_grid_solar_opacity/runs/T1p7442_rho2p47572em07/fac-opacity-cowan-state/starout.h5
1.7441953406411814,3.557796490339488e-07,fac-opacity-cowan-state,T1p7442_rho3p5578em07,0.2083151607412673,32930.69145554627,867.9703048735491,867.7687412582525,ok,/home/elads/STAR/full_grid_solar_opacity/runs/T1p7442_rho3p5578em07/fac-opacity-cowan-state/starout.h5
1.7441953406411814,5.112830759482948e-07,fac-opacity-cowan-state,T1p7442_rho5p11283em07,0.19593926355053323,43971.88345491868,1193.2041117192512,1193.0158665239323,ok,/home/elads/STAR/full_grid_solar_opacity/runs/T1p7442_rho5p11283em07/fac-opacity-cowan-state/starout.h5
1.7441953406411814,7.347536163492159e-07,fac-opacity-cowan-state,T1p7442_rho7p34754em07,0.18331072997669925,58984.31877034232,1657.2826523360272,1657.1080914391669,ok,/home/elads/STAR/full_grid_solar_opacity/runs/T1p7442_rho7p34754em07/fac-opacity-cowan-state/starout.h5
1.7441953406411814,1.0558981944335787e-06,fac-opacity-cowan-state,T1p7442_rho1p0559em06,0.17048253903730934,79606.95580576603,2549.5977078514597,2549.4361206997605,ok,/home/elads/STAR/full_grid_solar_opacity/runs/T1p7442_rho1p0559em06/fac-opacity-cowan-state/starout.h5
1.7441953406411814,1.517407974863493e-06,fac-opacity-cowan-state,T1p7442_rho1p51741em06,0.157462851241653,106134.2316390629,3311.7614905230034,3311.612328796547,ok,/home/elads/STAR/full_grid_solar_opacity/runs/T1p7442_rho1p51741em06/fac-opacity-cowan-state/starout.h5
1.7441953406411814,2.1806334875063253e-06,fac-opacity-cowan-state,T1p7442_rho2p18063em06,0.1441925913269399,140074.31320157694,4878.647104552868,4878.510894057419,ok,/home/elads/STAR/full_grid_solar_opacity/runs/T1p7442_rho2p18063em06/fac-opacity-cowan-state/starout.h5
1.7441953406411814,3.1337402238588983e-06,fac-opacity-cowan-state,T1p7442_rho3p13374em06,0.13062506909534963,182294.3753922528,7565.130623429624,7565.007502950818,ok,/home/elads/STAR/full_grid_solar_opacity/runs/T1p7442_rho3p13374em06/fac-opacity-cowan-state/starout.h5
1.7441953406411814,4.503428864545845e-06,fac-opacity-cowan-state,T1p7442_rho4p50343em06,0.11677870076033307,229209.55466182783,6282.00006944575,6281.889053341659,ok,/home/elads/STAR/full_grid_solar_opacity/runs/T1p7442_rho4p50343em06/fac-opacity-cowan-state/starout.h5
1.7441953406411814,6.471778159406801e-06,fac-opacity-cowan-state,T1p7442_rho6p47178em06,0.10282778856787007,285291.97006663494,8208.087951367748,8207.990014163193,ok,/home/elads/STAR/full_grid_solar_opacity/runs/T1p7442_rho6p47178em06/fac-opacity-cowan-state/starout.h5
1.7441953406411814,9.300449458481393e-06,fac-opacity-cowan-state,T1p7442_rho9p30045em06,0.08901035195424285,347115.44368580147,11233.6601132285,11233.575204171737,ok,/home/elads/STAR/full_grid_solar_opacity/runs/T1p7442_rho9p30045em06/fac-opacity-cowan-state/starout.h5
1.7441953406411814,1.3365470508911143e-05,fac-opacity-cowan-state,T1p7442_rho1p33655em05,0.0756612768693565,411121.7729697386,11504.148549543042,11504.076112307659,ok,/home/elads/STAR/full_grid_solar_opacity/runs/T1p7442_rho1p33655em05/fac-opacity-cowan-state/starout.h5
1.7441953406411814,1.920722248123928e-05,fac-opacity-cowan-state,T1p7442_rho1p92072em05,0.06314008227442959,477022.456060585,14087.056812558187,14086.996269896828,ok,/home/elads/STAR/full_grid_solar_opacity/runs/T1p7442_rho1p92072em05/fac-opacity-cowan-state/starout.h5
1.7441953406411814,2.760227522090268e-05,fac-opacity-cowan-state,T1p7442_rho2p76023em05,0.0517614956006686,541669.4417867924,17848.502752604953,17848.453150049747,ok,/home/elads/STAR/full_grid_solar_opacity/runs/T1p7442_rho2p76023em05/fac-opacity-cowan-state/starout.h5
1.7441953406411814,3.966662010161191e-05,fac-opacity-cowan-state,T1p7442_rho3p96666em05,0.04187307454290484,600001.6336625495,14091.635012941982,14091.59473725699,ok,/home/elads/STAR/full_grid_solar_opacity/runs/T1p7442_rho3p96666em05/fac-opacity-cowan-state/starout.h5
1.7441953406411814,5.7004023678963655e-05,fac-opacity-cowan-state,T1p7442_rho5p7004em05,0.03379787938649719,652672.0926355957,15386.744488806367,15386.711931909229,ok,/home/elads/STAR/full_grid_solar_opacity/runs/T1p7442_rho5p7004em05/fac-opacity-cowan-state/starout.h5
1.7441953406411814,8.191922344953684e-05,fac-opacity-cowan-state,T1p7442_rho8p19192em05,0.02751710728145622,696485.3388981232,16142.927422908248,16142.900844057669,ok,/home/elads/STAR/full_grid_solar_opacity/runs/T1p7442_rho8p19192em05/fac-opacity-cowan-state/starout.h5
1.7441953406411814,0.00011772430676769293,fac-opacity-cowan-state,T1p7442_rho0p000117724,0.022693604010835658,732242.8600561172,16925.428032577,16925.40604197346,ok,/home/elads/STAR/full_grid_solar_opacity/runs/T1p7442_rho0p000117724/fac-opacity-cowan-state/starout.h5
1.7441953406411814,0.00016917900122028344,fac-opacity-cowan-state,T1p7442_rho0p000169179,0.018918469449499466,761706.3867641508,17488.668548243048,17488.650145778836,ok,/home/elads/STAR/full_grid_solar_opacity/runs/T1p7442_rho0p000169179/fac-opacity-cowan-state/starout.h5
1.7441953406411814,0.0002431234061999784,fac-opacity-cowan-state,T1p7442_rho0p000243123,0.015853576801351525,786519.8136300967,18047.64898817506,18047.63350738004,ok,/home/elads/STAR/full_grid_solar_opacity/runs/T1p7442_rho0p000243123/fac-opacity-cowan-state/starout.h5
1.7441953406411814,0.0003493872774749123,fac-opacity-cowan-state,T1p7442_rho0p000349387,0.013272242630130757,807682.487280811,18474.762441559993,18474.74943240544,ok,/home/elads/STAR/full_grid_solar_opacity/runs/T1p7442_rho0p000349387/fac-opacity-cowan-state/starout.h5
1.7441953406411814,0.0005020967399614471,fac-opacity-cowan-state,T1p7442_rho0p000502097,0.011018777684505517,825648.7002153847,18876.715515003612,18876.70467715267,ok,/home/elads/STAR/full_grid_solar_opacity/runs/T1p7442_rho0p000502097/fac-opacity-cowan-state/starout.h5
1.7441953406411814,0.0007215521357901021,fac-opacity-cowan-state,T1p7442_rho0p000721552,0.009015396964685129,840354.6794464164,19169.75103623818,19169.742140587023,ok,/home/elads/STAR/full_grid_solar_opacity/runs/T1p7442_rho0p000721552/fac-opacity-cowan-state/starout.h5
1.7441953406411814,0.0010369266382873438,fac-opacity-cowan-state,T1p7442_rho0p00103693,0.0072084748254114565,851492.7336839939,19318.950364604447,19318.94323082223,ok,/home/elads/STAR/full_grid_solar_opacity/runs/T1p7442_rho0p00103693/fac-opacity-cowan-state/starout.h5
1.7441953406411814,0.0014901443705277455,fac-opacity-cowan-state,T1p7442_rho0p00149014,0.005610390083036759,858768.6864973503,19347.028343119746,19347.02277450186,ok,/home/elads/STAR/full_grid_solar_opacity/runs/T1p7442_rho0p00149014/fac-opacity-cowan-state/starout.h5
1.7441953406411814,0.002141453563853953,fac-opacity-cowan-state,T1p7442_rho0p00214145,0.004213036250757038,862137.4141021936,19244.71738667444,19244.713191559502,ok,/home/elads/STAR/full_grid_solar_opacity/runs/T1p7442_rho0p00214145/fac-opacity-cowan-state/starout.h5
1.7441953406411814,0.003077435620898055,fac-opacity-cowan-state,T1p7442_rho0p00307744,0.0030520248260913056,861996.4732060757,19047.666414851134,19047.66336353163,ok,/home/elads/STAR/full_grid_solar_opacity/runs/T1p7442_rho0p00307744/fac-opacity-cowan-state/starout.h5
1.7441953406411814,0.004422514763163053,fac-opacity-cowan-state,T1p7442_rho0p00442251,0.002139179117043696,859156.4955372151,18780.64714574452,18780.644994898288,ok,/home/elads/STAR/full_grid_solar_opacity/runs/T1p7442_rho0p00442251/fac-opacity-cowan-state/starout.h5
1.7441953406411814,0.006355498291362301,fac-opacity-cowan-state,T1p7442_rho0p0063555,0.0014925275061362824,854617.0956790242,18477.86376166457,18477.86224859935,ok,/home/elads/STAR/full_grid_solar_opacity/runs/T1p7442_rho0p0063555/fac-opacity-cowan-state/starout.h5
1.7441953406411814,0.009133346228248624,fac-opacity-cowan-state,T1p7442_rho0p00913335,0.0009700892038224243,849324.4408596719,18175.90747691536,18175.906480008565,ok,/home/elads/STAR/full_grid_solar_opacity/runs/T1p7442_rho0p00913335/fac-opacity-cowan-state/starout.h5
1.7441953406411814,0.01312533014735226,fac-opacity-cowan-state,T1p7442_rho0p0131253,0.000616547622061497,843996.6789176473,17895.928337100886,17895.92768931336,ok,/home/elads/STAR/full_grid_solar_opacity/runs/T1p7442_rho0p0131253/fac-opacity-cowan-state/starout.h5
1.7441953406411814,0.018862122071335155,fac-opacity-cowan-state,T1p7442_rho0p0188621,0.0007468594233660022,839179.4241300578,17649.97590344297,17649.97512221399,ok,/home/elads/STAR/full_grid_solar_opacity/runs/T1p7442_rho0p0188621/fac-opacity-cowan-state/starout.h5
1.7441953406411814,0.02710633904364831,fac-opacity-cowan-state,T1p7442_rho0p0271063,0.0010465806065104997,836634.6243713562,17510.814349935383,17510.813266305406,ok,/home/elads/STAR/full_grid_solar_opacity/runs/T1p7442_rho0p0271063/fac-opacity-cowan-state/starout.h5
1.7441953406411814,0.038953921174427183,fac-opacity-cowan-state,T1p7442_rho0p0389539,0.0013840878019840003,840222.1555141181,17515.06104612034,17515.0596226955,ok,/home/elads/STAR/full_grid_solar_opacity/runs/T1p7442_rho0p0389539/fac-opacity-cowan-state/starout.h5
1.7441953406411814,0.0559798197912329,fac-opacity-cowan-state,T1p7442_rho0p0559798,0.0016817917859861893,851685.7148535769,17686.143503578172,17686.141780500122,ok,/home/elads/STAR/full_grid_solar_opacity/runs/T1p7442_rho0p0559798/fac-opacity-cowan-state/starout.h5
1.7441953406411814,0.08044736266284185,fac-opacity-cowan-state,T1p7442_rho0p0804474,0.0022981791945184673,868481.2456776873,17946.665996254622,17946.6636549272,ok,/home/elads/STAR/full_grid_solar_opacity/runs/T1p7442_rho0p0804474/fac-opacity-cowan-state/starout.h5
1.7441953406411814,0.11560912813835741,fac-opacity-cowan-state,T1p7442_rho0p115609,0.002225868873719981,883810.9838871057,18166.19445472345,18166.19218482879,ok,/home/elads/STAR/full_grid_solar_opacity/runs/T1p7442_rho0p115609/fac-opacity-cowan-state/starout.h5
1.7441953406411814,0.1661393247274789,fac-opacity-cowan-state,T1p7442_rho0p166139,0.002263803877730835,892586.0371798209,18198.797665969723,18198.795357790103,ok,/home/elads/STAR/full_grid_solar_opacity/runs/T1p7442_rho0p166139/fac-opacity-cowan-state/starout.h5
1.7441953406411814,0.23875515424585794,fac-opacity-cowan-state,T1p7442_rho0p238755,0.00224594112405334,897629.5127737778,18126.67694621265,18126.674655955012,ok,/home/elads/STAR/full_grid_solar_opacity/runs/T1p7442_rho0p238755/fac-opacity-cowan-state/starout.h5
1.7441953406411814,0.34310975906798746,fac-opacity-cowan-state,T1p7442_rho0p34311,0.0021354339341281277,897853.5040096585,18133.947609110983,18133.945429329167,ok,/home/elads/STAR/full_grid_solar_opacity/runs/T1p7442_rho0p34311/fac-opacity-cowan-state/starout.h5
1.7441953406411814,0.49307545690287347,fac-opacity-cowan-state,T1p7442_rho0p493075,0.0019688822691648314,892168.2621068227,18486.01299390349,18486.01097983148,ok,/home/elads/STAR/full_grid_solar_opacity/runs/T1p7442_rho0p493075/fac-opacity-cowan-state/starout.h5
1.7441953406411814,0.7085878491488851,fac-opacity-cowan-state,T1p7442_rho0p708588,0.0018652791420130021,878971.752189413,19013.316955137754,19013.315043397524,ok,/home/elads/STAR/full_grid_solar_opacity/runs/T1p7442_rho0p708588/fac-opacity-cowan-state/starout.h5
1.7441953406411814,1.0182959482819007,fac-opacity-cowan-state,T1p7442_rho1p0183,0.0018555263117280897,855491.6650689996,18898.207202312304,18898.205300618018,ok,/home/elads/STAR/full_grid_solar_opacity/runs/T1p7442_rho1p0183/fac-opacity-cowan-state/starout.h5
1.7441953406411814,1.4633706173946401,fac-opacity-cowan-state,T1p7442_rho1p46337,0.001951228017968987,816764.3818866054,17942.582458142024,17942.580463085265,ok,/home/elads/STAR/full_grid_solar_opacity/runs/T1p7442_rho1p46337/fac-opacity-cowan-state/starout.h5
1.7441953406411814,2.1029775945461404,fac-opacity-cowan-state,T1p7442_rho2p10298,0.0022065001681209014,752269.204901813,16171.11616360273,16171.113917598017,ok,/home/elads/STAR/full_grid_solar_opacity/runs/T1p7442_rho2p10298/fac-opacity-cowan-state/starout.h5
1.7441953406411814,3.0221426551783854,fac-opacity-cowan-state,T1p7442_rho3p02214,0.002763828610428664,641058.3957632462,13435.815416871745,13435.812620206863,ok,/home/elads/STAR/full_grid_solar_opacity/runs/T1p7442_rho3p02214/fac-opacity-cowan-state/starout.h5
1.7441953406411814,4.343054463316713,fac-opacity-cowan-state,T1p7442_rho4p34305,0.0038570348892840384,467623.90751585225,9764.079834290955,9764.075953361624,ok,/home/elads/STAR/full_grid_solar_opacity/runs/T1p7442_rho4p34305/fac-opacity-cowan-state/starout.h5
1.7441953406411814,6.241307649397467,fac-opacity-cowan-state,T1p7442_rho6p24131,0.0062628446033367886,265568.09341316536,5540.912452371012,5540.906175896366,ok,/home/elads/STAR/full_grid_solar_opacity/runs/T1p7442_rho6p24131/fac-opacity-cowan-state/starout.h5
1.7441953406411814,8.969245378672715,fac-opacity-cowan-state,T1p7442_rho8p96925,0.008560738768965017,149787.87429920695,3261.6559642568923,3261.647395412504,ok,/home/elads/STAR/full_grid_solar_opacity/runs/T1p7442_rho8p96925/fac-opacity-cowan-state/starout.h5
1.7441953406411814,12.889504440725364,fac-opacity-cowan-state,T1p7442_rho12p8895,0.006800383517377183,126597.41849725376,2858.8205724856266,2858.8137650103613,ok,/home/elads/STAR/full_grid_solar_opacity/runs/T1p7442_rho12p8895/fac-opacity-cowan-state/starout.h5
1.7441953406411814,18.52322215674118,fac-opacity-cowan-state,T1p7442_rho18p5232,0.005390801910636517,107456.69181226593,2565.4947045872523,2565.4893074345023,ok,/home/elads/STAR/full_grid_solar_opacity/runs/T1p7442_rho18p5232/fac-opacity-cowan-state/starout.h5
1.7441953406411814,26.61931346126126,fac-opacity-cowan-state,T1p7442_rho26p6193,0.004266093408635439,92358.2283952497,2355.281434521217,2355.277162610012,ok,/home/elads/STAR/full_grid_solar_opacity/runs/T1p7442_rho26p6193/fac-opacity-cowan-state/starout.h5
1.7441953406411814,38.254027466328665,fac-opacity-cowan-state,T1p7442_rho38p254,0.0033220666863088056,81031.88343987022,2763.011188397257,2763.0078595371374,ok,/home/elads/STAR/full_grid_solar_opacity/runs/T1p7442_rho38p254/fac-opacity-cowan-state/starout.h5
1.7441953406411814,54.97401800103719,fac-opacity-cowan-state,T1p7442_rho54p974,0.0026023369707656187,72047.77709329524,2626.0908618857666,2626.08825310149,ok,/home/elads/STAR/full_grid_solar_opacity/runs/T1p7442_rho54p974/fac-opacity-cowan-state/starout.h5
1.7441953406411814,79.0019471240894,fac-opacity-cowan-state,T1p7442_rho79p0019,0.001981692825014668,65172.10803208845,2579.310571574125,2579.3085835588486,ok,/home/elads/STAR/full_grid_solar_opacity/runs/T1p7442_rho79p0019/fac-opacity-cowan-state/starout.h5
1.7441953406411814,113.53195339077567,fac-opacity-cowan-state,T1p7442_rho113p532,0.001029177938980579,59838.0887990458,2632.7834782969726,2632.782442680983,ok,/home/elads/STAR/full_grid_solar_opacity/runs/T1p7442_rho113p532/fac-opacity-cowan-state/starout.h5
1.7441953406411814,163.15426277379785,fac-opacity-cowan-state,T1p7442_rho163p154,0.012553301481890471,54376.89222448596,2312.2847151153355,2312.2721559804327,ok,/home/elads/STAR/full_grid_solar_opacity/runs/T1p7442_rho163p154/fac-opacity-cowan-state/starout.h5
1.7441953406411814,234.46538763970608,fac-opacity-cowan-state,T1p7442_rho234p465,0.04638538365381326,53099.96808781868,9045.437198670914,9045.390790500864,ok,/home/elads/STAR/full_grid_solar_opacity/runs/T1p7442_rho234p465/fac-opacity-cowan-state/starout.h5
1.7441953406411814,336.94503022121665,fac-opacity-cowan-state,T1p7442_rho336p945,0.055452930638317924,52400.15827215352,12343.883177446127,12343.827693518448,ok,/home/elads/STAR/full_grid_solar_opacity/runs/T1p7442_rho336p945/fac-opacity-cowan-state/starout.h5
1.7441953406411814,484.21626123015125,fac-opacity-cowan-state,T1p7442_rho484p216,0.06294148013592349,48545.963522392776,9406.322126127516,9406.259160682244,ok,/home/elads/STAR/full_grid_solar_opacity/runs/T1p7442_rho484p216/fac-opacity-cowan-state/starout.h5
1.7441953406411814,695.8564947100452,fac-opacity-cowan-state,T1p7442_rho695p856,0.11734304090787435,48869.24102320094,12756.630074975874,12756.512698947174,ok,/home/elads/STAR/full_grid_solar_opacity/runs/T1p7442_rho695p856/fac-opacity-cowan-state/starout.h5
1.7441953406411814,1000.0,fac-opacity-cowan-state,T1p7442_rho1000,0.13900836869689348,45538.87120526946,9760.9169035265,9760.777869130645,ok,/home/elads/STAR/full_grid_solar_opacity/runs/T1p7442_rho1000/fac-opacity-cowan-state/starout.h5
1.9201515874025983,1e-17,fac-opacity-cowan-state,T1p92015_rho1em17,0.339862178123884,141.1442163370791,0.38209135870940486,0.042229180508097604,ok,/home/elads/STAR/full_grid_solar_opacity/runs/T1p92015_rho1em17/fac-opacity-cowan-state/starout.h5
1.9201515874025983,1.4370779141993746e-17,fac-opacity-cowan-state,T1p92015_rho1p43708em17,0.33983968868035336,159.20406900874084,0.38323514294250266,0.043395454182587515,ok,/home/elads/STAR/full_grid_solar_opacity/runs/T1p92015_rho1p43708em17/fac-opacity-cowan-state/starout.h5
1.9201515874025983,2.065192931479625e-17,fac-opacity-cowan-state,T1p92015_rho2p06519em17,0.33980924584405314,180.60364743797433,0.3844535277536716,0.04464428182776728,ok,/home/elads/STAR/full_grid_solar_opacity/runs/T1p92015_rho2p06519em17/fac-opacity-cowan-state/starout.h5
1.9201515874025983,2.9678431503900313e-17,fac-opacity-cowan-state,T1p92015_rho2p96784em17,0.3397679928226577,204.54456769080377,0.38571918815986606,0.04595119525296097,ok,/home/elads/STAR/full_grid_solar_opacity/runs/T1p92015_rho2p96784em17/fac-opacity-cowan-state/starout.h5
1.9201515874025983,4.2650218442334076e-17,fac-opacity-cowan-state,T1p92015_rho4p26502em17,0.3397119890411454,229.69822893782933,0.38699622845087844,0.04728423932304179,ok,/home/elads/STAR/full_grid_solar_opacity/runs/T1p92015_rho4p26502em17/fac-opacity-cowan-state/starout.h5
1.9201515874025983,6.129168695925715e-17,fac-opacity-cowan-state,T1p92015_rho6p12917em17,0.33963563749568615,254.4576191848501,0.3882418738104063,0.048606236225605004,ok,/home/elads/STAR/full_grid_solar_opacity/runs/T1p92015_rho6p12917em17/fac-opacity-cowan-state/starout.h5
1.9201515874025983,8.808092965317026e-17,fac-opacity-cowan-state,T1p92015_rho8p80809em17,0.33953087283850897,277.3227875035925,0.38941762209475744,0.04988674916478578,ok,/home/elads/STAR/full_grid_solar_opacity/runs/T1p92015_rho8p80809em17/fac-opacity-cowan-state/starout.h5
1.9201515874025983,1.2657915866672028e-16,fac-opacity-cowan-state,T1p92015_rho1p26579em16,0.3393861158969031,297.2363368055005,0.3904968444071111,0.05111072841650124,ok,/home/elads/STAR/full_grid_solar_opacity/runs/T1p92015_rho1p26579em16/fac-opacity-cowan-state/starout.h5
1.9201515874025983,1.819041133178821e-16,fac-opacity-cowan-state,T1p92015_rho1p81904em16,0.3391850251438453,313.7235659312144,0.39146387030872337,0.05227884506902931,ok,/home/elads/STAR/full_grid_solar_opacity/runs/T1p92015_rho1p81904em16/fac-opacity-cowan-state/starout.h5
1.9201515874025983,2.6141038375114865e-16,fac-opacity-cowan-state,T1p92015_rho2p6141em16,0.3389051075265199,326.82707774421914,0.3923091601419666,0.05340405251753494,ok,/home/elads/STAR/full_grid_solar_opacity/runs/T1p92015_rho2p6141em16/fac-opacity-cowan-state/starout.h5
1.9201515874025983,3.7566708903116036e-16,fac-opacity-cowan-state,T1p92015_rho3p75667em16,0.3385163513339194,336.9297539914086,0.39302272904513547,0.05450637761128332,ok,/home/elads/STAR/full_grid_solar_opacity/runs/T1p92015_rho3p75667em16/fac-opacity-cowan-state/starout.h5
1.9201515874025983,5.398628767382507e-16,fac-opacity-cowan-state,T1p92015_rho5p39863em16,0.33798028243043343,344.57048774662144,0.3935853008926795,0.05560501836029911,ok,/home/elads/STAR/full_grid_solar_opacity/runs/T1p92015_rho5p39863em16/fac-opacity-cowan-state/starout.h5
1.9201515874025983,7.758250168566793e-16,fac-opacity-cowan-state,T1p92015_rho7p75825em16,0.33725025598202946,350.3097500997813,0.39395982858285816,0.05670957249685677,ok,/home/elads/STAR/full_grid_solar_opacity/runs/T1p92015_rho7p75825em16/fac-opacity-cowan-state/starout.h5
1.9201515874025983,1.1149209970080914e-15,fac-opacity-cowan-state,T1p92015_rho1p11492em15,0.33627430708319916,354.6539736527951,0.3940896499779488,0.05781534278875047,ok,/home/elads/STAR/full_grid_solar_opacity/runs/T1p92015_rho1p11492em15/fac-opacity-cowan-state/starout.h5
1.9201515874025983,1.6022283408774753e-15,fac-opacity-cowan-state,T1p92015_rho1p60223em15,0.33500219400721265,358.0234131162897,0.393907746198194,0.05890555208298328,ok,/home/elads/STAR/full_grid_solar_opacity/runs/T1p92015_rho1p60223em15/fac-opacity-cowan-state/starout.h5
1.9201515874025983,2.3025269621793266e-15,fac-opacity-cowan-state,T1p92015_rho2p30253em15,0.3333977247223134,360.74427573877495,0.3933571720358539,0.05995944720361033,ok,/home/elads/STAR/full_grid_solar_opacity/runs/T1p92015_rho2p30253em15/fac-opacity-cowan-state/starout.h5
1.9201515874025983,3.308910644196489e-15,fac-opacity-cowan-state,T1p92015_rho3p30891em15,0.3314552525805873,363.05183270765224,0.39241894091959656,0.06096368822723758,ok,/home/elads/STAR/full_grid_solar_opacity/runs/T1p92015_rho3p30891em15/fac-opacity-cowan-state/starout.h5
1.9201515874025983,4.755162406834019e-15,fac-opacity-cowan-state,T1p92015_rho4p75516em15,0.32921533618831184,365.0991090027203,0.39113864379055263,0.06192330748871,ok,/home/elads/STAR/full_grid_solar_opacity/runs/T1p92015_rho4p75516em15/fac-opacity-cowan-state/starout.h5
1.9201515874025983,6.8335388732923106e-15,fac-opacity-cowan-state,T1p92015_rho6p83354em15,0.3267711060035344,366.9711835318384,0.38963909388133666,0.06286798776253968,ok,/home/elads/STAR/full_grid_solar_opacity/runs/T1p92015_rho6p83354em15/fac-opacity-cowan-state/starout.h5
1.9201515874025983,9.820327790631256e-15,fac-opacity-cowan-state,T1p92015_rho9p82033em15,0.3242578864865726,368.7060166814801,0.38810998381248124,0.06385209720884184,ok,/home/elads/STAR/full_grid_solar_opacity/runs/T1p92015_rho9p82033em15/fac-opacity-cowan-state/starout.h5
1.9201515874025983,1.4112576178114521e-14,fac-opacity-cowan-state,T1p92015_rho1p41126em14,0.3218261934461435,370.31967011043463,0.3867774009669444,0.06495120740171884,ok,/home/elads/STAR/full_grid_solar_opacity/runs/T1p92015_rho1p41126em14/fac-opacity-cowan-state/starout.h5
1.9201515874025983,2.0280871538024598e-14,fac-opacity-cowan-state,T1p92015_rho2p02809em14,0.3196082467794966,371.8303073913187,0.3858678052802334,0.06625955837925562,ok,/home/elads/STAR/full_grid_solar_opacity/runs/T1p92015_rho2p02809em14/fac-opacity-cowan-state/starout.h5
1.9201515874025983,2.914519256800997e-14,fac-opacity-cowan-state,T1p92015_rho2p91452em14,0.31769241002417137,373.2752896431604,0.3855830646055115,0.06789065445686916,ok,/home/elads/STAR/full_grid_solar_opacity/runs/T1p92015_rho2p91452em14/fac-opacity-cowan-state/starout.h5
1.9201515874025983,4.188391254457488e-14,fac-opacity-cowan-state,T1p92015_rho4p18839em14,0.31611466249807296,374.7192310940525,0.3860913960632989,0.06997673343692987,ok,/home/elads/STAR/full_grid_solar_opacity/runs/T1p92015_rho4p18839em14/fac-opacity-cowan-state/starout.h5
1.9201515874025983,6.019044567806669e-14,fac-opacity-cowan-state,T1p92015_rho6p01904em14,0.31486617444373827,376.25492629225494,0.3875234361672543,0.07265726159030524,ok,/home/elads/STAR/full_grid_solar_opacity/runs/T1p92015_rho6p01904em14/fac-opacity-cowan-state/starout.h5
1.9201515874025983,8.649836012976684e-14,fac-opacity-cowan-state,T1p92015_rho8p64984em14,0.3139092358632742,378.0005206714105,0.3899652196402291,0.07605598363751316,ok,/home/elads/STAR/full_grid_solar_opacity/runs/T1p92015_rho8p64984em14/fac-opacity-cowan-state/starout.h5
1.9201515874025983,1.2430488295695167e-13,fac-opacity-cowan-state,T1p92015_rho1p24305em13,0.3131934026308263,380.09455684923955,0.3934676238308475,0.08027422105284511,ok,/home/elads/STAR/full_grid_solar_opacity/runs/T1p92015_rho1p24305em13/fac-opacity-cowan-state/starout.h5
1.9201515874025983,1.7863580192457348e-13,fac-opacity-cowan-state,T1p92015_rho1p78636em13,0.31266729429342327,382.68697371843774,0.39809978291010595,0.0854324884600501,ok,/home/elads/STAR/full_grid_solar_opacity/runs/T1p92015_rho1p78636em13/fac-opacity-cowan-state/starout.h5
1.9201515874025983,2.567135656310987e-13,fac-opacity-cowan-state,T1p92015_rho2p56714em13,0.31228519350016043,385.92100932422255,0.4040081311183272,0.09172293745000067,ok,/home/elads/STAR/full_grid_solar_opacity/runs/T1p92015_rho2p56714em13/fac-opacity-cowan-state/starout.h5
1.9201515874025983,3.6891739544382357e-13,fac-opacity-cowan-state,T1p92015_rho3p68917em13,0.3120096167101985,389.90105666071577,0.4113914910821911,0.09938187418978504,ok,/home/elads/STAR/full_grid_solar_opacity/runs/T1p92015_rho3p68917em13/fac-opacity-cowan-state/starout.h5
1.9201515874025983,5.301630411562758e-13,fac-opacity-cowan-state,T1p92015_rho5p30163em13,0.31181145838833335,394.6478525987881,0.42040245486040356,0.10859099627297825,ok,/home/elads/STAR/full_grid_solar_opacity/runs/T1p92015_rho5p30163em13/fac-opacity-cowan-state/starout.h5
1.9201515874025983,7.618855973704612e-13,fac-opacity-cowan-state,T1p92015_rho7p61886em13,0.3116689667811263,400.0559766017964,0.4311056797551988,0.11943671275509549,ok,/home/elads/STAR/full_grid_solar_opacity/runs/T1p92015_rho7p61886em13/fac-opacity-cowan-state/starout.h5
1.9201515874025983,1.0948889651276868e-12,fac-opacity-cowan-state,T1p92015_rho1p09489em12,0.3115663144597277,405.8812862894394,0.44356147507872545,0.13199516037699585,ok,/home/elads/STAR/full_grid_solar_opacity/runs/T1p92015_rho1p09489em12/fac-opacity-cowan-state/starout.h5
1.9201515874025983,1.5734407502856082e-12,fac-opacity-cowan-state,T1p92015_rho1p57344em12,0.311492162445335,411.7816606919432,0.45795537652855056,0.14646321381468802,ok,/home/elads/STAR/full_grid_solar_opacity/runs/T1p92015_rho1p57344em12/fac-opacity-cowan-state/starout.h5
1.9201515874025983,2.26115695153675e-12,fac-opacity-cowan-state,T1p92015_rho2p26116em12,0.3114384037718964,417.4045605939081,0.47468911790095647,0.16325071382975412,ok,/home/elads/STAR/full_grid_solar_opacity/runs/T1p92015_rho2p26116em12/fac-opacity-cowan-state/starout.h5
1.9201515874025983,3.249458715591849e-12,fac-opacity-cowan-state,T1p92015_rho3p24946em12,0.3113992054249988,422.48104780278544,0.49442949043944856,0.18303028467887975,ok,/home/elads/STAR/full_grid_solar_opacity/runs/T1p92015_rho3p24946em12/fac-opacity-cowan-state/starout.h5
1.9201515874025983,4.669725353279713e-12,fac-opacity-cowan-state,T1p92015_rho4p66973em12,0.3113702954943061,426.88201692747,0.5181394498625236,0.2067691539891248,ok,/home/elads/STAR/full_grid_solar_opacity/runs/T1p92015_rho4p66973em12/fac-opacity-cowan-state/starout.h5
1.9201515874025983,6.710759170575148e-12,fac-opacity-cowan-state,T1p92015_rho6p71076em12,0.31134852184367534,430.6221797048736,0.5471230419991056,0.23577451972315894,ok,/home/elads/STAR/full_grid_solar_opacity/runs/T1p92015_rho6p71076em12/fac-opacity-cowan-state/starout.h5
1.9201515874025983,9.64388379154446e-12,fac-opacity-cowan-state,T1p92015_rho9p64388em12,0.3113315175171618,433.82926264330376,0.5831109410878178,0.27177942307237285,ok,/home/elads/STAR/full_grid_solar_opacity/runs/T1p92015_rho9p64388em12/fac-opacity-cowan-state/starout.h5
1.9201515874025983,1.3859012403933867e-11,fac-opacity-cowan-state,T1p92015_rho1p3859em11,0.3113175126917509,436.70652808656706,0.6283982087608289,0.3170806954877391,ok,/home/elads/STAR/full_grid_solar_opacity/runs/T1p92015_rho1p3859em11/fac-opacity-cowan-state/starout.h5
1.9201515874025983,1.9916480638308542e-11,fac-opacity-cowan-state,T1p92015_rho1p99165em11,0.31130516635004035,439.5069515869809,0.6860386986214149,0.3747335315843341,ok,/home/elads/STAR/full_grid_solar_opacity/runs/T1p92015_rho1p99165em11/fac-opacity-cowan-state/starout.h5
1.9201515874025983,2.8621534453892672e-11,fac-opacity-cowan-state,T1p92015_rho2p86215em11,0.31129342555253553,442.5252868395556,0.7601058819018938,0.44881245552650095,ok,/home/elads/STAR/full_grid_solar_opacity/runs/T1p92015_rho2p86215em11/fac-opacity-cowan-state/starout.h5
1.9201515874025983,4.1131375034185614e-11,fac-opacity-cowan-state,T1p92015_rho4p11314em11,0.311281418774672,446.1064874171131,0.8560340113803085,0.5447525916068809,ok,/home/elads/STAR/full_grid_solar_opacity/runs/T1p92015_rho4p11314em11/fac-opacity-cowan-state/starout.h5
1.9201515874025983,5.910899064227969e-11,fac-opacity-cowan-state,T1p92015_rho5p9109em11,0.3112683053338451,450.6665902376633,0.9810944148767102,0.6698261083147984,ok,/home/elads/STAR/full_grid_solar_opacity/runs/T1p92015_rho5p9109em11/fac-opacity-cowan-state/starout.h5
1.9201515874025983,8.4944224982638e-11,fac-opacity-cowan-state,T1p92015_rho8p49442em11,0.3112531638191856,456.722867076922,1.1450910200732112,0.8338378547252591,ok,/home/elads/STAR/full_grid_solar_opacity/runs/T1p92015_rho8p49442em11/fac-opacity-cowan-state/starout.h5
1.9201515874025983,1.2207146966133182e-10,fac-opacity-cowan-state,T1p92015_rho1p22071em10,0.31123488247331554,464.93132772259975,1.3613192781506644,1.0500843937521127,ok,/home/elads/STAR/full_grid_solar_opacity/runs/T1p92015_rho1p22071em10/fac-opacity-cowan-state/starout.h5
1.9201515874025983,1.7542621300415897e-10,fac-opacity-cowan-state,T1p92015_rho1p75426em10,0.3112122014179256,476.1329774038738,1.6478643049933102,1.336652101124752,ok,/home/elads/STAR/full_grid_solar_opacity/runs/T1p92015_rho1p75426em10/fac-opacity-cowan-state/starout.h5
1.9201515874025983,2.52101136279913e-10,fac-opacity-cowan-state,T1p92015_rho2p52101em10,0.3111835107591256,491.4096201397512,2.0293470550895907,1.7181635411803657,ok,/home/elads/STAR/full_grid_solar_opacity/runs/T1p92015_rho2p52101em10/fac-opacity-cowan-state/starout.h5
1.9201515874025983,3.6228897509242966e-10,fac-opacity-cowan-state,T1p92015_rho3p62289em10,0.3111469259440362,512.162820934367,2.5393721634747104,2.228225233445424,ok,/home/elads/STAR/full_grid_solar_opacity/runs/T1p92015_rho3p62289em10/fac-opacity-cowan-state/starout.h5
1.9201515874025983,5.20637484663258e-10,fac-opacity-cowan-state,T1p92015_rho5p20637em10,0.31110021730020526,540.2321884713296,3.2234658715024,2.912365648862635,ok,/home/elads/STAR/full_grid_solar_opacity/runs/T1p92015_rho5p20637em10/fac-opacity-cowan-state/starout.h5
1.9201515874025983,7.481966305138837e-10,fac-opacity-cowan-state,T1p92015_rho7p48197em10,0.3110402406035989,578.0933230650584,4.142182584289813,3.8311423366621575,ok,/home/elads/STAR/full_grid_solar_opacity/runs/T1p92015_rho7p48197em10/fac-opacity-cowan-state/starout.h5
1.9201515874025983,1.0752168531898921e-09,fac-opacity-cowan-state,T1p92015_rho1p07522em09,0.31096243211321545,629.1821617854262,5.375136126254777,5.064173684856851,ok,/home/elads/STAR/full_grid_solar_opacity/runs/T1p92015_rho1p07522em09/fac-opacity-cowan-state/starout.h5
1.9201515874025983,1.5451703926941453e-09,fac-opacity-cowan-state,T1p92015_rho1p54517em09,0.3108602524812501,698.412137224105,7.027335755073415,6.716475490278104,ok,/home/elads/STAR/full_grid_solar_opacity/runs/T1p92015_rho1p54517em09/fac-opacity-cowan-state/starout.h5
1.9201515874025983,2.220530245015531e-09,fac-opacity-cowan-state,T1p92015_rho2p22053em09,0.31072397157453496,792.9412721131644,9.244436392369046,8.933712404415346,ok,/home/elads/STAR/full_grid_solar_opacity/runs/T1p92015_rho2p22053em09/fac-opacity-cowan-state/starout.h5
1.9201515874025983,3.1910749729235452e-09,fac-opacity-cowan-state,T1p92015_rho3p19107em09,0.3105395559154027,923.1545720648826,12.208637756749969,11.898098179020476,ok,/home/elads/STAR/full_grid_solar_opacity/runs/T1p92015_rho3p19107em09/fac-opacity-cowan-state/starout.h5
1.9201515874025983,4.585823366142813e-09,fac-opacity-cowan-state,T1p92015_rho4p58582em09,0.3102875603788139,1104.066200424005,16.17612335583884,15.86583576637144,ok,/home/elads/STAR/full_grid_solar_opacity/runs/T1p92015_rho4p58582em09/fac-opacity-cowan-state/starout.h5
1.9201515874025983,6.590185477903269e-09,fac-opacity-cowan-state,T1p92015_rho6p59019em09,0.3099410224640517,1357.1757022999543,21.499520706017233,21.189579644703976,ok,/home/elads/STAR/full_grid_solar_opacity/runs/T1p92015_rho6p59019em09/fac-opacity-cowan-state/starout.h5
1.9201515874025983,9.470610000772238e-09,fac-opacity-cowan-state,T1p92015_rho9p47061em09,0.30946445419343405,1712.7704775673044,28.637848843506333,28.328384337375343,ok,/home/elads/STAR/full_grid_solar_opacity/runs/T1p92015_rho9p47061em09/fac-opacity-cowan-state/starout.h5
1.9201515874025983,1.3610004466105506e-08,fac-opacity-cowan-state,T1p92015_rho1p361em08,0.3088122237330926,2213.0810561696208,38.1846047110843,37.875792417909324,ok,/home/elads/STAR/full_grid_solar_opacity/runs/T1p92015_rho1p361em08/fac-opacity-cowan-state/starout.h5
1.9201515874025983,1.9558636830395073e-08,fac-opacity-cowan-state,T1p92015_rho1p95586em08,0.307928371041849,2916.7555590761185,50.97138695120757,50.66345848727881,ok,/home/elads/STAR/full_grid_solar_opacity/runs/T1p92015_rho1p95586em08/fac-opacity-cowan-state/starout.h5
1.9201515874025983,2.810728502080722e-08,fac-opacity-cowan-state,T1p92015_rho2p81073em08,0.30674861296934286,3903.704847263492,67.99934701994563,67.69259828286793,ok,/home/elads/STAR/full_grid_solar_opacity/runs/T1p92015_rho2p81073em08/fac-opacity-cowan-state/starout.h5
1.9201515874025983,4.039235853150913e-08,fac-opacity-cowan-state,T1p92015_rho4p03924em08,0.3052056179312437,5282.96451847389,90.67559600487972,90.37039022126247,ok,/home/elads/STAR/full_grid_solar_opacity/runs/T1p92015_rho4p03924em08/fac-opacity-cowan-state/starout.h5
1.9201515874025983,5.804696634805446e-08,fac-opacity-cowan-state,T1p92015_rho5p8047em08,0.2756627602619565,6790.130098280826,139.19677646383502,138.92436657836558,ok,/home/elads/STAR/full_grid_solar_opacity/runs/T1p92015_rho5p8047em08/fac-opacity-cowan-state/starout.h5
1.9201515874025983,8.341801332506338e-08,fac-opacity-cowan-state,T1p92015_rho8p3418em08,0.2667319710694943,8605.699325999296,186.49878409848083,186.23642678958868,ok,/home/elads/STAR/full_grid_solar_opacity/runs/T1p92015_rho8p3418em08/fac-opacity-cowan-state/starout.h5
1.9201515874025983,1.1987818459583772e-07,fac-opacity-cowan-state,T1p92015_rho1p19878em07,0.2566904761288677,10836.344116854818,253.30093603952866,253.0497506223903,ok,/home/elads/STAR/full_grid_solar_opacity/runs/T1p92015_rho1p19878em07/fac-opacity-cowan-state/starout.h5
1.9201515874025983,1.7227429147699408e-07,fac-opacity-cowan-state,T1p92015_rho1p72274em07,0.24573610604154952,13582.604060699972,344.936415189595,344.69769256998075,ok,/home/elads/STAR/full_grid_solar_opacity/runs/T1p92015_rho1p72274em07/fac-opacity-cowan-state/starout.h5
1.9201515874025983,2.4757157946593376e-07,fac-opacity-cowan-state,T1p92015_rho2p47572em07,0.2341161775253176,17019.159797660846,479.25103195501873,479.02496747420895,ok,/home/elads/STAR/full_grid_solar_opacity/runs/T1p92015_rho2p47572em07/fac-opacity-cowan-state/starout.h5
1.9201515874025983,3.557796490339488e-07,fac-opacity-cowan-state,T1p92015_rho3p5578em07,0.2220857672245698,21448.326158652068,669.793792431884,669.5809755046865,ok,/home/elads/STAR/full_grid_solar_opacity/runs/T1p92015_rho3p5578em07/fac-opacity-cowan-state/starout.h5
1.9201515874025983,5.112830759482948e-07,fac-opacity-cowan-state,T1p92015_rho5p11283em07,0.20989237116726867,27268.328872096856,899.2602051998649,899.0606422416784,ok,/home/elads/STAR/full_grid_solar_opacity/runs/T1p92015_rho5p11283em07/fac-opacity-cowan-state/starout.h5
1.9201515874025983,7.347536163492159e-07,fac-opacity-cowan-state,T1p92015_rho7p34754em07,0.1977409285529273,35074.65191510984,1255.6959023261318,1255.5094438379836,ok,/home/elads/STAR/full_grid_solar_opacity/runs/T1p92015_rho7p34754em07/fac-opacity-cowan-state/starout.h5
1.9201515874025983,1.0558981944335787e-06,fac-opacity-cowan-state,T1p92015_rho1p0559em06,0.1857714217600158,45645.28179201056,1771.5551158140802,1771.3811166319492,ok,/home/elads/STAR/full_grid_solar_opacity/runs/T1p92015_rho1p0559em06/fac-opacity-cowan-state/starout.h5
1.9201515874025983,1.517407974863493e-06,fac-opacity-cowan-state,T1p92015_rho1p51741em06,0.17404188865631806,59942.76174579946,2461.4013640758535,2461.238827430958,ok,/home/elads/STAR/full_grid_solar_opacity/runs/T1p92015_rho1p51741em06/fac-opacity-cowan-state/starout.h5
1.9201515874025983,2.1806334875063253e-06,fac-opacity-cowan-state,T1p92015_rho2p18063em06,0.16250175933380176,79107.01547219983,3389.0140567625517,3388.8623600788565,ok,/home/elads/STAR/full_grid_solar_opacity/runs/T1p92015_rho2p18063em06/fac-opacity-cowan-state/starout.h5
1.9201515874025983,3.1337402238588983e-06,fac-opacity-cowan-state,T1p92015_rho3p13374em06,0.1510064913183435,104862.58687462937,5001.269537627605,5001.128023696903,ok,/home/elads/STAR/full_grid_solar_opacity/runs/T1p92015_rho3p13374em06/fac-opacity-cowan-state/starout.h5
1.9201515874025983,4.503428864545845e-06,fac-opacity-cowan-state,T1p92015_rho4p50343em06,0.13937910803179376,138173.77306190296,9541.582968445895,9541.452344682108,ok,/home/elads/STAR/full_grid_solar_opacity/runs/T1p92015_rho4p50343em06/fac-opacity-cowan-state/starout.h5
1.9201515874025983,6.471778159406801e-06,fac-opacity-cowan-state,T1p92015_rho6p47178em06,0.12741862711776075,177102.3289060927,7843.965485756101,7843.84482338928,ok,/home/elads/STAR/full_grid_solar_opacity/runs/T1p92015_rho6p47178em06/fac-opacity-cowan-state/starout.h5
1.9201515874025983,9.300449458481393e-06,fac-opacity-cowan-state,T1p92015_rho9p30045em06,0.11509053173916554,225968.58557236585,10634.252376445054,10634.14282196878,ok,/home/elads/STAR/full_grid_solar_opacity/runs/T1p92015_rho9p30045em06/fac-opacity-cowan-state/starout.h5
1.9201515874025983,1.3365470508911143e-05,fac-opacity-cowan-state,T1p92015_rho1p33655em05,0.10241100642054507,282403.0032734397,14068.327017065609,14068.229100307808,ok,/home/elads/STAR/full_grid_solar_opacity/runs/T1p92015_rho1p33655em05/fac-opacity-cowan-state/starout.h5
1.9201515874025983,1.920722248123928e-05,fac-opacity-cowan-state,T1p92015_rho1p92072em05,0.08957960066015218,344566.8080222006,15899.989539188731,15899.903479912036,ok,/home/elads/STAR/full_grid_solar_opacity/runs/T1p92015_rho1p92072em05/fac-opacity-cowan-state/starout.h5
1.9201515874025983,2.760227522090268e-05,fac-opacity-cowan-state,T1p92015_rho2p76023em05,0.0769534099360084,410999.36649582785,19962.970468243882,19962.89632986067,ok,/home/elads/STAR/full_grid_solar_opacity/runs/T1p92015_rho2p76023em05/fac-opacity-cowan-state/starout.h5
1.9201515874025983,3.966662010161191e-05,fac-opacity-cowan-state,T1p92015_rho3p96666em05,0.06510209262398009,477972.52763808705,24149.704780659515,24149.641889450104,ok,/home/elads/STAR/full_grid_solar_opacity/runs/T1p92015_rho3p96666em05/fac-opacity-cowan-state/starout.h5
1.9201515874025983,5.7004023678963655e-05,fac-opacity-cowan-state,T1p92015_rho5p7004em05,0.05473347971793576,538039.6043775055,20311.223836742425,20311.170768607506,ok,/home/elads/STAR/full_grid_solar_opacity/runs/T1p92015_rho5p7004em05/fac-opacity-cowan-state/starout.h5
1.9201515874025983,8.191922344953684e-05,fac-opacity-cowan-state,T1p92015_rho8p19192em05,0.04623015693409019,591442.4142600993,22316.598632151912,22316.55366969826,ok,/home/elads/STAR/full_grid_solar_opacity/runs/T1p92015_rho8p19192em05/fac-opacity-cowan-state/starout.h5
1.9201515874025983,0.00011772430676769293,fac-opacity-cowan-state,T1p92015_rho0p000117724,0.03942882912134599,636355.3989505896,24091.756402896925,24091.717924008397,ok,/home/elads/STAR/full_grid_solar_opacity/runs/T1p92015_rho0p000117724/fac-opacity-cowan-state/starout.h5
1.9201515874025983,0.00016917900122028344,fac-opacity-cowan-state,T1p92015_rho0p000169179,0.033933149331545086,674282.2717537312,25549.275103888835,25549.2418693493,ok,/home/elads/STAR/full_grid_solar_opacity/runs/T1p92015_rho0p000169179/fac-opacity-cowan-state/starout.h5
1.9201515874025983,0.0002431234061999784,fac-opacity-cowan-state,T1p92015_rho0p000243123,0.029348198519990144,706879.1455635153,26953.16916220936,26953.14031915911,ok,/home/elads/STAR/full_grid_solar_opacity/runs/T1p92015_rho0p000243123/fac-opacity-cowan-state/starout.h5
1.9201515874025983,0.0003493872774749123,fac-opacity-cowan-state,T1p92015_rho0p000349387,0.02536770191540118,735241.7203766902,28201.32622747411,28201.30121758582,ok,/home/elads/STAR/full_grid_solar_opacity/runs/T1p92015_rho0p000349387/fac-opacity-cowan-state/starout.h5
1.9201515874025983,0.0005020967399614471,fac-opacity-cowan-state,T1p92015_rho0p000502097,0.021775920202844946,759786.0243960152,29358.382332964575,29358.360804505603,ok,/home/elads/STAR/full_grid_solar_opacity/runs/T1p92015_rho0p000502097/fac-opacity-cowan-state/starout.h5
1.9201515874025983,0.0007215521357901021,fac-opacity-cowan-state,T1p92015_rho0p000721552,0.018420224326002314,780180.0136677771,30245.40468962045,30245.386435184024,ok,/home/elads/STAR/full_grid_solar_opacity/runs/T1p92015_rho0p000721552/fac-opacity-cowan-state/starout.h5
1.9201515874025983,0.0010369266382873438,fac-opacity-cowan-state,T1p92015_rho0p00103693,0.015247248256579074,795661.182652337,30882.307123485596,30882.291982116134,ok,/home/elads/STAR/full_grid_solar_opacity/runs/T1p92015_rho0p00103693/fac-opacity-cowan-state/starout.h5
1.9201515874025983,0.0014901443705277455,fac-opacity-cowan-state,T1p92015_rho0p00149014,0.012259562302302345,805330.796316658,31139.666042927915,31139.653845775698,ok,/home/elads/STAR/full_grid_solar_opacity/runs/T1p92015_rho0p00149014/fac-opacity-cowan-state/starout.h5
1.9201515874025983,0.002141453563853953,fac-opacity-cowan-state,T1p92015_rho0p00214145,0.009475164245294914,808676.072902139,30807.32081602329,30807.31137234669,ok,/home/elads/STAR/full_grid_solar_opacity/runs/T1p92015_rho0p00214145/fac-opacity-cowan-state/starout.h5
1.9201515874025983,0.003077435620898055,fac-opacity-cowan-state,T1p92015_rho0p00307744,0.007042852133862664,806058.6110062749,30074.74616226544,30074.739129075057,ok,/home/elads/STAR/full_grid_solar_opacity/runs/T1p92015_rho0p00307744/fac-opacity-cowan-state/starout.h5
1.9201515874025983,0.004422514763163053,fac-opacity-cowan-state,T1p92015_rho0p00442251,0.0050317524034644585,798771.58636456,29114.90461402201,29114.899576553187,ok,/home/elads/STAR/full_grid_solar_opacity/runs/T1p92015_rho0p00442251/fac-opacity-cowan-state/starout.h5
1.9201515874025983,0.006355498291362301,fac-opacity-cowan-state,T1p92015_rho0p0063555,0.0035347293209719737,788649.3738641306,28076.46727484215,28076.463723441007,ok,/home/elads/STAR/full_grid_solar_opacity/runs/T1p92015_rho0p0063555/fac-opacity-cowan-state/starout.h5
1.9201515874025983,0.009133346228248624,fac-opacity-cowan-state,T1p92015_rho0p00913335,0.002433881067406897,777477.8025285293,26959.545196797833,26959.542738717835,ok,/home/elads/STAR/full_grid_solar_opacity/runs/T1p92015_rho0p00913335/fac-opacity-cowan-state/starout.h5
1.9201515874025983,0.01312533014735226,fac-opacity-cowan-state,T1p92015_rho0p0131253,0.0015669050496215822,766600.9240075909,25937.73271018442,25937.73111393686,ok,/home/elads/STAR/full_grid_solar_opacity/runs/T1p92015_rho0p0131253/fac-opacity-cowan-state/starout.h5
1.9201515874025983,0.018862122071335155,fac-opacity-cowan-state,T1p92015_rho0p0188621,0.0014765154697824216,756911.2940376546,25108.01721949241,25108.01570961906,ok,/home/elads/STAR/full_grid_solar_opacity/runs/T1p92015_rho0p0188621/fac-opacity-cowan-state/starout.h5
1.9201515874025983,0.02710633904364831,fac-opacity-cowan-state,T1p92015_rho0p0271063,0.0017408850185832811,750844.5777308522,24563.551008535105,24563.54923098655,ok,/home/elads/STAR/full_grid_solar_opacity/runs/T1p92015_rho0p0271063/fac-opacity-cowan-state/starout.h5
1.9201515874025983,0.038953921174427183,fac-opacity-cowan-state,T1p92015_rho0p0389539,0.0021646037186491556,753746.1586924968,24432.635575209406,24432.633370925796,ok,/home/elads/STAR/full_grid_solar_opacity/runs/T1p92015_rho0p0389539/fac-opacity-cowan-state/starout.h5
1.9201515874025983,0.0559798197912329,fac-opacity-cowan-state,T1p92015_rho0p0559798,0.002586338240853214,768207.4945501729,24762.25109571791,24762.24846686546,ok,/home/elads/STAR/full_grid_solar_opacity/runs/T1p92015_rho0p0559798/fac-opacity-cowan-state/starout.h5
1.9201515874025983,0.08044736266284185,fac-opacity-cowan-state,T1p92015_rho0p0804474,0.003537392077081307,790989.9802498308,25336.227706667276,25336.224123888554,ok,/home/elads/STAR/full_grid_solar_opacity/runs/T1p92015_rho0p0804474/fac-opacity-cowan-state/starout.h5
1.9201515874025983,0.11560912813835741,fac-opacity-cowan-state,T1p92015_rho0p115609,0.003418158731757369,812917.8302767976,25901.341117281405,25901.337652156664,ok,/home/elads/STAR/full_grid_solar_opacity/runs/T1p92015_rho0p115609/fac-opacity-cowan-state/starout.h5
1.9201515874025983,0.1661393247274789,fac-opacity-cowan-state,T1p92015_rho0p166139,0.0034978364540187126,826433.9821663239,26171.731898933424,26171.728353196275,ok,/home/elads/STAR/full_grid_solar_opacity/runs/T1p92015_rho0p166139/fac-opacity-cowan-state/starout.h5
1.9201515874025983,0.23875515424585794,fac-opacity-cowan-state,T1p92015_rho0p238755,0.003477444923234091,834866.8560290342,26103.010990011215,26103.00746458857,ok,/home/elads/STAR/full_grid_solar_opacity/runs/T1p92015_rho0p238755/fac-opacity-cowan-state/starout.h5
1.9201515874025983,0.34310975906798746,fac-opacity-cowan-state,T1p92015_rho0p34311,0.0033044392933838686,836517.7242818315,26179.516353095547,26179.513000497685,ok,/home/elads/STAR/full_grid_solar_opacity/runs/T1p92015_rho0p34311/fac-opacity-cowan-state/starout.h5
1.9201515874025983,0.49307545690287347,fac-opacity-cowan-state,T1p92015_rho0p493075,0.0030192423211562024,829889.0361827518,26404.735096113858,26404.73202832207,ok,/home/elads/STAR/full_grid_solar_opacity/runs/T1p92015_rho0p493075/fac-opacity-cowan-state/starout.h5
1.9201515874025983,0.7085878491488851,fac-opacity-cowan-state,T1p92015_rho0p708588,0.0028046364266473404,813103.4180546061,26856.557179160565,26856.55432516896,ok,/home/elads/STAR/full_grid_solar_opacity/runs/T1p92015_rho0p708588/fac-opacity-cowan-state/starout.h5
1.9201515874025983,1.0182959482819007,fac-opacity-cowan-state,T1p92015_rho1p0183,0.002725514958792687,783355.243956075,26537.083855325505,26537.08108105937,ok,/home/elads/STAR/full_grid_solar_opacity/runs/T1p92015_rho1p0183/fac-opacity-cowan-state/starout.h5
1.9201515874025983,1.4633706173946401,fac-opacity-cowan-state,T1p92015_rho1p46337,0.0027825999200505377,736186.1925847605,24877.621447256635,24877.618618960176,ok,/home/elads/STAR/full_grid_solar_opacity/runs/T1p92015_rho1p46337/fac-opacity-cowan-state/starout.h5
1.9201515874025983,2.1029775945461404,fac-opacity-cowan-state,T1p92015_rho2p10298,0.003035231170236002,663330.739062023,22039.34645088176,22039.343375161996,ok,/home/elads/STAR/full_grid_solar_opacity/runs/T1p92015_rho2p10298/fac-opacity-cowan-state/starout.h5
1.9201515874025983,3.0221426551783854,fac-opacity-cowan-state,T1p92015_rho3p02214,0.003636297851268689,551361.8546924009,17772.15547805405,17772.151809084946,ok,/home/elads/STAR/full_grid_solar_opacity/runs/T1p92015_rho3p02214/fac-opacity-cowan-state/starout.h5
1.9201515874025983,4.343054463316713,fac-opacity-cowan-state,T1p92015_rho4p34305,0.004804371473467303,397218.91289571323,12566.32681470328,12566.32198718453,ok,/home/elads/STAR/full_grid_solar_opacity/runs/T1p92015_rho4p34305/fac-opacity-cowan-state/starout.h5
1.9201515874025983,6.241307649397467,fac-opacity-cowan-state,T1p92015_rho6p24131,0.007286328728231755,232635.1876557937,7417.925819185197,7417.918519099324,ok,/home/elads/STAR/full_grid_solar_opacity/runs/T1p92015_rho6p24131/fac-opacity-cowan-state/starout.h5
1.9201515874025983,8.969245378672715,fac-opacity-cowan-state,T1p92015_rho8p96925,0.009458791955223412,140675.6303972688,4559.34908121093,4559.339613861262,ok,/home/elads/STAR/full_grid_solar_opacity/runs/T1p92015_rho8p96925/fac-opacity-cowan-state/starout.h5
1.9201515874025983,12.889504440725364,fac-opacity-cowan-state,T1p92015_rho12p8895,0.00750857949419459,123325.98104066831,4126.667594210341,4126.66007790787,ok,/home/elads/STAR/full_grid_solar_opacity/runs/T1p92015_rho12p8895/fac-opacity-cowan-state/starout.h5
1.9201515874025983,18.52322215674118,fac-opacity-cowan-state,T1p92015_rho18p5232,0.005948938209930382,108138.22202386285,3830.4185053537863,3830.412549269386,ok,/home/elads/STAR/full_grid_solar_opacity/runs/T1p92015_rho18p5232/fac-opacity-cowan-state/starout.h5
1.9201515874025983,26.61931346126126,fac-opacity-cowan-state,T1p92015_rho26p6193,0.004705609645971749,95541.66766928513,3586.1649174525087,3586.1602051717055,ok,/home/elads/STAR/full_grid_solar_opacity/runs/T1p92015_rho26p6193/fac-opacity-cowan-state/starout.h5
1.9201515874025983,38.254027466328665,fac-opacity-cowan-state,T1p92015_rho38p254,0.003658378776057891,85765.080385423,4149.687142588306,4149.683476529051,ok,/home/elads/STAR/full_grid_solar_opacity/runs/T1p92015_rho38p254/fac-opacity-cowan-state/starout.h5
1.9201515874025983,54.97401800103719,fac-opacity-cowan-state,T1p92015_rho54p974,0.0028580796900535533,77706.32651267276,3965.2723119828834,3965.2694465775057,ok,/home/elads/STAR/full_grid_solar_opacity/runs/T1p92015_rho54p974/fac-opacity-cowan-state/starout.h5
1.9201515874025983,79.0019471240894,fac-opacity-cowan-state,T1p92015_rho79p0019,0.002147439913995182,71347.79164306089,3952.468307406667,3952.4661526794916,ok,/home/elads/STAR/full_grid_solar_opacity/runs/T1p92015_rho79p0019/fac-opacity-cowan-state/starout.h5
1.9201515874025983,113.53195339077567,fac-opacity-cowan-state,T1p92015_rho113p532,0.0009774675636171678,66217.26419229001,4174.663557054376,4174.662571915287,ok,/home/elads/STAR/full_grid_solar_opacity/runs/T1p92015_rho113p532/fac-opacity-cowan-state/starout.h5
1.9201515874025983,163.15426277379785,fac-opacity-cowan-state,T1p92015_rho163p154,0.014116802872027656,59794.736633276574,3147.53226062514,3147.5181377847302,ok,/home/elads/STAR/full_grid_solar_opacity/runs/T1p92015_rho163p154/fac-opacity-cowan-state/starout.h5
1.9201515874025983,234.46538763970608,fac-opacity-cowan-state,T1p92015_rho234p465,0.04586730104505662,57278.03766148364,10759.60752081042,10759.561632925224,ok,/home/elads/STAR/full_grid_solar_opacity/runs/T1p92015_rho234p465/fac-opacity-cowan-state/starout.h5
1.9201515874025983,336.94503022121665,fac-opacity-cowan-state,T1p92015_rho336p945,0.05460843462437156,56245.465225315216,14176.489258995796,14176.434623546016,ok,/home/elads/STAR/full_grid_solar_opacity/runs/T1p92015_rho336p945/fac-opacity-cowan-state/starout.h5
1.9201515874025983,484.21626123015125,fac-opacity-cowan-state,T1p92015_rho484p216,0.0619470112395156,52354.24097506617,11137.554177548396,11137.492208938898,ok,/home/elads/STAR/full_grid_solar_opacity/runs/T1p92015_rho484p216/fac-opacity-cowan-state/starout.h5
1.9201515874025983,695.8564947100452,fac-opacity-cowan-state,T1p92015_rho695p856,0.11426330647187953,52324.62900174613,14766.95322953985,14766.838937033512,ok,/home/elads/STAR/full_grid_solar_opacity/runs/T1p92015_rho695p856/fac-opacity-cowan-state/starout.h5
1.9201515874025983,1000.0,fac-opacity-cowan-state,T1p92015_rho1000,0.13511314079320214,49125.22961922001,11890.604178610154,11890.469041140499,ok,/home/elads/STAR/full_grid_solar_opacity/runs/T1p92015_rho1000/fac-opacity-cowan-state/starout.h5
2.1138584840212618,1e-17,fac-opacity-cowan-state,T2p11386_rho1em17,0.33994674149660353,138.33768301279187,0.38908427176654364,0.04913753020218274,ok,/home/elads/STAR/full_grid_solar_opacity/runs/T2p11386_rho1em17/fac-opacity-cowan-state/starout.h5
2.1138584840212618,1.4370779141993746e-17,fac-opacity-cowan-state,T2p11386_rho1p43708em17,0.3399385079593853,137.516925202433,0.390412373404038,0.05047386537505251,ok,/home/elads/STAR/full_grid_solar_opacity/runs/T2p11386_rho1p43708em17/fac-opacity-cowan-state/starout.h5
2.1138584840212618,2.065192931479625e-17,fac-opacity-cowan-state,T2p11386_rho2p06519em17,0.3399306831258915,137.41846027047896,0.39178141594532795,0.05185073274793775,ok,/home/elads/STAR/full_grid_solar_opacity/runs/T2p11386_rho2p06519em17/fac-opacity-cowan-state/starout.h5
2.1138584840212618,2.9678431503900313e-17,fac-opacity-cowan-state,T2p11386_rho2p96784em17,0.3399229282374008,138.3262549544039,0.3931771666053736,0.05325423829453882,ok,/home/elads/STAR/full_grid_solar_opacity/runs/T2p11386_rho2p96784em17/fac-opacity-cowan-state/starout.h5
2.1138584840212618,4.2650218442334076e-17,fac-opacity-cowan-state,T2p11386_rho4p26502em17,0.33991477825080396,140.54000564807498,0.39460020592553974,0.054685427599328325,ok,/home/elads/STAR/full_grid_solar_opacity/runs/T2p11386_rho4p26502em17/fac-opacity-cowan-state/starout.h5
2.1138584840212618,6.129168695925715e-17,fac-opacity-cowan-state,T2p11386_rho6p12917em17,0.3399056049010247,144.3995171753725,0.3960725569938427,0.05616695201536771,ok,/home/elads/STAR/full_grid_solar_opacity/runs/T2p11386_rho6p12917em17/fac-opacity-cowan-state/starout.h5
2.1138584840212618,8.808092965317026e-17,fac-opacity-cowan-state,T2p11386_rho8p80809em17,0.3398945712151378,150.30595496682304,0.3976340908841514,0.05773951958939481,ok,/home/elads/STAR/full_grid_solar_opacity/runs/T2p11386_rho8p80809em17/fac-opacity-cowan-state/starout.h5
2.1138584840212618,1.2657915866672028e-16,fac-opacity-cowan-state,T2p11386_rho1p26579em16,0.3398805669019833,158.71997491320948,0.39932695785391203,0.05944639086995662,ok,/home/elads/STAR/full_grid_solar_opacity/runs/T2p11386_rho1p26579em16/fac-opacity-cowan-state/starout.h5
2.1138584840212618,1.819041133178821e-16,fac-opacity-cowan-state,T2p11386_rho1p81904em16,0.33986211688217655,170.11596152121345,0.40117232116429236,0.06131020419757303,ok,/home/elads/STAR/full_grid_solar_opacity/runs/T2p11386_rho1p81904em16/fac-opacity-cowan-state/starout.h5
2.1138584840212618,2.6141038375114865e-16,fac-opacity-cowan-state,T2p11386_rho2p6141em16,0.339837256616502,184.87536112112892,0.4031569400090214,0.0633196833052057,ok,/home/elads/STAR/full_grid_solar_opacity/runs/T2p11386_rho2p6141em16/fac-opacity-cowan-state/starout.h5
2.1138584840212618,3.7566708903116036e-16,fac-opacity-cowan-state,T2p11386_rho3p75667em16,0.3398033609326678,203.12007630651013,0.40524091651796457,0.06543755549506292,ok,/home/elads/STAR/full_grid_solar_opacity/runs/T2p11386_rho3p75667em16/fac-opacity-cowan-state/starout.h5
2.1138584840212618,5.398628767382507e-16,fac-opacity-cowan-state,T2p11386_rho5p39863em16,0.3397568945449166,224.5275867473996,0.4073676144181499,0.06761071978000256,ok,/home/elads/STAR/full_grid_solar_opacity/runs/T2p11386_rho5p39863em16/fac-opacity-cowan-state/starout.h5
2.1138584840212618,7.758250168566793e-16,fac-opacity-cowan-state,T2p11386_rho7p75825em16,0.33969302735508444,248.22015669927177,0.40947124779383987,0.06977822034253595,ok,/home/elads/STAR/full_grid_solar_opacity/runs/T2p11386_rho7p75825em16/fac-opacity-cowan-state/starout.h5
2.1138584840212618,1.1149209970080914e-15,fac-opacity-cowan-state,T2p11386_rho1p11492em15,0.3396050412709061,272.83332875545574,0.4114939933759538,0.0718889520059173,ok,/home/elads/STAR/full_grid_solar_opacity/runs/T2p11386_rho1p11492em15/fac-opacity-cowan-state/starout.h5
2.1138584840212618,1.6022283408774753e-15,fac-opacity-cowan-state,T2p11386_rho1p60223em15,0.33948346674610363,296.79374045787324,0.4133987538156376,0.07391528696761013,ok,/home/elads/STAR/full_grid_solar_opacity/runs/T2p11386_rho1p60223em15/fac-opacity-cowan-state/starout.h5
2.1138584840212618,2.3025269621793266e-15,fac-opacity-cowan-state,T2p11386_rho2p30253em15,0.33931493255871864,318.700520859669,0.41516896476246534,0.07585403209914855,ok,/home/elads/STAR/full_grid_solar_opacity/runs/T2p11386_rho2p30253em15/fac-opacity-cowan-state/starout.h5
2.1138584840212618,3.308910644196489e-15,fac-opacity-cowan-state,T2p11386_rho3p30891em15,0.33908077827487754,337.6266704674789,0.41680468678890253,0.07772390840684953,ok,/home/elads/STAR/full_grid_solar_opacity/runs/T2p11386_rho3p30891em15/fac-opacity-cowan-state/starout.h5
2.1138584840212618,4.755162406834019e-15,fac-opacity-cowan-state,T2p11386_rho4p75516em15,0.33875556557699615,353.2178032035205,0.41831788780658213,0.07956232211987507,ok,/home/elads/STAR/full_grid_solar_opacity/runs/T2p11386_rho4p75516em15/fac-opacity-cowan-state/starout.h5
2.1138584840212618,6.8335388732923106e-15,fac-opacity-cowan-state,T2p11386_rho6p83354em15,0.3383057746649262,365.6013198829299,0.4197222658114772,0.08141649103428346,ok,/home/elads/STAR/full_grid_solar_opacity/runs/T2p11386_rho6p83354em15/fac-opacity-cowan-state/starout.h5
2.1138584840212618,9.820327790631256e-15,fac-opacity-cowan-state,T2p11386_rho9p82033em15,0.33768925987546955,375.20587665665454,0.4210186160791996,0.08332935608882439,ok,/home/elads/STAR/full_grid_solar_opacity/runs/T2p11386_rho9p82033em15/fac-opacity-cowan-state/starout.h5
2.1138584840212618,1.4112576178114521e-14,fac-opacity-cowan-state,T2p11386_rho1p41126em14,0.33685648862611817,382.5868258466884,0.42218573718327235,0.08532924843949109,ok,/home/elads/STAR/full_grid_solar_opacity/runs/T2p11386_rho1p41126em14/fac-opacity-cowan-state/starout.h5
2.1138584840212618,2.0280871538024598e-14,fac-opacity-cowan-state,T2p11386_rho2p02809em14,0.33575506186626874,388.30329883499974,0.42318446051469216,0.0874293985278648,ok,/home/elads/STAR/full_grid_solar_opacity/runs/T2p11386_rho2p02809em14/fac-opacity-cowan-state/starout.h5
2.1138584840212618,2.914519256800997e-14,fac-opacity-cowan-state,T2p11386_rho2p91452em14,0.33433905311003353,392.8493228295608,0.4239728512897158,0.08963379805608328,ok,/home/elads/STAR/full_grid_solar_opacity/runs/T2p11386_rho2p91452em14/fac-opacity-cowan-state/starout.h5
2.1138584840212618,4.188391254457488e-14,fac-opacity-cowan-state,T2p11386_rho4p18839em14,0.33258352296587,396.62303194846,0.42452781210894064,0.09194428901628578,ok,/home/elads/STAR/full_grid_solar_opacity/runs/T2p11386_rho4p18839em14/fac-opacity-cowan-state/starout.h5
2.1138584840212618,6.019044567806669e-14,fac-opacity-cowan-state,T2p11386_rho6p01904em14,0.3305015251128907,399.9185620525877,0.42486969959372256,0.09436817435070408,ok,/home/elads/STAR/full_grid_solar_opacity/runs/T2p11386_rho6p01904em14/fac-opacity-cowan-state/starout.h5
2.1138584840212618,8.649836012976684e-14,fac-opacity-cowan-state,T2p11386_rho8p64984em14,0.3281568086234167,402.9329928713011,0.425085935269939,0.0969291265128635,ok,/home/elads/STAR/full_grid_solar_opacity/runs/T2p11386_rho8p64984em14/fac-opacity-cowan-state/starout.h5
2.1138584840212618,1.2430488295695167e-13,fac-opacity-cowan-state,T2p11386_rho1p24305em13,0.3256634225720982,405.78670746284723,0.4253477340346081,0.09968431132505212,ok,/home/elads/STAR/full_grid_solar_opacity/runs/T2p11386_rho1p24305em13/fac-opacity-cowan-state/starout.h5
2.1138584840212618,1.7863580192457348e-13,fac-opacity-cowan-state,T2p11386_rho1p78636em13,0.32316737924388916,408.5555487916885,0.42591542736724075,0.10274804798166863,ok,/home/elads/STAR/full_grid_solar_opacity/runs/T2p11386_rho1p78636em13/fac-opacity-cowan-state/starout.h5
2.1138584840212618,2.567135656310987e-13,fac-opacity-cowan-state,T2p11386_rho2p56714em13,0.3208150793137779,411.3087155389953,0.4271291899040425,0.10631411044366507,ok,/home/elads/STAR/full_grid_solar_opacity/runs/T2p11386_rho2p56714em13/fac-opacity-cowan-state/starout.h5
2.1138584840212618,3.6891739544382357e-13,fac-opacity-cowan-state,T2p11386_rho3p68917em13,0.31872165333127767,414.14293147328954,0.42937962206601415,0.11065796858214648,ok,/home/elads/STAR/full_grid_solar_opacity/runs/T2p11386_rho3p68917em13/fac-opacity-cowan-state/starout.h5
2.1138584840212618,5.301630411562758e-13,fac-opacity-cowan-state,T2p11386_rho5p30163em13,0.3169523635345298,417.2048481868299,0.4330584095603695,0.11610604586573732,ok,/home/elads/STAR/full_grid_solar_opacity/runs/T2p11386_rho5p30163em13/fac-opacity-cowan-state/starout.h5
2.1138584840212618,7.618855973704612e-13,fac-opacity-cowan-state,T2p11386_rho7p61886em13,0.3155218286372646,420.6986065482149,0.43851351790888743,0.12299168910202554,ok,/home/elads/STAR/full_grid_solar_opacity/runs/T2p11386_rho7p61886em13/fac-opacity-cowan-state/starout.h5
2.1138584840212618,1.0948889651276868e-12,fac-opacity-cowan-state,T2p11386_rho1p09489em12,0.31440639093077666,424.87848694670197,0.4460603493985269,0.1316539582862082,ok,/home/elads/STAR/full_grid_solar_opacity/runs/T2p11386_rho1p09489em12/fac-opacity-cowan-state/starout.h5
2.1138584840212618,1.5734407502856082e-12,fac-opacity-cowan-state,T2p11386_rho1p57344em12,0.3135609700679467,430.0255592040061,0.4560540405828311,0.14249307031839598,ok,/home/elads/STAR/full_grid_solar_opacity/runs/T2p11386_rho1p57344em12/fac-opacity-cowan-state/starout.h5
2.1138584840212618,2.26115695153675e-12,fac-opacity-cowan-state,T2p11386_rho2p26116em12,0.312933597628358,436.40414474517826,0.4689169073379413,0.15598330949449274,ok,/home/elads/STAR/full_grid_solar_opacity/runs/T2p11386_rho2p26116em12/fac-opacity-cowan-state/starout.h5
2.1138584840212618,3.249458715591849e-12,fac-opacity-cowan-state,T2p11386_rho3p24946em12,0.312474888817659,444.19489762691506,0.48506057713762385,0.17258568808198105,ok,/home/elads/STAR/full_grid_solar_opacity/runs/T2p11386_rho3p24946em12/fac-opacity-cowan-state/starout.h5
2.1138584840212618,4.669725353279713e-12,fac-opacity-cowan-state,T2p11386_rho4p66973em12,0.3121426698162477,453.4125884433175,0.5048479127765265,0.19270524269455097,ok,/home/elads/STAR/full_grid_solar_opacity/runs/T2p11386_rho4p66973em12/fac-opacity-cowan-state/starout.h5
2.1138584840212618,6.710759170575148e-12,fac-opacity-cowan-state,T2p11386_rho6p71076em12,0.3119033157307678,463.8377743265615,0.5287312739792367,0.21682795794947726,ok,/home/elads/STAR/full_grid_solar_opacity/runs/T2p11386_rho6p71076em12/fac-opacity-cowan-state/starout.h5
2.1138584840212618,9.64388379154446e-12,fac-opacity-cowan-state,T2p11386_rho9p64388em12,0.3117311986348248,475.0081451429323,0.5574854357344428,0.24575423676073951,ok,/home/elads/STAR/full_grid_solar_opacity/runs/T2p11386_rho9p64388em12/fac-opacity-cowan-state/starout.h5
2.1138584840212618,1.3859012403933867e-11,fac-opacity-cowan-state,T2p11386_rho1p3859em11,0.31160737556810364,486.30347473684753,0.5924231756952212,0.2808157997398913,ok,/home/elads/STAR/full_grid_solar_opacity/runs/T2p11386_rho1p3859em11/fac-opacity-cowan-state/starout.h5
2.1138584840212618,1.9916480638308542e-11,fac-opacity-cowan-state,T2p11386_rho1p99165em11,0.3115180646678668,497.1064280412227,0.6355639512656232,0.3240458861509194,ok,/home/elads/STAR/full_grid_solar_opacity/runs/T2p11386_rho1p99165em11/fac-opacity-cowan-state/starout.h5
2.1138584840212618,2.8621534453892672e-11,fac-opacity-cowan-state,T2p11386_rho2p86215em11,0.3114532729926243,506.96958904327664,0.6897545417091127,0.37830126819483667,ok,/home/elads/STAR/full_grid_solar_opacity/runs/T2p11386_rho2p86215em11/fac-opacity-cowan-state/starout.h5
2.1138584840212618,4.1131375034185614e-11,fac-opacity-cowan-state,T2p11386_rho4p11314em11,0.31140573416465306,515.7158075405974,0.7588133405931509,0.447407605811553,ok,/home/elads/STAR/full_grid_solar_opacity/runs/T2p11386_rho4p11314em11/fac-opacity-cowan-state/starout.h5
2.1138584840212618,5.910899064227969e-11,fac-opacity-cowan-state,T2p11386_rho5p9109em11,0.3113701002649204,523.449443862412,0.8478101283405051,0.5364400273358702,ok,/home/elads/STAR/full_grid_solar_opacity/runs/T2p11386_rho5p9109em11/fac-opacity-cowan-state/starout.h5
2.1138584840212618,8.4944224982638e-11,fac-opacity-cowan-state,T2p11386_rho8p49442em11,0.3113423935936816,530.5094902247381,0.9635045178759429,0.652162123382974,ok,/home/elads/STAR/full_grid_solar_opacity/runs/T2p11386_rho8p49442em11/fac-opacity-cowan-state/starout.h5
2.1138584840212618,1.2207146966133182e-10,fac-opacity-cowan-state,T2p11386_rho1p22071em10,0.3113195899456746,537.4140638082257,1.1150120208285277,0.8036924297746161,ok,/home/elads/STAR/full_grid_solar_opacity/runs/T2p11386_rho1p22071em10/fac-opacity-cowan-state/starout.h5
2.1138584840212618,1.7542621300415897e-10,fac-opacity-cowan-state,T2p11386_rho1p75426em10,0.3112994045154894,544.8311341163658,1.3148108598050965,1.0035114539058319,ok,/home/elads/STAR/full_grid_solar_opacity/runs/T2p11386_rho1p75426em10/fac-opacity-cowan-state/starout.h5
2.1138584840212618,2.52101136279913e-10,fac-opacity-cowan-state,T2p11386_rho2p52101em10,0.31127990182460447,553.5864671725762,1.5802651154281004,1.2689852118536518,ok,/home/elads/STAR/full_grid_solar_opacity/runs/T2p11386_rho2p52101em10/fac-opacity-cowan-state/starout.h5
2.1138584840212618,3.6228897509242966e-10,fac-opacity-cowan-state,T2p11386_rho3p62289em10,0.3112593861581908,564.7125046689749,1.935980366854332,1.624720978455762,ok,/home/elads/STAR/full_grid_solar_opacity/runs/T2p11386_rho3p62289em10/fac-opacity-cowan-state/starout.h5
2.1138584840212618,5.20637484663258e-10,fac-opacity-cowan-state,T2p11386_rho5p20637em10,0.3112362708627048,579.5305779401401,2.4170212170985597,2.105784943332121,ok,/home/elads/STAR/full_grid_solar_opacity/runs/T2p11386_rho5p20637em10/fac-opacity-cowan-state/starout.h5
2.1138584840212618,7.481966305138837e-10,fac-opacity-cowan-state,T2p11386_rho7p48197em10,0.31120868078174363,599.7712051512232,3.0729918867405273,2.7617832021504714,ok,/home/elads/STAR/full_grid_solar_opacity/runs/T2p11386_rho7p48197em10/fac-opacity-cowan-state/starout.h5
2.1138584840212618,1.0752168531898921e-09,fac-opacity-cowan-state,T2p11386_rho1p07522em09,0.31117435167097485,627.7335603885916,3.9729850366680592,3.6618106799476955,ok,/home/elads/STAR/full_grid_solar_opacity/runs/T2p11386_rho1p07522em09/fac-opacity-cowan-state/starout.h5
2.1138584840212618,1.5451703926941453e-09,fac-opacity-cowan-state,T2p11386_rho1p54517em09,0.31113067063829636,666.5107212271118,5.211835825999489,4.900705148603454,ok,/home/elads/STAR/full_grid_solar_opacity/runs/T2p11386_rho1p54517em09/fac-opacity-cowan-state/starout.h5
2.1138584840212618,2.220530245015531e-09,fac-opacity-cowan-state,T2p11386_rho2p22053em09,0.3110742885371839,720.3106961006645,6.920018114188788,6.60894381653832,ok,/home/elads/STAR/full_grid_solar_opacity/runs/T2p11386_rho2p22053em09/fac-opacity-cowan-state/starout.h5
2.1138584840212618,3.1910749729235452e-09,fac-opacity-cowan-state,T2p11386_rho3p19107em09,0.3110008661816251,794.8785133940031,9.261504665629305,8.95050378710554,ok,/home/elads/STAR/full_grid_solar_opacity/runs/T2p11386_rho3p19107em09/fac-opacity-cowan-state/starout.h5
2.1138584840212618,4.585823366142813e-09,fac-opacity-cowan-state,T2p11386_rho4p58582em09,0.3109043594468215,898.261289751888,12.46381009322354,12.152905717018685,ok,/home/elads/STAR/full_grid_solar_opacity/runs/T2p11386_rho4p58582em09/fac-opacity-cowan-state/starout.h5
2.1138584840212618,6.590185477903269e-09,fac-opacity-cowan-state,T2p11386_rho6p59019em09,0.31077643746193634,1041.7818632221574,16.815409124160034,16.50463266393933,ok,/home/elads/STAR/full_grid_solar_opacity/runs/T2p11386_rho6p59019em09/fac-opacity-cowan-state/starout.h5
2.1138584840212618,9.470610000772238e-09,fac-opacity-cowan-state,T2p11386_rho9p47061em09,0.3106053456218699,1241.5372589024653,22.685170390086466,22.37456501361159,ok,/home/elads/STAR/full_grid_solar_opacity/runs/T2p11386_rho9p47061em09/fac-opacity-cowan-state/starout.h5
2.1138584840212618,1.3610004466105506e-08,fac-opacity-cowan-state,T2p11386_rho1p361em08,0.3103730607552223,1520.7176877870695,30.593914030216133,30.283540927701978,ok,/home/elads/STAR/full_grid_solar_opacity/runs/T2p11386_rho1p361em08/fac-opacity-cowan-state/starout.h5
2.1138584840212618,1.9558636830395073e-08,fac-opacity-cowan-state,T2p11386_rho1p95586em08,0.31005678802157327,1912.1788925394776,41.205234202483915,40.89517735807066,ok,/home/elads/STAR/full_grid_solar_opacity/runs/T2p11386_rho1p95586em08/fac-opacity-cowan-state/starout.h5
2.1138584840212618,2.810728502080722e-08,fac-opacity-cowan-state,T2p11386_rho2p81073em08,0.309623928332241,2462.160264012795,55.368185018645505,55.05856101439122,ok,/home/elads/STAR/full_grid_solar_opacity/runs/T2p11386_rho2p81073em08/fac-opacity-cowan-state/starout.h5
2.1138584840212618,4.039235853150913e-08,fac-opacity-cowan-state,T2p11386_rho4p03924em08,0.3090313462968448,3235.981803449646,74.35995764047615,74.05092619206808,ok,/home/elads/STAR/full_grid_solar_opacity/runs/T2p11386_rho4p03924em08/fac-opacity-cowan-state/starout.h5
2.1138584840212618,5.804696634805446e-08,fac-opacity-cowan-state,T2p11386_rho5p8047em08,0.30822603623948486,4322.401857351485,99.60667096995724,99.2984447967919,ok,/home/elads/STAR/full_grid_solar_opacity/runs/T2p11386_rho5p8047em08/fac-opacity-cowan-state/starout.h5
2.1138584840212618,8.341801332506338e-08,fac-opacity-cowan-state,T2p11386_rho8p3418em08,0.27907434871941994,5985.343589077446,191.42604234770542,191.15459520986394,ok,/home/elads/STAR/full_grid_solar_opacity/runs/T2p11386_rho8p3418em08/fac-opacity-cowan-state/starout.h5
2.1138584840212618,1.1987818459583772e-07,fac-opacity-cowan-state,T2p11386_rho1p19878em07,0.2703983997904831,7299.656747412827,243.94488283758,243.68350008751213,ok,/home/elads/STAR/full_grid_solar_opacity/runs/T2p11386_rho1p19878em07/fac-opacity-cowan-state/starout.h5
2.1138584840212618,1.7227429147699408e-07,fac-opacity-cowan-state,T2p11386_rho1p72274em07,0.2603327271977573,9269.650751793059,294.97772188465376,294.72751252111357,ok,/home/elads/STAR/full_grid_solar_opacity/runs/T2p11386_rho1p72274em07/fac-opacity-cowan-state/starout.h5
2.1138584840212618,2.4757157946593376e-07,fac-opacity-cowan-state,T2p11386_rho2p47572em07,0.24909090787163032,11895.69943878428,396.2874861695444,396.04974583675454,ok,/home/elads/STAR/full_grid_solar_opacity/runs/T2p11386_rho2p47572em07/fac-opacity-cowan-state/starout.h5
2.1138584840212618,3.557796490339488e-07,fac-opacity-cowan-state,T2p11386_rho3p5578em07,0.23701151278573013,15121.66469848763,553.7353669989417,553.511552731563,ok,/home/elads/STAR/full_grid_solar_opacity/runs/T2p11386_rho3p5578em07/fac-opacity-cowan-state/starout.h5
2.1138584840212618,5.112830759482948e-07,fac-opacity-cowan-state,T2p11386_rho5p11283em07,0.22442226966173304,19256.365270528124,812.7833078507406,812.5732185189186,ok,/home/elads/STAR/full_grid_solar_opacity/runs/T2p11386_rho5p11283em07/fac-opacity-cowan-state/starout.h5
2.1138584840212618,7.347536163492159e-07,fac-opacity-cowan-state,T2p11386_rho7p34754em07,0.21176096221680646,24145.900632023782,1107.1231679753287,1106.9260611433276,ok,/home/elads/STAR/full_grid_solar_opacity/runs/T2p11386_rho7p34754em07/fac-opacity-cowan-state/starout.h5
2.1138584840212618,1.0558981944335787e-06,fac-opacity-cowan-state,T2p11386_rho1p0559em06,0.19937020088720409,30242.999322667503,1615.467633061629,1615.2829200312894,ok,/home/elads/STAR/full_grid_solar_opacity/runs/T2p11386_rho1p0559em06/fac-opacity-cowan-state/starout.h5
2.1138584840212618,1.517407974863493e-06,fac-opacity-cowan-state,T2p11386_rho1p51741em06,0.1874855147701959,37484.95579051167,1904.644149766136,1904.4714464175838,ok,/home/elads/STAR/full_grid_solar_opacity/runs/T2p11386_rho1p51741em06/fac-opacity-cowan-state/starout.h5
2.1138584840212618,2.1806334875063253e-06,fac-opacity-cowan-state,T2p11386_rho2p18063em06,0.1762199150620947,47501.74454558886,2589.860181094954,2589.697767790779,ok,/home/elads/STAR/full_grid_solar_opacity/runs/T2p11386_rho2p18063em06/fac-opacity-cowan-state/starout.h5
2.1138584840212618,3.1337402238588983e-06,fac-opacity-cowan-state,T2p11386_rho3p13374em06,0.16552711998813968,60736.56488069829,3567.429072732784,3567.275987602873,ok,/home/elads/STAR/full_grid_solar_opacity/runs/T2p11386_rho3p13374em06/fac-opacity-cowan-state/starout.h5
2.1138584840212618,4.503428864545845e-06,fac-opacity-cowan-state,T2p11386_rho4p50343em06,0.15524554697960324,78252.57008137027,4918.930899030829,4918.786440321779,ok,/home/elads/STAR/full_grid_solar_opacity/runs/T2p11386_rho4p50343em06/fac-opacity-cowan-state/starout.h5
2.1138584840212618,6.471778159406801e-06,fac-opacity-cowan-state,T2p11386_rho6p47178em06,0.14511495443685682,102450.04369506366,12176.442183566367,12176.306487430003,ok,/home/elads/STAR/full_grid_solar_opacity/runs/T2p11386_rho6p47178em06/fac-opacity-cowan-state/starout.h5
2.1138584840212618,9.300449458481393e-06,fac-opacity-cowan-state,T2p11386_rho9p30045em06,0.13483680293302278,133235.0758717754,14995.267182045836,14995.139805826653,ok,/home/elads/STAR/full_grid_solar_opacity/runs/T2p11386_rho9p30045em06/fac-opacity-cowan-state/starout.h5
2.1138584840212618,1.3365470508911143e-05,fac-opacity-cowan-state,T2p11386_rho1p33655em05,0.12416735259842783,167792.9604016851,12811.488599592974,12811.370256217926,ok,/home/elads/STAR/full_grid_solar_opacity/runs/T2p11386_rho1p33655em05/fac-opacity-cowan-state/starout.h5
2.1138584840212618,1.920722248123928e-05,fac-opacity-cowan-state,T2p11386_rho1p92072em05,0.11298211322042864,212607.6331217783,17096.85972036688,17096.751299145828,ok,/home/elads/STAR/full_grid_solar_opacity/runs/T2p11386_rho1p92072em05/fac-opacity-cowan-state/starout.h5
2.1138584840212618,2.760227522090268e-05,fac-opacity-cowan-state,T2p11386_rho2p76023em05,0.10128776079267236,263651.9933538214,19583.123758117796,19583.026033629347,ok,/home/elads/STAR/full_grid_solar_opacity/runs/T2p11386_rho2p76023em05/fac-opacity-cowan-state/starout.h5
2.1138584840212618,3.966662010161191e-05,fac-opacity-cowan-state,T2p11386_rho3p96666em05,0.08949475411555245,320006.7170226332,25288.054804219704,25287.96807723257,ok,/home/elads/STAR/full_grid_solar_opacity/runs/T2p11386_rho3p96666em05/fac-opacity-cowan-state/starout.h5
2.1138584840212618,5.7004023678963655e-05,fac-opacity-cowan-state,T2p11386_rho5p7004em05,0.07840496020864476,376123.26820670103,28513.277595793443,28513.201310970246,ok,/home/elads/STAR/full_grid_solar_opacity/runs/T2p11386_rho5p7004em05/fac-opacity-cowan-state/starout.h5
2.1138584840212618,8.191922344953684e-05,fac-opacity-cowan-state,T2p11386_rho8p19192em05,0.06871265369643904,427618.3588740912,31630.022421159105,31629.955311776892,ok,/home/elads/STAR/full_grid_solar_opacity/runs/T2p11386_rho8p19192em05/fac-opacity-cowan-state/starout.h5
2.1138584840212618,0.00011772430676769293,fac-opacity-cowan-state,T2p11386_rho0p000117724,0.06055414912423003,471682.8986050637,30052.454997590605,30052.39563873024,ok,/home/elads/STAR/full_grid_solar_opacity/runs/T2p11386_rho0p000117724/fac-opacity-cowan-state/starout.h5
2.1138584840212618,0.00016917900122028344,fac-opacity-cowan-state,T2p11386_rho0p000169179,0.05368902169496095,511511.74241410353,33131.85586491125,33131.80305318367,ok,/home/elads/STAR/full_grid_solar_opacity/runs/T2p11386_rho0p000169179/fac-opacity-cowan-state/starout.h5
2.1138584840212618,0.0002431234061999784,fac-opacity-cowan-state,T2p11386_rho0p000243123,0.04775922784207681,547075.8589843214,36148.89992299019,36148.852797346735,ok,/home/elads/STAR/full_grid_solar_opacity/runs/T2p11386_rho0p000243123/fac-opacity-cowan-state/starout.h5
2.1138584840212618,0.0003493872774749123,fac-opacity-cowan-state,T2p11386_rho0p000349387,0.04243948076941545,579289.1081418821,39098.1282857758,39098.08629528767,ok,/home/elads/STAR/full_grid_solar_opacity/runs/T2p11386_rho0p000349387/fac-opacity-cowan-state/starout.h5
2.1138584840212618,0.0005020967399614471,fac-opacity-cowan-state,T2p11386_rho0p000502097,0.03746815082101302,608309.5323449383,42001.42738806553,42001.39023101266,ok,/home/elads/STAR/full_grid_solar_opacity/runs/T2p11386_rho0p000502097/fac-opacity-cowan-state/starout.h5
2.1138584840212618,0.0007215521357901021,fac-opacity-cowan-state,T2p11386_rho0p000721552,0.03263835202630321,633652.9985149028,44711.03577726212,44711.0033479814,ok,/home/elads/STAR/full_grid_solar_opacity/runs/T2p11386_rho0p000721552/fac-opacity-cowan-state/starout.h5
2.1138584840212618,0.0010369266382873438,fac-opacity-cowan-state,T2p11386_rho0p00103693,0.02786509302010455,654007.7947380998,46707.47996558938,46707.452235038465,ok,/home/elads/STAR/full_grid_solar_opacity/runs/T2p11386_rho0p00103693/fac-opacity-cowan-state/starout.h5
2.1138584840212618,0.0014901443705277455,fac-opacity-cowan-state,T2p11386_rho0p00149014,0.023126175266042735,667709.6635460008,47832.59809600507,47832.57505083144,ok,/home/elads/STAR/full_grid_solar_opacity/runs/T2p11386_rho0p00149014/fac-opacity-cowan-state/starout.h5
2.1138584840212618,0.002141453563853953,fac-opacity-cowan-state,T2p11386_rho0p00214145,0.018486103485308783,673481.491358485,47668.90515690304,47668.8867142307,ok,/home/elads/STAR/full_grid_solar_opacity/runs/T2p11386_rho0p00214145/fac-opacity-cowan-state/starout.h5
2.1138584840212618,0.003077435620898055,fac-opacity-cowan-state,T2p11386_rho0p00307744,0.014169088601238741,671114.7577920721,45694.53494863061,45694.520797872465,ok,/home/elads/STAR/full_grid_solar_opacity/runs/T2p11386_rho0p00307744/fac-opacity-cowan-state/starout.h5
2.1138584840212618,0.004422514763163053,fac-opacity-cowan-state,T2p11386_rho0p00442251,0.010411257479517084,661963.4203131218,42629.60103104606,42629.5906217579,ok,/home/elads/STAR/full_grid_solar_opacity/runs/T2p11386_rho0p00442251/fac-opacity-cowan-state/starout.h5
2.1138584840212618,0.006355498291362301,fac-opacity-cowan-state,T2p11386_rho0p0063555,0.0074502663005361364,648442.2753973512,39526.69722756291,39526.68976801233,ok,/home/elads/STAR/full_grid_solar_opacity/runs/T2p11386_rho0p0063555/fac-opacity-cowan-state/starout.h5
2.1138584840212618,0.009133346228248624,fac-opacity-cowan-state,T2p11386_rho0p00913335,0.005196967425205294,633278.9420925834,36786.001690948215,36785.99647669619,ok,/home/elads/STAR/full_grid_solar_opacity/runs/T2p11386_rho0p00913335/fac-opacity-cowan-state/starout.h5
2.1138584840212618,0.01312533014735226,fac-opacity-cowan-state,T2p11386_rho0p0131253,0.003564188765459816,618497.0343758514,34170.59882212108,34170.595235314555,ok,/home/elads/STAR/full_grid_solar_opacity/runs/T2p11386_rho0p0131253/fac-opacity-cowan-state/starout.h5
2.1138584840212618,0.018862122071335155,fac-opacity-cowan-state,T2p11386_rho0p0188621,0.0028282851325700633,605454.2316483789,32397.654845579025,32397.651990046914,ok,/home/elads/STAR/full_grid_solar_opacity/runs/T2p11386_rho0p0188621/fac-opacity-cowan-state/starout.h5
2.1138584840212618,0.02710633904364831,fac-opacity-cowan-state,T2p11386_rho0p0271063,0.0028709873110347108,596730.8766669643,30904.19661096058,30904.19370908923,ok,/home/elads/STAR/full_grid_solar_opacity/runs/T2p11386_rho0p0271063/fac-opacity-cowan-state/starout.h5
2.1138584840212618,0.038953921174427183,fac-opacity-cowan-state,T2p11386_rho0p0389539,0.0033099407825853432,597930.03411808,30614.165587266485,30614.16224246111,ok,/home/elads/STAR/full_grid_solar_opacity/runs/T2p11386_rho0p0389539/fac-opacity-cowan-state/starout.h5
2.1138584840212618,0.0559798197912329,fac-opacity-cowan-state,T2p11386_rho0p0559798,0.003846992880044051,611731.0348394592,31182.518061611994,31182.51417587934,ok,/home/elads/STAR/full_grid_solar_opacity/runs/T2p11386_rho0p0559798/fac-opacity-cowan-state/starout.h5
2.1138584840212618,0.08044736266284185,fac-opacity-cowan-state,T2p11386_rho0p0804474,0.005246662294702492,635016.8058511952,31706.902620972214,31706.897332258453,ok,/home/elads/STAR/full_grid_solar_opacity/runs/T2p11386_rho0p0804474/fac-opacity-cowan-state/starout.h5
2.1138584840212618,0.11560912813835741,fac-opacity-cowan-state,T2p11386_rho0p115609,0.005052559521756651,658628.379995698,32535.008082040273,32535.002985472533,ok,/home/elads/STAR/full_grid_solar_opacity/runs/T2p11386_rho0p115609/fac-opacity-cowan-state/starout.h5
2.1138584840212618,0.1661393247274789,fac-opacity-cowan-state,T2p11386_rho0p166139,0.005176590076152889,674231.7330432704,33422.410967942815,33422.4057454568,ok,/home/elads/STAR/full_grid_solar_opacity/runs/T2p11386_rho0p166139/fac-opacity-cowan-state/starout.h5
2.1138584840212618,0.23875515424585794,fac-opacity-cowan-state,T2p11386_rho0p238755,0.005222031821694737,684691.2264882498,33139.56445946511,33139.55919157639,ok,/home/elads/STAR/full_grid_solar_opacity/runs/T2p11386_rho0p238755/fac-opacity-cowan-state/starout.h5
2.1138584840212618,0.34310975906798746,fac-opacity-cowan-state,T2p11386_rho0p34311,0.00493331950334994,688051.6451759525,33106.796099090454,33106.791119882575,ok,/home/elads/STAR/full_grid_solar_opacity/runs/T2p11386_rho0p34311/fac-opacity-cowan-state/starout.h5
2.1138584840212618,0.49307545690287347,fac-opacity-cowan-state,T2p11386_rho0p493075,0.0044723126896725205,682711.464018854,33345.273061743115,33345.26854323691,ok,/home/elads/STAR/full_grid_solar_opacity/runs/T2p11386_rho0p493075/fac-opacity-cowan-state/starout.h5
2.1138584840212618,0.7085878491488851,fac-opacity-cowan-state,T2p11386_rho0p708588,0.004096616588997694,666971.0476274525,33669.74363869342,33669.739495467475,ok,/home/elads/STAR/full_grid_solar_opacity/runs/T2p11386_rho0p708588/fac-opacity-cowan-state/starout.h5
2.1138584840212618,1.0182959482819007,fac-opacity-cowan-state,T2p11386_rho1p0183,0.0038998269592500625,638666.3808219344,32917.34369391583,32917.339748543876,ok,/home/elads/STAR/full_grid_solar_opacity/runs/T2p11386_rho1p0183/fac-opacity-cowan-state/starout.h5
2.1138584840212618,1.4633706173946401,fac-opacity-cowan-state,T2p11386_rho1p46337,0.003877958514199699,594769.8389464146,30648.34083227431,30648.33691191847,ok,/home/elads/STAR/full_grid_solar_opacity/runs/T2p11386_rho1p46337/fac-opacity-cowan-state/starout.h5
2.1138584840212618,2.1029775945461404,fac-opacity-cowan-state,T2p11386_rho2p10298,0.004093902148127685,530342.4452943696,26799.027410660223,26799.02327967649,ok,/home/elads/STAR/full_grid_solar_opacity/runs/T2p11386_rho2p10298/fac-opacity-cowan-state/starout.h5
2.1138584840212618,3.0221426551783854,fac-opacity-cowan-state,T2p11386_rho3p02214,0.0047096126657955465,438528.4086006717,21608.793943492336,21608.789203948792,ok,/home/elads/STAR/full_grid_solar_opacity/runs/T2p11386_rho3p02214/fac-opacity-cowan-state/starout.h5
2.1138584840212618,4.343054463316713,fac-opacity-cowan-state,T2p11386_rho4p34305,0.005920332323333244,320593.14383747056,15411.185363290291,15411.179421548306,ok,/home/elads/STAR/full_grid_solar_opacity/runs/T2p11386_rho4p34305/fac-opacity-cowan-state/starout.h5
2.1138584840212618,6.241307649397467,fac-opacity-cowan-state,T2p11386_rho6p24131,0.00843822776888196,198410.0849377084,9420.327298097489,9420.318846662261,ok,/home/elads/STAR/full_grid_solar_opacity/runs/T2p11386_rho6p24131/fac-opacity-cowan-state/starout.h5
2.1138584840212618,8.969245378672715,fac-opacity-cowan-state,T2p11386_rho8p96925,0.010452003968147269,129370.64293079566,6174.573125164727,6174.562664383008,ok,/home/elads/STAR/full_grid_solar_opacity/runs/T2p11386_rho8p96925/fac-opacity-cowan-state/starout.h5
2.1138584840212618,12.889504440725364,fac-opacity-cowan-state,T2p11386_rho12p8895,0.008291246209335409,116593.75388693706,5660.207299888868,5660.199000629263,ok,/home/elads/STAR/full_grid_solar_opacity/runs/T2p11386_rho12p8895/fac-opacity-cowan-state/starout.h5
2.1138584840212618,18.52322215674118,fac-opacity-cowan-state,T2p11386_rho18p5232,0.006565089692754155,104810.12644520754,5286.034165586717,5286.027593044285,ok,/home/elads/STAR/full_grid_solar_opacity/runs/T2p11386_rho18p5232/fac-opacity-cowan-state/starout.h5
2.1138584840212618,26.61931346126126,fac-opacity-cowan-state,T2p11386_rho26p6193,0.005128306104050769,95010.60391258678,5997.407621973,5997.402485270837,ok,/home/elads/STAR/full_grid_solar_opacity/runs/T2p11386_rho26p6193/fac-opacity-cowan-state/starout.h5
2.1138584840212618,38.254027466328665,fac-opacity-cowan-state,T2p11386_rho38p254,0.004026823887660953,86584.94569703304,5730.334576494377,5730.330541671115,ok,/home/elads/STAR/full_grid_solar_opacity/runs/T2p11386_rho38p254/fac-opacity-cowan-state/starout.h5
2.1138584840212618,54.97401800103719,fac-opacity-cowan-state,T2p11386_rho54p974,0.0031361497683989473,79735.1188800935,5489.66156882394,5489.658425029342,ok,/home/elads/STAR/full_grid_solar_opacity/runs/T2p11386_rho54p974/fac-opacity-cowan-state/starout.h5
2.1138584840212618,79.0019471240894,fac-opacity-cowan-state,T2p11386_rho79p0019,0.002301487302916766,74162.5608962162,5471.556801474713,5471.554492388491,ok,/home/elads/STAR/full_grid_solar_opacity/runs/T2p11386_rho79p0019/fac-opacity-cowan-state/starout.h5
2.1138584840212618,113.53195339077567,fac-opacity-cowan-state,T2p11386_rho113p532,0.0015388319319214853,69247.27883174967,5848.578491009247,5848.576944077859,ok,/home/elads/STAR/full_grid_solar_opacity/runs/T2p11386_rho113p532/fac-opacity-cowan-state/starout.h5
2.1138584840212618,163.15426277379785,fac-opacity-cowan-state,T2p11386_rho163p154,0.016907224973941818,61609.80398441822,4425.480691634395,4425.463777918179,ok,/home/elads/STAR/full_grid_solar_opacity/runs/T2p11386_rho163p154/fac-opacity-cowan-state/starout.h5
2.1138584840212618,234.46538763970608,fac-opacity-cowan-state,T2p11386_rho234p465,0.04769428348903357,60610.5022664759,19163.81165775222,19163.76393602778,ok,/home/elads/STAR/full_grid_solar_opacity/runs/T2p11386_rho234p465/fac-opacity-cowan-state/starout.h5
2.1138584840212618,336.94503022121665,fac-opacity-cowan-state,T2p11386_rho336p945,0.056105256677262794,55950.0944633211,15950.739070480924,15950.682942012114,ok,/home/elads/STAR/full_grid_solar_opacity/runs/T2p11386_rho336p945/fac-opacity-cowan-state/starout.h5
2.1138584840212618,484.21626123015125,fac-opacity-cowan-state,T2p11386_rho484p216,0.06338493856702418,52148.55480370057,12893.704679421504,12893.641275305145,ok,/home/elads/STAR/full_grid_solar_opacity/runs/T2p11386_rho484p216/fac-opacity-cowan-state/starout.h5
2.1138584840212618,695.8564947100452,fac-opacity-cowan-state,T2p11386_rho695p856,0.11432062318355762,51967.69811402862,17221.172465789867,17221.05811900321,ok,/home/elads/STAR/full_grid_solar_opacity/runs/T2p11386_rho695p856/fac-opacity-cowan-state/starout.h5
2.1138584840212618,1000.0,fac-opacity-cowan-state,T2p11386_rho1000,0.13423453332453292,48533.27598879211,13707.783327573577,13707.649071245018,ok,/home/elads/STAR/full_grid_solar_opacity/runs/T2p11386_rho1000/fac-opacity-cowan-state/starout.h5
2.3271067345850014,1e-17,fac-opacity-cowan-state,T2p32711_rho1em17,0.34006284528512426,187.94471330416133,0.3925536969304011,0.05249085159077597,ok,/home/elads/STAR/full_grid_solar_opacity/runs/T2p32711_rho1em17/fac-opacity-cowan-state/starout.h5
2.3271067345850014,1.4370779141993746e-17,fac-opacity-cowan-state,T2p32711_rho1p43708em17,0.3400512146885008,188.17421270554016,0.3943209883412927,0.0542697735964441,ok,/home/elads/STAR/full_grid_solar_opacity/runs/T2p32711_rho1p43708em17/fac-opacity-cowan-state/starout.h5
2.3271067345850014,2.065192931479625e-17,fac-opacity-cowan-state,T2p32711_rho2p06519em17,0.3400381182401216,188.20171194093325,0.39603843741129335,0.05600031911302647,ok,/home/elads/STAR/full_grid_solar_opacity/runs/T2p32711_rho2p06519em17/fac-opacity-cowan-state/starout.h5
2.3271067345850014,2.9678431503900313e-17,fac-opacity-cowan-state,T2p32711_rho2p96784em17,0.3400241036973968,188.05076597442823,0.39773299094458514,0.05770888718726986,ok,/home/elads/STAR/full_grid_solar_opacity/runs/T2p32711_rho2p96784em17/fac-opacity-cowan-state/starout.h5
2.3271067345850014,4.2650218442334076e-17,fac-opacity-cowan-state,T2p32711_rho4p26502em17,0.340009843378597,187.74125913377486,0.3994399047014273,0.059430061261123955,ok,/home/elads/STAR/full_grid_solar_opacity/runs/T2p32711_rho4p26502em17/fac-opacity-cowan-state/starout.h5
2.3271067345850014,6.129168695925715e-17,fac-opacity-cowan-state,T2p32711_rho6p12917em17,0.3399959512058131,187.2978038132921,0.4011939647620819,0.06119801349272691,ok,/home/elads/STAR/full_grid_solar_opacity/runs/T2p32711_rho6p12917em17/fac-opacity-cowan-state/starout.h5
2.3271067345850014,8.808092965317026e-17,fac-opacity-cowan-state,T2p32711_rho8p80809em17,0.33998283178397953,186.76279286225085,0.40302710497230165,0.06304427312286326,ok,/home/elads/STAR/full_grid_solar_opacity/runs/T2p32711_rho8p80809em17/fac-opacity-cowan-state/starout.h5
2.3271067345850014,1.2657915866672028e-16,fac-opacity-cowan-state,T2p32711_rho1p26579em16,0.3399706292344701,186.2126296573282,0.4049700426985691,0.06499941339661014,ok,/home/elads/STAR/full_grid_solar_opacity/runs/T2p32711_rho1p26579em16/fac-opacity-cowan-state/starout.h5
2.3271067345850014,1.819041133178821e-16,fac-opacity-cowan-state,T2p32711_rho1p81904em16,0.3399592701122063,185.77274095441774,0.40705171734383483,0.06709244716196656,ok,/home/elads/STAR/full_grid_solar_opacity/runs/T2p32711_rho1p81904em16/fac-opacity-cowan-state/starout.h5
2.3271067345850014,2.6141038375114865e-16,fac-opacity-cowan-state,T2p32711_rho2p6141em16,0.33994853908198047,185.62530929188017,0.40929257684882653,0.06934403769484626,ok,/home/elads/STAR/full_grid_solar_opacity/runs/T2p32711_rho2p6141em16/fac-opacity-cowan-state/starout.h5
2.3271067345850014,3.7566708903116036e-16,fac-opacity-cowan-state,T2p32711_rho3p75667em16,0.3399381251616404,186.0065498426246,0.4116954554892978,0.07175733025315206,ok,/home/elads/STAR/full_grid_solar_opacity/runs/T2p32711_rho3p75667em16/fac-opacity-cowan-state/starout.h5
2.3271067345850014,5.398628767382507e-16,fac-opacity-cowan-state,T2p32711_rho5p39863em16,0.33992761340599925,187.19744821313023,0.4142455403085722,0.07431792682540954,ok,/home/elads/STAR/full_grid_solar_opacity/runs/T2p32711_rho5p39863em16/fac-opacity-cowan-state/starout.h5
2.3271067345850014,7.758250168566793e-16,fac-opacity-cowan-state,T2p32711_rho7p75825em16,0.33991643320021236,189.51694586687032,0.41692642740968616,0.07700999412951465,ok,/home/elads/STAR/full_grid_solar_opacity/runs/T2p32711_rho7p75825em16/fac-opacity-cowan-state/starout.h5
2.3271067345850014,1.1149209970080914e-15,fac-opacity-cowan-state,T2p32711_rho1p11492em15,0.3399037852986227,193.32338143445662,0.41974119813361077,0.07983741275209294,ok,/home/elads/STAR/full_grid_solar_opacity/runs/T2p32711_rho1p11492em15/fac-opacity-cowan-state/starout.h5
2.3271067345850014,1.6022283408774753e-15,fac-opacity-cowan-state,T2p32711_rho1p60223em15,0.33988855783178074,199.01983886772473,0.42271693758388945,0.08282837966610815,ok,/home/elads/STAR/full_grid_solar_opacity/runs/T2p32711_rho1p60223em15/fac-opacity-cowan-state/starout.h5
2.3271067345850014,2.3025269621793266e-15,fac-opacity-cowan-state,T2p32711_rho2p30253em15,0.3398692245651972,207.0484492336152,0.42588380537052867,0.08601458071602311,ok,/home/elads/STAR/full_grid_solar_opacity/runs/T2p32711_rho2p30253em15/fac-opacity-cowan-state/starout.h5
2.3271067345850014,3.308910644196489e-15,fac-opacity-cowan-state,T2p32711_rho3p30891em15,0.33984370863248725,217.85228654762642,0.42924626103055114,0.08940255230523725,ok,/home/elads/STAR/full_grid_solar_opacity/runs/T2p32711_rho3p30891em15/fac-opacity-cowan-state/starout.h5
2.3271067345850014,4.755162406834019e-15,fac-opacity-cowan-state,T2p32711_rho4p75516em15,0.33980919249479347,231.78465509285166,0.43277062009762673,0.0929614275063119,ok,/home/elads/STAR/full_grid_solar_opacity/runs/T2p32711_rho4p75516em15/fac-opacity-cowan-state/starout.h5
2.3271067345850014,6.8335388732923106e-15,fac-opacity-cowan-state,T2p32711_rho6p83354em15,0.3397618499011327,248.96180640070563,0.436390389823174,0.09662853982171217,ok,/home/elads/STAR/full_grid_solar_opacity/runs/T2p32711_rho6p83354em15/fac-opacity-cowan-state/starout.h5
2.3271067345850014,9.820327790631256e-15,fac-opacity-cowan-state,T2p32711_rho9p82033em15,0.3396964613688967,269.093955970593,0.4400300889141617,0.10033362744108865,ok,/home/elads/STAR/full_grid_solar_opacity/runs/T2p32711_rho9p82033em15/fac-opacity-cowan-state/starout.h5
2.3271067345850014,1.4112576178114521e-14,fac-opacity-cowan-state,T2p32711_rho1p41126em14,0.33960585109408775,291.3793410791291,0.44363643248487467,0.104030581282772,ok,/home/elads/STAR/full_grid_solar_opacity/runs/T2p32711_rho1p41126em14/fac-opacity-cowan-state/starout.h5
2.3271067345850014,2.0280871538024598e-14,fac-opacity-cowan-state,T2p32711_rho2p02809em14,0.3394800709961755,314.5617637202648,0.44718639159975254,0.10770632049174576,ok,/home/elads/STAR/full_grid_solar_opacity/runs/T2p32711_rho2p02809em14/fac-opacity-cowan-state/starout.h5
2.3271067345850014,2.914519256800997e-14,fac-opacity-cowan-state,T2p32711_rho2p91452em14,0.33930527838234964,337.1847700152564,0.45067492016906296,0.11136964167107861,ok,/home/elads/STAR/full_grid_solar_opacity/runs/T2p32711_rho2p91452em14/fac-opacity-cowan-state/starout.h5
2.3271067345850014,4.188391254457488e-14,fac-opacity-cowan-state,T2p32711_rho4p18839em14,0.3390623299401426,357.948057641391,0.4541022029939236,0.11503987293433551,ok,/home/elads/STAR/full_grid_solar_opacity/runs/T2p32711_rho4p18839em14/fac-opacity-cowan-state/starout.h5
2.3271067345850014,6.019044567806669e-14,fac-opacity-cowan-state,T2p32711_rho6p01904em14,0.3387252401577025,375.994423828803,0.4574656163860324,0.11874037610504189,ok,/home/elads/STAR/full_grid_solar_opacity/runs/T2p32711_rho6p01904em14/fac-opacity-cowan-state/starout.h5
2.3271067345850014,8.649836012976684e-14,fac-opacity-cowan-state,T2p32711_rho8p64984em14,0.33825984855598495,391.0085381791923,0.46075721267178066,0.12249736398860754,ok,/home/elads/STAR/full_grid_solar_opacity/runs/T2p32711_rho8p64984em14/fac-opacity-cowan-state/starout.h5
2.3271067345850014,1.2430488295695167e-13,fac-opacity-cowan-state,T2p32711_rho1p24305em13,0.33762334213010364,403.13568110831926,0.46397151956781607,0.1263481773065256,ok,/home/elads/STAR/full_grid_solar_opacity/runs/T2p32711_rho1p24305em13/fac-opacity-cowan-state/starout.h5
2.3271067345850014,1.7863580192457348e-13,fac-opacity-cowan-state,T2p32711_rho1p78636em13,0.3367657228292254,412.81225488192075,0.4671242411439838,0.13035851817940777,ok,/home/elads/STAR/full_grid_solar_opacity/runs/T2p32711_rho1p78636em13/fac-opacity-cowan-state/starout.h5
2.3271067345850014,2.567135656310987e-13,fac-opacity-cowan-state,T2p32711_rho2p56714em13,0.33563474073394706,420.5977294886106,0.4702697693202487,0.1346350284465109,ok,/home/elads/STAR/full_grid_solar_opacity/runs/T2p32711_rho2p56714em13/fac-opacity-cowan-state/starout.h5
2.3271067345850014,3.6891739544382357e-13,fac-opacity-cowan-state,T2p32711_rho3p68917em13,0.33418577079100736,427.05145320747965,0.473506187242623,0.1393204163069601,ok,/home/elads/STAR/full_grid_solar_opacity/runs/T2p32711_rho3p68917em13/fac-opacity-cowan-state/starout.h5
2.3271067345850014,5.301630411562758e-13,fac-opacity-cowan-state,T2p32711_rho5p30163em13,0.33239676389587136,432.6582414566035,0.4769752771725837,0.14457851312659767,ok,/home/elads/STAR/full_grid_solar_opacity/runs/T2p32711_rho5p30163em13/fac-opacity-cowan-state/starout.h5
2.3271067345850014,7.618855973704612e-13,fac-opacity-cowan-state,T2p32711_rho7p61886em13,0.3302852059613919,437.79211227460047,0.4808691507188053,0.15058394460106328,ok,/home/elads/STAR/full_grid_solar_opacity/runs/T2p32711_rho7p61886em13/fac-opacity-cowan-state/starout.h5
2.3271067345850014,1.0948889651276868e-12,fac-opacity-cowan-state,T2p32711_rho1p09489em12,0.32791993513995643,442.7101267591164,0.48544880759632214,0.15752887229280418,ok,/home/elads/STAR/full_grid_solar_opacity/runs/T2p32711_rho1p09489em12/fac-opacity-cowan-state/starout.h5
2.3271067345850014,1.5734407502856082e-12,fac-opacity-cowan-state,T2p32711_rho1p57344em12,0.32541910985790345,447.5740526000809,0.4910810990438848,0.16566198901397508,ok,/home/elads/STAR/full_grid_solar_opacity/runs/T2p32711_rho1p57344em12/fac-opacity-cowan-state/starout.h5
2.3271067345850014,2.26115695153675e-12,fac-opacity-cowan-state,T2p32711_rho2p26116em12,0.3229302144987885,452.4962612014325,0.49827053329247556,0.17534031861163196,ok,/home/elads/STAR/full_grid_solar_opacity/runs/T2p32711_rho2p26116em12/fac-opacity-cowan-state/starout.h5
2.3271067345850014,3.249458715591849e-12,fac-opacity-cowan-state,T2p32711_rho3p24946em12,0.32059784253498524,457.5981212411629,0.5076376724184299,0.18703982968924202,ok,/home/elads/STAR/full_grid_solar_opacity/runs/T2p32711_rho3p24946em12/fac-opacity-cowan-state/starout.h5
2.3271067345850014,4.669725353279713e-12,fac-opacity-cowan-state,T2p32711_rho4p66973em12,0.31853280482642876,463.06251082119815,0.5198601755225706,0.20132737048710445,ok,/home/elads/STAR/full_grid_solar_opacity/runs/T2p32711_rho4p66973em12/fac-opacity-cowan-state/starout.h5
2.3271067345850014,6.710759170575148e-12,fac-opacity-cowan-state,T2p32711_rho6p71076em12,0.3167952371290001,469.1634026564765,0.5356932722457638,0.21889803488948295,ok,/home/elads/STAR/full_grid_solar_opacity/runs/T2p32711_rho6p71076em12/fac-opacity-cowan-state/starout.h5
2.3271067345850014,9.64388379154446e-12,fac-opacity-cowan-state,T2p32711_rho9p64388em12,0.31539539043114256,476.26259102183485,0.5561249393830727,0.24072954870198207,ok,/home/elads/STAR/full_grid_solar_opacity/runs/T2p32711_rho9p64388em12/fac-opacity-cowan-state/starout.h5
2.3271067345850014,1.3859012403933867e-11,fac-opacity-cowan-state,T2p32711_rho1p3859em11,0.3143068222679398,484.77042876005976,0.5825027645776284,0.2681959420312217,ok,/home/elads/STAR/full_grid_solar_opacity/runs/T2p32711_rho1p3859em11/fac-opacity-cowan-state/starout.h5
2.3271067345850014,1.9916480638308542e-11,fac-opacity-cowan-state,T2p32711_rho1p99165em11,0.3134832469144707,495.06873526471736,0.6164708908661582,0.3029876436370968,ok,/home/elads/STAR/full_grid_solar_opacity/runs/T2p32711_rho1p99165em11/fac-opacity-cowan-state/starout.h5
2.3271067345850014,2.8621534453892672e-11,fac-opacity-cowan-state,T2p32711_rho2p86215em11,0.3128726453840927,507.4001065847887,0.6599055550047421,0.3470329092603263,ok,/home/elads/STAR/full_grid_solar_opacity/runs/T2p32711_rho2p86215em11/fac-opacity-cowan-state/starout.h5
2.3271067345850014,4.1131375034185614e-11,fac-opacity-cowan-state,T2p32711_rho4p11314em11,0.31242624276884495,521.7462161396995,0.715127257420937,0.40270101423396965,ok,/home/elads/STAR/full_grid_solar_opacity/runs/T2p32711_rho4p11314em11/fac-opacity-cowan-state/starout.h5
2.3271067345850014,5.910899064227969e-11,fac-opacity-cowan-state,T2p32711_rho5p9109em11,0.3121027383207883,537.7477077048587,0.7853220754719776,0.4732193366598472,ok,/home/elads/STAR/full_grid_solar_opacity/runs/T2p32711_rho5p9109em11/fac-opacity-cowan-state/starout.h5
2.3271067345850014,8.4944224982638e-11,fac-opacity-cowan-state,T2p32711_rho8p49442em11,0.31186935032733043,554.7317674870033,0.8750080189437219,0.5631386680316871,ok,/home/elads/STAR/full_grid_solar_opacity/runs/T2p32711_rho8p49442em11/fac-opacity-cowan-state/starout.h5
2.3271067345850014,1.2207146966133182e-10,fac-opacity-cowan-state,T2p32711_rho1p22071em10,0.3117010955794642,571.8801887725396,0.990519970251918,0.6788188739676384,ok,/home/elads/STAR/full_grid_solar_opacity/runs/T2p32711_rho1p22071em10/fac-opacity-cowan-state/starout.h5
2.3271067345850014,1.7542621300415897e-10,fac-opacity-cowan-state,T2p32711_rho1p75426em10,0.31157944620698746,588.48764914439,1.1406312166883996,0.8290517696206109,ok,/home/elads/STAR/full_grid_solar_opacity/runs/T2p32711_rho1p75426em10/fac-opacity-cowan-state/starout.h5
2.3271067345850014,2.52101136279913e-10,fac-opacity-cowan-state,T2p32711_rho2p52101em10,0.3114906972808876,604.1990826622409,1.3373858048257865,1.0258951064797166,ok,/home/elads/STAR/full_grid_solar_opacity/runs/T2p32711_rho2p52101em10/fac-opacity-cowan-state/starout.h5
2.3271067345850014,3.6228897509242966e-10,fac-opacity-cowan-state,T2p32711_rho3p62289em10,0.31142476900290245,619.1404797072968,1.5975201035500273,1.286095333211777,ok,/home/elads/STAR/full_grid_solar_opacity/runs/T2p32711_rho3p62289em10/fac-opacity-cowan-state/starout.h5
2.3271067345850014,5.20637484663258e-10,fac-opacity-cowan-state,T2p32711_rho5p20637em10,0.31137425051729706,633.9363450352068,1.944926779736339,1.6335525275229317,ok,/home/elads/STAR/full_grid_solar_opacity/runs/T2p32711_rho5p20637em10/fac-opacity-cowan-state/starout.h5
2.3271067345850014,7.481966305138837e-10,fac-opacity-cowan-state,T2p32711_rho7p48197em10,0.3113334656136964,649.6781974296003,2.4139122878167805,2.1025788200199855,ok,/home/elads/STAR/full_grid_solar_opacity/runs/T2p32711_rho7p48197em10/fac-opacity-cowan-state/starout.h5
2.3271067345850014,1.0752168531898921e-09,fac-opacity-cowan-state,T2p32711_rho1p07522em09,0.3112979397541517,667.9142973287778,3.0538608454230705,2.742562902821329,ok,/home/elads/STAR/full_grid_solar_opacity/runs/T2p32711_rho1p07522em09/fac-opacity-cowan-state/starout.h5
2.3271067345850014,1.5451703926941453e-09,fac-opacity-cowan-state,T2p32711_rho1p54517em09,0.3112641211578582,690.713297325227,3.935341411640755,3.6240772867200346,ok,/home/elads/STAR/full_grid_solar_opacity/runs/T2p32711_rho1p54517em09/fac-opacity-cowan-state/starout.h5
2.3271067345850014,2.220530245015531e-09,fac-opacity-cowan-state,T2p32711_rho2p22053em09,0.3112288229986206,720.8204338751513,5.159404612548551,4.84817578451609,ok,/home/elads/STAR/full_grid_solar_opacity/runs/T2p32711_rho2p22053em09/fac-opacity-cowan-state/starout.h5
2.3271067345850014,3.1910749729235452e-09,fac-opacity-cowan-state,T2p32711_rho3p19107em09,0.3111888664780048,761.8939978697779,6.863716916684352,6.5525280434028845,ok,/home/elads/STAR/full_grid_solar_opacity/runs/T2p32711_rho3p19107em09/fac-opacity-cowan-state/starout.h5
2.3271067345850014,4.585823366142813e-09,fac-opacity-cowan-state,T2p32711_rho4p58582em09,0.3111407392068398,818.924668458721,9.2454669292698,8.934326180786487,ok,/home/elads/STAR/full_grid_solar_opacity/runs/T2p32711_rho4p58582em09/fac-opacity-cowan-state/starout.h5
2.3271067345850014,6.590185477903269e-09,fac-opacity-cowan-state,T2p32711_rho6p59019em09,0.31108035451035715,898.7185294207641,12.567305762181004,12.256225394945059,ok,/home/elads/STAR/full_grid_solar_opacity/runs/T2p32711_rho6p59019em09/fac-opacity-cowan-state/starout.h5
2.3271067345850014,9.470610000772238e-09,fac-opacity-cowan-state,T2p32711_rho9p47061em09,0.3110028172017852,1010.6265000135611,17.17110799670955,16.860105162001997,ok,/home/elads/STAR/full_grid_solar_opacity/runs/T2p32711_rho9p47061em09/fac-opacity-cowan-state/starout.h5
2.3271067345850014,1.3610004466105506e-08,fac-opacity-cowan-state,T2p32711_rho1p361em08,0.3109006399360311,1167.7948666163566,23.543120635950956,23.232219971893013,ok,/home/elads/STAR/full_grid_solar_opacity/runs/T2p32711_rho1p361em08/fac-opacity-cowan-state/starout.h5
2.3271067345850014,1.9558636830395073e-08,fac-opacity-cowan-state,T2p32711_rho1p95586em08,0.3036368864439516,1670.0328600808868,40.28983291943424,39.989068040321264,ok,/home/elads/STAR/full_grid_solar_opacity/runs/T2p32711_rho1p95586em08/fac-opacity-cowan-state/starout.h5
2.3271067345850014,2.810728502080722e-08,fac-opacity-cowan-state,T2p32711_rho2p81073em08,0.300934389620001,1960.8573244108088,53.3801643746377,53.08286398960437,ok,/home/elads/STAR/full_grid_solar_opacity/runs/T2p32711_rho2p81073em08/fac-opacity-cowan-state/starout.h5
2.3271067345850014,4.039235853150913e-08,fac-opacity-cowan-state,T2p32711_rho4p03924em08,0.29741208033199557,2362.151905648368,76.01320768791733,75.72092143746227,ok,/home/elads/STAR/full_grid_solar_opacity/runs/T2p32711_rho4p03924em08/fac-opacity-cowan-state/starout.h5
2.3271067345850014,5.804696634805446e-08,fac-opacity-cowan-state,T2p32711_rho5p8047em08,0.2928973300935801,2917.8666445342074,104.24612021357673,103.95980161410601,ok,/home/elads/STAR/full_grid_solar_opacity/runs/T2p32711_rho5p8047em08/fac-opacity-cowan-state/starout.h5
2.3271067345850014,8.341801332506338e-08,fac-opacity-cowan-state,T2p32711_rho8p3418em08,0.2872168339698273,3817.109481612685,151.75404093775722,151.47524285909918,ok,/home/elads/STAR/full_grid_solar_opacity/runs/T2p32711_rho8p3418em08/fac-opacity-cowan-state/starout.h5
2.3271067345850014,1.1987818459583772e-07,fac-opacity-cowan-state,T2p32711_rho1p19878em07,0.2802108275143787,4503.743143780337,186.18674611167188,185.9160099785097,ok,/home/elads/STAR/full_grid_solar_opacity/runs/T2p32711_rho1p19878em07/fac-opacity-cowan-state/starout.h5
2.3271067345850014,1.7227429147699408e-07,fac-opacity-cowan-state,T2p32711_rho1p72274em07,0.27185528121861063,5878.43663879867,245.66460938066342,245.403713204116,ok,/home/elads/STAR/full_grid_solar_opacity/runs/T2p32711_rho1p72274em07/fac-opacity-cowan-state/starout.h5
2.3271067345850014,2.4757157946593376e-07,fac-opacity-cowan-state,T2p32711_rho2p47572em07,0.2621251746185312,7695.363424506246,351.8933340373002,351.64479595631434,ok,/home/elads/STAR/full_grid_solar_opacity/runs/T2p32711_rho2p47572em07/fac-opacity-cowan-state/starout.h5
2.3271067345850014,3.557796490339488e-07,fac-opacity-cowan-state,T2p32711_rho3p5578em07,0.25117621053454225,9829.99610214125,498.9541222263187,498.71862564843036,ok,/home/elads/STAR/full_grid_solar_opacity/runs/T2p32711_rho3p5578em07/fac-opacity-cowan-state/starout.h5
2.3271067345850014,5.112830759482948e-07,fac-opacity-cowan-state,T2p32711_rho5p11283em07,0.23918186730292731,12677.557138927154,678.4446386436139,678.2222401929675,ok,/home/elads/STAR/full_grid_solar_opacity/runs/T2p32711_rho5p11283em07/fac-opacity-cowan-state/starout.h5
2.3271067345850014,7.347536163492159e-07,fac-opacity-cowan-state,T2p32711_rho7p34754em07,0.22657373503636172,16388.471096811685,935.6797227788734,935.4707610907739,ok,/home/elads/STAR/full_grid_solar_opacity/runs/T2p32711_rho7p34754em07/fac-opacity-cowan-state/starout.h5
2.3271067345850014,1.0558981944335787e-06,fac-opacity-cowan-state,T2p32711_rho1p0559em06,0.21376521944044305,20589.069364385552,1163.6490736992955,1163.454272339009,ok,/home/elads/STAR/full_grid_solar_opacity/runs/T2p32711_rho1p0559em06/fac-opacity-cowan-state/starout.h5
2.3271067345850014,1.517407974863493e-06,fac-opacity-cowan-state,T2p32711_rho1p51741em06,0.2011973007692954,26115.577500884447,1771.6854727635873,1771.502655433201,ok,/home/elads/STAR/full_grid_solar_opacity/runs/T2p32711_rho1p51741em06/fac-opacity-cowan-state/starout.h5
2.3271067345850014,2.1806334875063253e-06,fac-opacity-cowan-state,T2p32711_rho2p18063em06,0.18922558332354078,32613.201745576243,2472.7959186422745,2472.6238902602577,ok,/home/elads/STAR/full_grid_solar_opacity/runs/T2p32711_rho2p18063em06/fac-opacity-cowan-state/starout.h5
2.3271067345850014,3.1337402238588983e-06,fac-opacity-cowan-state,T2p32711_rho3p13374em06,0.1780483164403486,40126.44444447142,2963.350650400246,2963.1883036503564,ok,/home/elads/STAR/full_grid_solar_opacity/runs/T2p32711_rho3p13374em06/fac-opacity-cowan-state/starout.h5
2.3271067345850014,4.503428864545845e-06,fac-opacity-cowan-state,T2p32711_rho4p50343em06,0.1677215610346754,49828.52907926976,3950.880889144862,3950.726730189914,ok,/home/elads/STAR/full_grid_solar_opacity/runs/T2p32711_rho4p50343em06/fac-opacity-cowan-state/starout.h5
2.3271067345850014,6.471778159406801e-06,fac-opacity-cowan-state,T2p32711_rho6p47178em06,0.15811408239082334,62131.858610540265,5297.631417933034,5297.484741324068,ok,/home/elads/STAR/full_grid_solar_opacity/runs/T2p32711_rho6p47178em06/fac-opacity-cowan-state/starout.h5
2.3271067345850014,9.300449458481393e-06,fac-opacity-cowan-state,T2p32711_rho9p30045em06,0.14896298259318574,78762.60796360816,11569.486280692247,11569.346418704004,ok,/home/elads/STAR/full_grid_solar_opacity/runs/T2p32711_rho9p30045em06/fac-opacity-cowan-state/starout.h5
2.3271067345850014,1.3365470508911143e-05,fac-opacity-cowan-state,T2p32711_rho1p33655em05,0.1399264911946207,100872.64508761204,17901.167325672803,17901.034558093026,ok,/home/elads/STAR/full_grid_solar_opacity/runs/T2p32711_rho1p33655em05/fac-opacity-cowan-state/starout.h5
2.3271067345850014,1.920722248123928e-05,fac-opacity-cowan-state,T2p32711_rho1p92072em05,0.1306547892340201,124555.00288649825,14802.257438788185,14802.13251362703,ok,/home/elads/STAR/full_grid_solar_opacity/runs/T2p32711_rho1p92072em05/fac-opacity-cowan-state/starout.h5
2.3271067345850014,2.760227522090268e-05,fac-opacity-cowan-state,T2p32711_rho2p76023em05,0.12093175144772368,156538.38810232683,19654.598982507465,19654.482474656637,ok,/home/elads/STAR/full_grid_solar_opacity/runs/T2p32711_rho2p76023em05/fac-opacity-cowan-state/starout.h5
2.3271067345850014,3.966662010161191e-05,fac-opacity-cowan-state,T2p32711_rho3p96666em05,0.11073864173980885,193435.8289556162,23595.93678882837,23595.829450967572,ok,/home/elads/STAR/full_grid_solar_opacity/runs/T2p32711_rho3p96666em05/fac-opacity-cowan-state/starout.h5
2.3271067345850014,5.7004023678963655e-05,fac-opacity-cowan-state,T2p32711_rho5p7004em05,0.10061630448393846,233709.17235889062,29928.988092407893,29928.890040515085,ok,/home/elads/STAR/full_grid_solar_opacity/runs/T2p32711_rho5p7004em05/fac-opacity-cowan-state/starout.h5
2.3271067345850014,8.191922344953684e-05,fac-opacity-cowan-state,T2p32711_rho8p19192em05,0.09122422037281988,273187.3395570978,34351.13761244605,34351.04832010517,ok,/home/elads/STAR/full_grid_solar_opacity/runs/T2p32711_rho8p19192em05/fac-opacity-cowan-state/starout.h5
2.3271067345850014,0.00011772430676769293,fac-opacity-cowan-state,T2p32711_rho0p000117724,0.08289582294641276,310349.3451097484,38963.32423197857,38963.242761005386,ok,/home/elads/STAR/full_grid_solar_opacity/runs/T2p32711_rho0p000117724/fac-opacity-cowan-state/starout.h5
2.3271067345850014,0.00016917900122028344,fac-opacity-cowan-state,T2p32711_rho0p000169179,0.07556499160638903,344730.21158710326,42722.34447801845,42722.26995133092,ok,/home/elads/STAR/full_grid_solar_opacity/runs/T2p32711_rho0p000169179/fac-opacity-cowan-state/starout.h5
2.3271067345850014,0.0002431234061999784,fac-opacity-cowan-state,T2p32711_rho0p000243123,0.06898923031657611,376727.2907782962,48261.42139572864,48261.35314528958,ok,/home/elads/STAR/full_grid_solar_opacity/runs/T2p32711_rho0p000243123/fac-opacity-cowan-state/starout.h5
2.3271067345850014,0.0003493872774749123,fac-opacity-cowan-state,T2p32711_rho0p000349387,0.06287778941808775,407272.0622005875,50360.99350738725,50360.931156942905,ok,/home/elads/STAR/full_grid_solar_opacity/runs/T2p32711_rho0p000349387/fac-opacity-cowan-state/starout.h5
2.3271067345850014,0.0005020967399614471,fac-opacity-cowan-state,T2p32711_rho0p000502097,0.05695926360202858,436820.1885678506,56436.14002552187,56436.08342790743,ok,/home/elads/STAR/full_grid_solar_opacity/runs/T2p32711_rho0p000502097/fac-opacity-cowan-state/starout.h5
2.3271067345850014,0.0007215521357901021,fac-opacity-cowan-state,T2p32711_rho0p000721552,0.05100839571881562,464394.30494194664,62483.16260147566,62483.111833055744,ok,/home/elads/STAR/full_grid_solar_opacity/runs/T2p32711_rho0p000721552/fac-opacity-cowan-state/starout.h5
2.3271067345850014,0.0010369266382873438,fac-opacity-cowan-state,T2p32711_rho0p00103693,0.044826223138060596,488420.73257302213,68044.14021319243,68044.09553857429,ok,/home/elads/STAR/full_grid_solar_opacity/runs/T2p32711_rho0p00103693/fac-opacity-cowan-state/starout.h5
2.3271067345850014,0.0014901443705277455,fac-opacity-cowan-state,T2p32711_rho0p00149014,0.03841263174198166,506634.9336685791,71167.03392277515,71166.99559972418,ok,/home/elads/STAR/full_grid_solar_opacity/runs/T2p32711_rho0p00149014/fac-opacity-cowan-state/starout.h5
2.3271067345850014,0.002141453563853953,fac-opacity-cowan-state,T2p32711_rho0p00214145,0.03175789627426496,516838.54735350155,71592.96779024838,71592.936079989,ok,/home/elads/STAR/full_grid_solar_opacity/runs/T2p32711_rho0p00214145/fac-opacity-cowan-state/starout.h5
2.3271067345850014,0.003077435620898055,fac-opacity-cowan-state,T2p32711_rho0p00307744,0.025199901896100774,517718.6188720077,69657.34772133874,69657.32254125366,ok,/home/elads/STAR/full_grid_solar_opacity/runs/T2p32711_rho0p00307744/fac-opacity-cowan-state/starout.h5
2.3271067345850014,0.004422514763163053,fac-opacity-cowan-state,T2p32711_rho0p00442251,0.019155070426448192,509958.8184111001,64684.09472288612,64684.075570886875,ok,/home/elads/STAR/full_grid_solar_opacity/runs/T2p32711_rho0p00442251/fac-opacity-cowan-state/starout.h5
2.3271067345850014,0.006355498291362301,fac-opacity-cowan-state,T2p32711_rho0p0063555,0.014087075927591923,496047.52517705585,57919.38386511266,57919.369771500475,ok,/home/elads/STAR/full_grid_solar_opacity/runs/T2p32711_rho0p0063555/fac-opacity-cowan-state/starout.h5
2.3271067345850014,0.009133346228248624,fac-opacity-cowan-state,T2p32711_rho0p00913335,0.010053455226854562,479341.37938082474,51077.51881639825,51077.50875059567,ok,/home/elads/STAR/full_grid_solar_opacity/runs/T2p32711_rho0p00913335/fac-opacity-cowan-state/starout.h5
2.3271067345850014,0.01312533014735226,fac-opacity-cowan-state,T2p32711_rho0p0131253,0.007172705751310032,462739.897435894,45268.67366225334,45268.666472966666,ok,/home/elads/STAR/full_grid_solar_opacity/runs/T2p32711_rho0p0131253/fac-opacity-cowan-state/starout.h5
2.3271067345850014,0.018862122071335155,fac-opacity-cowan-state,T2p32711_rho0p0188621,0.0053200909041131155,448115.3353827882,40182.55145662297,40182.546117077254,ok,/home/elads/STAR/full_grid_solar_opacity/runs/T2p32711_rho0p0188621/fac-opacity-cowan-state/starout.h5
2.3271067345850014,0.02710633904364831,fac-opacity-cowan-state,T2p32711_rho0p0271063,0.0046210384260531225,438049.0189137708,36469.23583558565,36469.23119223958,ok,/home/elads/STAR/full_grid_solar_opacity/runs/T2p32711_rho0p0271063/fac-opacity-cowan-state/starout.h5
2.3271067345850014,0.038953921174427183,fac-opacity-cowan-state,T2p32711_rho0p0389539,0.004993932362952089,437201.5096594601,35165.22485065361,35165.21983019989,ok,/home/elads/STAR/full_grid_solar_opacity/runs/T2p32711_rho0p0389539/fac-opacity-cowan-state/starout.h5
2.3271067345850014,0.0559798197912329,fac-opacity-cowan-state,T2p32711_rho0p0559798,0.005581673812669607,447775.5432715098,35605.803151318236,35605.797538645245,ok,/home/elads/STAR/full_grid_solar_opacity/runs/T2p32711_rho0p0559798/fac-opacity-cowan-state/starout.h5
2.3271067345850014,0.08044736266284185,fac-opacity-cowan-state,T2p32711_rho0p0804474,0.007539577319605509,467053.55537885724,37018.763217293104,37018.75564174879,ok,/home/elads/STAR/full_grid_solar_opacity/runs/T2p32711_rho0p0804474/fac-opacity-cowan-state/starout.h5
2.3271067345850014,0.11560912813835741,fac-opacity-cowan-state,T2p32711_rho0p115609,0.00723040239775728,487684.3009096631,37327.62792843929,37327.62066059001,ok,/home/elads/STAR/full_grid_solar_opacity/runs/T2p32711_rho0p115609/fac-opacity-cowan-state/starout.h5
2.3271067345850014,0.1661393247274789,fac-opacity-cowan-state,T2p32711_rho0p166139,0.007433965367705551,502138.95080061245,37962.43059918541,37962.423126151756,ok,/home/elads/STAR/full_grid_solar_opacity/runs/T2p32711_rho0p166139/fac-opacity-cowan-state/starout.h5
2.3271067345850014,0.23875515424585794,fac-opacity-cowan-state,T2p32711_rho0p238755,0.007550104091276407,512426.26854468783,38156.90393785707,38156.896347940696,ok,/home/elads/STAR/full_grid_solar_opacity/runs/T2p32711_rho0p238755/fac-opacity-cowan-state/starout.h5
2.3271067345850014,0.34310975906798746,fac-opacity-cowan-state,T2p32711_rho0p34311,0.0071408982572889025,516759.6595943154,38275.966108037974,38275.958927061525,ok,/home/elads/STAR/full_grid_solar_opacity/runs/T2p32711_rho0p34311/fac-opacity-cowan-state/starout.h5
2.3271067345850014,0.49307545690287347,fac-opacity-cowan-state,T2p32711_rho0p493075,0.006417958093725902,513724.04887636215,38443.03367445827,38443.02721627117,ok,/home/elads/STAR/full_grid_solar_opacity/runs/T2p32711_rho0p493075/fac-opacity-cowan-state/starout.h5
2.3271067345850014,0.7085878491488851,fac-opacity-cowan-state,T2p32711_rho0p708588,0.005828084957015569,501960.04219097225,38038.7735340551,38038.76766620105,ok,/home/elads/STAR/full_grid_solar_opacity/runs/T2p32711_rho0p708588/fac-opacity-cowan-state/starout.h5
2.3271067345850014,1.0182959482819007,fac-opacity-cowan-state,T2p32711_rho1p0183,0.005450964657155794,480049.9878190255,36929.24155735294,36929.23606780899,ok,/home/elads/STAR/full_grid_solar_opacity/runs/T2p32711_rho1p0183/fac-opacity-cowan-state/starout.h5
2.3271067345850014,1.4633706173946401,fac-opacity-cowan-state,T2p32711_rho1p46337,0.005293944338064074,446268.72879000736,34363.010578169116,34363.005248338355,ok,/home/elads/STAR/full_grid_solar_opacity/runs/T2p32711_rho1p46337/fac-opacity-cowan-state/starout.h5
2.3271067345850014,2.1029775945461404,fac-opacity-cowan-state,T2p32711_rho2p10298,0.005425411073881384,398112.8784194535,30086.56629791779,30086.560841074464,ok,/home/elads/STAR/full_grid_solar_opacity/runs/T2p32711_rho2p10298/fac-opacity-cowan-state/starout.h5
2.3271067345850014,3.0221426551783854,fac-opacity-cowan-state,T2p32711_rho3p02214,0.006014623571481311,332425.74186323094,24356.5954458627,24356.589405750794,ok,/home/elads/STAR/full_grid_solar_opacity/runs/T2p32711_rho3p02214/fac-opacity-cowan-state/starout.h5
2.3271067345850014,4.343054463316713,fac-opacity-cowan-state,T2p32711_rho4p34305,0.007225641054249761,250799.11762892563,17752.311194582224,17752.30395028183,ok,/home/elads/STAR/full_grid_solar_opacity/runs/T2p32711_rho4p34305/fac-opacity-cowan-state/starout.h5
2.3271067345850014,6.241307649397467,fac-opacity-cowan-state,T2p32711_rho6p24131,0.009732658117185548,166362.58367037395,11337.217301190589,11337.207556465532,ok,/home/elads/STAR/full_grid_solar_opacity/runs/T2p32711_rho6p24131/fac-opacity-cowan-state/starout.h5
2.3271067345850014,8.969245378672715,fac-opacity-cowan-state,T2p32711_rho8p96925,0.011551109679575153,117407.18192905032,7699.911605543332,7699.900046094443,ok,/home/elads/STAR/full_grid_solar_opacity/runs/T2p32711_rho8p96925/fac-opacity-cowan-state/starout.h5
2.3271067345850014,12.889504440725364,fac-opacity-cowan-state,T2p32711_rho12p8895,0.0091563189416773,108188.63391135476,7116.675829113419,7116.666665132548,ok,/home/elads/STAR/full_grid_solar_opacity/runs/T2p32711_rho12p8895/fac-opacity-cowan-state/starout.h5
2.3271067345850014,18.52322215674118,fac-opacity-cowan-state,T2p32711_rho18p5232,0.007244631817876811,99371.86742732451,6694.025984748842,6694.018732952281,ok,/home/elads/STAR/full_grid_solar_opacity/runs/T2p32711_rho18p5232/fac-opacity-cowan-state/starout.h5
2.3271067345850014,26.61931346126126,fac-opacity-cowan-state,T2p32711_rho26p6193,0.005651775570434709,91900.71135528208,7412.056991621547,7412.051331984929,ok,/home/elads/STAR/full_grid_solar_opacity/runs/T2p32711_rho26p6193/fac-opacity-cowan-state/starout.h5
2.3271067345850014,38.254027466328665,fac-opacity-cowan-state,T2p32711_rho38p254,0.004426975310701327,85315.3996864258,7099.321092778669,7099.316658304166,ok,/home/elads/STAR/full_grid_solar_opacity/runs/T2p32711_rho38p254/fac-opacity-cowan-state/starout.h5
2.3271067345850014,54.97401800103719,fac-opacity-cowan-state,T2p32711_rho54p974,0.0033894662243323117,79959.07850509079,7088.574328159917,7088.570931237095,ok,/home/elads/STAR/full_grid_solar_opacity/runs/T2p32711_rho54p974/fac-opacity-cowan-state/starout.h5
2.3271067345850014,79.0019471240894,fac-opacity-cowan-state,T2p32711_rho79p0019,0.0023932355998951124,75198.16523737548,6803.643996374771,6803.641596007564,ok,/home/elads/STAR/full_grid_solar_opacity/runs/T2p32711_rho79p0019/fac-opacity-cowan-state/starout.h5
2.3271067345850014,113.53195339077567,fac-opacity-cowan-state,T2p32711_rho113p532,0.0026861904076416043,70345.83750747179,7462.910932937682,7462.908238924587,ok,/home/elads/STAR/full_grid_solar_opacity/runs/T2p32711_rho113p532/fac-opacity-cowan-state/starout.h5
2.3271067345850014,163.15426277379785,fac-opacity-cowan-state,T2p32711_rho163p154,0.021995728046800136,60331.127648255584,5925.570606306694,5925.548603821169,ok,/home/elads/STAR/full_grid_solar_opacity/runs/T2p32711_rho163p154/fac-opacity-cowan-state/starout.h5
2.3271067345850014,234.46538763970608,fac-opacity-cowan-state,T2p32711_rho234p465,0.052320716159538316,56461.47799846584,20275.024462122714,20274.97211909529,ok,/home/elads/STAR/full_grid_solar_opacity/runs/T2p32711_rho234p465/fac-opacity-cowan-state/starout.h5
2.3271067345850014,336.94503022121665,fac-opacity-cowan-state,T2p32711_rho336p945,0.06046040523519016,52121.419323767535,17342.218121381862,17342.15764148837,ok,/home/elads/STAR/full_grid_solar_opacity/runs/T2p32711_rho336p945/fac-opacity-cowan-state/starout.h5
2.3271067345850014,484.21626123015125,fac-opacity-cowan-state,T2p32711_rho484p216,0.06833175345980508,54584.37358877371,24788.262502291665,24788.19414325327,ok,/home/elads/STAR/full_grid_solar_opacity/runs/T2p32711_rho484p216/fac-opacity-cowan-state/starout.h5
2.3271067345850014,695.8564947100452,fac-opacity-cowan-state,T2p32711_rho695p856,0.11765691004970169,48048.11581315769,18747.469922856548,18747.352243714333,ok,/home/elads/STAR/full_grid_solar_opacity/runs/T2p32711_rho695p856/fac-opacity-cowan-state/starout.h5
2.3271067345850014,1000.0,fac-opacity-cowan-state,T2p32711_rho1000,0.1365625172243719,44795.865374510264,15193.064415169505,15192.927833571834,ok,/home/elads/STAR/full_grid_solar_opacity/runs/T2p32711_rho1000/fac-opacity-cowan-state/starout.h5
2.561867691279375,1e-17,fac-opacity-cowan-state,T2p56187_rho1em17,0.34011176421239775,217.2508045749729,0.38911437201069166,0.04900260775992571,ok,/home/elads/STAR/full_grid_solar_opacity/runs/T2p56187_rho1em17/fac-opacity-cowan-state/starout.h5
2.561867691279375,1.4370779141993746e-17,fac-opacity-cowan-state,T2p56187_rho1p43708em17,0.34010830923026053,220.26696249393743,0.39108639096425407,0.05097808169407866,ok,/home/elads/STAR/full_grid_solar_opacity/runs/T2p56187_rho1p43708em17/fac-opacity-cowan-state/starout.h5
2.561867691279375,2.065192931479625e-17,fac-opacity-cowan-state,T2p56187_rho2p06519em17,0.3401049221908253,223.19759295204855,0.39332235625114137,0.05321743401864762,ok,/home/elads/STAR/full_grid_solar_opacity/runs/T2p56187_rho2p06519em17/fac-opacity-cowan-state/starout.h5
2.561867691279375,2.9678431503900313e-17,fac-opacity-cowan-state,T2p56187_rho2p96784em17,0.34010139692090996,225.99675799904028,0.395835643612893,0.055734246648344046,ok,/home/elads/STAR/full_grid_solar_opacity/runs/T2p56187_rho2p96784em17/fac-opacity-cowan-state/starout.h5
2.561867691279375,4.2650218442334076e-17,fac-opacity-cowan-state,T2p56187_rho4p26502em17,0.3400974859117435,228.56973068800562,0.39859466171783886,0.058497175760293306,ok,/home/elads/STAR/full_grid_solar_opacity/runs/T2p56187_rho4p26502em17/fac-opacity-cowan-state/starout.h5
2.561867691279375,6.129168695925715e-17,fac-opacity-cowan-state,T2p56187_rho6p12917em17,0.3400929009861407,230.81055411802413,0.4015072446131694,0.06141434357894221,ok,/home/elads/STAR/full_grid_solar_opacity/runs/T2p56187_rho6p12917em17/fac-opacity-cowan-state/starout.h5
2.561867691279375,8.808092965317026e-17,fac-opacity-cowan-state,T2p56187_rho8p80809em17,0.3400873185636732,232.63829520565477,0.4044385623833274,0.06435124376926836,ok,/home/elads/STAR/full_grid_solar_opacity/runs/T2p56187_rho8p80809em17/fac-opacity-cowan-state/starout.h5
2.561867691279375,1.2657915866672028e-16,fac-opacity-cowan-state,T2p56187_rho1p26579em16,0.34008040286383867,234.01707824233972,0.40725663531483897,0.06717623239840231,ok,/home/elads/STAR/full_grid_solar_opacity/runs/T2p56187_rho1p26579em16/fac-opacity-cowan-state/starout.h5
2.561867691279375,1.819041133178821e-16,fac-opacity-cowan-state,T2p56187_rho1p81904em16,0.3400718578587177,234.95738364096192,0.4098802266948166,0.0698083687814401,ok,/home/elads/STAR/full_grid_solar_opacity/runs/T2p56187_rho1p81904em16/fac-opacity-cowan-state/starout.h5
2.561867691279375,2.6141038375114865e-16,fac-opacity-cowan-state,T2p56187_rho2p6141em16,0.3400615083337299,235.5065261945365,0.4123067603785443,0.07224525198824779,ok,/home/elads/STAR/full_grid_solar_opacity/runs/T2p56187_rho2p6141em16/fac-opacity-cowan-state/starout.h5
2.561867691279375,3.7566708903116036e-16,fac-opacity-cowan-state,T2p56187_rho3p75667em16,0.34004939002561363,235.73759732213844,0.4146104604656786,0.07456107038168444,ok,/home/elads/STAR/full_grid_solar_opacity/runs/T2p56187_rho3p75667em16/fac-opacity-cowan-state/starout.h5
2.561867691279375,5.398628767382507e-16,fac-opacity-cowan-state,T2p56187_rho5p39863em16,0.3400358038841121,235.7411605091141,0.4169125143847964,0.07687671044049126,ok,/home/elads/STAR/full_grid_solar_opacity/runs/T2p56187_rho5p39863em16/fac-opacity-cowan-state/starout.h5
2.561867691279375,7.758250168566793e-16,fac-opacity-cowan-state,T2p56187_rho7p75825em16,0.3400212825102124,235.61904550415008,0.4193376243704327,0.07931634179811663,ok,/home/elads/STAR/full_grid_solar_opacity/runs/T2p56187_rho7p75825em16/fac-opacity-cowan-state/starout.h5
2.561867691279375,1.1149209970080914e-15,fac-opacity-cowan-state,T2p56187_rho1p11492em15,0.34000645303185845,235.47872014741844,0.421981505803632,0.0819750527075885,ok,/home/elads/STAR/full_grid_solar_opacity/runs/T2p56187_rho1p11492em15/fac-opacity-cowan-state/starout.h5
2.561867691279375,1.6022283408774753e-15,fac-opacity-cowan-state,T2p56187_rho1p60223em15,0.339991848420804,235.42937480637883,0.4249056142628235,0.08491376577553306,ok,/home/elads/STAR/full_grid_solar_opacity/runs/T2p56187_rho1p60223em15/fac-opacity-cowan-state/starout.h5
2.561867691279375,2.3025269621793266e-15,fac-opacity-cowan-state,T2p56187_rho2p30253em15,0.3399777590316107,235.58304412616513,0.42814933564999075,0.08817157654934296,ok,/home/elads/STAR/full_grid_solar_opacity/runs/T2p56187_rho2p30253em15/fac-opacity-cowan-state/starout.h5
2.561867691279375,3.308910644196489e-15,fac-opacity-cowan-state,T2p56187_rho3p30891em15,0.33996418305027254,236.06271611703488,0.43173870328748915,0.09177452016535854,ok,/home/elads/STAR/full_grid_solar_opacity/runs/T2p56187_rho3p30891em15/fac-opacity-cowan-state/starout.h5
2.561867691279375,4.755162406834019e-15,fac-opacity-cowan-state,T2p56187_rho4p75516em15,0.3399508596807335,237.01564482088014,0.4356868318294455,0.09573597207375226,ok,/home/elads/STAR/full_grid_solar_opacity/runs/T2p56187_rho4p75516em15/fac-opacity-cowan-state/starout.h5
2.561867691279375,6.8335388732923106e-15,fac-opacity-cowan-state,T2p56187_rho6p83354em15,0.3399373188376835,238.62764131858347,0.4399980076451015,0.10006068872907217,ok,/home/elads/STAR/full_grid_solar_opacity/runs/T2p56187_rho6p83354em15/fac-opacity-cowan-state/starout.h5
2.561867691279375,9.820327790631256e-15,fac-opacity-cowan-state,T2p56187_rho9p82033em15,0.33992288727347325,241.1346580936495,0.44467845087624114,0.10475556352074618,ok,/home/elads/STAR/full_grid_solar_opacity/runs/T2p56187_rho9p82033em15/fac-opacity-cowan-state/starout.h5
2.561867691279375,1.4112576178114521e-14,fac-opacity-cowan-state,T2p56187_rho1p41126em14,0.33990662886431094,244.82983104420296,0.4497396324131611,0.1098330034628531,ok,/home/elads/STAR/full_grid_solar_opacity/runs/T2p56187_rho1p41126em14/fac-opacity-cowan-state/starout.h5
2.561867691279375,2.0280871538024598e-14,fac-opacity-cowan-state,T2p56187_rho2p02809em14,0.3398872300341876,250.06416860858903,0.45518733232233666,0.11530010219787087,ok,/home/elads/STAR/full_grid_solar_opacity/runs/T2p56187_rho2p02809em14/fac-opacity-cowan-state/starout.h5
2.561867691279375,2.914519256800997e-14,fac-opacity-cowan-state,T2p56187_rho2p91452em14,0.3398628451465092,257.23572553406365,0.4610072050147327,0.12114435977336968,ok,/home/elads/STAR/full_grid_solar_opacity/runs/T2p56187_rho2p91452em14/fac-opacity-cowan-state/starout.h5
2.561867691279375,4.188391254457488e-14,fac-opacity-cowan-state,T2p56187_rho4p18839em14,0.3398309023713239,266.7565782271067,0.467155197668138,0.1273242951971214,ok,/home/elads/STAR/full_grid_solar_opacity/runs/T2p56187_rho4p18839em14/fac-opacity-cowan-state/starout.h5
2.561867691279375,6.019044567806669e-14,fac-opacity-cowan-state,T2p56187_rho6p01904em14,0.33978784871395407,278.983066363847,0.4735515460088738,0.13376369719018466,ok,/home/elads/STAR/full_grid_solar_opacity/runs/T2p56187_rho6p01904em14/fac-opacity-cowan-state/starout.h5
2.561867691279375,8.649836012976684e-14,fac-opacity-cowan-state,T2p56187_rho8p64984em14,0.3397288009513486,294.10019541240246,0.4800976218200705,0.14036882075881515,ok,/home/elads/STAR/full_grid_solar_opacity/runs/T2p56187_rho8p64984em14/fac-opacity-cowan-state/starout.h5
2.561867691279375,1.2430488295695167e-13,fac-opacity-cowan-state,T2p56187_rho1p24305em13,0.3396470546588776,311.9758771729122,0.4867214809524814,0.14707442617844718,ok,/home/elads/STAR/full_grid_solar_opacity/runs/T2p56187_rho1p24305em13/fac-opacity-cowan-state/starout.h5
2.561867691279375,1.7863580192457348e-13,fac-opacity-cowan-state,T2p56187_rho1p78636em13,0.33953339227818624,332.0442223100072,0.4934025757728733,0.1538691833742103,ok,/home/elads/STAR/full_grid_solar_opacity/runs/T2p56187_rho1p78636em13/fac-opacity-cowan-state/starout.h5
2.561867691279375,2.567135656310987e-13,fac-opacity-cowan-state,T2p56187_rho2p56714em13,0.339375121176158,353.3083144816817,0.5001600366041875,0.16078491530213732,ok,/home/elads/STAR/full_grid_solar_opacity/runs/T2p56187_rho2p56714em13/fac-opacity-cowan-state/starout.h5
2.561867691279375,3.6891739544382357e-13,fac-opacity-cowan-state,T2p56187_rho3p68917em13,0.33915480842804097,374.52004808042875,0.507039701225773,0.16788489266628118,ok,/home/elads/STAR/full_grid_solar_opacity/runs/T2p56187_rho3p68917em13/fac-opacity-cowan-state/starout.h5
2.561867691279375,5.301630411562758e-13,fac-opacity-cowan-state,T2p56187_rho5p30163em13,0.33884877545889275,394.48921013226317,0.5141186999339434,0.17526992433781727,ok,/home/elads/STAR/full_grid_solar_opacity/runs/T2p56187_rho5p30163em13/fac-opacity-cowan-state/starout.h5
2.561867691279375,7.618855973704612e-13,fac-opacity-cowan-state,T2p56187_rho7p61886em13,0.33842561807037674,412.3776781754839,0.5215182137253643,0.18309259551162868,ok,/home/elads/STAR/full_grid_solar_opacity/runs/T2p56187_rho7p61886em13/fac-opacity-cowan-state/starout.h5
2.561867691279375,1.0948889651276868e-12,fac-opacity-cowan-state,T2p56187_rho1p09489em12,0.3378453111642002,427.8444878729985,0.5294060726768319,0.19156076136264283,ok,/home/elads/STAR/full_grid_solar_opacity/runs/T2p56187_rho1p09489em12/fac-opacity-cowan-state/starout.h5
2.561867691279375,1.5734407502856082e-12,fac-opacity-cowan-state,T2p56187_rho1p57344em12,0.33705988016854777,441.01234005545444,0.537984463656684,0.20092458333081545,ok,/home/elads/STAR/full_grid_solar_opacity/runs/T2p56187_rho1p57344em12/fac-opacity-cowan-state/starout.h5
2.561867691279375,2.26115695153675e-12,fac-opacity-cowan-state,T2p56187_rho2p26116em12,0.3360170569040395,452.32155083423623,0.5474852078238757,0.2114681507542599,ok,/home/elads/STAR/full_grid_solar_opacity/runs/T2p56187_rho2p26116em12/fac-opacity-cowan-state/starout.h5
2.561867691279375,3.249458715591849e-12,fac-opacity-cowan-state,T2p56187_rho3p24946em12,0.334668531824248,462.3573566731825,0.5582020883592568,0.22353355635998548,ok,/home/elads/STAR/full_grid_solar_opacity/runs/T2p56187_rho3p24946em12/fac-opacity-cowan-state/starout.h5
2.561867691279375,4.669725353279713e-12,fac-opacity-cowan-state,T2p56187_rho4p66973em12,0.3329834873528603,471.7030221196333,0.5705489763856928,0.2375654888468225,ok,/home/elads/STAR/full_grid_solar_opacity/runs/T2p56187_rho4p66973em12/fac-opacity-cowan-state/starout.h5
2.561867691279375,6.710759170575148e-12,fac-opacity-cowan-state,T2p56187_rho6p71076em12,0.3309655489170177,480.83636320141466,0.585113311580011,0.25414776246399967,ok,/home/elads/STAR/full_grid_solar_opacity/runs/T2p56187_rho6p71076em12/fac-opacity-cowan-state/starout.h5
2.561867691279375,9.64388379154446e-12,fac-opacity-cowan-state,T2p56187_rho9p64388em12,0.3286671219601572,490.0743947804399,0.6026960406334074,0.2740289184586899,ok,/home/elads/STAR/full_grid_solar_opacity/runs/T2p56187_rho9p64388em12/fac-opacity-cowan-state/starout.h5
2.561867691279375,1.3859012403933867e-11,fac-opacity-cowan-state,T2p56187_rho1p3859em11,0.32619242811864946,499.57340919075426,0.6243207616826113,0.29812833333053235,ok,/home/elads/STAR/full_grid_solar_opacity/runs/T2p56187_rho1p3859em11/fac-opacity-cowan-state/starout.h5
2.561867691279375,1.9916480638308542e-11,fac-opacity-cowan-state,T2p56187_rho1p99165em11,0.32368292958368866,509.3864762838054,0.651232878475154,0.32754994863499887,ok,/home/elads/STAR/full_grid_solar_opacity/runs/T2p56187_rho1p99165em11/fac-opacity-cowan-state/starout.h5
2.561867691279375,2.8621534453892672e-11,fac-opacity-cowan-state,T2p56187_rho2p86215em11,0.32128766169241985,519.5622493034375,0.6849854915914413,0.3636978296142519,ok,/home/elads/STAR/full_grid_solar_opacity/runs/T2p56187_rho2p86215em11/fac-opacity-cowan-state/starout.h5
2.561867691279375,4.1131375034185614e-11,fac-opacity-cowan-state,T2p56187_rho4p11314em11,0.319130382066394,530.2469777250903,0.7276604510865953,0.4085300687003294,ok,/home/elads/STAR/full_grid_solar_opacity/runs/T2p56187_rho4p11314em11/fac-opacity-cowan-state/starout.h5
2.561867691279375,5.910899064227969e-11,fac-opacity-cowan-state,T2p56187_rho5p9109em11,0.31728746436035493,541.7468234455578,0.7821812460554691,0.4648937813311092,ok,/home/elads/STAR/full_grid_solar_opacity/runs/T2p56187_rho5p9109em11/fac-opacity-cowan-state/starout.h5
2.561867691279375,8.4944224982638e-11,fac-opacity-cowan-state,T2p56187_rho8p49442em11,0.31578349253924703,554.5214053189021,0.852572696438223,0.5367892034786783,ok,/home/elads/STAR/full_grid_solar_opacity/runs/T2p56187_rho8p49442em11/fac-opacity-cowan-state/starout.h5
2.561867691279375,1.2207146966133182e-10,fac-opacity-cowan-state,T2p56187_rho1p22071em10,0.3146015115921253,569.1048988298977,0.9440419505817177,0.6294404384967505,ok,/home/elads/STAR/full_grid_solar_opacity/runs/T2p56187_rho1p22071em10/fac-opacity-cowan-state/starout.h5
2.561867691279375,1.7542621300415897e-10,fac-opacity-cowan-state,T2p56187_rho1p75426em10,0.31369966729707616,585.9669781304749,1.0632487596300193,0.7495490917460581,ok,/home/elads/STAR/full_grid_solar_opacity/runs/T2p56187_rho1p75426em10/fac-opacity-cowan-state/starout.h5
2.561867691279375,2.52101136279913e-10,fac-opacity-cowan-state,T2p56187_rho2p52101em10,0.3130264867583097,605.347451091137,1.2191710687509372,0.9061445812831309,ok,/home/elads/STAR/full_grid_solar_opacity/runs/T2p56187_rho2p52101em10/fac-opacity-cowan-state/starout.h5
2.561867691279375,3.6228897509242966e-10,fac-opacity-cowan-state,T2p56187_rho3p62289em10,0.31253154914776315,627.1292543521878,1.4245456010125617,1.1120140509941088,ok,/home/elads/STAR/full_grid_solar_opacity/runs/T2p56187_rho3p62289em10/fac-opacity-cowan-state/starout.h5
2.561867691279375,5.20637484663258e-10,fac-opacity-cowan-state,T2p56187_rho5p20637em10,0.3121710605544857,650.833350124899,1.697476811375282,1.3853057497361232,ok,/home/elads/STAR/full_grid_solar_opacity/runs/T2p56187_rho5p20637em10/fac-opacity-cowan-state/starout.h5
2.561867691279375,7.481966305138837e-10,fac-opacity-cowan-state,T2p56187_rho7p48197em10,0.31190950095385406,675.799326508437,2.0631743833810723,1.7512648810560052,ok,/home/elads/STAR/full_grid_solar_opacity/runs/T2p56187_rho7p48197em10/fac-opacity-cowan-state/starout.h5
2.561867691279375,1.0752168531898921e-09,fac-opacity-cowan-state,T2p56187_rho1p07522em09,0.3117193021004986,701.5208556230119,2.5568280128532583,2.245108708994874,ok,/home/elads/STAR/full_grid_solar_opacity/runs/T2p56187_rho1p07522em09/fac-opacity-cowan-state/starout.h5
2.561867691279375,1.5451703926941453e-09,fac-opacity-cowan-state,T2p56187_rho1p54517em09,0.3115797055100864,728.0189139222016,3.227561106465019,2.9159813986717666,ok,/home/elads/STAR/full_grid_solar_opacity/runs/T2p56187_rho1p54517em09/fac-opacity-cowan-state/starout.h5
2.561867691279375,2.220530245015531e-09,fac-opacity-cowan-state,T2p56187_rho2p22053em09,0.3114750905314672,756.1253109093971,4.1455662453543365,3.834091151820836,ok,/home/elads/STAR/full_grid_solar_opacity/runs/T2p56187_rho2p22053em09/fac-opacity-cowan-state/starout.h5
2.561867691279375,3.1910749729235452e-09,fac-opacity-cowan-state,T2p56187_rho3p19107em09,0.31139368251319044,787.644982029776,5.411445263146177,5.100051576639731,ok,/home/elads/STAR/full_grid_solar_opacity/runs/T2p56187_rho3p19107em09/fac-opacity-cowan-state/starout.h5
2.561867691279375,4.585823366142813e-09,fac-opacity-cowan-state,T2p56187_rho4p58582em09,0.3113263619515128,825.4743558456986,7.17139625538246,6.860069888059622,ok,/home/elads/STAR/full_grid_solar_opacity/runs/T2p56187_rho4p58582em09/fac-opacity-cowan-state/starout.h5
2.561867691279375,6.590185477903269e-09,fac-opacity-cowan-state,T2p56187_rho6p59019em09,0.3112659263917882,873.7715325476834,9.631611136313577,9.320345202624106,ok,/home/elads/STAR/full_grid_solar_opacity/runs/T2p56187_rho6p59019em09/fac-opacity-cowan-state/starout.h5
2.561867691279375,9.470610000772238e-09,fac-opacity-cowan-state,T2p56187_rho9p47061em09,0.3112062401044581,938.2862352096294,13.076873749852789,12.76566749975302,ok,/home/elads/STAR/full_grid_solar_opacity/runs/T2p56187_rho9p47061em09/fac-opacity-cowan-state/starout.h5
2.561867691279375,1.3610004466105506e-08,fac-opacity-cowan-state,T2p56187_rho1p361em08,0.3111408992683886,1027.0093850653377,17.923623532714647,17.612482619655967,ok,/home/elads/STAR/full_grid_solar_opacity/runs/T2p56187_rho1p361em08/fac-opacity-cowan-state/starout.h5
2.561867691279375,1.9558636830395073e-08,fac-opacity-cowan-state,T2p56187_rho1p95586em08,0.3055861245172925,1306.2719026597736,30.022754288119774,29.719906012253624,ok,/home/elads/STAR/full_grid_solar_opacity/runs/T2p56187_rho1p95586em08/fac-opacity-cowan-state/starout.h5
2.561867691279375,2.810728502080722e-08,fac-opacity-cowan-state,T2p56187_rho2p81073em08,0.3034883314428617,1456.377400520432,43.03963795344781,42.73986967259512,ok,/home/elads/STAR/full_grid_solar_opacity/runs/T2p56187_rho2p81073em08/fac-opacity-cowan-state/starout.h5
2.561867691279375,4.039235853150913e-08,fac-opacity-cowan-state,T2p56187_rho4p03924em08,0.30073188224780356,1662.674848106768,59.72619915652597,59.43025229675043,ok,/home/elads/STAR/full_grid_solar_opacity/runs/T2p56187_rho4p03924em08/fac-opacity-cowan-state/starout.h5
2.561867691279375,5.804696634805446e-08,fac-opacity-cowan-state,T2p56187_rho5p8047em08,0.29716565703901876,1943.5484541736955,83.4679000416494,83.17732897400955,ok,/home/elads/STAR/full_grid_solar_opacity/runs/T2p56187_rho5p8047em08/fac-opacity-cowan-state/starout.h5
2.561867691279375,8.341801332506338e-08,fac-opacity-cowan-state,T2p56187_rho8p3418em08,0.2926249482206241,2331.339193753972,113.23483044441366,112.95007045871533,ok,/home/elads/STAR/full_grid_solar_opacity/runs/T2p56187_rho8p3418em08/fac-opacity-cowan-state/starout.h5
2.561867691279375,1.1987818459583772e-07,fac-opacity-cowan-state,T2p56187_rho1p19878em07,0.28695324963599556,2866.3333653706723,153.3437102615553,153.0667067514102,ok,/home/elads/STAR/full_grid_solar_opacity/runs/T2p56187_rho1p19878em07/fac-opacity-cowan-state/starout.h5
2.561867691279375,1.7227429147699408e-07,fac-opacity-cowan-state,T2p56187_rho1p72274em07,0.2800303554453171,3608.159150531253,234.49434592884236,234.2270811069576,ok,/home/elads/STAR/full_grid_solar_opacity/runs/T2p56187_rho1p72274em07/fac-opacity-cowan-state/starout.h5
2.561867691279375,2.4757157946593376e-07,fac-opacity-cowan-state,T2p56187_rho2p47572em07,0.2717901798996078,4636.362978480535,329.32542440723773,329.0689282975448,ok,/home/elads/STAR/full_grid_solar_opacity/runs/T2p56187_rho2p47572em07/fac-opacity-cowan-state/starout.h5
2.561867691279375,3.557796490339488e-07,fac-opacity-cowan-state,T2p56187_rho3p5578em07,0.26225497526326885,5650.967358330842,396.7715900557856,396.52721458902556,ok,/home/elads/STAR/full_grid_solar_opacity/runs/T2p56187_rho3p5578em07/fac-opacity-cowan-state/starout.h5
2.561867691279375,5.112830759482948e-07,fac-opacity-cowan-state,T2p56187_rho5p11283em07,0.25154501179686434,7444.603018674268,508.79905287315194,508.56641017206715,ok,/home/elads/STAR/full_grid_solar_opacity/runs/T2p56187_rho5p11283em07/fac-opacity-cowan-state/starout.h5
2.561867691279375,7.347536163492159e-07,fac-opacity-cowan-state,T2p56187_rho7p34754em07,0.2398962069637408,9849.380678602076,704.3152979745678,704.0955267068703,ok,/home/elads/STAR/full_grid_solar_opacity/runs/T2p56187_rho7p34754em07/fac-opacity-cowan-state/starout.h5
2.561867691279375,1.0558981944335787e-06,fac-opacity-cowan-state,T2p56187_rho1p0559em06,0.2276107873945204,12971.650788396299,943.1013548005114,942.8940379900604,ok,/home/elads/STAR/full_grid_solar_opacity/runs/T2p56187_rho1p0559em06/fac-opacity-cowan-state/starout.h5
2.561867691279375,1.517407974863493e-06,fac-opacity-cowan-state,T2p56187_rho1p51741em06,0.21510380756473418,16993.905737208832,1457.766847255732,1457.571808383424,ok,/home/elads/STAR/full_grid_solar_opacity/runs/T2p56187_rho1p51741em06/fac-opacity-cowan-state/starout.h5
2.561867691279375,2.1806334875063253e-06,fac-opacity-cowan-state,T2p56187_rho2p18063em06,0.2027553020236974,21955.32658615735,2014.4062297336693,2014.2225415527835,ok,/home/elads/STAR/full_grid_solar_opacity/runs/T2p56187_rho2p18063em06/fac-opacity-cowan-state/starout.h5
2.561867691279375,3.1337402238588983e-06,fac-opacity-cowan-state,T2p56187_rho3p13374em06,0.1909174578709906,27680.83206122565,2497.005188586741,2496.8326483698297,ok,/home/elads/STAR/full_grid_solar_opacity/runs/T2p56187_rho3p13374em06/fac-opacity-cowan-state/starout.h5
2.561867691279375,4.503428864545845e-06,fac-opacity-cowan-state,T2p56187_rho4p50343em06,0.17986214908890907,34945.61405664072,3875.6557189279943,3875.4915255042765,ok,/home/elads/STAR/full_grid_solar_opacity/runs/T2p56187_rho4p50343em06/fac-opacity-cowan-state/starout.h5
2.561867691279375,6.471778159406801e-06,fac-opacity-cowan-state,T2p56187_rho6p47178em06,0.16971277144223995,42968.23657247596,4686.862526858088,4686.706662594393,ok,/home/elads/STAR/full_grid_solar_opacity/runs/T2p56187_rho6p47178em06/fac-opacity-cowan-state/starout.h5
2.561867691279375,9.300449458481393e-06,fac-opacity-cowan-state,T2p56187_rho9p30045em06,0.16044334975674213,52829.33194841588,6409.931805850771,6409.782740599325,ok,/home/elads/STAR/full_grid_solar_opacity/runs/T2p56187_rho9p30045em06/fac-opacity-cowan-state/starout.h5
2.561867691279375,1.3365470508911143e-05,fac-opacity-cowan-state,T2p56187_rho1p33655em05,0.15185162607930458,65799.0383428744,13420.295298535433,13420.151622866613,ok,/home/elads/STAR/full_grid_solar_opacity/runs/T2p56187_rho1p33655em05/fac-opacity-cowan-state/starout.h5
2.561867691279375,1.920722248123928e-05,fac-opacity-cowan-state,T2p56187_rho1p92072em05,0.14362603408370775,81287.90691789391,18328.59474445674,18328.457522994115,ok,/home/elads/STAR/full_grid_solar_opacity/runs/T2p56187_rho1p92072em05/fac-opacity-cowan-state/starout.h5
2.561867691279375,2.760227522090268e-05,fac-opacity-cowan-state,T2p56187_rho2p76023em05,0.1353691119160518,98252.35098647873,16729.272949984254,16729.142936731674,ok,/home/elads/STAR/full_grid_solar_opacity/runs/T2p56187_rho2p76023em05/fac-opacity-cowan-state/starout.h5
2.561867691279375,3.966662010161191e-05,fac-opacity-cowan-state,T2p56187_rho3p96666em05,0.12696029311659376,120154.21939163163,22106.4166970856,22106.29378983687,ok,/home/elads/STAR/full_grid_solar_opacity/runs/T2p56187_rho3p96666em05/fac-opacity-cowan-state/starout.h5
2.561867691279375,5.7004023678963655e-05,fac-opacity-cowan-state,T2p56187_rho5p7004em05,0.11849534095936569,144626.60885117075,27386.588991491626,27386.473542353473,ok,/home/elads/STAR/full_grid_solar_opacity/runs/T2p56187_rho5p7004em05/fac-opacity-cowan-state/starout.h5
2.561867691279375,8.191922344953684e-05,fac-opacity-cowan-state,T2p56187_rho8p19192em05,0.1103974397300146,170419.73701000132,33140.21090061231,33140.10275479211,ok,/home/elads/STAR/full_grid_solar_opacity/runs/T2p56187_rho8p19192em05/fac-opacity-cowan-state/starout.h5
2.561867691279375,0.00011772430676769293,fac-opacity-cowan-state,T2p56187_rho0p000117724,0.1029310247047172,196744.33210509262,40808.16038667101,40808.05908063305,ok,/home/elads/STAR/full_grid_solar_opacity/runs/T2p56187_rho0p000117724/fac-opacity-cowan-state/starout.h5
2.561867691279375,0.00016917900122028344,fac-opacity-cowan-state,T2p56187_rho0p000169179,0.09612410882468368,222128.28364601138,46671.57647860696,46671.481520575195,ok,/home/elads/STAR/full_grid_solar_opacity/runs/T2p56187_rho0p000169179/fac-opacity-cowan-state/starout.h5
2.561867691279375,0.0002431234061999784,fac-opacity-cowan-state,T2p56187_rho0p000243123,0.08980439452307602,247895.2089537329,55544.16681742419,55544.07782898672,ok,/home/elads/STAR/full_grid_solar_opacity/runs/T2p56187_rho0p000243123/fac-opacity-cowan-state/starout.h5
2.561867691279375,0.0003493872774749123,fac-opacity-cowan-state,T2p56187_rho0p000349387,0.08374059110975704,273678.48245488317,62150.25557137107,62150.172394011424,ok,/home/elads/STAR/full_grid_solar_opacity/runs/T2p56187_rho0p000349387/fac-opacity-cowan-state/starout.h5
2.561867691279375,0.0005020967399614471,fac-opacity-cowan-state,T2p56187_rho0p000502097,0.0776689540532051,300103.13243522006,69912.27316790834,69912.19587899678,ok,/home/elads/STAR/full_grid_solar_opacity/runs/T2p56187_rho0p000502097/fac-opacity-cowan-state/starout.h5
2.561867691279375,0.0007215521357901021,fac-opacity-cowan-state,T2p56187_rho0p000721552,0.0713348677651897,326718.2140711398,82598.98259007912,82598.91149267045,ok,/home/elads/STAR/full_grid_solar_opacity/runs/T2p56187_rho0p000721552/fac-opacity-cowan-state/starout.h5
2.561867691279375,0.0010369266382873438,fac-opacity-cowan-state,T2p56187_rho0p00103693,0.06446903619306216,352646.2076556216,90054.50844280224,90054.44412035531,ok,/home/elads/STAR/full_grid_solar_opacity/runs/T2p56187_rho0p00103693/fac-opacity-cowan-state/starout.h5
2.561867691279375,0.0014901443705277455,fac-opacity-cowan-state,T2p56187_rho0p00149014,0.05697564897204498,374339.77745617204,98174.46070286974,98174.40380611146,ok,/home/elads/STAR/full_grid_solar_opacity/runs/T2p56187_rho0p00149014/fac-opacity-cowan-state/starout.h5
2.561867691279375,0.002141453563853953,fac-opacity-cowan-state,T2p56187_rho0p00214145,0.048757885594476934,389354.157787093,103442.23846872133,103442.1897440508,ok,/home/elads/STAR/full_grid_solar_opacity/runs/T2p56187_rho0p00214145/fac-opacity-cowan-state/starout.h5
2.561867691279375,0.003077435620898055,fac-opacity-cowan-state,T2p56187_rho0p00307744,0.04015313277794685,395068.6289006583,103040.8058778302,103040.7657307557,ok,/home/elads/STAR/full_grid_solar_opacity/runs/T2p56187_rho0p00307744/fac-opacity-cowan-state/starout.h5
2.561867691279375,0.004422514763163053,fac-opacity-cowan-state,T2p56187_rho0p00442251,0.031774517672328716,390830.9576646188,97462.12547331079,97462.0936901275,ok,/home/elads/STAR/full_grid_solar_opacity/runs/T2p56187_rho0p00442251/fac-opacity-cowan-state/starout.h5
2.561867691279375,0.006355498291362301,fac-opacity-cowan-state,T2p56187_rho0p0063555,0.02409780834128553,378389.5425015717,86589.11316030969,86589.08904873044,ok,/home/elads/STAR/full_grid_solar_opacity/runs/T2p56187_rho0p0063555/fac-opacity-cowan-state/starout.h5
2.561867691279375,0.009133346228248624,fac-opacity-cowan-state,T2p56187_rho0p00913335,0.017687481863517096,361332.47439116554,73444.86222585832,73444.8445241719,ok,/home/elads/STAR/full_grid_solar_opacity/runs/T2p56187_rho0p00913335/fac-opacity-cowan-state/starout.h5
2.561867691279375,0.01312533014735226,fac-opacity-cowan-state,T2p56187_rho0p0131253,0.012837094094965775,343255.9322460373,61715.47278705187,61715.45993570908,ok,/home/elads/STAR/full_grid_solar_opacity/runs/T2p56187_rho0p0131253/fac-opacity-cowan-state/starout.h5
2.561867691279375,0.018862122071335155,fac-opacity-cowan-state,T2p56187_rho0p0188621,0.009064241476903073,327135.5875427295,52573.92675194329,52573.917672909825,ok,/home/elads/STAR/full_grid_solar_opacity/runs/T2p56187_rho0p0188621/fac-opacity-cowan-state/starout.h5
2.561867691279375,0.02710633904364831,fac-opacity-cowan-state,T2p56187_rho0p0271063,0.008110920624052354,315306.0402270048,45700.206797707644,45700.198669656435,ok,/home/elads/STAR/full_grid_solar_opacity/runs/T2p56187_rho0p0271063/fac-opacity-cowan-state/starout.h5
2.561867691279375,0.038953921174427183,fac-opacity-cowan-state,T2p56187_rho0p0389539,0.007471778267697957,311994.860903183,41006.88268586376,41006.8751947167,ok,/home/elads/STAR/full_grid_solar_opacity/runs/T2p56187_rho0p0389539/fac-opacity-cowan-state/starout.h5
2.561867691279375,0.0559798197912329,fac-opacity-cowan-state,T2p56187_rho0p0559798,0.00874911757914146,318114.00623416953,39204.13383961574,39204.12506718284,ok,/home/elads/STAR/full_grid_solar_opacity/runs/T2p56187_rho0p0559798/fac-opacity-cowan-state/starout.h5
2.561867691279375,0.08044736266284185,fac-opacity-cowan-state,T2p56187_rho0p0804474,0.009003361846374992,331889.5103977127,40298.17842918541,40298.16939855162,ok,/home/elads/STAR/full_grid_solar_opacity/runs/T2p56187_rho0p0804474/fac-opacity-cowan-state/starout.h5
2.561867691279375,0.11560912813835741,fac-opacity-cowan-state,T2p56187_rho0p115609,0.010018379381425512,347010.6990178824,41055.26123388738,41055.251185263885,ok,/home/elads/STAR/full_grid_solar_opacity/runs/T2p56187_rho0p115609/fac-opacity-cowan-state/starout.h5
2.561867691279375,0.1661393247274789,fac-opacity-cowan-state,T2p56187_rho0p166139,0.010734300631827379,358150.7003897511,41540.97094164627,41540.96017524272,ok,/home/elads/STAR/full_grid_solar_opacity/runs/T2p56187_rho0p166139/fac-opacity-cowan-state/starout.h5
2.561867691279375,0.23875515424585794,fac-opacity-cowan-state,T2p56187_rho0p238755,0.010579824067132827,366611.85876894573,41600.493113886805,41600.48250127087,ok,/home/elads/STAR/full_grid_solar_opacity/runs/T2p56187_rho0p238755/fac-opacity-cowan-state/starout.h5
2.561867691279375,0.34310975906798746,fac-opacity-cowan-state,T2p56187_rho0p34311,0.010033304749762955,370779.0787937088,40615.8530059453,40615.84294038003,ok,/home/elads/STAR/full_grid_solar_opacity/runs/T2p56187_rho0p34311/fac-opacity-cowan-state/starout.h5
2.561867691279375,0.49307545690287347,fac-opacity-cowan-state,T2p56187_rho0p493075,0.008982460904807851,369649.39178863075,40763.07653992693,40763.06752510239,ok,/home/elads/STAR/full_grid_solar_opacity/runs/T2p56187_rho0p493075/fac-opacity-cowan-state/starout.h5
2.561867691279375,0.7085878491488851,fac-opacity-cowan-state,T2p56187_rho0p708588,0.008089882178270433,362110.7901062978,41398.443568299874,41398.43544560242,ok,/home/elads/STAR/full_grid_solar_opacity/runs/T2p56187_rho0p708588/fac-opacity-cowan-state/starout.h5
2.561867691279375,1.0182959482819007,fac-opacity-cowan-state,T2p56187_rho1p0183,0.007456398213925545,347308.7435079999,41485.16348321704,41485.15599398629,ok,/home/elads/STAR/full_grid_solar_opacity/runs/T2p56187_rho1p0183/fac-opacity-cowan-state/starout.h5
2.561867691279375,1.4633706173946401,fac-opacity-cowan-state,T2p56187_rho1p46337,0.007092543175533839,324355.01425261045,38498.84463285391,38498.83750985722,ok,/home/elads/STAR/full_grid_solar_opacity/runs/T2p56187_rho1p46337/fac-opacity-cowan-state/starout.h5
2.561867691279375,2.1029775945461404,fac-opacity-cowan-state,T2p56187_rho2p10298,0.007075613005686081,292076.9930908264,34187.033956174266,34187.0268535061,ok,/home/elads/STAR/full_grid_solar_opacity/runs/T2p56187_rho2p10298/fac-opacity-cowan-state/starout.h5
2.561867691279375,3.0221426551783854,fac-opacity-cowan-state,T2p56187_rho3p02214,0.007583719120450606,249039.21502861523,28256.177359707366,28256.169753574413,ok,/home/elads/STAR/full_grid_solar_opacity/runs/T2p56187_rho3p02214/fac-opacity-cowan-state/starout.h5
2.561867691279375,4.343054463316713,fac-opacity-cowan-state,T2p56187_rho4p34305,0.00874176248979684,196230.64958379342,21134.708842226708,21134.700083595257,ok,/home/elads/STAR/full_grid_solar_opacity/runs/T2p56187_rho4p34305/fac-opacity-cowan-state/starout.h5
2.561867691279375,6.241307649397467,fac-opacity-cowan-state,T2p56187_rho6p24131,0.011184059820606827,140999.72413482238,14193.794915406586,14193.783719834124,ok,/home/elads/STAR/full_grid_solar_opacity/runs/T2p56187_rho6p24131/fac-opacity-cowan-state/starout.h5
2.561867691279375,8.969245378672715,fac-opacity-cowan-state,T2p56187_rho8p96925,0.012766943312054423,107978.27814901207,10029.401443847959,10029.388668602276,ok,/home/elads/STAR/full_grid_solar_opacity/runs/T2p56187_rho8p96925/fac-opacity-cowan-state/starout.h5
2.561867691279375,12.889504440725364,fac-opacity-cowan-state,T2p56187_rho12p8895,0.01011084065247845,101471.42511358472,9247.306225799248,9247.296107361259,ok,/home/elads/STAR/full_grid_solar_opacity/runs/T2p56187_rho12p8895/fac-opacity-cowan-state/starout.h5
2.561867691279375,18.52322215674118,fac-opacity-cowan-state,T2p56187_rho18p5232,0.007990942867228979,95119.14973741677,8685.562473829883,8685.554475805411,ok,/home/elads/STAR/full_grid_solar_opacity/runs/T2p56187_rho18p5232/fac-opacity-cowan-state/starout.h5
2.561867691279375,26.61931346126126,fac-opacity-cowan-state,T2p56187_rho26p6193,0.00622027114135044,89730.09639063,9462.437702713432,9462.431474818217,ok,/home/elads/STAR/full_grid_solar_opacity/runs/T2p56187_rho26p6193/fac-opacity-cowan-state/starout.h5
2.561867691279375,38.254027466328665,fac-opacity-cowan-state,T2p56187_rho38p254,0.0048463474404160534,84851.96474780905,9050.517894360972,9050.513040761036,ok,/home/elads/STAR/full_grid_solar_opacity/runs/T2p56187_rho38p254/fac-opacity-cowan-state/starout.h5
2.561867691279375,54.97401800103719,fac-opacity-cowan-state,T2p56187_rho54p974,0.003639506595183192,80807.36265362502,9011.205276614572,9011.201629929428,ok,/home/elads/STAR/full_grid_solar_opacity/runs/T2p56187_rho54p974/fac-opacity-cowan-state/starout.h5
2.561867691279375,79.0019471240894,fac-opacity-cowan-state,T2p56187_rho79p0019,0.0023036548688790803,76810.50150460516,8799.475309278752,8799.472998657096,ok,/home/elads/STAR/full_grid_solar_opacity/runs/T2p56187_rho79p0019/fac-opacity-cowan-state/starout.h5
2.561867691279375,113.53195339077567,fac-opacity-cowan-state,T2p56187_rho113p532,0.004962491825915449,70942.92575192072,8231.162455902619,8231.15748680377,ok,/home/elads/STAR/full_grid_solar_opacity/runs/T2p56187_rho113p532/fac-opacity-cowan-state/starout.h5
2.561867691279375,163.15426277379785,fac-opacity-cowan-state,T2p56187_rho163p154,0.02935135400786624,56883.74785510558,7961.014021194132,7960.984662655941,ok,/home/elads/STAR/full_grid_solar_opacity/runs/T2p56187_rho163p154/fac-opacity-cowan-state/starout.h5
2.561867691279375,234.46538763970608,fac-opacity-cowan-state,T2p56187_rho234p465,0.058186260896677146,50186.84135857175,21020.572038848884,21020.513834590005,ok,/home/elads/STAR/full_grid_solar_opacity/runs/T2p56187_rho234p465/fac-opacity-cowan-state/starout.h5
2.561867691279375,336.94503022121665,fac-opacity-cowan-state,T2p56187_rho336p945,0.06576279893935721,46477.529291224695,18431.158282611384,18431.092503609372,ok,/home/elads/STAR/full_grid_solar_opacity/runs/T2p56187_rho336p945/fac-opacity-cowan-state/starout.h5
2.561867691279375,484.21626123015125,fac-opacity-cowan-state,T2p56187_rho484p216,0.07341268150962361,49088.54280339021,25333.563704157055,25333.490269847873,ok,/home/elads/STAR/full_grid_solar_opacity/runs/T2p56187_rho484p216/fac-opacity-cowan-state/starout.h5
2.561867691279375,695.8564947100452,fac-opacity-cowan-state,T2p56187_rho695p856,0.12135924919780064,42684.556141186426,19672.864940357333,19672.74356261686,ok,/home/elads/STAR/full_grid_solar_opacity/runs/T2p56187_rho695p856/fac-opacity-cowan-state/starout.h5
2.561867691279375,1000.0,fac-opacity-cowan-state,T2p56187_rho1000,0.13907275997790394,39835.082698702,16322.163121636713,16322.024032418152,ok,/home/elads/STAR/full_grid_solar_opacity/runs/T2p56187_rho1000/fac-opacity-cowan-state/starout.h5
2.8203115783563484,1e-17,fac-opacity-cowan-state,T2p82031_rho1em17,0.34016011868768803,222.1685736956302,0.3900077070570081,0.04984758833982907,ok,/home/elads/STAR/full_grid_solar_opacity/runs/T2p82031_rho1em17/fac-opacity-cowan-state/starout.h5
2.8203115783563484,1.4370779141993746e-17,fac-opacity-cowan-state,T2p82031_rho1p43708em17,0.3401548417733951,226.84126155324742,0.3909380968360224,0.05078325503258265,ok,/home/elads/STAR/full_grid_solar_opacity/runs/T2p82031_rho1p43708em17/fac-opacity-cowan-state/starout.h5
2.8203115783563484,2.065192931479625e-17,fac-opacity-cowan-state,T2p82031_rho2p06519em17,0.3401494634422095,232.13547787463796,0.3919343949511432,0.05178493147829607,ok,/home/elads/STAR/full_grid_solar_opacity/runs/T2p82031_rho2p06519em17/fac-opacity-cowan-state/starout.h5
2.8203115783563484,2.9678431503900313e-17,fac-opacity-cowan-state,T2p82031_rho2p96784em17,0.3401439958989129,237.70567060814673,0.39299916342530483,0.05285516749512153,ok,/home/elads/STAR/full_grid_solar_opacity/runs/T2p82031_rho2p96784em17/fac-opacity-cowan-state/starout.h5
2.8203115783563484,4.2650218442334076e-17,fac-opacity-cowan-state,T2p82031_rho4p26502em17,0.3401385039519066,243.2124535981739,0.394162577577199,0.054024073593330224,ok,/home/elads/STAR/full_grid_solar_opacity/runs/T2p82031_rho4p26502em17/fac-opacity-cowan-state/starout.h5
2.8203115783563484,6.129168695925715e-17,fac-opacity-cowan-state,T2p82031_rho6p12917em17,0.3401330752990565,248.39967955572172,0.3954885542831833,0.05535547895137706,ok,/home/elads/STAR/full_grid_solar_opacity/runs/T2p82031_rho6p12917em17/fac-opacity-cowan-state/starout.h5
2.8203115783563484,8.808092965317026e-17,fac-opacity-cowan-state,T2p82031_rho8p80809em17,0.3401278002376487,253.13882034688172,0.39706278916127596,0.05693498888994319,ok,/home/elads/STAR/full_grid_solar_opacity/runs/T2p82031_rho8p80809em17/fac-opacity-cowan-state/starout.h5
2.8203115783563484,1.2657915866672028e-16,fac-opacity-cowan-state,T2p82031_rho1p26579em16,0.3401227560631196,257.4252983910278,0.398972274989462,0.05884951889152552,ok,/home/elads/STAR/full_grid_solar_opacity/runs/T2p82031_rho1p26579em16/fac-opacity-cowan-state/starout.h5
2.8203115783563484,1.819041133178821e-16,fac-opacity-cowan-state,T2p82031_rho1p81904em16,0.34011798684248673,261.33827548709206,0.4012887440616362,0.06117075718295895,ok,/home/elads/STAR/full_grid_solar_opacity/runs/T2p82031_rho1p81904em16/fac-opacity-cowan-state/starout.h5
2.8203115783563484,2.6141038375114865e-16,fac-opacity-cowan-state,T2p82031_rho2p6141em16,0.34011347928223307,264.9855797513223,0.40406259011847595,0.06394911079840891,ok,/home/elads/STAR/full_grid_solar_opacity/runs/T2p82031_rho2p6141em16/fac-opacity-cowan-state/starout.h5
2.8203115783563484,3.7566708903116036e-16,fac-opacity-cowan-state,T2p82031_rho3p75667em16,0.3401091452532129,268.4515946687332,0.40731759151838665,0.06720844622541136,ok,/home/elads/STAR/full_grid_solar_opacity/runs/T2p82031_rho3p75667em16/fac-opacity-cowan-state/starout.h5
2.8203115783563484,5.398628767382507e-16,fac-opacity-cowan-state,T2p82031_rho5p39863em16,0.3401048183057437,271.7606842186617,0.41102970485729307,0.07092488650958827,ok,/home/elads/STAR/full_grid_solar_opacity/runs/T2p82031_rho5p39863em16/fac-opacity-cowan-state/starout.h5
2.8203115783563484,7.758250168566793e-16,fac-opacity-cowan-state,T2p82031_rho7p75825em16,0.34010026111242053,274.86606871548656,0.415097170362201,0.07499690920541019,ok,/home/elads/STAR/full_grid_solar_opacity/runs/T2p82031_rho7p75825em16/fac-opacity-cowan-state/starout.h5
2.8203115783563484,1.1149209970080914e-15,fac-opacity-cowan-state,T2p82031_rho1p11492em15,0.34009517659783545,277.66816087177665,0.4193436766527809,0.0792485000080605,ok,/home/elads/STAR/full_grid_solar_opacity/runs/T2p82031_rho1p11492em15/fac-opacity-cowan-state/starout.h5
2.8203115783563484,1.6022283408774753e-15,fac-opacity-cowan-state,T2p82031_rho1p60223em15,0.3400892216424685,280.05404726914674,0.4235798190298292,0.08349059733796538,ok,/home/elads/STAR/full_grid_solar_opacity/runs/T2p82031_rho1p60223em15/fac-opacity-cowan-state/starout.h5
2.8203115783563484,2.3025269621793266e-15,fac-opacity-cowan-state,T2p82031_rho2p30253em15,0.3400820318706917,281.9392022532484,0.42768473587304445,0.08760270395052504,ok,/home/elads/STAR/full_grid_solar_opacity/runs/T2p82031_rho2p30253em15/fac-opacity-cowan-state/starout.h5
2.8203115783563484,3.308910644196489e-15,fac-opacity-cowan-state,T2p82031_rho3p30891em15,0.34007326967264745,283.2945101239239,0.4316464588024567,0.09157318907563251,ok,/home/elads/STAR/full_grid_solar_opacity/runs/T2p82031_rho3p30891em15/fac-opacity-cowan-state/starout.h5
2.8203115783563484,4.755162406834019e-15,fac-opacity-cowan-state,T2p82031_rho4p75516em15,0.3400627003709206,284.15437666996837,0.4355381788676026,0.09547547844019688,ok,/home/elads/STAR/full_grid_solar_opacity/runs/T2p82031_rho4p75516em15/fac-opacity-cowan-state/starout.h5
2.8203115783563484,6.8335388732923106e-15,fac-opacity-cowan-state,T2p82031_rho6p83354em15,0.3400502808988076,284.6123215840288,0.4394582628882999,0.0994079819306801,ok,/home/elads/STAR/full_grid_solar_opacity/runs/T2p82031_rho6p83354em15/fac-opacity-cowan-state/starout.h5
2.8203115783563484,9.820327790631256e-15,fac-opacity-cowan-state,T2p82031_rho9p82033em15,0.3400362191362252,284.81112021268586,0.443492621516058,0.10345640231862593,ok,/home/elads/STAR/full_grid_solar_opacity/runs/T2p82031_rho9p82033em15/fac-opacity-cowan-state/starout.h5
2.8203115783563484,1.4112576178114521e-14,fac-opacity-cowan-state,T2p82031_rho1p41126em14,0.34002094975373803,284.92942306840825,0.4477388380714395,0.10771788825397305,ok,/home/elads/STAR/full_grid_solar_opacity/runs/T2p82031_rho1p41126em14/fac-opacity-cowan-state/starout.h5
2.8203115783563484,2.0280871538024598e-14,fac-opacity-cowan-state,T2p82031_rho2p02809em14,0.3400050030694069,285.16421610233374,0.4523519775287056,0.11234697439283123,ok,/home/elads/STAR/full_grid_solar_opacity/runs/T2p82031_rho2p02809em14/fac-opacity-cowan-state/starout.h5
2.8203115783563484,2.914519256800997e-14,fac-opacity-cowan-state,T2p82031_rho2p91452em14,0.33998880808764553,285.7116115871538,0.45752974274832103,0.11754093459113517,ok,/home/elads/STAR/full_grid_solar_opacity/runs/T2p82031_rho2p91452em14/fac-opacity-cowan-state/starout.h5
2.8203115783563484,4.188391254457488e-14,fac-opacity-cowan-state,T2p82031_rho4p18839em14,0.339972518807758,286.7527793305507,0.4634332030335607,0.12346068415276011,ok,/home/elads/STAR/full_grid_solar_opacity/runs/T2p82031_rho4p18839em14/fac-opacity-cowan-state/starout.h5
2.8203115783563484,6.019044567806669e-14,fac-opacity-cowan-state,T2p82031_rho6p01904em14,0.3399559270346469,288.45169168136874,0.4701317588422913,0.13017583173062905,ok,/home/elads/STAR/full_grid_solar_opacity/runs/T2p82031_rho6p01904em14/fac-opacity-cowan-state/starout.h5
2.8203115783563484,8.649836012976684e-14,fac-opacity-cowan-state,T2p82031_rho8p64984em14,0.33993845287028923,290.96688226677384,0.47762896589528897,0.13769051294353807,ok,/home/elads/STAR/full_grid_solar_opacity/runs/T2p82031_rho8p64984em14/fac-opacity-cowan-state/starout.h5
2.8203115783563484,1.2430488295695167e-13,fac-opacity-cowan-state,T2p82031_rho1p24305em13,0.33991914599179734,294.4740408622072,0.4859246771573782,0.14600553107920025,ok,/home/elads/STAR/full_grid_solar_opacity/runs/T2p82031_rho1p24305em13/fac-opacity-cowan-state/starout.h5
2.8203115783563484,1.7863580192457348e-13,fac-opacity-cowan-state,T2p82031_rho1p78636em13,0.33989663296522216,299.19146319522986,0.49503877554436543,0.15514214248735722,ok,/home/elads/STAR/full_grid_solar_opacity/runs/T2p82031_rho1p78636em13/fac-opacity-cowan-state/starout.h5
2.8203115783563484,2.567135656310987e-13,fac-opacity-cowan-state,T2p82031_rho2p56714em13,0.3398689778979196,305.3964531272924,0.5049801976302871,0.1651112196346838,ok,/home/elads/STAR/full_grid_solar_opacity/runs/T2p82031_rho2p56714em13/fac-opacity-cowan-state/starout.h5
2.8203115783563484,3.6891739544382357e-13,fac-opacity-cowan-state,T2p82031_rho3p68917em13,0.33983345841847057,313.4192872086119,0.515706329876717,0.17587287135419638,ok,/home/elads/STAR/full_grid_solar_opacity/runs/T2p82031_rho3p68917em13/fac-opacity-cowan-state/starout.h5
2.8203115783563484,5.301630411562758e-13,fac-opacity-cowan-state,T2p82031_rho5p30163em13,0.3397862574576111,323.6034881956899,0.5271173813378142,0.18733112376937303,ok,/home/elads/STAR/full_grid_solar_opacity/runs/T2p82031_rho5p30163em13/fac-opacity-cowan-state/starout.h5
2.8203115783563484,7.618855973704612e-13,fac-opacity-cowan-state,T2p82031_rho7p61886em13,0.3397220598136821,336.2263286782468,0.5391095725969695,0.1993875126653246,ok,/home/elads/STAR/full_grid_solar_opacity/runs/T2p82031_rho7p61886em13/fac-opacity-cowan-state/starout.h5
2.8203115783563484,1.0948889651276868e-12,fac-opacity-cowan-state,T2p82031_rho1p09489em12,0.33963351211241594,351.38440206189847,0.5516529898516608,0.21201947761380857,ok,/home/elads/STAR/full_grid_solar_opacity/runs/T2p82031_rho1p09489em12/fac-opacity-cowan-state/starout.h5
2.8203115783563484,1.5734407502856082e-12,fac-opacity-cowan-state,T2p82031_rho1p57344em12,0.3395104932701083,368.87296699868745,0.5648274996326135,0.2253170062292024,ok,/home/elads/STAR/full_grid_solar_opacity/runs/T2p82031_rho1p57344em12/fac-opacity-cowan-state/starout.h5
2.8203115783563484,2.26115695153675e-12,fac-opacity-cowan-state,T2p82031_rho2p26116em12,0.3393391216053883,388.1211298083987,0.5788272727444951,0.23948815099741977,ok,/home/elads/STAR/full_grid_solar_opacity/runs/T2p82031_rho2p26116em12/fac-opacity-cowan-state/starout.h5
2.8203115783563484,3.249458715591849e-12,fac-opacity-cowan-state,T2p82031_rho3p24946em12,0.3391004916543119,408.25586198632004,0.5939737247179995,0.25487323291289804,ok,/home/elads/STAR/full_grid_solar_opacity/runs/T2p82031_rho3p24946em12/fac-opacity-cowan-state/starout.h5
2.8203115783563484,4.669725353279713e-12,fac-opacity-cowan-state,T2p82031_rho4p66973em12,0.3387691831614699,428.31561902050163,0.6107339739113541,0.2719647905889831,ok,/home/elads/STAR/full_grid_solar_opacity/runs/T2p82031_rho4p66973em12/fac-opacity-cowan-state/starout.h5
2.8203115783563484,6.710759170575148e-12,fac-opacity-cowan-state,T2p82031_rho6p71076em12,0.33831187756786896,447.5355195185078,0.6297206855691133,0.29140880782883943,ok,/home/elads/STAR/full_grid_solar_opacity/runs/T2p82031_rho6p71076em12/fac-opacity-cowan-state/starout.h5
2.8203115783563484,9.64388379154446e-12,fac-opacity-cowan-state,T2p82031_rho9p64388em12,0.33768667200052394,465.56632621528337,0.6516784408310781,0.31399176864478906,ok,/home/elads/STAR/full_grid_solar_opacity/runs/T2p82031_rho9p64388em12/fac-opacity-cowan-state/starout.h5
2.8203115783563484,1.3859012403933867e-11,fac-opacity-cowan-state,T2p82031_rho1p3859em11,0.33684426748877033,482.5333366960095,0.6774978496169829,0.34065358192667333,ok,/home/elads/STAR/full_grid_solar_opacity/runs/T2p82031_rho1p3859em11/fac-opacity-cowan-state/starout.h5
2.8203115783563484,1.9916480638308542e-11,fac-opacity-cowan-state,T2p82031_rho1p99165em11,0.3357325154997778,498.9376916209027,0.7082492797563965,0.37251676403622813,ok,/home/elads/STAR/full_grid_solar_opacity/runs/T2p82031_rho1p99165em11/fac-opacity-cowan-state/starout.h5
2.8203115783563484,2.8621534453892672e-11,fac-opacity-cowan-state,T2p82031_rho2p86215em11,0.3343058726394573,515.4665838535378,0.7451929325978295,0.41088705971528033,ok,/home/elads/STAR/full_grid_solar_opacity/runs/T2p82031_rho2p86215em11/fac-opacity-cowan-state/starout.h5
2.8203115783563484,4.1131375034185614e-11,fac-opacity-cowan-state,T2p82031_rho4p11314em11,0.33254005757634114,532.7809009474955,0.78983403383709,0.4572939759902023,ok,/home/elads/STAR/full_grid_solar_opacity/runs/T2p82031_rho4p11314em11/fac-opacity-cowan-state/starout.h5
2.8203115783563484,5.910899064227969e-11,fac-opacity-cowan-state,T2p82031_rho5p9109em11,0.3304490500684023,551.3314640447901,0.8441337306211014,0.5136846802487908,ok,/home/elads/STAR/full_grid_solar_opacity/runs/T2p82031_rho5p9109em11/fac-opacity-cowan-state/starout.h5
2.8203115783563484,8.4944224982638e-11,fac-opacity-cowan-state,T2p82031_rho8p49442em11,0.32809761171567214,571.247897838342,0.9108219258640727,0.5827243138036461,ok,/home/elads/STAR/full_grid_solar_opacity/runs/T2p82031_rho8p49442em11/fac-opacity-cowan-state/starout.h5
2.8203115783563484,1.2207146966133182e-10,fac-opacity-cowan-state,T2p82031_rho1p22071em10,0.3256004899409739,592.345074713513,0.9936515879427827,0.6680510976065734,ok,/home/elads/STAR/full_grid_solar_opacity/runs/T2p82031_rho1p22071em10/fac-opacity-cowan-state/starout.h5
2.8203115783563484,1.7542621300415897e-10,fac-opacity-cowan-state,T2p82031_rho1p75426em10,0.3231037969257987,614.2603667946643,1.0977320758933677,0.7746282785092786,ok,/home/elads/STAR/full_grid_solar_opacity/runs/T2p82031_rho1p75426em10/fac-opacity-cowan-state/starout.h5
2.8203115783563484,2.52101136279913e-10,fac-opacity-cowan-state,T2p82031_rho2p52101em10,0.3207532071309569,636.6768158145032,1.2304026998305213,0.9096494921613925,ok,/home/elads/STAR/full_grid_solar_opacity/runs/T2p82031_rho2p52101em10/fac-opacity-cowan-state/starout.h5
2.8203115783563484,3.6228897509242966e-10,fac-opacity-cowan-state,T2p82031_rho3p62289em10,0.3186626170615462,659.5352664006513,1.4023807146304597,1.0837180969277584,ok,/home/elads/STAR/full_grid_solar_opacity/runs/T2p82031_rho3p62289em10/fac-opacity-cowan-state/starout.h5
2.8203115783563484,5.20637484663258e-10,fac-opacity-cowan-state,T2p82031_rho5p20637em10,0.31689600687889935,683.1353716970276,1.6286199301682651,1.3117239225133155,ok,/home/elads/STAR/full_grid_solar_opacity/runs/T2p82031_rho5p20637em10/fac-opacity-cowan-state/starout.h5
2.8203115783563484,7.481966305138837e-10,fac-opacity-cowan-state,T2p82031_rho7p48197em10,0.31546689180971055,708.0870425595949,1.9289070522391774,1.6134401594749153,ok,/home/elads/STAR/full_grid_solar_opacity/runs/T2p82031_rho7p48197em10/fac-opacity-cowan-state/starout.h5
2.8203115783563484,1.0752168531898921e-09,fac-opacity-cowan-state,T2p82031_rho1p07522em09,0.3143508812357303,735.1344859428822,2.329458479219341,2.0151075967914203,ok,/home/elads/STAR/full_grid_solar_opacity/runs/T2p82031_rho1p07522em09/fac-opacity-cowan-state/starout.h5
2.8203115783563484,1.5451703926941453e-09,fac-opacity-cowan-state,T2p82031_rho1p54517em09,0.31350262726892447,764.9407732729845,2.8676675101582956,2.5541648813782643,ok,/home/elads/STAR/full_grid_solar_opacity/runs/T2p82031_rho1p54517em09/fac-opacity-cowan-state/starout.h5
2.8203115783563484,2.220530245015531e-09,fac-opacity-cowan-state,T2p82031_rho2p22053em09,0.3128701070911986,797.936297699154,3.59968065619057,3.286810547154812,ok,/home/elads/STAR/full_grid_solar_opacity/runs/T2p82031_rho2p22053em09/fac-opacity-cowan-state/starout.h5
2.8203115783563484,3.1910749729235452e-09,fac-opacity-cowan-state,T2p82031_rho3p19107em09,0.3124039408874882,834.359091484242,4.608310082557139,4.295906139128085,ok,/home/elads/STAR/full_grid_solar_opacity/runs/T2p82031_rho3p19107em09/fac-opacity-cowan-state/starout.h5
2.8203115783563484,4.585823366142813e-09,fac-opacity-cowan-state,T2p82031_rho4p58582em09,0.3120617957284739,874.5454669191865,6.008232583353276,5.69617078425481,ok,/home/elads/STAR/full_grid_solar_opacity/runs/T2p82031_rho4p58582em09/fac-opacity-cowan-state/starout.h5
2.8203115783563484,6.590185477903269e-09,fac-opacity-cowan-state,T2p82031_rho6p59019em09,0.3118096745552552,919.4115576696731,7.948840020105521,7.637030341032007,ok,/home/elads/STAR/full_grid_solar_opacity/runs/T2p82031_rho6p59019em09/fac-opacity-cowan-state/starout.h5
2.8203115783563484,9.470610000772238e-09,fac-opacity-cowan-state,T2p82031_rho9p47061em09,0.3116207616157247,971.1104251728196,10.655162127275267,10.34354135954005,ok,/home/elads/STAR/full_grid_solar_opacity/runs/T2p82031_rho9p47061em09/fac-opacity-cowan-state/starout.h5
2.8203115783563484,1.3610004466105506e-08,fac-opacity-cowan-state,T2p82031_rho1p361em08,0.31147415841197595,1033.4746680338721,14.432596318085375,14.121122151318993,ok,/home/elads/STAR/full_grid_solar_opacity/runs/T2p82031_rho1p361em08/fac-opacity-cowan-state/starout.h5
2.8203115783563484,1.9558636830395073e-08,fac-opacity-cowan-state,T2p82031_rho1p95586em08,0.31135479745132427,1112.4448964217383,19.68972818687996,19.378373377963907,ok,/home/elads/STAR/full_grid_solar_opacity/runs/T2p82031_rho1p95586em08/fac-opacity-cowan-state/starout.h5
2.8203115783563484,2.810728502080722e-08,fac-opacity-cowan-state,T2p82031_rho2p81073em08,0.3055407476280543,1265.0090400915403,32.59410273784532,32.29165252386188,ok,/home/elads/STAR/full_grid_solar_opacity/runs/T2p82031_rho2p81073em08/fac-opacity-cowan-state/starout.h5
2.8203115783563484,4.039235853150913e-08,fac-opacity-cowan-state,T2p82031_rho4p03924em08,0.3032903112522635,1380.1086756179627,45.15778922295075,44.85882641602564,ok,/home/elads/STAR/full_grid_solar_opacity/runs/T2p82031_rho4p03924em08/fac-opacity-cowan-state/starout.h5
2.8203115783563484,5.804696634805446e-08,fac-opacity-cowan-state,T2p82031_rho5p8047em08,0.30039088125164065,1523.4086033340823,59.9455093082931,59.65065637047804,ok,/home/elads/STAR/full_grid_solar_opacity/runs/T2p82031_rho5p8047em08/fac-opacity-cowan-state/starout.h5
2.8203115783563484,8.341801332506338e-08,fac-opacity-cowan-state,T2p82031_rho8p3418em08,0.2966740335825171,1723.7868394367438,79.4913685048223,79.20170776044544,ok,/home/elads/STAR/full_grid_solar_opacity/runs/T2p82031_rho8p3418em08/fac-opacity-cowan-state/starout.h5
2.8203115783563484,1.1987818459583772e-07,fac-opacity-cowan-state,T2p82031_rho1p19878em07,0.2919898837747188,1993.3272036744152,116.64583973667094,116.3631381134964,ok,/home/elads/STAR/full_grid_solar_opacity/runs/T2p82031_rho1p19878em07/fac-opacity-cowan-state/starout.h5
2.8203115783563484,1.7227429147699408e-07,fac-opacity-cowan-state,T2p82031_rho1p72274em07,0.2861873378974634,2369.999401894391,163.85610616816203,163.58082413025267,ok,/home/elads/STAR/full_grid_solar_opacity/runs/T2p82031_rho1p72274em07/fac-opacity-cowan-state/starout.h5
2.8203115783563484,2.4757157946593376e-07,fac-opacity-cowan-state,T2p82031_rho2p47572em07,0.27915538854936767,2894.5749327767917,250.69321754987055,250.42745953411236,ok,/home/elads/STAR/full_grid_solar_opacity/runs/T2p82031_rho2p47572em07/fac-opacity-cowan-state/starout.h5
2.8203115783563484,3.557796490339488e-07,fac-opacity-cowan-state,T2p82031_rho3p5578em07,0.2708648478842022,3477.3939906983687,317.6417445934554,317.38743649751484,ok,/home/elads/STAR/full_grid_solar_opacity/runs/T2p82031_rho3p5578em07/fac-opacity-cowan-state/starout.h5
2.8203115783563484,5.112830759482948e-07,fac-opacity-cowan-state,T2p82031_rho5p11283em07,0.2613430571649487,4369.182591236469,400.3781579505528,400.1344050051649,ok,/home/elads/STAR/full_grid_solar_opacity/runs/T2p82031_rho5p11283em07/fac-opacity-cowan-state/starout.h5
2.8203115783563484,7.347536163492159e-07,fac-opacity-cowan-state,T2p82031_rho7p34754em07,0.2507630795101181,5702.913597948447,582.4245944444704,582.1932367454331,ok,/home/elads/STAR/full_grid_solar_opacity/runs/T2p82031_rho7p34754em07/fac-opacity-cowan-state/starout.h5
2.8203115783563484,1.0558981944335787e-06,fac-opacity-cowan-state,T2p82031_rho1p0559em06,0.23935842748431446,7532.623335221698,797.3412170593884,797.1225909014837,ok,/home/elads/STAR/full_grid_solar_opacity/runs/T2p82031_rho1p0559em06/fac-opacity-cowan-state/starout.h5
2.8203115783563484,1.517407974863493e-06,fac-opacity-cowan-state,T2p82031_rho1p51741em06,0.22744693713838027,10000.74214064904,1100.2516715817885,1100.0453362862038,ok,/home/elads/STAR/full_grid_solar_opacity/runs/T2p82031_rho1p51741em06/fac-opacity-cowan-state/starout.h5
2.8203115783563484,2.1806334875063253e-06,fac-opacity-cowan-state,T2p82031_rho2p18063em06,0.215380180062201,13264.839613067965,1452.10107847734,1451.9059690298304,ok,/home/elads/STAR/full_grid_solar_opacity/runs/T2p82031_rho2p18063em06/fac-opacity-cowan-state/starout.h5
2.8203115783563484,3.1337402238588983e-06,fac-opacity-cowan-state,T2p82031_rho3p13374em06,0.2034848805910717,17468.570489699938,2055.9873880356704,2055.802541129236,ok,/home/elads/STAR/full_grid_solar_opacity/runs/T2p82031_rho3p13374em06/fac-opacity-cowan-state/starout.h5
2.8203115783563484,4.503428864545845e-06,fac-opacity-cowan-state,T2p82031_rho4p50343em06,0.19209257238730193,22797.895236084776,2971.7914379766935,2971.615919859563,ok,/home/elads/STAR/full_grid_solar_opacity/runs/T2p82031_rho4p50343em06/fac-opacity-cowan-state/starout.h5
2.8203115783563484,6.471778159406801e-06,fac-opacity-cowan-state,T2p82031_rho6p47178em06,0.1814087707435328,29292.53034984541,4102.854583398558,4102.687625506351,ok,/home/elads/STAR/full_grid_solar_opacity/runs/T2p82031_rho6p47178em06/fac-opacity-cowan-state/starout.h5
2.8203115783563484,9.300449458481393e-06,fac-opacity-cowan-state,T2p82031_rho9p30045em06,0.17156358357362542,36862.34295469566,5245.42245479495,5245.263572973588,ok,/home/elads/STAR/full_grid_solar_opacity/runs/T2p82031_rho9p30045em06/fac-opacity-cowan-state/starout.h5
2.8203115783563484,1.3365470508911143e-05,fac-opacity-cowan-state,T2p82031_rho1p33655em05,0.16256533919678262,45916.28180769788,7939.191879280921,7939.039220308355,ok,/home/elads/STAR/full_grid_solar_opacity/runs/T2p82031_rho1p33655em05/fac-opacity-cowan-state/starout.h5
2.8203115783563484,1.920722248123928e-05,fac-opacity-cowan-state,T2p82031_rho1p92072em05,0.1543225325070217,57151.45682581232,13789.100345592622,13788.952977344896,ok,/home/elads/STAR/full_grid_solar_opacity/runs/T2p82031_rho1p92072em05/fac-opacity-cowan-state/starout.h5
2.8203115783563484,2.760227522090268e-05,fac-opacity-cowan-state,T2p82031_rho2p76023em05,0.1465879236542149,70875.12976451195,21101.442929724373,21101.30133993216,ok,/home/elads/STAR/full_grid_solar_opacity/runs/T2p82031_rho2p76023em05/fac-opacity-cowan-state/starout.h5
2.8203115783563484,3.966662010161191e-05,fac-opacity-cowan-state,T2p82031_rho3p96666em05,0.1390989390056686,87013.95371038241,28827.93631203145,28827.801093412465,ok,/home/elads/STAR/full_grid_solar_opacity/runs/T2p82031_rho3p96666em05/fac-opacity-cowan-state/starout.h5
2.8203115783563484,5.7004023678963655e-05,fac-opacity-cowan-state,T2p82031_rho5p7004em05,0.13188871318114467,98926.12188968214,24581.423407245344,24581.294959871106,ok,/home/elads/STAR/full_grid_solar_opacity/runs/T2p82031_rho5p7004em05/fac-opacity-cowan-state/starout.h5
2.8203115783563484,8.191922344953684e-05,fac-opacity-cowan-state,T2p82031_rho8p19192em05,0.1250731248471496,116020.60385025186,31260.076365526842,31259.95377966908,ok,/home/elads/STAR/full_grid_solar_opacity/runs/T2p82031_rho8p19192em05/fac-opacity-cowan-state/starout.h5
2.8203115783563484,0.00011772430676769293,fac-opacity-cowan-state,T2p82031_rho0p000117724,0.11877265969573485,132881.78780004586,36811.65496404817,36811.53800361404,ok,/home/elads/STAR/full_grid_solar_opacity/runs/T2p82031_rho0p000117724/fac-opacity-cowan-state/starout.h5
2.8203115783563484,0.00016917900122028344,fac-opacity-cowan-state,T2p82031_rho0p000169179,0.112958148221946,151397.10593482855,45638.68111946484,45638.56941031997,ok,/home/elads/STAR/full_grid_solar_opacity/runs/T2p82031_rho0p000169179/fac-opacity-cowan-state/starout.h5
2.8203115783563484,0.0002431234061999784,fac-opacity-cowan-state,T2p82031_rho0p000243123,0.10749143966499398,170375.65938987257,53570.74125576704,53570.63462241967,ok,/home/elads/STAR/full_grid_solar_opacity/runs/T2p82031_rho0p000243123/fac-opacity-cowan-state/starout.h5
2.8203115783563484,0.0003493872774749123,fac-opacity-cowan-state,T2p82031_rho0p000349387,0.10214511261292482,191360.51853406444,64442.583703770106,64442.482121233385,ok,/home/elads/STAR/full_grid_solar_opacity/runs/T2p82031_rho0p000349387/fac-opacity-cowan-state/starout.h5
2.8203115783563484,0.0005020967399614471,fac-opacity-cowan-state,T2p82031_rho0p000502097,0.09667775395740913,213664.08069508153,74048.83710952311,74048.74079672193,ok,/home/elads/STAR/full_grid_solar_opacity/runs/T2p82031_rho0p000502097/fac-opacity-cowan-state/starout.h5
2.8203115783563484,0.0007215521357901021,fac-opacity-cowan-state,T2p82031_rho0p000721552,0.09080298509623848,237703.47353633057,86190.23042136614,86190.13983866763,ok,/home/elads/STAR/full_grid_solar_opacity/runs/T2p82031_rho0p000721552/fac-opacity-cowan-state/starout.h5
2.8203115783563484,0.0010369266382873438,fac-opacity-cowan-state,T2p82031_rho0p00103693,0.08419274493403137,262736.1670579638,100530.6250253318,100530.5409489142,ok,/home/elads/STAR/full_grid_solar_opacity/runs/T2p82031_rho0p00103693/fac-opacity-cowan-state/starout.h5
2.8203115783563484,0.0014901443705277455,fac-opacity-cowan-state,T2p82031_rho0p00149014,0.07662526625167665,286332.88934328116,111130.70753272204,111130.63096127914,ok,/home/elads/STAR/full_grid_solar_opacity/runs/T2p82031_rho0p00149014/fac-opacity-cowan-state/starout.h5
2.8203115783563484,0.002141453563853953,fac-opacity-cowan-state,T2p82031_rho0p00214145,0.06783002121157784,305586.62675458577,120727.9765653592,120727.90874705672,ok,/home/elads/STAR/full_grid_solar_opacity/runs/T2p82031_rho0p00214145/fac-opacity-cowan-state/starout.h5
2.8203115783563484,0.003077435620898055,fac-opacity-cowan-state,T2p82031_rho0p00307744,0.05800036480866267,317679.00638118025,126261.01040614115,126260.95239209157,ok,/home/elads/STAR/full_grid_solar_opacity/runs/T2p82031_rho0p00307744/fac-opacity-cowan-state/starout.h5
2.8203115783563484,0.004422514763163053,fac-opacity-cowan-state,T2p82031_rho0p00442251,0.04771039462183735,318513.4924034026,124334.83763053935,124334.7898947827,ok,/home/elads/STAR/full_grid_solar_opacity/runs/T2p82031_rho0p00442251/fac-opacity-cowan-state/starout.h5
2.8203115783563484,0.006355498291362301,fac-opacity-cowan-state,T2p82031_rho0p0063555,0.0376049221647051,309223.69897793856,117454.78566119885,117454.74802681444,ok,/home/elads/STAR/full_grid_solar_opacity/runs/T2p82031_rho0p0063555/fac-opacity-cowan-state/starout.h5
2.8203115783563484,0.009133346228248624,fac-opacity-cowan-state,T2p82031_rho0p00913335,0.028571752735362888,292647.7866964592,105351.95304807647,105351.92444859148,ok,/home/elads/STAR/full_grid_solar_opacity/runs/T2p82031_rho0p00913335/fac-opacity-cowan-state/starout.h5
2.8203115783563484,0.01312533014735226,fac-opacity-cowan-state,T2p82031_rho0p0131253,0.021230629799292994,272949.43084415526,88987.62677492602,88987.60552189249,ok,/home/elads/STAR/full_grid_solar_opacity/runs/T2p82031_rho0p0131253/fac-opacity-cowan-state/starout.h5
2.8203115783563484,0.018862122071335155,fac-opacity-cowan-state,T2p82031_rho0p0188621,0.016075094517344398,253935.33635355096,72319.84150188924,72319.8254094936,ok,/home/elads/STAR/full_grid_solar_opacity/runs/T2p82031_rho0p0188621/fac-opacity-cowan-state/starout.h5
2.8203115783563484,0.02710633904364831,fac-opacity-cowan-state,T2p82031_rho0p0271063,0.012082133009924393,239556.29858980386,59315.23376491956,59315.22166822437,ok,/home/elads/STAR/full_grid_solar_opacity/runs/T2p82031_rho0p0271063/fac-opacity-cowan-state/starout.h5
2.8203115783563484,0.038953921174427183,fac-opacity-cowan-state,T2p82031_rho0p0389539,0.01093498112622616,232643.32697787878,50925.102703635595,50925.09175333469,ok,/home/elads/STAR/full_grid_solar_opacity/runs/T2p82031_rho0p0389539/fac-opacity-cowan-state/starout.h5
2.8203115783563484,0.0559798197912329,fac-opacity-cowan-state,T2p82031_rho0p0559798,0.013687972053232583,233517.3276768854,46753.796141119914,46753.78243368696,ok,/home/elads/STAR/full_grid_solar_opacity/runs/T2p82031_rho0p0559798/fac-opacity-cowan-state/starout.h5
2.8203115783563484,0.08044736266284185,fac-opacity-cowan-state,T2p82031_rho0p0804474,0.012459014813515626,241835.16175306778,46530.303167688326,46530.29068650333,ok,/home/elads/STAR/full_grid_solar_opacity/runs/T2p82031_rho0p0804474/fac-opacity-cowan-state/starout.h5
2.8203115783563484,0.11560912813835741,fac-opacity-cowan-state,T2p82031_rho0p115609,0.013410204299419106,251312.23230806412,44717.17529528742,44717.16186124894,ok,/home/elads/STAR/full_grid_solar_opacity/runs/T2p82031_rho0p115609/fac-opacity-cowan-state/starout.h5
2.8203115783563484,0.1661393247274789,fac-opacity-cowan-state,T2p82031_rho0p166139,0.014562683914079347,258300.6303537703,43263.832489240674,43263.81790162286,ok,/home/elads/STAR/full_grid_solar_opacity/runs/T2p82031_rho0p166139/fac-opacity-cowan-state/starout.h5
2.8203115783563484,0.23875515424585794,fac-opacity-cowan-state,T2p82031_rho0p238755,0.014400179574002431,263984.23123233044,42278.1636342662,42278.14920884853,ok,/home/elads/STAR/full_grid_solar_opacity/runs/T2p82031_rho0p238755/fac-opacity-cowan-state/starout.h5
2.8203115783563484,0.34310975906798746,fac-opacity-cowan-state,T2p82031_rho0p34311,0.013698324239021288,267066.0020183856,41976.97628799703,41976.962564243004,ok,/home/elads/STAR/full_grid_solar_opacity/runs/T2p82031_rho0p34311/fac-opacity-cowan-state/starout.h5
2.8203115783563484,0.49307545690287347,fac-opacity-cowan-state,T2p82031_rho0p493075,0.01228526075447512,266832.1081330846,43242.447997798685,43242.435686344514,ok,/home/elads/STAR/full_grid_solar_opacity/runs/T2p82031_rho0p493075/fac-opacity-cowan-state/starout.h5
2.8203115783563484,0.7085878491488851,fac-opacity-cowan-state,T2p82031_rho0p708588,0.010970121343945384,262369.5413151037,42870.50884765871,42870.49785161489,ok,/home/elads/STAR/full_grid_solar_opacity/runs/T2p82031_rho0p708588/fac-opacity-cowan-state/starout.h5
2.8203115783563484,1.0182959482819007,fac-opacity-cowan-state,T2p82031_rho1p0183,0.00999371357164277,253107.9225549905,42785.81440632936,42785.80438680642,ok,/home/elads/STAR/full_grid_solar_opacity/runs/T2p82031_rho1p0183/fac-opacity-cowan-state/starout.h5
2.8203115783563484,1.4633706173946401,fac-opacity-cowan-state,T2p82031_rho1p46337,0.009334763657574708,238627.82773773593,40999.70730648101,40999.69794702169,ok,/home/elads/STAR/full_grid_solar_opacity/runs/T2p82031_rho1p46337/fac-opacity-cowan-state/starout.h5
2.8203115783563484,2.1029775945461404,fac-opacity-cowan-state,T2p82031_rho2p10298,0.009091836421159242,218371.21831629,37021.33966764033,37021.330553496315,ok,/home/elads/STAR/full_grid_solar_opacity/runs/T2p82031_rho2p10298/fac-opacity-cowan-state/starout.h5
2.8203115783563484,3.0221426551783854,fac-opacity-cowan-state,T2p82031_rho3p02214,0.009449742898205703,191633.91775590478,31097.47004165872,31097.46057311542,ok,/home/elads/STAR/full_grid_solar_opacity/runs/T2p82031_rho3p02214/fac-opacity-cowan-state/starout.h5
2.8203115783563484,4.343054463316713,fac-opacity-cowan-state,T2p82031_rho4p34305,0.010490053197917595,158876.32277413708,24141.044412559935,24141.033907790814,ok,/home/elads/STAR/full_grid_solar_opacity/runs/T2p82031_rho4p34305/fac-opacity-cowan-state/starout.h5
2.8203115783563484,6.241307649397467,fac-opacity-cowan-state,T2p82031_rho6p24131,0.012806627123832532,124054.26935625356,16911.567010700484,16911.554193549542,ok,/home/elads/STAR/full_grid_solar_opacity/runs/T2p82031_rho6p24131/fac-opacity-cowan-state/starout.h5
2.8203115783563484,8.969245378672715,fac-opacity-cowan-state,T2p82031_rho8p96925,0.01410934736861904,102543.18789915179,12449.166818693175,12449.15270141349,ok,/home/elads/STAR/full_grid_solar_opacity/runs/T2p82031_rho8p96925/fac-opacity-cowan-state/starout.h5
2.8203115783563484,12.889504440725364,fac-opacity-cowan-state,T2p82031_rho12p8895,0.011159322601088824,98002.69280445826,11392.174728760894,11392.163562245642,ok,/home/elads/STAR/full_grid_solar_opacity/runs/T2p82031_rho12p8895/fac-opacity-cowan-state/starout.h5
2.8203115783563484,18.52322215674118,fac-opacity-cowan-state,T2p82031_rho18p5232,0.008802818799073523,93534.88962290826,10643.24065382851,10643.23184435544,ok,/home/elads/STAR/full_grid_solar_opacity/runs/T2p82031_rho18p5232/fac-opacity-cowan-state/starout.h5
2.8203115783563484,26.61931346126126,fac-opacity-cowan-state,T2p82031_rho26p6193,0.006823677907572289,89822.67073396925,11678.45970818454,11678.45287732653,ok,/home/elads/STAR/full_grid_solar_opacity/runs/T2p82031_rho26p6193/fac-opacity-cowan-state/starout.h5
2.8203115783563484,38.254027466328665,fac-opacity-cowan-state,T2p82031_rho38p254,0.0052553580788105925,86287.05996932581,11203.179946673918,11203.174684480497,ok,/home/elads/STAR/full_grid_solar_opacity/runs/T2p82031_rho38p254/fac-opacity-cowan-state/starout.h5
2.8203115783563484,54.97401800103719,fac-opacity-cowan-state,T2p82031_rho54p974,0.0037885358044143862,83187.3363827418,11079.679897126138,11079.676101887957,ok,/home/elads/STAR/full_grid_solar_opacity/runs/T2p82031_rho54p974/fac-opacity-cowan-state/starout.h5
2.8203115783563484,79.0019471240894,fac-opacity-cowan-state,T2p82031_rho79p0019,0.002018510484200888,78927.06596532546,8931.140321563491,8931.138297689216,ok,/home/elads/STAR/full_grid_solar_opacity/runs/T2p82031_rho79p0019/fac-opacity-cowan-state/starout.h5
2.8203115783563484,113.53195339077567,fac-opacity-cowan-state,T2p82031_rho113p532,0.008642541431011053,71600.97948096323,10869.324158497195,10869.315509199752,ok,/home/elads/STAR/full_grid_solar_opacity/runs/T2p82031_rho113p532/fac-opacity-cowan-state/starout.h5
2.8203115783563484,163.15426277379785,fac-opacity-cowan-state,T2p82031_rho163p154,0.0366949898579863,52104.00669804885,10061.641888002943,10061.60518571504,ok,/home/elads/STAR/full_grid_solar_opacity/runs/T2p82031_rho163p154/fac-opacity-cowan-state/starout.h5
2.8203115783563484,234.46538763970608,fac-opacity-cowan-state,T2p82031_rho234p465,0.06232491736835196,43712.702289484965,21176.65969718441,21176.597357985145,ok,/home/elads/STAR/full_grid_solar_opacity/runs/T2p82031_rho234p465/fac-opacity-cowan-state/starout.h5
2.8203115783563484,336.94503022121665,fac-opacity-cowan-state,T2p82031_rho336p945,0.06913871094972877,40893.01649153483,19014.74631579978,19014.677163852968,ok,/home/elads/STAR/full_grid_solar_opacity/runs/T2p82031_rho336p945/fac-opacity-cowan-state/starout.h5
2.8203115783563484,484.21626123015125,fac-opacity-cowan-state,T2p82031_rho484p216,0.07654727158678955,43765.72016751919,25079.199369776405,25079.12280568887,ok,/home/elads/STAR/full_grid_solar_opacity/runs/T2p82031_rho484p216/fac-opacity-cowan-state/starout.h5
2.8203115783563484,695.8564947100452,fac-opacity-cowan-state,T2p82031_rho695p856,0.12234653388353363,37639.26676939796,19906.025527383485,19905.903165776846,ok,/home/elads/STAR/full_grid_solar_opacity/runs/T2p82031_rho695p856/fac-opacity-cowan-state/starout.h5
2.8203115783563484,1000.0,fac-opacity-cowan-state,T2p82031_rho1000,0.1388808407777744,35504.91769180594,17230.784931390837,17230.64603645129,ok,/home/elads/STAR/full_grid_solar_opacity/runs/T2p82031_rho1000/fac-opacity-cowan-state/starout.h5
3.104827554555966,1e-17,fac-opacity-cowan-state,T3p10483_rho1em17,0.34019985783666945,432.510199317179,0.5924185063381809,0.2522141807816409,ok,/home/elads/STAR/full_grid_solar_opacity/runs/T3p10483_rho1em17/fac-opacity-cowan-state/starout.h5
3.104827554555966,1.4370779141993746e-17,fac-opacity-cowan-state,T3p10483_rho1p43708em17,0.34020034835709523,432.48308093307986,0.5919556549606025,0.25175085291970134,ok,/home/elads/STAR/full_grid_solar_opacity/runs/T3p10483_rho1p43708em17/fac-opacity-cowan-state/starout.h5
3.104827554555966,2.065192931479625e-17,fac-opacity-cowan-state,T3p10483_rho2p06519em17,0.3402002205952126,432.5187414231471,0.5922770749344324,0.25207239473580334,ok,/home/elads/STAR/full_grid_solar_opacity/runs/T3p10483_rho2p06519em17/fac-opacity-cowan-state/starout.h5
3.104827554555966,2.9678431503900313e-17,fac-opacity-cowan-state,T3p10483_rho2p96784em17,0.34020016596004427,432.50057705403907,0.5922918336587166,0.25208720448337074,ok,/home/elads/STAR/full_grid_solar_opacity/runs/T3p10483_rho2p96784em17/fac-opacity-cowan-state/starout.h5
3.104827554555966,4.2650218442334076e-17,fac-opacity-cowan-state,T3p10483_rho4p26502em17,0.34020022902258096,432.51214705708304,0.592332171030029,0.2521274753499187,ok,/home/elads/STAR/full_grid_solar_opacity/runs/T3p10483_rho4p26502em17/fac-opacity-cowan-state/starout.h5
3.104827554555966,6.129168695925715e-17,fac-opacity-cowan-state,T3p10483_rho6p12917em17,0.34020037142274057,432.4829682582725,0.5920570810197352,0.2518522505779848,ok,/home/elads/STAR/full_grid_solar_opacity/runs/T3p10483_rho6p12917em17/fac-opacity-cowan-state/starout.h5
3.104827554555966,8.808092965317026e-17,fac-opacity-cowan-state,T3p10483_rho8p80809em17,0.3401999283928757,432.4968016724787,0.5923843836098424,0.2521799859551123,ok,/home/elads/STAR/full_grid_solar_opacity/runs/T3p10483_rho8p80809em17/fac-opacity-cowan-state/starout.h5
3.104827554555966,1.2657915866672028e-16,fac-opacity-cowan-state,T3p10483_rho1p26579em16,0.34020018516262684,432.49683254430647,0.5922431478325477,0.25203849748480284,ok,/home/elads/STAR/full_grid_solar_opacity/runs/T3p10483_rho1p26579em16/fac-opacity-cowan-state/starout.h5
3.104827554555966,1.819041133178821e-16,fac-opacity-cowan-state,T3p10483_rho1p81904em16,0.3402003420452253,432.6601279257495,0.5919392557088159,0.25173445655314924,ok,/home/elads/STAR/full_grid_solar_opacity/runs/T3p10483_rho1p81904em16/fac-opacity-cowan-state/starout.h5
3.104827554555966,2.6141038375114865e-16,fac-opacity-cowan-state,T3p10483_rho2p6141em16,0.3401959997202171,442.1674826882258,0.5927260135859738,0.2525255825921032,ok,/home/elads/STAR/full_grid_solar_opacity/runs/T3p10483_rho2p6141em16/fac-opacity-cowan-state/starout.h5
3.104827554555966,3.7566708903116036e-16,fac-opacity-cowan-state,T3p10483_rho3p75667em16,0.34018946266941097,455.7405613956271,0.5761394121133877,0.2359456687852225,ok,/home/elads/STAR/full_grid_solar_opacity/runs/T3p10483_rho3p75667em16/fac-opacity-cowan-state/starout.h5
3.104827554555966,5.398628767382507e-16,fac-opacity-cowan-state,T3p10483_rho5p39863em16,0.34018607199540934,467.5132818664868,0.5974618878848614,0.25727078740191145,ok,/home/elads/STAR/full_grid_solar_opacity/runs/T3p10483_rho5p39863em16/fac-opacity-cowan-state/starout.h5
3.104827554555966,7.758250168566793e-16,fac-opacity-cowan-state,T3p10483_rho7p75825em16,0.3401513638124534,479.4177507399232,0.5944284892297662,0.25427201937964405,ok,/home/elads/STAR/full_grid_solar_opacity/runs/T3p10483_rho7p75825em16/fac-opacity-cowan-state/starout.h5
3.104827554555966,1.1149209970080914e-15,fac-opacity-cowan-state,T3p10483_rho1p11492em15,0.34014377417930963,491.2660271006373,0.5789587465929298,0.23881014337897183,ok,/home/elads/STAR/full_grid_solar_opacity/runs/T3p10483_rho1p11492em15/fac-opacity-cowan-state/starout.h5
3.104827554555966,1.6022283408774753e-15,fac-opacity-cowan-state,T3p10483_rho1p60223em15,0.34013765324577416,499.6420273579239,0.5619699823288989,0.2218277262811748,ok,/home/elads/STAR/full_grid_solar_opacity/runs/T3p10483_rho1p60223em15/fac-opacity-cowan-state/starout.h5
3.104827554555966,2.3025269621793266e-15,fac-opacity-cowan-state,T3p10483_rho2p30253em15,0.34013007808908774,510.98695817714196,0.5635009612853576,0.2233664810981641,ok,/home/elads/STAR/full_grid_solar_opacity/runs/T3p10483_rho2p30253em15/fac-opacity-cowan-state/starout.h5
3.104827554555966,3.308910644196489e-15,fac-opacity-cowan-state,T3p10483_rho3p30891em15,0.3401208900915346,517.917330814943,0.5668936898904584,0.22676875752003492,ok,/home/elads/STAR/full_grid_solar_opacity/runs/T3p10483_rho3p30891em15/fac-opacity-cowan-state/starout.h5
3.104827554555966,4.755162406834019e-15,fac-opacity-cowan-state,T3p10483_rho4p75516em15,0.34011241977549656,525.6086364529972,0.6066496840911625,0.2665327155403926,ok,/home/elads/STAR/full_grid_solar_opacity/runs/T3p10483_rho4p75516em15/fac-opacity-cowan-state/starout.h5
3.104827554555966,6.8335388732923106e-15,fac-opacity-cowan-state,T3p10483_rho6p83354em15,0.34010279778639035,533.9881124452752,0.6411514394858473,0.3010433890945196,ok,/home/elads/STAR/full_grid_solar_opacity/runs/T3p10483_rho6p83354em15/fac-opacity-cowan-state/starout.h5
3.104827554555966,9.820327790631256e-15,fac-opacity-cowan-state,T3p10483_rho9p82033em15,0.3400957901497299,542.6317286514843,0.6578939748650556,0.31779254834177856,ok,/home/elads/STAR/full_grid_solar_opacity/runs/T3p10483_rho9p82033em15/fac-opacity-cowan-state/starout.h5
3.104827554555966,1.4112576178114521e-14,fac-opacity-cowan-state,T3p10483_rho1p41126em14,0.3400915775800244,543.1384956985626,0.6890438007260441,0.3489467803951572,ok,/home/elads/STAR/full_grid_solar_opacity/runs/T3p10483_rho1p41126em14/fac-opacity-cowan-state/starout.h5
3.104827554555966,2.0280871538024598e-14,fac-opacity-cowan-state,T3p10483_rho2p02809em14,0.34007906676444544,550.31659016513,0.6450749008286488,0.30499097627908667,ok,/home/elads/STAR/full_grid_solar_opacity/runs/T3p10483_rho2p02809em14/fac-opacity-cowan-state/starout.h5
3.104827554555966,2.914519256800997e-14,fac-opacity-cowan-state,T3p10483_rho2p91452em14,0.3400708486348952,555.6189730472291,0.6674197745212866,0.32734390532216584,ok,/home/elads/STAR/full_grid_solar_opacity/runs/T3p10483_rho2p91452em14/fac-opacity-cowan-state/starout.h5
3.104827554555966,4.188391254457488e-14,fac-opacity-cowan-state,T3p10483_rho4p18839em14,0.34006148142182585,560.1650873660734,0.6425029199982605,0.30243650489980906,ok,/home/elads/STAR/full_grid_solar_opacity/runs/T3p10483_rho4p18839em14/fac-opacity-cowan-state/starout.h5
3.104827554555966,6.019044567806669e-14,fac-opacity-cowan-state,T3p10483_rho6p01904em14,0.3400534889602381,563.8617675576039,0.6683508854850188,0.32829209496031314,ok,/home/elads/STAR/full_grid_solar_opacity/runs/T3p10483_rho6p01904em14/fac-opacity-cowan-state/starout.h5
3.104827554555966,8.649836012976684e-14,fac-opacity-cowan-state,T3p10483_rho8p64984em14,0.3400439904644287,566.3454312146987,0.6875835784944253,0.3475344632444415,ok,/home/elads/STAR/full_grid_solar_opacity/runs/T3p10483_rho8p64984em14/fac-opacity-cowan-state/starout.h5
3.104827554555966,1.2430488295695167e-13,fac-opacity-cowan-state,T3p10483_rho1p24305em13,0.34003312431134414,567.0018699024822,0.6920032347927149,0.351964613376341,ok,/home/elads/STAR/full_grid_solar_opacity/runs/T3p10483_rho1p24305em13/fac-opacity-cowan-state/starout.h5
3.104827554555966,1.7863580192457348e-13,fac-opacity-cowan-state,T3p10483_rho1p78636em13,0.3400230534145934,565.981416053611,0.7201596974941438,0.3801306430044999,ok,/home/elads/STAR/full_grid_solar_opacity/runs/T3p10483_rho1p78636em13/fac-opacity-cowan-state/starout.h5
3.104827554555966,2.567135656310987e-13,fac-opacity-cowan-state,T3p10483_rho2p56714em13,0.3400137159783095,563.1057643311772,0.7237467939461073,0.3837272894239761,ok,/home/elads/STAR/full_grid_solar_opacity/runs/T3p10483_rho2p56714em13/fac-opacity-cowan-state/starout.h5
3.104827554555966,3.6891739544382357e-13,fac-opacity-cowan-state,T3p10483_rho3p68917em13,0.34000192767186815,558.9505807892657,0.7563818543980566,0.41637418190612235,ok,/home/elads/STAR/full_grid_solar_opacity/runs/T3p10483_rho3p68917em13/fac-opacity-cowan-state/starout.h5
3.104827554555966,5.301630411562758e-13,fac-opacity-cowan-state,T3p10483_rho5p30163em13,0.3399888886465757,554.1835584009021,0.7799389378798168,0.43994391920655224,ok,/home/elads/STAR/full_grid_solar_opacity/runs/T3p10483_rho5p30163em13/fac-opacity-cowan-state/starout.h5
3.104827554555966,7.618855973704612e-13,fac-opacity-cowan-state,T3p10483_rho7p61886em13,0.3399768531686293,549.9438622491454,0.7897369826266749,0.4497543671117707,ok,/home/elads/STAR/full_grid_solar_opacity/runs/T3p10483_rho7p61886em13/fac-opacity-cowan-state/starout.h5
3.104827554555966,1.0948889651276868e-12,fac-opacity-cowan-state,T3p10483_rho1p09489em12,0.33995918190754837,546.8935188512031,0.8008822971040047,0.46091755985403177,ok,/home/elads/STAR/full_grid_solar_opacity/runs/T3p10483_rho1p09489em12/fac-opacity-cowan-state/starout.h5
3.104827554555966,1.5734407502856082e-12,fac-opacity-cowan-state,T3p10483_rho1p57344em12,0.33993922577284014,546.1724527503687,0.8131188796672747,0.47317389568508805,ok,/home/elads/STAR/full_grid_solar_opacity/runs/T3p10483_rho1p57344em12/fac-opacity-cowan-state/starout.h5
3.104827554555966,2.26115695153675e-12,fac-opacity-cowan-state,T3p10483_rho2p26116em12,0.33991454689284756,547.3197100236594,0.7983492822016246,0.4584305669264723,ok,/home/elads/STAR/full_grid_solar_opacity/runs/T3p10483_rho2p26116em12/fac-opacity-cowan-state/starout.h5
3.104827554555966,3.249458715591849e-12,fac-opacity-cowan-state,T3p10483_rho3p24946em12,0.3398911138032939,553.2353000258585,0.84286223364415,0.5029657276064735,ok,/home/elads/STAR/full_grid_solar_opacity/runs/T3p10483_rho3p24946em12/fac-opacity-cowan-state/starout.h5
3.104827554555966,4.669725353279713e-12,fac-opacity-cowan-state,T3p10483_rho4p66973em12,0.3398497260667681,562.009470091805,0.8720045087980893,0.5321493281234414,ok,/home/elads/STAR/full_grid_solar_opacity/runs/T3p10483_rho4p66973em12/fac-opacity-cowan-state/starout.h5
3.104827554555966,6.710759170575148e-12,fac-opacity-cowan-state,T3p10483_rho6p71076em12,0.3398016493006658,573.8140910210296,0.9164114448473134,0.5766048747469771,ok,/home/elads/STAR/full_grid_solar_opacity/runs/T3p10483_rho6p71076em12/fac-opacity-cowan-state/starout.h5
3.104827554555966,9.64388379154446e-12,fac-opacity-cowan-state,T3p10483_rho9p64388em12,0.3397388267908263,588.0647579217317,0.9715317674612354,0.6317876003279655,ok,/home/elads/STAR/full_grid_solar_opacity/runs/T3p10483_rho9p64388em12/fac-opacity-cowan-state/starout.h5
3.104827554555966,1.3859012403933867e-11,fac-opacity-cowan-state,T3p10483_rho1p3859em11,0.3396467712969564,606.0740982661395,0.9657988625791261,0.6261478189634402,ok,/home/elads/STAR/full_grid_solar_opacity/runs/T3p10483_rho1p3859em11/fac-opacity-cowan-state/starout.h5
3.104827554555966,1.9916480638308542e-11,fac-opacity-cowan-state,T3p10483_rho1p99165em11,0.3395334341628147,626.4885597580937,1.0074284631443147,0.6678917804724583,ok,/home/elads/STAR/full_grid_solar_opacity/runs/T3p10483_rho1p99165em11/fac-opacity-cowan-state/starout.h5
3.104827554555966,2.8621534453892672e-11,fac-opacity-cowan-state,T3p10483_rho2p86215em11,0.33936207356205417,650.0009691050316,0.9666621220682586,0.6272981502175831,ok,/home/elads/STAR/full_grid_solar_opacity/runs/T3p10483_rho2p86215em11/fac-opacity-cowan-state/starout.h5
3.104827554555966,4.1131375034185614e-11,fac-opacity-cowan-state,T3p10483_rho4p11314em11,0.3391376394779899,674.7597026471788,1.0956476023067947,0.7565099380178323,ok,/home/elads/STAR/full_grid_solar_opacity/runs/T3p10483_rho4p11314em11/fac-opacity-cowan-state/starout.h5
3.104827554555966,5.910899064227969e-11,fac-opacity-cowan-state,T3p10483_rho5p9109em11,0.3388214433257209,697.9864874807619,1.0457624458088528,0.7069430670080342,ok,/home/elads/STAR/full_grid_solar_opacity/runs/T3p10483_rho5p9109em11/fac-opacity-cowan-state/starout.h5
3.104827554555966,8.4944224982638e-11,fac-opacity-cowan-state,T3p10483_rho8p49442em11,0.3383832026535937,729.5698006966855,1.291287965126177,0.9529099742567927,ok,/home/elads/STAR/full_grid_solar_opacity/runs/T3p10483_rho8p49442em11/fac-opacity-cowan-state/starout.h5
3.104827554555966,1.2207146966133182e-10,fac-opacity-cowan-state,T3p10483_rho1p22071em10,0.3377817240367873,753.9142871762173,1.2759862629490468,0.938212574130316,ok,/home/elads/STAR/full_grid_solar_opacity/runs/T3p10483_rho1p22071em10/fac-opacity-cowan-state/starout.h5
3.104827554555966,1.7542621300415897e-10,fac-opacity-cowan-state,T3p10483_rho1p75426em10,0.3369700321167982,787.4319240485991,1.670356623753733,1.3334064110669046,ok,/home/elads/STAR/full_grid_solar_opacity/runs/T3p10483_rho1p75426em10/fac-opacity-cowan-state/starout.h5
3.104827554555966,2.52101136279913e-10,fac-opacity-cowan-state,T3p10483_rho2p52101em10,0.3358906112308701,817.5758885325328,1.757086696149989,1.4212227930754515,ok,/home/elads/STAR/full_grid_solar_opacity/runs/T3p10483_rho2p52101em10/fac-opacity-cowan-state/starout.h5
3.104827554555966,3.6228897509242966e-10,fac-opacity-cowan-state,T3p10483_rho3p62289em10,0.33449560869561157,845.7445389049882,1.7839688609005988,1.4495007673866003,ok,/home/elads/STAR/full_grid_solar_opacity/runs/T3p10483_rho3p62289em10/fac-opacity-cowan-state/starout.h5
3.104827554555966,5.20637484663258e-10,fac-opacity-cowan-state,T3p10483_rho5p20637em10,0.3327560548648771,880.5564456317813,2.8980076942745323,2.5652961019894565,ok,/home/elads/STAR/full_grid_solar_opacity/runs/T3p10483_rho5p20637em10/fac-opacity-cowan-state/starout.h5
3.104827554555966,7.481966305138837e-10,fac-opacity-cowan-state,T3p10483_rho7p48197em10,0.33067496345766056,914.8151904385368,2.5871771744446757,2.2565888729703234,ok,/home/elads/STAR/full_grid_solar_opacity/runs/T3p10483_rho7p48197em10/fac-opacity-cowan-state/starout.h5
3.104827554555966,1.0752168531898921e-09,fac-opacity-cowan-state,T3p10483_rho1p07522em09,0.32830012929000485,952.1511313902364,3.1290838210525953,2.800908157920146,ok,/home/elads/STAR/full_grid_solar_opacity/runs/T3p10483_rho1p07522em09/fac-opacity-cowan-state/starout.h5
3.104827554555966,1.5451703926941453e-09,fac-opacity-cowan-state,T3p10483_rho1p54517em09,0.32572175471425013,993.5196078412107,3.9725976212772913,3.647059995438318,ok,/home/elads/STAR/full_grid_solar_opacity/runs/T3p10483_rho1p54517em09/fac-opacity-cowan-state/starout.h5
3.104827554555966,2.220530245015531e-09,fac-opacity-cowan-state,T3p10483_rho2p22053em09,0.3230497407057995,1033.7960836335462,9.249692936021653,8.926651523455316,ok,/home/elads/STAR/full_grid_solar_opacity/runs/T3p10483_rho2p22053em09/fac-opacity-cowan-state/starout.h5
3.104827554555966,3.1910749729235452e-09,fac-opacity-cowan-state,T3p10483_rho3p19107em09,0.32046949149577886,1039.8189604497977,10.545957832069734,10.22554384172815,ok,/home/elads/STAR/full_grid_solar_opacity/runs/T3p10483_rho3p19107em09/fac-opacity-cowan-state/starout.h5
3.104827554555966,4.585823366142813e-09,fac-opacity-cowan-state,T3p10483_rho4p58582em09,0.318056075161865,1042.6620113563106,11.216204109776262,10.898189277832838,ok,/home/elads/STAR/full_grid_solar_opacity/runs/T3p10483_rho4p58582em09/fac-opacity-cowan-state/starout.h5
3.104827554555966,6.590185477903269e-09,fac-opacity-cowan-state,T3p10483_rho6p59019em09,0.3158864678027423,1143.3904522032062,15.647928958273377,15.332507813888794,ok,/home/elads/STAR/full_grid_solar_opacity/runs/T3p10483_rho6p59019em09/fac-opacity-cowan-state/starout.h5
3.104827554555966,9.470610000772238e-09,fac-opacity-cowan-state,T3p10483_rho9p47061em09,0.3139006590450515,1179.7902271844691,17.784024985403466,17.470703272936085,ok,/home/elads/STAR/full_grid_solar_opacity/runs/T3p10483_rho9p47061em09/fac-opacity-cowan-state/starout.h5
3.104827554555966,1.3610004466105506e-08,fac-opacity-cowan-state,T3p10483_rho1p361em08,0.31205381904939783,1218.83931313547,23.116287042330303,22.805292998143337,ok,/home/elads/STAR/full_grid_solar_opacity/runs/T3p10483_rho1p361em08/fac-opacity-cowan-state/starout.h5
3.104827554555966,1.9558636830395073e-08,fac-opacity-cowan-state,T3p10483_rho1p95586em08,0.3102265534355182,1265.5655045687656,27.794345649855398,27.48551190046766,ok,/home/elads/STAR/full_grid_solar_opacity/runs/T3p10483_rho1p95586em08/fac-opacity-cowan-state/starout.h5
3.104827554555966,2.810728502080722e-08,fac-opacity-cowan-state,T3p10483_rho2p81073em08,0.30829138494671676,1321.2104021076846,33.93359244670919,33.627476769350324,ok,/home/elads/STAR/full_grid_solar_opacity/runs/T3p10483_rho2p81073em08/fac-opacity-cowan-state/starout.h5
3.104827554555966,4.039235853150913e-08,fac-opacity-cowan-state,T3p10483_rho4p03924em08,0.3060948966881142,1390.2483267365396,43.654084750375624,43.35110909155953,ok,/home/elads/STAR/full_grid_solar_opacity/runs/T3p10483_rho4p03924em08/fac-opacity-cowan-state/starout.h5
3.104827554555966,5.804696634805446e-08,fac-opacity-cowan-state,T3p10483_rho5p8047em08,0.30347823985640043,1474.3190436056611,51.58538060555256,51.28618957026559,ok,/home/elads/STAR/full_grid_solar_opacity/runs/T3p10483_rho5p8047em08/fac-opacity-cowan-state/starout.h5
3.104827554555966,8.341801332506338e-08,fac-opacity-cowan-state,T3p10483_rho8p3418em08,0.300258885133879,1593.7878949201506,64.80403434394663,64.50913774559154,ok,/home/elads/STAR/full_grid_solar_opacity/runs/T3p10483_rho8p3418em08/fac-opacity-cowan-state/starout.h5
3.104827554555966,1.1987818459583772e-07,fac-opacity-cowan-state,T3p10483_rho1p19878em07,0.29625997638683416,1739.4285255229336,84.65448443096355,84.3654779141366,ok,/home/elads/STAR/full_grid_solar_opacity/runs/T3p10483_rho1p19878em07/fac-opacity-cowan-state/starout.h5
3.104827554555966,1.7227429147699408e-07,fac-opacity-cowan-state,T3p10483_rho1p72274em07,0.29130574336423265,1936.955271636735,117.80096557895813,117.51858015015732,ok,/home/elads/STAR/full_grid_solar_opacity/runs/T3p10483_rho1p72274em07/fac-opacity-cowan-state/starout.h5
3.104827554555966,2.4757157946593376e-07,fac-opacity-cowan-state,T3p10483_rho2p47572em07,0.28526222844266685,2202.8907808700387,160.6050603682739,160.33075410880977,ok,/home/elads/STAR/full_grid_solar_opacity/runs/T3p10483_rho2p47572em07/fac-opacity-cowan-state/starout.h5
3.104827554555966,3.557796490339488e-07,fac-opacity-cowan-state,T3p10483_rho3p5578em07,0.27802292265295114,2521.9515004182103,213.12287758927715,212.8584978786591,ok,/home/elads/STAR/full_grid_solar_opacity/runs/T3p10483_rho3p5578em07/fac-opacity-cowan-state/starout.h5
3.104827554555966,5.112830759482948e-07,fac-opacity-cowan-state,T3p10483_rho5p11283em07,0.2695571052390633,3001.458074929181,322.04750777911966,321.79351332389433,ok,/home/elads/STAR/full_grid_solar_opacity/runs/T3p10483_rho5p11283em07/fac-opacity-cowan-state/starout.h5
3.104827554555966,7.347536163492159e-07,fac-opacity-cowan-state,T3p10483_rho7p34754em07,0.259944220467795,3683.6640208713006,447.92810326435233,447.6835586497599,ok,/home/elads/STAR/full_grid_solar_opacity/runs/T3p10483_rho7p34754em07/fac-opacity-cowan-state/starout.h5
3.104827554555966,1.0558981944335787e-06,fac-opacity-cowan-state,T3p10483_rho1p0559em06,0.24935534096939382,4565.644806655608,601.7819623767112,601.5496258008216,ok,/home/elads/STAR/full_grid_solar_opacity/runs/T3p10483_rho1p0559em06/fac-opacity-cowan-state/starout.h5
3.104827554555966,1.517407974863493e-06,fac-opacity-cowan-state,T3p10483_rho1p51741em06,0.23807141057004605,5890.971009152578,833.4358420207099,833.2151345982434,ok,/home/elads/STAR/full_grid_solar_opacity/runs/T3p10483_rho1p51741em06/fac-opacity-cowan-state/starout.h5
3.104827554555966,2.1806334875063253e-06,fac-opacity-cowan-state,T3p10483_rho2p18063em06,0.22641548332189995,7718.343836813213,1133.8424019608647,1133.6336334993111,ok,/home/elads/STAR/full_grid_solar_opacity/runs/T3p10483_rho2p18063em06/fac-opacity-cowan-state/starout.h5
3.104827554555966,3.1337402238588983e-06,fac-opacity-cowan-state,T3p10483_rho3p13374em06,0.21473450746658018,10205.258263089996,1605.455377403001,1605.2582135250505,ok,/home/elads/STAR/full_grid_solar_opacity/runs/T3p10483_rho3p13374em06/fac-opacity-cowan-state/starout.h5
3.104827554555966,4.503428864545845e-06,fac-opacity-cowan-state,T3p10483_rho4p50343em06,0.20334405340882786,13571.637801065428,2238.3079588589767,2238.1205428550634,ok,/home/elads/STAR/full_grid_solar_opacity/runs/T3p10483_rho4p50343em06/fac-opacity-cowan-state/starout.h5
3.104827554555966,6.471778159406801e-06,fac-opacity-cowan-state,T3p10483_rho6p47178em06,0.19249867632592804,17937.534794083367,3057.02392300191,3056.8456904414006,ok,/home/elads/STAR/full_grid_solar_opacity/runs/T3p10483_rho6p47178em06/fac-opacity-cowan-state/starout.h5
3.104827554555966,9.300449458481393e-06,fac-opacity-cowan-state,T3p10483_rho9p30045em06,0.18235023252027852,23413.32173794369,4148.719384275936,4148.549443528555,ok,/home/elads/STAR/full_grid_solar_opacity/runs/T3p10483_rho9p30045em06/fac-opacity-cowan-state/starout.h5
3.104827554555966,1.3365470508911143e-05,fac-opacity-cowan-state,T3p10483_rho1p33655em05,0.17299220067228183,30244.827568344583,5791.88542089584,5791.723143979391,ok,/home/elads/STAR/full_grid_solar_opacity/runs/T3p10483_rho1p33655em05/fac-opacity-cowan-state/starout.h5
3.104827554555966,1.920722248123928e-05,fac-opacity-cowan-state,T3p10483_rho1p92072em05,0.16441421663923628,39409.328414097414,10305.240553776535,10305.08348152437,ok,/home/elads/STAR/full_grid_solar_opacity/runs/T3p10483_rho1p92072em05/fac-opacity-cowan-state/starout.h5
3.104827554555966,2.760227522090268e-05,fac-opacity-cowan-state,T3p10483_rho2p76023em05,0.15652500095347627,48902.89956605452,13027.271539255056,13027.120819558177,ok,/home/elads/STAR/full_grid_solar_opacity/runs/T3p10483_rho2p76023em05/fac-opacity-cowan-state/starout.h5
3.104827554555966,3.966662010161191e-05,fac-opacity-cowan-state,T3p10483_rho3p96666em05,0.14921738840079887,61568.874491074115,19736.416946212183,19736.271757763927,ok,/home/elads/STAR/full_grid_solar_opacity/runs/T3p10483_rho3p96666em05/fac-opacity-cowan-state/starout.h5
3.104827554555966,5.7004023678963655e-05,fac-opacity-cowan-state,T3p10483_rho5p7004em05,0.1424385141546163,75539.0791402896,26280.353965748247,26280.214708463547,ok,/home/elads/STAR/full_grid_solar_opacity/runs/T3p10483_rho5p7004em05/fac-opacity-cowan-state/starout.h5
3.104827554555966,8.191922344953684e-05,fac-opacity-cowan-state,T3p10483_rho8p19192em05,0.13623369333989166,85305.87681099444,25792.80523372744,25792.671722245403,ok,/home/elads/STAR/full_grid_solar_opacity/runs/T3p10483_rho8p19192em05/fac-opacity-cowan-state/starout.h5
3.104827554555966,0.00011772430676769293,fac-opacity-cowan-state,T3p10483_rho0p000117724,0.13069609770748553,98778.33334043511,31643.074772648688,31642.946016613547,ok,/home/elads/STAR/full_grid_solar_opacity/runs/T3p10483_rho0p000117724/fac-opacity-cowan-state/starout.h5
3.104827554555966,0.00016917900122028344,fac-opacity-cowan-state,T3p10483_rho0p000169179,0.12569449205638566,112513.72051189431,38028.70713227595,38028.58279778551,ok,/home/elads/STAR/full_grid_solar_opacity/runs/T3p10483_rho0p000169179/fac-opacity-cowan-state/starout.h5
3.104827554555966,0.0002431234061999784,fac-opacity-cowan-state,T3p10483_rho0p000243123,0.1210907322357703,127887.75203696688,46252.41293048548,46252.29274099981,ok,/home/elads/STAR/full_grid_solar_opacity/runs/T3p10483_rho0p000243123/fac-opacity-cowan-state/starout.h5
3.104827554555966,0.0003493872774749123,fac-opacity-cowan-state,T3p10483_rho0p000349387,0.11664328092289969,144704.32736830408,54602.853932255806,54602.737875055864,ok,/home/elads/STAR/full_grid_solar_opacity/runs/T3p10483_rho0p000349387/fac-opacity-cowan-state/starout.h5
3.104827554555966,0.0005020967399614471,fac-opacity-cowan-state,T3p10483_rho0p000502097,0.11210955388821507,163847.29410218803,64930.59868115636,64930.486932423664,ok,/home/elads/STAR/full_grid_solar_opacity/runs/T3p10483_rho0p000502097/fac-opacity-cowan-state/starout.h5
3.104827554555966,0.0007215521357901021,fac-opacity-cowan-state,T3p10483_rho0p000721552,0.10720947652106351,185091.1657429083,75288.28306237556,75288.17606589422,ok,/home/elads/STAR/full_grid_solar_opacity/runs/T3p10483_rho0p000721552/fac-opacity-cowan-state/starout.h5
3.104827554555966,0.0010369266382873438,fac-opacity-cowan-state,T3p10483_rho0p00103693,0.10157202416457496,208518.0937836383,87172.0056850142,87171.90422237868,ok,/home/elads/STAR/full_grid_solar_opacity/runs/T3p10483_rho0p00103693/fac-opacity-cowan-state/starout.h5
3.104827554555966,0.0014901443705277455,fac-opacity-cowan-state,T3p10483_rho0p00149014,0.09487377096288083,232934.1146435788,99602.01477049149,99601.91994176412,ok,/home/elads/STAR/full_grid_solar_opacity/runs/T3p10483_rho0p00149014/fac-opacity-cowan-state/starout.h5
3.104827554555966,0.002141453563853953,fac-opacity-cowan-state,T3p10483_rho0p00214145,0.08664839716690753,255412.48518042083,110327.36430287108,110327.27766002869,ok,/home/elads/STAR/full_grid_solar_opacity/runs/T3p10483_rho0p00214145/fac-opacity-cowan-state/starout.h5
3.104827554555966,0.003077435620898055,fac-opacity-cowan-state,T3p10483_rho0p00307744,0.07682485178474861,273105.9823338091,119250.93700062377,119250.86015770116,ok,/home/elads/STAR/full_grid_solar_opacity/runs/T3p10483_rho0p00307744/fac-opacity-cowan-state/starout.h5
3.104827554555966,0.004422514763163053,fac-opacity-cowan-state,T3p10483_rho0p00442251,0.06574172787872179,280421.55018846085,124308.20967397666,124308.14390152588,ok,/home/elads/STAR/full_grid_solar_opacity/runs/T3p10483_rho0p00442251/fac-opacity-cowan-state/starout.h5
3.104827554555966,0.006355498291362301,fac-opacity-cowan-state,T3p10483_rho0p0063555,0.05393189604415798,276474.3349442011,123366.96084715943,123366.90688094097,ok,/home/elads/STAR/full_grid_solar_opacity/runs/T3p10483_rho0p0063555/fac-opacity-cowan-state/starout.h5
3.104827554555966,0.009133346228248624,fac-opacity-cowan-state,T3p10483_rho0p00913335,0.042548605463525416,262474.757170371,116608.50907864847,116608.46649751918,ok,/home/elads/STAR/full_grid_solar_opacity/runs/T3p10483_rho0p00913335/fac-opacity-cowan-state/starout.h5
3.104827554555966,0.01312533014735226,fac-opacity-cowan-state,T3p10483_rho0p0131253,0.032593725022103816,242234.86029924787,105498.28952042422,105498.25689879172,ok,/home/elads/STAR/full_grid_solar_opacity/runs/T3p10483_rho0p0131253/fac-opacity-cowan-state/starout.h5
3.104827554555966,0.018862122071335155,fac-opacity-cowan-state,T3p10483_rho0p0188621,0.024957588025671988,220324.6055455337,91600.68086154325,91600.65588155302,ok,/home/elads/STAR/full_grid_solar_opacity/runs/T3p10483_rho0p0188621/fac-opacity-cowan-state/starout.h5
3.104827554555966,0.02710633904364831,fac-opacity-cowan-state,T3p10483_rho0p0271063,0.019717307333862646,201734.00307599164,77926.60586669076,77926.58613116309,ok,/home/elads/STAR/full_grid_solar_opacity/runs/T3p10483_rho0p0271063/fac-opacity-cowan-state/starout.h5
3.104827554555966,0.038953921174427183,fac-opacity-cowan-state,T3p10483_rho0p0389539,0.016105168005619622,190860.9790720041,66236.57482365062,66236.55870273369,ok,/home/elads/STAR/full_grid_solar_opacity/runs/T3p10483_rho0p0389539/fac-opacity-cowan-state/starout.h5
3.104827554555966,0.0559798197912329,fac-opacity-cowan-state,T3p10483_rho0p0559798,0.018760282196852468,186447.77148509197,57814.347382633045,57814.32860511165,ok,/home/elads/STAR/full_grid_solar_opacity/runs/T3p10483_rho0p0559798/fac-opacity-cowan-state/starout.h5
3.104827554555966,0.08044736266284185,fac-opacity-cowan-state,T3p10483_rho0p0804474,0.017001577881284514,189677.11658635418,53424.57182034216,53424.554800842314,ok,/home/elads/STAR/full_grid_solar_opacity/runs/T3p10483_rho0p0804474/fac-opacity-cowan-state/starout.h5
3.104827554555966,0.11560912813835741,fac-opacity-cowan-state,T3p10483_rho0p115609,0.01768637363772386,194025.3520438813,50569.321736493854,50569.3040306849,ok,/home/elads/STAR/full_grid_solar_opacity/runs/T3p10483_rho0p115609/fac-opacity-cowan-state/starout.h5
3.104827554555966,0.1661393247274789,fac-opacity-cowan-state,T3p10483_rho0p166139,0.01928694058615497,196631.9222119225,47954.07381190699,47954.054504387066,ok,/home/elads/STAR/full_grid_solar_opacity/runs/T3p10483_rho0p166139/fac-opacity-cowan-state/starout.h5
3.104827554555966,0.23875515424585794,fac-opacity-cowan-state,T3p10483_rho0p238755,0.019088934650308913,199274.426487952,46323.72876028836,46323.70965039654,ok,/home/elads/STAR/full_grid_solar_opacity/runs/T3p10483_rho0p238755/fac-opacity-cowan-state/starout.h5
3.104827554555966,0.34310975906798746,fac-opacity-cowan-state,T3p10483_rho0p34311,0.01819453266174846,200574.4339822107,42875.08616913681,42875.06795466838,ok,/home/elads/STAR/full_grid_solar_opacity/runs/T3p10483_rho0p34311/fac-opacity-cowan-state/starout.h5
3.104827554555966,0.49307545690287347,fac-opacity-cowan-state,T3p10483_rho0p493075,0.01629306657805549,200291.6510367427,42514.625281168956,42514.60896826667,ok,/home/elads/STAR/full_grid_solar_opacity/runs/T3p10483_rho0p493075/fac-opacity-cowan-state/starout.h5
3.104827554555966,0.7085878491488851,fac-opacity-cowan-state,T3p10483_rho0p708588,0.014548811117094839,197440.79206922252,43349.00633416191,43348.99176518185,ok,/home/elads/STAR/full_grid_solar_opacity/runs/T3p10483_rho0p708588/fac-opacity-cowan-state/starout.h5
3.104827554555966,1.0182959482819007,fac-opacity-cowan-state,T3p10483_rho1p0183,0.01313693669170685,191691.36814921518,43754.997810779525,43754.98465356733,ok,/home/elads/STAR/full_grid_solar_opacity/runs/T3p10483_rho1p0183/fac-opacity-cowan-state/starout.h5
3.104827554555966,1.4633706173946401,fac-opacity-cowan-state,T3p10483_rho1p46337,0.012084227258744081,182828.39492905658,42088.47964153788,42088.46753785551,ok,/home/elads/STAR/full_grid_solar_opacity/runs/T3p10483_rho1p46337/fac-opacity-cowan-state/starout.h5
3.104827554555966,2.1029775945461404,fac-opacity-cowan-state,T3p10483_rho2p10298,0.011521776397697737,170528.1747668589,38441.071924811724,38441.06038526283,ok,/home/elads/STAR/full_grid_solar_opacity/runs/T3p10483_rho2p10298/fac-opacity-cowan-state/starout.h5
3.104827554555966,3.0221426551783854,fac-opacity-cowan-state,T3p10483_rho3p02214,0.01164597958993394,154374.26294796617,33089.45740828964,33089.44574694695,ok,/home/elads/STAR/full_grid_solar_opacity/runs/T3p10483_rho3p02214/fac-opacity-cowan-state/starout.h5
3.104827554555966,4.343054463316713,fac-opacity-cowan-state,T3p10483_rho4p34305,0.012491770102107494,134514.08805217643,26514.0915596124,26514.079055398142,ok,/home/elads/STAR/full_grid_solar_opacity/runs/T3p10483_rho4p34305/fac-opacity-cowan-state/starout.h5
3.104827554555966,6.241307649397467,fac-opacity-cowan-state,T3p10483_rho6p24131,0.014613977760053302,113019.16927798213,19485.797693395765,19485.78307003635,ok,/home/elads/STAR/full_grid_solar_opacity/runs/T3p10483_rho6p24131/fac-opacity-cowan-state/starout.h5
3.104827554555966,8.969245378672715,fac-opacity-cowan-state,T3p10483_rho8p96925,0.015586757441350197,99269.81918739653,14741.897695564612,14741.882101507,ok,/home/elads/STAR/full_grid_solar_opacity/runs/T3p10483_rho8p96925/fac-opacity-cowan-state/starout.h5
3.104827554555966,12.889504440725364,fac-opacity-cowan-state,T3p10483_rho12p8895,0.012303318871458918,96072.5059010984,13279.438673742286,13279.42636391287,ok,/home/elads/STAR/full_grid_solar_opacity/runs/T3p10483_rho12p8895/fac-opacity-cowan-state/starout.h5
3.104827554555966,18.52322215674118,fac-opacity-cowan-state,T3p10483_rho18p5232,0.009673086972513364,92927.25800197605,12325.655650008639,12325.645970954052,ok,/home/elads/STAR/full_grid_solar_opacity/runs/T3p10483_rho18p5232/fac-opacity-cowan-state/starout.h5
3.104827554555966,26.61931346126126,fac-opacity-cowan-state,T3p10483_rho26p6193,0.007440249812266785,90393.78333989964,13675.921728698477,13675.914281988214,ok,/home/elads/STAR/full_grid_solar_opacity/runs/T3p10483_rho26p6193/fac-opacity-cowan-state/starout.h5
3.104827554555966,38.254027466328665,fac-opacity-cowan-state,T3p10483_rho38p254,0.005615269446225366,87740.34028105685,13123.45275529989,13123.44713389975,ok,/home/elads/STAR/full_grid_solar_opacity/runs/T3p10483_rho38p254/fac-opacity-cowan-state/starout.h5
3.104827554555966,54.97401800103719,fac-opacity-cowan-state,T3p10483_rho54p974,0.0037726828226897374,85074.34503250968,13084.189328306098,13084.18554959408,ok,/home/elads/STAR/full_grid_solar_opacity/runs/T3p10483_rho54p974/fac-opacity-cowan-state/starout.h5
3.104827554555966,79.0019471240894,fac-opacity-cowan-state,T3p10483_rho79p0019,0.0037591457370906903,80625.74220148847,12396.859499870969,12396.855735007033,ok,/home/elads/STAR/full_grid_solar_opacity/runs/T3p10483_rho79p0019/fac-opacity-cowan-state/starout.h5
3.104827554555966,113.53195339077567,fac-opacity-cowan-state,T3p10483_rho113p532,0.013055602979643048,69979.89431128064,11914.953199332303,11914.94013783303,ok,/home/elads/STAR/full_grid_solar_opacity/runs/T3p10483_rho113p532/fac-opacity-cowan-state/starout.h5
3.104827554555966,163.15426277379785,fac-opacity-cowan-state,T3p10483_rho163p154,0.04174742877398564,46917.667719532656,12042.1283641536,12042.08660966259,ok,/home/elads/STAR/full_grid_solar_opacity/runs/T3p10483_rho163p154/fac-opacity-cowan-state/starout.h5
3.104827554555966,234.46538763970608,fac-opacity-cowan-state,T3p10483_rho234p465,0.06371981913554538,38254.66747781058,20835.061178034026,20834.997447009664,ok,/home/elads/STAR/full_grid_solar_opacity/runs/T3p10483_rho234p465/fac-opacity-cowan-state/starout.h5
3.104827554555966,336.94503022121665,fac-opacity-cowan-state,T3p10483_rho336p945,0.06985169873598258,36343.670536845486,19155.748328463058,19155.67846608025,ok,/home/elads/STAR/full_grid_solar_opacity/runs/T3p10483_rho336p945/fac-opacity-cowan-state/starout.h5
3.104827554555966,484.21626123015125,fac-opacity-cowan-state,T3p10483_rho484p216,0.07718143491179122,39406.42747746625,24326.13933793132,24326.06214349125,ok,/home/elads/STAR/full_grid_solar_opacity/runs/T3p10483_rho484p216/fac-opacity-cowan-state/starout.h5
3.104827554555966,695.8564947100452,fac-opacity-cowan-state,T3p10483_rho695p856,0.12061087940883984,34335.773128352805,20722.08469626226,20721.964072756455,ok,/home/elads/STAR/full_grid_solar_opacity/runs/T3p10483_rho695p856/fac-opacity-cowan-state/starout.h5
3.104827554555966,1000.0,fac-opacity-cowan-state,T3p10483_rho1000,0.13592030792520746,31742.44930033591,17045.34618965321,17045.210257645816,ok,/home/elads/STAR/full_grid_solar_opacity/runs/T3p10483_rho1000/fac-opacity-cowan-state/starout.h5
3.418045799446049,1e-17,fac-opacity-cowan-state,T3p41805_rho1em17,0.34025387715026073,300.7779081236776,0.5567399855377747,0.21648159260624011,ok,/home/elads/STAR/full_grid_solar_opacity/runs/T3p41805_rho1em17/fac-opacity-cowan-state/starout.h5
3.418045799446049,1.4370779141993746e-17,fac-opacity-cowan-state,T3p41805_rho1p43708em17,0.34025388657902134,300.77786650790085,0.5567379763541306,0.21647957417486144,ok,/home/elads/STAR/full_grid_solar_opacity/runs/T3p41805_rho1p43708em17/fac-opacity-cowan-state/starout.h5
3.418045799446049,2.065192931479625e-17,fac-opacity-cowan-state,T3p41805_rho2p06519em17,0.34025381718315195,300.77817250118517,0.5568125521521592,0.21655422264033955,ok,/home/elads/STAR/full_grid_solar_opacity/runs/T3p41805_rho2p06519em17/fac-opacity-cowan-state/starout.h5
3.418045799446049,2.9678431503900313e-17,fac-opacity-cowan-state,T3p41805_rho2p96784em17,0.34025380174570286,300.7778179859256,0.556700136299926,0.21644182302824796,ok,/home/elads/STAR/full_grid_solar_opacity/runs/T3p41805_rho2p96784em17/fac-opacity-cowan-state/starout.h5
3.418045799446049,4.2650218442334076e-17,fac-opacity-cowan-state,T3p41805_rho4p26502em17,0.340253884400855,300.7779441306344,0.5567680565280395,0.21650965853395257,ok,/home/elads/STAR/full_grid_solar_opacity/runs/T3p41805_rho4p26502em17/fac-opacity-cowan-state/starout.h5
3.418045799446049,6.129168695925715e-17,fac-opacity-cowan-state,T3p41805_rho6p12917em17,0.3402538557381233,300.7779107418965,0.5567512836665498,0.21649291093708836,ok,/home/elads/STAR/full_grid_solar_opacity/runs/T3p41805_rho6p12917em17/fac-opacity-cowan-state/starout.h5
3.418045799446049,8.808092965317026e-17,fac-opacity-cowan-state,T3p41805_rho8p80809em17,0.34025379337249234,300.77802788380194,0.5567466514422257,0.21648834156169816,ok,/home/elads/STAR/full_grid_solar_opacity/runs/T3p41805_rho8p80809em17/fac-opacity-cowan-state/starout.h5
3.418045799446049,1.2657915866672028e-16,fac-opacity-cowan-state,T3p41805_rho1p26579em16,0.3402538007393415,300.7780308021968,0.5567597949103522,0.21650147642071402,ok,/home/elads/STAR/full_grid_solar_opacity/runs/T3p41805_rho1p26579em16/fac-opacity-cowan-state/starout.h5
3.418045799446049,1.819041133178821e-16,fac-opacity-cowan-state,T3p41805_rho1p81904em16,0.3402538060319979,300.78793144286277,0.5568296706525349,0.21657135088735452,ok,/home/elads/STAR/full_grid_solar_opacity/runs/T3p41805_rho1p81904em16/fac-opacity-cowan-state/starout.h5
3.418045799446049,2.6141038375114865e-16,fac-opacity-cowan-state,T3p41805_rho2p6141em16,0.34024844190433096,306.7919864015057,0.5622581961755848,0.22200525399440033,ok,/home/elads/STAR/full_grid_solar_opacity/runs/T3p41805_rho2p6141em16/fac-opacity-cowan-state/starout.h5
3.418045799446049,3.7566708903116036e-16,fac-opacity-cowan-state,T3p41805_rho3p75667em16,0.3402415096102118,316.8558350637117,0.5641869028010115,0.22394110779357812,ok,/home/elads/STAR/full_grid_solar_opacity/runs/T3p41805_rho3p75667em16/fac-opacity-cowan-state/starout.h5
3.418045799446049,5.398628767382507e-16,fac-opacity-cowan-state,T3p41805_rho5p39863em16,0.34023185739670125,328.57174358814177,0.5599179592850844,0.2196815988904174,ok,/home/elads/STAR/full_grid_solar_opacity/runs/T3p41805_rho5p39863em16/fac-opacity-cowan-state/starout.h5
3.418045799446049,7.758250168566793e-16,fac-opacity-cowan-state,T3p41805_rho7p75825em16,0.3402255256047564,342.4743864740023,0.5927368573281641,0.25250661637179417,ok,/home/elads/STAR/full_grid_solar_opacity/runs/T3p41805_rho7p75825em16/fac-opacity-cowan-state/starout.h5
3.418045799446049,1.1149209970080914e-15,fac-opacity-cowan-state,T3p41805_rho1p11492em15,0.3402186662619582,354.94734451019616,0.5893772512340978,0.24915408583607637,ok,/home/elads/STAR/full_grid_solar_opacity/runs/T3p41805_rho1p11492em15/fac-opacity-cowan-state/starout.h5
3.418045799446049,1.6022283408774753e-15,fac-opacity-cowan-state,T3p41805_rho1p60223em15,0.3402084236770517,372.62968049733604,0.5741951939790524,0.2339820079498957,ok,/home/elads/STAR/full_grid_solar_opacity/runs/T3p41805_rho1p60223em15/fac-opacity-cowan-state/starout.h5
3.418045799446049,2.3025269621793266e-15,fac-opacity-cowan-state,T3p41805_rho2p30253em15,0.34020023514910797,389.12395684578627,0.5921508853650681,0.2519450239331268,ok,/home/elads/STAR/full_grid_solar_opacity/runs/T3p41805_rho2p30253em15/fac-opacity-cowan-state/starout.h5
3.418045799446049,3.308910644196489e-15,fac-opacity-cowan-state,T3p41805_rho3p30891em15,0.3401918109858603,407.043678917455,0.610074372727871,0.26987712839804956,ok,/home/elads/STAR/full_grid_solar_opacity/runs/T3p41805_rho3p30891em15/fac-opacity-cowan-state/starout.h5
3.418045799446049,4.755162406834019e-15,fac-opacity-cowan-state,T3p41805_rho4p75516em15,0.34018077820251447,422.520432421975,0.644788549487878,0.3046025234480274,ok,/home/elads/STAR/full_grid_solar_opacity/runs/T3p41805_rho4p75516em15/fac-opacity-cowan-state/starout.h5
3.418045799446049,6.8335388732923106e-15,fac-opacity-cowan-state,T3p41805_rho6p83354em15,0.3401717782167259,436.57144924399694,0.6397222190347432,0.29954543804202777,ok,/home/elads/STAR/full_grid_solar_opacity/runs/T3p41805_rho6p83354em15/fac-opacity-cowan-state/starout.h5
3.418045799446049,9.820327790631256e-15,fac-opacity-cowan-state,T3p41805_rho9p82033em15,0.34016302321343983,450.4918461890101,0.6546374551816903,0.3144689187793227,ok,/home/elads/STAR/full_grid_solar_opacity/runs/T3p41805_rho9p82033em15/fac-opacity-cowan-state/starout.h5
3.418045799446049,1.4112576178114521e-14,fac-opacity-cowan-state,T3p41805_rho1p41126em14,0.34015516852665495,462.92983509030705,0.6839123057420501,0.3437508343115128,ok,/home/elads/STAR/full_grid_solar_opacity/runs/T3p41805_rho1p41126em14/fac-opacity-cowan-state/starout.h5
3.418045799446049,2.0280871538024598e-14,fac-opacity-cowan-state,T3p41805_rho2p02809em14,0.3401452203678156,474.6900762782244,0.6722360606583667,0.3320846900669329,ok,/home/elads/STAR/full_grid_solar_opacity/runs/T3p41805_rho2p02809em14/fac-opacity-cowan-state/starout.h5
3.418045799446049,2.914519256800997e-14,fac-opacity-cowan-state,T3p41805_rho2p91452em14,0.3401352534042813,485.4569128775332,0.6318430610791538,0.29170249438810575,ok,/home/elads/STAR/full_grid_solar_opacity/runs/T3p41805_rho2p91452em14/fac-opacity-cowan-state/starout.h5
3.418045799446049,4.188391254457488e-14,fac-opacity-cowan-state,T3p41805_rho4p18839em14,0.3401275513299223,495.20079631454087,0.6348027580973474,0.29466979477946165,ok,/home/elads/STAR/full_grid_solar_opacity/runs/T3p41805_rho4p18839em14/fac-opacity-cowan-state/starout.h5
3.418045799446049,6.019044567806669e-14,fac-opacity-cowan-state,T3p41805_rho6p01904em14,0.34011653135116915,505.02798419800877,0.6473193538986372,0.3071976385501366,ok,/home/elads/STAR/full_grid_solar_opacity/runs/T3p41805_rho6p01904em14/fac-opacity-cowan-state/starout.h5
3.418045799446049,8.649836012976684e-14,fac-opacity-cowan-state,T3p41805_rho8p64984em14,0.3401091171865168,512.1829159567409,0.67521013292996,0.335095598041108,ok,/home/elads/STAR/full_grid_solar_opacity/runs/T3p41805_rho8p64984em14/fac-opacity-cowan-state/starout.h5
3.418045799446049,1.2430488295695167e-13,fac-opacity-cowan-state,T3p41805_rho1p24305em13,0.3401001355873489,519.5091837470304,0.7083367024010758,0.36823058513731033,ok,/home/elads/STAR/full_grid_solar_opacity/runs/T3p41805_rho1p24305em13/fac-opacity-cowan-state/starout.h5
3.418045799446049,1.7863580192457348e-13,fac-opacity-cowan-state,T3p41805_rho1p78636em13,0.3400900625825568,526.1506306978474,0.7442811283379182,0.40418466581116314,ok,/home/elads/STAR/full_grid_solar_opacity/runs/T3p41805_rho1p78636em13/fac-opacity-cowan-state/starout.h5
3.418045799446049,2.567135656310987e-13,fac-opacity-cowan-state,T3p41805_rho2p56714em13,0.34008342047376894,532.5143950249188,0.7483847425727087,0.40829510690092136,ok,/home/elads/STAR/full_grid_solar_opacity/runs/T3p41805_rho2p56714em13/fac-opacity-cowan-state/starout.h5
3.418045799446049,3.6891739544382357e-13,fac-opacity-cowan-state,T3p41805_rho3p68917em13,0.3400715181036102,538.4401660255697,0.7539138407062499,0.4138364085192228,ok,/home/elads/STAR/full_grid_solar_opacity/runs/T3p41805_rho3p68917em13/fac-opacity-cowan-state/starout.h5
3.418045799446049,5.301630411562758e-13,fac-opacity-cowan-state,T3p41805_rho5p30163em13,0.34006302746033423,543.9417952899017,0.7366769204216327,0.39660810456728485,ok,/home/elads/STAR/full_grid_solar_opacity/runs/T3p41805_rho5p30163em13/fac-opacity-cowan-state/starout.h5
3.418045799446049,7.618855973704612e-13,fac-opacity-cowan-state,T3p41805_rho7p61886em13,0.3400514773233593,549.0371143563981,0.7554575308193602,0.4153997190136702,ok,/home/elads/STAR/full_grid_solar_opacity/runs/T3p41805_rho7p61886em13/fac-opacity-cowan-state/starout.h5
3.418045799446049,1.0948889651276868e-12,fac-opacity-cowan-state,T3p41805_rho1p09489em12,0.34004114268422275,553.4540924346239,0.793703284035746,0.45365569325131605,ok,/home/elads/STAR/full_grid_solar_opacity/runs/T3p41805_rho1p09489em12/fac-opacity-cowan-state/starout.h5
3.418045799446049,1.5734407502856082e-12,fac-opacity-cowan-state,T3p41805_rho1p57344em12,0.3400273850502573,556.7590490940898,0.7861686178256133,0.446134736184978,ok,/home/elads/STAR/full_grid_solar_opacity/runs/T3p41805_rho1p57344em12/fac-opacity-cowan-state/starout.h5
3.418045799446049,2.26115695153675e-12,fac-opacity-cowan-state,T3p41805_rho2p26116em12,0.34001669693427333,559.0944490081383,0.8220229812941874,0.48199991728483826,ok,/home/elads/STAR/full_grid_solar_opacity/runs/T3p41805_rho2p26116em12/fac-opacity-cowan-state/starout.h5
3.418045799446049,3.249458715591849e-12,fac-opacity-cowan-state,T3p41805_rho3p24946em12,0.34000441385637675,560.5298026243706,0.845964726154362,0.5059537175697252,ok,/home/elads/STAR/full_grid_solar_opacity/runs/T3p41805_rho3p24946em12/fac-opacity-cowan-state/starout.h5
3.418045799446049,4.669725353279713e-12,fac-opacity-cowan-state,T3p41805_rho4p66973em12,0.3399894615863179,560.5840032375334,0.8569421915055614,0.5169467112830005,ok,/home/elads/STAR/full_grid_solar_opacity/runs/T3p41805_rho4p66973em12/fac-opacity-cowan-state/starout.h5
3.418045799446049,6.710759170575148e-12,fac-opacity-cowan-state,T3p41805_rho6p71076em12,0.339970986350871,561.3613370341636,0.9506281365604068,0.610650006550484,ok,/home/elads/STAR/full_grid_solar_opacity/runs/T3p41805_rho6p71076em12/fac-opacity-cowan-state/starout.h5
3.418045799446049,9.64388379154446e-12,fac-opacity-cowan-state,T3p41805_rho9p64388em12,0.33995171267362073,562.6316527590218,0.9544665893547191,0.6145092322459706,ok,/home/elads/STAR/full_grid_solar_opacity/runs/T3p41805_rho9p64388em12/fac-opacity-cowan-state/starout.h5
3.418045799446049,1.3859012403933867e-11,fac-opacity-cowan-state,T3p41805_rho1p3859em11,0.3398883751120602,566.3689569387645,2.0403167425665436,1.7004323508255363,ok,/home/elads/STAR/full_grid_solar_opacity/runs/T3p41805_rho1p3859em11/fac-opacity-cowan-state/starout.h5
3.418045799446049,1.9916480638308542e-11,fac-opacity-cowan-state,T3p41805_rho1p99165em11,0.33985567431617414,572.376685226935,1.8333116299491372,1.4934588392931416,ok,/home/elads/STAR/full_grid_solar_opacity/runs/T3p41805_rho1p99165em11/fac-opacity-cowan-state/starout.h5
3.418045799446049,2.8621534453892672e-11,fac-opacity-cowan-state,T3p41805_rho2p86215em11,0.33985366083238266,577.2258280536037,1.028490742431183,0.6886336369316715,ok,/home/elads/STAR/full_grid_solar_opacity/runs/T3p41805_rho2p86215em11/fac-opacity-cowan-state/starout.h5
3.418045799446049,4.1131375034185614e-11,fac-opacity-cowan-state,T3p41805_rho4p11314em11,0.33980085275101213,587.7479971557347,1.0484596965338924,0.708656308058041,ok,/home/elads/STAR/full_grid_solar_opacity/runs/T3p41805_rho4p11314em11/fac-opacity-cowan-state/starout.h5
3.418045799446049,5.910899064227969e-11,fac-opacity-cowan-state,T3p41805_rho5p9109em11,0.3397226522190809,601.6963932121931,1.1551106512233091,0.815388064779482,ok,/home/elads/STAR/full_grid_solar_opacity/runs/T3p41805_rho5p9109em11/fac-opacity-cowan-state/starout.h5
3.418045799446049,8.4944224982638e-11,fac-opacity-cowan-state,T3p41805_rho8p49442em11,0.33963354651331307,618.6975537409776,1.252842151915586,0.9132102968158643,ok,/home/elads/STAR/full_grid_solar_opacity/runs/T3p41805_rho8p49442em11/fac-opacity-cowan-state/starout.h5
3.418045799446049,1.2207146966133182e-10,fac-opacity-cowan-state,T3p41805_rho1p22071em10,0.33949889210540357,638.2603606170551,1.29003435823911,0.950541198363136,ok,/home/elads/STAR/full_grid_solar_opacity/runs/T3p41805_rho1p22071em10/fac-opacity-cowan-state/starout.h5
3.418045799446049,1.7542621300415897e-10,fac-opacity-cowan-state,T3p41805_rho1p75426em10,0.3393160077995375,667.3100261502798,1.409107273195063,1.0698021584913358,ok,/home/elads/STAR/full_grid_solar_opacity/runs/T3p41805_rho1p75426em10/fac-opacity-cowan-state/starout.h5
3.418045799446049,2.52101136279913e-10,fac-opacity-cowan-state,T3p41805_rho2p52101em10,0.3390605664088558,691.080519950624,1.3223603680666787,0.9833114920532728,ok,/home/elads/STAR/full_grid_solar_opacity/runs/T3p41805_rho2p52101em10/fac-opacity-cowan-state/starout.h5
3.418045799446049,3.6228897509242966e-10,fac-opacity-cowan-state,T3p41805_rho3p62289em10,0.3387082381170219,722.9674019334683,1.5228998088379768,1.1842095046510017,ok,/home/elads/STAR/full_grid_solar_opacity/runs/T3p41805_rho3p62289em10/fac-opacity-cowan-state/starout.h5
3.418045799446049,5.20637484663258e-10,fac-opacity-cowan-state,T3p41805_rho5p20637em10,0.3382259086330116,761.2855800709707,1.9541557006649715,1.6159642530071525,ok,/home/elads/STAR/full_grid_solar_opacity/runs/T3p41805_rho5p20637em10/fac-opacity-cowan-state/starout.h5
3.418045799446049,7.481966305138837e-10,fac-opacity-cowan-state,T3p41805_rho7p48197em10,0.3375592800240639,800.9667212706703,2.4900227267765476,2.1525278001125274,ok,/home/elads/STAR/full_grid_solar_opacity/runs/T3p41805_rho7p48197em10/fac-opacity-cowan-state/starout.h5
3.418045799446049,1.0752168531898921e-09,fac-opacity-cowan-state,T3p41805_rho1p07522em09,0.3366582590354102,850.4127846048001,2.893136604683869,2.5565598288787195,ok,/home/elads/STAR/full_grid_solar_opacity/runs/T3p41805_rho1p07522em09/fac-opacity-cowan-state/starout.h5
3.418045799446049,1.5451703926941453e-09,fac-opacity-cowan-state,T3p41805_rho1p54517em09,0.33546914228051156,903.9834806753432,3.5014441643035363,3.1660999691325458,ok,/home/elads/STAR/full_grid_solar_opacity/runs/T3p41805_rho1p54517em09/fac-opacity-cowan-state/starout.h5
3.418045799446049,2.220530245015531e-09,fac-opacity-cowan-state,T3p41805_rho2p22053em09,0.33393117734067984,959.3974384377843,3.619988265446189,3.2861529940405805,ok,/home/elads/STAR/full_grid_solar_opacity/runs/T3p41805_rho2p22053em09/fac-opacity-cowan-state/starout.h5
3.418045799446049,3.1910749729235452e-09,fac-opacity-cowan-state,T3p41805_rho3p19107em09,0.332013731221306,1031.3027490269485,4.605403990410568,4.273566324842132,ok,/home/elads/STAR/full_grid_solar_opacity/runs/T3p41805_rho3p19107em09/fac-opacity-cowan-state/starout.h5
3.418045799446049,4.585823366142813e-09,fac-opacity-cowan-state,T3p41805_rho4p58582em09,0.3297139821466033,1113.6668991984188,6.544086578380769,6.214711340398981,ok,/home/elads/STAR/full_grid_solar_opacity/runs/T3p41805_rho4p58582em09/fac-opacity-cowan-state/starout.h5
3.418045799446049,6.590185477903269e-09,fac-opacity-cowan-state,T3p41805_rho6p59019em09,0.32707622351596044,1211.1676822406803,9.08302415998977,8.756528425386078,ok,/home/elads/STAR/full_grid_solar_opacity/runs/T3p41805_rho6p59019em09/fac-opacity-cowan-state/starout.h5
3.418045799446049,9.470610000772238e-09,fac-opacity-cowan-state,T3p41805_rho9p47061em09,0.3241822046960331,1306.3648912641272,10.75198157066662,10.428394508954204,ok,/home/elads/STAR/full_grid_solar_opacity/runs/T3p41805_rho9p47061em09/fac-opacity-cowan-state/starout.h5
3.418045799446049,1.3610004466105506e-08,fac-opacity-cowan-state,T3p41805_rho1p361em08,0.32114155979064624,1402.2358070946734,15.024491743547612,14.704386397364214,ok,/home/elads/STAR/full_grid_solar_opacity/runs/T3p41805_rho1p361em08/fac-opacity-cowan-state/starout.h5
3.418045799446049,1.9558636830395073e-08,fac-opacity-cowan-state,T3p41805_rho1p95586em08,0.31801100550839484,1495.262934520673,23.068043427827845,22.750995782349168,ok,/home/elads/STAR/full_grid_solar_opacity/runs/T3p41805_rho1p95586em08/fac-opacity-cowan-state/starout.h5
3.418045799446049,2.810728502080722e-08,fac-opacity-cowan-state,T3p41805_rho2p81073em08,0.3149159828182075,1585.33528461517,28.516926994715732,28.203476961073775,ok,/home/elads/STAR/full_grid_solar_opacity/runs/T3p41805_rho2p81073em08/fac-opacity-cowan-state/starout.h5
3.418045799446049,4.039235853150913e-08,fac-opacity-cowan-state,T3p41805_rho4p03924em08,0.31179236361441104,1670.7837566499838,34.65297102663408,34.343059321096554,ok,/home/elads/STAR/full_grid_solar_opacity/runs/T3p41805_rho4p03924em08/fac-opacity-cowan-state/starout.h5
3.418045799446049,5.804696634805446e-08,fac-opacity-cowan-state,T3p41805_rho5p8047em08,0.3085570682801119,1757.787675807574,43.69911683627148,43.393208940093615,ok,/home/elads/STAR/full_grid_solar_opacity/runs/T3p41805_rho5p8047em08/fac-opacity-cowan-state/starout.h5
3.418045799446049,8.341801332506338e-08,fac-opacity-cowan-state,T3p41805_rho8p3418em08,0.30506113670722174,1848.0549180133187,58.590217307512376,58.28849766466339,ok,/home/elads/STAR/full_grid_solar_opacity/runs/T3p41805_rho8p3418em08/fac-opacity-cowan-state/starout.h5
3.418045799446049,1.1987818459583772e-07,fac-opacity-cowan-state,T3p41805_rho1p19878em07,0.3011094053483961,1951.6657555696647,76.55767660772838,76.26140715482624,ok,/home/elads/STAR/full_grid_solar_opacity/runs/T3p41805_rho1p19878em07/fac-opacity-cowan-state/starout.h5
3.418045799446049,1.7227429147699408e-07,fac-opacity-cowan-state,T3p41805_rho1p72274em07,0.2964995026705736,2069.8245061304465,92.09903210853892,91.8094248638815,ok,/home/elads/STAR/full_grid_solar_opacity/runs/T3p41805_rho1p72274em07/fac-opacity-cowan-state/starout.h5
3.418045799446049,2.4757157946593376e-07,fac-opacity-cowan-state,T3p41805_rho2p47572em07,0.29103620055945495,2220.6767291793894,119.76849742684378,119.48519904058763,ok,/home/elads/STAR/full_grid_solar_opacity/runs/T3p41805_rho2p47572em07/fac-opacity-cowan-state/starout.h5
3.418045799446049,3.557796490339488e-07,fac-opacity-cowan-state,T3p41805_rho3p5578em07,0.2845545318746737,2414.3593523007407,156.40390450208798,156.12854424225299,ok,/home/elads/STAR/full_grid_solar_opacity/runs/T3p41805_rho3p5578em07/fac-opacity-cowan-state/starout.h5
3.418045799446049,5.112830759482948e-07,fac-opacity-cowan-state,T3p41805_rho5p11283em07,0.2769455160829541,2663.39200123595,223.9605946631231,223.6951067878448,ok,/home/elads/STAR/full_grid_solar_opacity/runs/T3p41805_rho5p11283em07/fac-opacity-cowan-state/starout.h5
3.418045799446049,7.347536163492159e-07,fac-opacity-cowan-state,T3p41805_rho7p34754em07,0.26819144320084864,3013.5396759377704,296.0747884730269,295.8193197958421,ok,/home/elads/STAR/full_grid_solar_opacity/runs/T3p41805_rho7p34754em07/fac-opacity-cowan-state/starout.h5
3.418045799446049,1.0558981944335787e-06,fac-opacity-cowan-state,T3p41805_rho1p0559em06,0.2583796679539397,3495.391497408574,416.209687058684,415.96428483384545,ok,/home/elads/STAR/full_grid_solar_opacity/runs/T3p41805_rho1p0559em06/fac-opacity-cowan-state/starout.h5
3.418045799446049,1.517407974863493e-06,fac-opacity-cowan-state,T3p41805_rho1p51741em06,0.2476970613809191,4157.9125828434135,608.6791611348456,608.4468489652231,ok,/home/elads/STAR/full_grid_solar_opacity/runs/T3p41805_rho1p51741em06/fac-opacity-cowan-state/starout.h5
3.418045799446049,2.1806334875063253e-06,fac-opacity-cowan-state,T3p41805_rho2p18063em06,0.2364291914453565,5087.5152417069985,839.3914180057354,839.1688738174815,ok,/home/elads/STAR/full_grid_solar_opacity/runs/T3p41805_rho2p18063em06/fac-opacity-cowan-state/starout.h5
3.418045799446049,3.1337402238588983e-06,fac-opacity-cowan-state,T3p41805_rho3p13374em06,0.224917309625718,6308.00168317688,1094.5513184188296,1094.3392638508633,ok,/home/elads/STAR/full_grid_solar_opacity/runs/T3p41805_rho3p13374em06/fac-opacity-cowan-state/starout.h5
3.418045799446049,4.503428864545845e-06,fac-opacity-cowan-state,T3p41805_rho4p50343em06,0.21352419967782707,8097.397434568205,1570.2729370996276,1570.0729043228368,ok,/home/elads/STAR/full_grid_solar_opacity/runs/T3p41805_rho4p50343em06/fac-opacity-cowan-state/starout.h5
3.418045799446049,6.471778159406801e-06,fac-opacity-cowan-state,T3p41805_rho6p47178em06,0.202548342985325,10544.89494363811,2115.2743516263495,2115.0845178640807,ok,/home/elads/STAR/full_grid_solar_opacity/runs/T3p41805_rho6p47178em06/fac-opacity-cowan-state/starout.h5
3.418045799446049,9.300449458481393e-06,fac-opacity-cowan-state,T3p41805_rho9p30045em06,0.1922116223988689,13871.026280437654,3042.1631064966978,3041.9827463150978,ok,/home/elads/STAR/full_grid_solar_opacity/runs/T3p41805_rho9p30045em06/fac-opacity-cowan-state/starout.h5
3.418045799446049,1.3365470508911143e-05,fac-opacity-cowan-state,T3p41805_rho1p33655em05,0.18264137483025492,18229.23859245458,4207.46073219242,4207.288308381218,ok,/home/elads/STAR/full_grid_solar_opacity/runs/T3p41805_rho1p33655em05/fac-opacity-cowan-state/starout.h5
3.418045799446049,1.920722248123928e-05,fac-opacity-cowan-state,T3p41805_rho1p92072em05,0.17384548787747034,23971.058378482056,6024.077963748386,6023.9124522812,ok,/home/elads/STAR/full_grid_solar_opacity/runs/T3p41805_rho1p92072em05/fac-opacity-cowan-state/starout.h5
3.418045799446049,2.760227522090268e-05,fac-opacity-cowan-state,T3p41805_rho2p76023em05,0.16579381194171197,31696.944114639817,9433.910701138351,9433.750845724719,ok,/home/elads/STAR/full_grid_solar_opacity/runs/T3p41805_rho2p76023em05/fac-opacity-cowan-state/starout.h5
3.418045799446049,3.966662010161191e-05,fac-opacity-cowan-state,T3p41805_rho3p96666em05,0.15839021818995674,40421.39728726414,12536.055180781308,12535.9013817547,ok,/home/elads/STAR/full_grid_solar_opacity/runs/T3p41805_rho3p96666em05/fac-opacity-cowan-state/starout.h5
3.418045799446049,5.7004023678963655e-05,fac-opacity-cowan-state,T3p41805_rho5p7004em05,0.1516323219545471,51203.155605164604,17154.38692336143,17154.238760177064,ok,/home/elads/STAR/full_grid_solar_opacity/runs/T3p41805_rho5p7004em05/fac-opacity-cowan-state/starout.h5
3.418045799446049,8.191922344953684e-05,fac-opacity-cowan-state,T3p41805_rho8p19192em05,0.14554671491222532,64200.58101055119,24002.25185533277,24002.10887390956,ok,/home/elads/STAR/full_grid_solar_opacity/runs/T3p41805_rho8p19192em05/fac-opacity-cowan-state/starout.h5
3.418045799446049,0.00011772430676769293,fac-opacity-cowan-state,T3p41805_rho0p000117724,0.14014321564406534,73299.64533692037,23670.132497401075,23669.994582423147,ok,/home/elads/STAR/full_grid_solar_opacity/runs/T3p41805_rho0p000117724/fac-opacity-cowan-state/starout.h5
3.418045799446049,0.00016917900122028344,fac-opacity-cowan-state,T3p41805_rho0p000169179,0.13545938780724792,85822.85251162764,28941.377226278782,28941.243331637706,ok,/home/elads/STAR/full_grid_solar_opacity/runs/T3p41805_rho0p000169179/fac-opacity-cowan-state/starout.h5
3.418045799446049,0.0002431234061999784,fac-opacity-cowan-state,T3p41805_rho0p000243123,0.13129943561572746,99137.17716022619,34616.58155299412,34616.451307168274,ok,/home/elads/STAR/full_grid_solar_opacity/runs/T3p41805_rho0p000243123/fac-opacity-cowan-state/starout.h5
3.418045799446049,0.0003493872774749123,fac-opacity-cowan-state,T3p41805_rho0p000349387,0.12746541057994848,113937.95367269474,41038.144333134995,41038.01755846759,ok,/home/elads/STAR/full_grid_solar_opacity/runs/T3p41805_rho0p000349387/fac-opacity-cowan-state/starout.h5
3.418045799446049,0.0005020967399614471,fac-opacity-cowan-state,T3p41805_rho0p000502097,0.12373903645410936,130490.20179666903,48757.9285460521,48757.805248904544,ok,/home/elads/STAR/full_grid_solar_opacity/runs/T3p41805_rho0p000502097/fac-opacity-cowan-state/starout.h5
3.418045799446049,0.0007215521357901021,fac-opacity-cowan-state,T3p41805_rho0p000721552,0.11980717870437059,149777.61596632222,57316.6889029947,57316.5693608407,ok,/home/elads/STAR/full_grid_solar_opacity/runs/T3p41805_rho0p000721552/fac-opacity-cowan-state/starout.h5
3.418045799446049,0.0010369266382873438,fac-opacity-cowan-state,T3p41805_rho0p00103693,0.11535534053517808,171332.08098564405,66620.1565211869,66620.04131428014,ok,/home/elads/STAR/full_grid_solar_opacity/runs/T3p41805_rho0p00103693/fac-opacity-cowan-state/starout.h5
3.418045799446049,0.0014901443705277455,fac-opacity-cowan-state,T3p41805_rho0p00149014,0.10998853880971372,195049.04383605317,76551.03039412924,76550.92047802126,ok,/home/elads/STAR/full_grid_solar_opacity/runs/T3p41805_rho0p00149014/fac-opacity-cowan-state/starout.h5
3.418045799446049,0.002141453563853953,fac-opacity-cowan-state,T3p41805_rho0p00214145,0.10314490799852566,219381.13285656506,85726.58107123237,85726.47795175631,ok,/home/elads/STAR/full_grid_solar_opacity/runs/T3p41805_rho0p00214145/fac-opacity-cowan-state/starout.h5
3.418045799446049,0.003077435620898055,fac-opacity-cowan-state,T3p41805_rho0p00307744,0.09448071936953371,240746.14368164452,94858.25044530729,94858.15596171119,ok,/home/elads/STAR/full_grid_solar_opacity/runs/T3p41805_rho0p00307744/fac-opacity-cowan-state/starout.h5
3.418045799446049,0.004422514763163053,fac-opacity-cowan-state,T3p41805_rho0p00442251,0.0839960994807915,254949.42278625772,101612.93500701986,101612.85099286726,ok,/home/elads/STAR/full_grid_solar_opacity/runs/T3p41805_rho0p00442251/fac-opacity-cowan-state/starout.h5
3.418045799446049,0.006355498291362301,fac-opacity-cowan-state,T3p41805_rho0p0063555,0.07169621969464926,259200.2774420196,105363.79446738199,105363.72274682569,ok,/home/elads/STAR/full_grid_solar_opacity/runs/T3p41805_rho0p0063555/fac-opacity-cowan-state/starout.h5
3.418045799446049,0.009133346228248624,fac-opacity-cowan-state,T3p41805_rho0p00913335,0.05885109348802008,250778.2114156165,104565.924735641,104565.86585883428,ok,/home/elads/STAR/full_grid_solar_opacity/runs/T3p41805_rho0p00913335/fac-opacity-cowan-state/starout.h5
3.418045799446049,0.01312533014735226,fac-opacity-cowan-state,T3p41805_rho0p0131253,0.04667006875465707,232782.22934089857,100140.85220076826,100140.80550661084,ok,/home/elads/STAR/full_grid_solar_opacity/runs/T3p41805_rho0p0131253/fac-opacity-cowan-state/starout.h5
3.418045799446049,0.018862122071335155,fac-opacity-cowan-state,T3p41805_rho0p0188621,0.03648731592385945,209711.65276656786,92285.54357676633,92285.50706885458,ok,/home/elads/STAR/full_grid_solar_opacity/runs/T3p41805_rho0p0188621/fac-opacity-cowan-state/starout.h5
3.418045799446049,0.02710633904364831,fac-opacity-cowan-state,T3p41805_rho0p0271063,0.028872941303661675,187608.2195376907,82732.37282636265,82732.34393645119,ok,/home/elads/STAR/full_grid_solar_opacity/runs/T3p41805_rho0p0271063/fac-opacity-cowan-state/starout.h5
3.418045799446049,0.038953921174427183,fac-opacity-cowan-state,T3p41805_rho0p0389539,0.023080691226080252,172552.6792539964,74104.24351660744,74104.22042126193,ok,/home/elads/STAR/full_grid_solar_opacity/runs/T3p41805_rho0p0389539/fac-opacity-cowan-state/starout.h5
3.418045799446049,0.0559798197912329,fac-opacity-cowan-state,T3p41805_rho0p0559798,0.025246821683044224,162972.03270152264,67263.75020073337,67263.72493835958,ok,/home/elads/STAR/full_grid_solar_opacity/runs/T3p41805_rho0p0559798/fac-opacity-cowan-state/starout.h5
3.418045799446049,0.08044736266284185,fac-opacity-cowan-state,T3p41805_rho0p0804474,0.025316812595380607,160568.36187049875,63538.10264698719,63538.07731322861,ok,/home/elads/STAR/full_grid_solar_opacity/runs/T3p41805_rho0p0804474/fac-opacity-cowan-state/starout.h5
3.418045799446049,0.11560912813835741,fac-opacity-cowan-state,T3p41805_rho0p115609,0.02287978015425243,161712.20987419275,60176.9535809381,60176.93068389442,ok,/home/elads/STAR/full_grid_solar_opacity/runs/T3p41805_rho0p115609/fac-opacity-cowan-state/starout.h5
3.418045799446049,0.1661393247274789,fac-opacity-cowan-state,T3p41805_rho0p166139,0.024961421912871967,159931.76313113575,53483.982350593455,53483.95737204215,ok,/home/elads/STAR/full_grid_solar_opacity/runs/T3p41805_rho0p166139/fac-opacity-cowan-state/starout.h5
3.418045799446049,0.23875515424585794,fac-opacity-cowan-state,T3p41805_rho0p238755,0.02471014271985493,159485.2400342496,48751.854029028,48751.829302148646,ok,/home/elads/STAR/full_grid_solar_opacity/runs/T3p41805_rho0p238755/fac-opacity-cowan-state/starout.h5
3.418045799446049,0.34310975906798746,fac-opacity-cowan-state,T3p41805_rho0p34311,0.023617797923063098,158441.498345751,45424.846763542,45424.82312947505,ok,/home/elads/STAR/full_grid_solar_opacity/runs/T3p41805_rho0p34311/fac-opacity-cowan-state/starout.h5
3.418045799446049,0.49307545690287347,fac-opacity-cowan-state,T3p41805_rho0p493075,0.02125625101615506,157214.0728267634,44661.50043089491,44661.479158500035,ok,/home/elads/STAR/full_grid_solar_opacity/runs/T3p41805_rho0p493075/fac-opacity-cowan-state/starout.h5
3.418045799446049,0.7085878491488851,fac-opacity-cowan-state,T3p41805_rho0p708588,0.018897551869665914,154817.36456345656,44315.96778365029,44315.94887009481,ok,/home/elads/STAR/full_grid_solar_opacity/runs/T3p41805_rho0p708588/fac-opacity-cowan-state/starout.h5
3.418045799446049,1.0182959482819007,fac-opacity-cowan-state,T3p41805_rho1p0183,0.01695625242904461,150846.9482830498,44250.83063870319,44250.813666545146,ok,/home/elads/STAR/full_grid_solar_opacity/runs/T3p41805_rho1p0183/fac-opacity-cowan-state/starout.h5
3.418045799446049,1.4633706173946401,fac-opacity-cowan-state,T3p41805_rho1p46337,0.015404004177921508,145274.94268592127,42643.1940295983,42643.178610320945,ok,/home/elads/STAR/full_grid_solar_opacity/runs/T3p41805_rho1p46337/fac-opacity-cowan-state/starout.h5
3.418045799446049,2.1029775945461404,fac-opacity-cowan-state,T3p41805_rho2p10298,0.01441554682464432,137812.2102849168,39147.13707374507,39147.122644174124,ok,/home/elads/STAR/full_grid_solar_opacity/runs/T3p41805_rho2p10298/fac-opacity-cowan-state/starout.h5
3.418045799446049,3.0221426551783854,fac-opacity-cowan-state,T3p41805_rho3p02214,0.01420276269381229,128124.12125236972,34310.2990346842,34310.28481956424,ok,/home/elads/STAR/full_grid_solar_opacity/runs/T3p41805_rho3p02214/fac-opacity-cowan-state/starout.h5
3.418045799446049,4.343054463316713,fac-opacity-cowan-state,T3p41805_rho4p34305,0.014770874999646239,116195.26275308177,28107.048160963255,28107.0333798183,ok,/home/elads/STAR/full_grid_solar_opacity/runs/T3p41805_rho4p34305/fac-opacity-cowan-state/starout.h5
3.418045799446049,6.241307649397467,fac-opacity-cowan-state,T3p41805_rho6p24131,0.01662183042320307,103063.1575950105,21653.183814801436,21653.16718481489,ok,/home/elads/STAR/full_grid_solar_opacity/runs/T3p41805_rho6p24131/fac-opacity-cowan-state/starout.h5
3.418045799446049,8.969245378672715,fac-opacity-cowan-state,T3p41805_rho8p96925,0.017208859382934857,94324.82632021041,16802.574653331736,16802.557437927164,ok,/home/elads/STAR/full_grid_solar_opacity/runs/T3p41805_rho8p96925/fac-opacity-cowan-state/starout.h5
3.418045799446049,12.889504440725364,fac-opacity-cowan-state,T3p41805_rho12p8895,0.013545325110108754,91987.9392444446,14905.897878018499,14905.884326942922,ok,/home/elads/STAR/full_grid_solar_opacity/runs/T3p41805_rho12p8895/fac-opacity-cowan-state/starout.h5
3.418045799446049,18.52322215674118,fac-opacity-cowan-state,T3p41805_rho18p5232,0.010597267334657172,89697.54180030437,13745.523160445993,13745.512557959044,ok,/home/elads/STAR/full_grid_solar_opacity/runs/T3p41805_rho18p5232/fac-opacity-cowan-state/starout.h5
3.418045799446049,26.61931346126126,fac-opacity-cowan-state,T3p41805_rho26p6193,0.008058730892004718,87908.99558334576,15462.726094276386,15462.718029885096,ok,/home/elads/STAR/full_grid_solar_opacity/runs/T3p41805_rho26p6193/fac-opacity-cowan-state/starout.h5
3.418045799446049,38.254027466328665,fac-opacity-cowan-state,T3p41805_rho38p254,0.005907400103020838,85718.45229227055,14964.393654626621,14964.387741841078,ok,/home/elads/STAR/full_grid_solar_opacity/runs/T3p41805_rho38p254/fac-opacity-cowan-state/starout.h5
3.418045799446049,54.97401800103719,fac-opacity-cowan-state,T3p41805_rho54p974,0.003742707844245953,82565.61497930014,12148.85193320251,12148.848186166018,ok,/home/elads/STAR/full_grid_solar_opacity/runs/T3p41805_rho54p974/fac-opacity-cowan-state/starout.h5
3.418045799446049,79.0019471240894,fac-opacity-cowan-state,T3p41805_rho79p0019,0.005973411417997598,77857.9505426336,15591.537269472581,15591.531290475814,ok,/home/elads/STAR/full_grid_solar_opacity/runs/T3p41805_rho79p0019/fac-opacity-cowan-state/starout.h5
3.418045799446049,113.53195339077567,fac-opacity-cowan-state,T3p41805_rho113p532,0.01714038565518944,64901.3232645509,13480.841253138418,13480.824107364737,ok,/home/elads/STAR/full_grid_solar_opacity/runs/T3p41805_rho113p532/fac-opacity-cowan-state/starout.h5
3.418045799446049,163.15426277379785,fac-opacity-cowan-state,T3p41805_rho163p154,0.04449058230008427,46072.9316955659,23931.056032489043,23931.011532293232,ok,/home/elads/STAR/full_grid_solar_opacity/runs/T3p41805_rho163p154/fac-opacity-cowan-state/starout.h5
3.418045799446049,234.46538763970608,fac-opacity-cowan-state,T3p41805_rho234p465,0.06312591702517009,33901.986316345196,20294.646094207077,20294.582959481195,ok,/home/elads/STAR/full_grid_solar_opacity/runs/T3p41805_rho234p465/fac-opacity-cowan-state/starout.h5
3.418045799446049,336.94503022121665,fac-opacity-cowan-state,T3p41805_rho336p945,0.06872467149573214,32811.23362513233,19189.768116569932,19189.699383238003,ok,/home/elads/STAR/full_grid_solar_opacity/runs/T3p41805_rho336p945/fac-opacity-cowan-state/starout.h5
3.418045799446049,484.21626123015125,fac-opacity-cowan-state,T3p41805_rho484p216,0.076217414203157,36083.97288281121,23808.91084555675,23808.834617867284,ok,/home/elads/STAR/full_grid_solar_opacity/runs/T3p41805_rho484p216/fac-opacity-cowan-state/starout.h5
3.418045799446049,695.8564947100452,fac-opacity-cowan-state,T3p41805_rho695p856,0.11698190722628032,30748.129857948585,19736.24068263737,19736.123690599863,ok,/home/elads/STAR/full_grid_solar_opacity/runs/T3p41805_rho695p856/fac-opacity-cowan-state/starout.h5
3.418045799446049,1000.0,fac-opacity-cowan-state,T3p41805_rho1000,0.13141453366860678,28521.45073343143,16500.387797393876,16500.256373090775,ok,/home/elads/STAR/full_grid_solar_opacity/runs/T3p41805_rho1000/fac-opacity-cowan-state/starout.h5
3.762861827854923,1e-17,fac-opacity-cowan-state,T3p76286_rho1em17,0.34032660975117013,247.6659138495224,0.6013024684664928,0.2609710734354925,ok,/home/elads/STAR/full_grid_solar_opacity/runs/T3p76286_rho1em17/fac-opacity-cowan-state/starout.h5
3.762861827854923,1.4370779141993746e-17,fac-opacity-cowan-state,T3p76286_rho1p43708em17,0.34032691738087306,247.66594744106055,0.6013022963872029,0.2609705942795022,ok,/home/elads/STAR/full_grid_solar_opacity/runs/T3p76286_rho1p43708em17/fac-opacity-cowan-state/starout.h5
3.762861827854923,2.065192931479625e-17,fac-opacity-cowan-state,T3p76286_rho2p06519em17,0.34032289809443655,247.79802567711133,0.5993481785086286,0.2590205640558968,ok,/home/elads/STAR/full_grid_solar_opacity/runs/T3p76286_rho2p06519em17/fac-opacity-cowan-state/starout.h5
3.762861827854923,2.9678431503900313e-17,fac-opacity-cowan-state,T3p76286_rho2p96784em17,0.34032280342876653,247.80039684746967,0.5992945859291774,0.2589670675139401,ok,/home/elads/STAR/full_grid_solar_opacity/runs/T3p76286_rho2p96784em17/fac-opacity-cowan-state/starout.h5
3.762861827854923,4.2650218442334076e-17,fac-opacity-cowan-state,T3p76286_rho4p26502em17,0.3403223795089843,247.80408983668758,0.599209241774143,0.2588821491600503,ok,/home/elads/STAR/full_grid_solar_opacity/runs/T3p76286_rho4p26502em17/fac-opacity-cowan-state/starout.h5
3.762861827854923,6.129168695925715e-17,fac-opacity-cowan-state,T3p76286_rho6p12917em17,0.3403226148223967,247.80624101990918,0.5991609111524796,0.2588335849375812,ok,/home/elads/STAR/full_grid_solar_opacity/runs/T3p76286_rho6p12917em17/fac-opacity-cowan-state/starout.h5
3.762861827854923,8.808092965317026e-17,fac-opacity-cowan-state,T3p76286_rho8p80809em17,0.3403226299074186,247.81027972215387,0.5990606466809617,0.2587333081581739,ok,/home/elads/STAR/full_grid_solar_opacity/runs/T3p76286_rho8p80809em17/fac-opacity-cowan-state/starout.h5
3.762861827854923,1.2657915866672028e-16,fac-opacity-cowan-state,T3p76286_rho1p26579em16,0.34032209185983275,247.81575119476344,0.5989540807253103,0.258627281793378,ok,/home/elads/STAR/full_grid_solar_opacity/runs/T3p76286_rho1p26579em16/fac-opacity-cowan-state/starout.h5
3.762861827854923,1.819041133178821e-16,fac-opacity-cowan-state,T3p76286_rho1p81904em16,0.3403218477987,247.82104219128647,0.600641982625932,0.2603154650823543,ok,/home/elads/STAR/full_grid_solar_opacity/runs/T3p76286_rho1p81904em16/fac-opacity-cowan-state/starout.h5
3.762861827854923,2.6141038375114865e-16,fac-opacity-cowan-state,T3p76286_rho2p6141em16,0.34032211973036136,250.80566812468425,0.6031658505443379,0.26283891392773673,ok,/home/elads/STAR/full_grid_solar_opacity/runs/T3p76286_rho2p6141em16/fac-opacity-cowan-state/starout.h5
3.762861827854923,3.7566708903116036e-16,fac-opacity-cowan-state,T3p76286_rho3p75667em16,0.3403097204849972,254.61943414819396,0.5784550083133624,0.23814065715169924,ok,/home/elads/STAR/full_grid_solar_opacity/runs/T3p76286_rho3p75667em16/fac-opacity-cowan-state/starout.h5
3.762861827854923,5.398628767382507e-16,fac-opacity-cowan-state,T3p76286_rho5p39863em16,0.3403030412258251,259.0877960512768,0.5757423785229037,0.23543451897007206,ok,/home/elads/STAR/full_grid_solar_opacity/runs/T3p76286_rho5p39863em16/fac-opacity-cowan-state/starout.h5
3.762861827854923,7.758250168566793e-16,fac-opacity-cowan-state,T3p76286_rho7p75825em16,0.34029691309819876,258.9281000822317,0.5718170691410212,0.231515700361414,ok,/home/elads/STAR/full_grid_solar_opacity/runs/T3p76286_rho7p75825em16/fac-opacity-cowan-state/starout.h5
3.762861827854923,1.1149209970080914e-15,fac-opacity-cowan-state,T3p76286_rho1p11492em15,0.3402934465373069,264.80412748680243,0.5925319571304057,0.2522338398291064,ok,/home/elads/STAR/full_grid_solar_opacity/runs/T3p76286_rho1p11492em15/fac-opacity-cowan-state/starout.h5
3.762861827854923,1.6022283408774753e-15,fac-opacity-cowan-state,T3p76286_rho1p60223em15,0.34028075428376287,265.7333222711089,0.5953039323472875,0.2550182147291781,ok,/home/elads/STAR/full_grid_solar_opacity/runs/T3p76286_rho1p60223em15/fac-opacity-cowan-state/starout.h5
3.762861827854923,2.3025269621793266e-15,fac-opacity-cowan-state,T3p76286_rho2p30253em15,0.34027044365047304,273.5409227171495,0.5969300870573996,0.25665438442091765,ok,/home/elads/STAR/full_grid_solar_opacity/runs/T3p76286_rho2p30253em15/fac-opacity-cowan-state/starout.h5
3.762861827854923,3.308910644196489e-15,fac-opacity-cowan-state,T3p76286_rho3p30891em15,0.34026054930295907,279.4549842809788,0.5892504972662378,0.24898485972529208,ok,/home/elads/STAR/full_grid_solar_opacity/runs/T3p76286_rho3p30891em15/fac-opacity-cowan-state/starout.h5
3.762861827854923,4.755162406834019e-15,fac-opacity-cowan-state,T3p76286_rho4p75516em15,0.34025210333843436,284.6141760008531,0.5856960550143222,0.24543905466904486,ok,/home/elads/STAR/full_grid_solar_opacity/runs/T3p76286_rho4p75516em15/fac-opacity-cowan-state/starout.h5
3.762861827854923,6.8335388732923106e-15,fac-opacity-cowan-state,T3p76286_rho6p83354em15,0.3402446918562862,293.9263501648731,0.6038310309438589,0.2635814449215292,ok,/home/elads/STAR/full_grid_solar_opacity/runs/T3p76286_rho6p83354em15/fac-opacity-cowan-state/starout.h5
3.762861827854923,9.820327790631256e-15,fac-opacity-cowan-state,T3p76286_rho9p82033em15,0.3402329924389338,307.5980249189231,0.6188881224198415,0.2786502835232873,ok,/home/elads/STAR/full_grid_solar_opacity/runs/T3p76286_rho9p82033em15/fac-opacity-cowan-state/starout.h5
3.762861827854923,1.4112576178114521e-14,fac-opacity-cowan-state,T3p76286_rho1p41126em14,0.3402215420036161,321.083788761301,0.6394657394858974,0.2992387615128011,ok,/home/elads/STAR/full_grid_solar_opacity/runs/T3p76286_rho1p41126em14/fac-opacity-cowan-state/starout.h5
3.762861827854923,2.0280871538024598e-14,fac-opacity-cowan-state,T3p76286_rho2p02809em14,0.34021139090520186,335.907064021316,0.6499321073129384,0.3097154848664184,ok,/home/elads/STAR/full_grid_solar_opacity/runs/T3p76286_rho2p02809em14/fac-opacity-cowan-state/starout.h5
3.762861827854923,2.914519256800997e-14,fac-opacity-cowan-state,T3p76286_rho2p91452em14,0.3402069889875154,348.84453272999576,0.6421465599646385,0.3019340647768253,ok,/home/elads/STAR/full_grid_solar_opacity/runs/T3p76286_rho2p91452em14/fac-opacity-cowan-state/starout.h5
3.762861827854923,4.188391254457488e-14,fac-opacity-cowan-state,T3p76286_rho4p18839em14,0.3401966238141689,366.70853407334994,0.6577684036396578,0.3175654746724879,ok,/home/elads/STAR/full_grid_solar_opacity/runs/T3p76286_rho4p18839em14/fac-opacity-cowan-state/starout.h5
3.762861827854923,6.019044567806669e-14,fac-opacity-cowan-state,T3p76286_rho6p01904em14,0.3401872081579258,384.79414223027493,0.6866391457913892,0.3464454436009418,ok,/home/elads/STAR/full_grid_solar_opacity/runs/T3p76286_rho6p01904em14/fac-opacity-cowan-state/starout.h5
3.762861827854923,8.649836012976684e-14,fac-opacity-cowan-state,T3p76286_rho8p64984em14,0.3401774983294118,400.18579369175194,0.7248694222403077,0.38468555748836664,ok,/home/elads/STAR/full_grid_solar_opacity/runs/T3p76286_rho8p64984em14/fac-opacity-cowan-state/starout.h5
3.762861827854923,1.2430488295695167e-13,fac-opacity-cowan-state,T3p76286_rho1p24305em13,0.3401694814321228,414.9726173966799,0.706108325257168,0.3659330556942883,ok,/home/elads/STAR/full_grid_solar_opacity/runs/T3p76286_rho1p24305em13/fac-opacity-cowan-state/starout.h5
3.762861827854923,1.7863580192457348e-13,fac-opacity-cowan-state,T3p76286_rho1p78636em13,0.34015979987873446,428.98770231531387,0.7413198192274811,0.40115381613046475,ok,/home/elads/STAR/full_grid_solar_opacity/runs/T3p76286_rho1p78636em13/fac-opacity-cowan-state/starout.h5
3.762861827854923,2.567135656310987e-13,fac-opacity-cowan-state,T3p76286_rho2p56714em13,0.3401483331514472,442.06303495584467,0.769318429309748,0.42916236353426734,ok,/home/elads/STAR/full_grid_solar_opacity/runs/T3p76286_rho2p56714em13/fac-opacity-cowan-state/starout.h5
3.762861827854923,3.6891739544382357e-13,fac-opacity-cowan-state,T3p76286_rho3p68917em13,0.340139904995334,452.6110864095441,0.7709147709190947,0.43076745419823004,ok,/home/elads/STAR/full_grid_solar_opacity/runs/T3p76286_rho3p68917em13/fac-opacity-cowan-state/starout.h5
3.762861827854923,5.301630411562758e-13,fac-opacity-cowan-state,T3p76286_rho5p30163em13,0.34012931417170106,463.8504520707452,0.71866350297378,0.37852776875020544,ok,/home/elads/STAR/full_grid_solar_opacity/runs/T3p76286_rho5p30163em13/fac-opacity-cowan-state/starout.h5
3.762861827854923,7.618855973704612e-13,fac-opacity-cowan-state,T3p76286_rho7p61886em13,0.340119160563536,473.34404729283125,0.701681550691991,0.3615563635473569,ok,/home/elads/STAR/full_grid_solar_opacity/runs/T3p76286_rho7p61886em13/fac-opacity-cowan-state/starout.h5
3.762861827854923,1.0948889651276868e-12,fac-opacity-cowan-state,T3p76286_rho1p09489em12,0.34010887003773227,481.2124671635896,0.7424591174956678,0.4023442937647959,ok,/home/elads/STAR/full_grid_solar_opacity/runs/T3p76286_rho1p09489em12/fac-opacity-cowan-state/starout.h5
3.762861827854923,1.5734407502856082e-12,fac-opacity-cowan-state,T3p76286_rho1p57344em12,0.3400985276996011,489.7422362550965,0.7905735400476663,0.4504684068751585,ok,/home/elads/STAR/full_grid_solar_opacity/runs/T3p76286_rho1p57344em12/fac-opacity-cowan-state/starout.h5
3.762861827854923,2.26115695153675e-12,fac-opacity-cowan-state,T3p76286_rho2p26116em12,0.34008940262594267,496.9395646783944,0.8529462261206026,0.5128493129640298,ok,/home/elads/STAR/full_grid_solar_opacity/runs/T3p76286_rho2p26116em12/fac-opacity-cowan-state/starout.h5
3.762861827854923,3.249458715591849e-12,fac-opacity-cowan-state,T3p76286_rho3p24946em12,0.34007777305281967,503.6599967193844,0.8694120276081537,0.5293266864738116,ok,/home/elads/STAR/full_grid_solar_opacity/runs/T3p76286_rho3p24946em12/fac-opacity-cowan-state/starout.h5
3.762861827854923,4.669725353279713e-12,fac-opacity-cowan-state,T3p76286_rho4p66973em12,0.3400667437190784,510.37193857586374,0.869819901952918,0.5297460744113671,ok,/home/elads/STAR/full_grid_solar_opacity/runs/T3p76286_rho4p66973em12/fac-opacity-cowan-state/starout.h5
3.762861827854923,6.710759170575148e-12,fac-opacity-cowan-state,T3p76286_rho6p71076em12,0.34005435944521023,516.7615775827809,0.8494961531967694,0.5094349041043024,ok,/home/elads/STAR/full_grid_solar_opacity/runs/T3p76286_rho6p71076em12/fac-opacity-cowan-state/starout.h5
3.762861827854923,9.64388379154446e-12,fac-opacity-cowan-state,T3p76286_rho9p64388em12,0.34004184393831766,522.9872709847398,0.8855507864775072,0.5455024710353998,ok,/home/elads/STAR/full_grid_solar_opacity/runs/T3p76286_rho9p64388em12/fac-opacity-cowan-state/starout.h5
3.762861827854923,1.3859012403933867e-11,fac-opacity-cowan-state,T3p76286_rho1p3859em11,0.3400274959907513,529.0046491063856,0.9239756934329836,0.5839419226522944,ok,/home/elads/STAR/full_grid_solar_opacity/runs/T3p76286_rho1p3859em11/fac-opacity-cowan-state/starout.h5
3.762861827854923,1.9916480638308542e-11,fac-opacity-cowan-state,T3p76286_rho1p99165em11,0.3400111439570188,534.7419169932128,0.9658080620166545,0.6257911998098004,ok,/home/elads/STAR/full_grid_solar_opacity/runs/T3p76286_rho1p99165em11/fac-opacity-cowan-state/starout.h5
3.762861827854923,2.8621534453892672e-11,fac-opacity-cowan-state,T3p76286_rho2p86215em11,0.33999269406349797,540.2608151084937,1.020321671485266,0.6803231477128601,ok,/home/elads/STAR/full_grid_solar_opacity/runs/T3p76286_rho2p86215em11/fac-opacity-cowan-state/starout.h5
3.762861827854923,4.1131375034185614e-11,fac-opacity-cowan-state,T3p76286_rho4p11314em11,0.33997305320629556,545.6505942111644,1.0496885963340343,0.7097108306893902,ok,/home/elads/STAR/full_grid_solar_opacity/runs/T3p76286_rho4p11314em11/fac-opacity-cowan-state/starout.h5
3.762861827854923,5.910899064227969e-11,fac-opacity-cowan-state,T3p76286_rho5p9109em11,0.3399508660632983,551.4119156591822,1.1515380502764017,0.8115845976183662,ok,/home/elads/STAR/full_grid_solar_opacity/runs/T3p76286_rho5p9109em11/fac-opacity-cowan-state/starout.h5
3.762861827854923,8.4944224982638e-11,fac-opacity-cowan-state,T3p76286_rho8p49442em11,0.3399152866736987,557.8556164313691,1.1807484043056398,0.8408324042031396,ok,/home/elads/STAR/full_grid_solar_opacity/runs/T3p76286_rho8p49442em11/fac-opacity-cowan-state/starout.h5
3.762861827854923,1.2207146966133182e-10,fac-opacity-cowan-state,T3p76286_rho1p22071em10,0.3398780481384949,566.1948563470612,1.300244143797199,0.9603685299361812,ok,/home/elads/STAR/full_grid_solar_opacity/runs/T3p76286_rho1p22071em10/fac-opacity-cowan-state/starout.h5
3.762861827854923,1.7542621300415897e-10,fac-opacity-cowan-state,T3p76286_rho1p75426em10,0.339826013326998,577.3635494153352,1.2794861624480633,0.9396649498655882,ok,/home/elads/STAR/full_grid_solar_opacity/runs/T3p76286_rho1p75426em10/fac-opacity-cowan-state/starout.h5
3.762861827854923,2.52101136279913e-10,fac-opacity-cowan-state,T3p76286_rho2p52101em10,0.33975161824743894,590.2241426653386,1.4085937925464047,1.0688516484359996,ok,/home/elads/STAR/full_grid_solar_opacity/runs/T3p76286_rho2p52101em10/fac-opacity-cowan-state/starout.h5
3.762861827854923,3.6228897509242966e-10,fac-opacity-cowan-state,T3p76286_rho3p62289em10,0.33965399152672054,607.3468454335565,1.4917739690023144,1.1521347673819833,ok,/home/elads/STAR/full_grid_solar_opacity/runs/T3p76286_rho3p62289em10/fac-opacity-cowan-state/starout.h5
3.762861827854923,5.20637484663258e-10,fac-opacity-cowan-state,T3p76286_rho5p20637em10,0.33951971114668755,628.9965244677786,1.839383006403732,1.4998881266176955,ok,/home/elads/STAR/full_grid_solar_opacity/runs/T3p76286_rho5p20637em10/fac-opacity-cowan-state/starout.h5
3.762861827854923,7.481966305138837e-10,fac-opacity-cowan-state,T3p76286_rho7p48197em10,0.3393385132268204,656.1812991323836,2.018518205376696,1.679216403289004,ok,/home/elads/STAR/full_grid_solar_opacity/runs/T3p76286_rho7p48197em10/fac-opacity-cowan-state/starout.h5
3.762861827854923,1.0752168531898921e-09,fac-opacity-cowan-state,T3p76286_rho1p07522em09,0.33908595963162663,687.0263823223622,2.2965684602114744,1.9575319880860391,ok,/home/elads/STAR/full_grid_solar_opacity/runs/T3p76286_rho1p07522em09/fac-opacity-cowan-state/starout.h5
3.762861827854923,1.5451703926941453e-09,fac-opacity-cowan-state,T3p76286_rho1p54517em09,0.33873439298389957,728.8749166400181,2.6510327542386847,2.3123635606096737,ok,/home/elads/STAR/full_grid_solar_opacity/runs/T3p76286_rho1p54517em09/fac-opacity-cowan-state/starout.h5
3.762861827854923,2.220530245015531e-09,fac-opacity-cowan-state,T3p76286_rho2p22053em09,0.3382407636908743,775.5629140168072,2.939212542987226,2.601035892269459,ok,/home/elads/STAR/full_grid_solar_opacity/runs/T3p76286_rho2p22053em09/fac-opacity-cowan-state/starout.h5
3.762861827854923,3.1910749729235452e-09,fac-opacity-cowan-state,T3p76286_rho3p19107em09,0.33756878771249166,835.187029778778,4.018977640689284,3.6815141079186966,ok,/home/elads/STAR/full_grid_solar_opacity/runs/T3p76286_rho3p19107em09/fac-opacity-cowan-state/starout.h5
3.762861827854923,4.585823366142813e-09,fac-opacity-cowan-state,T3p76286_rho4p58582em09,0.3366502322089912,906.5365217421621,5.25118226499859,4.914693086849885,ok,/home/elads/STAR/full_grid_solar_opacity/runs/T3p76286_rho4p58582em09/fac-opacity-cowan-state/starout.h5
3.762861827854923,6.590185477903269e-09,fac-opacity-cowan-state,T3p76286_rho6p59019em09,0.3354219364366977,997.7816788164249,6.500952401336962,6.165770930990378,ok,/home/elads/STAR/full_grid_solar_opacity/runs/T3p76286_rho6p59019em09/fac-opacity-cowan-state/starout.h5
3.762861827854923,9.470610000772238e-09,fac-opacity-cowan-state,T3p76286_rho9p47061em09,0.3338027664073135,1108.0445638695187,9.0723412285098,8.738946885563456,ok,/home/elads/STAR/full_grid_solar_opacity/runs/T3p76286_rho9p47061em09/fac-opacity-cowan-state/starout.h5
3.762861827854923,1.3610004466105506e-08,fac-opacity-cowan-state,T3p76286_rho1p361em08,0.33173067501772774,1241.381073838532,10.943627379342457,10.612336287650825,ok,/home/elads/STAR/full_grid_solar_opacity/runs/T3p76286_rho1p361em08/fac-opacity-cowan-state/starout.h5
3.762861827854923,1.9558636830395073e-08,fac-opacity-cowan-state,T3p76286_rho1p95586em08,0.3291612400783246,1398.5498468860576,15.454188251766267,15.125850891845605,ok,/home/elads/STAR/full_grid_solar_opacity/runs/T3p76286_rho1p95586em08/fac-opacity-cowan-state/starout.h5
3.762861827854923,2.810728502080722e-08,fac-opacity-cowan-state,T3p76286_rho2p81073em08,0.32608227884053254,1577.4228460245718,20.49407081654399,20.16915387921666,ok,/home/elads/STAR/full_grid_solar_opacity/runs/T3p76286_rho2p81073em08/fac-opacity-cowan-state/starout.h5
3.762861827854923,4.039235853150913e-08,fac-opacity-cowan-state,T3p76286_rho4p03924em08,0.32252301446298537,1772.2667237466999,28.001022563993768,27.680121785599294,ok,/home/elads/STAR/full_grid_solar_opacity/runs/T3p76286_rho4p03924em08/fac-opacity-cowan-state/starout.h5
3.762861827854923,5.804696634805446e-08,fac-opacity-cowan-state,T3p76286_rho5p8047em08,0.3185355769283241,1974.9527137298137,33.2805279797002,32.963681464573746,ok,/home/elads/STAR/full_grid_solar_opacity/runs/T3p76286_rho5p8047em08/fac-opacity-cowan-state/starout.h5
3.762861827854923,8.341801332506338e-08,fac-opacity-cowan-state,T3p76286_rho8p3418em08,0.3141645373031253,2177.034151224308,44.564324888065904,44.25281505962533,ok,/home/elads/STAR/full_grid_solar_opacity/runs/T3p76286_rho8p3418em08/fac-opacity-cowan-state/starout.h5
3.762861827854923,1.1987818459583772e-07,fac-opacity-cowan-state,T3p76286_rho1p19878em07,0.3093871599695542,2368.1873684418747,62.95332051641735,62.647184581863684,ok,/home/elads/STAR/full_grid_solar_opacity/runs/T3p76286_rho1p19878em07/fac-opacity-cowan-state/starout.h5
3.762861827854923,1.7227429147699408e-07,fac-opacity-cowan-state,T3p76286_rho1p72274em07,0.304204687276688,2552.8790932466213,75.64250510510406,75.34286182140593,ok,/home/elads/STAR/full_grid_solar_opacity/runs/T3p76286_rho1p72274em07/fac-opacity-cowan-state/starout.h5
3.762861827854923,2.4757157946593376e-07,fac-opacity-cowan-state,T3p76286_rho2p47572em07,0.29847052194214724,2731.059945969568,99.03518189378327,98.74257872428426,ok,/home/elads/STAR/full_grid_solar_opacity/runs/T3p76286_rho2p47572em07/fac-opacity-cowan-state/starout.h5
3.762861827854923,3.557796490339488e-07,fac-opacity-cowan-state,T3p76286_rho3p5578em07,0.29202945576792905,2911.8867756811283,130.14951089510723,129.86392481882933,ok,/home/elads/STAR/full_grid_solar_opacity/runs/T3p76286_rho3p5578em07/fac-opacity-cowan-state/starout.h5
3.762861827854923,5.112830759482948e-07,fac-opacity-cowan-state,T3p76286_rho5p11283em07,0.2847252937864875,3107.255259839168,181.173545996114,180.89732088627247,ok,/home/elads/STAR/full_grid_solar_opacity/runs/T3p76286_rho5p11283em07/fac-opacity-cowan-state/starout.h5
3.762861827854923,7.347536163492159e-07,fac-opacity-cowan-state,T3p76286_rho7p34754em07,0.2764544244914692,3333.1839702566667,237.56745131058818,237.29966042281447,ok,/home/elads/STAR/full_grid_solar_opacity/runs/T3p76286_rho7p34754em07/fac-opacity-cowan-state/starout.h5
3.762861827854923,1.0558981944335787e-06,fac-opacity-cowan-state,T3p76286_rho1p0559em06,0.267182363785566,3606.0232304073284,291.79821770662164,291.5408751850751,ok,/home/elads/STAR/full_grid_solar_opacity/runs/T3p76286_rho1p0559em06/fac-opacity-cowan-state/starout.h5
3.762861827854923,1.517407974863493e-06,fac-opacity-cowan-state,T3p76286_rho1p51741em06,0.2569894240450624,3955.3192426034198,402.2950310059667,402.04813133503717,ok,/home/elads/STAR/full_grid_solar_opacity/runs/T3p76286_rho1p51741em06/fac-opacity-cowan-state/starout.h5
3.762861827854923,2.1806334875063253e-06,fac-opacity-cowan-state,T3p76286_rho2p18063em06,0.24607334051890803,4431.128948900282,563.9991937896975,563.7646372912458,ok,/home/elads/STAR/full_grid_solar_opacity/runs/T3p76286_rho2p18063em06/fac-opacity-cowan-state/starout.h5
3.762861827854923,3.1337402238588983e-06,fac-opacity-cowan-state,T3p76286_rho3p13374em06,0.23471775175331153,5079.935605760182,725.5042197328637,725.2809283373754,ok,/home/elads/STAR/full_grid_solar_opacity/runs/T3p76286_rho3p13374em06/fac-opacity-cowan-state/starout.h5
3.762861827854923,4.503428864545845e-06,fac-opacity-cowan-state,T3p76286_rho4p50343em06,0.22326583967965188,5975.776903966762,1038.8373629615141,1038.6255204723118,ok,/home/elads/STAR/full_grid_solar_opacity/runs/T3p76286_rho4p50343em06/fac-opacity-cowan-state/starout.h5
3.762861827854923,6.471778159406801e-06,fac-opacity-cowan-state,T3p76286_rho6p47178em06,0.21206078452855973,7218.136422951515,1478.078119750939,1477.8773899577525,ok,/home/elads/STAR/full_grid_solar_opacity/runs/T3p76286_rho6p47178em06/fac-opacity-cowan-state/starout.h5
3.762861827854923,9.300449458481393e-06,fac-opacity-cowan-state,T3p76286_rho9p30045em06,0.20139158866769744,8865.77182967096,1950.2935275446787,1950.1022223535847,ok,/home/elads/STAR/full_grid_solar_opacity/runs/T3p76286_rho9p30045em06/fac-opacity-cowan-state/starout.h5
3.762861827854923,1.3365470508911143e-05,fac-opacity-cowan-state,T3p76286_rho1p33655em05,0.1914757147984638,11239.442352505695,2764.6243127972257,2764.4423955449365,ok,/home/elads/STAR/full_grid_solar_opacity/runs/T3p76286_rho1p33655em05/fac-opacity-cowan-state/starout.h5
3.762861827854923,1.920722248123928e-05,fac-opacity-cowan-state,T3p76286_rho1p92072em05,0.18240568284208925,14426.780019334747,3660.8275423490577,3660.653406568754,ok,/home/elads/STAR/full_grid_solar_opacity/runs/T3p76286_rho1p92072em05/fac-opacity-cowan-state/starout.h5
3.762861827854923,2.760227522090268e-05,fac-opacity-cowan-state,T3p76286_rho2p76023em05,0.17416912701698978,19050.446194530872,5804.05941099816,5803.891510188397,ok,/home/elads/STAR/full_grid_solar_opacity/runs/T3p76286_rho2p76023em05/fac-opacity-cowan-state/starout.h5
3.762861827854923,3.966662010161191e-05,fac-opacity-cowan-state,T3p76286_rho3p96666em05,0.16668441731575614,25148.539174309473,9147.510793305979,9147.349027768589,ok,/home/elads/STAR/full_grid_solar_opacity/runs/T3p76286_rho3p96666em05/fac-opacity-cowan-state/starout.h5
3.762861827854923,5.7004023678963655e-05,fac-opacity-cowan-state,T3p76286_rho5p7004em05,0.15987963123214968,32246.094331864988,11407.589257988915,11407.433276137774,ok,/home/elads/STAR/full_grid_solar_opacity/runs/T3p76286_rho5p7004em05/fac-opacity-cowan-state/starout.h5
3.762861827854923,8.191922344953684e-05,fac-opacity-cowan-state,T3p76286_rho8p19192em05,0.1537799252307607,41314.77722403175,15402.17597076803,15402.025116668747,ok,/home/elads/STAR/full_grid_solar_opacity/runs/T3p76286_rho8p19192em05/fac-opacity-cowan-state/starout.h5
3.762861827854923,0.00011772430676769293,fac-opacity-cowan-state,T3p76286_rho0p000117724,0.14836699329635125,52329.30315845001,20869.89911900601,20869.752883268797,ok,/home/elads/STAR/full_grid_solar_opacity/runs/T3p76286_rho0p000117724/fac-opacity-cowan-state/starout.h5
3.762861827854923,0.00016917900122028344,fac-opacity-cowan-state,T3p76286_rho0p000169179,0.14357536595952838,61334.296911062826,20929.596655175515,20929.455005718137,ok,/home/elads/STAR/full_grid_solar_opacity/runs/T3p76286_rho0p000169179/fac-opacity-cowan-state/starout.h5
3.762861827854923,0.0002431234061999784,fac-opacity-cowan-state,T3p76286_rho0p000243123,0.13944315603638488,73359.45698049369,25724.448419690598,25724.310302083322,ok,/home/elads/STAR/full_grid_solar_opacity/runs/T3p76286_rho0p000243123/fac-opacity-cowan-state/starout.h5
3.762861827854923,0.0003493872774749123,fac-opacity-cowan-state,T3p76286_rho0p000349387,0.13579175411644667,86751.11528319842,30694.223583652514,30694.088676136253,ok,/home/elads/STAR/full_grid_solar_opacity/runs/T3p76286_rho0p000349387/fac-opacity-cowan-state/starout.h5
3.762861827854923,0.0005020967399614471,fac-opacity-cowan-state,T3p76286_rho0p000502097,0.13243558727864094,101629.95576005627,35847.43959512601,35847.30774438028,ok,/home/elads/STAR/full_grid_solar_opacity/runs/T3p76286_rho0p000502097/fac-opacity-cowan-state/starout.h5
3.762861827854923,0.0007215521357901021,fac-opacity-cowan-state,T3p76286_rho0p000721552,0.12915661219969174,118618.17616546081,42018.66929688515,42018.54050682088,ok,/home/elads/STAR/full_grid_solar_opacity/runs/T3p76286_rho0p000721552/fac-opacity-cowan-state/starout.h5
3.762861827854923,0.0010369266382873438,fac-opacity-cowan-state,T3p76286_rho0p00103693,0.12563698424235914,138455.30357315036,49877.77344097312,49877.64801802489,ok,/home/elads/STAR/full_grid_solar_opacity/runs/T3p76286_rho0p00103693/fac-opacity-cowan-state/starout.h5
3.762861827854923,0.0014901443705277455,fac-opacity-cowan-state,T3p76286_rho0p00149014,0.12154837995412214,160716.87378948464,57924.47954304172,57924.35811003616,ok,/home/elads/STAR/full_grid_solar_opacity/runs/T3p76286_rho0p00149014/fac-opacity-cowan-state/starout.h5
3.762861827854923,0.002141453563853953,fac-opacity-cowan-state,T3p76286_rho0p00214145,0.11635935992334609,184774.98669017988,65734.43742692523,65734.32111932413,ok,/home/elads/STAR/full_grid_solar_opacity/runs/T3p76286_rho0p00214145/fac-opacity-cowan-state/starout.h5
3.762861827854923,0.003077435620898055,fac-opacity-cowan-state,T3p76286_rho0p00307744,0.10939976362014726,208811.32652948805,74381.33049386642,74381.22110708461,ok,/home/elads/STAR/full_grid_solar_opacity/runs/T3p76286_rho0p00307744/fac-opacity-cowan-state/starout.h5
3.762861827854923,0.004422514763163053,fac-opacity-cowan-state,T3p76286_rho0p00442251,0.10056148765622612,228590.10257202247,81116.12928984764,81116.02872130682,ok,/home/elads/STAR/full_grid_solar_opacity/runs/T3p76286_rho0p00442251/fac-opacity-cowan-state/starout.h5
3.762861827854923,0.006355498291362301,fac-opacity-cowan-state,T3p76286_rho0p0063555,0.0891499398474467,240006.4455677141,85678.73098665803,85678.64182051734,ok,/home/elads/STAR/full_grid_solar_opacity/runs/T3p76286_rho0p0063555/fac-opacity-cowan-state/starout.h5
3.762861827854923,0.009133346228248624,fac-opacity-cowan-state,T3p76286_rho0p00913335,0.07614268603535973,240187.26901982244,87904.34444516033,87904.26828338744,ok,/home/elads/STAR/full_grid_solar_opacity/runs/T3p76286_rho0p00913335/fac-opacity-cowan-state/starout.h5
3.762861827854923,0.01312533014735226,fac-opacity-cowan-state,T3p76286_rho0p0131253,0.0626668712473524,227853.39112344873,86152.47360393811,86152.41091880348,ok,/home/elads/STAR/full_grid_solar_opacity/runs/T3p76286_rho0p0131253/fac-opacity-cowan-state/starout.h5
3.762861827854923,0.018862122071335155,fac-opacity-cowan-state,T3p76286_rho0p0188621,0.05034855186497684,206838.90040550072,81633.16442222253,81633.1140579279,ok,/home/elads/STAR/full_grid_solar_opacity/runs/T3p76286_rho0p0188621/fac-opacity-cowan-state/starout.h5
3.762861827854923,0.02710633904364831,fac-opacity-cowan-state,T3p76286_rho0p0271063,0.040352730392102396,183409.8819837965,75706.90892450494,75706.86855860686,ok,/home/elads/STAR/full_grid_solar_opacity/runs/T3p76286_rho0p0271063/fac-opacity-cowan-state/starout.h5
3.762861827854923,0.038953921174427183,fac-opacity-cowan-state,T3p76286_rho0p0389539,0.0317015879849277,165607.46390036726,70721.38225056007,70721.3505372179,ok,/home/elads/STAR/full_grid_solar_opacity/runs/T3p76286_rho0p0389539/fac-opacity-cowan-state/starout.h5
3.762861827854923,0.0559798197912329,fac-opacity-cowan-state,T3p76286_rho0p0559798,0.03329104672094428,151516.92661397025,66737.16680745514,66737.13350405918,ok,/home/elads/STAR/full_grid_solar_opacity/runs/T3p76286_rho0p0559798/fac-opacity-cowan-state/starout.h5
3.762861827854923,0.08044736266284185,fac-opacity-cowan-state,T3p76286_rho0p0804474,0.032681643045018256,145098.08030632214,64340.367551056916,64340.33485615839,ok,/home/elads/STAR/full_grid_solar_opacity/runs/T3p76286_rho0p0804474/fac-opacity-cowan-state/starout.h5
3.762861827854923,0.11560912813835741,fac-opacity-cowan-state,T3p76286_rho0p115609,0.029618819026485336,142692.91864720354,61958.1315181452,61958.10188575788,ok,/home/elads/STAR/full_grid_solar_opacity/runs/T3p76286_rho0p115609/fac-opacity-cowan-state/starout.h5
3.762861827854923,0.1661393247274789,fac-opacity-cowan-state,T3p76286_rho0p166139,0.031683698730227576,137284.28034465318,57343.33349984408,57343.30180224005,ok,/home/elads/STAR/full_grid_solar_opacity/runs/T3p76286_rho0p166139/fac-opacity-cowan-state/starout.h5
3.762861827854923,0.23875515424585794,fac-opacity-cowan-state,T3p76286_rho0p238755,0.031321378311112084,133541.92743916734,53181.78618555857,53181.75485030615,ok,/home/elads/STAR/full_grid_solar_opacity/runs/T3p76286_rho0p238755/fac-opacity-cowan-state/starout.h5
3.762861827854923,0.34310975906798746,fac-opacity-cowan-state,T3p76286_rho0p34311,0.029948323701092787,129746.11433039184,49514.89247528816,49514.86251336768,ok,/home/elads/STAR/full_grid_solar_opacity/runs/T3p76286_rho0p34311/fac-opacity-cowan-state/starout.h5
3.762861827854923,0.49307545690287347,fac-opacity-cowan-state,T3p76286_rho0p493075,0.02703887104040064,126852.50775628356,48045.1883590408,48045.16130675453,ok,/home/elads/STAR/full_grid_solar_opacity/runs/T3p76286_rho0p493075/fac-opacity-cowan-state/starout.h5
3.762861827854923,0.7085878491488851,fac-opacity-cowan-state,T3p76286_rho0p708588,0.024078563500040832,123830.1806949608,47262.90699771021,47262.88290591107,ok,/home/elads/STAR/full_grid_solar_opacity/runs/T3p76286_rho0p708588/fac-opacity-cowan-state/starout.h5
3.762861827854923,1.0182959482819007,fac-opacity-cowan-state,T3p76286_rho1p0183,0.021517738012253682,120286.1168756334,45630.46174907561,45630.44021856016,ok,/home/elads/STAR/full_grid_solar_opacity/runs/T3p76286_rho1p0183/fac-opacity-cowan-state/starout.h5
3.762861827854923,1.4633706173946401,fac-opacity-cowan-state,T3p76286_rho1p46337,0.019356643592479437,116309.69834050746,42739.33589629692,42739.31652768355,ok,/home/elads/STAR/full_grid_solar_opacity/runs/T3p76286_rho1p46337/fac-opacity-cowan-state/starout.h5
3.762861827854923,2.1029775945461404,fac-opacity-cowan-state,T3p76286_rho2p10298,0.017824484095277638,111547.0269117342,39132.1821147984,39132.16427933236,ok,/home/elads/STAR/full_grid_solar_opacity/runs/T3p76286_rho2p10298/fac-opacity-cowan-state/starout.h5
3.762861827854923,3.0221426551783854,fac-opacity-cowan-state,T3p76286_rho3p02214,0.017168015847755208,105629.1861681276,34392.70782937729,34392.690651624835,ok,/home/elads/STAR/full_grid_solar_opacity/runs/T3p76286_rho3p02214/fac-opacity-cowan-state/starout.h5
3.762861827854923,4.343054463316713,fac-opacity-cowan-state,T3p76286_rho4p34305,0.01735701565345268,98434.7021472785,29086.65139198992,29086.6340265951,ok,/home/elads/STAR/full_grid_solar_opacity/runs/T3p76286_rho4p34305/fac-opacity-cowan-state/starout.h5
3.762861827854923,6.241307649397467,fac-opacity-cowan-state,T3p76286_rho6p24131,0.01885144580668231,90429.87104277097,23182.880511402873,23182.861653028784,ok,/home/elads/STAR/full_grid_solar_opacity/runs/T3p76286_rho6p24131/fac-opacity-cowan-state/starout.h5
3.762861827854923,8.969245378672715,fac-opacity-cowan-state,T3p76286_rho8p96925,0.018990550425115275,84839.85677227771,18468.10976578585,18468.09076949185,ok,/home/elads/STAR/full_grid_solar_opacity/runs/T3p76286_rho8p96925/fac-opacity-cowan-state/starout.h5
3.762861827854923,12.889504440725364,fac-opacity-cowan-state,T3p76286_rho12p8895,0.014895154284707649,83024.03967173681,16189.271033044859,16189.256132892828,ok,/home/elads/STAR/full_grid_solar_opacity/runs/T3p76286_rho12p8895/fac-opacity-cowan-state/starout.h5
3.762861827854923,18.52322215674118,fac-opacity-cowan-state,T3p76286_rho18p5232,0.01147352354761937,81688.0151806802,17606.917057422117,17606.90557873021,ok,/home/elads/STAR/full_grid_solar_opacity/runs/T3p76286_rho18p5232/fac-opacity-cowan-state/starout.h5
3.762861827854923,26.61931346126126,fac-opacity-cowan-state,T3p76286_rho26p6193,0.008684912209918271,79931.84728986671,16946.47773711292,16946.46904734084,ok,/home/elads/STAR/full_grid_solar_opacity/runs/T3p76286_rho26p6193/fac-opacity-cowan-state/starout.h5
3.762861827854923,38.254027466328665,fac-opacity-cowan-state,T3p76286_rho38p254,0.006303137068958577,77445.19627897872,13242.620598709093,13242.614291773609,ok,/home/elads/STAR/full_grid_solar_opacity/runs/T3p76286_rho38p254/fac-opacity-cowan-state/starout.h5
3.762861827854923,54.97401800103719,fac-opacity-cowan-state,T3p76286_rho54p974,0.003658869980133807,74664.0476511239,13703.391532670596,13703.387870033948,ok,/home/elads/STAR/full_grid_solar_opacity/runs/T3p76286_rho54p974/fac-opacity-cowan-state/starout.h5
3.762861827854923,79.0019471240894,fac-opacity-cowan-state,T3p76286_rho79p0019,0.008297165122256079,69710.96037301859,18518.338317220117,18518.330014843566,ok,/home/elads/STAR/full_grid_solar_opacity/runs/T3p76286_rho79p0019/fac-opacity-cowan-state/starout.h5
3.762861827854923,113.53195339077567,fac-opacity-cowan-state,T3p76286_rho113p532,0.020326330369168796,56562.421220185686,14879.551476870936,14879.531145670026,ok,/home/elads/STAR/full_grid_solar_opacity/runs/T3p76286_rho113p532/fac-opacity-cowan-state/starout.h5
3.762861827854923,163.15426277379785,fac-opacity-cowan-state,T3p76286_rho163p154,0.04520796031185221,40078.612210222935,22779.245992494798,22779.20077708099,ok,/home/elads/STAR/full_grid_solar_opacity/runs/T3p76286_rho163p154/fac-opacity-cowan-state/starout.h5
3.762861827854923,234.46538763970608,fac-opacity-cowan-state,T3p76286_rho234p465,0.06140124409604173,30084.0610013846,19246.469764362417,19246.40835622406,ok,/home/elads/STAR/full_grid_solar_opacity/runs/T3p76286_rho234p465/fac-opacity-cowan-state/starout.h5
3.762861827854923,336.94503022121665,fac-opacity-cowan-state,T3p76286_rho336p945,0.06668203055191162,29977.536910166345,19301.548618995792,19301.48192987311,ok,/home/elads/STAR/full_grid_solar_opacity/runs/T3p76286_rho336p945/fac-opacity-cowan-state/starout.h5
3.762861827854923,484.21626123015125,fac-opacity-cowan-state,T3p76286_rho484p216,0.07451716420194583,33123.39579235658,23206.665334967784,23206.590809569807,ok,/home/elads/STAR/full_grid_solar_opacity/runs/T3p76286_rho484p216/fac-opacity-cowan-state/starout.h5
3.762861827854923,695.8564947100452,fac-opacity-cowan-state,T3p76286_rho695p856,0.11260552485455409,27312.641307728016,18495.048915618103,18494.93630185661,ok,/home/elads/STAR/full_grid_solar_opacity/runs/T3p76286_rho695p856/fac-opacity-cowan-state/starout.h5
3.762861827854923,1000.0,fac-opacity-cowan-state,T3p76286_rho1000,0.12629947917512277,25643.649321225726,16262.601766407728,16262.4754586321,ok,/home/elads/STAR/full_grid_solar_opacity/runs/T3p76286_rho1000/fac-opacity-cowan-state/starout.h5
4.142463257169461,1e-17,fac-opacity-cowan-state,T4p14246_rho1em17,0.34039812956765986,137.0037225998805,0.6311421394921027,0.29073823651622,ok,/home/elads/STAR/full_grid_solar_opacity/runs/T4p14246_rho1em17/fac-opacity-cowan-state/starout.h5
4.142463257169461,1.4370779141993746e-17,fac-opacity-cowan-state,T4p14246_rho1p43708em17,0.34039812952696324,137.00365646456234,0.6311407411318817,0.2907368381285876,ok,/home/elads/STAR/full_grid_solar_opacity/runs/T4p14246_rho1p43708em17/fac-opacity-cowan-state/starout.h5
4.142463257169461,2.065192931479625e-17,fac-opacity-cowan-state,T4p14246_rho2p06519em17,0.34039812272073305,137.00372305483674,0.6311470215434773,0.29074312495456844,ok,/home/elads/STAR/full_grid_solar_opacity/runs/T4p14246_rho2p06519em17/fac-opacity-cowan-state/starout.h5
4.142463257169461,2.9678431503900313e-17,fac-opacity-cowan-state,T4p14246_rho2p96784em17,0.3403981348843024,137.00373318570482,0.6311467393815305,0.29074283069184925,ok,/home/elads/STAR/full_grid_solar_opacity/runs/T4p14246_rho2p96784em17/fac-opacity-cowan-state/starout.h5
4.142463257169461,4.2650218442334076e-17,fac-opacity-cowan-state,T4p14246_rho4p26502em17,0.34039811772554496,137.00373671528706,0.6311443568838969,0.29074046554559985,ok,/home/elads/STAR/full_grid_solar_opacity/runs/T4p14246_rho4p26502em17/fac-opacity-cowan-state/starout.h5
4.142463257169461,6.129168695925715e-17,fac-opacity-cowan-state,T4p14246_rho6p12917em17,0.3403981297546336,137.00374999427865,0.6311448188382284,0.2907409154424441,ok,/home/elads/STAR/full_grid_solar_opacity/runs/T4p14246_rho6p12917em17/fac-opacity-cowan-state/starout.h5
4.142463257169461,8.808092965317026e-17,fac-opacity-cowan-state,T4p14246_rho8p80809em17,0.34039810777941343,137.00374642340753,0.6311450951882521,0.2907412137661233,ok,/home/elads/STAR/full_grid_solar_opacity/runs/T4p14246_rho8p80809em17/fac-opacity-cowan-state/starout.h5
4.142463257169461,1.2657915866672028e-16,fac-opacity-cowan-state,T4p14246_rho1p26579em16,0.3403981302980028,137.00376105686124,0.6311466938157724,0.2907427897530195,ok,/home/elads/STAR/full_grid_solar_opacity/runs/T4p14246_rho1p26579em16/fac-opacity-cowan-state/starout.h5
4.142463257169461,1.819041133178821e-16,fac-opacity-cowan-state,T4p14246_rho1p81904em16,0.34039813529979657,137.00380372813834,0.6311532001074169,0.29074929047765125,ok,/home/elads/STAR/full_grid_solar_opacity/runs/T4p14246_rho1p81904em16/fac-opacity-cowan-state/starout.h5
4.142463257169461,2.6141038375114865e-16,fac-opacity-cowan-state,T4p14246_rho2p6141em16,0.34039377951947514,148.7992194126224,0.6302192396745335,0.28981966650027696,ok,/home/elads/STAR/full_grid_solar_opacity/runs/T4p14246_rho2p6141em16/fac-opacity-cowan-state/starout.h5
4.142463257169461,3.7566708903116036e-16,fac-opacity-cowan-state,T4p14246_rho3p75667em16,0.3403866497867005,162.8200309612827,0.6317431054997432,0.2913512087106536,ok,/home/elads/STAR/full_grid_solar_opacity/runs/T4p14246_rho3p75667em16/fac-opacity-cowan-state/starout.h5
4.142463257169461,5.398628767382507e-16,fac-opacity-cowan-state,T4p14246_rho5p39863em16,0.3403771520144887,180.3065890216069,0.6197289695607445,0.2793467307785471,ok,/home/elads/STAR/full_grid_solar_opacity/runs/T4p14246_rho5p39863em16/fac-opacity-cowan-state/starout.h5
4.142463257169461,7.758250168566793e-16,fac-opacity-cowan-state,T4p14246_rho7p75825em16,0.34036885922802046,192.42415493940305,0.5943156852954138,0.25394199301775555,ok,/home/elads/STAR/full_grid_solar_opacity/runs/T4p14246_rho7p75825em16/fac-opacity-cowan-state/starout.h5
4.142463257169461,1.1149209970080914e-15,fac-opacity-cowan-state,T4p14246_rho1p11492em15,0.34036129550281874,205.15600211809195,0.6086124625188564,0.2682462597594755,ok,/home/elads/STAR/full_grid_solar_opacity/runs/T4p14246_rho1p11492em15/fac-opacity-cowan-state/starout.h5
4.142463257169461,1.6022283408774753e-15,fac-opacity-cowan-state,T4p14246_rho1p60223em15,0.34035137185115083,214.56098653293634,0.6205996253279451,0.2802431769314814,ok,/home/elads/STAR/full_grid_solar_opacity/runs/T4p14246_rho1p60223em15/fac-opacity-cowan-state/starout.h5
4.142463257169461,2.3025269621793266e-15,fac-opacity-cowan-state,T4p14246_rho2p30253em15,0.34034071422798917,221.8039984699957,0.6374025653734393,0.2970562599090526,ok,/home/elads/STAR/full_grid_solar_opacity/runs/T4p14246_rho2p30253em15/fac-opacity-cowan-state/starout.h5
4.142463257169461,3.308910644196489e-15,fac-opacity-cowan-state,T4p14246_rho3p30891em15,0.3403341122154932,227.25361685847335,0.6541753231715631,0.3138358235981493,ok,/home/elads/STAR/full_grid_solar_opacity/runs/T4p14246_rho3p30891em15/fac-opacity-cowan-state/starout.h5
4.142463257169461,4.755162406834019e-15,fac-opacity-cowan-state,T4p14246_rho4p75516em15,0.34032624201235623,232.35950160876632,0.6666034324662032,0.3262712305090907,ok,/home/elads/STAR/full_grid_solar_opacity/runs/T4p14246_rho4p75516em15/fac-opacity-cowan-state/starout.h5
4.142463257169461,6.8335388732923106e-15,fac-opacity-cowan-state,T4p14246_rho6p83354em15,0.3403141067870337,236.03504372419928,0.6408952241218648,0.30057591940380873,ok,/home/elads/STAR/full_grid_solar_opacity/runs/T4p14246_rho6p83354em15/fac-opacity-cowan-state/starout.h5
4.142463257169461,9.820327790631256e-15,fac-opacity-cowan-state,T4p14246_rho9p82033em15,0.34030428445738387,238.59898749578718,0.6262537628312743,0.28594407250938986,ok,/home/elads/STAR/full_grid_solar_opacity/runs/T4p14246_rho9p82033em15/fac-opacity-cowan-state/starout.h5
4.142463257169461,1.4112576178114521e-14,fac-opacity-cowan-state,T4p14246_rho1p41126em14,0.34029542398172746,241.08938429168762,0.6269080182871292,0.2866076284384665,ok,/home/elads/STAR/full_grid_solar_opacity/runs/T4p14246_rho1p41126em14/fac-opacity-cowan-state/starout.h5
4.142463257169461,2.0280871538024598e-14,fac-opacity-cowan-state,T4p14246_rho2p02809em14,0.34028655400940205,245.1865797275661,0.6407560709235941,0.30046434319401427,ok,/home/elads/STAR/full_grid_solar_opacity/runs/T4p14246_rho2p02809em14/fac-opacity-cowan-state/starout.h5
4.142463257169461,2.914519256800997e-14,fac-opacity-cowan-state,T4p14246_rho2p91452em14,0.3402740656560986,249.1590760168194,0.6402346556153161,0.29995553809826436,ok,/home/elads/STAR/full_grid_solar_opacity/runs/T4p14246_rho2p91452em14/fac-opacity-cowan-state/starout.h5
4.142463257169461,4.188391254457488e-14,fac-opacity-cowan-state,T4p14246_rho4p18839em14,0.34026575725782804,252.6306672802471,0.6659941154405989,0.3257228204122728,ok,/home/elads/STAR/full_grid_solar_opacity/runs/T4p14246_rho4p18839em14/fac-opacity-cowan-state/starout.h5
4.142463257169461,6.019044567806669e-14,fac-opacity-cowan-state,T4p14246_rho6p01904em14,0.3402586781305826,260.43408419444944,0.6625850940692029,0.322320247058671,ok,/home/elads/STAR/full_grid_solar_opacity/runs/T4p14246_rho6p01904em14/fac-opacity-cowan-state/starout.h5
4.142463257169461,8.649836012976684e-14,fac-opacity-cowan-state,T4p14246_rho8p64984em14,0.3402484767139269,267.0314718596702,0.6434925410211872,0.3032387836872346,ok,/home/elads/STAR/full_grid_solar_opacity/runs/T4p14246_rho8p64984em14/fac-opacity-cowan-state/starout.h5
4.142463257169461,1.2430488295695167e-13,fac-opacity-cowan-state,T4p14246_rho1p24305em13,0.3402371780495924,277.72699293416457,0.6736307697648315,0.33338799235896277,ok,/home/elads/STAR/full_grid_solar_opacity/runs/T4p14246_rho1p24305em13/fac-opacity-cowan-state/starout.h5
4.142463257169461,1.7863580192457348e-13,fac-opacity-cowan-state,T4p14246_rho1p78636em13,0.340227688281183,289.2492258562744,0.6902705460458283,0.35003727347287467,ok,/home/elads/STAR/full_grid_solar_opacity/runs/T4p14246_rho1p78636em13/fac-opacity-cowan-state/starout.h5
4.142463257169461,2.567135656310987e-13,fac-opacity-cowan-state,T4p14246_rho2p56714em13,0.3402193169639507,302.64080220405094,0.7261393999733078,0.38591350780651346,ok,/home/elads/STAR/full_grid_solar_opacity/runs/T4p14246_rho2p56714em13/fac-opacity-cowan-state/starout.h5
4.142463257169461,3.6891739544382357e-13,fac-opacity-cowan-state,T4p14246_rho3p68917em13,0.34020856460414167,317.69525928881984,0.6908420150175891,0.3506273609566504,ok,/home/elads/STAR/full_grid_solar_opacity/runs/T4p14246_rho3p68917em13/fac-opacity-cowan-state/starout.h5
4.142463257169461,5.301630411562758e-13,fac-opacity-cowan-state,T4p14246_rho5p30163em13,0.34019616609092457,334.3776152684903,0.7474147809040341,0.40721150607736833,ok,/home/elads/STAR/full_grid_solar_opacity/runs/T4p14246_rho5p30163em13/fac-opacity-cowan-state/starout.h5
4.142463257169461,7.618855973704612e-13,fac-opacity-cowan-state,T4p14246_rho7p61886em13,0.3401880102283755,349.2847686158705,0.7617719332433527,0.4215762419342047,ok,/home/elads/STAR/full_grid_solar_opacity/runs/T4p14246_rho7p61886em13/fac-opacity-cowan-state/starout.h5
4.142463257169461,1.0948889651276868e-12,fac-opacity-cowan-state,T4p14246_rho1p09489em12,0.340178767537956,365.2835162640333,0.8342499169840618,0.4940635574480693,ok,/home/elads/STAR/full_grid_solar_opacity/runs/T4p14246_rho1p09489em12/fac-opacity-cowan-state/starout.h5
4.142463257169461,1.5734407502856082e-12,fac-opacity-cowan-state,T4p14246_rho1p57344em12,0.3401671839318124,380.19742530135875,0.8009125422893772,0.4607383540797943,ok,/home/elads/STAR/full_grid_solar_opacity/runs/T4p14246_rho1p57344em12/fac-opacity-cowan-state/starout.h5
4.142463257169461,2.26115695153675e-12,fac-opacity-cowan-state,T4p14246_rho2p26116em12,0.34015652354725795,393.94425665246524,0.8167582644461417,0.47659541222075197,ok,/home/elads/STAR/full_grid_solar_opacity/runs/T4p14246_rho2p26116em12/fac-opacity-cowan-state/starout.h5
4.142463257169461,3.249458715591849e-12,fac-opacity-cowan-state,T4p14246_rho3p24946em12,0.3401455712235737,407.021414600448,0.8727983188896095,0.5326449729557172,ok,/home/elads/STAR/full_grid_solar_opacity/runs/T4p14246_rho3p24946em12/fac-opacity-cowan-state/starout.h5
4.142463257169461,4.669725353279713e-12,fac-opacity-cowan-state,T4p14246_rho4p66973em12,0.34013459340998764,418.3961892614949,0.8778882884697816,0.5377455126416327,ok,/home/elads/STAR/full_grid_solar_opacity/runs/T4p14246_rho4p66973em12/fac-opacity-cowan-state/starout.h5
4.142463257169461,6.710759170575148e-12,fac-opacity-cowan-state,T4p14246_rho6p71076em12,0.34012368665725573,429.8976152278674,0.8422205886532763,0.5020895303498384,ok,/home/elads/STAR/full_grid_solar_opacity/runs/T4p14246_rho6p71076em12/fac-opacity-cowan-state/starout.h5
4.142463257169461,9.64388379154446e-12,fac-opacity-cowan-state,T4p14246_rho9p64388em12,0.3401117157104782,438.87727556050106,0.8065781481584066,0.46646045286363136,ok,/home/elads/STAR/full_grid_solar_opacity/runs/T4p14246_rho9p64388em12/fac-opacity-cowan-state/starout.h5
4.142463257169461,1.3859012403933867e-11,fac-opacity-cowan-state,T4p14246_rho1p3859em11,0.34010009467737956,446.8108129030991,0.8572978329878498,0.5171912423346946,ok,/home/elads/STAR/full_grid_solar_opacity/runs/T4p14246_rho1p3859em11/fac-opacity-cowan-state/starout.h5
4.142463257169461,1.9916480638308542e-11,fac-opacity-cowan-state,T4p14246_rho1p99165em11,0.3400878732995728,455.3226765705355,0.9590222123365302,0.6189273199923883,ok,/home/elads/STAR/full_grid_solar_opacity/runs/T4p14246_rho1p99165em11/fac-opacity-cowan-state/starout.h5
4.142463257169461,2.8621534453892672e-11,fac-opacity-cowan-state,T4p14246_rho2p86215em11,0.34007904698138225,462.91824939226285,1.030300641895085,0.6902146725755172,ok,/home/elads/STAR/full_grid_solar_opacity/runs/T4p14246_rho2p86215em11/fac-opacity-cowan-state/starout.h5
4.142463257169461,4.1131375034185614e-11,fac-opacity-cowan-state,T4p14246_rho4p11314em11,0.3400600493002787,470.4327436197374,1.0284037120708047,0.6883385247988303,ok,/home/elads/STAR/full_grid_solar_opacity/runs/T4p14246_rho4p11314em11/fac-opacity-cowan-state/starout.h5
4.142463257169461,5.910899064227969e-11,fac-opacity-cowan-state,T4p14246_rho5p9109em11,0.34004595473963617,477.97502916759134,1.016898657057211,0.6768481760718518,ok,/home/elads/STAR/full_grid_solar_opacity/runs/T4p14246_rho5p9109em11/fac-opacity-cowan-state/starout.h5
4.142463257169461,8.4944224982638e-11,fac-opacity-cowan-state,T4p14246_rho8p49442em11,0.3400258249214728,485.9531878476038,1.0618332755555473,0.7218049319350428,ok,/home/elads/STAR/full_grid_solar_opacity/runs/T4p14246_rho8p49442em11/fac-opacity-cowan-state/starout.h5
4.142463257169461,1.2207146966133182e-10,fac-opacity-cowan-state,T4p14246_rho1p22071em10,0.3400036105370937,494.3837396694196,1.1144451669291107,0.7744410239161135,ok,/home/elads/STAR/full_grid_solar_opacity/runs/T4p14246_rho1p22071em10/fac-opacity-cowan-state/starout.h5
4.142463257169461,1.7542621300415897e-10,fac-opacity-cowan-state,T4p14246_rho1p75426em10,0.3399790784746257,503.30723986942337,1.2751962572352262,0.9352191008130623,ok,/home/elads/STAR/full_grid_solar_opacity/runs/T4p14246_rho1p75426em10/fac-opacity-cowan-state/starout.h5
4.142463257169461,2.52101136279913e-10,fac-opacity-cowan-state,T4p14246_rho2p52101em10,0.33994886591761536,513.115799264894,1.3844879041731328,1.0445453571718395,ok,/home/elads/STAR/full_grid_solar_opacity/runs/T4p14246_rho2p52101em10/fac-opacity-cowan-state/starout.h5
4.142463257169461,3.6228897509242966e-10,fac-opacity-cowan-state,T4p14246_rho3p62289em10,0.3399087912570209,523.6689319547618,1.4568215478201572,1.116924882295522,ok,/home/elads/STAR/full_grid_solar_opacity/runs/T4p14246_rho3p62289em10/fac-opacity-cowan-state/starout.h5
4.142463257169461,5.20637484663258e-10,fac-opacity-cowan-state,T4p14246_rho5p20637em10,0.3398559394707642,536.102987025447,1.6719377240013644,1.3321028126449432,ok,/home/elads/STAR/full_grid_solar_opacity/runs/T4p14246_rho5p20637em10/fac-opacity-cowan-state/starout.h5
4.142463257169461,7.481966305138837e-10,fac-opacity-cowan-state,T4p14246_rho7p48197em10,0.33978526809801074,551.1881214033356,1.8504568195117053,1.5107001038166923,ok,/home/elads/STAR/full_grid_solar_opacity/runs/T4p14246_rho7p48197em10/fac-opacity-cowan-state/starout.h5
4.142463257169461,1.0752168531898921e-09,fac-opacity-cowan-state,T4p14246_rho1p07522em09,0.33968873874902267,569.7563738452375,1.9304995223569323,1.5908426710024324,ok,/home/elads/STAR/full_grid_solar_opacity/runs/T4p14246_rho1p07522em09/fac-opacity-cowan-state/starout.h5
4.142463257169461,1.5451703926941453e-09,fac-opacity-cowan-state,T4p14246_rho1p54517em09,0.3395648250119286,590.6281884682647,2.162250479556347,1.8227220535103612,ok,/home/elads/STAR/full_grid_solar_opacity/runs/T4p14246_rho1p54517em09/fac-opacity-cowan-state/starout.h5
4.142463257169461,2.220530245015531e-09,fac-opacity-cowan-state,T4p14246_rho2p22053em09,0.3393895349509718,617.8281890167525,2.4705309747471467,2.1311819683101927,ok,/home/elads/STAR/full_grid_solar_opacity/runs/T4p14246_rho2p22053em09/fac-opacity-cowan-state/starout.h5
4.142463257169461,3.1910749729235452e-09,fac-opacity-cowan-state,T4p14246_rho3p19107em09,0.3391422932199597,655.0052593062508,3.354773146812554,3.015717630558719,ok,/home/elads/STAR/full_grid_solar_opacity/runs/T4p14246_rho3p19107em09/fac-opacity-cowan-state/starout.h5
4.142463257169461,4.585823366142813e-09,fac-opacity-cowan-state,T4p14246_rho4p58582em09,0.3388015903112575,696.6569394922025,3.953746011189403,3.6150252223983137,ok,/home/elads/STAR/full_grid_solar_opacity/runs/T4p14246_rho4p58582em09/fac-opacity-cowan-state/starout.h5
4.142463257169461,6.590185477903269e-09,fac-opacity-cowan-state,T4p14246_rho6p59019em09,0.3382997841651604,774.4085885786955,4.439365310269,4.1011830648962695,ok,/home/elads/STAR/full_grid_solar_opacity/runs/T4p14246_rho6p59019em09/fac-opacity-cowan-state/starout.h5
4.142463257169461,9.470610000772238e-09,fac-opacity-cowan-state,T4p14246_rho9p47061em09,0.3376295800137452,851.3321093974685,5.687978428422767,5.350174155788639,ok,/home/elads/STAR/full_grid_solar_opacity/runs/T4p14246_rho9p47061em09/fac-opacity-cowan-state/starout.h5
4.142463257169461,1.3610004466105506e-08,fac-opacity-cowan-state,T4p14246_rho1p361em08,0.33672605547705997,944.1348517659908,7.708360938705725,7.371475288528901,ok,/home/elads/STAR/full_grid_solar_opacity/runs/T4p14246_rho1p361em08/fac-opacity-cowan-state/starout.h5
4.142463257169461,1.9558636830395073e-08,fac-opacity-cowan-state,T4p14246_rho1p95586em08,0.3355276811744636,1066.1611987761319,9.971371354727006,9.635973798879316,ok,/home/elads/STAR/full_grid_solar_opacity/runs/T4p14246_rho1p95586em08/fac-opacity-cowan-state/starout.h5
4.142463257169461,2.810728502080722e-08,fac-opacity-cowan-state,T4p14246_rho2p81073em08,0.3338694341168106,1213.2366740485656,12.897081993015085,12.563340753310912,ok,/home/elads/STAR/full_grid_solar_opacity/runs/T4p14246_rho2p81073em08/fac-opacity-cowan-state/starout.h5
4.142463257169461,4.039235853150913e-08,fac-opacity-cowan-state,T4p14246_rho4p03924em08,0.33167865494772497,1385.6535162810194,17.081645007954336,16.750281600812624,ok,/home/elads/STAR/full_grid_solar_opacity/runs/T4p14246_rho4p03924em08/fac-opacity-cowan-state/starout.h5
4.142463257169461,5.804696634805446e-08,fac-opacity-cowan-state,T4p14246_rho5p8047em08,0.3288423551595373,1625.3930344712137,23.942969630806026,23.61452691235806,ok,/home/elads/STAR/full_grid_solar_opacity/runs/T4p14246_rho5p8047em08/fac-opacity-cowan-state/starout.h5
4.142463257169461,8.341801332506338e-08,fac-opacity-cowan-state,T4p14246_rho8p3418em08,0.32527088893499284,1912.7957998781537,29.86209925839422,29.537367086906205,ok,/home/elads/STAR/full_grid_solar_opacity/runs/T4p14246_rho8p3418em08/fac-opacity-cowan-state/starout.h5
4.142463257169461,1.1987818459583772e-07,fac-opacity-cowan-state,T4p14246_rho1p19878em07,0.3208995736469739,2243.9522223209283,46.57597610317983,46.25667159884182,ok,/home/elads/STAR/full_grid_solar_opacity/runs/T4p14246_rho1p19878em07/fac-opacity-cowan-state/starout.h5
4.142463257169461,1.7227429147699408e-07,fac-opacity-cowan-state,T4p14246_rho1p72274em07,0.31569731553330854,2624.9998178605224,60.050495735076794,59.736626844690214,ok,/home/elads/STAR/full_grid_solar_opacity/runs/T4p14246_rho1p72274em07/fac-opacity-cowan-state/starout.h5
4.142463257169461,2.4757157946593376e-07,fac-opacity-cowan-state,T4p14246_rho2p47572em07,0.30967557873097545,2988.690483075102,71.81659742584303,71.50897929813185,ok,/home/elads/STAR/full_grid_solar_opacity/runs/T4p14246_rho2p47572em07/fac-opacity-cowan-state/starout.h5
4.142463257169461,3.557796490339488e-07,fac-opacity-cowan-state,T4p14246_rho3p5578em07,0.3028329185110765,3370.2861468531046,99.63917399615931,99.33982088450868,ok,/home/elads/STAR/full_grid_solar_opacity/runs/T4p14246_rho3p5578em07/fac-opacity-cowan-state/starout.h5
4.142463257169461,5.112830759482948e-07,fac-opacity-cowan-state,T4p14246_rho5p11283em07,0.29514191400945056,3732.3904919155475,132.92055159638477,132.62957030596652,ok,/home/elads/STAR/full_grid_solar_opacity/runs/T4p14246_rho5p11283em07/fac-opacity-cowan-state/starout.h5
4.142463257169461,7.347536163492159e-07,fac-opacity-cowan-state,T4p14246_rho7p34754em07,0.28664869621462796,4088.6551039604747,184.78432024945033,184.5030315392194,ok,/home/elads/STAR/full_grid_solar_opacity/runs/T4p14246_rho7p34754em07/fac-opacity-cowan-state/starout.h5
4.142463257169461,1.0558981944335787e-06,fac-opacity-cowan-state,T4p14246_rho1p0559em06,0.27730906001508887,4414.9971284608955,231.88354333433338,231.61203335243908,ok,/home/elads/STAR/full_grid_solar_opacity/runs/T4p14246_rho1p0559em06/fac-opacity-cowan-state/starout.h5
4.142463257169461,1.517407974863493e-06,fac-opacity-cowan-state,T4p14246_rho1p51741em06,0.26715513902152516,4750.280462287729,291.8878423816203,291.62660450632785,ok,/home/elads/STAR/full_grid_solar_opacity/runs/T4p14246_rho1p51741em06/fac-opacity-cowan-state/starout.h5
4.142463257169461,2.1806334875063253e-06,fac-opacity-cowan-state,T4p14246_rho2p18063em06,0.25628793756049084,5106.3161764777815,397.03229934697026,396.7834025164981,ok,/home/elads/STAR/full_grid_solar_opacity/runs/T4p14246_rho2p18063em06/fac-opacity-cowan-state/starout.h5
4.142463257169461,3.1337402238588983e-06,fac-opacity-cowan-state,T4p14246_rho3p13374em06,0.24490501595274167,5518.6258262010315,529.230777319064,528.9938109263414,ok,/home/elads/STAR/full_grid_solar_opacity/runs/T4p14246_rho3p13374em06/fac-opacity-cowan-state/starout.h5
4.142463257169461,4.503428864545845e-06,fac-opacity-cowan-state,T4p14246_rho4p50343em06,0.23328024054763877,6022.861026059659,692.9268461508927,692.702390740605,ok,/home/elads/STAR/full_grid_solar_opacity/runs/T4p14246_rho4p50343em06/fac-opacity-cowan-state/starout.h5
4.142463257169461,6.471778159406801e-06,fac-opacity-cowan-state,T4p14246_rho6p47178em06,0.22173908792597613,6681.903968697867,999.0100672764462,998.7980726966432,ok,/home/elads/STAR/full_grid_solar_opacity/runs/T4p14246_rho6p47178em06/fac-opacity-cowan-state/starout.h5
4.142463257169461,9.300449458481393e-06,fac-opacity-cowan-state,T4p14246_rho9p30045em06,0.2106051716120819,7560.581666096903,1296.0293776232083,1295.8277378484963,ok,/home/elads/STAR/full_grid_solar_opacity/runs/T4p14246_rho9p30045em06/fac-opacity-cowan-state/starout.h5
4.142463257169461,1.3365470508911143e-05,fac-opacity-cowan-state,T4p14246_rho1p33655em05,0.2001472104397085,8764.477107933375,1816.9988568411945,1816.8069071147856,ok,/home/elads/STAR/full_grid_solar_opacity/runs/T4p14246_rho1p33655em05/fac-opacity-cowan-state/starout.h5
4.142463257169461,1.920722248123928e-05,fac-opacity-cowan-state,T4p14246_rho1p92072em05,0.19054641235493275,10426.567163365147,2544.276823895811,2544.0940103398975,ok,/home/elads/STAR/full_grid_solar_opacity/runs/T4p14246_rho1p92072em05/fac-opacity-cowan-state/starout.h5
4.142463257169461,2.760227522090268e-05,fac-opacity-cowan-state,T4p14246_rho2p76023em05,0.18187631298539422,12694.859598639912,3467.0267121101006,3466.8513677417322,ok,/home/elads/STAR/full_grid_solar_opacity/runs/T4p14246_rho2p76023em05/fac-opacity-cowan-state/starout.h5
4.142463257169461,3.966662010161191e-05,fac-opacity-cowan-state,T4p14246_rho3p96666em05,0.17410714719303125,16172.59524683514,5238.984489842388,5238.815030389677,ok,/home/elads/STAR/full_grid_solar_opacity/runs/T4p14246_rho3p96666em05/fac-opacity-cowan-state/starout.h5
4.142463257169461,5.7004023678963655e-05,fac-opacity-cowan-state,T4p14246_rho5p7004em05,0.16718241360811248,20693.36115043614,7704.702337959722,7704.538742769623,ok,/home/elads/STAR/full_grid_solar_opacity/runs/T4p14246_rho5p7004em05/fac-opacity-cowan-state/starout.h5
4.142463257169461,8.191922344953684e-05,fac-opacity-cowan-state,T4p14246_rho8p19192em05,0.16101196973512447,26045.322508426452,9679.377569278737,9679.219666105206,ok,/home/elads/STAR/full_grid_solar_opacity/runs/T4p14246_rho8p19192em05/fac-opacity-cowan-state/starout.h5
4.142463257169461,0.00011772430676769293,fac-opacity-cowan-state,T4p14246_rho0p000117724,0.15556807775416934,33420.40304381978,13501.372428742912,13501.219036571898,ok,/home/elads/STAR/full_grid_solar_opacity/runs/T4p14246_rho0p000117724/fac-opacity-cowan-state/starout.h5
4.142463257169461,0.00016917900122028344,fac-opacity-cowan-state,T4p14246_rho0p000169179,0.15076385640393825,42076.991834964545,17341.42957468499,17341.280494413735,ok,/home/elads/STAR/full_grid_solar_opacity/runs/T4p14246_rho0p000169179/fac-opacity-cowan-state/starout.h5
4.142463257169461,0.0002431234061999784,fac-opacity-cowan-state,T4p14246_rho0p000243123,0.14650323023531495,52310.72555092245,22172.629393337298,22172.48413644911,ok,/home/elads/STAR/full_grid_solar_opacity/runs/T4p14246_rho0p000243123/fac-opacity-cowan-state/starout.h5
4.142463257169461,0.0003493872774749123,fac-opacity-cowan-state,T4p14246_rho0p000349387,0.14274019600317442,63044.624338356574,24453.63754763199,24453.49576112751,ok,/home/elads/STAR/full_grid_solar_opacity/runs/T4p14246_rho0p000349387/fac-opacity-cowan-state/starout.h5
4.142463257169461,0.0005020967399614471,fac-opacity-cowan-state,T4p14246_rho0p000502097,0.1394098508887669,74620.74374092279,27408.27210048824,27408.13341167091,ok,/home/elads/STAR/full_grid_solar_opacity/runs/T4p14246_rho0p000502097/fac-opacity-cowan-state/starout.h5
4.142463257169461,0.0007215521357901021,fac-opacity-cowan-state,T4p14246_rho0p000721552,0.13635758375914597,89586.17722766346,32823.27557601338,32823.13967094995,ok,/home/elads/STAR/full_grid_solar_opacity/runs/T4p14246_rho0p000721552/fac-opacity-cowan-state/starout.h5
4.142463257169461,0.0010369266382873438,fac-opacity-cowan-state,T4p14246_rho0p00103693,0.133351540667227,106786.55428794335,39217.23219455086,39217.099104663605,ok,/home/elads/STAR/full_grid_solar_opacity/runs/T4p14246_rho0p00103693/fac-opacity-cowan-state/starout.h5
4.142463257169461,0.0014901443705277455,fac-opacity-cowan-state,T4p14246_rho0p00149014,0.1301598735910246,126523.9223478779,44535.596876878364,44535.466855806386,ok,/home/elads/STAR/full_grid_solar_opacity/runs/T4p14246_rho0p00149014/fac-opacity-cowan-state/starout.h5
4.142463257169461,0.002141453563853953,fac-opacity-cowan-state,T4p14246_rho0p00214145,0.12628477758428838,148858.40363700496,51829.75470097198,51829.62847417905,ok,/home/elads/STAR/full_grid_solar_opacity/runs/T4p14246_rho0p00214145/fac-opacity-cowan-state/starout.h5
4.142463257169461,0.003077435620898055,fac-opacity-cowan-state,T4p14246_rho0p00307744,0.12122176775413702,172867.21729962155,58893.5672750221,58893.44606344517,ok,/home/elads/STAR/full_grid_solar_opacity/runs/T4p14246_rho0p00307744/fac-opacity-cowan-state/starout.h5
4.142463257169461,0.004422514763163053,fac-opacity-cowan-state,T4p14246_rho0p00442251,0.11428520251041413,196016.9665528605,65971.7561532544,65971.64185432978,ok,/home/elads/STAR/full_grid_solar_opacity/runs/T4p14246_rho0p00442251/fac-opacity-cowan-state/starout.h5
4.142463257169461,0.006355498291362301,fac-opacity-cowan-state,T4p14246_rho0p0063555,0.10478139172622385,213744.11982071766,71337.4897042632,71337.38489839499,ok,/home/elads/STAR/full_grid_solar_opacity/runs/T4p14246_rho0p0063555/fac-opacity-cowan-state/starout.h5
4.142463257169461,0.009133346228248624,fac-opacity-cowan-state,T4p14246_rho0p00913335,0.09288673088365382,221621.6593976959,74515.44414050938,74515.35122702309,ok,/home/elads/STAR/full_grid_solar_opacity/runs/T4p14246_rho0p00913335/fac-opacity-cowan-state/starout.h5
4.142463257169461,0.01312533014735226,fac-opacity-cowan-state,T4p14246_rho0p0131253,0.0793884096170659,217424.38452762936,74813.18792401515,74813.10851134735,ok,/home/elads/STAR/full_grid_solar_opacity/runs/T4p14246_rho0p0131253/fac-opacity-cowan-state/starout.h5
4.142463257169461,0.018862122071335155,fac-opacity-cowan-state,T4p14246_rho0p0188621,0.06568620810873735,202085.58215246722,72093.72291439633,72093.65720858496,ok,/home/elads/STAR/full_grid_solar_opacity/runs/T4p14246_rho0p0188621/fac-opacity-cowan-state/starout.h5
4.142463257169461,0.02710633904364831,fac-opacity-cowan-state,T4p14246_rho0p0271063,0.05383646372811445,180567.98240875808,67552.41388977472,67552.3600385357,ok,/home/elads/STAR/full_grid_solar_opacity/runs/T4p14246_rho0p0271063/fac-opacity-cowan-state/starout.h5
4.142463257169461,0.038953921174427183,fac-opacity-cowan-state,T4p14246_rho0p0389539,0.0452601463374066,161119.57276711764,63117.562572953815,63117.51730136649,ok,/home/elads/STAR/full_grid_solar_opacity/runs/T4p14246_rho0p0389539/fac-opacity-cowan-state/starout.h5
4.142463257169461,0.0559798197912329,fac-opacity-cowan-state,T4p14246_rho0p0559798,0.043080284112847776,145670.27903849282,59911.9910782835,59911.947987789674,ok,/home/elads/STAR/full_grid_solar_opacity/runs/T4p14246_rho0p0559798/fac-opacity-cowan-state/starout.h5
4.142463257169461,0.08044736266284185,fac-opacity-cowan-state,T4p14246_rho0p0804474,0.041480709138337526,136389.65617843147,58236.281351792066,58236.239860925445,ok,/home/elads/STAR/full_grid_solar_opacity/runs/T4p14246_rho0p0804474/fac-opacity-cowan-state/starout.h5
4.142463257169461,0.11560912813835741,fac-opacity-cowan-state,T4p14246_rho0p115609,0.03788083882963407,131057.33277138553,56985.54414145173,56985.50625037962,ok,/home/elads/STAR/full_grid_solar_opacity/runs/T4p14246_rho0p115609/fac-opacity-cowan-state/starout.h5
4.142463257169461,0.1661393247274789,fac-opacity-cowan-state,T4p14246_rho0p166139,0.03952140494014709,122964.96755735825,54467.75013407444,54467.71060230386,ok,/home/elads/STAR/full_grid_solar_opacity/runs/T4p14246_rho0p166139/fac-opacity-cowan-state/starout.h5
4.142463257169461,0.23875515424585794,fac-opacity-cowan-state,T4p14246_rho0p238755,0.038968445946240195,116085.33144080835,52447.759433829364,52447.720454833754,ok,/home/elads/STAR/full_grid_solar_opacity/runs/T4p14246_rho0p238755/fac-opacity-cowan-state/starout.h5
4.142463257169461,0.34310975906798746,fac-opacity-cowan-state,T4p14246_rho0p34311,0.03723213660734537,109274.23608363741,50811.79824000936,50811.760997219026,ok,/home/elads/STAR/full_grid_solar_opacity/runs/T4p14246_rho0p34311/fac-opacity-cowan-state/starout.h5
4.142463257169461,0.49307545690287347,fac-opacity-cowan-state,T4p14246_rho0p493075,0.03375183145688301,104068.99267026625,49889.79109243363,49889.75732996869,ok,/home/elads/STAR/full_grid_solar_opacity/runs/T4p14246_rho0p493075/fac-opacity-cowan-state/starout.h5
4.142463257169461,0.7085878491488851,fac-opacity-cowan-state,T4p14246_rho0p708588,0.030143458717386506,99515.14345630679,48265.76511438326,48265.734960530695,ok,/home/elads/STAR/full_grid_solar_opacity/runs/T4p14246_rho0p708588/fac-opacity-cowan-state/starout.h5
4.142463257169461,1.0182959482819007,fac-opacity-cowan-state,T4p14246_rho1p0183,0.026883721253481197,95298.01625274801,45290.12727496262,45290.100381372795,ok,/home/elads/STAR/full_grid_solar_opacity/runs/T4p14246_rho1p0183/fac-opacity-cowan-state/starout.h5
4.142463257169461,1.4633706173946401,fac-opacity-cowan-state,T4p14246_rho1p46337,0.024004267083487123,91670.62842285042,41656.655677573566,41656.631664138775,ok,/home/elads/STAR/full_grid_solar_opacity/runs/T4p14246_rho1p46337/fac-opacity-cowan-state/starout.h5
4.142463257169461,2.1029775945461404,fac-opacity-cowan-state,T4p14246_rho2p10298,0.021807639855021235,88150.24096165803,37782.11735665643,37782.095540618255,ok,/home/elads/STAR/full_grid_solar_opacity/runs/T4p14246_rho2p10298/fac-opacity-cowan-state/starout.h5
4.142463257169461,3.0221426551783854,fac-opacity-cowan-state,T4p14246_rho3p02214,0.02058597898078516,84263.2801940075,33618.78472217099,33618.76412861431,ok,/home/elads/STAR/full_grid_solar_opacity/runs/T4p14246_rho3p02214/fac-opacity-cowan-state/starout.h5
4.142463257169461,4.343054463316713,fac-opacity-cowan-state,T4p14246_rho4p34305,0.02028776421438137,79793.46509646135,29039.319234087674,29039.298939625478,ok,/home/elads/STAR/full_grid_solar_opacity/runs/T4p14246_rho4p34305/fac-opacity-cowan-state/starout.h5
4.142463257169461,6.241307649397467,fac-opacity-cowan-state,T4p14246_rho6p24131,0.02133231858800801,74854.8936502528,23866.960005093326,23866.938667019345,ok,/home/elads/STAR/full_grid_solar_opacity/runs/T4p14246_rho6p24131/fac-opacity-cowan-state/starout.h5
4.142463257169461,8.969245378672715,fac-opacity-cowan-state,T4p14246_rho8p96925,0.02095595105484409,71192.50836891148,19390.063538202885,19390.042577335516,ok,/home/elads/STAR/full_grid_solar_opacity/runs/T4p14246_rho8p96925/fac-opacity-cowan-state/starout.h5
4.142463257169461,12.889504440725364,fac-opacity-cowan-state,T4p14246_rho12p8895,0.016375000030072417,69690.05756659714,17004.170687403563,17004.15430810982,ok,/home/elads/STAR/full_grid_solar_opacity/runs/T4p14246_rho12p8895/fac-opacity-cowan-state/starout.h5
4.142463257169461,18.52322215674118,fac-opacity-cowan-state,T4p14246_rho18p5232,0.012531491755478515,68742.14560338321,18497.628848207158,18497.61631235195,ok,/home/elads/STAR/full_grid_solar_opacity/runs/T4p14246_rho18p5232/fac-opacity-cowan-state/starout.h5
4.142463257169461,26.61931346126126,fac-opacity-cowan-state,T4p14246_rho26p6193,0.009495949856935712,66762.85190123743,14719.162253960369,14719.152754502576,ok,/home/elads/STAR/full_grid_solar_opacity/runs/T4p14246_rho26p6193/fac-opacity-cowan-state/starout.h5
4.142463257169461,38.254027466328665,fac-opacity-cowan-state,T4p14246_rho38p254,0.00653968626274247,65083.089802765615,15043.078889951328,15043.072346868781,ok,/home/elads/STAR/full_grid_solar_opacity/runs/T4p14246_rho38p254/fac-opacity-cowan-state/starout.h5
4.142463257169461,54.97401800103719,fac-opacity-cowan-state,T4p14246_rho54p974,0.005060994649470229,62426.79861094036,15895.81037312593,15895.805308661573,ok,/home/elads/STAR/full_grid_solar_opacity/runs/T4p14246_rho54p974/fac-opacity-cowan-state/starout.h5
4.142463257169461,79.0019471240894,fac-opacity-cowan-state,T4p14246_rho79p0019,0.010372737599048125,57947.742199388784,18946.25774918289,18946.247372128997,ok,/home/elads/STAR/full_grid_solar_opacity/runs/T4p14246_rho79p0019/fac-opacity-cowan-state/starout.h5
4.142463257169461,113.53195339077567,fac-opacity-cowan-state,T4p14246_rho113p532,0.02241832976855488,46923.649349384636,16506.159166656784,16506.13674391419,ok,/home/elads/STAR/full_grid_solar_opacity/runs/T4p14246_rho113p532/fac-opacity-cowan-state/starout.h5
4.142463257169461,163.15426277379785,fac-opacity-cowan-state,T4p14246_rho163p154,0.04465378636729795,34471.64266475665,21175.66219669914,21175.61753713517,ok,/home/elads/STAR/full_grid_solar_opacity/runs/T4p14246_rho163p154/fac-opacity-cowan-state/starout.h5
4.142463257169461,234.46538763970608,fac-opacity-cowan-state,T4p14246_rho234p465,0.058866197259603036,26293.64973541045,16829.459729481892,16829.40085795335,ok,/home/elads/STAR/full_grid_solar_opacity/runs/T4p14246_rho234p465/fac-opacity-cowan-state/starout.h5
4.142463257169461,336.94503022121665,fac-opacity-cowan-state,T4p14246_rho336p945,0.06393311024217156,27056.897161947236,18267.175758871177,18267.111820061455,ok,/home/elads/STAR/full_grid_solar_opacity/runs/T4p14246_rho336p945/fac-opacity-cowan-state/starout.h5
4.142463257169461,484.21626123015125,fac-opacity-cowan-state,T4p14246_rho484p216,0.07203970214083828,29638.651161824233,21548.957576700093,21548.885530466825,ok,/home/elads/STAR/full_grid_solar_opacity/runs/T4p14246_rho484p216/fac-opacity-cowan-state/starout.h5
4.142463257169461,695.8564947100452,fac-opacity-cowan-state,T4p14246_rho695p856,0.10796578027316209,24039.951915921163,17109.57324379829,17109.465271195717,ok,/home/elads/STAR/full_grid_solar_opacity/runs/T4p14246_rho695p856/fac-opacity-cowan-state/starout.h5
4.142463257169461,1000.0,fac-opacity-cowan-state,T4p14246_rho1000,0.12096349025933002,22397.596302795682,15122.178800751888,15122.057830218057,ok,/home/elads/STAR/full_grid_solar_opacity/runs/T4p14246_rho1000/fac-opacity-cowan-state/starout.h5
4.560359274946154,1e-17,fac-opacity-cowan-state,T4p56036_rho1em17,0.34046426569957733,60.87648443333456,0.5889886359998405,0.24852050737195172,ok,/home/elads/STAR/full_grid_solar_opacity/runs/T4p56036_rho1em17/fac-opacity-cowan-state/starout.h5
4.560359274946154,1.4370779141993746e-17,fac-opacity-cowan-state,T4p56036_rho1p43708em17,0.34046425845199174,60.876549701648514,0.5889835319078611,0.24851541061114887,ok,/home/elads/STAR/full_grid_solar_opacity/runs/T4p56036_rho1p43708em17/fac-opacity-cowan-state/starout.h5
4.560359274946154,2.065192931479625e-17,fac-opacity-cowan-state,T4p56036_rho2p06519em17,0.34046372211390746,60.90597355989526,0.5912484327013174,0.2507808832348539,ok,/home/elads/STAR/full_grid_solar_opacity/runs/T4p56036_rho2p06519em17/fac-opacity-cowan-state/starout.h5
4.560359274946154,2.9678431503900313e-17,fac-opacity-cowan-state,T4p56036_rho2p96784em17,0.3404639583363333,60.88898344082396,0.589998827422863,0.24953102248361247,ok,/home/elads/STAR/full_grid_solar_opacity/runs/T4p56036_rho2p96784em17/fac-opacity-cowan-state/starout.h5
4.560359274946154,4.2650218442334076e-17,fac-opacity-cowan-state,T4p56036_rho4p26502em17,0.3404642650901037,60.87647716982778,0.5889885169168945,0.24852038880364302,ok,/home/elads/STAR/full_grid_solar_opacity/runs/T4p56036_rho4p26502em17/fac-opacity-cowan-state/starout.h5
4.560359274946154,6.129168695925715e-17,fac-opacity-cowan-state,T4p56036_rho6p12917em17,0.34046426884374764,60.87558262638975,0.5889430477469259,0.24847491498837337,ok,/home/elads/STAR/full_grid_solar_opacity/runs/T4p56036_rho6p12917em17/fac-opacity-cowan-state/starout.h5
4.560359274946154,8.808092965317026e-17,fac-opacity-cowan-state,T4p56036_rho8p80809em17,0.3404642571625155,60.87653350833482,0.5889829496960667,0.24851482948579587,ok,/home/elads/STAR/full_grid_solar_opacity/runs/T4p56036_rho8p80809em17/fac-opacity-cowan-state/starout.h5
4.560359274946154,1.2657915866672028e-16,fac-opacity-cowan-state,T4p56036_rho1p26579em16,0.3404642673230849,60.875718567190304,0.5889505664888618,0.24848243520274726,ok,/home/elads/STAR/full_grid_solar_opacity/runs/T4p56036_rho1p26579em16/fac-opacity-cowan-state/starout.h5
4.560359274946154,1.819041133178821e-16,fac-opacity-cowan-state,T4p56036_rho1p81904em16,0.34046425608826136,60.8765454193079,0.5889852532241593,0.24851713385667007,ok,/home/elads/STAR/full_grid_solar_opacity/runs/T4p56036_rho1p81904em16/fac-opacity-cowan-state/starout.h5
4.560359274946154,2.6141038375114865e-16,fac-opacity-cowan-state,T4p56036_rho2p6141em16,0.3404607404398304,62.49954488712668,0.5941489056461241,0.2536841355830553,ok,/home/elads/STAR/full_grid_solar_opacity/runs/T4p56036_rho2p6141em16/fac-opacity-cowan-state/starout.h5
4.560359274946154,3.7566708903116036e-16,fac-opacity-cowan-state,T4p56036_rho3p75667em16,0.3404555777188831,64.86797890064132,0.5806322211617966,0.2401727128407232,ok,/home/elads/STAR/full_grid_solar_opacity/runs/T4p56036_rho3p75667em16/fac-opacity-cowan-state/starout.h5
4.560359274946154,5.398628767382507e-16,fac-opacity-cowan-state,T4p56036_rho5p39863em16,0.34044814282889246,69.33665494406588,0.5817523520318908,0.2412999040981086,ok,/home/elads/STAR/full_grid_solar_opacity/runs/T4p56036_rho5p39863em16/fac-opacity-cowan-state/starout.h5
4.560359274946154,7.758250168566793e-16,fac-opacity-cowan-state,T4p56036_rho7p75825em16,0.3404407432774227,74.96689082695028,0.5904165754822933,0.24997099554543833,ok,/home/elads/STAR/full_grid_solar_opacity/runs/T4p56036_rho7p75825em16/fac-opacity-cowan-state/starout.h5
4.560359274946154,1.1149209970080914e-15,fac-opacity-cowan-state,T4p56036_rho1p11492em15,0.3404334514982771,82.29067473707128,0.5686949705524235,0.2282577876338622,ok,/home/elads/STAR/full_grid_solar_opacity/runs/T4p56036_rho1p11492em15/fac-opacity-cowan-state/starout.h5
4.560359274946154,1.6022283408774753e-15,fac-opacity-cowan-state,T4p56036_rho1p60223em15,0.34042657616651856,91.76680209994845,0.6022100719952236,0.26177947653049366,ok,/home/elads/STAR/full_grid_solar_opacity/runs/T4p56036_rho1p60223em15/fac-opacity-cowan-state/starout.h5
4.560359274946154,2.3025269621793266e-15,fac-opacity-cowan-state,T4p56036_rho2p30253em15,0.3404164170805476,102.77145904952286,0.6261644358398734,0.2857438625862074,ok,/home/elads/STAR/full_grid_solar_opacity/runs/T4p56036_rho2p30253em15/fac-opacity-cowan-state/starout.h5
4.560359274946154,3.308910644196489e-15,fac-opacity-cowan-state,T4p56036_rho3p30891em15,0.3404064722604519,115.68705732534937,0.6577482242574506,0.3173367424391333,ok,/home/elads/STAR/full_grid_solar_opacity/runs/T4p56036_rho3p30891em15/fac-opacity-cowan-state/starout.h5
4.560359274946154,4.755162406834019e-15,fac-opacity-cowan-state,T4p56036_rho4p75516em15,0.34039680366592384,129.97711346539086,0.6638468141513768,0.32344529939051736,ok,/home/elads/STAR/full_grid_solar_opacity/runs/T4p56036_rho4p75516em15/fac-opacity-cowan-state/starout.h5
4.560359274946154,6.8335388732923106e-15,fac-opacity-cowan-state,T4p56036_rho6p83354em15,0.3403862788133628,144.49851850528603,0.6880239681315476,0.3476323119580025,ok,/home/elads/STAR/full_grid_solar_opacity/runs/T4p56036_rho6p83354em15/fac-opacity-cowan-state/starout.h5
4.560359274946154,9.820327790631256e-15,fac-opacity-cowan-state,T4p56036_rho9p82033em15,0.34037677688364676,158.45847113399154,0.6789051520977513,0.33852319093712835,ok,/home/elads/STAR/full_grid_solar_opacity/runs/T4p56036_rho9p82033em15/fac-opacity-cowan-state/starout.h5
4.560359274946154,1.4112576178114521e-14,fac-opacity-cowan-state,T4p56036_rho1p41126em14,0.3403721722606072,171.37063966414024,0.6693044592954809,0.32892718489514455,ok,/home/elads/STAR/full_grid_solar_opacity/runs/T4p56036_rho1p41126em14/fac-opacity-cowan-state/starout.h5
4.560359274946154,2.0280871538024598e-14,fac-opacity-cowan-state,T4p56036_rho2p02809em14,0.34035586641063936,182.12684425488516,0.6500477316960382,0.30968725087847065,ok,/home/elads/STAR/full_grid_solar_opacity/runs/T4p56036_rho2p02809em14/fac-opacity-cowan-state/starout.h5
4.560359274946154,2.914519256800997e-14,fac-opacity-cowan-state,T4p56036_rho2p91452em14,0.3403472118979351,191.53789181952425,0.6833202128262941,0.34296809034122816,ok,/home/elads/STAR/full_grid_solar_opacity/runs/T4p56036_rho2p91452em14/fac-opacity-cowan-state/starout.h5
4.560359274946154,4.188391254457488e-14,fac-opacity-cowan-state,T4p56036_rho4p18839em14,0.3403414146315531,197.4876352294017,0.7173247324538143,0.37697772946274416,ok,/home/elads/STAR/full_grid_solar_opacity/runs/T4p56036_rho4p18839em14/fac-opacity-cowan-state/starout.h5
4.560359274946154,6.019044567806669e-14,fac-opacity-cowan-state,T4p56036_rho6p01904em14,0.3403248171748059,205.0205464148651,0.7236808914146213,0.38335038681766614,ok,/home/elads/STAR/full_grid_solar_opacity/runs/T4p56036_rho6p01904em14/fac-opacity-cowan-state/starout.h5
4.560359274946154,8.649836012976684e-14,fac-opacity-cowan-state,T4p56036_rho8p64984em14,0.34031930117162346,208.80207605165492,0.7311231275018482,0.39079798247230835,ok,/home/elads/STAR/full_grid_solar_opacity/runs/T4p56036_rho8p64984em14/fac-opacity-cowan-state/starout.h5
4.560359274946154,1.2430488295695167e-13,fac-opacity-cowan-state,T4p56036_rho1p24305em13,0.34030796025558674,214.12239782915134,0.7165929110584492,0.37627883636136117,ok,/home/elads/STAR/full_grid_solar_opacity/runs/T4p56036_rho1p24305em13/fac-opacity-cowan-state/starout.h5
4.560359274946154,1.7863580192457348e-13,fac-opacity-cowan-state,T4p56036_rho1p78636em13,0.3402985512132886,217.60343538901557,0.6984211939503716,0.35811674636079943,ok,/home/elads/STAR/full_grid_solar_opacity/runs/T4p56036_rho1p78636em13/fac-opacity-cowan-state/starout.h5
4.560359274946154,2.567135656310987e-13,fac-opacity-cowan-state,T4p56036_rho2p56714em13,0.3402885820800177,221.2321542840915,0.700484455541485,0.36019019069306674,ok,/home/elads/STAR/full_grid_solar_opacity/runs/T4p56036_rho2p56714em13/fac-opacity-cowan-state/starout.h5
4.560359274946154,3.6891739544382357e-13,fac-opacity-cowan-state,T4p56036_rho3p68917em13,0.3402784823669156,225.16137003962405,0.7324057629695399,0.3921208849586217,ok,/home/elads/STAR/full_grid_solar_opacity/runs/T4p56036_rho3p68917em13/fac-opacity-cowan-state/starout.h5
4.560359274946154,5.301630411562758e-13,fac-opacity-cowan-state,T4p56036_rho5p30163em13,0.3402697309203086,229.84389556738492,0.7296424086054883,0.38936688525874313,ok,/home/elads/STAR/full_grid_solar_opacity/runs/T4p56036_rho5p30163em13/fac-opacity-cowan-state/starout.h5
4.560359274946154,7.618855973704612e-13,fac-opacity-cowan-state,T4p56036_rho7p61886em13,0.34025776188359574,235.91001586705312,0.7326187684320018,0.3923541836782252,ok,/home/elads/STAR/full_grid_solar_opacity/runs/T4p56036_rho7p61886em13/fac-opacity-cowan-state/starout.h5
4.560359274946154,1.0948889651276868e-12,fac-opacity-cowan-state,T4p56036_rho1p09489em12,0.34024753304498623,243.28726556322982,0.7430446303287348,0.402790448130589,ok,/home/elads/STAR/full_grid_solar_opacity/runs/T4p56036_rho1p09489em12/fac-opacity-cowan-state/starout.h5
4.560359274946154,1.5734407502856082e-12,fac-opacity-cowan-state,T4p56036_rho1p57344em12,0.3402364699188273,252.37575735628548,0.7754356235595148,0.43519219207572685,ok,/home/elads/STAR/full_grid_solar_opacity/runs/T4p56036_rho1p57344em12/fac-opacity-cowan-state/starout.h5
4.560359274946154,2.26115695153675e-12,fac-opacity-cowan-state,T4p56036_rho2p26116em12,0.3402258046580347,263.225222446647,0.7844150010244261,0.4441827616938965,ok,/home/elads/STAR/full_grid_solar_opacity/runs/T4p56036_rho2p26116em12/fac-opacity-cowan-state/starout.h5
4.560359274946154,3.249458715591849e-12,fac-opacity-cowan-state,T4p56036_rho3p24946em12,0.34021500575385843,277.7489359766124,0.8121635935533742,0.471940762806618,ok,/home/elads/STAR/full_grid_solar_opacity/runs/T4p56036_rho3p24946em12/fac-opacity-cowan-state/starout.h5
4.560359274946154,4.669725353279713e-12,fac-opacity-cowan-state,T4p56036_rho4p66973em12,0.3402035603499225,291.72442716216773,0.8246315625724225,0.4844200576286486,ok,/home/elads/STAR/full_grid_solar_opacity/runs/T4p56036_rho4p66973em12/fac-opacity-cowan-state/starout.h5
4.560359274946154,6.710759170575148e-12,fac-opacity-cowan-state,T4p56036_rho6p71076em12,0.34019287688155997,305.18481122374675,0.8497300699922493,0.5095297294883459,ok,/home/elads/STAR/full_grid_solar_opacity/runs/T4p56036_rho6p71076em12/fac-opacity-cowan-state/starout.h5
4.560359274946154,9.64388379154446e-12,fac-opacity-cowan-state,T4p56036_rho9p64388em12,0.3401813194331309,320.4752969980738,0.9585618117838997,0.6183716656075187,ok,/home/elads/STAR/full_grid_solar_opacity/runs/T4p56036_rho9p64388em12/fac-opacity-cowan-state/starout.h5
4.560359274946154,1.3859012403933867e-11,fac-opacity-cowan-state,T4p56036_rho1p3859em11,0.3401732189916434,335.2780509662674,0.9790688220723157,0.6388878474488972,ok,/home/elads/STAR/full_grid_solar_opacity/runs/T4p56036_rho1p3859em11/fac-opacity-cowan-state/starout.h5
4.560359274946154,1.9916480638308542e-11,fac-opacity-cowan-state,T4p56036_rho1p99165em11,0.3401589268263653,349.52659321085093,0.9526480527221707,0.6124815246800678,ok,/home/elads/STAR/full_grid_solar_opacity/runs/T4p56036_rho1p99165em11/fac-opacity-cowan-state/starout.h5
4.560359274946154,2.8621534453892672e-11,fac-opacity-cowan-state,T4p56036_rho2p86215em11,0.3401442062083221,363.4163932078908,0.9829450561822711,0.6427949608940665,ok,/home/elads/STAR/full_grid_solar_opacity/runs/T4p56036_rho2p86215em11/fac-opacity-cowan-state/starout.h5
4.560359274946154,4.1131375034185614e-11,fac-opacity-cowan-state,T4p56036_rho4p11314em11,0.34013056424596516,376.7976335121103,1.0197564760289852,0.6796195880597289,ok,/home/elads/STAR/full_grid_solar_opacity/runs/T4p56036_rho4p11314em11/fac-opacity-cowan-state/starout.h5
4.560359274946154,5.910899064227969e-11,fac-opacity-cowan-state,T4p56036_rho5p9109em11,0.3401178061273014,387.8656385751432,1.0426866456651316,0.7025621513454721,ok,/home/elads/STAR/full_grid_solar_opacity/runs/T4p56036_rho5p9109em11/fac-opacity-cowan-state/starout.h5
4.560359274946154,8.4944224982638e-11,fac-opacity-cowan-state,T4p56036_rho8p49442em11,0.34010170022068487,396.9655260297738,1.0267197468808111,0.6866129460257422,ok,/home/elads/STAR/full_grid_solar_opacity/runs/T4p56036_rho8p49442em11/fac-opacity-cowan-state/starout.h5
4.560359274946154,1.2207146966133182e-10,fac-opacity-cowan-state,T4p56036_rho1p22071em10,0.3400869329165501,403.47190579694404,1.0653580692284053,0.7252675370817118,ok,/home/elads/STAR/full_grid_solar_opacity/runs/T4p56036_rho1p22071em10/fac-opacity-cowan-state/starout.h5
4.560359274946154,1.7542621300415897e-10,fac-opacity-cowan-state,T4p56036_rho1p75426em10,0.34006836343242763,413.88346000508614,1.1758739636678934,0.8358051531567581,ok,/home/elads/STAR/full_grid_solar_opacity/runs/T4p56036_rho1p75426em10/fac-opacity-cowan-state/starout.h5
4.560359274946154,2.52101136279913e-10,fac-opacity-cowan-state,T4p56036_rho2p52101em10,0.34004698242572806,423.7557444517586,1.292078051115602,0.9520337896722888,ok,/home/elads/STAR/full_grid_solar_opacity/runs/T4p56036_rho2p52101em10/fac-opacity-cowan-state/starout.h5
4.560359274946154,3.6228897509242966e-10,fac-opacity-cowan-state,T4p56036_rho3p62289em10,0.34002412432081724,431.94173758023845,1.3460182507014862,1.0060006441083613,ok,/home/elads/STAR/full_grid_solar_opacity/runs/T4p56036_rho3p62289em10/fac-opacity-cowan-state/starout.h5
4.560359274946154,5.20637484663258e-10,fac-opacity-cowan-state,T4p56036_rho5p20637em10,0.3399924932944172,441.425789870419,1.4442030530645222,1.104223281240301,ok,/home/elads/STAR/full_grid_solar_opacity/runs/T4p56036_rho5p20637em10/fac-opacity-cowan-state/starout.h5
4.560359274946154,7.481966305138837e-10,fac-opacity-cowan-state,T4p56036_rho7p48197em10,0.33995123997525184,452.5401470398899,1.5759393510400228,1.2360061597131615,ok,/home/elads/STAR/full_grid_solar_opacity/runs/T4p56036_rho7p48197em10/fac-opacity-cowan-state/starout.h5
4.560359274946154,1.0752168531898921e-09,fac-opacity-cowan-state,T4p56036_rho1p07522em09,0.3399037196587983,465.0943433469585,1.748171961025566,1.4082952965073294,ok,/home/elads/STAR/full_grid_solar_opacity/runs/T4p56036_rho1p07522em09/fac-opacity-cowan-state/starout.h5
4.560359274946154,1.5451703926941453e-09,fac-opacity-cowan-state,T4p56036_rho1p54517em09,0.3398352577583588,479.8063210937899,2.0104722876865906,1.6706738686025098,ok,/home/elads/STAR/full_grid_solar_opacity/runs/T4p56036_rho1p54517em09/fac-opacity-cowan-state/starout.h5
4.560359274946154,2.220530245015531e-09,fac-opacity-cowan-state,T4p56036_rho2p22053em09,0.33974368819727807,497.42226166826026,2.351481753782065,2.0117877329855745,ok,/home/elads/STAR/full_grid_solar_opacity/runs/T4p56036_rho2p22053em09/fac-opacity-cowan-state/starout.h5
4.560359274946154,3.1910749729235452e-09,fac-opacity-cowan-state,T4p56036_rho3p19107em09,0.3396205248956253,518.604283413871,2.9677884439026143,2.628252535073168,ok,/home/elads/STAR/full_grid_solar_opacity/runs/T4p56036_rho3p19107em09/fac-opacity-cowan-state/starout.h5
4.560359274946154,4.585823366142813e-09,fac-opacity-cowan-state,T4p56036_rho4p58582em09,0.33945234218852444,544.987746162249,3.0664949981785488,2.7270973295019676,ok,/home/elads/STAR/full_grid_solar_opacity/runs/T4p56036_rho4p58582em09/fac-opacity-cowan-state/starout.h5
4.560359274946154,6.590185477903269e-09,fac-opacity-cowan-state,T4p56036_rho6p59019em09,0.33921890785622305,577.3316913136638,3.5028946192223818,3.1637325223708235,ok,/home/elads/STAR/full_grid_solar_opacity/runs/T4p56036_rho6p59019em09/fac-opacity-cowan-state/starout.h5
4.560359274946154,9.470610000772238e-09,fac-opacity-cowan-state,T4p56036_rho9p47061em09,0.33889761188331136,617.8989162263437,4.362001955149783,4.023141325514827,ok,/home/elads/STAR/full_grid_solar_opacity/runs/T4p56036_rho9p47061em09/fac-opacity-cowan-state/starout.h5
4.560359274946154,1.3610004466105506e-08,fac-opacity-cowan-state,T4p56036_rho1p361em08,0.33845071972570917,671.0062579147457,4.808940319304099,4.470429150763702,ok,/home/elads/STAR/full_grid_solar_opacity/runs/T4p56036_rho1p361em08/fac-opacity-cowan-state/starout.h5
4.560359274946154,1.9558636830395073e-08,fac-opacity-cowan-state,T4p56036_rho1p95586em08,0.33783063646900957,740.3401524761347,6.603803679841413,6.26589006968512,ok,/home/elads/STAR/full_grid_solar_opacity/runs/T4p56036_rho1p95586em08/fac-opacity-cowan-state/starout.h5
4.560359274946154,2.810728502080722e-08,fac-opacity-cowan-state,T4p56036_rho2p81073em08,0.3369750271787825,831.6119542026237,8.239371344830536,7.90226622053482,ok,/home/elads/STAR/full_grid_solar_opacity/runs/T4p56036_rho2p81073em08/fac-opacity-cowan-state/starout.h5
4.560359274946154,4.039235853150913e-08,fac-opacity-cowan-state,T4p56036_rho4p03924em08,0.33576769331932615,948.8075287115714,10.575287011180922,10.239078085865726,ok,/home/elads/STAR/full_grid_solar_opacity/runs/T4p56036_rho4p03924em08/fac-opacity-cowan-state/starout.h5
4.560359274946154,5.804696634805446e-08,fac-opacity-cowan-state,T4p56036_rho5p8047em08,0.33417329816985497,1107.3968383714262,13.411893772486081,13.0770867944254,ok,/home/elads/STAR/full_grid_solar_opacity/runs/T4p56036_rho5p8047em08/fac-opacity-cowan-state/starout.h5
4.560359274946154,8.341801332506338e-08,fac-opacity-cowan-state,T4p56036_rho8p3418em08,0.3320287902543216,1316.2566825422819,17.402576109660806,17.069637782376212,ok,/home/elads/STAR/full_grid_solar_opacity/runs/T4p56036_rho8p3418em08/fac-opacity-cowan-state/starout.h5
4.560359274946154,1.1987818459583772e-07,fac-opacity-cowan-state,T4p56036_rho1p19878em07,0.32918655233496746,1587.3637609145512,24.118203541684633,23.787876217929508,ok,/home/elads/STAR/full_grid_solar_opacity/runs/T4p56036_rho1p19878em07/fac-opacity-cowan-state/starout.h5
4.560359274946154,1.7227429147699408e-07,fac-opacity-cowan-state,T4p56036_rho1p72274em07,0.3254813776234605,1956.1130298273863,31.977853401366893,31.651117416168514,ok,/home/elads/STAR/full_grid_solar_opacity/runs/T4p56036_rho1p72274em07/fac-opacity-cowan-state/starout.h5
4.560359274946154,2.4757157946593376e-07,fac-opacity-cowan-state,T4p56036_rho2p47572em07,0.3207721815530414,2383.1507433330817,46.23820392460878,45.91669342051065,ok,/home/elads/STAR/full_grid_solar_opacity/runs/T4p56036_rho2p47572em07/fac-opacity-cowan-state/starout.h5
4.560359274946154,3.557796490339488e-07,fac-opacity-cowan-state,T4p56036_rho3p5578em07,0.31493246044409806,2893.394564049536,59.11197749979854,58.79568441479736,ok,/home/elads/STAR/full_grid_solar_opacity/runs/T4p56036_rho3p5578em07/fac-opacity-cowan-state/starout.h5
4.560359274946154,5.112830759482948e-07,fac-opacity-cowan-state,T4p56036_rho5p11283em07,0.30788936085302543,3471.673091416675,87.82567901440913,87.51656817686978,ok,/home/elads/STAR/full_grid_solar_opacity/runs/T4p56036_rho5p11283em07/fac-opacity-cowan-state/starout.h5
4.560359274946154,7.347536163492159e-07,fac-opacity-cowan-state,T4p56036_rho7p34754em07,0.29964054637095405,4130.881479871696,118.84320696942149,118.54329721047449,ok,/home/elads/STAR/full_grid_solar_opacity/runs/T4p56036_rho7p34754em07/fac-opacity-cowan-state/starout.h5
4.560359274946154,1.0558981944335787e-06,fac-opacity-cowan-state,T4p56036_rho1p0559em06,0.2902575062858312,4761.209931068398,156.0726850410346,155.78281532711227,ok,/home/elads/STAR/full_grid_solar_opacity/runs/T4p56036_rho1p0559em06/fac-opacity-cowan-state/starout.h5
4.560359274946154,1.517407974863493e-06,fac-opacity-cowan-state,T4p56036_rho1p51741em06,0.2798664453664249,5409.39740579856,211.7292972405473,211.45146957051864,ok,/home/elads/STAR/full_grid_solar_opacity/runs/T4p56036_rho1p51741em06/fac-opacity-cowan-state/starout.h5
4.560359274946154,2.1806334875063253e-06,fac-opacity-cowan-state,T4p56036_rho2p18063em06,0.26865645311395836,6030.737279036115,298.2024295452919,297.936096122343,ok,/home/elads/STAR/full_grid_solar_opacity/runs/T4p56036_rho2p18063em06/fac-opacity-cowan-state/starout.h5
4.560359274946154,3.1337402238588983e-06,fac-opacity-cowan-state,T4p56036_rho3p13374em06,0.25684287941201805,6608.112577219989,419.9477120595622,419.6944269608248,ok,/home/elads/STAR/full_grid_solar_opacity/runs/T4p56036_rho3p13374em06/fac-opacity-cowan-state/starout.h5
4.560359274946154,4.503428864545845e-06,fac-opacity-cowan-state,T4p56036_rho4p50343em06,0.2447109562832727,7175.713064646626,500.8459965203939,500.6046885013053,ok,/home/elads/STAR/full_grid_solar_opacity/runs/T4p56036_rho4p50343em06/fac-opacity-cowan-state/starout.h5
4.560359274946154,6.471778159406801e-06,fac-opacity-cowan-state,T4p56036_rho6p47178em06,0.23256312489752465,7755.634871395468,682.8154597413935,682.5877475976845,ok,/home/elads/STAR/full_grid_solar_opacity/runs/T4p56036_rho6p47178em06/fac-opacity-cowan-state/starout.h5
4.560359274946154,9.300449458481393e-06,fac-opacity-cowan-state,T4p56036_rho9p30045em06,0.22072002930556883,8387.258494624992,911.3119349876879,911.0966874380216,ok,/home/elads/STAR/full_grid_solar_opacity/runs/T4p56036_rho9p30045em06/fac-opacity-cowan-state/starout.h5
4.560359274946154,1.3365470508911143e-05,fac-opacity-cowan-state,T4p56036_rho1p33655em05,0.20947754240538158,9133.79902682936,1180.3589593098525,1180.1552083590948,ok,/home/elads/STAR/full_grid_solar_opacity/runs/T4p56036_rho1p33655em05/fac-opacity-cowan-state/starout.h5
4.560359274946154,1.920722248123928e-05,fac-opacity-cowan-state,T4p56036_rho1p92072em05,0.19907574259038635,10074.60947940847,1639.1371096904645,1638.9439093906517,ok,/home/elads/STAR/full_grid_solar_opacity/runs/T4p56036_rho1p92072em05/fac-opacity-cowan-state/starout.h5
4.560359274946154,2.760227522090268e-05,fac-opacity-cowan-state,T4p56036_rho2p76023em05,0.1896580794038374,11306.962696243947,2174.7098366643518,2174.5256281729166,ok,/home/elads/STAR/full_grid_solar_opacity/runs/T4p56036_rho2p76023em05/fac-opacity-cowan-state/starout.h5
4.560359274946154,3.966662010161191e-05,fac-opacity-cowan-state,T4p56036_rho3p96666em05,0.18127670378539865,13074.309638531715,3108.859691587447,3108.6823326985545,ok,/home/elads/STAR/full_grid_solar_opacity/runs/T4p56036_rho3p96666em05/fac-opacity-cowan-state/starout.h5
4.560359274946154,5.7004023678963655e-05,fac-opacity-cowan-state,T4p56036_rho5p7004em05,0.17391057519943537,15739.480647345696,4968.574431965723,4968.402766932579,ok,/home/elads/STAR/full_grid_solar_opacity/runs/T4p56036_rho5p7004em05/fac-opacity-cowan-state/starout.h5
4.560359274946154,8.191922344953684e-05,fac-opacity-cowan-state,T4p56036_rho8p19192em05,0.1674738305527582,19171.11855162779,6789.239752713433,6789.074171440837,ok,/home/elads/STAR/full_grid_solar_opacity/runs/T4p56036_rho8p19192em05/fac-opacity-cowan-state/starout.h5
4.560359274946154,0.00011772430676769293,fac-opacity-cowan-state,T4p56036_rho0p000117724,0.16186992349434734,23502.62962945516,9238.057203791088,9237.89686114205,ok,/home/elads/STAR/full_grid_solar_opacity/runs/T4p56036_rho0p000117724/fac-opacity-cowan-state/starout.h5
4.560359274946154,0.00016917900122028344,fac-opacity-cowan-state,T4p56036_rho0p000169179,0.1569822423973531,28511.867481145506,11319.079805408632,11318.924347061682,ok,/home/elads/STAR/full_grid_solar_opacity/runs/T4p56036_rho0p000169179/fac-opacity-cowan-state/starout.h5
4.560359274946154,0.0002431234061999784,fac-opacity-cowan-state,T4p56036_rho0p000243123,0.15268486555616237,35379.52802219648,14839.607698202666,14839.456136335417,ok,/home/elads/STAR/full_grid_solar_opacity/runs/T4p56036_rho0p000243123/fac-opacity-cowan-state/starout.h5
4.560359274946154,0.0003493872774749123,fac-opacity-cowan-state,T4p56036_rho0p000349387,0.14886417702756435,44303.776999908296,18845.079615747345,18844.931520983646,ok,/home/elads/STAR/full_grid_solar_opacity/runs/T4p56036_rho0p000349387/fac-opacity-cowan-state/starout.h5
4.560359274946154,0.0005020967399614471,fac-opacity-cowan-state,T4p56036_rho0p000502097,0.1454299386761086,54271.65664583211,22315.904226945175,22315.759398218182,ok,/home/elads/STAR/full_grid_solar_opacity/runs/T4p56036_rho0p000502097/fac-opacity-cowan-state/starout.h5
4.560359274946154,0.0007215521357901021,fac-opacity-cowan-state,T4p56036_rho0p000721552,0.14235293168376814,65233.19367782267,26546.85733222588,26546.71540051703,ok,/home/elads/STAR/full_grid_solar_opacity/runs/T4p56036_rho0p000721552/fac-opacity-cowan-state/starout.h5
4.560359274946154,0.0010369266382873438,fac-opacity-cowan-state,T4p56036_rho0p00103693,0.1395251032691751,79239.58107616214,30937.859236426208,30937.719948293612,ok,/home/elads/STAR/full_grid_solar_opacity/runs/T4p56036_rho0p00103693/fac-opacity-cowan-state/starout.h5
4.560359274946154,0.0014901443705277455,fac-opacity-cowan-state,T4p56036_rho0p00149014,0.13678332096503412,95949.05238947042,36334.61199968766,36334.475315447475,ok,/home/elads/STAR/full_grid_solar_opacity/runs/T4p56036_rho0p00149014/fac-opacity-cowan-state/starout.h5
4.560359274946154,0.002141453563853953,fac-opacity-cowan-state,T4p56036_rho0p00214145,0.1337916664927871,115282.15003030175,41775.385644985276,41775.25186999383,ok,/home/elads/STAR/full_grid_solar_opacity/runs/T4p56036_rho0p00214145/fac-opacity-cowan-state/starout.h5
4.560359274946154,0.003077435620898055,fac-opacity-cowan-state,T4p56036_rho0p00307744,0.13010264787998735,137374.34119507342,47105.787247260065,47105.65711614117,ok,/home/elads/STAR/full_grid_solar_opacity/runs/T4p56036_rho0p00307744/fac-opacity-cowan-state/starout.h5
4.560359274946154,0.004422514763163053,fac-opacity-cowan-state,T4p56036_rho0p00442251,0.1250079271755093,160306.19006157544,52444.85088033615,52444.72582361875,ok,/home/elads/STAR/full_grid_solar_opacity/runs/T4p56036_rho0p00442251/fac-opacity-cowan-state/starout.h5
4.560359274946154,0.006355498291362301,fac-opacity-cowan-state,T4p56036_rho0p0063555,0.11768546684548303,181937.94306115096,58052.4858117563,58052.368069738746,ok,/home/elads/STAR/full_grid_solar_opacity/runs/T4p56036_rho0p0063555/fac-opacity-cowan-state/starout.h5
4.560359274946154,0.009133346228248624,fac-opacity-cowan-state,T4p56036_rho0p00913335,0.10786278967131098,196749.84549640777,61927.36265879065,61927.25474162174,ok,/home/elads/STAR/full_grid_solar_opacity/runs/T4p56036_rho0p00913335/fac-opacity-cowan-state/starout.h5
4.560359274946154,0.01312533014735226,fac-opacity-cowan-state,T4p56036_rho0p0131253,0.09552916042982318,200929.26128641824,63513.83223740603,63513.73666168912,ok,/home/elads/STAR/full_grid_solar_opacity/runs/T4p56036_rho0p0131253/fac-opacity-cowan-state/starout.h5
4.560359274946154,0.018862122071335155,fac-opacity-cowan-state,T4p56036_rho0p0188621,0.08178548311363468,193258.70823718788,62512.38904549734,62512.307223567055,ok,/home/elads/STAR/full_grid_solar_opacity/runs/T4p56036_rho0p0188621/fac-opacity-cowan-state/starout.h5
4.560359274946154,0.02710633904364831,fac-opacity-cowan-state,T4p56036_rho0p0271063,0.06871064957167265,176698.7987082783,59362.439562645835,59362.370825695005,ok,/home/elads/STAR/full_grid_solar_opacity/runs/T4p56036_rho0p0271063/fac-opacity-cowan-state/starout.h5
4.560359274946154,0.038953921174427183,fac-opacity-cowan-state,T4p56036_rho0p0389539,0.05841442411783412,158706.64379479154,55778.811158651144,55778.75272568512,ok,/home/elads/STAR/full_grid_solar_opacity/runs/T4p56036_rho0p0389539/fac-opacity-cowan-state/starout.h5
4.560359274946154,0.0559798197912329,fac-opacity-cowan-state,T4p56036_rho0p0559798,0.0544450936051464,143035.55885385114,53092.13953103564,53092.08507244846,ok,/home/elads/STAR/full_grid_solar_opacity/runs/T4p56036_rho0p0559798/fac-opacity-cowan-state/starout.h5
4.560359274946154,0.08044736266284185,fac-opacity-cowan-state,T4p56036_rho0p0804474,0.051732801854707015,132358.79792146356,51139.20793543692,51139.15619194165,ok,/home/elads/STAR/full_grid_solar_opacity/runs/T4p56036_rho0p0804474/fac-opacity-cowan-state/starout.h5
4.560359274946154,0.11560912813835741,fac-opacity-cowan-state,T4p56036_rho0p115609,0.047685268198935406,124950.52826277807,49537.06100107375,49537.013306615976,ok,/home/elads/STAR/full_grid_solar_opacity/runs/T4p56036_rho0p115609/fac-opacity-cowan-state/starout.h5
4.560359274946154,0.1661393247274789,fac-opacity-cowan-state,T4p56036_rho0p166139,0.04853441679751019,115529.95398542777,47585.94849219193,47585.899949692764,ok,/home/elads/STAR/full_grid_solar_opacity/runs/T4p56036_rho0p166139/fac-opacity-cowan-state/starout.h5
4.560359274946154,0.23875515424585794,fac-opacity-cowan-state,T4p56036_rho0p238755,0.04768992162508323,106039.42242469474,46120.56994334822,46120.5222457986,ok,/home/elads/STAR/full_grid_solar_opacity/runs/T4p56036_rho0p238755/fac-opacity-cowan-state/starout.h5
4.560359274946154,0.34310975906798746,fac-opacity-cowan-state,T4p56036_rho0p34311,0.04553574154489184,96247.70461584414,44880.45085815957,44880.40531500765,ok,/home/elads/STAR/full_grid_solar_opacity/runs/T4p56036_rho0p34311/fac-opacity-cowan-state/starout.h5
4.560359274946154,0.49307545690287347,fac-opacity-cowan-state,T4p56036_rho0p493075,0.04130401514767068,88553.60481045292,44219.794250396844,44219.75293906038,ok,/home/elads/STAR/full_grid_solar_opacity/runs/T4p56036_rho0p493075/fac-opacity-cowan-state/starout.h5
4.560359274946154,0.7085878491488851,fac-opacity-cowan-state,T4p56036_rho0p708588,0.037122189595006884,81460.30703465792,42950.5125269876,42950.47539761409,ok,/home/elads/STAR/full_grid_solar_opacity/runs/T4p56036_rho0p708588/fac-opacity-cowan-state/starout.h5
4.560359274946154,1.0182959482819007,fac-opacity-cowan-state,T4p56036_rho1p0183,0.0331124098588459,75638.1350264397,40633.07840178163,40633.04528243217,ok,/home/elads/STAR/full_grid_solar_opacity/runs/T4p56036_rho1p0183/fac-opacity-cowan-state/starout.h5
4.560359274946154,1.4633706173946401,fac-opacity-cowan-state,T4p56036_rho1p46337,0.029412062028455647,71372.32260134998,37746.39556219618,37746.36614353102,ok,/home/elads/STAR/full_grid_solar_opacity/runs/T4p56036_rho1p46337/fac-opacity-cowan-state/starout.h5
4.560359274946154,2.1029775945461404,fac-opacity-cowan-state,T4p56036_rho2p10298,0.026430269986084495,68046.71798467747,34563.17210317381,34563.14566671363,ok,/home/elads/STAR/full_grid_solar_opacity/runs/T4p56036_rho2p10298/fac-opacity-cowan-state/starout.h5
4.560359274946154,3.0221426551783854,fac-opacity-cowan-state,T4p56036_rho3p02214,0.024516352016783562,65038.422969787236,31172.362088131056,31172.33756605066,ok,/home/elads/STAR/full_grid_solar_opacity/runs/T4p56036_rho3p02214/fac-opacity-cowan-state/starout.h5
4.560359274946154,4.343054463316713,fac-opacity-cowan-state,T4p56036_rho4p34305,0.023614162336032734,62001.76170478469,27446.912171799475,27446.888552421988,ok,/home/elads/STAR/full_grid_solar_opacity/runs/T4p56036_rho4p34305/fac-opacity-cowan-state/starout.h5
4.560359274946154,6.241307649397467,fac-opacity-cowan-state,T4p56036_rho6p24131,0.02410896599035202,58803.63618062419,23235.581679726693,23235.557566093477,ok,/home/elads/STAR/full_grid_solar_opacity/runs/T4p56036_rho6p24131/fac-opacity-cowan-state/starout.h5
4.560359274946154,8.969245378672715,fac-opacity-cowan-state,T4p56036_rho8p96925,0.02314623073536948,56264.61952961597,19460.20688908741,19460.18373869988,ok,/home/elads/STAR/full_grid_solar_opacity/runs/T4p56036_rho8p96925/fac-opacity-cowan-state/starout.h5
4.560359274946154,12.889504440725364,fac-opacity-cowan-state,T4p56036_rho12p8895,0.01803231449218832,54968.07953192291,17299.35157573934,17299.33353972529,ok,/home/elads/STAR/full_grid_solar_opacity/runs/T4p56036_rho12p8895/fac-opacity-cowan-state/starout.h5
4.560359274946154,18.52322215674118,fac-opacity-cowan-state,T4p56036_rho18p5232,0.0138640442080135,53812.90702727219,16048.080950585407,16048.067083199454,ok,/home/elads/STAR/full_grid_solar_opacity/runs/T4p56036_rho18p5232/fac-opacity-cowan-state/starout.h5
4.560359274946154,26.61931346126126,fac-opacity-cowan-state,T4p56036_rho26p6193,0.010309021469049263,52621.10595967471,15326.298698586279,15326.288386511103,ok,/home/elads/STAR/full_grid_solar_opacity/runs/T4p56036_rho26p6193/fac-opacity-cowan-state/starout.h5
4.560359274946154,38.254027466328665,fac-opacity-cowan-state,T4p56036_rho38p254,0.006944312576329442,51359.85728466687,16275.275282301656,16275.268334988368,ok,/home/elads/STAR/full_grid_solar_opacity/runs/T4p56036_rho38p254/fac-opacity-cowan-state/starout.h5
4.560359274946154,54.97401800103719,fac-opacity-cowan-state,T4p56036_rho54p974,0.006207111838929027,49318.22405635138,17633.46154641191,17633.455336145416,ok,/home/elads/STAR/full_grid_solar_opacity/runs/T4p56036_rho54p974/fac-opacity-cowan-state/starout.h5
4.560359274946154,79.0019471240894,fac-opacity-cowan-state,T4p56036_rho79p0019,0.011723432299967704,46276.78861538006,19725.151908353833,19725.140181199713,ok,/home/elads/STAR/full_grid_solar_opacity/runs/T4p56036_rho79p0019/fac-opacity-cowan-state/starout.h5
4.560359274946154,113.53195339077567,fac-opacity-cowan-state,T4p56036_rho113p532,0.023075985420261628,38314.383645633905,17309.15866215012,17309.135582295163,ok,/home/elads/STAR/full_grid_solar_opacity/runs/T4p56036_rho113p532/fac-opacity-cowan-state/starout.h5
4.560359274946154,163.15426277379785,fac-opacity-cowan-state,T4p56036_rho163p154,0.04279647483462012,30515.77289010471,20008.150394706125,20008.107593569443,ok,/home/elads/STAR/full_grid_solar_opacity/runs/T4p56036_rho163p154/fac-opacity-cowan-state/starout.h5
4.560359274946154,234.46538763970608,fac-opacity-cowan-state,T4p56036_rho234p465,0.05550695951204328,24652.903374182875,16211.903669680925,16211.848158252042,ok,/home/elads/STAR/full_grid_solar_opacity/runs/T4p56036_rho234p465/fac-opacity-cowan-state/starout.h5
4.560359274946154,336.94503022121665,fac-opacity-cowan-state,T4p56036_rho336p945,0.0602116714079236,25252.894741832206,17413.601852750755,17413.541636303107,ok,/home/elads/STAR/full_grid_solar_opacity/runs/T4p56036_rho336p945/fac-opacity-cowan-state/starout.h5
4.560359274946154,484.21626123015125,fac-opacity-cowan-state,T4p56036_rho484p216,0.06865082398299938,26834.697510493097,19788.320629349022,19788.251973126822,ok,/home/elads/STAR/full_grid_solar_opacity/runs/T4p56036_rho484p216/fac-opacity-cowan-state/starout.h5
4.560359274946154,695.8564947100452,fac-opacity-cowan-state,T4p56036_rho695p856,0.10322088871679416,21280.18897181242,15711.498449761111,15711.395223007767,ok,/home/elads/STAR/full_grid_solar_opacity/runs/T4p56036_rho695p856/fac-opacity-cowan-state/starout.h5
4.560359274946154,1000.0,fac-opacity-cowan-state,T4p56036_rho1000,0.1155733527552177,19548.119479152272,13963.839450504203,13963.723871009894,ok,/home/elads/STAR/full_grid_solar_opacity/runs/T4p56036_rho1000/fac-opacity-cowan-state/starout.h5
5.020413079245481,1e-17,fac-opacity-cowan-state,T5p02041_rho1em17,0.3405012164216232,59.217392484056866,0.5831826734892304,0.24267813447159053,ok,/home/elads/STAR/full_grid_solar_opacity/runs/T5p02041_rho1em17/fac-opacity-cowan-state/starout.h5
5.020413079245481,1.4370779141993746e-17,fac-opacity-cowan-state,T5p02041_rho1p43708em17,0.3405012187904351,59.21735568570857,0.5831746651857844,0.2426701240541619,ok,/home/elads/STAR/full_grid_solar_opacity/runs/T5p02041_rho1p43708em17/fac-opacity-cowan-state/starout.h5
5.020413079245481,2.065192931479625e-17,fac-opacity-cowan-state,T5p02041_rho2p06519em17,0.3405002431401419,59.30953938850154,0.5831608019938642,0.24265752566644974,ok,/home/elads/STAR/full_grid_solar_opacity/runs/T5p02041_rho2p06519em17/fac-opacity-cowan-state/starout.h5
5.020413079245481,2.9678431503900313e-17,fac-opacity-cowan-state,T5p02041_rho2p96784em17,0.3405012222014634,59.21730874923358,0.5831642951513403,0.24265975096875253,ok,/home/elads/STAR/full_grid_solar_opacity/runs/T5p02041_rho2p96784em17/fac-opacity-cowan-state/starout.h5
5.020413079245481,4.2650218442334076e-17,fac-opacity-cowan-state,T5p02041_rho4p26502em17,0.34050122449685055,59.21727310940284,0.5831566463778953,0.24265210013394603,ok,/home/elads/STAR/full_grid_solar_opacity/runs/T5p02041_rho4p26502em17/fac-opacity-cowan-state/starout.h5
5.020413079245481,6.129168695925715e-17,fac-opacity-cowan-state,T5p02041_rho6p12917em17,0.34050027223711515,59.309490758373435,0.5831414095152196,0.24263810547814935,ok,/home/elads/STAR/full_grid_solar_opacity/runs/T5p02041_rho6p12917em17/fac-opacity-cowan-state/starout.h5
5.020413079245481,8.808092965317026e-17,fac-opacity-cowan-state,T5p02041_rho8p80809em17,0.3405015887877727,59.20870772822609,0.581039321405044,0.2405344712676649,ok,/home/elads/STAR/full_grid_solar_opacity/runs/T5p02041_rho8p80809em17/fac-opacity-cowan-state/starout.h5
5.020413079245481,1.2657915866672028e-16,fac-opacity-cowan-state,T5p02041_rho1p26579em16,0.34050123208763416,59.21715350146503,0.5831314788391044,0.24262692585316528,ok,/home/elads/STAR/full_grid_solar_opacity/runs/T5p02041_rho1p26579em16/fac-opacity-cowan-state/starout.h5
5.020413079245481,1.819041133178821e-16,fac-opacity-cowan-state,T5p02041_rho1p81904em16,0.3405012607385004,59.217114921943484,0.5831220983675245,0.2426175175785676,ok,/home/elads/STAR/full_grid_solar_opacity/runs/T5p02041_rho1p81904em16/fac-opacity-cowan-state/starout.h5
5.020413079245481,2.6141038375114865e-16,fac-opacity-cowan-state,T5p02041_rho2p6141em16,0.3405005167353607,59.305957024539374,0.5828742749356582,0.2423704550554587,ok,/home/elads/STAR/full_grid_solar_opacity/runs/T5p02041_rho2p6141em16/fac-opacity-cowan-state/starout.h5
5.020413079245481,3.7566708903116036e-16,fac-opacity-cowan-state,T5p02041_rho3p75667em16,0.34049706676027974,59.48482763904401,0.5902782364131866,0.2497779827261311,ok,/home/elads/STAR/full_grid_solar_opacity/runs/T5p02041_rho3p75667em16/fac-opacity-cowan-state/starout.h5
5.020413079245481,5.398628767382507e-16,fac-opacity-cowan-state,T5p02041_rho5p39863em16,0.34049264920526245,59.63657405503432,0.6030585300908224,0.26256279013460854,ok,/home/elads/STAR/full_grid_solar_opacity/runs/T5p02041_rho5p39863em16/fac-opacity-cowan-state/starout.h5
5.020413079245481,7.758250168566793e-16,fac-opacity-cowan-state,T5p02041_rho7p75825em16,0.3404907768011931,59.804098907636664,0.6022665431216347,0.2617733214042175,ok,/home/elads/STAR/full_grid_solar_opacity/runs/T5p02041_rho7p75825em16/fac-opacity-cowan-state/starout.h5
5.020413079245481,1.1149209970080914e-15,fac-opacity-cowan-state,T5p02041_rho1p11492em15,0.34048554932488456,60.452667811315514,0.6248123001978402,0.28432363660034593,ok,/home/elads/STAR/full_grid_solar_opacity/runs/T5p02041_rho1p11492em15/fac-opacity-cowan-state/starout.h5
5.020413079245481,1.6022283408774753e-15,fac-opacity-cowan-state,T5p02041_rho1p60223em15,0.34048091310864653,60.61121999342566,0.6191810542718359,0.2786967370147455,ok,/home/elads/STAR/full_grid_solar_opacity/runs/T5p02041_rho1p60223em15/fac-opacity-cowan-state/starout.h5
5.020413079245481,2.3025269621793266e-15,fac-opacity-cowan-state,T5p02041_rho2p30253em15,0.34047493270533064,62.222072200403076,0.627360051772314,0.2868811428611067,ok,/home/elads/STAR/full_grid_solar_opacity/runs/T5p02041_rho2p30253em15/fac-opacity-cowan-state/starout.h5
5.020413079245481,3.308910644196489e-15,fac-opacity-cowan-state,T5p02041_rho3p30891em15,0.34046937543821215,63.31310187613499,0.6051526649639927,0.26468033481825765,ok,/home/elads/STAR/full_grid_solar_opacity/runs/T5p02041_rho3p30891em15/fac-opacity-cowan-state/starout.h5
5.020413079245481,4.755162406834019e-15,fac-opacity-cowan-state,T5p02041_rho4p75516em15,0.3404623174677432,64.93173509906713,0.6190714981293344,0.27860642766731164,ok,/home/elads/STAR/full_grid_solar_opacity/runs/T5p02041_rho4p75516em15/fac-opacity-cowan-state/starout.h5
5.020413079245481,6.8335388732923106e-15,fac-opacity-cowan-state,T5p02041_rho6p83354em15,0.3404533687789073,67.02744571431155,0.6292341899975077,0.2887776672821851,ok,/home/elads/STAR/full_grid_solar_opacity/runs/T5p02041_rho6p83354em15/fac-opacity-cowan-state/starout.h5
5.020413079245481,9.820327790631256e-15,fac-opacity-cowan-state,T5p02041_rho9p82033em15,0.34044338537312074,70.7453090527233,0.6289926733958607,0.2885452623780063,ok,/home/elads/STAR/full_grid_solar_opacity/runs/T5p02041_rho9p82033em15/fac-opacity-cowan-state/starout.h5
5.020413079245481,1.4112576178114521e-14,fac-opacity-cowan-state,T5p02041_rho1p41126em14,0.3404352512203357,75.52205803203506,0.6132668552903332,0.27282797971580414,ok,/home/elads/STAR/full_grid_solar_opacity/runs/T5p02041_rho1p41126em14/fac-opacity-cowan-state/starout.h5
5.020413079245481,2.0280871538024598e-14,fac-opacity-cowan-state,T5p02041_rho2p02809em14,0.340427814019747,81.76161779599764,0.6209006683664433,0.2804685247739028,ok,/home/elads/STAR/full_grid_solar_opacity/runs/T5p02041_rho2p02809em14/fac-opacity-cowan-state/starout.h5
5.020413079245481,2.914519256800997e-14,fac-opacity-cowan-state,T5p02041_rho2p91452em14,0.3404191135445423,89.87862691773464,0.6343789369922684,0.29395580560294243,ok,/home/elads/STAR/full_grid_solar_opacity/runs/T5p02041_rho2p91452em14/fac-opacity-cowan-state/starout.h5
5.020413079245481,4.188391254457488e-14,fac-opacity-cowan-state,T5p02041_rho4p18839em14,0.34040972881744946,99.61431982251436,0.6752672365395644,0.3348532004725322,ok,/home/elads/STAR/full_grid_solar_opacity/runs/T5p02041_rho4p18839em14/fac-opacity-cowan-state/starout.h5
5.020413079245481,6.019044567806669e-14,fac-opacity-cowan-state,T5p02041_rho6p01904em14,0.340398648910267,110.33748104328797,0.7078252718365959,0.36742210743461495,ok,/home/elads/STAR/full_grid_solar_opacity/runs/T5p02041_rho6p01904em14/fac-opacity-cowan-state/starout.h5
5.020413079245481,8.649836012976684e-14,fac-opacity-cowan-state,T5p02041_rho8p64984em14,0.34038883367237954,122.3691566678423,0.7217575277736648,0.38136413359280535,ok,/home/elads/STAR/full_grid_solar_opacity/runs/T5p02041_rho8p64984em14/fac-opacity-cowan-state/starout.h5
5.020413079245481,1.2430488295695167e-13,fac-opacity-cowan-state,T5p02041_rho1p24305em13,0.34037882475526193,134.4833902199796,0.7557609429548733,0.4153770480470909,ok,/home/elads/STAR/full_grid_solar_opacity/runs/T5p02041_rho1p24305em13/fac-opacity-cowan-state/starout.h5
5.020413079245481,1.7863580192457348e-13,fac-opacity-cowan-state,T5p02041_rho1p78636em13,0.3403690922151758,145.99524415564366,0.7587246020767133,0.41835011212763035,ok,/home/elads/STAR/full_grid_solar_opacity/runs/T5p02041_rho1p78636em13/fac-opacity-cowan-state/starout.h5
5.020413079245481,2.567135656310987e-13,fac-opacity-cowan-state,T5p02041_rho2p56714em13,0.34036332365470084,156.98117405305626,0.7531599714350491,0.41279145554071855,ok,/home/elads/STAR/full_grid_solar_opacity/runs/T5p02041_rho2p56714em13/fac-opacity-cowan-state/starout.h5
5.020413079245481,3.6891739544382357e-13,fac-opacity-cowan-state,T5p02041_rho3p68917em13,0.3403476023367084,165.96505110926864,0.7295194487020068,0.38916753639432367,ok,/home/elads/STAR/full_grid_solar_opacity/runs/T5p02041_rho3p68917em13/fac-opacity-cowan-state/starout.h5
5.020413079245481,5.301630411562758e-13,fac-opacity-cowan-state,T5p02041_rho5p30163em13,0.34033810415850446,173.88047810550003,0.7319727376705312,0.39162975471803246,ok,/home/elads/STAR/full_grid_solar_opacity/runs/T5p02041_rho5p30163em13/fac-opacity-cowan-state/starout.h5
5.020413079245481,7.618855973704612e-13,fac-opacity-cowan-state,T5p02041_rho7p61886em13,0.3403321618805808,180.61338950032058,0.7976033884308014,0.45726527557294977,ok,/home/elads/STAR/full_grid_solar_opacity/runs/T5p02041_rho7p61886em13/fac-opacity-cowan-state/starout.h5
5.020413079245481,1.0948889651276868e-12,fac-opacity-cowan-state,T5p02041_rho1p09489em12,0.34031699819808997,183.9142567999352,0.8149606146763679,0.4746370888286486,ok,/home/elads/STAR/full_grid_solar_opacity/runs/T5p02041_rho1p09489em12/fac-opacity-cowan-state/starout.h5
5.020413079245481,1.5734407502856082e-12,fac-opacity-cowan-state,T5p02041_rho1p57344em12,0.3403067484912847,190.33943076653452,0.81194617169751,0.47163302958117986,ok,/home/elads/STAR/full_grid_solar_opacity/runs/T5p02041_rho1p57344em12/fac-opacity-cowan-state/starout.h5
5.020413079245481,2.26115695153675e-12,fac-opacity-cowan-state,T5p02041_rho2p26116em12,0.3402969808654242,194.3582957750478,0.7761613204337717,0.4358578883834503,ok,/home/elads/STAR/full_grid_solar_opacity/runs/T5p02041_rho2p26116em12/fac-opacity-cowan-state/starout.h5
5.020413079245481,3.249458715591849e-12,fac-opacity-cowan-state,T5p02041_rho3p24946em12,0.3402823268084598,195.30285084194168,0.7823910406401005,0.4421021242121579,ok,/home/elads/STAR/full_grid_solar_opacity/runs/T5p02041_rho3p24946em12/fac-opacity-cowan-state/starout.h5
5.020413079245481,4.669725353279713e-12,fac-opacity-cowan-state,T5p02041_rho4p66973em12,0.34027255603644563,202.83915669605003,0.8202680517889346,0.479988924475628,ok,/home/elads/STAR/full_grid_solar_opacity/runs/T5p02041_rho4p66973em12/fac-opacity-cowan-state/starout.h5
5.020413079245481,6.710759170575148e-12,fac-opacity-cowan-state,T5p02041_rho6p71076em12,0.34025841258418416,208.15182777892218,0.8421842878384499,0.5019193921920138,ok,/home/elads/STAR/full_grid_solar_opacity/runs/T5p02041_rho6p71076em12/fac-opacity-cowan-state/starout.h5
5.020413079245481,9.64388379154446e-12,fac-opacity-cowan-state,T5p02041_rho9p64388em12,0.3402450715937443,214.59527425164734,0.8549669790379748,0.5147143139468747,ok,/home/elads/STAR/full_grid_solar_opacity/runs/T5p02041_rho9p64388em12/fac-opacity-cowan-state/starout.h5
5.020413079245481,1.3859012403933867e-11,fac-opacity-cowan-state,T5p02041_rho1p3859em11,0.3402394132840232,222.64668556430428,0.8749063592113763,0.5346592772658236,ok,/home/elads/STAR/full_grid_solar_opacity/runs/T5p02041_rho1p3859em11/fac-opacity-cowan-state/starout.h5
5.020413079245481,1.9916480638308542e-11,fac-opacity-cowan-state,T5p02041_rho1p99165em11,0.34022681527657456,230.285209656017,0.9006811133227535,0.5604473402187587,ok,/home/elads/STAR/full_grid_solar_opacity/runs/T5p02041_rho1p99165em11/fac-opacity-cowan-state/starout.h5
5.020413079245481,2.8621534453892672e-11,fac-opacity-cowan-state,T5p02041_rho2p86215em11,0.34021425438348507,243.5223119617368,0.9208378851369636,0.5806168785161973,ok,/home/elads/STAR/full_grid_solar_opacity/runs/T5p02041_rho2p86215em11/fac-opacity-cowan-state/starout.h5
5.020413079245481,4.1131375034185614e-11,fac-opacity-cowan-state,T5p02041_rho4p11314em11,0.34020100002830256,256.23884059000136,0.9693086955885973,0.6290996840616808,ok,/home/elads/STAR/full_grid_solar_opacity/runs/T5p02041_rho4p11314em11/fac-opacity-cowan-state/starout.h5
5.020413079245481,5.910899064227969e-11,fac-opacity-cowan-state,T5p02041_rho5p9109em11,0.34018709973198746,270.07278719146535,1.0393614175032224,0.6991674194850122,ok,/home/elads/STAR/full_grid_solar_opacity/runs/T5p02041_rho5p9109em11/fac-opacity-cowan-state/starout.h5
5.020413079245481,8.4944224982638e-11,fac-opacity-cowan-state,T5p02041_rho8p49442em11,0.34017547945278803,284.52697037800755,1.1576892363814002,0.8175071170354781,ok,/home/elads/STAR/full_grid_solar_opacity/runs/T5p02041_rho8p49442em11/fac-opacity-cowan-state/starout.h5
5.020413079245481,1.2207146966133182e-10,fac-opacity-cowan-state,T5p02041_rho1p22071em10,0.3401595233004327,297.19350016006206,1.1932826832820544,0.8531190127821733,ok,/home/elads/STAR/full_grid_solar_opacity/runs/T5p02041_rho1p22071em10/fac-opacity-cowan-state/starout.h5
5.020413079245481,1.7542621300415897e-10,fac-opacity-cowan-state,T5p02041_rho1p75426em10,0.34014366224151155,312.83902388237544,1.2193978679885364,0.8792514764527368,ok,/home/elads/STAR/full_grid_solar_opacity/runs/T5p02041_rho1p75426em10/fac-opacity-cowan-state/starout.h5
5.020413079245481,2.52101136279913e-10,fac-opacity-cowan-state,T5p02041_rho2p52101em10,0.3401258393739222,326.0070678100174,1.2283765149444732,0.8882511878533725,ok,/home/elads/STAR/full_grid_solar_opacity/runs/T5p02041_rho2p52101em10/fac-opacity-cowan-state/starout.h5
5.020413079245481,3.6228897509242966e-10,fac-opacity-cowan-state,T5p02041_rho3p62289em10,0.3401048272838149,338.95657632710453,1.3035674485110456,0.9634662715805459,ok,/home/elads/STAR/full_grid_solar_opacity/runs/T5p02041_rho3p62289em10/fac-opacity-cowan-state/starout.h5
5.020413079245481,5.20637484663258e-10,fac-opacity-cowan-state,T5p02041_rho5p20637em10,0.3400810977132004,348.4575133887788,1.4207469878913324,1.0806738658963937,ok,/home/elads/STAR/full_grid_solar_opacity/runs/T5p02041_rho5p20637em10/fac-opacity-cowan-state/starout.h5
5.020413079245481,7.481966305138837e-10,fac-opacity-cowan-state,T5p02041_rho7p48197em10,0.34005208448843843,359.1371191345109,1.3777634622504733,1.0377206649601474,ok,/home/elads/STAR/full_grid_solar_opacity/runs/T5p02041_rho7p48197em10/fac-opacity-cowan-state/starout.h5
5.020413079245481,1.0752168531898921e-09,fac-opacity-cowan-state,T5p02041_rho1p07522em09,0.34001651948906925,369.72107572431736,1.5643922994233666,1.2243929103164635,ok,/home/elads/STAR/full_grid_solar_opacity/runs/T5p02041_rho1p07522em09/fac-opacity-cowan-state/starout.h5
5.020413079245481,1.5451703926941453e-09,fac-opacity-cowan-state,T5p02041_rho1p54517em09,0.3399723741713388,380.32475315934596,1.7359523031994095,1.3960053001558554,ok,/home/elads/STAR/full_grid_solar_opacity/runs/T5p02041_rho1p54517em09/fac-opacity-cowan-state/starout.h5
5.020413079245481,2.220530245015531e-09,fac-opacity-cowan-state,T5p02041_rho2p22053em09,0.33990849190708045,393.1881466884402,1.9919671573010507,1.6520938893279218,ok,/home/elads/STAR/full_grid_solar_opacity/runs/T5p02041_rho2p22053em09/fac-opacity-cowan-state/starout.h5
5.020413079245481,3.1910749729235452e-09,fac-opacity-cowan-state,T5p02041_rho3p19107em09,0.3398308406665607,405.66406762018914,2.2744134617234817,1.934630452780198,ok,/home/elads/STAR/full_grid_solar_opacity/runs/T5p02041_rho3p19107em09/fac-opacity-cowan-state/starout.h5
5.020413079245481,4.585823366142813e-09,fac-opacity-cowan-state,T5p02041_rho4p58582em09,0.33972440509143753,421.65738078600106,2.669919958828281,2.3302522879826695,ok,/home/elads/STAR/full_grid_solar_opacity/runs/T5p02041_rho4p58582em09/fac-opacity-cowan-state/starout.h5
5.020413079245481,6.590185477903269e-09,fac-opacity-cowan-state,T5p02041_rho6p59019em09,0.3395719861942065,442.3011727899236,2.833130265906452,2.4935876634327667,ok,/home/elads/STAR/full_grid_solar_opacity/runs/T5p02041_rho6p59019em09/fac-opacity-cowan-state/starout.h5
5.020413079245481,9.470610000772238e-09,fac-opacity-cowan-state,T5p02041_rho9p47061em09,0.3393764431840701,466.62989818925325,3.5796920308172258,3.2403541947467347,ok,/home/elads/STAR/full_grid_solar_opacity/runs/T5p02041_rho9p47061em09/fac-opacity-cowan-state/starout.h5
5.020413079245481,1.3610004466105506e-08,fac-opacity-cowan-state,T5p02041_rho1p361em08,0.33909996866992226,497.9560296861594,4.487384065130232,4.14832916832031,ok,/home/elads/STAR/full_grid_solar_opacity/runs/T5p02041_rho1p361em08/fac-opacity-cowan-state/starout.h5
5.020413079245481,1.9558636830395073e-08,fac-opacity-cowan-state,T5p02041_rho1p95586em08,0.3387189407657496,538.0035916261683,5.7564437107349855,5.417730901599837,ok,/home/elads/STAR/full_grid_solar_opacity/runs/T5p02041_rho1p95586em08/fac-opacity-cowan-state/starout.h5
5.020413079245481,2.810728502080722e-08,fac-opacity-cowan-state,T5p02041_rho2p81073em08,0.3381933466050966,589.1835703898585,6.637061918576827,6.2988130797609,ok,/home/elads/STAR/full_grid_solar_opacity/runs/T5p02041_rho2p81073em08/fac-opacity-cowan-state/starout.h5
5.020413079245481,4.039235853150913e-08,fac-opacity-cowan-state,T5p02041_rho4p03924em08,0.33746844518177815,657.0367978541328,7.702021727849468,7.364357228067442,ok,/home/elads/STAR/full_grid_solar_opacity/runs/T5p02041_rho4p03924em08/fac-opacity-cowan-state/starout.h5
5.020413079245481,5.804696634805446e-08,fac-opacity-cowan-state,T5p02041_rho5p8047em08,0.33647630404459306,746.8652295802435,9.423868579209218,9.086912752311079,ok,/home/elads/STAR/full_grid_solar_opacity/runs/T5p02041_rho5p8047em08/fac-opacity-cowan-state/starout.h5
5.020413079245481,8.341801332506338e-08,fac-opacity-cowan-state,T5p02041_rho8p3418em08,0.3351220176958396,866.5047956832278,14.109912144256091,13.77436211986565,ok,/home/elads/STAR/full_grid_solar_opacity/runs/T5p02041_rho8p3418em08/fac-opacity-cowan-state/starout.h5
5.020413079245481,1.1987818459583772e-07,fac-opacity-cowan-state,T5p02041_rho1p19878em07,0.33329252116175356,1026.5552059672698,17.372280921035415,17.03821035651313,ok,/home/elads/STAR/full_grid_solar_opacity/runs/T5p02041_rho1p19878em07/fac-opacity-cowan-state/starout.h5
5.020413079245481,1.7227429147699408e-07,fac-opacity-cowan-state,T5p02041_rho1p72274em07,0.330847900432898,1241.0230730115732,23.06635563950209,22.734487266954464,ok,/home/elads/STAR/full_grid_solar_opacity/runs/T5p02041_rho1p72274em07/fac-opacity-cowan-state/starout.h5
5.020413079245481,2.4757157946593376e-07,fac-opacity-cowan-state,T5p02041_rho2p47572em07,0.3276214348164794,1527.8278049297985,29.338499663330456,29.00898051856221,ok,/home/elads/STAR/full_grid_solar_opacity/runs/T5p02041_rho2p47572em07/fac-opacity-cowan-state/starout.h5
5.020413079245481,3.557796490339488e-07,fac-opacity-cowan-state,T5p02041_rho3p5578em07,0.32343052643199377,1904.8068710310265,40.29082997859154,39.96536138829031,ok,/home/elads/STAR/full_grid_solar_opacity/runs/T5p02041_rho3p5578em07/fac-opacity-cowan-state/starout.h5
5.020413079245481,5.112830759482948e-07,fac-opacity-cowan-state,T5p02041_rho5p11283em07,0.3180928047473507,2392.9486611473912,53.104040240228805,52.78278215446062,ok,/home/elads/STAR/full_grid_solar_opacity/runs/T5p02041_rho5p11283em07/fac-opacity-cowan-state/starout.h5
5.020413079245481,7.347536163492159e-07,fac-opacity-cowan-state,T5p02041_rho7p34754em07,0.31141574949712447,3001.324780951112,68.79419726339215,68.47912019424662,ok,/home/elads/STAR/full_grid_solar_opacity/runs/T5p02041_rho7p34754em07/fac-opacity-cowan-state/starout.h5
5.020413079245481,1.0558981944335787e-06,fac-opacity-cowan-state,T5p02041_rho1p0559em06,0.3033906723597365,3757.163369640354,101.72322231734574,101.41682257202781,ok,/home/elads/STAR/full_grid_solar_opacity/runs/T5p02041_rho1p0559em06/fac-opacity-cowan-state/starout.h5
5.020413079245481,1.517407974863493e-06,fac-opacity-cowan-state,T5p02041_rho1p51741em06,0.29389132286782255,4622.974834903873,124.09209227604836,123.79374017736829,ok,/home/elads/STAR/full_grid_solar_opacity/runs/T5p02041_rho1p51741em06/fac-opacity-cowan-state/starout.h5
5.020413079245481,2.1806334875063253e-06,fac-opacity-cowan-state,T5p02041_rho2p18063em06,0.2831418589132006,5603.972187186571,193.34272118454203,193.05631577001753,ok,/home/elads/STAR/full_grid_solar_opacity/runs/T5p02041_rho2p18063em06/fac-opacity-cowan-state/starout.h5
5.020413079245481,3.1337402238588983e-06,fac-opacity-cowan-state,T5p02041_rho3p13374em06,0.271291213619864,6635.728195992883,251.6948702577366,251.42116103978086,ok,/home/elads/STAR/full_grid_solar_opacity/runs/T5p02041_rho3p13374em06/fac-opacity-cowan-state/starout.h5
5.020413079245481,4.503428864545845e-06,fac-opacity-cowan-state,T5p02041_rho4p50343em06,0.25870910454037116,7673.386093742929,330.741197372905,330.4813322096093,ok,/home/elads/STAR/full_grid_solar_opacity/runs/T5p02041_rho4p50343em06/fac-opacity-cowan-state/starout.h5
5.020413079245481,6.471778159406801e-06,fac-opacity-cowan-state,T5p02041_rho6p47178em06,0.24579801527074266,8682.446843699354,454.4183977733943,454.1718574538851,ok,/home/elads/STAR/full_grid_solar_opacity/runs/T5p02041_rho6p47178em06/fac-opacity-cowan-state/starout.h5
5.020413079245481,9.300449458481393e-06,fac-opacity-cowan-state,T5p02041_rho9p30045em06,0.23294631102342142,9628.256911514052,608.2598566506261,608.0256101050699,ok,/home/elads/STAR/full_grid_solar_opacity/runs/T5p02041_rho9p30045em06/fac-opacity-cowan-state/starout.h5
5.020413079245481,1.3365470508911143e-05,fac-opacity-cowan-state,T5p02041_rho1p33655em05,0.22059607601894296,10552.134830816245,810.0887669697942,809.8695645423489,ok,/home/elads/STAR/full_grid_solar_opacity/runs/T5p02041_rho1p33655em05/fac-opacity-cowan-state/starout.h5
5.020413079245481,1.920722248123928e-05,fac-opacity-cowan-state,T5p02041_rho1p92072em05,0.20906416018565877,11482.588742139487,1105.9763176576898,1105.7694056052753,ok,/home/elads/STAR/full_grid_solar_opacity/runs/T5p02041_rho1p92072em05/fac-opacity-cowan-state/starout.h5
5.020413079245481,2.760227522090268e-05,fac-opacity-cowan-state,T5p02041_rho2p76023em05,0.19849632032475265,12448.955325757192,1433.2944806133617,1433.0987665750065,ok,/home/elads/STAR/full_grid_solar_opacity/runs/T5p02041_rho2p76023em05/fac-opacity-cowan-state/starout.h5
5.020413079245481,3.966662010161191e-05,fac-opacity-cowan-state,T5p02041_rho3p96666em05,0.18909467843455663,13576.407462782397,1890.585078199484,1890.3987353151842,ok,/home/elads/STAR/full_grid_solar_opacity/runs/T5p02041_rho3p96666em05/fac-opacity-cowan-state/starout.h5
5.020413079245481,5.7004023678963655e-05,fac-opacity-cowan-state,T5p02041_rho5p7004em05,0.18086672051857683,15156.429198279024,2821.5631806923648,2821.3838782428907,ok,/home/elads/STAR/full_grid_solar_opacity/runs/T5p02041_rho5p7004em05/fac-opacity-cowan-state/starout.h5
5.020413079245481,8.191922344953684e-05,fac-opacity-cowan-state,T5p02041_rho8p19192em05,0.17378343593390702,17211.67995544302,4080.5954455027404,4080.42233282565,ok,/home/elads/STAR/full_grid_solar_opacity/runs/T5p02041_rho8p19192em05/fac-opacity-cowan-state/starout.h5
5.020413079245481,0.00011772430676769293,fac-opacity-cowan-state,T5p02041_rho0p000117724,0.16771612561220947,19830.98326139322,5410.252519941333,5410.085459693847,ok,/home/elads/STAR/full_grid_solar_opacity/runs/T5p02041_rho0p000117724/fac-opacity-cowan-state/starout.h5
5.020413079245481,0.00016917900122028344,fac-opacity-cowan-state,T5p02041_rho0p000169179,0.1625350062572997,23300.132130442697,7541.530501142208,7541.368289283058,ok,/home/elads/STAR/full_grid_solar_opacity/runs/T5p02041_rho0p000169179/fac-opacity-cowan-state/starout.h5
5.020413079245481,0.0002431234061999784,fac-opacity-cowan-state,T5p02041_rho0p000243123,0.15809245772128436,27279.213468003316,9514.796290671344,9514.63904636784,ok,/home/elads/STAR/full_grid_solar_opacity/runs/T5p02041_rho0p000243123/fac-opacity-cowan-state/starout.h5
5.020413079245481,0.0003493872774749123,fac-opacity-cowan-state,T5p02041_rho0p000349387,0.15420823075540685,32785.70767926645,12463.585419167877,12463.431777470578,ok,/home/elads/STAR/full_grid_solar_opacity/runs/T5p02041_rho0p000349387/fac-opacity-cowan-state/starout.h5
5.020413079245481,0.0005020967399614471,fac-opacity-cowan-state,T5p02041_rho0p000502097,0.15075694580588495,40218.75245207535,15637.935089099974,15637.784691488312,ok,/home/elads/STAR/full_grid_solar_opacity/runs/T5p02041_rho0p000502097/fac-opacity-cowan-state/starout.h5
5.020413079245481,0.0007215521357901021,fac-opacity-cowan-state,T5p02041_rho0p000721552,0.14762522446184903,49301.558718711174,19619.756021844983,19619.608644473043,ok,/home/elads/STAR/full_grid_solar_opacity/runs/T5p02041_rho0p000721552/fac-opacity-cowan-state/starout.h5
5.020413079245481,0.0010369266382873438,fac-opacity-cowan-state,T5p02041_rho0p00103693,0.14481601265337696,59466.59919288839,22756.251782184816,22756.107106830652,ok,/home/elads/STAR/full_grid_solar_opacity/runs/T5p02041_rho0p00103693/fac-opacity-cowan-state/starout.h5
5.020413079245481,0.0014901443705277455,fac-opacity-cowan-state,T5p02041_rho0p00149014,0.14225331788747933,72005.37521097343,25834.556615128855,25834.414394213192,ok,/home/elads/STAR/full_grid_solar_opacity/runs/T5p02041_rho0p00149014/fac-opacity-cowan-state/starout.h5
5.020413079245481,0.002141453563853953,fac-opacity-cowan-state,T5p02041_rho0p00214145,0.13974627703560802,87351.4847476762,29976.58695283197,29976.447152303805,ok,/home/elads/STAR/full_grid_solar_opacity/runs/T5p02041_rho0p00214145/fac-opacity-cowan-state/starout.h5
5.020413079245481,0.003077435620898055,fac-opacity-cowan-state,T5p02041_rho0p00307744,0.13694175493299518,106866.56942938012,36143.50837856782,36143.37134145776,ok,/home/elads/STAR/full_grid_solar_opacity/runs/T5p02041_rho0p00307744/fac-opacity-cowan-state/starout.h5
5.020413079245481,0.004422514763163053,fac-opacity-cowan-state,T5p02041_rho0p00442251,0.1332708728962222,128092.90751301404,40586.84381680622,40586.71043967715,ok,/home/elads/STAR/full_grid_solar_opacity/runs/T5p02041_rho0p00442251/fac-opacity-cowan-state/starout.h5
5.020413079245481,0.006355498291362301,fac-opacity-cowan-state,T5p02041_rho0p0063555,0.12813692686924164,149694.31423616817,44680.90160133377,44680.77336033077,ok,/home/elads/STAR/full_grid_solar_opacity/runs/T5p02041_rho0p0063555/fac-opacity-cowan-state/starout.h5
5.020413079245481,0.009133346228248624,fac-opacity-cowan-state,T5p02041_rho0p00913335,0.12030824703893919,168402.782948048,48057.021810612365,48056.901408491016,ok,/home/elads/STAR/full_grid_solar_opacity/runs/T5p02041_rho0p00913335/fac-opacity-cowan-state/starout.h5
5.020413079245481,0.01312533014735226,fac-opacity-cowan-state,T5p02041_rho0p0131253,0.11000762623426738,179661.98317982288,50314.89487541327,50314.78478955559,ok,/home/elads/STAR/full_grid_solar_opacity/runs/T5p02041_rho0p0131253/fac-opacity-cowan-state/starout.h5
5.020413079245481,0.018862122071335155,fac-opacity-cowan-state,T5p02041_rho0p0188621,0.0973767809587043,180310.042695856,50927.65071874637,50927.55328091832,ok,/home/elads/STAR/full_grid_solar_opacity/runs/T5p02041_rho0p0188621/fac-opacity-cowan-state/starout.h5
5.020413079245481,0.02710633904364831,fac-opacity-cowan-state,T5p02041_rho0p0271063,0.0839939934203962,170672.30179842876,49708.27876086394,49708.19472124069,ok,/home/elads/STAR/full_grid_solar_opacity/runs/T5p02041_rho0p0271063/fac-opacity-cowan-state/starout.h5
5.020413079245481,0.038953921174427183,fac-opacity-cowan-state,T5p02041_rho0p0389539,0.0711770949712105,157567.305350096,47855.84837288405,47855.77716208372,ok,/home/elads/STAR/full_grid_solar_opacity/runs/T5p02041_rho0p0389539/fac-opacity-cowan-state/starout.h5
5.020413079245481,0.0559798197912329,fac-opacity-cowan-state,T5p02041_rho0p0559798,0.06720107483434296,142794.52730026993,45776.58308445994,45776.515860706655,ok,/home/elads/STAR/full_grid_solar_opacity/runs/T5p02041_rho0p0559798/fac-opacity-cowan-state/starout.h5
5.020413079245481,0.08044736266284185,fac-opacity-cowan-state,T5p02041_rho0p0804474,0.06334951297599578,132214.5727056421,44149.644017939114,44149.580652442346,ok,/home/elads/STAR/full_grid_solar_opacity/runs/T5p02041_rho0p0804474/fac-opacity-cowan-state/starout.h5
5.020413079245481,0.11560912813835741,fac-opacity-cowan-state,T5p02041_rho0p115609,0.059033194950701286,123615.18256114009,42571.63226591365,42571.57322094108,ok,/home/elads/STAR/full_grid_solar_opacity/runs/T5p02041_rho0p115609/fac-opacity-cowan-state/starout.h5
5.020413079245481,0.1661393247274789,fac-opacity-cowan-state,T5p02041_rho0p166139,0.0587239162853752,114040.61803776493,40489.915309918266,40489.85657763454,ok,/home/elads/STAR/full_grid_solar_opacity/runs/T5p02041_rho0p166139/fac-opacity-cowan-state/starout.h5
5.020413079245481,0.23875515424585794,fac-opacity-cowan-state,T5p02041_rho0p238755,0.05750513917118097,102953.60852466774,38461.31017373499,38461.252662157895,ok,/home/elads/STAR/full_grid_solar_opacity/runs/T5p02041_rho0p238755/fac-opacity-cowan-state/starout.h5
5.020413079245481,0.34310975906798746,fac-opacity-cowan-state,T5p02041_rho0p34311,0.05474212235090988,90871.16571905166,36908.453140704914,36908.398393099655,ok,/home/elads/STAR/full_grid_solar_opacity/runs/T5p02041_rho0p34311/fac-opacity-cowan-state/starout.h5
5.020413079245481,0.49307545690287347,fac-opacity-cowan-state,T5p02041_rho0p493075,0.04990456778141272,80351.345673907,35747.91940392116,35747.8694942852,ok,/home/elads/STAR/full_grid_solar_opacity/runs/T5p02041_rho0p493075/fac-opacity-cowan-state/starout.h5
5.020413079245481,0.7085878491488851,fac-opacity-cowan-state,T5p02041_rho0p708588,0.0450650036558742,70337.62025001738,34722.55457966958,34722.509509802985,ok,/home/elads/STAR/full_grid_solar_opacity/runs/T5p02041_rho0p708588/fac-opacity-cowan-state/starout.h5
5.020413079245481,1.0182959482819007,fac-opacity-cowan-state,T5p02041_rho1p0183,0.04026084390551007,62150.10636212051,33369.36160933098,33369.32134372415,ok,/home/elads/STAR/full_grid_solar_opacity/runs/T5p02041_rho1p0183/fac-opacity-cowan-state/starout.h5
5.020413079245481,1.4633706173946401,fac-opacity-cowan-state,T5p02041_rho1p46337,0.035648238779250926,56424.01137955385,31547.450608309577,31547.414955385815,ok,/home/elads/STAR/full_grid_solar_opacity/runs/T5p02041_rho1p46337/fac-opacity-cowan-state/starout.h5
5.020413079245481,2.1029775945461404,fac-opacity-cowan-state,T5p02041_rho2p10298,0.03176311522917924,52511.96932816746,29395.907158722082,29395.87539104364,ok,/home/elads/STAR/full_grid_solar_opacity/runs/T5p02041_rho2p10298/fac-opacity-cowan-state/starout.h5
5.020413079245481,3.0221426551783854,fac-opacity-cowan-state,T5p02041_rho3p02214,0.029028295181488906,49570.36625091241,26940.824690028578,26940.795657354975,ok,/home/elads/STAR/full_grid_solar_opacity/runs/T5p02041_rho3p02214/fac-opacity-cowan-state/starout.h5
5.020413079245481,4.343054463316713,fac-opacity-cowan-state,T5p02041_rho4p34305,0.027403959098195443,47129.59272892655,24243.43123343444,24243.403825335074,ok,/home/elads/STAR/full_grid_solar_opacity/runs/T5p02041_rho4p34305/fac-opacity-cowan-state/starout.h5
5.020413079245481,6.241307649397467,fac-opacity-cowan-state,T5p02041_rho6p24131,0.027245305516859716,44820.594328636944,21184.333514187198,21184.306265009982,ok,/home/elads/STAR/full_grid_solar_opacity/runs/T5p02041_rho6p24131/fac-opacity-cowan-state/starout.h5
5.020413079245481,8.969245378672715,fac-opacity-cowan-state,T5p02041_rho8p96925,0.025625843728561012,42895.96093521842,18302.007270088827,18301.981640645223,ok,/home/elads/STAR/full_grid_solar_opacity/runs/T5p02041_rho8p96925/fac-opacity-cowan-state/starout.h5
5.020413079245481,12.889504440725364,fac-opacity-cowan-state,T5p02041_rho12p8895,0.01995316161057919,41739.06518562541,16509.369422092805,16509.34946563065,ok,/home/elads/STAR/full_grid_solar_opacity/runs/T5p02041_rho12p8895/fac-opacity-cowan-state/starout.h5
5.020413079245481,18.52322215674118,fac-opacity-cowan-state,T5p02041_rho18p5232,0.015325272853587734,40846.04881057241,15455.163261563122,15455.147933259374,ok,/home/elads/STAR/full_grid_solar_opacity/runs/T5p02041_rho18p5232/fac-opacity-cowan-state/starout.h5
5.020413079245481,26.61931346126126,fac-opacity-cowan-state,T5p02041_rho26p6193,0.011373339021251762,40064.09871306163,15472.796928612632,15472.785552419566,ok,/home/elads/STAR/full_grid_solar_opacity/runs/T5p02041_rho26p6193/fac-opacity-cowan-state/starout.h5
5.020413079245481,38.254027466328665,fac-opacity-cowan-state,T5p02041_rho38p254,0.00770102820228176,39310.73846577476,16288.439973631386,16288.43226981827,ok,/home/elads/STAR/full_grid_solar_opacity/runs/T5p02041_rho38p254/fac-opacity-cowan-state/starout.h5
5.020413079245481,54.97401800103719,fac-opacity-cowan-state,T5p02041_rho54p974,0.006579419557963587,38178.40418853187,17719.99962108263,17719.993038747314,ok,/home/elads/STAR/full_grid_solar_opacity/runs/T5p02041_rho54p974/fac-opacity-cowan-state/starout.h5
5.020413079245481,79.0019471240894,fac-opacity-cowan-state,T5p02041_rho79p0019,0.011704907038213096,36939.189360581644,19799.704788701,19799.69308039843,ok,/home/elads/STAR/full_grid_solar_opacity/runs/T5p02041_rho79p0019/fac-opacity-cowan-state/starout.h5
5.020413079245481,113.53195339077567,fac-opacity-cowan-state,T5p02041_rho113p532,0.02189637957609725,35019.64695755053,22547.006687912137,22546.984787463287,ok,/home/elads/STAR/full_grid_solar_opacity/runs/T5p02041_rho113p532/fac-opacity-cowan-state/starout.h5
5.020413079245481,163.15426277379785,fac-opacity-cowan-state,T5p02041_rho163p154,0.03893454124772135,27512.59633981475,17531.028959626638,17530.990021059668,ok,/home/elads/STAR/full_grid_solar_opacity/runs/T5p02041_rho163p154/fac-opacity-cowan-state/starout.h5
5.020413079245481,234.46538763970608,fac-opacity-cowan-state,T5p02041_rho234p465,0.0505785893860489,25593.150576747335,17402.256701491133,17402.206118664468,ok,/home/elads/STAR/full_grid_solar_opacity/runs/T5p02041_rho234p465/fac-opacity-cowan-state/starout.h5
5.020413079245481,336.94503022121665,fac-opacity-cowan-state,T5p02041_rho336p945,0.05470558221341012,24776.03137128954,16891.876227886365,16891.82151790004,ok,/home/elads/STAR/full_grid_solar_opacity/runs/T5p02041_rho336p945/fac-opacity-cowan-state/starout.h5
5.020413079245481,484.21626123015125,fac-opacity-cowan-state,T5p02041_rho484p216,0.06377384817000019,25110.320537340867,18343.421846958434,18343.3580681941,ok,/home/elads/STAR/full_grid_solar_opacity/runs/T5p02041_rho484p216/fac-opacity-cowan-state/starout.h5
5.020413079245481,695.8564947100452,fac-opacity-cowan-state,T5p02041_rho695p856,0.09838605194498114,19207.64194437015,14419.717996623809,14419.619605149852,ok,/home/elads/STAR/full_grid_solar_opacity/runs/T5p02041_rho695p856/fac-opacity-cowan-state/starout.h5
5.020413079245481,1000.0,fac-opacity-cowan-state,T5p02041_rho1000,0.11017145014168324,17269.4306954095,12795.115580958434,12795.00540385374,ok,/home/elads/STAR/full_grid_solar_opacity/runs/T5p02041_rho1000/fac-opacity-cowan-state/starout.h5
5.526877591581138,1e-17,fac-opacity-cowan-state,T5p52688_rho1em17,0.3405204327204639,53.527032240235414,0.5752445008660919,0.2347201747522316,ok,/home/elads/STAR/full_grid_solar_opacity/runs/T5p52688_rho1em17/fac-opacity-cowan-state/starout.h5
5.526877591581138,1.4370779141993746e-17,fac-opacity-cowan-state,T5p52688_rho1p43708em17,0.34052043391328396,53.527030769904535,0.5752437193403717,0.23471939207902592,ok,/home/elads/STAR/full_grid_solar_opacity/runs/T5p52688_rho1p43708em17/fac-opacity-cowan-state/starout.h5
5.526877591581138,2.065192931479625e-17,fac-opacity-cowan-state,T5p52688_rho2p06519em17,0.34052043221868394,53.52703804315783,0.5752422874644643,0.23471796196660816,ok,/home/elads/STAR/full_grid_solar_opacity/runs/T5p52688_rho2p06519em17/fac-opacity-cowan-state/starout.h5
5.526877591581138,2.9678431503900313e-17,fac-opacity-cowan-state,T5p52688_rho2p96784em17,0.34052043295073176,53.52702758234158,0.5752407682835402,0.23471644213828693,ok,/home/elads/STAR/full_grid_solar_opacity/runs/T5p52688_rho2p96784em17/fac-opacity-cowan-state/starout.h5
5.526877591581138,4.2650218442334076e-17,fac-opacity-cowan-state,T5p52688_rho4p26502em17,0.34052043167990115,53.527036480427654,0.5752326073594836,0.23470828305840238,ok,/home/elads/STAR/full_grid_solar_opacity/runs/T5p52688_rho4p26502em17/fac-opacity-cowan-state/starout.h5
5.526877591581138,6.129168695925715e-17,fac-opacity-cowan-state,T5p52688_rho6p12917em17,0.3405204315573492,53.527030823248744,0.5752355952303594,0.23471127084523064,ok,/home/elads/STAR/full_grid_solar_opacity/runs/T5p52688_rho6p12917em17/fac-opacity-cowan-state/starout.h5
5.526877591581138,8.808092965317026e-17,fac-opacity-cowan-state,T5p52688_rho8p80809em17,0.3405204316993102,53.52703640373773,0.5752332994513069,0.23470897508483837,ok,/home/elads/STAR/full_grid_solar_opacity/runs/T5p52688_rho8p80809em17/fac-opacity-cowan-state/starout.h5
5.526877591581138,1.2657915866672028e-16,fac-opacity-cowan-state,T5p52688_rho1p26579em16,0.34052043185157366,53.52704679620991,0.5752260359085385,0.2347017118970991,ok,/home/elads/STAR/full_grid_solar_opacity/runs/T5p52688_rho1p26579em16/fac-opacity-cowan-state/starout.h5
5.526877591581138,1.819041133178821e-16,fac-opacity-cowan-state,T5p52688_rho1p81904em16,0.34052043145852157,53.527038218080655,0.5752269103981035,0.2347025867147599,ok,/home/elads/STAR/full_grid_solar_opacity/runs/T5p52688_rho1p81904em16/fac-opacity-cowan-state/starout.h5
5.526877591581138,2.6141038375114865e-16,fac-opacity-cowan-state,T5p52688_rho2p6141em16,0.34052069508247074,53.62361503311816,0.5756591638840455,0.23513463119309796,ok,/home/elads/STAR/full_grid_solar_opacity/runs/T5p52688_rho2p6141em16/fac-opacity-cowan-state/starout.h5
5.526877591581138,3.7566708903116036e-16,fac-opacity-cowan-state,T5p52688_rho3p75667em16,0.3405178364324899,54.051689376301844,0.5878920066262636,0.2473705435272762,ok,/home/elads/STAR/full_grid_solar_opacity/runs/T5p52688_rho3p75667em16/fac-opacity-cowan-state/starout.h5
5.526877591581138,5.398628767382507e-16,fac-opacity-cowan-state,T5p52688_rho5p39863em16,0.3405146188064412,54.66476953766892,0.5816864386881453,0.2411688504012524,ok,/home/elads/STAR/full_grid_solar_opacity/runs/T5p52688_rho5p39863em16/fac-opacity-cowan-state/starout.h5
5.526877591581138,7.758250168566793e-16,fac-opacity-cowan-state,T5p52688_rho7p75825em16,0.3405134613453452,55.2668466063012,0.599766701190081,0.25925106601656595,ok,/home/elads/STAR/full_grid_solar_opacity/runs/T5p52688_rho7p75825em16/fac-opacity-cowan-state/starout.h5
5.526877591581138,1.1149209970080914e-15,fac-opacity-cowan-state,T5p52688_rho1p11492em15,0.34051108927629253,55.49846784774278,0.5926158282774392,0.25210170628704087,ok,/home/elads/STAR/full_grid_solar_opacity/runs/T5p52688_rho1p11492em15/fac-opacity-cowan-state/starout.h5
5.526877591581138,1.6022283408774753e-15,fac-opacity-cowan-state,T5p52688_rho1p60223em15,0.3405079676489472,56.05543326461316,0.5950144231909528,0.254503429738339,ok,/home/elads/STAR/full_grid_solar_opacity/runs/T5p52688_rho1p60223em15/fac-opacity-cowan-state/starout.h5
5.526877591581138,2.3025269621793266e-15,fac-opacity-cowan-state,T5p52688_rho2p30253em15,0.3405053951183953,56.40353724058538,0.6050041546926548,0.26449623099677444,ok,/home/elads/STAR/full_grid_solar_opacity/runs/T5p52688_rho2p30253em15/fac-opacity-cowan-state/starout.h5
5.526877591581138,3.308910644196489e-15,fac-opacity-cowan-state,T5p52688_rho3p30891em15,0.3405020427050532,56.93137530892865,0.6287467585192325,0.28824173375615314,ok,/home/elads/STAR/full_grid_solar_opacity/runs/T5p52688_rho3p30891em15/fac-opacity-cowan-state/starout.h5
5.526877591581138,4.755162406834019e-15,fac-opacity-cowan-state,T5p52688_rho4p75516em15,0.34049827006734856,57.223764546334145,0.6045575908109118,0.26405660309696644,ok,/home/elads/STAR/full_grid_solar_opacity/runs/T5p52688_rho4p75516em15/fac-opacity-cowan-state/starout.h5
5.526877591581138,6.8335388732923106e-15,fac-opacity-cowan-state,T5p52688_rho6p83354em15,0.34049407059724224,57.72527169454387,0.6259592205242244,0.28546203100744244,ok,/home/elads/STAR/full_grid_solar_opacity/runs/T5p52688_rho6p83354em15/fac-opacity-cowan-state/starout.h5
5.526877591581138,9.820327790631256e-15,fac-opacity-cowan-state,T5p52688_rho9p82033em15,0.3404881505506791,58.7650595763864,0.6207164383560572,0.2802249585536387,ok,/home/elads/STAR/full_grid_solar_opacity/runs/T5p52688_rho9p82033em15/fac-opacity-cowan-state/starout.h5
5.526877591581138,1.4112576178114521e-14,fac-opacity-cowan-state,T5p52688_rho1p41126em14,0.3404832575269118,58.92520875943535,0.6583406526122674,0.31785440534313814,ok,/home/elads/STAR/full_grid_solar_opacity/runs/T5p52688_rho1p41126em14/fac-opacity-cowan-state/starout.h5
5.526877591581138,2.0280871538024598e-14,fac-opacity-cowan-state,T5p52688_rho2p02809em14,0.3404782233855628,59.690373296783896,0.6567359079449088,0.31625573571345555,ok,/home/elads/STAR/full_grid_solar_opacity/runs/T5p52688_rho2p02809em14/fac-opacity-cowan-state/starout.h5
5.526877591581138,2.914519256800997e-14,fac-opacity-cowan-state,T5p52688_rho2p91452em14,0.3404740625524446,60.67117474236655,0.6683953695430108,0.3279184841754257,ok,/home/elads/STAR/full_grid_solar_opacity/runs/T5p52688_rho2p91452em14/fac-opacity-cowan-state/starout.h5
5.526877591581138,4.188391254457488e-14,fac-opacity-cowan-state,T5p52688_rho4p18839em14,0.34046720065147434,61.909008877357046,0.6723793874307754,0.3319083464610212,ok,/home/elads/STAR/full_grid_solar_opacity/runs/T5p52688_rho4p18839em14/fac-opacity-cowan-state/starout.h5
5.526877591581138,6.019044567806669e-14,fac-opacity-cowan-state,T5p52688_rho6p01904em14,0.3404601848218885,64.43093655311463,0.6526023447037005,0.3121391048466093,ok,/home/elads/STAR/full_grid_solar_opacity/runs/T5p52688_rho6p01904em14/fac-opacity-cowan-state/starout.h5
5.526877591581138,8.649836012976684e-14,fac-opacity-cowan-state,T5p52688_rho8p64984em14,0.3404534822505963,65.94668392803631,0.6643408816080971,0.32388439669034574,ok,/home/elads/STAR/full_grid_solar_opacity/runs/T5p52688_rho8p64984em14/fac-opacity-cowan-state/starout.h5
5.526877591581138,1.2430488295695167e-13,fac-opacity-cowan-state,T5p52688_rho1p24305em13,0.3404431699059778,69.36360729132988,0.6723076201468895,0.33186139586634,ok,/home/elads/STAR/full_grid_solar_opacity/runs/T5p52688_rho1p24305em13/fac-opacity-cowan-state/starout.h5
5.526877591581138,1.7863580192457348e-13,fac-opacity-cowan-state,T5p52688_rho1p78636em13,0.3404346926461335,72.8544691004338,0.6868240241988246,0.3463855632448048,ok,/home/elads/STAR/full_grid_solar_opacity/runs/T5p52688_rho1p78636em13/fac-opacity-cowan-state/starout.h5
5.526877591581138,2.567135656310987e-13,fac-opacity-cowan-state,T5p52688_rho2p56714em13,0.3404257922704643,77.99270451857609,0.6654739473839647,0.3250441544351735,ok,/home/elads/STAR/full_grid_solar_opacity/runs/T5p52688_rho2p56714em13/fac-opacity-cowan-state/starout.h5
5.526877591581138,3.6891739544382357e-13,fac-opacity-cowan-state,T5p52688_rho3p68917em13,0.3404173916894739,84.73247506133401,0.7039873085720841,0.3635657792858776,ok,/home/elads/STAR/full_grid_solar_opacity/runs/T5p52688_rho3p68917em13/fac-opacity-cowan-state/starout.h5
5.526877591581138,5.301630411562758e-13,fac-opacity-cowan-state,T5p52688_rho5p30163em13,0.34040791813333743,91.87204118751502,0.738973359705242,0.3985613825928229,ok,/home/elads/STAR/full_grid_solar_opacity/runs/T5p52688_rho5p30163em13/fac-opacity-cowan-state/starout.h5
5.526877591581138,7.618855973704612e-13,fac-opacity-cowan-state,T5p52688_rho7p61886em13,0.34039590252557433,101.03046714169815,0.7808544435662843,0.4404537344803182,ok,/home/elads/STAR/full_grid_solar_opacity/runs/T5p52688_rho7p61886em13/fac-opacity-cowan-state/starout.h5
5.526877591581138,1.0948889651276868e-12,fac-opacity-cowan-state,T5p52688_rho1p09489em12,0.3403860199709163,110.63613900261967,0.7844780127790052,0.4440877257655165,ok,/home/elads/STAR/full_grid_solar_opacity/runs/T5p52688_rho1p09489em12/fac-opacity-cowan-state/starout.h5
5.526877591581138,1.5734407502856082e-12,fac-opacity-cowan-state,T5p52688_rho1p57344em12,0.34037433300014425,120.64527753548053,0.8047802487450166,0.4644016515859101,ok,/home/elads/STAR/full_grid_solar_opacity/runs/T5p52688_rho1p57344em12/fac-opacity-cowan-state/starout.h5
5.526877591581138,2.26115695153675e-12,fac-opacity-cowan-state,T5p52688_rho2p26116em12,0.3403650123593355,130.43119210705268,0.8462149185789333,0.5058447750799184,ok,/home/elads/STAR/full_grid_solar_opacity/runs/T5p52688_rho2p26116em12/fac-opacity-cowan-state/starout.h5
5.526877591581138,3.249458715591849e-12,fac-opacity-cowan-state,T5p52688_rho3p24946em12,0.34035775232225385,139.661698827848,0.8177221656586692,0.47736007728497143,ok,/home/elads/STAR/full_grid_solar_opacity/runs/T5p52688_rho3p24946em12/fac-opacity-cowan-state/starout.h5
5.526877591581138,4.669725353279713e-12,fac-opacity-cowan-state,T5p52688_rho4p66973em12,0.3403404676745915,147.74702791948144,0.835262187645733,0.4949168214353152,ok,/home/elads/STAR/full_grid_solar_opacity/runs/T5p52688_rho4p66973em12/fac-opacity-cowan-state/starout.h5
5.526877591581138,6.710759170575148e-12,fac-opacity-cowan-state,T5p52688_rho6p71076em12,0.3403307544823877,154.410033598095,0.8199216108298321,0.4795854543713883,ok,/home/elads/STAR/full_grid_solar_opacity/runs/T5p52688_rho6p71076em12/fac-opacity-cowan-state/starout.h5
5.526877591581138,9.64388379154446e-12,fac-opacity-cowan-state,T5p52688_rho9p64388em12,0.3403207762385232,158.8750813378541,0.8918162139101391,0.5514895045273407,ok,/home/elads/STAR/full_grid_solar_opacity/runs/T5p52688_rho9p64388em12/fac-opacity-cowan-state/starout.h5
5.526877591581138,1.3859012403933867e-11,fac-opacity-cowan-state,T5p52688_rho1p3859em11,0.3403077936851869,164.0340644558961,0.937291657641964,0.5969768548876024,ok,/home/elads/STAR/full_grid_solar_opacity/runs/T5p52688_rho1p3859em11/fac-opacity-cowan-state/starout.h5
5.526877591581138,1.9916480638308542e-11,fac-opacity-cowan-state,T5p52688_rho1p99165em11,0.34029645096663924,169.14027343621697,0.9094537474561978,0.5691504207588778,ok,/home/elads/STAR/full_grid_solar_opacity/runs/T5p52688_rho1p99165em11/fac-opacity-cowan-state/starout.h5
5.526877591581138,2.8621534453892672e-11,fac-opacity-cowan-state,T5p52688_rho2p86215em11,0.3402843973008118,174.57923485849616,0.9042207558341776,0.5639292135316804,ok,/home/elads/STAR/full_grid_solar_opacity/runs/T5p52688_rho2p86215em11/fac-opacity-cowan-state/starout.h5
5.526877591581138,4.1131375034185614e-11,fac-opacity-cowan-state,T5p52688_rho4p11314em11,0.3402709279991587,179.17420304895273,0.9397281925460138,0.5994511106729663,ok,/home/elads/STAR/full_grid_solar_opacity/runs/T5p52688_rho4p11314em11/fac-opacity-cowan-state/starout.h5
5.526877591581138,5.910899064227969e-11,fac-opacity-cowan-state,T5p52688_rho5p9109em11,0.3402581574421706,184.5835719996129,1.0081575247976071,0.6678919669997594,ok,/home/elads/STAR/full_grid_solar_opacity/runs/T5p52688_rho5p9109em11/fac-opacity-cowan-state/starout.h5
5.526877591581138,8.4944224982638e-11,fac-opacity-cowan-state,T5p52688_rho8p49442em11,0.34024465223082284,191.10091933373118,1.0306289194428597,0.6903782768147405,ok,/home/elads/STAR/full_grid_solar_opacity/runs/T5p52688_rho8p49442em11/fac-opacity-cowan-state/starout.h5
5.526877591581138,1.2207146966133182e-10,fac-opacity-cowan-state,T5p52688_rho1p22071em10,0.34023064377257295,198.96045081624382,1.0883651905451595,0.7481284212366941,ok,/home/elads/STAR/full_grid_solar_opacity/runs/T5p52688_rho1p22071em10/fac-opacity-cowan-state/starout.h5
5.526877591581138,1.7542621300415897e-10,fac-opacity-cowan-state,T5p52688_rho1p75426em10,0.3402155813977695,208.404804421227,1.0946722206783708,0.754452168372321,ok,/home/elads/STAR/full_grid_solar_opacity/runs/T5p52688_rho1p75426em10/fac-opacity-cowan-state/starout.h5
5.526877591581138,2.52101136279913e-10,fac-opacity-cowan-state,T5p52688_rho2p52101em10,0.3401987237760606,219.4244398613863,1.1634841436790737,0.8232825159402962,ok,/home/elads/STAR/full_grid_solar_opacity/runs/T5p52688_rho2p52101em10/fac-opacity-cowan-state/starout.h5
5.526877591581138,3.6228897509242966e-10,fac-opacity-cowan-state,T5p52688_rho3p62289em10,0.3401803141651204,231.79845398472216,1.2145223444341384,0.8743414151258144,ok,/home/elads/STAR/full_grid_solar_opacity/runs/T5p52688_rho3p62289em10/fac-opacity-cowan-state/starout.h5
5.526877591581138,5.20637484663258e-10,fac-opacity-cowan-state,T5p52688_rho5p20637em10,0.3401599038184807,245.09844746437687,1.3463825593648064,1.0062258837380393,ok,/home/elads/STAR/full_grid_solar_opacity/runs/T5p52688_rho5p20637em10/fac-opacity-cowan-state/starout.h5
5.526877591581138,7.481966305138837e-10,fac-opacity-cowan-state,T5p52688_rho7p48197em10,0.34013600236910896,258.80265559481046,1.5642557550095921,1.2241303896430702,ok,/home/elads/STAR/full_grid_solar_opacity/runs/T5p52688_rho7p48197em10/fac-opacity-cowan-state/starout.h5
5.526877591581138,1.0752168531898921e-09,fac-opacity-cowan-state,T5p52688_rho1p07522em09,0.34010785424338424,272.54788386476815,1.6006562088001746,1.2605632930632236,ok,/home/elads/STAR/full_grid_solar_opacity/runs/T5p52688_rho1p07522em09/fac-opacity-cowan-state/starout.h5
5.526877591581138,1.5451703926941453e-09,fac-opacity-cowan-state,T5p52688_rho1p54517em09,0.34007160653971535,286.01133362006675,1.8049117045446044,1.4648654215694334,ok,/home/elads/STAR/full_grid_solar_opacity/runs/T5p52688_rho1p54517em09/fac-opacity-cowan-state/starout.h5
5.526877591581138,2.220530245015531e-09,fac-opacity-cowan-state,T5p52688_rho2p22053em09,0.3400252604567127,299.50738414060254,1.841295548999173,1.5012979422881392,ok,/home/elads/STAR/full_grid_solar_opacity/runs/T5p52688_rho2p22053em09/fac-opacity-cowan-state/starout.h5
5.526877591581138,3.1910749729235452e-09,fac-opacity-cowan-state,T5p52688_rho3p19107em09,0.33996606325999795,312.30919554786743,2.0282258741828865,1.6882951492231446,ok,/home/elads/STAR/full_grid_solar_opacity/runs/T5p52688_rho3p19107em09/fac-opacity-cowan-state/starout.h5
5.526877591581138,4.585823366142813e-09,fac-opacity-cowan-state,T5p52688_rho4p58582em09,0.33988760896796455,324.8399442698597,2.310133759533537,1.9702926938225067,ok,/home/elads/STAR/full_grid_solar_opacity/runs/T5p52688_rho4p58582em09/fac-opacity-cowan-state/starout.h5
5.526877591581138,6.590185477903269e-09,fac-opacity-cowan-state,T5p52688_rho6p59019em09,0.339782986009057,338.7112470446303,2.4409385297859667,2.101181407332148,ok,/home/elads/STAR/full_grid_solar_opacity/runs/T5p52688_rho6p59019em09/fac-opacity-cowan-state/starout.h5
5.526877591581138,9.470610000772238e-09,fac-opacity-cowan-state,T5p52688_rho9p47061em09,0.3396395704023226,354.2846014826645,2.89383608503086,2.5542182459595018,ok,/home/elads/STAR/full_grid_solar_opacity/runs/T5p52688_rho9p47061em09/fac-opacity-cowan-state/starout.h5
5.526877591581138,1.3610004466105506e-08,fac-opacity-cowan-state,T5p52688_rho1p361em08,0.3394445704432664,372.74581644755546,3.748023445207151,3.408624545392849,ok,/home/elads/STAR/full_grid_solar_opacity/runs/T5p52688_rho1p361em08/fac-opacity-cowan-state/starout.h5
5.526877591581138,1.9558636830395073e-08,fac-opacity-cowan-state,T5p52688_rho1p95586em08,0.3391768265684439,395.51132772431475,4.509158573155351,4.169995180857063,ok,/home/elads/STAR/full_grid_solar_opacity/runs/T5p52688_rho1p95586em08/fac-opacity-cowan-state/starout.h5
5.526877591581138,2.810728502080722e-08,fac-opacity-cowan-state,T5p52688_rho2p81073em08,0.3388059817846599,424.85803075673084,5.020409873552277,4.681578553499144,ok,/home/elads/STAR/full_grid_solar_opacity/runs/T5p52688_rho2p81073em08/fac-opacity-cowan-state/starout.h5
5.526877591581138,4.039235853150913e-08,fac-opacity-cowan-state,T5p52688_rho4p03924em08,0.3382999395520242,462.69586337062003,5.528901106713916,5.190350298026424,ok,/home/elads/STAR/full_grid_solar_opacity/runs/T5p52688_rho4p03924em08/fac-opacity-cowan-state/starout.h5
5.526877591581138,5.804696634805446e-08,fac-opacity-cowan-state,T5p52688_rho5p8047em08,0.3376032494677379,512.8255207835798,8.165237545446619,7.827361908088929,ok,/home/elads/STAR/full_grid_solar_opacity/runs/T5p52688_rho5p8047em08/fac-opacity-cowan-state/starout.h5
5.526877591581138,8.341801332506338e-08,fac-opacity-cowan-state,T5p52688_rho8p3418em08,0.33665216560831934,579.2010393650136,11.634372035031422,11.297320409008796,ok,/home/elads/STAR/full_grid_solar_opacity/runs/T5p52688_rho8p3418em08/fac-opacity-cowan-state/starout.h5
5.526877591581138,1.1987818459583772e-07,fac-opacity-cowan-state,T5p52688_rho1p19878em07,0.33536105006687794,667.8682855505767,12.067409746951393,11.731229507257417,ok,/home/elads/STAR/full_grid_solar_opacity/runs/T5p52688_rho1p19878em07/fac-opacity-cowan-state/starout.h5
5.526877591581138,1.7227429147699408e-07,fac-opacity-cowan-state,T5p52688_rho1p72274em07,0.3336255600929431,786.9989062226207,14.66985056586814,14.335121811358459,ok,/home/elads/STAR/full_grid_solar_opacity/runs/T5p52688_rho1p72274em07/fac-opacity-cowan-state/starout.h5
5.526877591581138,2.4757157946593376e-07,fac-opacity-cowan-state,T5p52688_rho2p47572em07,0.331308541524918,947.5236594808788,19.68525301139361,19.352408787511735,ok,/home/elads/STAR/full_grid_solar_opacity/runs/T5p52688_rho2p47572em07/fac-opacity-cowan-state/starout.h5
5.526877591581138,3.557796490339488e-07,fac-opacity-cowan-state,T5p52688_rho3p5578em07,0.3282585033801867,1165.1156500309594,23.658666423290434,23.327715090856106,ok,/home/elads/STAR/full_grid_solar_opacity/runs/T5p52688_rho3p5578em07/fac-opacity-cowan-state/starout.h5
5.526877591581138,5.112830759482948e-07,fac-opacity-cowan-state,T5p52688_rho5p11283em07,0.32430211617292476,1459.1309660686934,33.44371825914231,33.116241781156674,ok,/home/elads/STAR/full_grid_solar_opacity/runs/T5p52688_rho5p11283em07/fac-opacity-cowan-state/starout.h5
5.526877591581138,7.347536163492159e-07,fac-opacity-cowan-state,T5p52688_rho7p34754em07,0.31925484273753396,1854.1636812210581,45.56277829531462,45.239828851022864,ok,/home/elads/STAR/full_grid_solar_opacity/runs/T5p52688_rho7p34754em07/fac-opacity-cowan-state/starout.h5
5.526877591581138,1.0558981944335787e-06,fac-opacity-cowan-state,T5p52688_rho1p0559em06,0.3129442517177133,2378.839081500582,59.30270840400193,58.98444701665694,ok,/home/elads/STAR/full_grid_solar_opacity/runs/T5p52688_rho1p0559em06/fac-opacity-cowan-state/starout.h5
5.526877591581138,1.517407974863493e-06,fac-opacity-cowan-state,T5p52688_rho1p51741em06,0.30523577862707274,3062.4270667073065,78.3139361297279,78.00279965302477,ok,/home/elads/STAR/full_grid_solar_opacity/runs/T5p52688_rho1p51741em06/fac-opacity-cowan-state/starout.h5
5.526877591581138,2.1806334875063253e-06,fac-opacity-cowan-state,T5p52688_rho2p18063em06,0.2960676205382905,3930.6564635026107,115.08639248125907,114.78420779035179,ok,/home/elads/STAR/full_grid_solar_opacity/runs/T5p52688_rho2p18063em06/fac-opacity-cowan-state/starout.h5
5.526877591581138,3.1337402238588983e-06,fac-opacity-cowan-state,T5p52688_rho3p13374em06,0.2854809176481472,4996.015550673802,152.5001191767063,152.20800700350276,ok,/home/elads/STAR/full_grid_solar_opacity/runs/T5p52688_rho3p13374em06/fac-opacity-cowan-state/starout.h5
5.526877591581138,4.503428864545845e-06,fac-opacity-cowan-state,T5p52688_rho4p50343em06,0.2736512990374146,6249.402556681524,199.1583609567433,198.87741767669309,ok,/home/elads/STAR/full_grid_solar_opacity/runs/T5p52688_rho4p50343em06/fac-opacity-cowan-state/starout.h5
5.526877591581138,6.471778159406801e-06,fac-opacity-cowan-state,T5p52688_rho6p47178em06,0.26089272111332146,7656.127271700707,284.7522725146389,284.4861034635741,ok,/home/elads/STAR/full_grid_solar_opacity/runs/T5p52688_rho6p47178em06/fac-opacity-cowan-state/starout.h5
5.526877591581138,9.300449458481393e-06,fac-opacity-cowan-state,T5p52688_rho9p30045em06,0.24763205704386493,9159.213034490565,372.8610463972772,372.60876077069946,ok,/home/elads/STAR/full_grid_solar_opacity/runs/T5p52688_rho9p30045em06/fac-opacity-cowan-state/starout.h5
5.526877591581138,1.3365470508911143e-05,fac-opacity-cowan-state,T5p52688_rho1p33655em05,0.23435477939932203,10686.320921219918,516.7491743105155,516.5118521749845,ok,/home/elads/STAR/full_grid_solar_opacity/runs/T5p52688_rho1p33655em05/fac-opacity-cowan-state/starout.h5
5.526877591581138,1.920722248123928e-05,fac-opacity-cowan-state,T5p52688_rho1p92072em05,0.22153774432182582,12185.873885497083,711.45496067027,711.2315205715644,ok,/home/elads/STAR/full_grid_solar_opacity/runs/T5p52688_rho1p92072em05/fac-opacity-cowan-state/starout.h5
5.526877591581138,2.760227522090268e-05,fac-opacity-cowan-state,T5p52688_rho2p76023em05,0.20957780270938225,13628.825014282857,948.4723517002645,948.261381235311,ok,/home/elads/STAR/full_grid_solar_opacity/runs/T5p52688_rho2p76023em05/fac-opacity-cowan-state/starout.h5
5.526877591581138,3.966662010161191e-05,fac-opacity-cowan-state,T5p52688_rho3p96666em05,0.19872084784101554,14990.35373799383,1279.5645285030014,1279.3656266576393,ok,/home/elads/STAR/full_grid_solar_opacity/runs/T5p52688_rho3p96666em05/fac-opacity-cowan-state/starout.h5
5.526877591581138,5.7004023678963655e-05,fac-opacity-cowan-state,T5p52688_rho5p7004em05,0.18917723992662322,16406.461373692386,1673.594159152622,1673.405355604317,ok,/home/elads/STAR/full_grid_solar_opacity/runs/T5p52688_rho5p7004em05/fac-opacity-cowan-state/starout.h5
5.526877591581138,8.191922344953684e-05,fac-opacity-cowan-state,T5p52688_rho8p19192em05,0.18096017493151859,18099.705489512842,2420.315456244561,2420.134340206637,ok,/home/elads/STAR/full_grid_solar_opacity/runs/T5p52688_rho8p19192em05/fac-opacity-cowan-state/starout.h5
5.526877591581138,0.00011772430676769293,fac-opacity-cowan-state,T5p52688_rho0p000117724,0.17400264952830707,20210.35043468442,3441.4991483359067,3441.32462196502,ok,/home/elads/STAR/full_grid_solar_opacity/runs/T5p52688_rho0p000117724/fac-opacity-cowan-state/starout.h5
5.526877591581138,0.00016917900122028344,fac-opacity-cowan-state,T5p52688_rho0p000169179,0.16817396171722515,22158.836826730352,4331.536720544971,4331.3687407837615,ok,/home/elads/STAR/full_grid_solar_opacity/runs/T5p52688_rho0p000169179/fac-opacity-cowan-state/starout.h5
5.526877591581138,0.0002431234061999784,fac-opacity-cowan-state,T5p52688_rho0p000243123,0.16328538022218703,25355.48015957627,6053.297508589746,6053.134043823956,ok,/home/elads/STAR/full_grid_solar_opacity/runs/T5p52688_rho0p000243123/fac-opacity-cowan-state/starout.h5
5.526877591581138,0.0003493872774749123,fac-opacity-cowan-state,T5p52688_rho0p000349387,0.1591850580823419,28981.278965458376,7983.521082521509,7983.362008661286,ok,/home/elads/STAR/full_grid_solar_opacity/runs/T5p52688_rho0p000349387/fac-opacity-cowan-state/starout.h5
5.526877591581138,0.0005020967399614471,fac-opacity-cowan-state,T5p52688_rho0p000502097,0.15563583441305592,33256.43569952126,10330.702829053887,10330.547459107622,ok,/home/elads/STAR/full_grid_solar_opacity/runs/T5p52688_rho0p000502097/fac-opacity-cowan-state/starout.h5
5.526877591581138,0.0007215521357901021,fac-opacity-cowan-state,T5p52688_rho0p000721552,0.15229414129028782,39632.659278550054,12954.963415912844,12954.8112288888,ok,/home/elads/STAR/full_grid_solar_opacity/runs/T5p52688_rho0p000721552/fac-opacity-cowan-state/starout.h5
5.526877591581138,0.0010369266382873438,fac-opacity-cowan-state,T5p52688_rho0p00103693,0.1494726020878293,47765.40257006291,16566.265591927004,16566.11613268732,ok,/home/elads/STAR/full_grid_solar_opacity/runs/T5p52688_rho0p00103693/fac-opacity-cowan-state/starout.h5
5.526877591581138,0.0014901443705277455,fac-opacity-cowan-state,T5p52688_rho0p00149014,0.14698856129678164,57064.964589480005,18933.416207200615,18933.26918515971,ok,/home/elads/STAR/full_grid_solar_opacity/runs/T5p52688_rho0p00149014/fac-opacity-cowan-state/starout.h5
5.526877591581138,0.002141453563853953,fac-opacity-cowan-state,T5p52688_rho0p00214145,0.14471739912369544,68782.54791184823,22031.390636694166,22031.245794314167,ok,/home/elads/STAR/full_grid_solar_opacity/runs/T5p52688_rho0p00214145/fac-opacity-cowan-state/starout.h5
5.526877591581138,0.003077435620898055,fac-opacity-cowan-state,T5p52688_rho0p00307744,0.14243432184121982,83320.9509732282,24497.87035949767,24497.727785398125,ok,/home/elads/STAR/full_grid_solar_opacity/runs/T5p52688_rho0p00307744/fac-opacity-cowan-state/starout.h5
5.526877591581138,0.004422514763163053,fac-opacity-cowan-state,T5p52688_rho0p00442251,0.13972629869772657,101144.37131915832,27475.61877739876,27475.47889937572,ok,/home/elads/STAR/full_grid_solar_opacity/runs/T5p52688_rho0p00442251/fac-opacity-cowan-state/starout.h5
5.526877591581138,0.006355498291362301,fac-opacity-cowan-state,T5p52688_rho0p0063555,0.13600365556522953,122199.87967583878,32681.024268322086,32680.888125399837,ok,/home/elads/STAR/full_grid_solar_opacity/runs/T5p52688_rho0p0063555/fac-opacity-cowan-state/starout.h5
5.526877591581138,0.009133346228248624,fac-opacity-cowan-state,T5p52688_rho0p00913335,0.13055800016211264,141651.58954228013,35402.32076571702,35402.19008394628,ok,/home/elads/STAR/full_grid_solar_opacity/runs/T5p52688_rho0p00913335/fac-opacity-cowan-state/starout.h5
5.526877591581138,0.01312533014735226,fac-opacity-cowan-state,T5p52688_rho0p0131253,0.12218046530650187,157092.00343358223,37806.53390760328,37806.411623055224,ok,/home/elads/STAR/full_grid_solar_opacity/runs/T5p52688_rho0p0131253/fac-opacity-cowan-state/starout.h5
5.526877591581138,0.018862122071335155,fac-opacity-cowan-state,T5p52688_rho0p0188621,0.11146317340316596,164225.4245457546,39227.62310585214,39227.51155836952,ok,/home/elads/STAR/full_grid_solar_opacity/runs/T5p52688_rho0p0188621/fac-opacity-cowan-state/starout.h5
5.526877591581138,0.02710633904364831,fac-opacity-cowan-state,T5p52688_rho0p0271063,0.0989888072963723,161789.92977830447,39360.056314189285,39359.9572595111,ok,/home/elads/STAR/full_grid_solar_opacity/runs/T5p52688_rho0p0271063/fac-opacity-cowan-state/starout.h5
5.526877591581138,0.038953921174427183,fac-opacity-cowan-state,T5p52688_rho0p0389539,0.0888189073802343,152530.5885748928,38651.26253482046,38651.17366716888,ok,/home/elads/STAR/full_grid_solar_opacity/runs/T5p52688_rho0p0389539/fac-opacity-cowan-state/starout.h5
5.526877591581138,0.0559798197912329,fac-opacity-cowan-state,T5p52688_rho0p0559798,0.08078378820458539,142800.89322136017,37817.91171428562,37817.83089493754,ok,/home/elads/STAR/full_grid_solar_opacity/runs/T5p52688_rho0p0559798/fac-opacity-cowan-state/starout.h5
5.526877591581138,0.08044736266284185,fac-opacity-cowan-state,T5p52688_rho0p0804474,0.07606310654814433,133964.98985125942,36791.516684074806,36791.440595663764,ok,/home/elads/STAR/full_grid_solar_opacity/runs/T5p52688_rho0p0804474/fac-opacity-cowan-state/starout.h5
5.526877591581138,0.11560912813835741,fac-opacity-cowan-state,T5p52688_rho0p115609,0.07217487441282522,124820.03706244209,35535.325747682866,35535.25355509245,ok,/home/elads/STAR/full_grid_solar_opacity/runs/T5p52688_rho0p115609/fac-opacity-cowan-state/starout.h5
5.526877591581138,0.1661393247274789,fac-opacity-cowan-state,T5p52688_rho0p166139,0.07000897553273659,116615.41084842682,33701.89826238085,33701.828241620766,ok,/home/elads/STAR/full_grid_solar_opacity/runs/T5p52688_rho0p166139/fac-opacity-cowan-state/starout.h5
5.526877591581138,0.23875515424585794,fac-opacity-cowan-state,T5p52688_rho0p238755,0.06837783338760638,105277.47777005145,31689.368176424658,31689.299790801804,ok,/home/elads/STAR/full_grid_solar_opacity/runs/T5p52688_rho0p238755/fac-opacity-cowan-state/starout.h5
5.526877591581138,0.34310975906798746,fac-opacity-cowan-state,T5p52688_rho0p34311,0.06494669926207973,91991.96317105199,29871.89092478192,29871.825972467766,ok,/home/elads/STAR/full_grid_solar_opacity/runs/T5p52688_rho0p34311/fac-opacity-cowan-state/starout.h5
5.526877591581138,0.49307545690287347,fac-opacity-cowan-state,T5p52688_rho0p493075,0.05948773851880417,79050.48748491587,28617.589316679834,28617.52982431943,ok,/home/elads/STAR/full_grid_solar_opacity/runs/T5p52688_rho0p493075/fac-opacity-cowan-state/starout.h5
5.526877591581138,0.7085878491488851,fac-opacity-cowan-state,T5p52688_rho0p708588,0.05403711980307828,65934.83133768139,27636.015631018985,27635.961589796065,ok,/home/elads/STAR/full_grid_solar_opacity/runs/T5p52688_rho0p708588/fac-opacity-cowan-state/starout.h5
5.526877591581138,1.0182959482819007,fac-opacity-cowan-state,T5p52688_rho1p0183,0.04843538583940784,54844.57343363341,26601.5316333927,26601.48319408334,ok,/home/elads/STAR/full_grid_solar_opacity/runs/T5p52688_rho1p0183/fac-opacity-cowan-state/starout.h5
5.526877591581138,1.4633706173946401,fac-opacity-cowan-state,T5p52688_rho1p46337,0.04285336415383766,47001.96174967145,25280.282509664416,25280.239652369128,ok,/home/elads/STAR/full_grid_solar_opacity/runs/T5p52688_rho1p46337/fac-opacity-cowan-state/starout.h5
5.526877591581138,2.1029775945461404,fac-opacity-cowan-state,T5p52688_rho2p10298,0.03796298450180517,41841.954210960714,23714.035845997478,23713.997879044036,ok,/home/elads/STAR/full_grid_solar_opacity/runs/T5p52688_rho2p10298/fac-opacity-cowan-state/starout.h5
5.526877591581138,3.0221426551783854,fac-opacity-cowan-state,T5p52688_rho3p02214,0.034293518343607735,38356.4860830574,21959.54078209608,21959.506484623293,ok,/home/elads/STAR/full_grid_solar_opacity/runs/T5p52688_rho3p02214/fac-opacity-cowan-state/starout.h5
5.526877591581138,4.343054463316713,fac-opacity-cowan-state,T5p52688_rho4p34305,0.03182174194691098,35952.679851921646,20143.90671743706,20143.874891817275,ok,/home/elads/STAR/full_grid_solar_opacity/runs/T5p52688_rho4p34305/fac-opacity-cowan-state/starout.h5
5.526877591581138,6.241307649397467,fac-opacity-cowan-state,T5p52688_rho6p24131,0.030898137573952832,33996.37486197731,18105.19043958517,18105.159537706397,ok,/home/elads/STAR/full_grid_solar_opacity/runs/T5p52688_rho6p24131/fac-opacity-cowan-state/starout.h5
5.526877591581138,8.969245378672715,fac-opacity-cowan-state,T5p52688_rho8p96925,0.02857172775974568,32308.99203207889,16107.031100417376,16107.002525079166,ok,/home/elads/STAR/full_grid_solar_opacity/runs/T5p52688_rho8p96925/fac-opacity-cowan-state/starout.h5
5.526877591581138,12.889504440725364,fac-opacity-cowan-state,T5p52688_rho12p8895,0.022324819396730994,31243.756364384186,14792.246131247843,14792.223802973902,ok,/home/elads/STAR/full_grid_solar_opacity/runs/T5p52688_rho12p8895/fac-opacity-cowan-state/starout.h5
5.526877591581138,18.52322215674118,fac-opacity-cowan-state,T5p52688_rho18p5232,0.0173487998559835,30631.852574207493,14359.577123254052,14359.55977114016,ok,/home/elads/STAR/full_grid_solar_opacity/runs/T5p52688_rho18p5232/fac-opacity-cowan-state/starout.h5
5.526877591581138,26.61931346126126,fac-opacity-cowan-state,T5p52688_rho26p6193,0.013070437251818463,30137.479280636304,14017.753674218062,14017.740600612145,ok,/home/elads/STAR/full_grid_solar_opacity/runs/T5p52688_rho26p6193/fac-opacity-cowan-state/starout.h5
5.526877591581138,38.254027466328665,fac-opacity-cowan-state,T5p52688_rho38p254,0.00923988571522931,29991.670576123783,15254.014291125786,15254.005048009436,ok,/home/elads/STAR/full_grid_solar_opacity/runs/T5p52688_rho38p254/fac-opacity-cowan-state/starout.h5
5.526877591581138,54.97401800103719,fac-opacity-cowan-state,T5p52688_rho54p974,0.006321909466657099,30535.59315913154,18214.24513609557,18214.238810545987,ok,/home/elads/STAR/full_grid_solar_opacity/runs/T5p52688_rho54p974/fac-opacity-cowan-state/starout.h5
5.526877591581138,79.0019471240894,fac-opacity-cowan-state,T5p52688_rho79p0019,0.010171318263841557,30287.13434888138,19442.71454781949,19442.704372537057,ok,/home/elads/STAR/full_grid_solar_opacity/runs/T5p52688_rho79p0019/fac-opacity-cowan-state/starout.h5
5.526877591581138,113.53195339077567,fac-opacity-cowan-state,T5p52688_rho113p532,0.018460742994308603,30358.821490381597,20876.89612276646,20876.87765753714,ok,/home/elads/STAR/full_grid_solar_opacity/runs/T5p52688_rho113p532/fac-opacity-cowan-state/starout.h5
5.526877591581138,163.15426277379785,fac-opacity-cowan-state,T5p52688_rho163p154,0.032924667139539905,26758.559866916425,17544.242054479957,17544.2091253059,ok,/home/elads/STAR/full_grid_solar_opacity/runs/T5p52688_rho163p154/fac-opacity-cowan-state/starout.h5
5.526877591581138,234.46538763970608,fac-opacity-cowan-state,T5p52688_rho234p465,0.043296330863715024,26022.045419921953,17347.480111780565,17347.436810629413,ok,/home/elads/STAR/full_grid_solar_opacity/runs/T5p52688_rho234p465/fac-opacity-cowan-state/starout.h5
5.526877591581138,336.94503022121665,fac-opacity-cowan-state,T5p52688_rho336p945,0.04748305355879945,27838.324888409064,20318.39815143667,20318.350662874254,ok,/home/elads/STAR/full_grid_solar_opacity/runs/T5p52688_rho336p945/fac-opacity-cowan-state/starout.h5
5.526877591581138,484.21626123015125,fac-opacity-cowan-state,T5p52688_rho484p216,0.058067503966658204,23771.888492849077,17206.176213917886,17206.11814101782,ok,/home/elads/STAR/full_grid_solar_opacity/runs/T5p52688_rho484p216/fac-opacity-cowan-state/starout.h5
5.526877591581138,695.8564947100452,fac-opacity-cowan-state,T5p52688_rho695p856,0.09563030683620458,17667.462098633092,13598.370376174891,13598.274740120147,ok,/home/elads/STAR/full_grid_solar_opacity/runs/T5p52688_rho695p856/fac-opacity-cowan-state/starout.h5
5.526877591581138,1000.0,fac-opacity-cowan-state,T5p52688_rho1000,0.10737604901650011,15767.028345194653,12194.859530658157,12194.752148712949,ok,/home/elads/STAR/full_grid_solar_opacity/runs/T5p52688_rho1000/fac-opacity-cowan-state/starout.h5
