temp_eV,rho_gcc,mode,label,kross_scattering,kplanck,krosseland,krosseland_absorption,status,h5_path
900.991534215264,1e-17,fac-opacity-cowan-state,T900p992_rho1em17,0.33364394159967314,7.606745991299097e-18,0.33364394159967314,2.7362044176184316e-18,ok,/home/elads/STAR/full_grid_solar_opacity/runs/T900p992_rho1em17/fac-opacity-cowan-state/starout.h5
900.991534215264,1.4370779141993746e-17,fac-opacity-cowan-state,T900p992_rho1p43708em17,0.3336439415996739,1.069017047081253e-17,0.3336439415996739,3.838948607182272e-18,ok,/home/elads/STAR/full_grid_solar_opacity/runs/T900p992_rho1p43708em17/fac-opacity-cowan-state/starout.h5
900.991534215264,2.065192931479625e-17,fac-opacity-cowan-state,T900p992_rho2p06519em17,0.33364394159967414,1.5121299057366916e-17,0.33364394159967414,5.423680649869416e-18,ok,/home/elads/STAR/full_grid_solar_opacity/runs/T900p992_rho2p06519em17/fac-opacity-cowan-state/starout.h5
900.991534215264,2.9678431503900313e-17,fac-opacity-cowan-state,T900p992_rho2p96784em17,0.33364394159967725,2.1503563564761513e-17,0.33364394159967725,7.706253233805382e-18,ok,/home/elads/STAR/full_grid_solar_opacity/runs/T900p992_rho2p96784em17/fac-opacity-cowan-state/starout.h5
900.991534215264,4.2650218442334076e-17,fac-opacity-cowan-state,T900p992_rho4p26502em17,0.33364394159918287,3.069493034017063e-17,0.3336439415991829,1.0993540830621232e-17,ok,/home/elads/STAR/full_grid_solar_opacity/runs/T900p992_rho4p26502em17/fac-opacity-cowan-state/starout.h5
900.991534215264,6.129168695925715e-17,fac-opacity-cowan-state,T900p992_rho6p12917em17,0.33364394159967126,4.4006567761056397e-17,0.3336439415996713,1.575787395408237e-17,ok,/home/elads/STAR/full_grid_solar_opacity/runs/T900p992_rho6p12917em17/fac-opacity-cowan-state/starout.h5
900.991534215264,8.808092965317026e-17,fac-opacity-cowan-state,T900p992_rho8p80809em17,0.33364394159967686,6.323700191561527e-17,0.33364394159967686,2.264393269493504e-17,ok,/home/elads/STAR/full_grid_solar_opacity/runs/T900p992_rho8p80809em17/fac-opacity-cowan-state/starout.h5
900.991534215264,1.2657915866672028e-16,fac-opacity-cowan-state,T900p992_rho1p26579em16,0.33364394159965416,9.0870426946326e-17,0.33364394159965416,3.253897341254037e-17,ok,/home/elads/STAR/full_grid_solar_opacity/runs/T900p992_rho1p26579em16/fac-opacity-cowan-state/starout.h5
900.991534215264,1.819041133178821e-16,fac-opacity-cowan-state,T900p992_rho1p81904em16,0.3336439415994445,1.3057829778910084e-16,0.3336439415994445,4.675768973079144e-17,ok,/home/elads/STAR/full_grid_solar_opacity/runs/T900p992_rho1p81904em16/fac-opacity-cowan-state/starout.h5
900.991534215264,2.6141038375114865e-16,fac-opacity-cowan-state,T900p992_rho2p6141em16,0.333643941598888,1.8763610811093502e-16,0.333643941598888,6.718917913721526e-17,ok,/home/elads/STAR/full_grid_solar_opacity/runs/T900p992_rho2p6141em16/fac-opacity-cowan-state/starout.h5
900.991534215264,3.7566708903116036e-16,fac-opacity-cowan-state,T900p992_rho3p75667em16,0.33364394161501265,2.696241785598784e-16,0.3336439416150127,9.654788782578608e-17,ok,/home/elads/STAR/full_grid_solar_opacity/runs/T900p992_rho3p75667em16/fac-opacity-cowan-state/starout.h5
900.991534215264,5.398628767382507e-16,fac-opacity-cowan-state,T900p992_rho5p39863em16,0.33364394159850386,3.874343344851921e-16,0.333643941598504,1.3873409884896683e-16,ok,/home/elads/STAR/full_grid_solar_opacity/runs/T900p992_rho5p39863em16/fac-opacity-cowan-state/starout.h5
900.991534215264,7.758250168566793e-16,fac-opacity-cowan-state,T900p992_rho7p75825em16,0.33364394159823807,5.567167399211602e-16,0.33364394159823824,1.993520663052376e-16,ok,/home/elads/STAR/full_grid_solar_opacity/runs/T900p992_rho7p75825em16/fac-opacity-cowan-state/starout.h5
900.991534215264,1.1149209970080914e-15,fac-opacity-cowan-state,T900p992_rho1p11492em15,0.3336439415992691,7.999584914621504e-16,0.3336439415992693,2.8645436781955696e-16,ok,/home/elads/STAR/full_grid_solar_opacity/runs/T900p992_rho1p11492em15/fac-opacity-cowan-state/starout.h5
900.991534215264,1.6022283408774753e-15,fac-opacity-cowan-state,T900p992_rho1p60223em15,0.3336439415995915,1.1494704667652988e-15,0.3336439415995919,4.116115912529121e-16,ok,/home/elads/STAR/full_grid_solar_opacity/runs/T900p992_rho1p60223em15/fac-opacity-cowan-state/starout.h5
900.991534215264,2.3025269621793266e-15,fac-opacity-cowan-state,T900p992_rho2p30253em15,0.3336439415996842,1.651680173988479e-15,0.3336439415996847,5.914496080267231e-16,ok,/home/elads/STAR/full_grid_solar_opacity/runs/T900p992_rho2p30253em15/fac-opacity-cowan-state/starout.h5
900.991534215264,3.308910644196489e-15,fac-opacity-cowan-state,T900p992_rho3p30891em15,0.33364394160588096,2.373299917706107e-15,0.3336439416058818,8.498587303046872e-16,ok,/home/elads/STAR/full_grid_solar_opacity/runs/T900p992_rho3p30891em15/fac-opacity-cowan-state/starout.h5
900.991534215264,4.755162406834019e-15,fac-opacity-cowan-state,T900p992_rho4p75516em15,0.33364394160228183,3.4101906609505653e-15,0.33364394160228306,1.2211680744327238e-15,ok,/home/elads/STAR/full_grid_solar_opacity/runs/T900p992_rho4p75516em15/fac-opacity-cowan-state/starout.h5
900.991534215264,6.8335388732923106e-15,fac-opacity-cowan-state,T900p992_rho6p83354em15,0.33364394160047967,4.900104716681453e-15,0.33364394160048144,1.7547094196689143e-15,ok,/home/elads/STAR/full_grid_solar_opacity/runs/T900p992_rho6p83354em15/fac-opacity-cowan-state/starout.h5
900.991534215264,9.820327790631256e-15,fac-opacity-cowan-state,T900p992_rho9p82033em15,0.3336439407398959,7.041010524999492e-15,0.3336439407398984,2.521380170371341e-15,ok,/home/elads/STAR/full_grid_solar_opacity/runs/T900p992_rho9p82033em15/fac-opacity-cowan-state/starout.h5
900.991534215264,1.4112576178114521e-14,fac-opacity-cowan-state,T900p992_rho1p41126em14,0.3336439415943678,1.0117370360071607e-14,0.3336439415943712,3.623055619780631e-15,ok,/home/elads/STAR/full_grid_solar_opacity/runs/T900p992_rho1p41126em14/fac-opacity-cowan-state/starout.h5
900.991534215264,2.0280871538024598e-14,fac-opacity-cowan-state,T900p992_rho2p02809em14,0.33364394159939514,1.453810993803281e-14,0.33364394159940025,5.206189959429173e-15,ok,/home/elads/STAR/full_grid_solar_opacity/runs/T900p992_rho2p02809em14/fac-opacity-cowan-state/starout.h5
900.991534215264,2.914519256800997e-14,fac-opacity-cowan-state,T900p992_rho2p91452em14,0.3336439416004123,2.0890952773531355e-14,0.3336439416004196,7.481277243652953e-15,ok,/home/elads/STAR/full_grid_solar_opacity/runs/T900p992_rho2p91452em14/fac-opacity-cowan-state/starout.h5
900.991534215264,4.188391254457488e-14,fac-opacity-cowan-state,T900p992_rho4p18839em14,0.3336439415478157,3.002077627254095e-14,0.33364394154782595,1.0750921608113737e-14,ok,/home/elads/STAR/full_grid_solar_opacity/runs/T900p992_rho4p18839em14/fac-opacity-cowan-state/starout.h5
900.991534215264,6.019044567806669e-14,fac-opacity-cowan-state,T900p992_rho6p01904em14,0.3336439415996256,4.3142249743090027e-14,0.33364394159964045,1.5450189473438905e-14,ok,/home/elads/STAR/full_grid_solar_opacity/runs/T900p992_rho6p01904em14/fac-opacity-cowan-state/starout.h5
900.991534215264,8.649836012976684e-14,fac-opacity-cowan-state,T900p992_rho8p64984em14,0.33364394164797956,6.200187205126671e-14,0.33364394164800104,2.2204662063476778e-14,ok,/home/elads/STAR/full_grid_solar_opacity/runs/T900p992_rho8p64984em14/fac-opacity-cowan-state/starout.h5
900.991534215264,1.2430488295695167e-13,fac-opacity-cowan-state,T900p992_rho1p24305em13,0.3336439416019763,8.911117428503483e-14,0.3336439416020078,3.191399462763224e-14,ok,/home/elads/STAR/full_grid_solar_opacity/runs/T900p992_rho1p24305em13/fac-opacity-cowan-state/starout.h5
900.991534215264,1.7863580192457348e-13,fac-opacity-cowan-state,T900p992_rho1p78636em13,0.33364394159984334,1.2808221582278562e-13,0.333643941599888,4.5872128005308876e-14,ok,/home/elads/STAR/full_grid_solar_opacity/runs/T900p992_rho1p78636em13/fac-opacity-cowan-state/starout.h5
900.991534215264,2.567135656310987e-13,fac-opacity-cowan-state,T900p992_rho2p56714em13,0.33364394159715727,1.8411033331143143e-13,0.3336439415972218,6.594029730366102e-14,ok,/home/elads/STAR/full_grid_solar_opacity/runs/T900p992_rho2p56714em13/fac-opacity-cowan-state/starout.h5
900.991534215264,3.6891739544382357e-13,fac-opacity-cowan-state,T900p992_rho3p68917em13,0.33364394160055527,2.64668953801569e-13,0.3336439416006481,9.479602203779196e-14,ok,/home/elads/STAR/full_grid_solar_opacity/runs/T900p992_rho3p68917em13/fac-opacity-cowan-state/starout.h5
900.991534215264,5.301630411562758e-13,fac-opacity-cowan-state,T900p992_rho5p30163em13,0.33364394118117807,3.8051053063910764e-13,0.333643941181312,1.3629202411898691e-13,ok,/home/elads/STAR/full_grid_solar_opacity/runs/T900p992_rho5p30163em13/fac-opacity-cowan-state/starout.h5
900.991534215264,7.618855973704612e-13,fac-opacity-cowan-state,T900p992_rho7p61886em13,0.33364394154129634,5.471078917564549e-13,0.33364394154148863,1.95972865712907e-13,ok,/home/elads/STAR/full_grid_solar_opacity/runs/T900p992_rho7p61886em13/fac-opacity-cowan-state/starout.h5
900.991534215264,1.0948889651276868e-12,fac-opacity-cowan-state,T900p992_rho1p09489em12,0.3336439415996341,7.867170400014811e-13,0.33364394159991,2.818142718314926e-13,ok,/home/elads/STAR/full_grid_solar_opacity/runs/T900p992_rho1p09489em12/fac-opacity-cowan-state/starout.h5
900.991534215264,1.5734407502856082e-12,fac-opacity-cowan-state,T900p992_rho1p57344em12,0.3336439415990019,1.1313961462726078e-12,0.3336439415993982,4.0530684998819694e-13,ok,/home/elads/STAR/full_grid_solar_opacity/runs/T900p992_rho1p57344em12/fac-opacity-cowan-state/starout.h5
900.991534215264,2.26115695153675e-12,fac-opacity-cowan-state,T900p992_rho2p26116em12,0.33364394181459794,1.627291849792213e-12,0.33364394181516904,5.829926458648096e-13,ok,/home/elads/STAR/full_grid_solar_opacity/runs/T900p992_rho2p26116em12/fac-opacity-cowan-state/starout.h5
900.991534215264,3.249458715591849e-12,fac-opacity-cowan-state,T900p992_rho3p24946em12,0.3336439415820268,2.340921718395126e-12,0.3336439415828491,8.387213793359222e-13,ok,/home/elads/STAR/full_grid_solar_opacity/runs/T900p992_rho3p24946em12/fac-opacity-cowan-state/starout.h5
900.991534215264,4.669725353279713e-12,fac-opacity-cowan-state,T900p992_rho4p66973em12,0.3336439415966846,3.3681401124327923e-12,0.33364394159786637,1.2068675791781253e-12,ok,/home/elads/STAR/full_grid_solar_opacity/runs/T900p992_rho4p66973em12/fac-opacity-cowan-state/starout.h5
900.991534215264,6.710759170575148e-12,fac-opacity-cowan-state,T900p992_rho6p71076em12,0.3336439416944615,4.8474550853237036e-12,0.3336439416961638,1.7371191802568779e-12,ok,/home/elads/STAR/full_grid_solar_opacity/runs/T900p992_rho6p71076em12/fac-opacity-cowan-state/starout.h5
900.991534215264,9.64388379154446e-12,fac-opacity-cowan-state,T900p992_rho9p64388em12,0.33364394159428284,6.979767220236218e-12,0.33364394159673344,2.501585496642242e-12,ok,/home/elads/STAR/full_grid_solar_opacity/runs/T900p992_rho9p64388em12/fac-opacity-cowan-state/starout.h5
900.991534215264,1.3859012403933867e-11,fac-opacity-cowan-state,T900p992_rho1p3859em11,0.3336439415858452,1.0059434351902073e-11,0.33364394158937777,3.6060321470038304e-12,ok,/home/elads/STAR/full_grid_solar_opacity/runs/T900p992_rho1p3859em11/fac-opacity-cowan-state/starout.h5
900.991534215264,1.9916480638308542e-11,fac-opacity-cowan-state,T900p992_rho1p99165em11,0.3336439415777814,1.4527578028604476e-11,0.3336439415828841,5.20930359366183e-12,ok,/home/elads/STAR/full_grid_solar_opacity/runs/T900p992_rho1p99165em11/fac-opacity-cowan-state/starout.h5
900.991534215264,2.8621534453892672e-11,fac-opacity-cowan-state,T900p992_rho2p86215em11,0.3336439415892245,2.1149799089085652e-11,0.33364394159665833,7.589363131510614e-12,ok,/home/elads/STAR/full_grid_solar_opacity/runs/T900p992_rho2p86215em11/fac-opacity-cowan-state/starout.h5
900.991534215264,4.1131375034185614e-11,fac-opacity-cowan-state,T900p992_rho4p11314em11,0.33309242938226524,3.0774599702541005e-11,0.3330924293930897,1.1048135031793237e-11,ok,/home/elads/STAR/full_grid_solar_opacity/runs/T900p992_rho4p11314em11/fac-opacity-cowan-state/starout.h5
900.991534215264,5.910899064227969e-11,fac-opacity-cowan-state,T900p992_rho5p9109em11,0.33309242941757394,4.457067466678036e-11,0.33309242943326567,1.6018226429198833e-11,ok,/home/elads/STAR/full_grid_solar_opacity/runs/T900p992_rho5p9109em11/fac-opacity-cowan-state/starout.h5
900.991534215264,8.4944224982638e-11,fac-opacity-cowan-state,T900p992_rho8p49442em11,0.3330924293686037,6.448104831507898e-11,0.33309242939130135,2.3168751458139587e-11,ok,/home/elads/STAR/full_grid_solar_opacity/runs/T900p992_rho8p49442em11/fac-opacity-cowan-state/starout.h5
900.991534215264,1.2207146966133182e-10,fac-opacity-cowan-state,T900p992_rho1p22071em10,0.33309242936456196,1.6086441350381651e-10,0.33309242956037605,1.926339338468584e-10,ok,/home/elads/STAR/full_grid_solar_opacity/runs/T900p992_rho1p22071em10/fac-opacity-cowan-state/starout.h5
900.991534215264,1.7542621300415897e-10,fac-opacity-cowan-state,T900p992_rho1p75426em10,0.3330924293202053,2.304950596460367e-10,0.3330924296015504,2.7675924827122675e-10,ok,/home/elads/STAR/full_grid_solar_opacity/runs/T900p992_rho1p75426em10/fac-opacity-cowan-state/starout.h5
900.991534215264,2.52101136279913e-10,fac-opacity-cowan-state,T900p992_rho2p52101em10,0.33309242929979227,3.309204439877145e-10,0.3330924297039483,3.9757086617469814e-10,ok,/home/elads/STAR/full_grid_solar_opacity/runs/T900p992_rho2p52101em10/fac-opacity-cowan-state/starout.h5
900.991534215264,3.6228897509242966e-10,fac-opacity-cowan-state,T900p992_rho3p62289em10,0.3330924292588075,4.786419434748143e-10,0.3330924298407367,5.724895084099295e-10,ok,/home/elads/STAR/full_grid_solar_opacity/runs/T900p992_rho3p62289em10/fac-opacity-cowan-state/starout.h5
900.991534215264,5.20637484663258e-10,fac-opacity-cowan-state,T900p992_rho5p20637em10,0.33309242919058113,6.949324524414842e-10,0.3330924300304675,8.263181499388976e-10,ok,/home/elads/STAR/full_grid_solar_opacity/runs/T900p992_rho5p20637em10/fac-opacity-cowan-state/starout.h5
900.991534215264,7.481966305138837e-10,fac-opacity-cowan-state,T900p992_rho7p48197em10,0.33309242912294706,3.972997278736165e-09,0.3330924364792548,7.226883582680778e-09,ok,/home/elads/STAR/full_grid_solar_opacity/runs/T900p992_rho7p48197em10/fac-opacity-cowan-state/starout.h5
900.991534215264,1.0752168531898921e-09,fac-opacity-cowan-state,T900p992_rho1p07522em09,0.3330924289727515,5.721159151038235e-09,0.33309243955245865,1.0393716227420558e-08,ok,/home/elads/STAR/full_grid_solar_opacity/runs/T900p992_rho1p07522em09/fac-opacity-cowan-state/starout.h5
900.991534215264,1.5451703926941453e-09,fac-opacity-cowan-state,T900p992_rho1p54517em09,0.3330924287873775,8.226919803069891e-09,0.33309244399513327,1.4940439726175985e-08,ok,/home/elads/STAR/full_grid_solar_opacity/runs/T900p992_rho1p54517em09/fac-opacity-cowan-state/starout.h5
900.991534215264,2.220530245015531e-09,fac-opacity-cowan-state,T900p992_rho2p22053em09,0.33309242852548476,1.1847284404230708e-08,0.3330924503906931,2.1481177700184105e-08,ok,/home/elads/STAR/full_grid_solar_opacity/runs/T900p992_rho2p22053em09/fac-opacity-cowan-state/starout.h5
900.991534215264,3.1910749729235452e-09,fac-opacity-cowan-state,T900p992_rho3p19107em09,0.3330924281526384,1.695232531486341e-08,0.3330924595489626,3.084380724674402e-08,ok,/home/elads/STAR/full_grid_solar_opacity/runs/T900p992_rho3p19107em09/fac-opacity-cowan-state/starout.h5
900.991534215264,4.585823366142813e-09,fac-opacity-cowan-state,T900p992_rho4p58582em09,0.3330924276317169,2.430608102847636e-08,0.3330924727303638,4.430411502163036e-08,ok,/home/elads/STAR/full_grid_solar_opacity/runs/T900p992_rho4p58582em09/fac-opacity-cowan-state/starout.h5
900.991534215264,6.590185477903269e-09,fac-opacity-cowan-state,T900p992_rho6p59019em09,0.3330924294234902,3.479913227969187e-08,0.3330924941742758,6.360820121670221e-08,ok,/home/elads/STAR/full_grid_solar_opacity/runs/T900p992_rho6p59019em09/fac-opacity-cowan-state/starout.h5
900.991534215264,9.470610000772238e-09,fac-opacity-cowan-state,T900p992_rho9p47061em09,0.33309242589052845,4.979260888891822e-08,0.3330925188535761,9.131933210292e-08,ok,/home/elads/STAR/full_grid_solar_opacity/runs/T900p992_rho9p47061em09/fac-opacity-cowan-state/starout.h5
900.991534215264,1.3610004466105506e-08,fac-opacity-cowan-state,T900p992_rho1p361em08,0.33309242438356274,7.183295133133202e-08,0.3330925588735943,1.3210778678119366e-07,ok,/home/elads/STAR/full_grid_solar_opacity/runs/T900p992_rho1p361em08/fac-opacity-cowan-state/starout.h5
900.991534215264,1.9558636830395073e-08,fac-opacity-cowan-state,T900p992_rho1p95586em08,0.333092422541425,1.0375119560059983e-07,0.3330926160197116,1.900566926486474e-07,ok,/home/elads/STAR/full_grid_solar_opacity/runs/T900p992_rho1p95586em08/fac-opacity-cowan-state/starout.h5
900.991534215264,2.810728502080722e-08,fac-opacity-cowan-state,T900p992_rho2p81073em08,0.3330924201990375,1.4805503497114707e-07,0.33309269779214357,2.7266833164388533e-07,ok,/home/elads/STAR/full_grid_solar_opacity/runs/T900p992_rho2p81073em08/fac-opacity-cowan-state/starout.h5
900.991534215264,4.039235853150913e-08,fac-opacity-cowan-state,T900p992_rho4p03924em08,0.3330924169529559,2.1419314617666039e-07,0.33309281707253485,3.930472285278355e-07,ok,/home/elads/STAR/full_grid_solar_opacity/runs/T900p992_rho4p03924em08/fac-opacity-cowan-state/starout.h5
900.991534215264,5.804696634805446e-08,fac-opacity-cowan-state,T900p992_rho5p8047em08,0.3330924128658372,3.1018935088284685e-07,0.333092988549014,5.655320079652089e-07,ok,/home/elads/STAR/full_grid_solar_opacity/runs/T900p992_rho5p8047em08/fac-opacity-cowan-state/starout.h5
900.991534215264,8.341801332506338e-08,fac-opacity-cowan-state,T900p992_rho8p3418em08,0.3330924076280732,4.474074778944533e-07,0.3330932347825562,8.125867448672683e-07,ok,/home/elads/STAR/full_grid_solar_opacity/runs/T900p992_rho8p3418em08/fac-opacity-cowan-state/starout.h5
900.991534215264,1.1987818459583772e-07,fac-opacity-cowan-state,T900p992_rho1p19878em07,0.33309240112412386,6.389975581358209e-07,0.3330935883190433,1.166225639185669e-06,ok,/home/elads/STAR/full_grid_solar_opacity/runs/T900p992_rho1p19878em07/fac-opacity-cowan-state/starout.h5
900.991534215264,1.7227429147699408e-07,fac-opacity-cowan-state,T900p992_rho1p72274em07,0.3330923930445263,9.194681599993444e-07,0.3330940974754372,1.6743260103645961e-06,ok,/home/elads/STAR/full_grid_solar_opacity/runs/T900p992_rho1p72274em07/fac-opacity-cowan-state/starout.h5
900.991534215264,2.4757157946593376e-07,fac-opacity-cowan-state,T900p992_rho2p47572em07,0.33309238309707684,1.3238028765508643e-06,0.3330948276331902,2.4013430361655154e-06,ok,/home/elads/STAR/full_grid_solar_opacity/runs/T900p992_rho2p47572em07/fac-opacity-cowan-state/starout.h5
900.991534215264,3.557796490339488e-07,fac-opacity-cowan-state,T900p992_rho3p5578em07,0.3330923708678386,1.965985501330135e-06,0.3330959081047881,3.475736767041045e-06,ok,/home/elads/STAR/full_grid_solar_opacity/runs/T900p992_rho3p5578em07/fac-opacity-cowan-state/starout.h5
900.991534215264,5.112830759482948e-07,fac-opacity-cowan-state,T900p992_rho5p11283em07,0.33309235566845297,2.8304694448933864e-06,0.33309741514603824,4.971482608298337e-06,ok,/home/elads/STAR/full_grid_solar_opacity/runs/T900p992_rho5p11283em07/fac-opacity-cowan-state/starout.h5
900.991534215264,7.347536163492159e-07,fac-opacity-cowan-state,T900p992_rho7p34754em07,0.33309233706897656,4.0416452883413724e-06,0.3330995428844191,7.079865535035229e-06,ok,/home/elads/STAR/full_grid_solar_opacity/runs/T900p992_rho7p34754em07/fac-opacity-cowan-state/starout.h5
900.991534215264,1.0558981944335787e-06,fac-opacity-cowan-state,T900p992_rho1p0559em06,0.3330923140946244,5.84204609740068e-06,0.33310258050962654,1.008735217137839e-05,ok,/home/elads/STAR/full_grid_solar_opacity/runs/T900p992_rho1p0559em06/fac-opacity-cowan-state/starout.h5
900.991534215264,1.517407974863493e-06,fac-opacity-cowan-state,T900p992_rho1p51741em06,0.33309228548163317,8.384310010986432e-06,0.33310679978612,1.4260538233120603e-05,ok,/home/elads/STAR/full_grid_solar_opacity/runs/T900p992_rho1p51741em06/fac-opacity-cowan-state/starout.h5
900.991534215264,2.1806334875063253e-06,fac-opacity-cowan-state,T900p992_rho2p18063em06,0.3330922504037587,1.2129701041120037e-05,0.33311267849496456,2.007177681119366e-05,ok,/home/elads/STAR/full_grid_solar_opacity/runs/T900p992_rho2p18063em06/fac-opacity-cowan-state/starout.h5
900.991534215264,3.1337402238588983e-06,fac-opacity-cowan-state,T900p992_rho3p13374em06,0.333092206183213,1.739146697618124e-05,0.3331206397364121,2.793716048475817e-05,ok,/home/elads/STAR/full_grid_solar_opacity/runs/T900p992_rho3p13374em06/fac-opacity-cowan-state/starout.h5
900.991534215264,4.503428864545845e-06,fac-opacity-cowan-state,T900p992_rho4p50343em06,0.3330921505008997,2.4903614680541288e-05,0.33313128075081944,3.8447270363751094e-05,ok,/home/elads/STAR/full_grid_solar_opacity/runs/T900p992_rho4p50343em06/fac-opacity-cowan-state/starout.h5
900.991534215264,6.471778159406801e-06,fac-opacity-cowan-state,T900p992_rho6p47178em06,0.33309207979417693,3.591773618743343e-05,0.3331452713546971,5.226903931813397e-05,ok,/home/elads/STAR/full_grid_solar_opacity/runs/T900p992_rho6p47178em06/fac-opacity-cowan-state/starout.h5
900.991534215264,9.300449458481393e-06,fac-opacity-cowan-state,T900p992_rho9p30045em06,0.3330919892026597,5.154678894371063e-05,0.33316313252418867,6.991564088962914e-05,ok,/home/elads/STAR/full_grid_solar_opacity/runs/T900p992_rho9p30045em06/fac-opacity-cowan-state/starout.h5
900.991534215264,1.3365470508911143e-05,fac-opacity-cowan-state,T900p992_rho1p33655em05,0.33309187636840365,7.320386530732781e-05,0.3331852464930786,9.175747450651682e-05,ok,/home/elads/STAR/full_grid_solar_opacity/runs/T900p992_rho1p33655em05/fac-opacity-cowan-state/starout.h5
900.991534215264,1.920722248123928e-05,fac-opacity-cowan-state,T900p992_rho1p92072em05,0.3330917251134895,0.00010447561807974154,0.33321248177006524,0.00011867400005627823,ok,/home/elads/STAR/full_grid_solar_opacity/runs/T900p992_rho1p92072em05/fac-opacity-cowan-state/starout.h5
900.991534215264,2.760227522090268e-05,fac-opacity-cowan-state,T900p992_rho2p76023em05,0.3330915415804459,0.00014918728410927214,0.33324491673000245,0.00015073526768823013,ok,/home/elads/STAR/full_grid_solar_opacity/runs/T900p992_rho2p76023em05/fac-opacity-cowan-state/starout.h5
900.991534215264,3.966662010161191e-05,fac-opacity-cowan-state,T900p992_rho3p96666em05,0.33309128335740673,0.0002129923437989432,0.33328417152410944,0.00018957455393890877,ok,/home/elads/STAR/full_grid_solar_opacity/runs/T900p992_rho3p96666em05/fac-opacity-cowan-state/starout.h5
900.991534215264,5.7004023678963655e-05,fac-opacity-cowan-state,T900p992_rho5p7004em05,0.3330909402839461,0.00030241264547477156,0.3333311860689642,0.00023608494618078345,ok,/home/elads/STAR/full_grid_solar_opacity/runs/T900p992_rho5p7004em05/fac-opacity-cowan-state/starout.h5
900.991534215264,8.191922344953684e-05,fac-opacity-cowan-state,T900p992_rho8p19192em05,0.33309051554918173,0.0004303747980772225,0.33338931330806715,0.00029358768220421515,ok,/home/elads/STAR/full_grid_solar_opacity/runs/T900p992_rho8p19192em05/fac-opacity-cowan-state/starout.h5
900.991534215264,0.00011772430676769293,fac-opacity-cowan-state,T900p992_rho0p000117724,0.33309002713805264,0.0006057386966649232,0.33345336538520953,0.00035710978033875177,ok,/home/elads/STAR/full_grid_solar_opacity/runs/T900p992_rho0p000117724/fac-opacity-cowan-state/starout.h5
900.991534215264,0.00016917900122028344,fac-opacity-cowan-state,T900p992_rho0p000169179,0.33308918913009666,0.0008501117313193683,0.3335284347487714,0.00043204074721498836,ok,/home/elads/STAR/full_grid_solar_opacity/runs/T900p992_rho0p000169179/fac-opacity-cowan-state/starout.h5
900.991534215264,0.0002431234061999784,fac-opacity-cowan-state,T900p992_rho0p000243123,0.33308808012096847,0.0011834607258858095,0.3336282989119756,0.0005315481168385443,ok,/home/elads/STAR/full_grid_solar_opacity/runs/T900p992_rho0p000243123/fac-opacity-cowan-state/starout.h5
900.991534215264,0.0003493872774749123,fac-opacity-cowan-state,T900p992_rho0p000349387,0.33308650380059884,0.0016394149656524552,0.33377150796332405,0.0006739223367345149,ok,/home/elads/STAR/full_grid_solar_opacity/runs/T900p992_rho0p000349387/fac-opacity-cowan-state/starout.h5
900.991534215264,0.0005020967399614471,fac-opacity-cowan-state,T900p992_rho0p000502097,0.33308438922063516,0.0022372750453901235,0.3339448822399787,0.0008468032999376365,ok,/home/elads/STAR/full_grid_solar_opacity/runs/T900p992_rho0p000502097/fac-opacity-cowan-state/starout.h5
900.991534215264,0.0007215521357901021,fac-opacity-cowan-state,T900p992_rho0p000721552,0.33308138318701463,0.002999424520202827,0.33413420618320977,0.0010372682865941536,ok,/home/elads/STAR/full_grid_solar_opacity/runs/T900p992_rho0p000721552/fac-opacity-cowan-state/starout.h5
900.991534215264,0.0010369266382873438,fac-opacity-cowan-state,T900p992_rho0p00103693,0.333077251671891,0.003968939511477258,0.3344265435693741,0.001329137033479241,ok,/home/elads/STAR/full_grid_solar_opacity/runs/T900p992_rho0p00103693/fac-opacity-cowan-state/starout.h5
900.991534215264,0.0014901443705277455,fac-opacity-cowan-state,T900p992_rho0p00149014,0.33307145478602335,0.005125278280533642,0.33474866794935804,0.001653447388346366,ok,/home/elads/STAR/full_grid_solar_opacity/runs/T900p992_rho0p00149014/fac-opacity-cowan-state/starout.h5
900.991534215264,0.002141453563853953,fac-opacity-cowan-state,T900p992_rho0p00214145,0.3330634722445251,0.006450608169497151,0.3351383826671978,0.0020473437350375136,ok,/home/elads/STAR/full_grid_solar_opacity/runs/T900p992_rho0p00214145/fac-opacity-cowan-state/starout.h5
900.991534215264,0.003077435620898055,fac-opacity-cowan-state,T900p992_rho0p00307744,0.3330521557112051,0.007940592227467909,0.33568116021386807,0.002594895965337567,ok,/home/elads/STAR/full_grid_solar_opacity/runs/T900p992_rho0p00307744/fac-opacity-cowan-state/starout.h5
900.991534215264,0.004422514763163053,fac-opacity-cowan-state,T900p992_rho0p00442251,0.3330363643920921,0.009622600012578197,0.3362892420473615,0.0032141096288590483,ok,/home/elads/STAR/full_grid_solar_opacity/runs/T900p992_rho0p00442251/fac-opacity-cowan-state/starout.h5
900.991534215264,0.006355498291362301,fac-opacity-cowan-state,T900p992_rho0p0063555,0.33301455197380786,0.011530388706264735,0.3371067443692422,0.00404653291571206,ok,/home/elads/STAR/full_grid_solar_opacity/runs/T900p992_rho0p0063555/fac-opacity-cowan-state/starout.h5
900.991534215264,0.009133346228248624,fac-opacity-cowan-state,T900p992_rho0p00913335,0.3329844744567278,0.013753495272670647,0.3380331124704753,0.004999493221297858,ok,/home/elads/STAR/full_grid_solar_opacity/runs/T900p992_rho0p00913335/fac-opacity-cowan-state/starout.h5
900.991534215264,0.01312533014735226,fac-opacity-cowan-state,T900p992_rho0p0131253,0.33294277400604705,0.016648171095125286,0.33927479780610087,0.006275571850690978,ok,/home/elads/STAR/full_grid_solar_opacity/runs/T900p992_rho0p0131253/fac-opacity-cowan-state/starout.h5
900.991534215264,0.018862122071335155,fac-opacity-cowan-state,T900p992_rho0p0188621,0.3328849474022777,0.020816211883646702,0.34074066880529075,0.007793416520249532,ok,/home/elads/STAR/full_grid_solar_opacity/runs/T900p992_rho0p0188621/fac-opacity-cowan-state/starout.h5
900.991534215264,0.02710633904364831,fac-opacity-cowan-state,T900p992_rho0p0271063,0.3328046554607266,0.02893760210417718,0.34276351446275566,0.009888488113467092,ok,/home/elads/STAR/full_grid_solar_opacity/runs/T900p992_rho0p0271063/fac-opacity-cowan-state/starout.h5
900.991534215264,0.038953921174427183,fac-opacity-cowan-state,T900p992_rho0p0389539,0.332693017452566,0.039583091975369335,0.34530475613094597,0.012531069659499872,ok,/home/elads/STAR/full_grid_solar_opacity/runs/T900p992_rho0p0389539/fac-opacity-cowan-state/starout.h5
900.991534215264,0.0559798197912329,fac-opacity-cowan-state,T900p992_rho0p0559798,0.33253816592280255,0.053416871470269606,0.3483024898578851,0.0156676262504412,ok,/home/elads/STAR/full_grid_solar_opacity/runs/T900p992_rho0p0559798/fac-opacity-cowan-state/starout.h5
900.991534215264,0.08044736266284185,fac-opacity-cowan-state,T900p992_rho0p0804474,0.33232195677717863,0.07195728372822047,0.35174076102473756,0.019302377790780947,ok,/home/elads/STAR/full_grid_solar_opacity/runs/T900p992_rho0p0804474/fac-opacity-cowan-state/starout.h5
900.991534215264,0.11560912813835741,fac-opacity-cowan-state,T900p992_rho0p115609,0.332021949248052,0.09748116442664766,0.3557268423700232,0.02355678842017912,ok,/home/elads/STAR/full_grid_solar_opacity/runs/T900p992_rho0p115609/fac-opacity-cowan-state/starout.h5
900.991534215264,0.1661393247274789,fac-opacity-cowan-state,T900p992_rho0p166139,0.33160700516034336,0.13301649323935846,0.36031243115473444,0.028499200619942298,ok,/home/elads/STAR/full_grid_solar_opacity/runs/T900p992_rho0p166139/fac-opacity-cowan-state/starout.h5
900.991534215264,0.23875515424585794,fac-opacity-cowan-state,T900p992_rho0p238755,0.33103586912864463,0.18362023533088095,0.36594507736720033,0.03460168922475685,ok,/home/elads/STAR/full_grid_solar_opacity/runs/T900p992_rho0p238755/fac-opacity-cowan-state/starout.h5
900.991534215264,0.34310975906798746,fac-opacity-cowan-state,T900p992_rho0p34311,0.33023910589460953,0.2561125704598488,0.37296287992011357,0.042248389946398957,ok,/home/elads/STAR/full_grid_solar_opacity/runs/T900p992_rho0p34311/fac-opacity-cowan-state/starout.h5
900.991534215264,0.49307545690287347,fac-opacity-cowan-state,T900p992_rho0p493075,0.3291696193572464,0.3600699052576526,0.3817780190361219,0.05186757762086678,ok,/home/elads/STAR/full_grid_solar_opacity/runs/T900p992_rho0p493075/fac-opacity-cowan-state/starout.h5
900.991534215264,0.7085878491488851,fac-opacity-cowan-state,T900p992_rho0p708588,0.32773117139088004,0.509147436205261,0.3922873240632155,0.06341574823671785,ok,/home/elads/STAR/full_grid_solar_opacity/runs/T900p992_rho0p708588/fac-opacity-cowan-state/starout.h5
900.991534215264,1.0182959482819007,fac-opacity-cowan-state,T900p992_rho1p0183,0.32581940013901817,0.7228863162157234,0.40530520597041686,0.07775924599039728,ok,/home/elads/STAR/full_grid_solar_opacity/runs/T900p992_rho1p0183/fac-opacity-cowan-state/starout.h5
900.991534215264,1.4633706173946401,fac-opacity-cowan-state,T900p992_rho1p46337,0.32331391038133045,1.0286125162741626,0.42192028894975225,0.0960543229223076,ok,/home/elads/STAR/full_grid_solar_opacity/runs/T900p992_rho1p46337/fac-opacity-cowan-state/starout.h5
900.991534215264,2.1029775945461404,fac-opacity-cowan-state,T900p992_rho2p10298,0.32008474767434253,1.46525389426869,0.44218749023311615,0.1184271639347579,ok,/home/elads/STAR/full_grid_solar_opacity/runs/T900p992_rho2p10298/fac-opacity-cowan-state/starout.h5
900.991534215264,3.0221426551783854,fac-opacity-cowan-state,T900p992_rho3p02214,0.31600448693331484,2.087592265523277,0.46823551200328567,0.14708720050710783,ok,/home/elads/STAR/full_grid_solar_opacity/runs/T900p992_rho3p02214/fac-opacity-cowan-state/starout.h5
900.991534215264,4.343054463316713,fac-opacity-cowan-state,T900p992_rho4p34305,0.3109685995045403,2.9721509872479674,0.5010699240548117,0.1831188781328628,ok,/home/elads/STAR/full_grid_solar_opacity/runs/T900p992_rho4p34305/fac-opacity-cowan-state/starout.h5
900.991534215264,6.241307649397467,fac-opacity-cowan-state,T900p992_rho6p24131,0.3049246919231177,4.223989553770946,0.5425871495022129,0.22849182151805966,ok,/home/elads/STAR/full_grid_solar_opacity/runs/T900p992_rho6p24131/fac-opacity-cowan-state/starout.h5
900.991534215264,8.969245378672715,fac-opacity-cowan-state,T900p992_rho8p96925,0.29790949092524704,5.989429689916955,0.5955201820848387,0.28598524612575726,ok,/home/elads/STAR/full_grid_solar_opacity/runs/T900p992_rho8p96925/fac-opacity-cowan-state/starout.h5
900.991534215264,12.889504440725364,fac-opacity-cowan-state,T900p992_rho12p8895,0.2900856747399868,8.463691079538073,0.6642586347592851,0.3600080218563149,ok,/home/elads/STAR/full_grid_solar_opacity/runs/T900p992_rho12p8895/fac-opacity-cowan-state/starout.h5
900.991534215264,18.52322215674118,fac-opacity-cowan-state,T900p992_rho18p5232,0.2817759636985687,11.901880765263813,0.7524346860274581,0.454113720847191,ok,/home/elads/STAR/full_grid_solar_opacity/runs/T900p992_rho18p5232/fac-opacity-cowan-state/starout.h5
900.991534215264,26.61931346126126,fac-opacity-cowan-state,T900p992_rho26p6193,0.27348615553081046,16.63432057240145,0.8655192327425921,0.5735733647505015,ok,/home/elads/STAR/full_grid_solar_opacity/runs/T900p992_rho26p6193/fac-opacity-cowan-state/starout.h5
900.991534215264,38.254027466328665,fac-opacity-cowan-state,T900p992_rho38p254,0.26589156280833215,23.064797533727017,1.0153465052604775,0.729939580021955,ok,/home/elads/STAR/full_grid_solar_opacity/runs/T900p992_rho38p254/fac-opacity-cowan-state/starout.h5
900.991534215264,54.97401800103719,fac-opacity-cowan-state,T900p992_rho54p974,0.2598688996055139,31.657157149194628,1.2159969232136374,0.9367243231034046,ok,/home/elads/STAR/full_grid_solar_opacity/runs/T900p992_rho54p974/fac-opacity-cowan-state/starout.h5
900.991534215264,79.0019471240894,fac-opacity-cowan-state,T900p992_rho79p0019,0.25613664326601365,42.85998426597423,1.4768743323253923,1.2027219447355106,ok,/home/elads/STAR/full_grid_solar_opacity/runs/T900p992_rho79p0019/fac-opacity-cowan-state/starout.h5
900.991534215264,113.53195339077567,fac-opacity-cowan-state,T900p992_rho113p532,0.25578092794985663,57.02715298231142,1.820314632050618,1.5491453949978584,ok,/home/elads/STAR/full_grid_solar_opacity/runs/T900p992_rho113p532/fac-opacity-cowan-state/starout.h5
900.991534215264,163.15426277379785,fac-opacity-cowan-state,T900p992_rho163p154,0.25933272951859093,74.20834293365995,2.2758937180102397,2.004866096398766,ok,/home/elads/STAR/full_grid_solar_opacity/runs/T900p992_rho163p154/fac-opacity-cowan-state/starout.h5
900.991534215264,234.46538763970608,fac-opacity-cowan-state,T900p992_rho234p465,0.2671165565381589,93.69879655596212,2.8801151360509327,2.605600909451595,ok,/home/elads/STAR/full_grid_solar_opacity/runs/T900p992_rho234p465/fac-opacity-cowan-state/starout.h5
900.991534215264,336.94503022121665,fac-opacity-cowan-state,T900p992_rho336p945,0.27872714045292907,114.07775804676527,3.67088614575089,3.3890576958241714,ok,/home/elads/STAR/full_grid_solar_opacity/runs/T900p992_rho336p945/fac-opacity-cowan-state/starout.h5
900.991534215264,484.21626123015125,fac-opacity-cowan-state,T900p992_rho484p216,0.293249357952277,132.95023554585413,4.677196944214184,4.384540985433998,ok,/home/elads/STAR/full_grid_solar_opacity/runs/T900p992_rho484p216/fac-opacity-cowan-state/starout.h5
900.991534215264,695.8564947100452,fac-opacity-cowan-state,T900p992_rho695p856,0.3090467883595744,147.40811217994062,5.90232773232901,5.596588277184556,ok,/home/elads/STAR/full_grid_solar_opacity/runs/T900p992_rho695p856/fac-opacity-cowan-state/starout.h5
900.991534215264,1000.0,fac-opacity-cowan-state,T900p992_rho1000,0.32496559264111347,153.91140973000338,7.298266071890759,6.978260690627876,ok,/home/elads/STAR/full_grid_solar_opacity/runs/T900p992_rho1000/fac-opacity-cowan-state/starout.h5
991.8845007485014,1e-17,fac-opacity-cowan-state,T991p885_rho1em17,0.3328671051910308,5.420246467078265e-18,0.3328671051910307,1.942880287979706e-18,ok,/home/elads/STAR/full_grid_solar_opacity/runs/T991p885_rho1em17/fac-opacity-cowan-state/starout.h5
991.8845007485014,1.4370779141993746e-17,fac-opacity-cowan-state,T991p885_rho1p43708em17,0.33286710519104457,7.613601044522644e-18,0.33286710519104457,2.7247469962162036e-18,ok,/home/elads/STAR/full_grid_solar_opacity/runs/T991p885_rho1p43708em17/fac-opacity-cowan-state/starout.h5
991.8845007485014,2.065192931479625e-17,fac-opacity-cowan-state,T991p885_rho2p06519em17,0.3328671051910568,1.0765630820286589e-17,0.3328671051910568,3.8483537590851825e-18,ok,/home/elads/STAR/full_grid_solar_opacity/runs/T991p885_rho2p06519em17/fac-opacity-cowan-state/starout.h5
991.8845007485014,2.9678431503900313e-17,fac-opacity-cowan-state,T991p885_rho2p96784em17,0.3328671051912433,1.530623250121475e-17,0.3328671051912433,5.466971622951328e-18,ok,/home/elads/STAR/full_grid_solar_opacity/runs/T991p885_rho2p96784em17/fac-opacity-cowan-state/starout.h5
991.8845007485014,4.2650218442334076e-17,fac-opacity-cowan-state,T991p885_rho4p26502em17,0.33286710519085433,2.1846277192248402e-17,0.3328671051908543,7.798379309305387e-18,ok,/home/elads/STAR/full_grid_solar_opacity/runs/T991p885_rho4p26502em17/fac-opacity-cowan-state/starout.h5
991.8845007485014,6.129168695925715e-17,fac-opacity-cowan-state,T991p885_rho6p12917em17,0.3328671051910298,3.131935358149855e-17,0.33286710519102974,1.1177700048254454e-17,ok,/home/elads/STAR/full_grid_solar_opacity/runs/T991p885_rho6p12917em17/fac-opacity-cowan-state/starout.h5
991.8845007485014,8.808092965317026e-17,fac-opacity-cowan-state,T991p885_rho8p80809em17,0.3328671051926857,4.500572052966713e-17,0.3328671051926857,1.6062302583057705e-17,ok,/home/elads/STAR/full_grid_solar_opacity/runs/T991p885_rho8p80809em17/fac-opacity-cowan-state/starout.h5
991.8845007485014,1.2657915866672028e-16,fac-opacity-cowan-state,T991p885_rho1p26579em16,0.33286710519090634,6.467258607691165e-17,0.3328671051909064,2.308133723115561e-17,ok,/home/elads/STAR/full_grid_solar_opacity/runs/T991p885_rho1p26579em16/fac-opacity-cowan-state/starout.h5
991.8845007485014,1.819041133178821e-16,fac-opacity-cowan-state,T991p885_rho1p81904em16,0.3328671051909343,9.29329942618675e-17,0.3328671051909343,3.3167396638560075e-17,ok,/home/elads/STAR/full_grid_solar_opacity/runs/T991p885_rho1p81904em16/fac-opacity-cowan-state/starout.h5
991.8845007485014,2.6141038375114865e-16,fac-opacity-cowan-state,T991p885_rho2p6141em16,0.33286710519097873,1.3354163284975526e-16,0.33286710519097873,4.7660540374147596e-17,ok,/home/elads/STAR/full_grid_solar_opacity/runs/T991p885_rho2p6141em16/fac-opacity-cowan-state/starout.h5
991.8845007485014,3.7566708903116036e-16,fac-opacity-cowan-state,T991p885_rho3p75667em16,0.3328671051909577,1.918935199515489e-16,0.33286710519095775,6.848627498134823e-17,ok,/home/elads/STAR/full_grid_solar_opacity/runs/T991p885_rho3p75667em16/fac-opacity-cowan-state/starout.h5
991.8845007485014,5.398628767382507e-16,fac-opacity-cowan-state,T991p885_rho5p39863em16,0.3328671051911549,2.7574054221588057e-16,0.332867105191155,9.841129477633854e-17,ok,/home/elads/STAR/full_grid_solar_opacity/runs/T991p885_rho5p39863em16/fac-opacity-cowan-state/starout.h5
991.8845007485014,7.758250168566793e-16,fac-opacity-cowan-state,T991p885_rho7p75825em16,0.33286710507573974,3.9622131344875972e-16,0.3328671050757399,1.4141107136194005e-16,ok,/home/elads/STAR/full_grid_solar_opacity/runs/T991p885_rho7p75825em16/fac-opacity-cowan-state/starout.h5
991.8845007485014,1.1149209970080914e-15,fac-opacity-cowan-state,T991p885_rho1p11492em15,0.33286710519177337,5.69340054326022e-16,0.33286710519177354,2.0319767568893373e-16,ok,/home/elads/STAR/full_grid_solar_opacity/runs/T991p885_rho1p11492em15/fac-opacity-cowan-state/starout.h5
991.8845007485014,1.6022283408774753e-15,fac-opacity-cowan-state,T991p885_rho1p60223em15,0.33286710512361195,8.180926507290379e-16,0.33286710512361223,2.9197867370312574e-16,ok,/home/elads/STAR/full_grid_solar_opacity/runs/T991p885_rho1p60223em15/fac-opacity-cowan-state/starout.h5
991.8845007485014,2.3025269621793266e-15,fac-opacity-cowan-state,T991p885_rho2p30253em15,0.3328671051904991,1.1755212909409714e-15,0.33286710519049956,4.1954735405251097e-16,ok,/home/elads/STAR/full_grid_solar_opacity/runs/T991p885_rho2p30253em15/fac-opacity-cowan-state/starout.h5
991.8845007485014,3.308910644196489e-15,fac-opacity-cowan-state,T991p885_rho3p30891em15,0.332867105190789,1.6891039428276037e-15,0.3328671051907895,6.028496112377612e-16,ok,/home/elads/STAR/full_grid_solar_opacity/runs/T991p885_rho3p30891em15/fac-opacity-cowan-state/starout.h5
991.8845007485014,4.755162406834019e-15,fac-opacity-cowan-state,T991p885_rho4p75516em15,0.3328671051913234,2.427061402015329e-15,0.33286710519132423,8.662351377306864e-16,ok,/home/elads/STAR/full_grid_solar_opacity/runs/T991p885_rho4p75516em15/fac-opacity-cowan-state/starout.h5
991.8845007485014,6.8335388732923106e-15,fac-opacity-cowan-state,T991p885_rho6p83354em15,0.33286710529752367,3.4874237963915004e-15,0.33286710529752495,1.2446938081439363e-15,ok,/home/elads/STAR/full_grid_solar_opacity/runs/T991p885_rho6p83354em15/fac-opacity-cowan-state/starout.h5
991.8845007485014,9.820327790631256e-15,fac-opacity-cowan-state,T991p885_rho9p82033em15,0.33286710519097334,5.011058931127078e-15,0.33286710519097507,1.788505895077577e-15,ok,/home/elads/STAR/full_grid_solar_opacity/runs/T991p885_rho9p82033em15/fac-opacity-cowan-state/starout.h5
991.8845007485014,1.4112576178114521e-14,fac-opacity-cowan-state,T991p885_rho1p41126em14,0.33286710481676507,7.200413811703603e-15,0.33286710481676746,2.5699341027467517e-15,ok,/home/elads/STAR/full_grid_solar_opacity/runs/T991p885_rho1p41126em14/fac-opacity-cowan-state/starout.h5
991.8845007485014,2.0280871538024598e-14,fac-opacity-cowan-state,T991p885_rho2p02809em14,0.3328671051890553,1.0346415053518692e-14,0.33286710518905893,3.692823828444947e-15,ok,/home/elads/STAR/full_grid_solar_opacity/runs/T991p885_rho2p02809em14/fac-opacity-cowan-state/starout.h5
991.8845007485014,2.914519256800997e-14,fac-opacity-cowan-state,T991p885_rho2p91452em14,0.3328671051912067,1.4867243200230033e-14,0.33286710519121165,5.306448427906607e-15,ok,/home/elads/STAR/full_grid_solar_opacity/runs/T991p885_rho2p91452em14/fac-opacity-cowan-state/starout.h5
991.8845007485014,4.188391254457488e-14,fac-opacity-cowan-state,T991p885_rho4p18839em14,0.33286710519223806,2.136397682530384e-14,0.3328671051922455,7.625373466733278e-15,ok,/home/elads/STAR/full_grid_solar_opacity/runs/T991p885_rho4p18839em14/fac-opacity-cowan-state/starout.h5
991.8845007485014,6.019044567806669e-14,fac-opacity-cowan-state,T991p885_rho6p01904em14,0.3328671051718923,3.070072214772473e-14,0.33286710517190293,1.0958066992885709e-14,ok,/home/elads/STAR/full_grid_solar_opacity/runs/T991p885_rho6p01904em14/fac-opacity-cowan-state/starout.h5
991.8845007485014,8.649836012976684e-14,fac-opacity-cowan-state,T991p885_rho8p64984em14,0.332867105206181,4.411983820322041e-14,0.3328671052061963,1.5748041281828202e-14,ok,/home/elads/STAR/full_grid_solar_opacity/runs/T991p885_rho8p64984em14/fac-opacity-cowan-state/starout.h5
991.8845007485014,1.2430488295695167e-13,fac-opacity-cowan-state,T991p885_rho1p24305em13,0.3328671051929817,6.34077394777476e-14,0.3328671051930039,2.263305986711036e-14,ok,/home/elads/STAR/full_grid_solar_opacity/runs/T991p885_rho1p24305em13/fac-opacity-cowan-state/starout.h5
991.8845007485014,1.7863580192457348e-13,fac-opacity-cowan-state,T991p885_rho1p78636em13,0.33286710518761037,9.113349299977196e-14,0.33286710518764223,3.253033854118182e-14,ok,/home/elads/STAR/full_grid_solar_opacity/runs/T991p885_rho1p78636em13/fac-opacity-cowan-state/starout.h5
991.8845007485014,2.567135656310987e-13,fac-opacity-cowan-state,T991p885_rho2p56714em13,0.332867105190878,1.3099205250548527e-13,0.33286710519092355,4.67591337213497e-14,ok,/home/elads/STAR/full_grid_solar_opacity/runs/T991p885_rho2p56714em13/fac-opacity-cowan-state/starout.h5
991.8845007485014,3.6891739544382357e-13,fac-opacity-cowan-state,T991p885_rho3p68917em13,0.3328671051908885,1.882981890002978e-13,0.33286710519095414,6.721713767979035e-14,ok,/home/elads/STAR/full_grid_solar_opacity/runs/T991p885_rho3p68917em13/fac-opacity-cowan-state/starout.h5
991.8845007485014,5.301630411562758e-13,fac-opacity-cowan-state,T991p885_rho5p30163em13,0.332867105190618,2.7069798440218457e-13,0.3328671051907121,9.663471337017369e-14,ok,/home/elads/STAR/full_grid_solar_opacity/runs/T991p885_rho5p30163em13/fac-opacity-cowan-state/starout.h5
991.8845007485014,7.618855973704612e-13,fac-opacity-cowan-state,T991p885_rho7p61886em13,0.33286710518980134,3.8919269455314797e-13,0.3328671051899372,1.3894060890385194e-13,ok,/home/elads/STAR/full_grid_solar_opacity/runs/T991p885_rho7p61886em13/fac-opacity-cowan-state/starout.h5
991.8845007485014,1.0948889651276868e-12,fac-opacity-cowan-state,T991p885_rho1p09489em12,0.3328671051909866,5.596086532372712e-13,0.3328671051911823,1.9978707132768947e-13,ok,/home/elads/STAR/full_grid_solar_opacity/runs/T991p885_rho1p09489em12/fac-opacity-cowan-state/starout.h5
991.8845007485014,1.5734407502856082e-12,fac-opacity-cowan-state,T991p885_rho1p57344em12,0.3328671051898316,8.047306326763337e-13,0.33286710519011226,2.873125469177178e-13,ok,/home/elads/STAR/full_grid_solar_opacity/runs/T991p885_rho1p57344em12/fac-opacity-cowan-state/starout.h5
991.8845007485014,2.26115695153675e-12,fac-opacity-cowan-state,T991p885_rho2p26116em12,0.3328671051928004,1.1573708523177686e-12,0.33286710519320406,4.1323872207190623e-13,ok,/home/elads/STAR/full_grid_solar_opacity/runs/T991p885_rho2p26116em12/fac-opacity-cowan-state/starout.h5
991.8845007485014,3.249458715591849e-12,fac-opacity-cowan-state,T991p885_rho3p24946em12,0.33286710519674406,1.6647684323319174e-12,0.33286710519732476,5.944430159171422e-13,ok,/home/elads/STAR/full_grid_solar_opacity/runs/T991p885_rho3p24946em12/fac-opacity-cowan-state/starout.h5
991.8845007485014,4.669725353279713e-12,fac-opacity-cowan-state,T991p885_rho4p66973em12,0.33286710519001517,2.3950541249928776e-12,0.3328671051908512,8.552725890886236e-13,ok,/home/elads/STAR/full_grid_solar_opacity/runs/T991p885_rho4p66973em12/fac-opacity-cowan-state/starout.h5
991.8845007485014,6.710759170575148e-12,fac-opacity-cowan-state,T991p885_rho6p71076em12,0.33286710519190676,3.4466272249872258e-12,0.3328671051931099,1.230901163712496e-12,ok,/home/elads/STAR/full_grid_solar_opacity/runs/T991p885_rho6p71076em12/fac-opacity-cowan-state/starout.h5
991.8845007485014,9.64388379154446e-12,fac-opacity-cowan-state,T991p885_rho9p64388em12,0.3328671051850424,4.9621987994478425e-12,0.3328671051867752,1.7723675214160868e-12,ok,/home/elads/STAR/full_grid_solar_opacity/runs/T991p885_rho9p64388em12/fac-opacity-cowan-state/starout.h5
991.8845007485014,1.3859012403933867e-11,fac-opacity-cowan-state,T991p885_rho1p3859em11,0.3328671051862693,7.150620585420013e-12,0.3328671051887664,2.5544352598024673e-12,ok,/home/elads/STAR/full_grid_solar_opacity/runs/T991p885_rho1p3859em11/fac-opacity-cowan-state/starout.h5
991.8845007485014,1.9916480638308542e-11,fac-opacity-cowan-state,T991p885_rho1p99165em11,0.3328671051866234,1.0323451259741076e-11,0.3328671051902301,3.688842726275934e-12,ok,/home/elads/STAR/full_grid_solar_opacity/runs/T991p885_rho1p99165em11/fac-opacity-cowan-state/starout.h5
991.8845007485014,2.8621534453892672e-11,fac-opacity-cowan-state,T991p885_rho2p86215em11,0.3328671051813321,1.5007535293210622e-11,0.3328671051865769,5.365858640078011e-12,ok,/home/elads/STAR/full_grid_solar_opacity/runs/T991p885_rho2p86215em11/fac-opacity-cowan-state/starout.h5
991.8845007485014,4.1131375034185614e-11,fac-opacity-cowan-state,T991p885_rho4p11314em11,0.3322613695006278,2.1753581262570292e-11,0.3322613695082395,7.785659831262372e-12,ok,/home/elads/STAR/full_grid_solar_opacity/runs/T991p885_rho4p11314em11/fac-opacity-cowan-state/starout.h5
991.8845007485014,5.910899064227969e-11,fac-opacity-cowan-state,T991p885_rho5p9109em11,0.3322613694936892,3.151167773499006e-11,0.33226136950471763,1.1281245843452742e-11,ok,/home/elads/STAR/full_grid_solar_opacity/runs/T991p885_rho5p9109em11/fac-opacity-cowan-state/starout.h5
991.8845007485014,8.4944224982638e-11,fac-opacity-cowan-state,T991p885_rho8p49442em11,0.3322613694509406,4.564900361679251e-11,0.3322613694669042,1.632947789396499e-11,ok,/home/elads/STAR/full_grid_solar_opacity/runs/T991p885_rho8p49442em11/fac-opacity-cowan-state/starout.h5
991.8845007485014,1.2207146966133182e-10,fac-opacity-cowan-state,T991p885_rho1p22071em10,0.33226136947168594,6.544610452538099e-11,0.33226136949458757,2.342757230323617e-11,ok,/home/elads/STAR/full_grid_solar_opacity/runs/T991p885_rho1p22071em10/fac-opacity-cowan-state/starout.h5
991.8845007485014,1.7542621300415897e-10,fac-opacity-cowan-state,T991p885_rho1p75426em10,0.3322613694544471,9.372004149162352e-11,0.33226136948721463,3.351871371534001e-11,ok,/home/elads/STAR/full_grid_solar_opacity/runs/T991p885_rho1p75426em10/fac-opacity-cowan-state/starout.h5
991.8845007485014,2.52101136279913e-10,fac-opacity-cowan-state,T991p885_rho2p52101em10,0.332261369420512,1.3445450623896257e-10,0.3322613694675533,4.8117564681911315e-11,ok,/home/elads/STAR/full_grid_solar_opacity/runs/T991p885_rho2p52101em10/fac-opacity-cowan-state/starout.h5
991.8845007485014,3.6228897509242966e-10,fac-opacity-cowan-state,T991p885_rho3p62289em10,0.3322613693893646,2.8738625330529143e-10,0.33226136965808023,2.660121388181399e-10,ok,/home/elads/STAR/full_grid_solar_opacity/runs/T991p885_rho3p62289em10/fac-opacity-cowan-state/starout.h5
991.8845007485014,5.20637484663258e-10,fac-opacity-cowan-state,T991p885_rho5p20637em10,0.3322613693246823,4.170501182144103e-10,0.33226136971256715,3.8402494901500337e-10,ok,/home/elads/STAR/full_grid_solar_opacity/runs/T991p885_rho5p20637em10/fac-opacity-cowan-state/starout.h5
991.8845007485014,7.481966305138837e-10,fac-opacity-cowan-state,T991p885_rho7p48197em10,0.3322613692652108,6.060496518078222e-10,0.3322613698253712,5.546553978576113e-10,ok,/home/elads/STAR/full_grid_solar_opacity/runs/T991p885_rho7p48197em10/fac-opacity-cowan-state/starout.h5
991.8845007485014,1.0752168531898921e-09,fac-opacity-cowan-state,T991p885_rho1p07522em09,0.3322613691198361,8.776164702926334e-10,0.3322613699269633,7.992878199187598e-10,ok,/home/elads/STAR/full_grid_solar_opacity/runs/T991p885_rho1p07522em09/fac-opacity-cowan-state/starout.h5
991.8845007485014,1.5451703926941453e-09,fac-opacity-cowan-state,T991p885_rho1p54517em09,0.3322613689891068,1.2654733028770016e-09,0.332261370151745,1.1513314330667994e-09,ok,/home/elads/STAR/full_grid_solar_opacity/runs/T991p885_rho1p54517em09/fac-opacity-cowan-state/starout.h5
991.8845007485014,2.220530245015531e-09,fac-opacity-cowan-state,T991p885_rho2p22053em09,0.3322613687641818,6.0448876233263504e-09,0.3322613784097893,9.503696758769574e-09,ok,/home/elads/STAR/full_grid_solar_opacity/runs/T991p885_rho2p22053em09/fac-opacity-cowan-state/starout.h5
991.8845007485014,3.1910749729235452e-09,fac-opacity-cowan-state,T991p885_rho3p19107em09,0.33226136844718457,8.641906435553704e-09,0.3322613822968768,1.3645255208976623e-08,ok,/home/elads/STAR/full_grid_solar_opacity/runs/T991p885_rho3p19107em09/fac-opacity-cowan-state/starout.h5
991.8845007485014,4.585823366142813e-09,fac-opacity-cowan-state,T991p885_rho4p58582em09,0.33226136799701966,1.2386902981279959e-08,0.3322613878919832,1.9600759083220442e-08,ok,/home/elads/STAR/full_grid_solar_opacity/runs/T991p885_rho4p58582em09/fac-opacity-cowan-state/starout.h5
991.8845007485014,6.590185477903269e-09,fac-opacity-cowan-state,T991p885_rho6p59019em09,0.332261367366345,1.7726115409938624e-08,0.33226139593236986,2.8142534763742913e-08,ok,/home/elads/STAR/full_grid_solar_opacity/runs/T991p885_rho6p59019em09/fac-opacity-cowan-state/starout.h5
991.8845007485014,9.470610000772238e-09,fac-opacity-cowan-state,T991p885_rho9p47061em09,0.33226136653611515,2.5347698418872807e-08,0.33226140754278743,4.039686860555369e-08,ok,/home/elads/STAR/full_grid_solar_opacity/runs/T991p885_rho9p47061em09/fac-opacity-cowan-state/starout.h5
991.8845007485014,1.3610004466105506e-08,fac-opacity-cowan-state,T991p885_rho1p361em08,0.33226136531193223,3.650440481498268e-08,0.3322614245617607,5.8366490480325907e-08,ok,/home/elads/STAR/full_grid_solar_opacity/runs/T991p885_rho1p361em08/fac-opacity-cowan-state/starout.h5
991.8845007485014,1.9558636830395073e-08,fac-opacity-cowan-state,T991p885_rho1p95586em08,0.3322613637238052,5.2751194603627425e-08,0.332261449001628,8.400954756631112e-08,ok,/home/elads/STAR/full_grid_solar_opacity/runs/T991p885_rho1p95586em08/fac-opacity-cowan-state/starout.h5
991.8845007485014,2.810728502080722e-08,fac-opacity-cowan-state,T991p885_rho2p81073em08,0.33226136212422586,7.518230986688339e-08,0.33226148445750486,1.2050439631704714e-07,ok,/home/elads/STAR/full_grid_solar_opacity/runs/T991p885_rho2p81073em08/fac-opacity-cowan-state/starout.h5
991.8845007485014,4.039235853150913e-08,fac-opacity-cowan-state,T991p885_rho4p03924em08,0.33226135885589486,1.0833986027760184e-07,0.33226153479267584,1.7330840728250928e-07,ok,/home/elads/STAR/full_grid_solar_opacity/runs/T991p885_rho4p03924em08/fac-opacity-cowan-state/starout.h5
991.8845007485014,5.804696634805446e-08,fac-opacity-cowan-state,T991p885_rho5p8047em08,0.3322613553298916,1.5704707611130143e-07,0.33226160859877224,2.4950264525835407e-07,ok,/home/elads/STAR/full_grid_solar_opacity/runs/T991p885_rho5p8047em08/fac-opacity-cowan-state/starout.h5
991.8845007485014,8.341801332506338e-08,fac-opacity-cowan-state,T991p885_rho8p3418em08,0.33226135102562127,2.2776367202873856e-07,0.3322617167046811,3.602659925326922e-07,ok,/home/elads/STAR/full_grid_solar_opacity/runs/T991p885_rho8p3418em08/fac-opacity-cowan-state/starout.h5
991.8845007485014,1.1987818459583772e-07,fac-opacity-cowan-state,T991p885_rho1p19878em07,0.3322613453683687,3.24098364334275e-07,0.3322618696763837,5.164960423134156e-07,ok,/home/elads/STAR/full_grid_solar_opacity/runs/T991p885_rho1p19878em07/fac-opacity-cowan-state/starout.h5
991.8845007485014,1.7227429147699408e-07,fac-opacity-cowan-state,T991p885_rho1p72274em07,0.33226133851634115,4.6297583769787147e-07,0.33226209104739185,7.412601296684562e-07,ok,/home/elads/STAR/full_grid_solar_opacity/runs/T991p885_rho1p72274em07/fac-opacity-cowan-state/starout.h5
991.8845007485014,2.4757157946593376e-07,fac-opacity-cowan-state,T991p885_rho2p47572em07,0.3322613300864288,6.700531541519405e-07,0.33226241407032786,1.0677967211920825e-06,ok,/home/elads/STAR/full_grid_solar_opacity/runs/T991p885_rho2p47572em07/fac-opacity-cowan-state/starout.h5
991.8845007485014,3.557796490339488e-07,fac-opacity-cowan-state,T991p885_rho3p5578em07,0.3322613197295125,9.81842493184277e-07,0.3322628847779121,1.5418969848145423e-06,ok,/home/elads/STAR/full_grid_solar_opacity/runs/T991p885_rho3p5578em07/fac-opacity-cowan-state/starout.h5
991.8845007485014,5.112830759482948e-07,fac-opacity-cowan-state,T991p885_rho5p11283em07,0.3322613069761044,1.4312802612291457e-06,0.3322635638506779,2.2238002697755694e-06,ok,/home/elads/STAR/full_grid_solar_opacity/runs/T991p885_rho5p11283em07/fac-opacity-cowan-state/starout.h5
991.8845007485014,7.347536163492159e-07,fac-opacity-cowan-state,T991p885_rho7p34754em07,0.33226129149671246,2.0651195304280407e-06,0.33226454008681217,3.201111987392026e-06,ok,/home/elads/STAR/full_grid_solar_opacity/runs/T991p885_rho7p34754em07/fac-opacity-cowan-state/starout.h5
991.8845007485014,1.0558981944335787e-06,fac-opacity-cowan-state,T991p885_rho1p0559em06,0.33226127235680747,2.965430493496619e-06,0.3322659267133516,4.586066186548318e-06,ok,/home/elads/STAR/full_grid_solar_opacity/runs/T991p885_rho1p0559em06/fac-opacity-cowan-state/starout.h5
991.8845007485014,1.517407974863493e-06,fac-opacity-cowan-state,T991p885_rho1p51741em06,0.3322612487818179,4.285398364389021e-06,0.33226792028223423,6.573973489087746e-06,ok,/home/elads/STAR/full_grid_solar_opacity/runs/T991p885_rho1p51741em06/fac-opacity-cowan-state/starout.h5
991.8845007485014,2.1806334875063253e-06,fac-opacity-cowan-state,T991p885_rho2p18063em06,0.33226121974991585,6.193669341840912e-06,0.3322707443371032,9.385740687386703e-06,ok,/home/elads/STAR/full_grid_solar_opacity/runs/T991p885_rho2p18063em06/fac-opacity-cowan-state/starout.h5
991.8845007485014,3.1337402238588983e-06,fac-opacity-cowan-state,T991p885_rho3p13374em06,0.3322611839004003,8.906313752195959e-06,0.33227471835607536,1.3337623390495659e-05,ok,/home/elads/STAR/full_grid_solar_opacity/runs/T991p885_rho3p13374em06/fac-opacity-cowan-state/starout.h5
991.8845007485014,4.503428864545845e-06,fac-opacity-cowan-state,T991p885_rho4p50343em06,0.3322611389920221,1.2702737375028724e-05,0.33228021073051267,1.8794208296194824e-05,ok,/home/elads/STAR/full_grid_solar_opacity/runs/T991p885_rho4p50343em06/fac-opacity-cowan-state/starout.h5
991.8845007485014,6.471778159406801e-06,fac-opacity-cowan-state,T991p885_rho6p47178em06,0.3322610820444044,1.8417916218575465e-05,0.3322878985797717,2.6431421716324887e-05,ok,/home/elads/STAR/full_grid_solar_opacity/runs/T991p885_rho6p47178em06/fac-opacity-cowan-state/starout.h5
991.8845007485014,9.300449458481393e-06,fac-opacity-cowan-state,T991p885_rho9p30045em06,0.33226101084723886,2.6448957861591546e-05,0.33229828525154975,3.6744011326862495e-05,ok,/home/elads/STAR/full_grid_solar_opacity/runs/T991p885_rho9p30045em06/fac-opacity-cowan-state/starout.h5
991.8845007485014,1.3365470508911143e-05,fac-opacity-cowan-state,T991p885_rho1p33655em05,0.33226092291143877,3.7499207538241775e-05,0.3323120853229269,5.043433316992869e-05,ok,/home/elads/STAR/full_grid_solar_opacity/runs/T991p885_rho1p33655em05/fac-opacity-cowan-state/starout.h5
991.8845007485014,1.920722248123928e-05,fac-opacity-cowan-state,T991p885_rho1p92072em05,0.3322608070719487,5.347552335387124e-05,0.3323302437212727,6.845111345305983e-05,ok,/home/elads/STAR/full_grid_solar_opacity/runs/T991p885_rho1p92072em05/fac-opacity-cowan-state/starout.h5
991.8845007485014,2.760227522090268e-05,fac-opacity-cowan-state,T991p885_rho2p76023em05,0.3322606633413585,7.65384798706685e-05,0.33235387881345924,9.189738553745034e-05,ok,/home/elads/STAR/full_grid_solar_opacity/runs/T991p885_rho2p76023em05/fac-opacity-cowan-state/starout.h5
991.8845007485014,3.966662010161191e-05,fac-opacity-cowan-state,T991p885_rho3p96666em05,0.33226046429037576,0.00010947013361365473,0.3323840381996843,0.00012182545785526301,ok,/home/elads/STAR/full_grid_solar_opacity/runs/T991p885_rho3p96666em05/fac-opacity-cowan-state/starout.h5
991.8845007485014,5.7004023678963655e-05,fac-opacity-cowan-state,T991p885_rho5p7004em05,0.3322602034531508,0.0001557273625435152,0.33242174585144973,0.0001592307930677797,ok,/home/elads/STAR/full_grid_solar_opacity/runs/T991p885_rho5p7004em05/fac-opacity-cowan-state/starout.h5
991.8845007485014,8.191922344953684e-05,fac-opacity-cowan-state,T991p885_rho8p19192em05,0.33225989134219763,0.00022244844711099,0.33246891733718364,0.00020600220526002528,ok,/home/elads/STAR/full_grid_solar_opacity/runs/T991p885_rho8p19192em05/fac-opacity-cowan-state/starout.h5
991.8845007485014,0.00011772430676769293,fac-opacity-cowan-state,T991p885_rho0p000117724,0.33225955993057904,0.00031416213904295466,0.33252232286100136,0.00025900459434604944,ok,/home/elads/STAR/full_grid_solar_opacity/runs/T991p885_rho0p000117724/fac-opacity-cowan-state/starout.h5
991.8845007485014,0.00016917900122028344,fac-opacity-cowan-state,T991p885_rho0p000169179,0.3322589501309965,0.0004431393913712769,0.3325831163834936,0.0003197103943626696,ok,/home/elads/STAR/full_grid_solar_opacity/runs/T991p885_rho0p000169179/fac-opacity-cowan-state/starout.h5
991.8845007485014,0.0002431234061999784,fac-opacity-cowan-state,T991p885_rho0p000243123,0.3322581119213292,0.0006215090819997678,0.3326584407502498,0.0003949277002791206,ok,/home/elads/STAR/full_grid_solar_opacity/runs/T991p885_rho0p000243123/fac-opacity-cowan-state/starout.h5
991.8845007485014,0.0003493872774749123,fac-opacity-cowan-state,T991p885_rho0p000349387,0.3322569664823405,0.0008711889605104725,0.332760818760878,0.000496936896236297,ok,/home/elads/STAR/full_grid_solar_opacity/runs/T991p885_rho0p000349387/fac-opacity-cowan-state/starout.h5
991.8845007485014,0.0005020967399614471,fac-opacity-cowan-state,T991p885_rho0p000502097,0.3322554311145904,0.0012067263363581924,0.3328837533707599,0.0006197456917663691,ok,/home/elads/STAR/full_grid_solar_opacity/runs/T991p885_rho0p000502097/fac-opacity-cowan-state/starout.h5
991.8845007485014,0.0007215521357901021,fac-opacity-cowan-state,T991p885_rho0p000721552,0.33225322677062247,0.0016465395693934359,0.33301645392098306,0.0007536187584437486,ok,/home/elads/STAR/full_grid_solar_opacity/runs/T991p885_rho0p000721552/fac-opacity-cowan-state/starout.h5
991.8845007485014,0.0010369266382873438,fac-opacity-cowan-state,T991p885_rho0p00103693,0.33225020184773196,0.0022348219203770624,0.3332356650255882,0.0009726401149066278,ok,/home/elads/STAR/full_grid_solar_opacity/runs/T991p885_rho0p00103693/fac-opacity-cowan-state/starout.h5
991.8845007485014,0.0014901443705277455,fac-opacity-cowan-state,T991p885_rho0p00149014,0.3322459358970755,0.002973907508150715,0.3334877309017473,0.0012263601696712429,ok,/home/elads/STAR/full_grid_solar_opacity/runs/T991p885_rho0p00149014/fac-opacity-cowan-state/starout.h5
991.8845007485014,0.002141453563853953,fac-opacity-cowan-state,T991p885_rho0p00214145,0.3322400383784764,0.003884224166801991,0.33381720606400134,0.0015582623389847159,ok,/home/elads/STAR/full_grid_solar_opacity/runs/T991p885_rho0p00214145/fac-opacity-cowan-state/starout.h5
991.8845007485014,0.003077435620898055,fac-opacity-cowan-state,T991p885_rho0p00307744,0.33223161133079504,0.004983603151952527,0.3342695281867384,0.0020135636126927033,ok,/home/elads/STAR/full_grid_solar_opacity/runs/T991p885_rho0p00307744/fac-opacity-cowan-state/starout.h5
991.8845007485014,0.004422514763163053,fac-opacity-cowan-state,T991p885_rho0p00442251,0.3322197776756186,0.006261779977476356,0.33482563431602275,0.0025753102712671506,ok,/home/elads/STAR/full_grid_solar_opacity/runs/T991p885_rho0p00442251/fac-opacity-cowan-state/starout.h5
991.8845007485014,0.006355498291362301,fac-opacity-cowan-state,T991p885_rho0p0063555,0.332203350181098,0.0077578559362704354,0.3354993522423962,0.0032596755023434325,ok,/home/elads/STAR/full_grid_solar_opacity/runs/T991p885_rho0p0063555/fac-opacity-cowan-state/starout.h5
991.8845007485014,0.009133346228248624,fac-opacity-cowan-state,T991p885_rho0p00913335,0.3321805773060644,0.009557846622842299,0.3363388907538277,0.004115541905817987,ok,/home/elads/STAR/full_grid_solar_opacity/runs/T991p885_rho0p00913335/fac-opacity-cowan-state/starout.h5
991.8845007485014,0.01312533014735226,fac-opacity-cowan-state,T991p885_rho0p0131253,0.33214895778434883,0.01192508536108457,0.3374833059548765,0.005281235373305581,ok,/home/elads/STAR/full_grid_solar_opacity/runs/T991p885_rho0p0131253/fac-opacity-cowan-state/starout.h5
991.8845007485014,0.018862122071335155,fac-opacity-cowan-state,T991p885_rho0p0188621,0.3321050360042412,0.015075829984958837,0.33882775345764954,0.0066589505815428445,ok,/home/elads/STAR/full_grid_solar_opacity/runs/T991p885_rho0p0188621/fac-opacity-cowan-state/starout.h5
991.8845007485014,0.02710633904364831,fac-opacity-cowan-state,T991p885_rho0p0271063,0.33204397222399545,0.01940402959739227,0.3403999168007971,0.008284488278546807,ok,/home/elads/STAR/full_grid_solar_opacity/runs/T991p885_rho0p0271063/fac-opacity-cowan-state/starout.h5
991.8845007485014,0.038953921174427183,fac-opacity-cowan-state,T991p885_rho0p0389539,0.3319588489272378,0.02553835134041258,0.3422709874436849,0.01023290444069788,ok,/home/elads/STAR/full_grid_solar_opacity/runs/T991p885_rho0p0389539/fac-opacity-cowan-state/starout.h5
991.8845007485014,0.0559798197912329,fac-opacity-cowan-state,T991p885_rho0p0559798,0.3318407081640678,0.034229711172765825,0.34439903869240485,0.012470009669215708,ok,/home/elads/STAR/full_grid_solar_opacity/runs/T991p885_rho0p0559798/fac-opacity-cowan-state/starout.h5
991.8845007485014,0.08044736266284185,fac-opacity-cowan-state,T991p885_rho0p0804474,0.3316753808110902,0.048029999223122566,0.3474243419634225,0.015642674909724815,ok,/home/elads/STAR/full_grid_solar_opacity/runs/T991p885_rho0p0804474/fac-opacity-cowan-state/starout.h5
991.8845007485014,0.11560912813835741,fac-opacity-cowan-state,T991p885_rho0p115609,0.33144540557021923,0.06725717877205217,0.35088840794783743,0.019311426747880764,ok,/home/elads/STAR/full_grid_solar_opacity/runs/T991p885_rho0p115609/fac-opacity-cowan-state/starout.h5
991.8845007485014,0.1661393247274789,fac-opacity-cowan-state,T991p885_rho0p166139,0.33112635247671734,0.09371291835440818,0.3547063582087266,0.02341115458734508,ok,/home/elads/STAR/full_grid_solar_opacity/runs/T991p885_rho0p166139/fac-opacity-cowan-state/starout.h5
991.8845007485014,0.23875515424585794,fac-opacity-cowan-state,T991p885_rho0p238755,0.330685305760252,0.13075362628629822,0.35924481219075516,0.028325684193657313,ok,/home/elads/STAR/full_grid_solar_opacity/runs/T991p885_rho0p238755/fac-opacity-cowan-state/starout.h5
991.8845007485014,0.34310975906798746,fac-opacity-cowan-state,T991p885_rho0p34311,0.3300653921894035,0.18320651200000995,0.365058639531551,0.03464850884446426,ok,/home/elads/STAR/full_grid_solar_opacity/runs/T991p885_rho0p34311/fac-opacity-cowan-state/starout.h5
991.8845007485014,0.49307545690287347,fac-opacity-cowan-state,T991p885_rho0p493075,0.32922888106122383,0.25771818435040766,0.3721553234749165,0.042405426279767185,ok,/home/elads/STAR/full_grid_solar_opacity/runs/T991p885_rho0p493075/fac-opacity-cowan-state/starout.h5
991.8845007485014,0.7085878491488851,fac-opacity-cowan-state,T991p885_rho0p708588,0.32809485174634573,0.3641944048022989,0.38053922078582625,0.0516511118515198,ok,/home/elads/STAR/full_grid_solar_opacity/runs/T991p885_rho0p708588/fac-opacity-cowan-state/starout.h5
991.8845007485014,1.0182959482819007,fac-opacity-cowan-state,T991p885_rho1p0183,0.3265734779545779,0.5166249610317629,0.39092888493405775,0.06314789891412498,ok,/home/elads/STAR/full_grid_solar_opacity/runs/T991p885_rho1p0183/fac-opacity-cowan-state/starout.h5
991.8845007485014,1.4633706173946401,fac-opacity-cowan-state,T991p885_rho1p46337,0.3245572843150523,0.7346964123783595,0.4042490510955687,0.07788498289723927,ok,/home/elads/STAR/full_grid_solar_opacity/runs/T991p885_rho1p46337/fac-opacity-cowan-state/starout.h5
991.8845007485014,2.1029775945461404,fac-opacity-cowan-state,T991p885_rho2p10298,0.3219243171401339,1.0463034725763343,0.42038860040391796,0.09581468300640904,ok,/home/elads/STAR/full_grid_solar_opacity/runs/T991p885_rho2p10298/fac-opacity-cowan-state/starout.h5
991.8845007485014,3.0221426551783854,fac-opacity-cowan-state,T991p885_rho3p02214,0.31854547505961983,1.4909866924212054,0.4410112532574798,0.1186746767086489,ok,/home/elads/STAR/full_grid_solar_opacity/runs/T991p885_rho3p02214/fac-opacity-cowan-state/starout.h5
991.8845007485014,4.343054463316713,fac-opacity-cowan-state,T991p885_rho4p34305,0.3142995321356393,2.1239703342811787,0.46700148459975066,0.1474259235431795,ok,/home/elads/STAR/full_grid_solar_opacity/runs/T991p885_rho4p34305/fac-opacity-cowan-state/starout.h5
991.8845007485014,6.241307649397467,fac-opacity-cowan-state,T991p885_rho6p24131,0.3090924879335734,3.0214720901145515,0.4995686997706821,0.18335701457834344,ok,/home/elads/STAR/full_grid_solar_opacity/runs/T991p885_rho6p24131/fac-opacity-cowan-state/starout.h5
991.8845007485014,8.969245378672715,fac-opacity-cowan-state,T991p885_rho8p96925,0.30289731028891576,4.2902649603978835,0.5411953302665412,0.2290103472318728,ok,/home/elads/STAR/full_grid_solar_opacity/runs/T991p885_rho8p96925/fac-opacity-cowan-state/starout.h5
991.8845007485014,12.889504440725364,fac-opacity-cowan-state,T991p885_rho12p8895,0.29578429624900465,6.074250003537515,0.5947265838531695,0.28726961650108107,ok,/home/elads/STAR/full_grid_solar_opacity/runs/T991p885_rho12p8895/fac-opacity-cowan-state/starout.h5
991.8845007485014,18.52322215674118,fac-opacity-cowan-state,T991p885_rho18p5232,0.287963575221,8.563406529117369,0.6630087045428366,0.3609522131125067,ok,/home/elads/STAR/full_grid_solar_opacity/runs/T991p885_rho18p5232/fac-opacity-cowan-state/starout.h5
991.8845007485014,26.61931346126126,fac-opacity-cowan-state,T991p885_rho26p6193,0.2798189890089804,12.006733010840456,0.7511451910894178,0.45505467201816246,ok,/home/elads/STAR/full_grid_solar_opacity/runs/T991p885_rho26p6193/fac-opacity-cowan-state/starout.h5
991.8845007485014,38.254027466328665,fac-opacity-cowan-state,T991p885_rho38p254,0.27192418421494696,16.7132368419629,0.8653645370949467,0.5755666978410309,ok,/home/elads/STAR/full_grid_solar_opacity/runs/T991p885_rho38p254/fac-opacity-cowan-state/starout.h5
991.8845007485014,54.97401800103719,fac-opacity-cowan-state,T991p885_rho54p974,0.2650426962468512,23.055180923616437,1.0157271868404818,0.7321417733950651,ok,/home/elads/STAR/full_grid_solar_opacity/runs/T991p885_rho54p974/fac-opacity-cowan-state/starout.h5
991.8845007485014,79.0019471240894,fac-opacity-cowan-state,T991p885_rho79p0019,0.2600024032549374,31.417659389001443,1.213012008958862,0.9349976135141552,ok,/home/elads/STAR/full_grid_solar_opacity/runs/T991p885_rho79p0019/fac-opacity-cowan-state/starout.h5
991.8845007485014,113.53195339077567,fac-opacity-cowan-state,T991p885_rho113p532,0.2577716818289615,42.14998805191254,1.4684043779699452,1.194425971169435,ok,/home/elads/STAR/full_grid_solar_opacity/runs/T991p885_rho113p532/fac-opacity-cowan-state/starout.h5
991.8845007485014,163.15426277379785,fac-opacity-cowan-state,T991p885_rho163p154,0.25915934177104405,55.41902732287625,1.8073801177108781,1.5350776436845912,ok,/home/elads/STAR/full_grid_solar_opacity/runs/T991p885_rho163p154/fac-opacity-cowan-state/starout.h5
991.8845007485014,234.46538763970608,fac-opacity-cowan-state,T991p885_rho234p465,0.2646240171996932,71.01788685084088,2.2576432000393876,1.9838727360672888,ok,/home/elads/STAR/full_grid_solar_opacity/runs/T991p885_rho234p465/fac-opacity-cowan-state/starout.h5
991.8845007485014,336.94503022121665,fac-opacity-cowan-state,T991p885_rho336p945,0.2742092456527735,87.92097342689212,2.8501225776555907,2.5711224115773086,ok,/home/elads/STAR/full_grid_solar_opacity/runs/T991p885_rho336p945/fac-opacity-cowan-state/starout.h5
991.8845007485014,484.21626123015125,fac-opacity-cowan-state,T991p885_rho484p216,0.28723972834210576,104.53651026287028,3.612829685383703,3.324871768836967,ok,/home/elads/STAR/full_grid_solar_opacity/runs/T991p885_rho484p216/fac-opacity-cowan-state/starout.h5
991.8845007485014,695.8564947100452,fac-opacity-cowan-state,T991p885_rho695p856,0.3022909283881658,118.50373232155498,4.55948986847342,4.259743920434119,ok,/home/elads/STAR/full_grid_solar_opacity/runs/T991p885_rho695p856/fac-opacity-cowan-state/starout.h5
991.8845007485014,1000.0,fac-opacity-cowan-state,T991p885_rho1000,0.3180298545390682,127.34281902158006,5.6730846736324905,5.359806590377271,ok,/home/elads/STAR/full_grid_solar_opacity/runs/T991p885_rho1000/fac-opacity-cowan-state/starout.h5
1091.946844630449,1e-17,fac-opacity-cowan-state,T1091p95_rho1em17,0.3320154715417204,3.857935671779541e-18,0.3320154715417204,1.3776896002849265e-18,ok,/home/elads/STAR/full_grid_solar_opacity/runs/T1091p95_rho1em17/fac-opacity-cowan-state/starout.h5
1091.946844630449,1.4370779141993746e-17,fac-opacity-cowan-state,T1091p95_rho1p43708em17,0.33201547154193695,5.418233957391028e-18,0.33201547154193695,1.9319823063547524e-18,ok,/home/elads/STAR/full_grid_solar_opacity/runs/T1091p95_rho1p43708em17/fac-opacity-cowan-state/starout.h5
1091.946844630449,2.065192931479625e-17,fac-opacity-cowan-state,T1091p95_rho2p06519em17,0.33201547154217603,7.660514102864938e-18,0.33201547154217603,2.728547898598623e-18,ok,/home/elads/STAR/full_grid_solar_opacity/runs/T1091p95_rho2p06519em17/fac-opacity-cowan-state/starout.h5
1091.946844630449,2.9678431503900313e-17,fac-opacity-cowan-state,T1091p95_rho2p96784em17,0.332015471542441,1.0890949753179052e-17,0.332015471542441,3.876167859778417e-18,ok,/home/elads/STAR/full_grid_solar_opacity/runs/T1091p95_rho2p96784em17/fac-opacity-cowan-state/starout.h5
1091.946844630449,4.2650218442334076e-17,fac-opacity-cowan-state,T1091p95_rho4p26502em17,0.33201547154291006,1.5544419486003633e-17,0.33201547154291,5.529343294649011e-18,ok,/home/elads/STAR/full_grid_solar_opacity/runs/T1091p95_rho4p26502em17/fac-opacity-cowan-state/starout.h5
1091.946844630449,6.129168695925715e-17,fac-opacity-cowan-state,T1091p95_rho6p12917em17,0.3320154715430412,2.2284907055359465e-17,0.33201547154304123,7.925513590696046e-18,ok,/home/elads/STAR/full_grid_solar_opacity/runs/T1091p95_rho6p12917em17/fac-opacity-cowan-state/starout.h5
1091.946844630449,8.808092965317026e-17,fac-opacity-cowan-state,T1091p95_rho8p80809em17,0.3320154715436674,3.202338963670215e-17,0.33201547154366745,1.1388965656349154e-17,ok,/home/elads/STAR/full_grid_solar_opacity/runs/T1091p95_rho8p80809em17/fac-opacity-cowan-state/starout.h5
1091.946844630449,1.2657915866672028e-16,fac-opacity-cowan-state,T1091p95_rho1p26579em16,0.3320154715440912,4.601734213699809e-17,0.3320154715440912,1.6365870763007446e-17,ok,/home/elads/STAR/full_grid_solar_opacity/runs/T1091p95_rho1p26579em16/fac-opacity-cowan-state/starout.h5
1091.946844630449,1.819041133178821e-16,fac-opacity-cowan-state,T1091p95_rho1p81904em16,0.33201547154405947,6.612611219774512e-17,0.33201547154405947,2.351750442586442e-17,ok,/home/elads/STAR/full_grid_solar_opacity/runs/T1091p95_rho1p81904em16/fac-opacity-cowan-state/starout.h5
1091.946844630449,2.6141038375114865e-16,fac-opacity-cowan-state,T1091p95_rho2p6141em16,0.33201547154439853,9.502142990046458e-17,0.3320154715443984,3.3794075596869826e-17,ok,/home/elads/STAR/full_grid_solar_opacity/runs/T1091p95_rho2p6141em16/fac-opacity-cowan-state/starout.h5
1091.946844630449,3.7566708903116036e-16,fac-opacity-cowan-state,T1091p95_rho3p75667em16,0.33201547154478667,1.3654227531489415e-16,0.3320154715447867,4.856093346219288e-17,ok,/home/elads/STAR/full_grid_solar_opacity/runs/T1091p95_rho3p75667em16/fac-opacity-cowan-state/starout.h5
1091.946844630449,5.398628767382507e-16,fac-opacity-cowan-state,T1091p95_rho5p39863em16,0.33201547154249605,1.9620474255080222e-16,0.33201547154249617,6.977990876938404e-17,ok,/home/elads/STAR/full_grid_solar_opacity/runs/T1091p95_rho5p39863em16/fac-opacity-cowan-state/starout.h5
1091.946844630449,7.758250168566793e-16,fac-opacity-cowan-state,T1091p95_rho7p75825em16,0.33201547154470373,2.8193474174071754e-16,0.33201547154470384,1.0026991510766983e-16,ok,/home/elads/STAR/full_grid_solar_opacity/runs/T1091p95_rho7p75825em16/fac-opacity-cowan-state/starout.h5
1091.946844630449,1.1149209970080914e-15,fac-opacity-cowan-state,T1091p95_rho1p11492em15,0.3320154715446121,4.0512062992235627e-16,0.3320154715446122,1.4408133151607435e-16,ok,/home/elads/STAR/full_grid_solar_opacity/runs/T1091p95_rho1p11492em15/fac-opacity-cowan-state/starout.h5
1091.946844630449,1.6022283408774753e-15,fac-opacity-cowan-state,T1091p95_rho1p60223em15,0.3320154715453097,5.8212557388364e-16,0.3320154715453099,2.0703393298456315e-16,ok,/home/elads/STAR/full_grid_solar_opacity/runs/T1091p95_rho1p60223em15/fac-opacity-cowan-state/starout.h5
1091.946844630449,2.3025269621793266e-15,fac-opacity-cowan-state,T1091p95_rho2p30253em15,0.3320154715008963,8.364616063272032e-16,0.33201547150089655,2.9749012756652174e-16,ok,/home/elads/STAR/full_grid_solar_opacity/runs/T1091p95_rho2p30253em15/fac-opacity-cowan-state/starout.h5
1091.946844630449,3.308910644196489e-15,fac-opacity-cowan-state,T1091p95_rho3p30891em15,0.33201547154454863,1.2019120159028961e-15,0.332015471544549,4.274655771623986e-16,ok,/home/elads/STAR/full_grid_solar_opacity/runs/T1091p95_rho3p30891em15/fac-opacity-cowan-state/starout.h5
1091.946844630449,4.755162406834019e-15,fac-opacity-cowan-state,T1091p95_rho4p75516em15,0.33201547151984784,1.727019302105695e-15,0.3320154715198484,6.142255073281389e-16,ok,/home/elads/STAR/full_grid_solar_opacity/runs/T1091p95_rho4p75516em15/fac-opacity-cowan-state/starout.h5
1091.946844630449,6.8335388732923106e-15,fac-opacity-cowan-state,T1091p95_rho6p83354em15,0.3320154715448037,2.4815347443702904e-15,0.33201547154480454,8.82578838130326e-16,ok,/home/elads/STAR/full_grid_solar_opacity/runs/T1091p95_rho6p83354em15/fac-opacity-cowan-state/starout.h5
1091.946844630449,9.820327790631256e-15,fac-opacity-cowan-state,T1091p95_rho9p82033em15,0.332015471546757,3.56568674111084e-15,0.3320154715467583,1.2681746198158901e-15,ok,/home/elads/STAR/full_grid_solar_opacity/runs/T1091p95_rho9p82033em15/fac-opacity-cowan-state/starout.h5
1091.946844630449,1.4112576178114521e-14,fac-opacity-cowan-state,T1091p95_rho1p41126em14,0.3320154715446088,5.123508360537971e-15,0.33201547154461064,1.8222441433211634e-15,ok,/home/elads/STAR/full_grid_solar_opacity/runs/T1091p95_rho1p41126em14/fac-opacity-cowan-state/starout.h5
1091.946844630449,2.0280871538024598e-14,fac-opacity-cowan-state,T1091p95_rho2p02809em14,0.3320154715449146,7.361985831044495e-15,0.3320154715449171,2.6184108324125036e-15,ok,/home/elads/STAR/full_grid_solar_opacity/runs/T1091p95_rho2p02809em14/fac-opacity-cowan-state/starout.h5
1091.946844630449,2.914519256800997e-14,fac-opacity-cowan-state,T1091p95_rho2p91452em14,0.33201547152745414,1.0578601185768486e-14,0.33201547152745775,3.762489382287527e-15,ok,/home/elads/STAR/full_grid_solar_opacity/runs/T1091p95_rho2p91452em14/fac-opacity-cowan-state/starout.h5
1091.946844630449,4.188391254457488e-14,fac-opacity-cowan-state,T1091p95_rho4p18839em14,0.33201547154459277,1.5200933230761688e-14,0.332015471544598,5.406573508829145e-15,ok,/home/elads/STAR/full_grid_solar_opacity/runs/T1091p95_rho4p18839em14/fac-opacity-cowan-state/starout.h5
1091.946844630449,6.019044567806669e-14,fac-opacity-cowan-state,T1091p95_rho6p01904em14,0.3320154715447377,2.1843613076440036e-14,0.3320154715447454,7.769299195646243e-15,ok,/home/elads/STAR/full_grid_solar_opacity/runs/T1091p95_rho6p01904em14/fac-opacity-cowan-state/starout.h5
1091.946844630449,8.649836012976684e-14,fac-opacity-cowan-state,T1091p95_rho8p64984em14,0.3320154715446843,3.1390262017780864e-14,0.3320154715446954,1.116499694226049e-14,ok,/home/elads/STAR/full_grid_solar_opacity/runs/T1091p95_rho8p64984em14/fac-opacity-cowan-state/starout.h5
1091.946844630449,1.2430488295695167e-13,fac-opacity-cowan-state,T1091p95_rho1p24305em13,0.3320154715445769,4.511132478200917e-14,0.3320154715445922,1.6045618038288196e-14,ok,/home/elads/STAR/full_grid_solar_opacity/runs/T1091p95_rho1p24305em13/fac-opacity-cowan-state/starout.h5
1091.946844630449,1.7863580192457348e-13,fac-opacity-cowan-state,T1091p95_rho1p78636em13,0.3320154715336409,6.483372713551928e-14,0.33201547153366373,2.3061101227389543e-14,ok,/home/elads/STAR/full_grid_solar_opacity/runs/T1091p95_rho1p78636em13/fac-opacity-cowan-state/starout.h5
1091.946844630449,2.567135656310987e-13,fac-opacity-cowan-state,T1091p95_rho2p56714em13,0.3320154715449192,9.318486781889176e-14,0.33201547154495153,3.314620245184068e-14,ok,/home/elads/STAR/full_grid_solar_opacity/runs/T1091p95_rho2p56714em13/fac-opacity-cowan-state/starout.h5
1091.946844630449,3.6891739544382357e-13,fac-opacity-cowan-state,T1091p95_rho3p68917em13,0.33201547165171036,1.3394365399444896e-13,0.332015471651757,4.764540276716734e-14,ok,/home/elads/STAR/full_grid_solar_opacity/runs/T1091p95_rho3p68917em13/fac-opacity-cowan-state/starout.h5
1091.946844630449,5.301630411562758e-13,fac-opacity-cowan-state,T1091p95_rho5p30163em13,0.33201547154371264,1.9254625260315531e-13,0.33201547154377936,6.849297272859394e-14,ok,/home/elads/STAR/full_grid_solar_opacity/runs/T1091p95_rho5p30163em13/fac-opacity-cowan-state/starout.h5
1091.946844630449,7.618855973704612e-13,fac-opacity-cowan-state,T1091p95_rho7p61886em13,0.332015471544553,2.7681292679430523e-13,0.33201547154464917,9.847161537799892e-14,ok,/home/elads/STAR/full_grid_solar_opacity/runs/T1091p95_rho7p61886em13/fac-opacity-cowan-state/starout.h5
1091.946844630449,1.0948889651276868e-12,fac-opacity-cowan-state,T1091p95_rho1p09489em12,0.3320154715203019,3.9799637901896484e-13,0.3320154715204394,1.415857270247647e-13,ok,/home/elads/STAR/full_grid_solar_opacity/runs/T1091p95_rho1p09489em12/fac-opacity-cowan-state/starout.h5
1091.946844630449,1.5734407502856082e-12,fac-opacity-cowan-state,T1091p95_rho1p57344em12,0.3320154714717378,5.722915978091434e-13,0.33201547147193633,2.035989576439654e-13,ok,/home/elads/STAR/full_grid_solar_opacity/runs/T1091p95_rho1p57344em12/fac-opacity-cowan-state/starout.h5
1091.946844630449,2.26115695153675e-12,fac-opacity-cowan-state,T1091p95_rho2p26116em12,0.33201547154041927,8.230069394886181e-13,0.332015471540705,2.9280739773086537e-13,ok,/home/elads/STAR/full_grid_solar_opacity/runs/T1091p95_rho2p26116em12/fac-opacity-cowan-state/starout.h5
1091.946844630449,3.249458715591849e-12,fac-opacity-cowan-state,T1091p95_rho3p24946em12,0.3320154719699242,1.1837177225061947e-12,0.3320154719703347,4.211628974505578e-13,ok,/home/elads/STAR/full_grid_solar_opacity/runs/T1091p95_rho3p24946em12/fac-opacity-cowan-state/starout.h5
1091.946844630449,4.669725353279713e-12,fac-opacity-cowan-state,T1091p95_rho4p66973em12,0.33201547154354655,1.7028229709825e-12,0.332015471544138,6.058974053656182e-13,ok,/home/elads/STAR/full_grid_solar_opacity/runs/T1091p95_rho4p66973em12/fac-opacity-cowan-state/starout.h5
1091.946844630449,6.710759170575148e-12,fac-opacity-cowan-state,T1091p95_rho6p71076em12,0.33201547154260685,2.4502222148487883e-12,0.3320154715434577,8.719041632021951e-13,ok,/home/elads/STAR/full_grid_solar_opacity/runs/T1091p95_rho6p71076em12/fac-opacity-cowan-state/starout.h5
1091.946844630449,9.64388379154446e-12,fac-opacity-cowan-state,T1091p95_rho9p64388em12,0.33201547154340594,3.527259234131276e-12,0.33201547154462985,1.255290889609511e-12,ok,/home/elads/STAR/full_grid_solar_opacity/runs/T1091p95_rho9p64388em12/fac-opacity-cowan-state/starout.h5
1091.946844630449,1.3859012403933867e-11,fac-opacity-cowan-state,T1091p95_rho1p3859em11,0.33201547167250633,5.0820176119676015e-12,0.3320154716742709,1.8088613405010805e-12,ok,/home/elads/STAR/full_grid_solar_opacity/runs/T1091p95_rho1p3859em11/fac-opacity-cowan-state/starout.h5
1091.946844630449,1.9916480638308542e-11,fac-opacity-cowan-state,T1091p95_rho1p99165em11,0.3320154715437895,7.334422379804627e-12,0.33201547154633654,2.611160181959756e-12,ok,/home/elads/STAR/full_grid_solar_opacity/runs/T1091p95_rho1p99165em11/fac-opacity-cowan-state/starout.h5
1091.946844630449,2.8621534453892672e-11,fac-opacity-cowan-state,T1091p95_rho2p86215em11,0.332015471539434,1.0647674827748538e-11,0.33201547154313243,3.792659439059315e-12,ok,/home/elads/STAR/full_grid_solar_opacity/runs/T1091p95_rho2p86215em11/fac-opacity-cowan-state/starout.h5
1091.946844630449,4.1131375034185614e-11,fac-opacity-cowan-state,T1091p95_rho4p11314em11,0.331350334709827,1.542051186684767e-11,0.3313503347151879,5.496457910525686e-12,ok,/home/elads/STAR/full_grid_solar_opacity/runs/T1091p95_rho4p11314em11/fac-opacity-cowan-state/starout.h5
1091.946844630449,5.910899064227969e-11,fac-opacity-cowan-state,T1091p95_rho5p9109em11,0.33135033470442365,2.231187184739226e-11,0.33135033471218184,7.953346590166301e-12,ok,/home/elads/STAR/full_grid_solar_opacity/runs/T1091p95_rho5p9109em11/fac-opacity-cowan-state/starout.h5
1091.946844630449,8.4944224982638e-11,fac-opacity-cowan-state,T1091p95_rho8p49442em11,0.3313503346264337,3.2209418813014464e-11,0.33135033463763575,1.1484538590063763e-11,ok,/home/elads/STAR/full_grid_solar_opacity/runs/T1091p95_rho8p49442em11/fac-opacity-cowan-state/starout.h5
1091.946844630449,1.2207146966133182e-10,fac-opacity-cowan-state,T1091p95_rho1p22071em10,0.3313503346900034,4.632259480769478e-11,0.3313503347061087,1.651082164645748e-11,ok,/home/elads/STAR/full_grid_solar_opacity/runs/T1091p95_rho1p22071em10/fac-opacity-cowan-state/starout.h5
1091.946844630449,1.7542621300415897e-10,fac-opacity-cowan-state,T1091p95_rho1p75426em10,0.33135033463193675,6.62495778962447e-11,0.33135033465497127,2.3615498795082742e-11,ok,/home/elads/STAR/full_grid_solar_opacity/runs/T1091p95_rho1p75426em10/fac-opacity-cowan-state/starout.h5
1091.946844630449,2.52101136279913e-10,fac-opacity-cowan-state,T1091p95_rho2p52101em10,0.33135033464945135,9.510504769257329e-11,0.33135033468251757,3.390171758940689e-11,ok,/home/elads/STAR/full_grid_solar_opacity/runs/T1091p95_rho2p52101em10/fac-opacity-cowan-state/starout.h5
1091.946844630449,3.6228897509242966e-10,fac-opacity-cowan-state,T1091p95_rho3p62289em10,0.33135033462041463,1.3770919768897357e-10,0.3313503346683232,4.911663826914724e-11,ok,/home/elads/STAR/full_grid_solar_opacity/runs/T1091p95_rho3p62289em10/fac-opacity-cowan-state/starout.h5
1091.946844630449,5.20637484663258e-10,fac-opacity-cowan-state,T1091p95_rho5p20637em10,0.33135033457116153,2.0030205656273776e-10,0.33135033464087166,7.146802150817093e-11,ok,/home/elads/STAR/full_grid_solar_opacity/runs/T1091p95_rho5p20637em10/fac-opacity-cowan-state/starout.h5
1091.946844630449,7.481966305138837e-10,fac-opacity-cowan-state,T1091p95_rho7p48197em10,0.33135033450402657,2.916761046026323e-10,0.33135033460560387,1.0413661876553999e-10,ok,/home/elads/STAR/full_grid_solar_opacity/runs/T1091p95_rho7p48197em10/fac-opacity-cowan-state/starout.h5
1091.946844630449,1.0752168531898921e-09,fac-opacity-cowan-state,T1091p95_rho1p07522em09,0.33135033440899814,4.23176797297348e-10,0.33135033455639173,1.5111003577807507e-10,ok,/home/elads/STAR/full_grid_solar_opacity/runs/T1091p95_rho1p07522em09/fac-opacity-cowan-state/starout.h5
1091.946844630449,1.5451703926941453e-09,fac-opacity-cowan-state,T1091p95_rho1p54517em09,0.33135033427218297,7.959492508713306e-10,0.3313503348494422,5.757897339264139e-10,ok,/home/elads/STAR/full_grid_solar_opacity/runs/T1091p95_rho1p54517em09/fac-opacity-cowan-state/starout.h5
1091.946844630449,2.220530245015531e-09,fac-opacity-cowan-state,T1091p95_rho2p22053em09,0.3313503340800534,1.1512002081969452e-09,0.3313503349127348,8.306139074288516e-10,ok,/home/elads/STAR/full_grid_solar_opacity/runs/T1091p95_rho2p22053em09/fac-opacity-cowan-state/starout.h5
1091.946844630449,3.1910749729235452e-09,fac-opacity-cowan-state,T1091p95_rho3p19107em09,0.33135033380493584,1.6272444792016615e-09,0.3313503349920879,1.183905839757113e-09,ok,/home/elads/STAR/full_grid_solar_opacity/runs/T1091p95_rho3p19107em09/fac-opacity-cowan-state/starout.h5
1091.946844630449,4.585823366142813e-09,fac-opacity-cowan-state,T1091p95_rho4p58582em09,0.3313503334222485,6.593092007413157e-09,0.33135034250267986,8.975981734862205e-09,ok,/home/elads/STAR/full_grid_solar_opacity/runs/T1091p95_rho4p58582em09/fac-opacity-cowan-state/starout.h5
1091.946844630449,6.590185477903269e-09,fac-opacity-cowan-state,T1091p95_rho6p59019em09,0.3313503328798368,9.43185075005587e-09,0.33135034592028817,1.2889838210814433e-08,ok,/home/elads/STAR/full_grid_solar_opacity/runs/T1091p95_rho6p59019em09/fac-opacity-cowan-state/starout.h5
1091.946844630449,9.470610000772238e-09,fac-opacity-cowan-state,T1091p95_rho9p47061em09,0.33135033211114845,1.3482604967994482e-08,0.3313503508329819,1.850438098509169e-08,ok,/home/elads/STAR/full_grid_solar_opacity/runs/T1091p95_rho9p47061em09/fac-opacity-cowan-state/starout.h5
1091.946844630449,1.3610004466105506e-08,fac-opacity-cowan-state,T1091p95_rho1p361em08,0.33135033110526363,1.9394121415604303e-08,0.33135035814072505,2.6719961328543382e-08,ok,/home/elads/STAR/full_grid_solar_opacity/runs/T1091p95_rho1p361em08/fac-opacity-cowan-state/starout.h5
1091.946844630449,1.9558636830395073e-08,fac-opacity-cowan-state,T1091p95_rho1p95586em08,0.33135032973611067,2.8033417779101286e-08,0.3313503686635643,3.847482071263734e-08,ok,/home/elads/STAR/full_grid_solar_opacity/runs/T1091p95_rho1p95586em08/fac-opacity-cowan-state/starout.h5
1091.946844630449,2.810728502080722e-08,fac-opacity-cowan-state,T1091p95_rho2p81073em08,0.3313503279274092,3.991068296910776e-08,0.33135038374542775,5.516344754643593e-08,ok,/home/elads/STAR/full_grid_solar_opacity/runs/T1091p95_rho2p81073em08/fac-opacity-cowan-state/starout.h5
1091.946844630449,4.039235853150913e-08,fac-opacity-cowan-state,T1091p95_rho4p03924em08,0.33135032577000056,5.75332914638923e-08,0.3313504060816214,7.937072685154495e-08,ok,/home/elads/STAR/full_grid_solar_opacity/runs/T1091p95_rho4p03924em08/fac-opacity-cowan-state/starout.h5
1091.946844630449,5.804696634805446e-08,fac-opacity-cowan-state,T1091p95_rho5p8047em08,0.33135032256514124,8.349832682885092e-08,0.3313504383230762,1.1440970266818508e-07,ok,/home/elads/STAR/full_grid_solar_opacity/runs/T1091p95_rho5p8047em08/fac-opacity-cowan-state/starout.h5
1091.946844630449,8.341801332506338e-08,fac-opacity-cowan-state,T1091p95_rho8p3418em08,0.3313503187759239,1.2052778356369583e-07,0.3313504853944311,1.6468079158802427e-07,ok,/home/elads/STAR/full_grid_solar_opacity/runs/T1091p95_rho8p3418em08/fac-opacity-cowan-state/starout.h5
1091.946844630449,1.1987818459583772e-07,fac-opacity-cowan-state,T1091p95_rho1p19878em07,0.33135031384510116,1.7139300005115013e-07,0.331350552757421,2.3610406072172317e-07,ok,/home/elads/STAR/full_grid_solar_opacity/runs/T1091p95_rho1p19878em07/fac-opacity-cowan-state/starout.h5
1091.946844630449,1.7227429147699408e-07,fac-opacity-cowan-state,T1091p95_rho1p72274em07,0.3313503082013361,2.4575880916102416e-07,0.3313506523726419,3.401121347306456e-07,ok,/home/elads/STAR/full_grid_solar_opacity/runs/T1091p95_rho1p72274em07/fac-opacity-cowan-state/starout.h5
1091.946844630449,2.4757157946593376e-07,fac-opacity-cowan-state,T1091p95_rho2p47572em07,0.3313503010883176,3.549937862623751e-07,0.3313507963800778,4.894662979017242e-07,ok,/home/elads/STAR/full_grid_solar_opacity/runs/T1091p95_rho2p47572em07/fac-opacity-cowan-state/starout.h5
1091.946844630449,3.557796490339488e-07,fac-opacity-cowan-state,T1091p95_rho3p5578em07,0.3313502921910106,5.194002802329937e-07,0.3313510072665548,7.067911914595678e-07,ok,/home/elads/STAR/full_grid_solar_opacity/runs/T1091p95_rho3p5578em07/fac-opacity-cowan-state/starout.h5
1091.946844630449,5.112830759482948e-07,fac-opacity-cowan-state,T1091p95_rho5p11283em07,0.3313502814291717,7.527723477918357e-07,0.33135131335995527,1.0200407139749446e-06,ok,/home/elads/STAR/full_grid_solar_opacity/runs/T1091p95_rho5p11283em07/fac-opacity-cowan-state/starout.h5
1091.946844630449,7.347536163492159e-07,fac-opacity-cowan-state,T1091p95_rho7p34754em07,0.3313502682546599,1.0911773607234994e-06,0.33135175733791505,1.4720334417709386e-06,ok,/home/elads/STAR/full_grid_solar_opacity/runs/T1091p95_rho7p34754em07/fac-opacity-cowan-state/starout.h5
1091.946844630449,1.0558981944335787e-06,fac-opacity-cowan-state,T1091p95_rho1p0559em06,0.3313502521245814,1.5816535321484083e-06,0.3313524027115589,2.1260869121605257e-06,ok,/home/elads/STAR/full_grid_solar_opacity/runs/T1091p95_rho1p0559em06/fac-opacity-cowan-state/starout.h5
1091.946844630449,1.517407974863493e-06,fac-opacity-cowan-state,T1091p95_rho1p51741em06,0.3313502323591048,2.267886858873094e-06,0.3313533152129381,3.047570274601966e-06,ok,/home/elads/STAR/full_grid_solar_opacity/runs/T1091p95_rho1p51741em06/fac-opacity-cowan-state/starout.h5
1091.946844630449,2.1806334875063253e-06,fac-opacity-cowan-state,T1091p95_rho2p18063em06,0.3313502080991194,3.308342737958826e-06,0.3313546513548547,4.393107321603206e-06,ok,/home/elads/STAR/full_grid_solar_opacity/runs/T1091p95_rho2p18063em06/fac-opacity-cowan-state/starout.h5
1091.946844630449,3.1337402238588983e-06,fac-opacity-cowan-state,T1091p95_rho3p13374em06,0.3313501783276838,4.743611628371031e-06,0.33135652649475017,6.276583966770285e-06,ok,/home/elads/STAR/full_grid_solar_opacity/runs/T1091p95_rho3p13374em06/fac-opacity-cowan-state/starout.h5
1091.946844630449,4.503428864545845e-06,fac-opacity-cowan-state,T1091p95_rho4p50343em06,0.3313501405775628,6.784054760567496e-06,0.3313591823520197,8.939990827770698e-06,ok,/home/elads/STAR/full_grid_solar_opacity/runs/T1091p95_rho4p50343em06/fac-opacity-cowan-state/starout.h5
1091.946844630449,6.471778159406801e-06,fac-opacity-cowan-state,T1091p95_rho6p47178em06,0.331350094787242,9.857348057446963e-06,0.331362976170667,1.273963721315924e-05,ok,/home/elads/STAR/full_grid_solar_opacity/runs/T1091p95_rho6p47178em06/fac-opacity-cowan-state/starout.h5
1091.946844630449,9.300449458481393e-06,fac-opacity-cowan-state,T1091p95_rho9p30045em06,0.33135003688951825,1.4159738770504728e-05,0.3313682337846832,1.7999800648184523e-05,ok,/home/elads/STAR/full_grid_solar_opacity/runs/T1091p95_rho9p30045em06/fac-opacity-cowan-state/starout.h5
1091.946844630449,1.3365470508911143e-05,fac-opacity-cowan-state,T1091p95_rho1p33655em05,0.331349966154507,2.0025657889549515e-05,0.3313754524612186,2.5210462490726906e-05,ok,/home/elads/STAR/full_grid_solar_opacity/runs/T1091p95_rho1p33655em05/fac-opacity-cowan-state/starout.h5
1091.946844630449,1.920722248123928e-05,fac-opacity-cowan-state,T1091p95_rho1p92072em05,0.33134987194864596,2.857095860191005e-05,0.33138548774986987,3.523248781683616e-05,ok,/home/elads/STAR/full_grid_solar_opacity/runs/T1091p95_rho1p92072em05/fac-opacity-cowan-state/starout.h5
1091.946844630449,2.760227522090268e-05,fac-opacity-cowan-state,T1091p95_rho2p76023em05,0.33134975703331276,4.0934723648853966e-05,0.3313992625426195,4.897593028410871e-05,ok,/home/elads/STAR/full_grid_solar_opacity/runs/T1091p95_rho2p76023em05/fac-opacity-cowan-state/starout.h5
1091.946844630449,3.966662010161191e-05,fac-opacity-cowan-state,T1091p95_rho3p96666em05,0.33134960041898487,5.8594547928254745e-05,0.3314178898151835,6.755874034642534e-05,ok,/home/elads/STAR/full_grid_solar_opacity/runs/T1091p95_rho3p96666em05/fac-opacity-cowan-state/starout.h5
1091.946844630449,5.7004023678963655e-05,fac-opacity-cowan-state,T1091p95_rho5p7004em05,0.3313493958775145,8.342274470836748e-05,0.33144266374746995,9.22526863571669e-05,ok,/home/elads/STAR/full_grid_solar_opacity/runs/T1091p95_rho5p7004em05/fac-opacity-cowan-state/starout.h5
1091.946844630449,8.191922344953684e-05,fac-opacity-cowan-state,T1091p95_rho8p19192em05,0.33134916091962446,0.0001193652061025373,0.33147528483655514,0.0001247336053363884,ok,/home/elads/STAR/full_grid_solar_opacity/runs/T1091p95_rho8p19192em05/fac-opacity-cowan-state/starout.h5
1091.946844630449,0.00011772430676769293,fac-opacity-cowan-state,T1091p95_rho0p000117724,0.33134892825916246,0.00016878249288832035,0.33151479140336076,0.00016405547033922636,ok,/home/elads/STAR/full_grid_solar_opacity/runs/T1091p95_rho0p000117724/fac-opacity-cowan-state/starout.h5
1091.946844630449,0.00016917900122028344,fac-opacity-cowan-state,T1091p95_rho0p000169179,0.33134846431375026,0.00023854930199062812,0.33156178608508996,0.00021110106925408808,ok,/home/elads/STAR/full_grid_solar_opacity/runs/T1091p95_rho0p000169179/fac-opacity-cowan-state/starout.h5
1091.946844630449,0.0002431234061999784,fac-opacity-cowan-state,T1091p95_rho0p000243123,0.3313478362653142,0.0003355189660766938,0.3316202993871385,0.00026968106030258077,ok,/home/elads/STAR/full_grid_solar_opacity/runs/T1091p95_rho0p000243123/fac-opacity-cowan-state/starout.h5
1091.946844630449,0.0003493872774749123,fac-opacity-cowan-state,T1091p95_rho0p000349387,0.33134695771308603,0.0004729303034262451,0.331697687174245,0.00034705238155974814,ok,/home/elads/STAR/full_grid_solar_opacity/runs/T1091p95_rho0p000349387/fac-opacity-cowan-state/starout.h5
1091.946844630449,0.0005020967399614471,fac-opacity-cowan-state,T1091p95_rho0p000502097,0.33134580994990825,0.0006596873628566318,0.33178929156775666,0.00043882867632745936,ok,/home/elads/STAR/full_grid_solar_opacity/runs/T1091p95_rho0p000502097/fac-opacity-cowan-state/starout.h5
1091.946844630449,0.0007215521357901021,fac-opacity-cowan-state,T1091p95_rho0p000721552,0.33134414823018565,0.0009074329302987214,0.3318859840831604,0.0005366575647251459,ok,/home/elads/STAR/full_grid_solar_opacity/runs/T1091p95_rho0p000721552/fac-opacity-cowan-state/starout.h5
1091.946844630449,0.0010369266382873438,fac-opacity-cowan-state,T1091p95_rho0p00103693,0.3313418861450872,0.0012482721167972784,0.3320368597353888,0.000688019801582628,ok,/home/elads/STAR/full_grid_solar_opacity/runs/T1091p95_rho0p00103693/fac-opacity-cowan-state/starout.h5
1091.946844630449,0.0014901443705277455,fac-opacity-cowan-state,T1091p95_rho0p00149014,0.33133869278730177,0.0016883362575016536,0.33220828245187434,0.0008613291549678578,ok,/home/elads/STAR/full_grid_solar_opacity/runs/T1091p95_rho0p00149014/fac-opacity-cowan-state/starout.h5
1091.946844630449,0.002141453563853953,fac-opacity-cowan-state,T1091p95_rho0p00214145,0.3313342945419162,0.002254111810874216,0.33243919091600316,0.0010946564049215295,ok,/home/elads/STAR/full_grid_solar_opacity/runs/T1091p95_rho0p00214145/fac-opacity-cowan-state/starout.h5
1091.946844630449,0.003077435620898055,fac-opacity-cowan-state,T1091p95_rho0p00307744,0.33132796375672763,0.0029685880900482773,0.3327497520341177,0.0014087629244227272,ok,/home/elads/STAR/full_grid_solar_opacity/runs/T1091p95_rho0p00307744/fac-opacity-cowan-state/starout.h5
1091.946844630449,0.004422514763163053,fac-opacity-cowan-state,T1091p95_rho0p00442251,0.3313190931550582,0.0038603952837155805,0.33318869386618344,0.0018516083856636469,ok,/home/elads/STAR/full_grid_solar_opacity/runs/T1091p95_rho0p00442251/fac-opacity-cowan-state/starout.h5
1091.946844630449,0.006355498291362301,fac-opacity-cowan-state,T1091p95_rho0p0063555,0.33130675463272236,0.004939649034117293,0.3336719561329034,0.0023446475785297172,ok,/home/elads/STAR/full_grid_solar_opacity/runs/T1091p95_rho0p0063555/fac-opacity-cowan-state/starout.h5
1091.946844630449,0.009133346228248624,fac-opacity-cowan-state,T1091p95_rho0p00913335,0.33128961275605673,0.006320648571140723,0.33436168409663225,0.003045890399083502,ok,/home/elads/STAR/full_grid_solar_opacity/runs/T1091p95_rho0p00913335/fac-opacity-cowan-state/starout.h5
1091.946844630449,0.01312533014735226,fac-opacity-cowan-state,T1091p95_rho0p0131253,0.3312657644459004,0.008118301986590184,0.33527788371915834,0.003977696880704212,ok,/home/elads/STAR/full_grid_solar_opacity/runs/T1091p95_rho0p0131253/fac-opacity-cowan-state/starout.h5
1091.946844630449,0.018862122071335155,fac-opacity-cowan-state,T1091p95_rho0p0188621,0.3312326384232677,0.010461891270339724,0.3363572805146512,0.005081355694483778,ok,/home/elads/STAR/full_grid_solar_opacity/runs/T1091p95_rho0p0188621/fac-opacity-cowan-state/starout.h5
1091.946844630449,0.02710633904364831,fac-opacity-cowan-state,T1091p95_rho0p0271063,0.3311864413554899,0.01368672559537846,0.33767280020832424,0.006434529077724427,ok,/home/elads/STAR/full_grid_solar_opacity/runs/T1091p95_rho0p0271063/fac-opacity-cowan-state/starout.h5
1091.946844630449,0.038953921174427183,fac-opacity-cowan-state,T1091p95_rho0p0389539,0.33112204134320095,0.018243529773376708,0.33932052655557776,0.008135179393855621,ok,/home/elads/STAR/full_grid_solar_opacity/runs/T1091p95_rho0p0389539/fac-opacity-cowan-state/starout.h5
1091.946844630449,0.0559798197912329,fac-opacity-cowan-state,T1091p95_rho0p0559798,0.3310323766515108,0.024683956148688124,0.34123962411065495,0.010133260743246856,ok,/home/elads/STAR/full_grid_solar_opacity/runs/T1091p95_rho0p0559798/fac-opacity-cowan-state/starout.h5
1091.946844630449,0.08044736266284185,fac-opacity-cowan-state,T1091p95_rho0p0804474,0.33090646520381756,0.03371455706130163,0.3432663827867056,0.01227885754356566,ok,/home/elads/STAR/full_grid_solar_opacity/runs/T1091p95_rho0p0804474/fac-opacity-cowan-state/starout.h5
1091.946844630449,0.11560912813835741,fac-opacity-cowan-state,T1091p95_rho0p115609,0.33073083435861966,0.046600908496144816,0.34565703078071597,0.014831903169267874,ok,/home/elads/STAR/full_grid_solar_opacity/runs/T1091p95_rho0p115609/fac-opacity-cowan-state/starout.h5
1091.946844630449,0.1661393247274789,fac-opacity-cowan-state,T1091p95_rho0p166139,0.33048641380133875,0.0646587044706601,0.34799104241759066,0.01740348696251911,ok,/home/elads/STAR/full_grid_solar_opacity/runs/T1091p95_rho0p166139/fac-opacity-cowan-state/starout.h5
1091.946844630449,0.23875515424585794,fac-opacity-cowan-state,T1091p95_rho0p238755,0.3301472129853619,0.09151923958528932,0.3523486995143289,0.022045991396223267,ok,/home/elads/STAR/full_grid_solar_opacity/runs/T1091p95_rho0p238755/fac-opacity-cowan-state/starout.h5
1091.946844630449,0.34310975906798746,fac-opacity-cowan-state,T1091p95_rho0p34311,0.32966701978056095,0.12961865030910277,0.3575695141199761,0.02766403904893159,ok,/home/elads/STAR/full_grid_solar_opacity/runs/T1091p95_rho0p34311/fac-opacity-cowan-state/starout.h5
1091.946844630449,0.49307545690287347,fac-opacity-cowan-state,T1091p95_rho0p493075,0.3290163280429529,0.18342016243343182,0.36355932366390636,0.034185882400510806,ok,/home/elads/STAR/full_grid_solar_opacity/runs/T1091p95_rho0p493075/fac-opacity-cowan-state/starout.h5
1091.946844630449,0.7085878491488851,fac-opacity-cowan-state,T1091p95_rho0p708588,0.3281280897264323,0.2599720749576707,0.3706794298983719,0.04200804350537885,ok,/home/elads/STAR/full_grid_solar_opacity/runs/T1091p95_rho0p708588/fac-opacity-cowan-state/starout.h5
1091.946844630449,1.0182959482819007,fac-opacity-cowan-state,T1091p95_rho1p0183,0.32692665131187126,0.3691513478908789,0.37931043292996364,0.051551388784566686,ok,/home/elads/STAR/full_grid_solar_opacity/runs/T1091p95_rho1p0183/fac-opacity-cowan-state/starout.h5
1091.946844630449,1.4633706173946401,fac-opacity-cowan-state,T1091p95_rho1p46337,0.3253188755491312,0.525014101464772,0.39011836253300985,0.0635445214333489,ok,/home/elads/STAR/full_grid_solar_opacity/runs/T1091p95_rho1p46337/fac-opacity-cowan-state/starout.h5
1091.946844630449,2.1029775945461404,fac-opacity-cowan-state,T1091p95_rho2p10298,0.32319478640942506,0.7475228983312401,0.4031502780827725,0.0780872434064441,ok,/home/elads/STAR/full_grid_solar_opacity/runs/T1091p95_rho2p10298/fac-opacity-cowan-state/starout.h5
1091.946844630449,3.0221426551783854,fac-opacity-cowan-state,T1091p95_rho3p02214,0.3204312983258283,1.0652192806476288,0.4197282516659282,0.09656998585448934,ok,/home/elads/STAR/full_grid_solar_opacity/runs/T1091p95_rho3p02214/fac-opacity-cowan-state/starout.h5
1091.946844630449,4.343054463316713,fac-opacity-cowan-state,T1091p95_rho4p34305,0.31690215391331655,1.5179966290330256,0.440545548325846,0.11975837785987653,ok,/home/elads/STAR/full_grid_solar_opacity/runs/T1091p95_rho4p34305/fac-opacity-cowan-state/starout.h5
1091.946844630449,6.241307649397467,fac-opacity-cowan-state,T1091p95_rho6p24131,0.3124910695189737,2.1607993553082814,0.4661145640157479,0.14824255913879558,ok,/home/elads/STAR/full_grid_solar_opacity/runs/T1091p95_rho6p24131/fac-opacity-cowan-state/starout.h5
1091.946844630449,8.969245378672715,fac-opacity-cowan-state,T1091p95_rho8p96925,0.3071242584380947,3.071508919856845,0.4987736103010018,0.18442717158041716,ok,/home/elads/STAR/full_grid_solar_opacity/runs/T1091p95_rho8p96925/fac-opacity-cowan-state/starout.h5
1091.946844630449,12.889504440725364,fac-opacity-cowan-state,T1091p95_rho12p8895,0.30079785552139066,4.355480367000731,0.5408474234584717,0.230694010561861,ok,/home/elads/STAR/full_grid_solar_opacity/runs/T1091p95_rho12p8895/fac-opacity-cowan-state/starout.h5
1091.946844630449,18.52322215674118,fac-opacity-cowan-state,T1091p95_rho18p5232,0.2936223809691418,6.153914573796748,0.5941353000261006,0.2888466131310791,ok,/home/elads/STAR/full_grid_solar_opacity/runs/T1091p95_rho18p5232/fac-opacity-cowan-state/starout.h5
1091.946844630449,26.61931346126126,fac-opacity-cowan-state,T1091p95_rho26p6193,0.28586326619984537,8.652877830683638,0.6618282859973013,0.36201351249123537,ok,/home/elads/STAR/full_grid_solar_opacity/runs/T1091p95_rho26p6193/fac-opacity-cowan-state/starout.h5
1091.946844630449,38.254027466328665,fac-opacity-cowan-state,T1091p95_rho38p254,0.2779712370042186,12.088575774841901,0.7494208984301761,0.45554467454682945,ok,/home/elads/STAR/full_grid_solar_opacity/runs/T1091p95_rho38p254/fac-opacity-cowan-state/starout.h5
1091.946844630449,54.97401800103719,fac-opacity-cowan-state,T1091p95_rho54p974,0.27059349128083043,16.747754845030236,0.8631760786926025,0.5754020887561849,ok,/home/elads/STAR/full_grid_solar_opacity/runs/T1091p95_rho54p974/fac-opacity-cowan-state/starout.h5
1091.946844630449,79.0019471240894,fac-opacity-cowan-state,T1091p95_rho79p0019,0.26458220320281955,22.958303040411316,1.0124834838583558,0.7304579786628043,ok,/home/elads/STAR/full_grid_solar_opacity/runs/T1091p95_rho79p0019/fac-opacity-cowan-state/starout.h5
1091.946844630449,113.53195339077567,fac-opacity-cowan-state,T1091p95_rho113p532,0.2607312891367339,31.031460230080103,1.204132800328619,0.9269388344335745,ok,/home/elads/STAR/full_grid_solar_opacity/runs/T1091p95_rho113p532/fac-opacity-cowan-state/starout.h5
1091.946844630449,163.15426277379785,fac-opacity-cowan-state,T1091p95_rho163p154,0.2601249953308917,41.18705201551762,1.4577283723862908,1.1834485972727131,ok,/home/elads/STAR/full_grid_solar_opacity/runs/T1091p95_rho163p154/fac-opacity-cowan-state/starout.h5
1091.946844630449,234.46538763970608,fac-opacity-cowan-state,T1091p95_rho234p465,0.26332829858306056,53.410902591743614,1.7946595528868377,1.5206622634179858,ok,/home/elads/STAR/full_grid_solar_opacity/runs/T1091p95_rho234p465/fac-opacity-cowan-state/starout.h5
1091.946844630449,336.94503022121665,fac-opacity-cowan-state,T1091p95_rho336p945,0.2708210425441797,67.2408971316646,2.2380427040250033,1.960730972553286,ok,/home/elads/STAR/full_grid_solar_opacity/runs/T1091p95_rho336p945/fac-opacity-cowan-state/starout.h5
1091.946844630449,484.21626123015125,fac-opacity-cowan-state,T1091p95_rho484p216,0.281905844115261,81.43749726211432,2.815906718293586,2.5317949927391417,ok,/home/elads/STAR/full_grid_solar_opacity/runs/T1091p95_rho484p216/fac-opacity-cowan-state/starout.h5
1091.946844630449,695.8564947100452,fac-opacity-cowan-state,T1091p95_rho695p856,0.29585899790870346,94.31749007357197,3.5425714527815364,3.248232679821651,ok,/home/elads/STAR/full_grid_solar_opacity/runs/T1091p95_rho695p856/fac-opacity-cowan-state/starout.h5
1091.946844630449,1000.0,fac-opacity-cowan-state,T1091p95_rho1000,0.31113415223311564,103.82314310568012,4.418071641878368,4.111228332132447,ok,/home/elads/STAR/full_grid_solar_opacity/runs/T1091p95_rho1000/fac-opacity-cowan-state/starout.h5
1202.103582220124,1e-17,fac-opacity-cowan-state,T1202p1_rho1em17,0.3310822253751275,2.743129709187893e-18,0.3310822253751275,9.756719971113261e-19,ok,/home/elads/STAR/full_grid_solar_opacity/runs/T1202p1_rho1em17/fac-opacity-cowan-state/starout.h5
1202.103582220124,1.4370779141993746e-17,fac-opacity-cowan-state,T1202p1_rho1p43708em17,0.3310822253751275,3.8531514432899045e-18,0.3310822253751275,1.3685764247937764e-18,ok,/home/elads/STAR/full_grid_solar_opacity/runs/T1202p1_rho1p43708em17/fac-opacity-cowan-state/starout.h5
1202.103582220124,2.065192931479625e-17,fac-opacity-cowan-state,T1202p1_rho2p06519em17,0.3310822253751276,5.448351360675351e-18,0.3310822253751277,1.933215282153968e-18,ok,/home/elads/STAR/full_grid_solar_opacity/runs/T1202p1_rho2p06519em17/fac-opacity-cowan-state/starout.h5
1202.103582220124,2.9678431503900313e-17,fac-opacity-cowan-state,T1202p1_rho2p96784em17,0.33108222537517784,7.746718435413394e-18,0.33108222537517784,2.746754633820963e-18,ok,/home/elads/STAR/full_grid_solar_opacity/runs/T1202p1_rho2p96784em17/fac-opacity-cowan-state/starout.h5
1202.103582220124,4.2650218442334076e-17,fac-opacity-cowan-state,T1202p1_rho4p26502em17,0.33108222537513127,1.105779624802863e-17,0.33108222537513127,3.91876610104889e-18,ok,/home/elads/STAR/full_grid_solar_opacity/runs/T1202p1_rho4p26502em17/fac-opacity-cowan-state/starout.h5
1202.103582220124,6.129168695925715e-17,fac-opacity-cowan-state,T1202p1_rho6p12917em17,0.3310822253751322,1.5853340561799075e-17,0.33108222537513216,5.6172635681022805e-18,ok,/home/elads/STAR/full_grid_solar_opacity/runs/T1202p1_rho6p12917em17/fac-opacity-cowan-state/starout.h5
1202.103582220124,8.808092965317026e-17,fac-opacity-cowan-state,T1202p1_rho8p80809em17,0.3310822253751308,2.278132948259905e-17,0.3310822253751308,8.072042492341496e-18,ok,/home/elads/STAR/full_grid_solar_opacity/runs/T1202p1_rho8p80809em17/fac-opacity-cowan-state/starout.h5
1202.103582220124,1.2657915866672028e-16,fac-opacity-cowan-state,T1202p1_rho1p26579em16,0.3310822253751328,3.2736727605793144e-17,0.3310822253751328,1.1599524670156747e-17,ok,/home/elads/STAR/full_grid_solar_opacity/runs/T1202p1_rho1p26579em16/fac-opacity-cowan-state/starout.h5
1202.103582220124,1.819041133178821e-16,fac-opacity-cowan-state,T1202p1_rho1p81904em16,0.33108222537525883,4.704233580636864e-17,0.33108222537525883,1.6668418996458645e-17,ok,/home/elads/STAR/full_grid_solar_opacity/runs/T1202p1_rho1p81904em16/fac-opacity-cowan-state/starout.h5
1202.103582220124,2.6141038375114865e-16,fac-opacity-cowan-state,T1202p1_rho2p6141em16,0.3310822253751795,6.759891546660778e-17,0.3310822253751795,2.3952229792052693e-17,ok,/home/elads/STAR/full_grid_solar_opacity/runs/T1202p1_rho2p6141em16/fac-opacity-cowan-state/starout.h5
1202.103582220124,3.7566708903116036e-16,fac-opacity-cowan-state,T1202p1_rho3p75667em16,0.3310822253751644,9.713768023255643e-17,0.3310822253751645,3.441872281774417e-17,ok,/home/elads/STAR/full_grid_solar_opacity/runs/T1202p1_rho3p75667em16/fac-opacity-cowan-state/starout.h5
1202.103582220124,5.398628767382507e-16,fac-opacity-cowan-state,T1202p1_rho5p39863em16,0.3310822253754159,1.3958302250685803e-16,0.3310822253754159,4.9458454322709364e-17,ok,/home/elads/STAR/full_grid_solar_opacity/runs/T1202p1_rho5p39863em16/fac-opacity-cowan-state/starout.h5
1202.103582220124,7.758250168566793e-16,fac-opacity-cowan-state,T1202p1_rho7p75825em16,0.33108222544583343,2.0057387619240548e-16,0.3310822254458335,7.106951581621565e-17,ok,/home/elads/STAR/full_grid_solar_opacity/runs/T1202p1_rho7p75825em16/fac-opacity-cowan-state/starout.h5
1202.103582220124,1.1149209970080914e-15,fac-opacity-cowan-state,T1202p1_rho1p11492em15,0.33108222537544607,2.8821241376955987e-16,0.33108222537544624,1.0212283206540037e-16,ok,/home/elads/STAR/full_grid_solar_opacity/runs/T1202p1_rho1p11492em15/fac-opacity-cowan-state/starout.h5
1202.103582220124,1.6022283408774753e-15,fac-opacity-cowan-state,T1202p1_rho1p60223em15,0.3310822253751652,4.1414041866070206e-16,0.33108222537516535,1.4674359413638073e-16,ok,/home/elads/STAR/full_grid_solar_opacity/runs/T1202p1_rho1p60223em15/fac-opacity-cowan-state/starout.h5
1202.103582220124,2.3025269621793266e-15,fac-opacity-cowan-state,T1202p1_rho2p30253em15,0.3310822253753007,5.950854782940792e-16,0.33108222537530096,2.108591319559369e-16,ok,/home/elads/STAR/full_grid_solar_opacity/runs/T1202p1_rho2p30253em15/fac-opacity-cowan-state/starout.h5
1202.103582220124,3.308910644196489e-15,fac-opacity-cowan-state,T1202p1_rho3p30891em15,0.3310822253739182,8.550826600104559e-16,0.33108222537391857,3.029862337769448e-16,ok,/home/elads/STAR/full_grid_solar_opacity/runs/T1202p1_rho3p30891em15/fac-opacity-cowan-state/starout.h5
1202.103582220124,4.755162406834019e-15,fac-opacity-cowan-state,T1202p1_rho4p75516em15,0.33108222537505805,1.2286671905937877e-15,0.33108222537505844,4.353625098106942e-16,ok,/home/elads/STAR/full_grid_solar_opacity/runs/T1202p1_rho4p75516em15/fac-opacity-cowan-state/starout.h5
1202.103582220124,6.8335388732923106e-15,fac-opacity-cowan-state,T1202p1_rho6p83354em15,0.3310822253750991,1.7654620723196979e-15,0.3310822253750997,6.255721207244642e-16,ok,/home/elads/STAR/full_grid_solar_opacity/runs/T1202p1_rho6p83354em15/fac-opacity-cowan-state/starout.h5
1202.103582220124,9.820327790631256e-15,fac-opacity-cowan-state,T1202p1_rho9p82033em15,0.3310822253788922,2.536770731126299e-15,0.3310822253788931,8.98881880276899e-16,ok,/home/elads/STAR/full_grid_solar_opacity/runs/T1202p1_rho9p82033em15/fac-opacity-cowan-state/starout.h5
1202.103582220124,1.4112576178114521e-14,fac-opacity-cowan-state,T1202p1_rho1p41126em14,0.33108222537593546,3.645056403796037e-15,0.3310822253759366,1.2916014894289296e-15,ok,/home/elads/STAR/full_grid_solar_opacity/runs/T1202p1_rho1p41126em14/fac-opacity-cowan-state/starout.h5
1202.103582220124,2.0280871538024598e-14,fac-opacity-cowan-state,T1202p1_rho2p02809em14,0.33108222537547505,5.237559802277086e-15,0.3310822253754768,1.8559083969437617e-15,ok,/home/elads/STAR/full_grid_solar_opacity/runs/T1202p1_rho2p02809em14/fac-opacity-cowan-state/starout.h5
1202.103582220124,2.914519256800997e-14,fac-opacity-cowan-state,T1202p1_rho2p91452em14,0.33108222527098063,7.525884183470977e-15,0.3310822252709831,2.666789722398091e-15,ok,/home/elads/STAR/full_grid_solar_opacity/runs/T1202p1_rho2p91452em14/fac-opacity-cowan-state/starout.h5
1202.103582220124,4.188391254457488e-14,fac-opacity-cowan-state,T1202p1_rho4p18839em14,0.33108222537518844,1.0814153558196975e-14,0.33108222537519216,3.832021863418089e-15,ok,/home/elads/STAR/full_grid_solar_opacity/runs/T1202p1_rho4p18839em14/fac-opacity-cowan-state/starout.h5
1202.103582220124,6.019044567806669e-14,fac-opacity-cowan-state,T1202p1_rho6p01904em14,0.33108222537311094,1.5539502545827114e-14,0.33108222537311627,5.506521300517741e-15,ok,/home/elads/STAR/full_grid_solar_opacity/runs/T1202p1_rho6p01904em14/fac-opacity-cowan-state/starout.h5
1202.103582220124,8.649836012976684e-14,fac-opacity-cowan-state,T1202p1_rho8p64984em14,0.3310822253752551,2.2330321304885428e-14,0.33108222537526283,7.912989580946771e-15,ok,/home/elads/STAR/full_grid_solar_opacity/runs/T1202p1_rho8p64984em14/fac-opacity-cowan-state/starout.h5
1202.103582220124,1.2430488295695167e-13,fac-opacity-cowan-state,T1202p1_rho1p24305em13,0.3310822253759584,3.209003090139681e-14,0.3310822253759695,1.1371608890303278e-14,ok,/home/elads/STAR/full_grid_solar_opacity/runs/T1202p1_rho1p24305em13/fac-opacity-cowan-state/starout.h5
1202.103582220124,1.7863580192457348e-13,fac-opacity-cowan-state,T1202p1_rho1p78636em13,0.33108222537530885,4.611763292935684e-14,0.3310822253753246,1.6342772826642167e-14,ok,/home/elads/STAR/full_grid_solar_opacity/runs/T1202p1_rho1p78636em13/fac-opacity-cowan-state/starout.h5
1202.103582220124,2.567135656310987e-13,fac-opacity-cowan-state,T1202p1_rho2p56714em13,0.3310822253755217,6.628113489765365e-14,0.3310822253755444,2.348856924654118e-14,ok,/home/elads/STAR/full_grid_solar_opacity/runs/T1202p1_rho2p56714em13/fac-opacity-cowan-state/starout.h5
1202.103582220124,3.6891739544382357e-13,fac-opacity-cowan-state,T1202p1_rho3p68917em13,0.3310822253771138,9.526703770609992e-14,0.33108222537714677,3.3761215534869834e-14,ok,/home/elads/STAR/full_grid_solar_opacity/runs/T1202p1_rho3p68917em13/fac-opacity-cowan-state/starout.h5
1202.103582220124,5.301630411562758e-13,fac-opacity-cowan-state,T1202p1_rho5p30163em13,0.33108222537505766,1.3693969794263112e-13,0.3310822253751048,4.853051350044605e-14,ok,/home/elads/STAR/full_grid_solar_opacity/runs/T1202p1_rho5p30163em13/fac-opacity-cowan-state/starout.h5
1202.103582220124,7.618855973704612e-13,fac-opacity-cowan-state,T1202p1_rho7p61886em13,0.33108222537969556,1.9685793759678104e-13,0.3310822253797634,6.976696929821306e-14,ok,/home/elads/STAR/full_grid_solar_opacity/runs/T1202p1_rho7p61886em13/fac-opacity-cowan-state/starout.h5
1202.103582220124,1.0948889651276868e-12,fac-opacity-cowan-state,T1202p1_rho1p09489em12,0.33108222537274357,2.830210513251503e-13,0.3310822253728413,1.0030644347937191e-13,ok,/home/elads/STAR/full_grid_solar_opacity/runs/T1202p1_rho1p09489em12/fac-opacity-cowan-state/starout.h5
1202.103582220124,1.5734407502856082e-12,fac-opacity-cowan-state,T1202p1_rho1p57344em12,0.3310822253750386,4.0693495893339193e-13,0.3310822253751791,1.4422810075105137e-13,ok,/home/elads/STAR/full_grid_solar_opacity/runs/T1202p1_rho1p57344em12/fac-opacity-cowan-state/starout.h5
1202.103582220124,2.26115695153675e-12,fac-opacity-cowan-state,T1202p1_rho2p26116em12,0.3310822253751143,5.851648992864199e-13,0.3310822253753163,2.0740539390762386e-13,ok,/home/elads/STAR/full_grid_solar_opacity/runs/T1202p1_rho2p26116em12/fac-opacity-cowan-state/starout.h5
1202.103582220124,3.249458715591849e-12,fac-opacity-cowan-state,T1202p1_rho3p24946em12,0.3310822253737983,8.415647419951009e-13,0.33108222537408893,2.982968970642226e-13,ok,/home/elads/STAR/full_grid_solar_opacity/runs/T1202p1_rho3p24946em12/fac-opacity-cowan-state/starout.h5
1202.103582220124,4.669725353279713e-12,fac-opacity-cowan-state,T1202p1_rho4p66973em12,0.3310822253739779,1.2105171302524387e-12,0.3310822253743954,4.2909678270554376e-13,ok,/home/elads/STAR/full_grid_solar_opacity/runs/T1202p1_rho4p66973em12/fac-opacity-cowan-state/starout.h5
1202.103582220124,6.710759170575148e-12,fac-opacity-cowan-state,T1202p1_rho6p71076em12,0.33108222537336185,1.7416696994542187e-12,0.3310822253739626,6.174170032821646e-13,ok,/home/elads/STAR/full_grid_solar_opacity/runs/T1202p1_rho6p71076em12/fac-opacity-cowan-state/starout.h5
1202.103582220124,9.64388379154446e-12,fac-opacity-cowan-state,T1202p1_rho9p64388em12,0.3310822253726714,2.5069685325898088e-12,0.3310822253735355,8.887898918497574e-13,ok,/home/elads/STAR/full_grid_solar_opacity/runs/T1202p1_rho9p64388em12/fac-opacity-cowan-state/starout.h5
1202.103582220124,1.3859012403933867e-11,fac-opacity-cowan-state,T1202p1_rho1p3859em11,0.33108222537010684,3.6113574917822387e-12,0.33108222537135135,1.280483831306708e-12,ok,/home/elads/STAR/full_grid_solar_opacity/runs/T1202p1_rho1p3859em11/fac-opacity-cowan-state/starout.h5
1202.103582220124,1.9916480638308542e-11,fac-opacity-cowan-state,T1202p1_rho1p99165em11,0.3310822253744055,5.210063730743736e-12,0.3310822253762034,1.84769670152529e-12,ok,/home/elads/STAR/full_grid_solar_opacity/runs/T1202p1_rho1p99165em11/fac-opacity-cowan-state/starout.h5
1202.103582220124,2.8621534453892672e-11,fac-opacity-cowan-state,T1202p1_rho2p86215em11,0.331082225437523,7.554022651790206e-12,0.33108222544013083,2.6800901368171004e-12,ok,/home/elads/STAR/full_grid_solar_opacity/runs/T1202p1_rho2p86215em11/fac-opacity-cowan-state/starout.h5
1202.103582220124,4.1131375034185614e-11,fac-opacity-cowan-state,T1202p1_rho4p11314em11,0.33108222536606874,1.0929959930044162e-11,0.33108222536984416,3.879136380437552e-12,ok,/home/elads/STAR/full_grid_solar_opacity/runs/T1202p1_rho4p11314em11/fac-opacity-cowan-state/starout.h5
1202.103582220124,5.910899064227969e-11,fac-opacity-cowan-state,T1202p1_rho5p9109em11,0.33035204715426,1.5821344413387256e-11,0.33035204715972094,5.612815415436516e-12,ok,/home/elads/STAR/full_grid_solar_opacity/runs/T1202p1_rho5p9109em11/fac-opacity-cowan-state/starout.h5
1202.103582220124,8.4944224982638e-11,fac-opacity-cowan-state,T1202p1_rho8p49442em11,0.3303520470035767,2.279618000060755e-11,0.33035204701145143,8.092852038957252e-12,ok,/home/elads/STAR/full_grid_solar_opacity/runs/T1202p1_rho8p49442em11/fac-opacity-cowan-state/starout.h5
1202.103582220124,1.2207146966133182e-10,fac-opacity-cowan-state,T1202p1_rho1p22071em10,0.33035204701341137,3.2791058063640014e-11,0.330352047024733,1.16368919766386e-11,ok,/home/elads/STAR/full_grid_solar_opacity/runs/T1202p1_rho1p22071em10/fac-opacity-cowan-state/starout.h5
1202.103582220124,1.7542621300415897e-10,fac-opacity-cowan-state,T1202p1_rho1p75426em10,0.3303520470221973,4.690756836499783e-11,0.33035204703839804,1.665032554283361e-11,ok,/home/elads/STAR/full_grid_solar_opacity/runs/T1202p1_rho1p75426em10/fac-opacity-cowan-state/starout.h5
1202.103582220124,2.52101136279913e-10,fac-opacity-cowan-state,T1202p1_rho2p52101em10,0.33035204700203846,6.733742445041464e-11,0.3303520470252928,2.3900269347638045e-11,ok,/home/elads/STAR/full_grid_solar_opacity/runs/T1202p1_rho2p52101em10/fac-opacity-cowan-state/starout.h5
1202.103582220124,3.6228897509242966e-10,fac-opacity-cowan-state,T1202p1_rho3p62289em10,0.3303520469716802,9.734246007836437e-11,0.3303520470053122,3.4569569309421435e-11,ok,/home/elads/STAR/full_grid_solar_opacity/runs/T1202p1_rho3p62289em10/fac-opacity-cowan-state/starout.h5
1202.103582220124,5.20637484663258e-10,fac-opacity-cowan-state,T1202p1_rho5p20637em10,0.33035204693538306,1.413448525163857e-10,0.33035204698422754,5.020150067991713e-11,ok,/home/elads/STAR/full_grid_solar_opacity/runs/T1202p1_rho5p20637em10/fac-opacity-cowan-state/starout.h5
1202.103582220124,7.481966305138837e-10,fac-opacity-cowan-state,T1202p1_rho7p48197em10,0.3303520468791091,2.0526727219334663e-10,0.33035204695008424,7.294781317090743e-11,ok,/home/elads/STAR/full_grid_solar_opacity/runs/T1202p1_rho7p48197em10/fac-opacity-cowan-state/starout.h5
1202.103582220124,1.0752168531898921e-09,fac-opacity-cowan-state,T1202p1_rho1p07522em09,0.33035204679417085,2.973369889058808e-10,0.3303520468969849,1.0567078106683223e-10,ok,/home/elads/STAR/full_grid_solar_opacity/runs/T1202p1_rho1p07522em09/fac-opacity-cowan-state/starout.h5
1202.103582220124,1.5451703926941453e-09,fac-opacity-cowan-state,T1202p1_rho1p54517em09,0.3303520466774953,4.2906402443010327e-10,0.33035204682585256,1.524786405888595e-10,ok,/home/elads/STAR/full_grid_solar_opacity/runs/T1202p1_rho1p54517em09/fac-opacity-cowan-state/starout.h5
1202.103582220124,2.220530245015531e-09,fac-opacity-cowan-state,T1202p1_rho2p22053em09,0.33035204651978706,6.207618240973096e-10,0.33035204673443336,2.2060897638917574e-10,ok,/home/elads/STAR/full_grid_solar_opacity/runs/T1202p1_rho2p22053em09/fac-opacity-cowan-state/starout.h5
1202.103582220124,3.1910749729235452e-09,fac-opacity-cowan-state,T1202p1_rho3p19107em09,0.3303520462757653,1.0592473236056988e-09,0.33035204690716147,6.345414297728259e-10,ok,/home/elads/STAR/full_grid_solar_opacity/runs/T1202p1_rho3p19107em09/fac-opacity-cowan-state/starout.h5
1202.103582220124,4.585823366142813e-09,fac-opacity-cowan-state,T1202p1_rho4p58582em09,0.3303520459456332,1.5111945350606698e-09,0.3303520468498644,9.086045562736421e-10,ok,/home/elads/STAR/full_grid_solar_opacity/runs/T1202p1_rho4p58582em09/fac-opacity-cowan-state/starout.h5
1202.103582220124,6.590185477903269e-09,fac-opacity-cowan-state,T1202p1_rho6p59019em09,0.3303520454800499,2.1486616935887613e-09,0.3303520467722631,1.2982095390685833e-09,ok,/home/elads/STAR/full_grid_solar_opacity/runs/T1202p1_rho6p59019em09/fac-opacity-cowan-state/starout.h5
1202.103582220124,9.470610000772238e-09,fac-opacity-cowan-state,T1202p1_rho9p47061em09,0.3303520448408,3.0454242625503665e-09,0.3303520466843401,1.8516450999025546e-09,ok,/home/elads/STAR/full_grid_solar_opacity/runs/T1202p1_rho9p47061em09/fac-opacity-cowan-state/starout.h5
1202.103582220124,1.3610004466105506e-08,fac-opacity-cowan-state,T1202p1_rho1p361em08,0.3303520439520547,1.0752892153202488e-08,0.3303520567268185,1.2674055524629653e-08,ok,/home/elads/STAR/full_grid_solar_opacity/runs/T1202p1_rho1p361em08/fac-opacity-cowan-state/starout.h5
1202.103582220124,1.9558636830395073e-08,fac-opacity-cowan-state,T1202p1_rho1p95586em08,0.33035204279057606,1.5540556920388456e-08,0.33035206118907473,1.8254407167683777e-08,ok,/home/elads/STAR/full_grid_solar_opacity/runs/T1202p1_rho1p95586em08/fac-opacity-cowan-state/starout.h5
1202.103582220124,2.810728502080722e-08,fac-opacity-cowan-state,T1202p1_rho2p81073em08,0.33035204121933553,2.211037630517963e-08,0.3303520675934916,2.6164329322428677e-08,ok,/home/elads/STAR/full_grid_solar_opacity/runs/T1202p1_rho2p81073em08/fac-opacity-cowan-state/starout.h5
1202.103582220124,4.039235853150913e-08,fac-opacity-cowan-state,T1202p1_rho4p03924em08,0.33035203916001793,3.187945402893856e-08,0.3303520771220604,3.76603833526555e-08,ok,/home/elads/STAR/full_grid_solar_opacity/runs/T1202p1_rho4p03924em08/fac-opacity-cowan-state/starout.h5
1202.103582220124,5.804696634805446e-08,fac-opacity-cowan-state,T1202p1_rho5p8047em08,0.33035203661022444,4.628183997429455e-08,0.33035209135181526,5.431145999540501e-08,ok,/home/elads/STAR/full_grid_solar_opacity/runs/T1202p1_rho5p8047em08/fac-opacity-cowan-state/starout.h5
1202.103582220124,8.341801332506338e-08,fac-opacity-cowan-state,T1202p1_rho8p3418em08,0.33035203334491553,6.681553933629715e-08,0.3303521121909799,7.822717264235033e-08,ok,/home/elads/STAR/full_grid_solar_opacity/runs/T1202p1_rho8p3418em08/fac-opacity-cowan-state/starout.h5
1202.103582220124,1.1987818459583772e-07,fac-opacity-cowan-state,T1202p1_rho1p19878em07,0.33035202928887736,9.498600572436105e-08,0.33035214229985316,1.1210766893519305e-07,ok,/home/elads/STAR/full_grid_solar_opacity/runs/T1202p1_rho1p19878em07/fac-opacity-cowan-state/starout.h5
1202.103582220124,1.7227429147699408e-07,fac-opacity-cowan-state,T1202p1_rho1p72274em07,0.33035202426344,1.35404170490545e-07,0.33035218642340936,1.608431804339099e-07,ok,/home/elads/STAR/full_grid_solar_opacity/runs/T1202p1_rho1p72274em07/fac-opacity-cowan-state/starout.h5
1202.103582220124,2.4757157946593376e-07,fac-opacity-cowan-state,T1202p1_rho2p47572em07,0.33035201810520826,1.957349826084409e-07,0.33035225159203857,2.3160231737453478e-07,ok,/home/elads/STAR/full_grid_solar_opacity/runs/T1202p1_rho2p47572em07/fac-opacity-cowan-state/starout.h5
1202.103582220124,3.557796490339488e-07,fac-opacity-cowan-state,T1202p1_rho3p5578em07,0.3303520106302924,2.8816205504178763e-07,0.330352349717843,3.364374261279522e-07,ok,/home/elads/STAR/full_grid_solar_opacity/runs/T1202p1_rho3p5578em07/fac-opacity-cowan-state/starout.h5
1202.103582220124,5.112830759482948e-07,fac-opacity-cowan-state,T1202p1_rho5p11283em07,0.3303520014513148,4.173270827346373e-07,0.33035249081564555,4.855540958674393e-07,ok,/home/elads/STAR/full_grid_solar_opacity/runs/T1202p1_rho5p11283em07/fac-opacity-cowan-state/starout.h5
1202.103582220124,7.347536163492159e-07,fac-opacity-cowan-state,T1202p1_rho7p34754em07,0.33035199026214224,5.961607655567175e-07,0.3303526936516659,6.978370671234379e-07,ok,/home/elads/STAR/full_grid_solar_opacity/runs/T1202p1_rho7p34754em07/fac-opacity-cowan-state/starout.h5
1202.103582220124,1.0558981944335787e-06,fac-opacity-cowan-state,T1202p1_rho1p0559em06,0.3303519765987155,8.70452564756612e-07,0.3303529947903072,1.0103048981356552e-06,ok,/home/elads/STAR/full_grid_solar_opacity/runs/T1202p1_rho1p0559em06/fac-opacity-cowan-state/starout.h5
1202.103582220124,1.517407974863493e-06,fac-opacity-cowan-state,T1202p1_rho1p51741em06,0.33035195987750865,1.2609099585002352e-06,0.3303534309308749,1.4597504485612392e-06,ok,/home/elads/STAR/full_grid_solar_opacity/runs/T1202p1_rho1p51741em06/fac-opacity-cowan-state/starout.h5
1202.103582220124,2.1806334875063253e-06,fac-opacity-cowan-state,T1202p1_rho2p18063em06,0.3303519394882878,1.8255539079879444e-06,0.33035405405372753,2.098504013175774e-06,ok,/home/elads/STAR/full_grid_solar_opacity/runs/T1202p1_rho2p18063em06/fac-opacity-cowan-state/starout.h5
1202.103582220124,3.1337402238588983e-06,fac-opacity-cowan-state,T1202p1_rho3p13374em06,0.33035191450848067,2.6402028313486916e-06,0.33035495796753245,3.0206738736685476e-06,ok,/home/elads/STAR/full_grid_solar_opacity/runs/T1202p1_rho3p13374em06/fac-opacity-cowan-state/starout.h5
1202.103582220124,4.503428864545845e-06,fac-opacity-cowan-state,T1202p1_rho4p50343em06,0.3303518837158742,3.760696968236419e-06,0.33035622273195386,4.306412005298896e-06,ok,/home/elads/STAR/full_grid_solar_opacity/runs/T1202p1_rho4p50343em06/fac-opacity-cowan-state/starout.h5
1202.103582220124,6.471778159406801e-06,fac-opacity-cowan-state,T1202p1_rho6p47178em06,0.3303518453054659,5.469020613755743e-06,0.33035805314696315,6.163220418586746e-06,ok,/home/elads/STAR/full_grid_solar_opacity/runs/T1202p1_rho6p47178em06/fac-opacity-cowan-state/starout.h5
1202.103582220124,9.300449458481393e-06,fac-opacity-cowan-state,T1202p1_rho9p30045em06,0.3303517971404453,7.90034181805752e-06,0.3303606436207278,8.785257630760595e-06,ok,/home/elads/STAR/full_grid_solar_opacity/runs/T1202p1_rho9p30045em06/fac-opacity-cowan-state/starout.h5
1202.103582220124,1.3365470508911143e-05,fac-opacity-cowan-state,T1202p1_rho1p33655em05,0.3303517391929013,1.1159519074184496e-05,0.33036423239983465,1.2406436467019087e-05,ok,/home/elads/STAR/full_grid_solar_opacity/runs/T1202p1_rho1p33655em05/fac-opacity-cowan-state/starout.h5
1202.103582220124,1.920722248123928e-05,fac-opacity-cowan-state,T1202p1_rho1p92072em05,0.330351662596387,1.5915707969475036e-05,0.33036931666630215,1.7532836246453517e-05,ok,/home/elads/STAR/full_grid_solar_opacity/runs/T1202p1_rho1p92072em05/fac-opacity-cowan-state/starout.h5
1202.103582220124,2.760227522090268e-05,fac-opacity-cowan-state,T1202p1_rho2p76023em05,0.3303515694617886,2.2821241102573023e-05,0.33037650543125163,2.4766743466258036e-05,ok,/home/elads/STAR/full_grid_solar_opacity/runs/T1202p1_rho2p76023em05/fac-opacity-cowan-state/starout.h5
1202.103582220124,3.966662010161191e-05,fac-opacity-cowan-state,T1202p1_rho3p96666em05,0.3303514435317675,3.2680249312200515e-05,0.3303865621782964,3.4879843670732575e-05,ok,/home/elads/STAR/full_grid_solar_opacity/runs/T1202p1_rho3p96666em05/fac-opacity-cowan-state/starout.h5
1202.103582220124,5.7004023678963655e-05,fac-opacity-cowan-state,T1202p1_rho5p7004em05,0.33035128043806855,4.656455890362692e-05,0.3304005238576117,4.889811855181298e-05,ok,/home/elads/STAR/full_grid_solar_opacity/runs/T1202p1_rho5p7004em05/fac-opacity-cowan-state/starout.h5
1202.103582220124,8.191922344953684e-05,fac-opacity-cowan-state,T1202p1_rho8p19192em05,0.33035110014843894,6.66952792020783e-05,0.33041974010141656,6.814866804178889e-05,ok,/home/elads/STAR/full_grid_solar_opacity/runs/T1202p1_rho8p19192em05/fac-opacity-cowan-state/starout.h5
1202.103582220124,0.00011772430676769293,fac-opacity-cowan-state,T1202p1_rho0p000117724,0.33035093987702163,9.436538064725366e-05,0.330444408670148,9.281121334843857e-05,ok,/home/elads/STAR/full_grid_solar_opacity/runs/T1202p1_rho0p000117724/fac-opacity-cowan-state/starout.h5
1202.103582220124,0.00016917900122028344,fac-opacity-cowan-state,T1202p1_rho0p000169179,0.33035057812685314,0.00013356343925133095,0.33047543515854505,0.00012403936759509452,ok,/home/elads/STAR/full_grid_solar_opacity/runs/T1202p1_rho0p000169179/fac-opacity-cowan-state/starout.h5
1202.103582220124,0.0002431234061999784,fac-opacity-cowan-state,T1202p1_rho0p000243123,0.3303500948259558,0.00018817482556345786,0.3305157024001431,0.00016455379468768413,ok,/home/elads/STAR/full_grid_solar_opacity/runs/T1202p1_rho0p000243123/fac-opacity-cowan-state/starout.h5
1202.103582220124,0.0003493872774749123,fac-opacity-cowan-state,T1202p1_rho0p000349387,0.330349414741337,0.00026619297787532173,0.33057020042630203,0.00021931238930924355,ok,/home/elads/STAR/full_grid_solar_opacity/runs/T1202p1_rho0p000349387/fac-opacity-cowan-state/starout.h5
1202.103582220124,0.0005020967399614471,fac-opacity-cowan-state,T1202p1_rho0p000502097,0.33034854502926386,0.0003728870707658173,0.3306362671836432,0.0002857961644048651,ok,/home/elads/STAR/full_grid_solar_opacity/runs/T1202p1_rho0p000502097/fac-opacity-cowan-state/starout.h5
1202.103582220124,0.0007215521357901021,fac-opacity-cowan-state,T1202p1_rho0p000721552,0.33034727133656483,0.0005155089882315027,0.33070854062607646,0.00035915572995992605,ok,/home/elads/STAR/full_grid_solar_opacity/runs/T1202p1_rho0p000721552/fac-opacity-cowan-state/starout.h5
1202.103582220124,0.0010369266382873438,fac-opacity-cowan-state,T1202p1_rho0p00103693,0.33034555018981454,0.0007150923112623484,0.3308151187240584,0.00046662221257870364,ok,/home/elads/STAR/full_grid_solar_opacity/runs/T1202p1_rho0p00103693/fac-opacity-cowan-state/starout.h5
1202.103582220124,0.0014901443705277455,fac-opacity-cowan-state,T1202p1_rho0p00149014,0.33034313308962004,0.000977361788453614,0.3309367403380179,0.0005901273442969251,ok,/home/elads/STAR/full_grid_solar_opacity/runs/T1202p1_rho0p00149014/fac-opacity-cowan-state/starout.h5
1202.103582220124,0.002141453563853953,fac-opacity-cowan-state,T1202p1_rho0p00214145,0.33033981497245096,0.0013228877801666277,0.33109516930823807,0.0007510854885380386,ok,/home/elads/STAR/full_grid_solar_opacity/runs/T1202p1_rho0p00214145/fac-opacity-cowan-state/starout.h5
1202.103582220124,0.003077435620898055,fac-opacity-cowan-state,T1202p1_rho0p00307744,0.33033501843428165,0.001772747741780295,0.3313031977230224,0.0009628260741365601,ok,/home/elads/STAR/full_grid_solar_opacity/runs/T1202p1_rho0p00307744/fac-opacity-cowan-state/starout.h5
1202.103582220124,0.004422514763163053,fac-opacity-cowan-state,T1202p1_rho0p00442251,0.33032828470897907,0.0023611854348164238,0.33160558098558013,0.0012693530568272152,ok,/home/elads/STAR/full_grid_solar_opacity/runs/T1202p1_rho0p00442251/fac-opacity-cowan-state/starout.h5
1202.103582220124,0.006355498291362301,fac-opacity-cowan-state,T1202p1_rho0p0063555,0.330318997213011,0.0030905003259188765,0.33192507605300653,0.0015977683837504484,ok,/home/elads/STAR/full_grid_solar_opacity/runs/T1202p1_rho0p0063555/fac-opacity-cowan-state/starout.h5
1202.103582220124,0.009133346228248624,fac-opacity-cowan-state,T1202p1_rho0p00913335,0.3303061008790494,0.004064121063991531,0.33240301643292613,0.0020860446191555597,ok,/home/elads/STAR/full_grid_solar_opacity/runs/T1202p1_rho0p00913335/fac-opacity-cowan-state/starout.h5
1202.103582220124,0.01312533014735226,fac-opacity-cowan-state,T1202p1_rho0p0131253,0.33028811323004786,0.005365693792048809,0.3330539430446978,0.002750625377518451,ok,/home/elads/STAR/full_grid_solar_opacity/runs/T1202p1_rho0p0131253/fac-opacity-cowan-state/starout.h5
1202.103582220124,0.018862122071335155,fac-opacity-cowan-state,T1202p1_rho0p0188621,0.3302631479432445,0.007098073387975819,0.3338453654341273,0.0035624561563550147,ok,/home/elads/STAR/full_grid_solar_opacity/runs/T1202p1_rho0p0188621/fac-opacity-cowan-state/starout.h5
1202.103582220124,0.02710633904364831,fac-opacity-cowan-state,T1202p1_rho0p0271063,0.33022833445959127,0.009497505051367233,0.3348627630640903,0.004609178684138711,ok,/home/elads/STAR/full_grid_solar_opacity/runs/T1202p1_rho0p0271063/fac-opacity-cowan-state/starout.h5
1202.103582220124,0.038953921174427183,fac-opacity-cowan-state,T1202p1_rho0p0389539,0.33017969934279734,0.012902680602639919,0.33627391252253686,0.006056853626111414,ok,/home/elads/STAR/full_grid_solar_opacity/runs/T1202p1_rho0p0389539/fac-opacity-cowan-state/starout.h5
1202.103582220124,0.0559798197912329,fac-opacity-cowan-state,T1202p1_rho0p0559798,0.3301120805052456,0.017535241604226797,0.3376579496598721,0.007505336189428314,ok,/home/elads/STAR/full_grid_solar_opacity/runs/T1202p1_rho0p0559798/fac-opacity-cowan-state/starout.h5
1202.103582220124,0.08044736266284185,fac-opacity-cowan-state,T1202p1_rho0p0804474,0.3300167234982403,0.024136736851760515,0.33946784829176224,0.009399871448715168,ok,/home/elads/STAR/full_grid_solar_opacity/runs/T1202p1_rho0p0804474/fac-opacity-cowan-state/starout.h5
1202.103582220124,0.11560912813835741,fac-opacity-cowan-state,T1202p1_rho0p115609,0.32988325013795305,0.03345796242989825,0.34154271372921635,0.011596404297078528,ok,/home/elads/STAR/full_grid_solar_opacity/runs/T1202p1_rho0p115609/fac-opacity-cowan-state/starout.h5
1202.103582220124,0.1661393247274789,fac-opacity-cowan-state,T1202p1_rho0p166139,0.3296968251352988,0.046495220410666054,0.3436426503569717,0.013878621974502545,ok,/home/elads/STAR/full_grid_solar_opacity/runs/T1202p1_rho0p166139/fac-opacity-cowan-state/starout.h5
1202.103582220124,0.23875515424585794,fac-opacity-cowan-state,T1202p1_rho0p238755,0.3294371498497342,0.06508405891492235,0.34634931165201177,0.01682552910581916,ok,/home/elads/STAR/full_grid_solar_opacity/runs/T1202p1_rho0p238755/fac-opacity-cowan-state/starout.h5
1202.103582220124,0.34310975906798746,fac-opacity-cowan-state,T1202p1_rho0p34311,0.32906677726489997,0.0916019838781227,0.34958805397616344,0.020400046675348074,ok,/home/elads/STAR/full_grid_solar_opacity/runs/T1202p1_rho0p34311/fac-opacity-cowan-state/starout.h5
1202.103582220124,0.49307545690287347,fac-opacity-cowan-state,T1202p1_rho0p493075,0.328563185368398,0.12931169621712152,0.35316354793432175,0.02442801969162609,ok,/home/elads/STAR/full_grid_solar_opacity/runs/T1202p1_rho0p493075/fac-opacity-cowan-state/starout.h5
1202.103582220124,0.7085878491488851,fac-opacity-cowan-state,T1202p1_rho0p708588,0.32787152335060005,0.18439195883007178,0.3597375583533458,0.03155477663132579,ok,/home/elads/STAR/full_grid_solar_opacity/runs/T1202p1_rho0p708588/fac-opacity-cowan-state/starout.h5
1202.103582220124,1.0182959482819007,fac-opacity-cowan-state,T1202p1_rho1p0183,0.3269292037674495,0.26284150134118694,0.36763889608799993,0.04018785068851275,ok,/home/elads/STAR/full_grid_solar_opacity/runs/T1202p1_rho1p0183/fac-opacity-cowan-state/starout.h5
1202.103582220124,1.4633706173946401,fac-opacity-cowan-state,T1202p1_rho1p46337,0.3256573423619245,0.37445958509596844,0.37671497300226825,0.050237324863709305,ok,/home/elads/STAR/full_grid_solar_opacity/runs/T1202p1_rho1p46337/fac-opacity-cowan-state/starout.h5
1202.103582220124,2.1029775945461404,fac-opacity-cowan-state,T1202p1_rho2p10298,0.3239598513622657,0.5337371706298937,0.3877858127276476,0.06256304149980185,ok,/home/elads/STAR/full_grid_solar_opacity/runs/T1202p1_rho2p10298/fac-opacity-cowan-state/starout.h5
1202.103582220124,3.0221426551783854,fac-opacity-cowan-state,T1202p1_rho3p02214,0.3217246047593937,0.7608552405032925,0.40120782746384664,0.07758753847122254,ok,/home/elads/STAR/full_grid_solar_opacity/runs/T1202p1_rho3p02214/fac-opacity-cowan-state/starout.h5
1202.103582220124,4.343054463316713,fac-opacity-cowan-state,T1202p1_rho4p34305,0.3188289234887859,1.0847341905989696,0.41811459860085703,0.09651042239407884,ok,/home/elads/STAR/full_grid_solar_opacity/runs/T1202p1_rho4p34305/fac-opacity-cowan-state/starout.h5
1202.103582220124,6.241307649397467,fac-opacity-cowan-state,T1202p1_rho6p24131,0.3151477548313769,1.5449570925727778,0.4387059037625245,0.11960703346906723,ok,/home/elads/STAR/full_grid_solar_opacity/runs/T1202p1_rho6p24131/fac-opacity-cowan-state/starout.h5
1202.103582220124,8.969245378672715,fac-opacity-cowan-state,T1202p1_rho8p96925,0.31057874136621133,2.1979837781435303,0.4645290456771751,0.1484908098535485,ok,/home/elads/STAR/full_grid_solar_opacity/runs/T1202p1_rho8p96925/fac-opacity-cowan-state/starout.h5
1202.103582220124,12.889504440725364,fac-opacity-cowan-state,T1202p1_rho12p8895,0.3050642456056538,3.120787500492572,0.49734647545852206,0.18498773501042082,ok,/home/elads/STAR/full_grid_solar_opacity/runs/T1202p1_rho12p8895/fac-opacity-cowan-state/starout.h5
1202.103582220124,18.52322215674118,fac-opacity-cowan-state,T1202p1_rho18p5232,0.2986323253398221,4.41760616720215,0.5391412715085604,0.23111583463514276,ok,/home/elads/STAR/full_grid_solar_opacity/runs/T1202p1_rho18p5232/fac-opacity-cowan-state/starout.h5
1202.103582220124,26.61931346126126,fac-opacity-cowan-state,T1202p1_rho26p6193,0.2914397633300991,6.227063262018371,0.5914534982544722,0.28838850477553163,ok,/home/elads/STAR/full_grid_solar_opacity/runs/T1202p1_rho26p6193/fac-opacity-cowan-state/starout.h5
1202.103582220124,38.254027466328665,fac-opacity-cowan-state,T1202p1_rho38p254,0.28381296745915774,8.727986470394544,0.6585222922390233,0.36096137190555594,ok,/home/elads/STAR/full_grid_solar_opacity/runs/T1202p1_rho38p254/fac-opacity-cowan-state/starout.h5
1202.103582220124,54.97401800103719,fac-opacity-cowan-state,T1202p1_rho54p974,0.27627679610670175,12.14216742956608,0.745469883148742,0.45375565994936795,ok,/home/elads/STAR/full_grid_solar_opacity/runs/T1202p1_rho54p974/fac-opacity-cowan-state/starout.h5
1202.103582220124,79.0019471240894,fac-opacity-cowan-state,T1202p1_rho79p0019,0.26960818948190135,16.728962948744588,0.8589186039708179,0.5729612238042119,ok,/home/elads/STAR/full_grid_solar_opacity/runs/T1202p1_rho79p0019/fac-opacity-cowan-state/starout.h5
1202.103582220124,113.53195339077567,fac-opacity-cowan-state,T1202p1_rho113p532,0.2644986612849174,22.764354097631003,1.0040618139762647,0.7234160114749474,ok,/home/elads/STAR/full_grid_solar_opacity/runs/T1202p1_rho113p532/fac-opacity-cowan-state/starout.h5
1202.103582220124,163.15426277379785,fac-opacity-cowan-state,T1202p1_rho163p154,0.26211901842724106,30.47543541565088,1.1952954358423709,0.9185326846061332,ok,/home/elads/STAR/full_grid_solar_opacity/runs/T1202p1_rho163p154/fac-opacity-cowan-state/starout.h5
1202.103582220124,234.46538763970608,fac-opacity-cowan-state,T1202p1_rho234p465,0.26320333974488713,39.94680653180438,1.4487629083009324,1.1737265341767333,ok,/home/elads/STAR/full_grid_solar_opacity/runs/T1202p1_rho234p465/fac-opacity-cowan-state/starout.h5
1202.103582220124,336.94503022121665,fac-opacity-cowan-state,T1202p1_rho336p945,0.2683164759082874,50.99411766842679,1.78232812763012,1.5059846758849758,ok,/home/elads/STAR/full_grid_solar_opacity/runs/T1202p1_rho336p945/fac-opacity-cowan-state/starout.h5
1202.103582220124,484.21626123015125,fac-opacity-cowan-state,T1202p1_rho484p216,0.27743486336238093,62.891751027820256,2.2191386533441118,1.9379357105931387,ok,/home/elads/STAR/full_grid_solar_opacity/runs/T1202p1_rho484p216/fac-opacity-cowan-state/starout.h5
1202.103582220124,695.8564947100452,fac-opacity-cowan-state,T1202p1_rho695p856,0.28992300899566215,74.33660815453453,2.7746910622236713,2.485043512381651,ok,/home/elads/STAR/full_grid_solar_opacity/runs/T1202p1_rho695p856/fac-opacity-cowan-state/starout.h5
1202.103582220124,1000.0,fac-opacity-cowan-state,T1202p1_rho1000,0.30441400639295757,83.68668809744813,3.456310155339748,3.1554624574102372,ok,/home/elads/STAR/full_grid_solar_opacity/runs/T1202p1_rho1000/fac-opacity-cowan-state/starout.h5
1323.3730464924859,1e-17,fac-opacity-cowan-state,T1323p37_rho1em17,0.3300600106951641,1.948706731113767e-18,0.33006001069516405,6.901689375616395e-19,ok,/home/elads/STAR/full_grid_solar_opacity/runs/T1323p37_rho1em17/fac-opacity-cowan-state/starout.h5
1323.3730464924859,1.4370779141993746e-17,fac-opacity-cowan-state,T1323p37_rho1p43708em17,0.33006001069518687,2.738445247558627e-18,0.33006001069518687,9.686330924705489e-19,ok,/home/elads/STAR/full_grid_solar_opacity/runs/T1323p37_rho1p43708em17/fac-opacity-cowan-state/starout.h5
1323.3730464924859,2.065192931479625e-17,fac-opacity-cowan-state,T1323p37_rho2p06519em17,0.33006001069518687,3.873373009028827e-18,0.3300600106951868,1.3688122491830906e-18,ok,/home/elads/STAR/full_grid_solar_opacity/runs/T1323p37_rho2p06519em17/fac-opacity-cowan-state/starout.h5
1323.3730464924859,2.9678431503900313e-17,fac-opacity-cowan-state,T1323p37_rho2p96784em17,0.33006001069516266,5.5086466811650236e-18,0.33006001069516266,1.9454170219518973e-18,ok,/home/elads/STAR/full_grid_solar_opacity/runs/T1323p37_rho2p96784em17/fac-opacity-cowan-state/starout.h5
1323.3730464924859,4.2650218442334076e-17,fac-opacity-cowan-state,T1323p37_rho4p26502em17,0.33006001069518276,7.864563610167492e-18,0.33006001069518276,2.776126678519713e-18,ok,/home/elads/STAR/full_grid_solar_opacity/runs/T1323p37_rho4p26502em17/fac-opacity-cowan-state/starout.h5
1323.3730464924859,6.129168695925715e-17,fac-opacity-cowan-state,T1323p37_rho6p12917em17,0.3300600106951865,1.1276013751330833e-17,0.33006001069518653,3.9796953162084126e-18,ok,/home/elads/STAR/full_grid_solar_opacity/runs/T1323p37_rho6p12917em17/fac-opacity-cowan-state/starout.h5
1323.3730464924859,8.808092965317026e-17,fac-opacity-cowan-state,T1323p37_rho8p80809em17,0.3300600106951856,1.6203758621870045e-17,0.3300600106951856,5.718871203559875e-18,ok,/home/elads/STAR/full_grid_solar_opacity/runs/T1323p37_rho8p80809em17/fac-opacity-cowan-state/starout.h5
1323.3730464924859,1.2657915866672028e-16,fac-opacity-cowan-state,T1323p37_rho1p26579em16,0.3300600106951871,2.3284885286273045e-17,0.33006001069518703,8.218056876334734e-18,ok,/home/elads/STAR/full_grid_solar_opacity/runs/T1323p37_rho1p26579em16/fac-opacity-cowan-state/starout.h5
1323.3730464924859,1.819041133178821e-16,fac-opacity-cowan-state,T1323p37_rho1p81904em16,0.33006001069517643,3.3460313232739323e-17,0.33006001069517643,1.1809338810408666e-17,ok,/home/elads/STAR/full_grid_solar_opacity/runs/T1323p37_rho1p81904em16/fac-opacity-cowan-state/starout.h5
1323.3730464924859,2.6141038375114865e-16,fac-opacity-cowan-state,T1323p37_rho2p6141em16,0.3300600106952598,4.808209631177625e-17,0.3300600106952598,1.6969912354815027e-17,ok,/home/elads/STAR/full_grid_solar_opacity/runs/T1323p37_rho2p6141em16/fac-opacity-cowan-state/starout.h5
1323.3730464924859,3.7566708903116036e-16,fac-opacity-cowan-state,T1323p37_rho3p75667em16,0.3300600106952368,6.909300077964989e-17,0.3300600106952368,2.4385461535365315e-17,ok,/home/elads/STAR/full_grid_solar_opacity/runs/T1323p37_rho3p75667em16/fac-opacity-cowan-state/starout.h5
1323.3730464924859,5.398628767382507e-16,fac-opacity-cowan-state,T1323p37_rho5p39863em16,0.33006001069525304,9.928457953728523e-17,0.33006001069525304,3.5041246420611233e-17,ok,/home/elads/STAR/full_grid_solar_opacity/runs/T1323p37_rho5p39863em16/fac-opacity-cowan-state/starout.h5
1323.3730464924859,7.758250168566793e-16,fac-opacity-cowan-state,T1323p37_rho7p75825em16,0.3300600106952227,1.4266800322832276e-16,0.33006001069522284,5.0352989749851337e-17,ok,/home/elads/STAR/full_grid_solar_opacity/runs/T1323p37_rho7p75825em16/fac-opacity-cowan-state/starout.h5
1323.3730464924859,1.1149209970080914e-15,fac-opacity-cowan-state,T1323p37_rho1p11492em15,0.33006001069507407,2.050067193506571e-16,0.3300600106950742,7.235488192971026e-17,ok,/home/elads/STAR/full_grid_solar_opacity/runs/T1323p37_rho1p11492em15/fac-opacity-cowan-state/starout.h5
1323.3730464924859,1.6022283408774753e-15,fac-opacity-cowan-state,T1323p37_rho1p60223em15,0.33006001069476254,2.9458202137979037e-16,0.33006001069476265,1.0396979963160725e-16,ok,/home/elads/STAR/full_grid_solar_opacity/runs/T1323p37_rho1p60223em15/fac-opacity-cowan-state/starout.h5
1323.3730464924859,2.3025269621793266e-15,fac-opacity-cowan-state,T1323p37_rho2p30253em15,0.33006001069544005,4.2329313758117743e-16,0.3300600106954402,1.493975832226681e-16,ok,/home/elads/STAR/full_grid_solar_opacity/runs/T1323p37_rho2p30253em15/fac-opacity-cowan-state/starout.h5
1323.3730464924859,3.308910644196489e-15,fac-opacity-cowan-state,T1323p37_rho3p30891em15,0.33006001069466495,6.082372923849482e-16,0.33006001069466523,2.1467275923540906e-16,ok,/home/elads/STAR/full_grid_solar_opacity/runs/T1323p37_rho3p30891em15/fac-opacity-cowan-state/starout.h5
1323.3730464924859,4.755162406834019e-15,fac-opacity-cowan-state,T1323p37_rho4p75516em15,0.33006001068909574,8.739810338992893e-16,0.330060010689096,3.0846624775791703e-16,ok,/home/elads/STAR/full_grid_solar_opacity/runs/T1323p37_rho4p75516em15/fac-opacity-cowan-state/starout.h5
1323.3730464924859,6.8335388732923106e-15,fac-opacity-cowan-state,T1323p37_rho6p83354em15,0.33006001069526386,1.2558231220650813e-15,0.3300600106952643,4.432370982780998e-16,ok,/home/elads/STAR/full_grid_solar_opacity/runs/T1323p37_rho6p83354em15/fac-opacity-cowan-state/starout.h5
1323.3730464924859,9.820327790631256e-15,fac-opacity-cowan-state,T1323p37_rho9p82033em15,0.3300600106952161,1.8044835806582755e-15,0.3300600106952167,6.368874627822415e-16,ok,/home/elads/STAR/full_grid_solar_opacity/runs/T1323p37_rho9p82033em15/fac-opacity-cowan-state/starout.h5
1323.3730464924859,1.4112576178114521e-14,fac-opacity-cowan-state,T1323p37_rho1p41126em14,0.33006001069527935,2.5928456773606894e-15,0.3300600106952803,9.151430257914888e-16,ok,/home/elads/STAR/full_grid_solar_opacity/runs/T1323p37_rho1p41126em14/fac-opacity-cowan-state/starout.h5
1323.3730464924859,2.0280871538024598e-14,fac-opacity-cowan-state,T1323p37_rho2p02809em14,0.33006001069638014,3.725638981308439e-15,0.3300600106963814,1.3149702810196103e-15,ok,/home/elads/STAR/full_grid_solar_opacity/runs/T1323p37_rho2p02809em14/fac-opacity-cowan-state/starout.h5
1323.3730464924859,2.914519256800997e-14,fac-opacity-cowan-state,T1323p37_rho2p91452em14,0.3300600106947398,5.3533671624147555e-15,0.33006001069474167,1.8894936575727744e-15,ok,/home/elads/STAR/full_grid_solar_opacity/runs/T1323p37_rho2p91452em14/fac-opacity-cowan-state/starout.h5
1323.3730464924859,4.188391254457488e-14,fac-opacity-cowan-state,T1323p37_rho4p18839em14,0.3300600106956375,7.69232526438757e-15,0.3300600106956401,2.7150616387005213e-15,ok,/home/elads/STAR/full_grid_solar_opacity/runs/T1323p37_rho4p18839em14/fac-opacity-cowan-state/starout.h5
1323.3730464924859,6.019044567806669e-14,fac-opacity-cowan-state,T1323p37_rho6p01904em14,0.3300600106948573,1.1053386497712881e-14,0.33006001069486113,3.90140940204815e-15,ok,/home/elads/STAR/full_grid_solar_opacity/runs/T1323p37_rho6p01904em14/fac-opacity-cowan-state/starout.h5
1323.3730464924859,8.649836012976684e-14,fac-opacity-cowan-state,T1323p37_rho8p64984em14,0.33006001069548585,1.5883401796243047e-14,0.3300600106954911,5.606274150203527e-15,ok,/home/elads/STAR/full_grid_solar_opacity/runs/T1323p37_rho8p64984em14/fac-opacity-cowan-state/starout.h5
1323.3730464924859,1.2430488295695167e-13,fac-opacity-cowan-state,T1323p37_rho1p24305em13,0.33006001069542534,2.2824740516898842e-14,0.330060010695433,8.056416311418467e-15,ok,/home/elads/STAR/full_grid_solar_opacity/runs/T1323p37_rho1p24305em13/fac-opacity-cowan-state/starout.h5
1323.3730464924859,1.7863580192457348e-13,fac-opacity-cowan-state,T1323p37_rho1p78636em13,0.3300600109828244,3.280096916928501e-14,0.3300600109828357,1.1577868725941058e-14,ok,/home/elads/STAR/full_grid_solar_opacity/runs/T1323p37_rho1p78636em13/fac-opacity-cowan-state/starout.h5
1323.3730464924859,2.567135656310987e-13,fac-opacity-cowan-state,T1323p37_rho2p56714em13,0.3300600107047819,4.714006450621916e-14,0.33006001070479785,1.6639441219753022e-14,ok,/home/elads/STAR/full_grid_solar_opacity/runs/T1323p37_rho2p56714em13/fac-opacity-cowan-state/starout.h5
1323.3730464924859,3.6891739544382357e-13,fac-opacity-cowan-state,T1323p37_rho3p68917em13,0.33006001069676544,6.775172715402218e-14,0.3300600106967884,2.3915323895856095e-14,ok,/home/elads/STAR/full_grid_solar_opacity/runs/T1323p37_rho3p68917em13/fac-opacity-cowan-state/starout.h5
1323.3730464924859,5.301630411562758e-13,fac-opacity-cowan-state,T1323p37_rho5p30163em13,0.33006001069457647,9.738327327885016e-14,0.33006001069460983,3.4375478512309876e-14,ok,/home/elads/STAR/full_grid_solar_opacity/runs/T1323p37_rho5p30163em13/fac-opacity-cowan-state/starout.h5
1323.3730464924859,7.618855973704612e-13,fac-opacity-cowan-state,T1323p37_rho7p61886em13,0.33006001068886087,1.399850461968392e-13,0.33006001068890845,4.941462935322675e-14,ok,/home/elads/STAR/full_grid_solar_opacity/runs/T1323p37_rho7p61886em13/fac-opacity-cowan-state/starout.h5
1323.3730464924859,1.0948889651276868e-12,fac-opacity-cowan-state,T1323p37_rho1p09489em12,0.33006001069460944,2.0124105791044347e-13,0.33006001069467855,7.103971427616405e-14,ok,/home/elads/STAR/full_grid_solar_opacity/runs/T1323p37_rho1p09489em12/fac-opacity-cowan-state/starout.h5
1323.3730464924859,1.5734407502856082e-12,fac-opacity-cowan-state,T1323p37_rho1p57344em12,0.33006001070331864,2.893294414441497e-13,0.33006001070341734,1.0213848452497217e-13,ok,/home/elads/STAR/full_grid_solar_opacity/runs/T1323p37_rho1p57344em12/fac-opacity-cowan-state/starout.h5
1323.3730464924859,2.26115695153675e-12,fac-opacity-cowan-state,T1323p37_rho2p26116em12,0.3300600106954857,4.160199466135238e-13,0.33006001069562807,1.4686720840988708e-13,ok,/home/elads/STAR/full_grid_solar_opacity/runs/T1323p37_rho2p26116em12/fac-opacity-cowan-state/starout.h5
1323.3730464924859,3.249458715591849e-12,fac-opacity-cowan-state,T1323p37_rho3p24946em12,0.3300600114406049,5.982599847382113e-13,0.33006001144081015,2.1121105887838936e-13,ok,/home/elads/STAR/full_grid_solar_opacity/runs/T1323p37_rho3p24946em12/fac-opacity-cowan-state/starout.h5
1323.3730464924859,4.669725353279713e-12,fac-opacity-cowan-state,T1323p37_rho4p66973em12,0.33006001063651075,8.604739946053741e-13,0.3300600106368057,3.0379714128692094e-13,ok,/home/elads/STAR/full_grid_solar_opacity/runs/T1323p37_rho4p66973em12/fac-opacity-cowan-state/starout.h5
1323.3730464924859,6.710759170575148e-12,fac-opacity-cowan-state,T1323p37_rho6p71076em12,0.3300600106939503,1.2379212357109852e-12,0.3300600106943749,4.370819801526937e-13,ok,/home/elads/STAR/full_grid_solar_opacity/runs/T1323p37_rho6p71076em12/fac-opacity-cowan-state/starout.h5
1323.3730464924859,9.64388379154446e-12,fac-opacity-cowan-state,T1323p37_rho9p64388em12,0.33006001069324015,1.7816658116071254e-12,0.33006001069385044,6.291119920751245e-13,ok,/home/elads/STAR/full_grid_solar_opacity/runs/T1323p37_rho9p64388em12/fac-opacity-cowan-state/starout.h5
1323.3730464924859,1.3859012403933867e-11,fac-opacity-cowan-state,T1323p37_rho1p3859em11,0.3300600106923542,2.5660548464609275e-12,0.33006001069323354,9.061769865061641e-13,ok,/home/elads/STAR/full_grid_solar_opacity/runs/T1323p37_rho1p3859em11/fac-opacity-cowan-state/starout.h5
1323.3730464924859,1.9916480638308542e-11,fac-opacity-cowan-state,T1323p37_rho1p99165em11,0.33006001068987256,3.700688099201085e-12,0.330060010691141,1.3070755160567924e-12,ok,/home/elads/STAR/full_grid_solar_opacity/runs/T1323p37_rho1p99165em11/fac-opacity-cowan-state/starout.h5
1323.3730464924859,2.8621534453892672e-11,fac-opacity-cowan-state,T1323p37_rho2p86215em11,0.3300600106891516,5.359263252014565e-12,0.33006001069098834,1.8935348627105476e-12,ok,/home/elads/STAR/full_grid_solar_opacity/runs/T1323p37_rho2p86215em11/fac-opacity-cowan-state/starout.h5
1323.3730464924859,4.1131375034185614e-11,fac-opacity-cowan-state,T1323p37_rho4p11314em11,0.33006001067406116,7.745865112093936e-12,0.3300600106767172,2.7374820408884764e-12,ok,/home/elads/STAR/full_grid_solar_opacity/runs/T1323p37_rho4p11314em11/fac-opacity-cowan-state/starout.h5
1323.3730464924859,5.910899064227969e-11,fac-opacity-cowan-state,T1323p37_rho5p9109em11,0.32925865307281343,1.1171972052740525e-11,0.3292586530766465,3.949816912813206e-12,ok,/home/elads/STAR/full_grid_solar_opacity/runs/T1323p37_rho5p9109em11/fac-opacity-cowan-state/starout.h5
1323.3730464924859,8.4944224982638e-11,fac-opacity-cowan-state,T1323p37_rho8p49442em11,0.3292586530682952,1.612672930441906e-11,0.32925865307382535,5.7010004299053316e-12,ok,/home/elads/STAR/full_grid_solar_opacity/runs/T1323p37_rho8p49442em11/fac-opacity-cowan-state/starout.h5
1323.3730464924859,1.2207146966133182e-10,fac-opacity-cowan-state,T1323p37_rho1p22071em10,0.32925865305919577,2.317489403225033e-11,0.32925865306714514,8.19322925183715e-12,ok,/home/elads/STAR/full_grid_solar_opacity/runs/T1323p37_rho1p22071em10/fac-opacity-cowan-state/starout.h5
1323.3730464924859,1.7542621300415897e-10,fac-opacity-cowan-state,T1323p37_rho1p75426em10,0.3292586530488432,3.319760168718393e-11,0.32925865306022833,1.1735394732872278e-11,ok,/home/elads/STAR/full_grid_solar_opacity/runs/T1323p37_rho1p75426em10/fac-opacity-cowan-state/starout.h5
1323.3730464924859,2.52101136279913e-10,fac-opacity-cowan-state,T1323p37_rho2p52101em10,0.3292586530309602,4.765499481829389e-11,0.32925865304730684,1.68477501036087e-11,ok,/home/elads/STAR/full_grid_solar_opacity/runs/T1323p37_rho2p52101em10/fac-opacity-cowan-state/starout.h5
1323.3730464924859,3.6228897509242966e-10,fac-opacity-cowan-state,T1323p37_rho3p62289em10,0.3292586530067225,6.884440811795567e-11,0.32925865303033813,2.4340492986711693e-11,ok,/home/elads/STAR/full_grid_solar_opacity/runs/T1323p37_rho3p62289em10/fac-opacity-cowan-state/starout.h5
1323.3730464924859,5.20637484663258e-10,fac-opacity-cowan-state,T1323p37_rho5p20637em10,0.32925865296874,9.984680629122655e-11,0.3292586530029839,3.529214000375271e-11,ok,/home/elads/STAR/full_grid_solar_opacity/runs/T1323p37_rho5p20637em10/fac-opacity-cowan-state/starout.h5
1323.3730464924859,7.481966305138837e-10,fac-opacity-cowan-state,T1323p37_rho7p48197em10,0.32925865292189394,1.4460533513341168e-10,0.3292586529715279,5.115424558363962e-11,ok,/home/elads/STAR/full_grid_solar_opacity/runs/T1323p37_rho7p48197em10/fac-opacity-cowan-state/starout.h5
1323.3730464924859,1.0752168531898921e-09,fac-opacity-cowan-state,T1323p37_rho1p07522em09,0.32925865285222233,2.092211727813881e-10,0.3292586529240296,7.4007102106312e-11,ok,/home/elads/STAR/full_grid_solar_opacity/runs/T1323p37_rho1p07522em09/fac-opacity-cowan-state/starout.h5
1323.3730464924859,1.5451703926941453e-09,fac-opacity-cowan-state,T1323p37_rho1p54517em09,0.3292586527526317,3.0189656819151604e-10,0.3292586528562478,1.067880086327602e-10,ok,/home/elads/STAR/full_grid_solar_opacity/runs/T1323p37_rho1p54517em09/fac-opacity-cowan-state/starout.h5
1323.3730464924859,2.220530245015531e-09,fac-opacity-cowan-state,T1323p37_rho2p22053em09,0.32925865261017173,4.3606170824076903e-10,0.32925865275984295,1.5425657664358527e-10,ok,/home/elads/STAR/full_grid_solar_opacity/runs/T1323p37_rho2p22053em09/fac-opacity-cowan-state/starout.h5
1323.3730464924859,3.1910749729235452e-09,fac-opacity-cowan-state,T1323p37_rho3p19107em09,0.32925865240568364,6.164186081855084e-10,0.3292586526170712,2.178633217501964e-10,ok,/home/elads/STAR/full_grid_solar_opacity/runs/T1323p37_rho3p19107em09/fac-opacity-cowan-state/starout.h5
1323.3730464924859,4.585823366142813e-09,fac-opacity-cowan-state,T1323p37_rho4p58582em09,0.32925865211978217,8.791143452239092e-10,0.3292586524210599,3.105122501915251e-10,ok,/home/elads/STAR/full_grid_solar_opacity/runs/T1323p37_rho4p58582em09/fac-opacity-cowan-state/starout.h5
1323.3730464924859,6.590185477903269e-09,fac-opacity-cowan-state,T1323p37_rho6p59019em09,0.329258651721317,1.2500160860019622e-09,0.3292586521494123,4.412199866392799e-10,ok,/home/elads/STAR/full_grid_solar_opacity/runs/T1323p37_rho6p59019em09/fac-opacity-cowan-state/starout.h5
1323.3730464924859,9.470610000772238e-09,fac-opacity-cowan-state,T1323p37_rho9p47061em09,0.3292586511695293,2.041657017472427e-09,0.32925865221647577,1.0597460558564923e-09,ok,/home/elads/STAR/full_grid_solar_opacity/runs/T1323p37_rho9p47061em09/fac-opacity-cowan-state/starout.h5
1323.3730464924859,1.3610004466105506e-08,fac-opacity-cowan-state,T1323p37_rho1p361em08,0.3292586504041546,2.918964295020021e-09,0.32925865190801,1.5219086257738475e-09,ok,/home/elads/STAR/full_grid_solar_opacity/runs/T1323p37_rho1p361em08/fac-opacity-cowan-state/starout.h5
1323.3730464924859,1.9558636830395073e-08,fac-opacity-cowan-state,T1323p37_rho1p95586em08,0.32925864939680066,4.2451431359232e-09,0.32925865157969253,2.209187061615316e-09,ok,/home/elads/STAR/full_grid_solar_opacity/runs/T1323p37_rho1p95586em08/fac-opacity-cowan-state/starout.h5
1323.3730464924859,2.810728502080722e-08,fac-opacity-cowan-state,T1323p37_rho2p81073em08,0.32925864805612637,1.2755293329817029e-08,0.32925866097833517,1.287614172207655e-08,ok,/home/elads/STAR/full_grid_solar_opacity/runs/T1323p37_rho2p81073em08/fac-opacity-cowan-state/starout.h5
1323.3730464924859,4.039235853150913e-08,fac-opacity-cowan-state,T1323p37_rho4p03924em08,0.3292586463132606,1.8388058393285657e-08,0.3292586649232805,1.8543779130405867e-08,ok,/home/elads/STAR/full_grid_solar_opacity/runs/T1323p37_rho4p03924em08/fac-opacity-cowan-state/starout.h5
1323.3730464924859,5.804696634805446e-08,fac-opacity-cowan-state,T1323p37_rho5p8047em08,0.32925864410836214,2.669718493534576e-08,0.3292586709723561,2.677076974792558e-08,ok,/home/elads/STAR/full_grid_solar_opacity/runs/T1323p37_rho5p8047em08/fac-opacity-cowan-state/starout.h5
1323.3730464924859,8.341801332506338e-08,fac-opacity-cowan-state,T1323p37_rho8p3418em08,0.32925864129138466,3.8523349548080175e-08,0.3292586799673463,3.854280913524246e-08,ok,/home/elads/STAR/full_grid_solar_opacity/runs/T1323p37_rho8p3418em08/fac-opacity-cowan-state/starout.h5
1323.3730464924859,1.1987818459583772e-07,fac-opacity-cowan-state,T1323p37_rho1p19878em07,0.3292586378073053,5.478662277228838e-08,0.32925869324921225,5.5241434890461006e-08,ok,/home/elads/STAR/full_grid_solar_opacity/runs/T1323p37_rho1p19878em07/fac-opacity-cowan-state/starout.h5
1323.3730464924859,1.7227429147699408e-07,fac-opacity-cowan-state,T1323p37_rho1p72274em07,0.32925863351794876,7.805763234468114e-08,0.3292587130325567,7.921551381573486e-08,ok,/home/elads/STAR/full_grid_solar_opacity/runs/T1323p37_rho1p72274em07/fac-opacity-cowan-state/starout.h5
1323.3730464924859,2.4757157946593376e-07,fac-opacity-cowan-state,T1323p37_rho2p47572em07,0.3292586282433978,1.1271476571964836e-07,0.329258742723532,1.1405419592132522e-07,ok,/home/elads/STAR/full_grid_solar_opacity/runs/T1323p37_rho2p47572em07/fac-opacity-cowan-state/starout.h5
1323.3730464924859,3.557796490339488e-07,fac-opacity-cowan-state,T1323p37_rho3p5578em07,0.32925862183484644,1.6466295198551847e-07,0.3292587874137782,1.6499023738677434e-07,ok,/home/elads/STAR/full_grid_solar_opacity/runs/T1323p37_rho3p5578em07/fac-opacity-cowan-state/starout.h5
1323.3730464924859,5.112830759482948e-07,fac-opacity-cowan-state,T1323p37_rho5p11283em07,0.3292586140203122,2.4073114079913383e-07,0.3292588548516206,2.4000473341337923e-07,ok,/home/elads/STAR/full_grid_solar_opacity/runs/T1323p37_rho5p11283em07/fac-opacity-cowan-state/starout.h5
1323.3730464924859,7.347536163492159e-07,fac-opacity-cowan-state,T1323p37_rho7p34754em07,0.32925860447856053,3.4280039151693633e-07,0.3292589497981034,3.4407439621061977e-07,ok,/home/elads/STAR/full_grid_solar_opacity/runs/T1323p37_rho7p34754em07/fac-opacity-cowan-state/starout.h5
1323.3730464924859,1.0558981944335787e-06,fac-opacity-cowan-state,T1323p37_rho1p0559em06,0.3292585928444668,4.952399671026572e-07,0.32925909107333223,4.964383876318671e-07,ok,/home/elads/STAR/full_grid_solar_opacity/runs/T1323p37_rho1p0559em06/fac-opacity-cowan-state/starout.h5
1323.3730464924859,1.517407974863493e-06,fac-opacity-cowan-state,T1323p37_rho1p51741em06,0.3292585786748834,7.211280751591988e-07,0.32925929934180365,7.181828662377016e-07,ok,/home/elads/STAR/full_grid_solar_opacity/runs/T1323p37_rho1p51741em06/fac-opacity-cowan-state/starout.h5
1323.3730464924859,2.1806334875063253e-06,fac-opacity-cowan-state,T1323p37_rho2p18063em06,0.32925856143455995,1.055799558679589e-06,0.3292596069093502,1.0420973652687996e-06,ok,/home/elads/STAR/full_grid_solar_opacity/runs/T1323p37_rho2p18063em06/fac-opacity-cowan-state/starout.h5
1323.3730464924859,3.1337402238588983e-06,fac-opacity-cowan-state,T1323p37_rho3p13374em06,0.32925854046613173,1.5135467714458018e-06,0.32926003860239716,1.4932821334356604e-06,ok,/home/elads/STAR/full_grid_solar_opacity/runs/T1323p37_rho3p13374em06/fac-opacity-cowan-state/starout.h5
1323.3730464924859,4.503428864545845e-06,fac-opacity-cowan-state,T1323p37_rho4p50343em06,0.3292585145538674,2.1732503220085885e-06,0.3292606616848296,2.140409823092674e-06,ok,/home/elads/STAR/full_grid_solar_opacity/runs/T1323p37_rho4p50343em06/fac-opacity-cowan-state/starout.h5
1323.3730464924859,6.471778159406801e-06,fac-opacity-cowan-state,T1323p37_rho6p47178em06,0.3292584824247685,3.1677311818195536e-06,0.3292615661943153,3.0751960127675175e-06,ok,/home/elads/STAR/full_grid_solar_opacity/runs/T1323p37_rho6p47178em06/fac-opacity-cowan-state/starout.h5
1323.3730464924859,9.300449458481393e-06,fac-opacity-cowan-state,T1323p37_rho9p30045em06,0.3292584424284546,4.559940453934391e-06,0.3292628412005597,4.387517476405663e-06,ok,/home/elads/STAR/full_grid_solar_opacity/runs/T1323p37_rho9p30045em06/fac-opacity-cowan-state/starout.h5
1323.3730464924859,1.3365470508911143e-05,fac-opacity-cowan-state,T1323p37_rho1p33655em05,0.32925839461705464,6.46340138965081e-06,0.3292646285227403,6.21830162807963e-06,ok,/home/elads/STAR/full_grid_solar_opacity/runs/T1323p37_rho1p33655em05/fac-opacity-cowan-state/starout.h5
1323.3730464924859,1.920722248123928e-05,fac-opacity-cowan-state,T1323p37_rho1p92072em05,0.3292583314069732,9.21723279075261e-06,0.3292671748796985,8.82214520358622e-06,ok,/home/elads/STAR/full_grid_solar_opacity/runs/T1323p37_rho1p92072em05/fac-opacity-cowan-state/starout.h5
1323.3730464924859,2.760227522090268e-05,fac-opacity-cowan-state,T1323p37_rho2p76023em05,0.3292582558977478,1.3226139117314767e-05,0.32927082676370656,1.2541785850380675e-05,ok,/home/elads/STAR/full_grid_solar_opacity/runs/T1323p37_rho2p76023em05/fac-opacity-cowan-state/starout.h5
1323.3730464924859,3.966662010161191e-05,fac-opacity-cowan-state,T1323p37_rho3p96666em05,0.3292581535876502,1.8950287075652624e-05,0.32927602189215166,1.782637053437274e-05,ok,/home/elads/STAR/full_grid_solar_opacity/runs/T1323p37_rho3p96666em05/fac-opacity-cowan-state/starout.h5
1323.3730464924859,5.7004023678963655e-05,fac-opacity-cowan-state,T1323p37_rho5p7004em05,0.32925802210412536,2.7011976257793894e-05,0.32928339048144517,2.5302038770723932e-05,ok,/home/elads/STAR/full_grid_solar_opacity/runs/T1323p37_rho5p7004em05/fac-opacity-cowan-state/starout.h5
1323.3730464924859,8.191922344953684e-05,fac-opacity-cowan-state,T1323p37_rho8p19192em05,0.3292578832521338,3.872786616602131e-05,0.3292937889042753,3.580639722637096e-05,ok,/home/elads/STAR/full_grid_solar_opacity/runs/T1323p37_rho8p19192em05/fac-opacity-cowan-state/starout.h5
1323.3730464924859,0.00011772430676769293,fac-opacity-cowan-state,T1323p37_rho0p000117724,0.32925777861922884,5.484283929233123e-05,0.32930764288459136,4.973168926575417e-05,ok,/home/elads/STAR/full_grid_solar_opacity/runs/T1323p37_rho0p000117724/fac-opacity-cowan-state/starout.h5
1323.3730464924859,0.00016917900122028344,fac-opacity-cowan-state,T1323p37_rho0p000169179,0.329257492764181,7.773497006421077e-05,0.329325713006858,6.807366439585841e-05,ok,/home/elads/STAR/full_grid_solar_opacity/runs/T1323p37_rho0p000169179/fac-opacity-cowan-state/starout.h5
1323.3730464924859,0.0002431234061999784,fac-opacity-cowan-state,T1323p37_rho0p000243123,0.3292571141147032,0.00010972083824189838,0.3293500977345857,9.280238927145431e-05,ok,/home/elads/STAR/full_grid_solar_opacity/runs/T1323p37_rho0p000243123/fac-opacity-cowan-state/starout.h5
1323.3730464924859,0.0003493872774749123,fac-opacity-cowan-state,T1323p37_rho0p000349387,0.32925659633983867,0.0001555006412666016,0.3293841833440718,0.00012729637854964275,ok,/home/elads/STAR/full_grid_solar_opacity/runs/T1323p37_rho0p000349387/fac-opacity-cowan-state/starout.h5
1323.3730464924859,0.0005020967399614471,fac-opacity-cowan-state,T1323p37_rho0p000502097,0.32925591971201557,0.00021883378330709826,0.32942761352146505,0.00017129080250005493,ok,/home/elads/STAR/full_grid_solar_opacity/runs/T1323p37_rho0p000502097/fac-opacity-cowan-state/starout.h5
1323.3730464924859,0.0007215521357901021,fac-opacity-cowan-state,T1323p37_rho0p000721552,0.32925492966550923,0.000303837241625012,0.32947726487465595,0.00022199401226973613,ok,/home/elads/STAR/full_grid_solar_opacity/runs/T1323p37_rho0p000721552/fac-opacity-cowan-state/starout.h5
1323.3730464924859,0.0010369266382873438,fac-opacity-cowan-state,T1323p37_rho0p00103693,0.3292536103993532,0.00042403722565722695,0.3295494672667424,0.00029527936697424815,ok,/home/elads/STAR/full_grid_solar_opacity/runs/T1323p37_rho0p00103693/fac-opacity-cowan-state/starout.h5
1323.3730464924859,0.0014901443705277455,fac-opacity-cowan-state,T1323p37_rho0p00149014,0.32925175847879673,0.0005842257063645463,0.3296340635905175,0.0003816871343663259,ok,/home/elads/STAR/full_grid_solar_opacity/runs/T1323p37_rho0p00149014/fac-opacity-cowan-state/starout.h5
1323.3730464924859,0.002141453563853953,fac-opacity-cowan-state,T1323p37_rho0p00214145,0.3292492395881793,0.0007992381550679234,0.3297428620389235,0.000492921814770335,ok,/home/elads/STAR/full_grid_solar_opacity/runs/T1323p37_rho0p00214145/fac-opacity-cowan-state/starout.h5
1323.3730464924859,0.003077435620898055,fac-opacity-cowan-state,T1323p37_rho0p00307744,0.32924559145098703,0.0010847890488311998,0.32988348114431254,0.0006370581127074698,ok,/home/elads/STAR/full_grid_solar_opacity/runs/T1323p37_rho0p00307744/fac-opacity-cowan-state/starout.h5
1323.3730464924859,0.004422514763163053,fac-opacity-cowan-state,T1323p37_rho0p00442251,0.3292404537205743,0.0014696427765207775,0.3300849357467118,0.0008428032593806734,ok,/home/elads/STAR/full_grid_solar_opacity/runs/T1323p37_rho0p00442251/fac-opacity-cowan-state/starout.h5
1323.3730464924859,0.006355498291362301,fac-opacity-cowan-state,T1323p37_rho0p0063555,0.3292333894298243,0.0019586587458812225,0.33029792839006417,0.0010635475874677905,ok,/home/elads/STAR/full_grid_solar_opacity/runs/T1323p37_rho0p0063555/fac-opacity-cowan-state/starout.h5
1323.3730464924859,0.009133346228248624,fac-opacity-cowan-state,T1323p37_rho0p00913335,0.32922365873705167,0.0026265264667105813,0.3306135709439807,0.0013885662935463339,ok,/home/elads/STAR/full_grid_solar_opacity/runs/T1323p37_rho0p00913335/fac-opacity-cowan-state/starout.h5
1323.3730464924859,0.01312533014735226,fac-opacity-cowan-state,T1323p37_rho0p0131253,0.32921008761707155,0.0035381756587414006,0.3310449019468875,0.0018323783075437268,ok,/home/elads/STAR/full_grid_solar_opacity/runs/T1323p37_rho0p0131253/fac-opacity-cowan-state/starout.h5
1323.3730464924859,0.018862122071335155,fac-opacity-cowan-state,T1323p37_rho0p0188621,0.32919124641816255,0.004773930962596701,0.3315798685192723,0.002385281544127604,ok,/home/elads/STAR/full_grid_solar_opacity/runs/T1323p37_rho0p0188621/fac-opacity-cowan-state/starout.h5
1323.3730464924859,0.02710633904364831,fac-opacity-cowan-state,T1323p37_rho0p0271063,0.3291650238021951,0.006501869142902448,0.3322898075637828,0.003119908609176571,ok,/home/elads/STAR/full_grid_solar_opacity/runs/T1323p37_rho0p0271063/fac-opacity-cowan-state/starout.h5
1323.3730464924859,0.038953921174427183,fac-opacity-cowan-state,T1323p37_rho0p0389539,0.32912837333866185,0.008986883842069224,0.33335317044959856,0.004212429070439175,ok,/home/elads/STAR/full_grid_solar_opacity/runs/T1323p37_rho0p0389539/fac-opacity-cowan-state/starout.h5
1323.3730464924859,0.0559798197912329,fac-opacity-cowan-state,T1323p37_rho0p0559798,0.3290774129102205,0.012321046930117817,0.3343383476594718,0.005250580655122492,ok,/home/elads/STAR/full_grid_solar_opacity/runs/T1323p37_rho0p0559798/fac-opacity-cowan-state/starout.h5
1323.3730464924859,0.08044736266284185,fac-opacity-cowan-state,T1323p37_rho0p0804474,0.3290054032050909,0.017138808935797768,0.33582857739482513,0.006805135964799773,ok,/home/elads/STAR/full_grid_solar_opacity/runs/T1323p37_rho0p0804474/fac-opacity-cowan-state/starout.h5
1323.3730464924859,0.11560912813835741,fac-opacity-cowan-state,T1323p37_rho0p115609,0.3289044959036543,0.02387105138333763,0.33749058168668533,0.008562839259749233,ok,/home/elads/STAR/full_grid_solar_opacity/runs/T1323p37_rho0p115609/fac-opacity-cowan-state/starout.h5
1323.3730464924859,0.1661393247274789,fac-opacity-cowan-state,T1323p37_rho0p166139,0.32876296960319834,0.03331249327416322,0.33936329954461253,0.010572707970592612,ok,/home/elads/STAR/full_grid_solar_opacity/runs/T1323p37_rho0p166139/fac-opacity-cowan-state/starout.h5
1323.3730464924859,0.23875515424585794,fac-opacity-cowan-state,T1323p37_rho0p238755,0.3285651041255132,0.046666345786933836,0.3416232490256722,0.013020499293917336,ok,/home/elads/STAR/full_grid_solar_opacity/runs/T1323p37_rho0p238755/fac-opacity-cowan-state/starout.h5
1323.3730464924859,0.34310975906798746,fac-opacity-cowan-state,T1323p37_rho0p34311,0.328280708025667,0.06559915288072446,0.3441594475756045,0.015827547243434787,ok,/home/elads/STAR/full_grid_solar_opacity/runs/T1323p37_rho0p34311/fac-opacity-cowan-state/starout.h5
1323.3730464924859,0.49307545690287347,fac-opacity-cowan-state,T1323p37_rho0p493075,0.3278929163275034,0.09261956838267645,0.34731275021757735,0.01933571185161773,ok,/home/elads/STAR/full_grid_solar_opacity/runs/T1323p37_rho0p493075/fac-opacity-cowan-state/starout.h5
1323.3730464924859,0.7085878491488851,fac-opacity-cowan-state,T1323p37_rho0p708588,0.3273573077876918,0.1311653188007526,0.3510178213707061,0.02351873635067876,ok,/home/elads/STAR/full_grid_solar_opacity/runs/T1323p37_rho0p708588/fac-opacity-cowan-state/starout.h5
1323.3730464924859,1.0182959482819007,fac-opacity-cowan-state,T1323p37_rho1p0183,0.32662282244626495,0.18628836072861252,0.35553087707226094,0.028661117311443097,ok,/home/elads/STAR/full_grid_solar_opacity/runs/T1323p37_rho1p0183/fac-opacity-cowan-state/starout.h5
1323.3730464924859,1.4633706173946401,fac-opacity-cowan-state,T1323p37_rho1p46337,0.32562392435509496,0.26564535958657515,0.3620899102118621,0.03602399599367504,ok,/home/elads/STAR/full_grid_solar_opacity/runs/T1323p37_rho1p46337/fac-opacity-cowan-state/starout.h5
1323.3730464924859,2.1029775945461404,fac-opacity-cowan-state,T1323p37_rho2p10298,0.324278736614269,0.3797257422257039,0.3715955022934741,0.046553323180209986,ok,/home/elads/STAR/full_grid_solar_opacity/runs/T1323p37_rho2p10298/fac-opacity-cowan-state/starout.h5
1323.3730464924859,3.0221426551783854,fac-opacity-cowan-state,T1323p37_rho3p02214,0.32248841053511873,0.5423333726203783,0.3830098603543851,0.05929214159570327,ok,/home/elads/STAR/full_grid_solar_opacity/runs/T1323p37_rho3p02214/fac-opacity-cowan-state/starout.h5
1323.3730464924859,4.343054463316713,fac-opacity-cowan-state,T1323p37_rho4p34305,0.3201397257480265,0.7742102968450011,0.39720613329164256,0.07517592315266826,ok,/home/elads/STAR/full_grid_solar_opacity/runs/T1323p37_rho4p34305/fac-opacity-cowan-state/starout.h5
1323.3730464924859,6.241307649397467,fac-opacity-cowan-state,T1323p37_rho6p24131,0.3171088315536888,1.1037551412745692,0.4140770386458771,0.09417211782034983,ok,/home/elads/STAR/full_grid_solar_opacity/runs/T1323p37_rho6p24131/fac-opacity-cowan-state/starout.h5
1323.3730464924859,8.969245378672715,fac-opacity-cowan-state,T1323p37_rho8p96925,0.31327957018058544,1.571834284898791,0.4348863110484117,0.11760888450344902,ok,/home/elads/STAR/full_grid_solar_opacity/runs/T1323p37_rho8p96925/fac-opacity-cowan-state/starout.h5
1323.3730464924859,12.889504440725364,fac-opacity-cowan-state,T1323p37_rho12p8895,0.3085595402516739,2.234446595785635,0.4609163073602169,0.14683586307467286,ok,/home/elads/STAR/full_grid_solar_opacity/runs/T1323p37_rho12p8895/fac-opacity-cowan-state/starout.h5
1323.3730464924859,18.52322215674118,fac-opacity-cowan-state,T1323p37_rho18p5232,0.3029147582926744,3.1681774929338915,0.49392298695889575,0.18366016552843933,ok,/home/elads/STAR/full_grid_solar_opacity/runs/T1323p37_rho18p5232/fac-opacity-cowan-state/starout.h5
1323.3730464924859,26.61931346126126,fac-opacity-cowan-state,T1323p37_rho26p6193,0.29641041260943796,4.4754900229050785,0.5347642710824696,0.22894486863201202,ok,/home/elads/STAR/full_grid_solar_opacity/runs/T1323p37_rho26p6193/fac-opacity-cowan-state/starout.h5
1323.3730464924859,38.254027466328665,fac-opacity-cowan-state,T1323p37_rho38p254,0.28925567848267425,6.291200232561246,0.5867649288396963,0.285979548271355,ok,/home/elads/STAR/full_grid_solar_opacity/runs/T1323p37_rho38p254/fac-opacity-cowan-state/starout.h5
1323.3730464924859,54.97401800103719,fac-opacity-cowan-state,T1323p37_rho54p974,0.2818458986380342,8.785194695838314,0.6535466264018273,0.35825497734158196,ok,/home/elads/STAR/full_grid_solar_opacity/runs/T1323p37_rho54p974/fac-opacity-cowan-state/starout.h5
1323.3730464924859,79.0019471240894,fac-opacity-cowan-state,T1323p37_rho79p0019,0.27468456717936235,12.161783242312767,0.7404432738069168,0.45095979797475166,ok,/home/elads/STAR/full_grid_solar_opacity/runs/T1323p37_rho79p0019/fac-opacity-cowan-state/starout.h5
1323.3730464924859,113.53195339077567,fac-opacity-cowan-state,T1323p37_rho113p532,0.26887119228637624,16.645616595001776,0.8515984802071778,0.5674276688333038,ok,/home/elads/STAR/full_grid_solar_opacity/runs/T1323p37_rho113p532/fac-opacity-cowan-state/starout.h5
1323.3730464924859,163.15426277379785,fac-opacity-cowan-state,T1323p37_rho163p154,0.26499102348489073,22.458082329720533,0.9970118379875244,0.7174431036914672,ok,/home/elads/STAR/full_grid_solar_opacity/runs/T1323p37_rho163p154/fac-opacity-cowan-state/starout.h5
1323.3730464924859,234.46538763970608,fac-opacity-cowan-state,T1323p37_rho234p465,0.2641680924633103,29.729308427219237,1.188795917757309,0.9120902316960925,ok,/home/elads/STAR/full_grid_solar_opacity/runs/T1323p37_rho234p465/fac-opacity-cowan-state/starout.h5
1323.3730464924859,336.94503022121665,fac-opacity-cowan-state,T1323p37_rho336p945,0.2670383879883427,38.41507183103845,1.4409209063271775,1.1645849791217107,ok,/home/elads/STAR/full_grid_solar_opacity/runs/T1323p37_rho336p945/fac-opacity-cowan-state/starout.h5
1323.3730464924859,484.21626123015125,fac-opacity-cowan-state,T1323p37_rho484p216,0.2740144700083729,48.14547061808547,1.7714805955601363,1.4921810244857194,ok,/home/elads/STAR/full_grid_solar_opacity/runs/T1323p37_rho484p216/fac-opacity-cowan-state/starout.h5
1323.3730464924859,695.8564947100452,fac-opacity-cowan-state,T1323p37_rho695p856,0.2846569881332885,58.042548524422116,2.195282490724254,1.9095143152954808,ok,/home/elads/STAR/full_grid_solar_opacity/runs/T1323p37_rho695p856/fac-opacity-cowan-state/starout.h5
1323.3730464924859,1000.0,fac-opacity-cowan-state,T1323p37_rho1000,0.2980278706885802,66.78004087499396,2.72273983115421,2.4273076456150084,ok,/home/elads/STAR/full_grid_solar_opacity/runs/T1323p37_rho1000/fac-opacity-cowan-state/starout.h5
1456.876300916065,1e-17,fac-opacity-cowan-state,T1456p88_rho1em17,0.32894090341480314,1.3833157741013238e-18,0.32894090341480314,4.877185758739172e-19,ok,/home/elads/STAR/full_grid_solar_opacity/runs/T1456p88_rho1em17/fac-opacity-cowan-state/starout.h5
1456.876300916065,1.4370779141993746e-17,fac-opacity-cowan-state,T1456p88_rho1p43708em17,0.32894090341495036,1.945227731503629e-18,0.3289409034149503,6.850430809531773e-19,ok,/home/elads/STAR/full_grid_solar_opacity/runs/T1456p88_rho1p43708em17/fac-opacity-cowan-state/starout.h5
1456.876300916065,2.065192931479625e-17,fac-opacity-cowan-state,T1456p88_rho2p06519em17,0.32894090341511356,2.752750933182729e-18,0.32894090341511356,9.68618224688467e-19,ok,/home/elads/STAR/full_grid_solar_opacity/runs/T1456p88_rho2p06519em17/fac-opacity-cowan-state/starout.h5
1456.876300916065,2.9678431503900313e-17,fac-opacity-cowan-state,T1456p88_rho2p96784em17,0.328940903415294,3.916287950206044e-18,0.328940903415294,1.3772131186682062e-18,ok,/home/elads/STAR/full_grid_solar_opacity/runs/T1456p88_rho2p96784em17/fac-opacity-cowan-state/starout.h5
1456.876300916065,4.2650218442334076e-17,fac-opacity-cowan-state,T1456p88_rho4p26502em17,0.3289409034154864,5.592600675496837e-18,0.3289409034154863,1.965876852506439e-18,ok,/home/elads/STAR/full_grid_solar_opacity/runs/T1456p88_rho4p26502em17/fac-opacity-cowan-state/starout.h5
1456.876300916065,6.129168695925715e-17,fac-opacity-cowan-state,T1456p88_rho6p12917em17,0.32894090341571064,8.019257679816659e-18,0.32894090341571053,2.8184666051303926e-18,ok,/home/elads/STAR/full_grid_solar_opacity/runs/T1456p88_rho6p12917em17/fac-opacity-cowan-state/starout.h5
1456.876300916065,8.808092965317026e-17,fac-opacity-cowan-state,T1456p88_rho8p80809em17,0.3289409034153408,1.1523815206827374e-17,0.3289409034153408,4.050189088214944e-18,ok,/home/elads/STAR/full_grid_solar_opacity/runs/T1456p88_rho8p80809em17/fac-opacity-cowan-state/starout.h5
1456.876300916065,1.2657915866672028e-16,fac-opacity-cowan-state,T1456p88_rho1p26579em16,0.3289409034161718,1.655986319911636e-17,0.3289409034161718,5.8201770144870435e-18,ok,/home/elads/STAR/full_grid_solar_opacity/runs/T1456p88_rho1p26579em16/fac-opacity-cowan-state/starout.h5
1456.876300916065,1.819041133178821e-16,fac-opacity-cowan-state,T1456p88_rho1p81904em16,0.32894090341362453,2.3796604966712302e-17,0.32894090341362453,8.363632190196679e-18,ok,/home/elads/STAR/full_grid_solar_opacity/runs/T1456p88_rho1p81904em16/fac-opacity-cowan-state/starout.h5
1456.876300916065,2.6141038375114865e-16,fac-opacity-cowan-state,T1456p88_rho2p6141em16,0.3289409034138623,3.419565449648666e-17,0.3289409034138623,1.2018531108278532e-17,ok,/home/elads/STAR/full_grid_solar_opacity/runs/T1456p88_rho2p6141em16/fac-opacity-cowan-state/starout.h5
1456.876300916065,3.7566708903116036e-16,fac-opacity-cowan-state,T1456p88_rho3p75667em16,0.32894090335623977,4.913878251146637e-17,0.32894090335623977,1.7270523263334562e-17,ok,/home/elads/STAR/full_grid_solar_opacity/runs/T1456p88_rho3p75667em16/fac-opacity-cowan-state/starout.h5
1456.876300916065,5.398628767382507e-16,fac-opacity-cowan-state,T1456p88_rho5p39863em16,0.3289409034138644,7.061145006302323e-17,0.3289409034138645,2.481743894380839e-17,ok,/home/elads/STAR/full_grid_solar_opacity/runs/T1456p88_rho5p39863em16/fac-opacity-cowan-state/starout.h5
1456.876300916065,7.758250168566793e-16,fac-opacity-cowan-state,T1456p88_rho7p75825em16,0.32894090341407717,1.0146660108038458e-16,0.32894090341407717,3.5662006031233475e-17,ok,/home/elads/STAR/full_grid_solar_opacity/runs/T1456p88_rho7p75825em16/fac-opacity-cowan-state/starout.h5
1456.876300916065,1.1149209970080914e-15,fac-opacity-cowan-state,T1456p88_rho1p11492em15,0.32894090341403076,1.4580353282961947e-16,0.3289409034140308,5.1245016939575406e-17,ok,/home/elads/STAR/full_grid_solar_opacity/runs/T1456p88_rho1p11492em15/fac-opacity-cowan-state/starout.h5
1456.876300916065,1.6022283408774753e-15,fac-opacity-cowan-state,T1456p88_rho1p60223em15,0.3289409034100045,2.0951243947188647e-16,0.32894090341000454,7.36367306792127e-17,ok,/home/elads/STAR/full_grid_solar_opacity/runs/T1456p88_rho1p60223em15/fac-opacity-cowan-state/starout.h5
1456.876300916065,2.3025269621793266e-15,fac-opacity-cowan-state,T1456p88_rho2p30253em15,0.328940903413903,3.0105680599271803e-16,0.328940903413903,1.058118600829663e-16,ok,/home/elads/STAR/full_grid_solar_opacity/runs/T1456p88_rho2p30253em15/fac-opacity-cowan-state/starout.h5
1456.876300916065,3.308910644196489e-15,fac-opacity-cowan-state,T1456p88_rho3p30891em15,0.32894090341404114,4.3259748314208163e-16,0.3289409034140412,1.520446917701681e-16,ok,/home/elads/STAR/full_grid_solar_opacity/runs/T1456p88_rho3p30891em15/fac-opacity-cowan-state/starout.h5
1456.876300916065,4.755162406834019e-15,fac-opacity-cowan-state,T1456p88_rho4p75516em15,0.32894090336843235,6.216079427057264e-16,0.3289409033684325,2.1847682703471601e-16,ok,/home/elads/STAR/full_grid_solar_opacity/runs/T1456p88_rho4p75516em15/fac-opacity-cowan-state/starout.h5
1456.876300916065,6.8335388732923106e-15,fac-opacity-cowan-state,T1456p88_rho6p83354em15,0.3289409034139506,8.931952374025235e-16,0.3289409034139509,3.1393300464779023e-16,ok,/home/elads/STAR/full_grid_solar_opacity/runs/T1456p88_rho6p83354em15/fac-opacity-cowan-state/starout.h5
1456.876300916065,9.820327790631256e-15,fac-opacity-cowan-state,T1456p88_rho9p82033em15,0.32894090341512505,1.2834346818468269e-15,0.32894090341512544,4.510931504376789e-16,ok,/home/elads/STAR/full_grid_solar_opacity/runs/T1456p88_rho9p82033em15/fac-opacity-cowan-state/starout.h5
1456.876300916065,1.4112576178114521e-14,fac-opacity-cowan-state,T1456p88_rho1p41126em14,0.32894090341393944,1.844164662246082e-15,0.3289409034139401,6.481781466570021e-16,ok,/home/elads/STAR/full_grid_solar_opacity/runs/T1456p88_rho1p41126em14/fac-opacity-cowan-state/starout.h5
1456.876300916065,2.0280871538024598e-14,fac-opacity-cowan-state,T1456p88_rho2p02809em14,0.328940903413895,2.6498727129804105e-15,0.32894090341389587,9.313699391601988e-16,ok,/home/elads/STAR/full_grid_solar_opacity/runs/T1456p88_rho2p02809em14/fac-opacity-cowan-state/starout.h5
1456.876300916065,2.914519256800997e-14,fac-opacity-cowan-state,T1456p88_rho2p91452em14,0.32894090341506216,3.8075981570002705e-15,0.3289409034150634,1.3382927716581379e-15,ok,/home/elads/STAR/full_grid_solar_opacity/runs/T1456p88_rho2p91452em14/fac-opacity-cowan-state/starout.h5
1456.876300916065,4.188391254457488e-14,fac-opacity-cowan-state,T1456p88_rho4p18839em14,0.3289409034139506,5.471164272873749e-15,0.3289409034139524,1.923016206076068e-15,ok,/home/elads/STAR/full_grid_solar_opacity/runs/T1456p88_rho4p18839em14/fac-opacity-cowan-state/starout.h5
1456.876300916065,6.019044567806669e-14,fac-opacity-cowan-state,T1456p88_rho6p01904em14,0.32894090341409793,7.861642663466383e-15,0.3289409034141007,2.7632491402052334e-15,ok,/home/elads/STAR/full_grid_solar_opacity/runs/T1456p88_rho6p01904em14/fac-opacity-cowan-state/starout.h5
1456.876300916065,8.649836012976684e-14,fac-opacity-cowan-state,T1456p88_rho8p64984em14,0.32894090341394855,1.1296779674255992e-14,0.3289409034139523,3.970684456465301e-15,ok,/home/elads/STAR/full_grid_solar_opacity/runs/T1456p88_rho8p64984em14/fac-opacity-cowan-state/starout.h5
1456.876300916065,1.2430488295695167e-13,fac-opacity-cowan-state,T1456p88_rho1p24305em13,0.3289409034142853,1.6233311747439827e-14,0.3289409034142909,5.705875758491276e-15,ok,/home/elads/STAR/full_grid_solar_opacity/runs/T1456p88_rho1p24305em13/fac-opacity-cowan-state/starout.h5
1456.876300916065,1.7863580192457348e-13,fac-opacity-cowan-state,T1456p88_rho1p78636em13,0.3289409034138983,2.3327850182593373e-14,0.3289409034139064,8.199641558591564e-15,ok,/home/elads/STAR/full_grid_solar_opacity/runs/T1456p88_rho1p78636em13/fac-opacity-cowan-state/starout.h5
1456.876300916065,2.567135656310987e-13,fac-opacity-cowan-state,T1456p88_rho2p56714em13,0.3289409034139382,3.352460050224426e-14,0.3289409034139497,1.1783909400863176e-14,ok,/home/elads/STAR/full_grid_solar_opacity/runs/T1456p88_rho2p56714em13/fac-opacity-cowan-state/starout.h5
1456.876300916065,3.6891739544382357e-13,fac-opacity-cowan-state,T1456p88_rho3p68917em13,0.32894090341317334,4.818086387174899e-14,0.3289409034131896,1.6935829843815993e-14,ok,/home/elads/STAR/full_grid_solar_opacity/runs/T1456p88_rho3p68917em13/fac-opacity-cowan-state/starout.h5
1456.876300916065,5.301630411562758e-13,fac-opacity-cowan-state,T1456p88_rho5p30163em13,0.32894090341402504,6.924909785863941e-14,0.3289409034140487,2.4341816875987344e-14,ok,/home/elads/STAR/full_grid_solar_opacity/runs/T1456p88_rho5p30163em13/fac-opacity-cowan-state/starout.h5
1456.876300916065,7.618855973704612e-13,fac-opacity-cowan-state,T1456p88_rho7p61886em13,0.32894090341407256,9.953731810319872e-14,0.32894090341410614,3.498908903167895e-14,ok,/home/elads/STAR/full_grid_solar_opacity/runs/T1456p88_rho7p61886em13/fac-opacity-cowan-state/starout.h5
1456.876300916065,1.0948889651276868e-12,fac-opacity-cowan-state,T1456p88_rho1p09489em12,0.32894090341753285,1.43084816390367e-13,0.32894090341758175,5.029780621489928e-14,ok,/home/elads/STAR/full_grid_solar_opacity/runs/T1456p88_rho1p09489em12/fac-opacity-cowan-state/starout.h5
1456.876300916065,1.5734407502856082e-12,fac-opacity-cowan-state,T1456p88_rho1p57344em12,0.32894090340393306,2.057030656489291e-13,0.3289409034040026,7.23113061414401e-14,ok,/home/elads/STAR/full_grid_solar_opacity/runs/T1456p88_rho1p57344em12/fac-opacity-cowan-state/starout.h5
1456.876300916065,2.26115695153675e-12,fac-opacity-cowan-state,T1456p88_rho2p26116em12,0.3289409034134814,2.9575486319148024e-13,0.32894090341358206,1.039701552102193e-13,ok,/home/elads/STAR/full_grid_solar_opacity/runs/T1456p88_rho2p26116em12/fac-opacity-cowan-state/starout.h5
1456.876300916065,3.249458715591849e-12,fac-opacity-cowan-state,T1456p88_rho3p24946em12,0.3289409034140145,4.252810682833456e-13,0.3289409034141592,1.495085313961712e-13,ok,/home/elads/STAR/full_grid_solar_opacity/runs/T1456p88_rho3p24946em12/fac-opacity-cowan-state/starout.h5
1456.876300916065,4.669725353279713e-12,fac-opacity-cowan-state,T1456p88_rho4p66973em12,0.32894090341539023,6.116318982595225e-13,0.3289409034155979,2.150284792014905e-13,ok,/home/elads/STAR/full_grid_solar_opacity/runs/T1456p88_rho4p66973em12/fac-opacity-cowan-state/starout.h5
1456.876300916065,6.710759170575148e-12,fac-opacity-cowan-state,T1456p88_rho6p71076em12,0.32894090341262283,8.798471322159243e-13,0.3289409034129232,3.093379169055522e-13,ok,/home/elads/STAR/full_grid_solar_opacity/runs/T1456p88_rho6p71076em12/fac-opacity-cowan-state/starout.h5
1456.876300916065,9.64388379154446e-12,fac-opacity-cowan-state,T1456p88_rho9p64388em12,0.3289409034130431,1.266163171687483e-12,0.3289409034134738,4.451869672398251e-13,ok,/home/elads/STAR/full_grid_solar_opacity/runs/T1456p88_rho9p64388em12/fac-opacity-cowan-state/starout.h5
1456.876300916065,1.3859012403933867e-11,fac-opacity-cowan-state,T1456p88_rho1p3859em11,0.3289409034129017,1.8232536932045477e-12,0.32894090341352145,6.41118314793967e-13,ok,/home/elads/STAR/full_grid_solar_opacity/runs/T1456p88_rho1p3859em11/fac-opacity-cowan-state/starout.h5
1456.876300916065,1.9916480638308542e-11,fac-opacity-cowan-state,T1456p88_rho1p99165em11,0.3289409034094891,2.6284939892966e-12,0.32894090341038157,9.243944816209116e-13,ok,/home/elads/STAR/full_grid_solar_opacity/runs/T1456p88_rho1p99165em11/fac-opacity-cowan-state/starout.h5
1456.876300916065,2.8621534453892672e-11,fac-opacity-cowan-state,T1456p88_rho2p86215em11,0.3289409034022452,3.8024761676740365e-12,0.32894090340353926,1.3376369508990135e-12,ok,/home/elads/STAR/full_grid_solar_opacity/runs/T1456p88_rho2p86215em11/fac-opacity-cowan-state/starout.h5
1456.876300916065,4.1131375034185614e-11,fac-opacity-cowan-state,T1456p88_rho4p11314em11,0.32894090340593746,5.490707720401913e-12,0.3289409034078057,1.931911188932473e-12,ok,/home/elads/STAR/full_grid_solar_opacity/runs/T1456p88_rho4p11314em11/fac-opacity-cowan-state/starout.h5
1456.876300916065,5.910899064227969e-11,fac-opacity-cowan-state,T1456p88_rho5p9109em11,0.32894090340348964,7.915981160218094e-12,0.32894090340618515,2.78552179412272e-12,ok,/home/elads/STAR/full_grid_solar_opacity/runs/T1456p88_rho5p9109em11/fac-opacity-cowan-state/starout.h5
1456.876300916065,8.4944224982638e-11,fac-opacity-cowan-state,T1456p88_rho8p49442em11,0.3280616951970311,1.142846915660464e-11,0.3280616952009212,4.020647620043866e-12,ok,/home/elads/STAR/full_grid_solar_opacity/runs/T1456p88_rho8p49442em11/fac-opacity-cowan-state/starout.h5
1456.876300916065,1.2207146966133182e-10,fac-opacity-cowan-state,T1456p88_rho1p22071em10,0.32806169513958,1.6403569074898e-11,0.3280616951451652,5.773761817068443e-12,ok,/home/elads/STAR/full_grid_solar_opacity/runs/T1456p88_rho1p22071em10/fac-opacity-cowan-state/starout.h5
1456.876300916065,1.7542621300415897e-10,fac-opacity-cowan-state,T1456p88_rho1p75426em10,0.32806169517975564,2.3536484257780727e-11,0.3280616951877642,8.280648963914935e-12,ok,/home/elads/STAR/full_grid_solar_opacity/runs/T1456p88_rho1p75426em10/fac-opacity-cowan-state/starout.h5
1456.876300916065,2.52101136279913e-10,fac-opacity-cowan-state,T1456p88_rho2p52101em10,0.3280616951617085,3.3760968824259674e-11,0.32806169517320105,1.1881412839202144e-11,ok,/home/elads/STAR/full_grid_solar_opacity/runs/T1456p88_rho2p52101em10/fac-opacity-cowan-state/starout.h5
1456.876300916065,3.6228897509242966e-10,fac-opacity-cowan-state,T1456p88_rho3p62289em10,0.32806169514569333,4.872008954698282e-11,0.32806169516227973,1.714625236800141e-11,ok,/home/elads/STAR/full_grid_solar_opacity/runs/T1456p88_rho3p62289em10/fac-opacity-cowan-state/starout.h5
1456.876300916065,5.20637484663258e-10,fac-opacity-cowan-state,T1456p88_rho5p20637em10,0.3280616951424184,7.049922203056914e-11,0.3280616951664261,2.481852031004061e-11,ok,/home/elads/STAR/full_grid_solar_opacity/runs/T1456p88_rho5p20637em10/fac-opacity-cowan-state/starout.h5
1456.876300916065,7.481966305138837e-10,fac-opacity-cowan-state,T1456p88_rho7p48197em10,0.3280616950670312,1.0202383002005555e-10,0.3280616951017764,3.591726359667042e-11,ok,/home/elads/STAR/full_grid_solar_opacity/runs/T1456p88_rho7p48197em10/fac-opacity-cowan-state/starout.h5
1456.876300916065,1.0752168531898921e-09,fac-opacity-cowan-state,T1456p88_rho1p07522em09,0.3280616950116165,1.473900348121383e-10,0.32806169506182126,5.189896218257595e-11,ok,/home/elads/STAR/full_grid_solar_opacity/runs/T1456p88_rho1p07522em09/fac-opacity-cowan-state/starout.h5
1456.876300916065,1.5451703926941453e-09,fac-opacity-cowan-state,T1456p88_rho1p54517em09,0.32806169378113836,2.1264668019151933e-10,0.32806169385356165,7.486865983409013e-11,ok,/home/elads/STAR/full_grid_solar_opacity/runs/T1456p88_rho1p54517em09/fac-opacity-cowan-state/starout.h5
1456.876300916065,2.220530245015531e-09,fac-opacity-cowan-state,T1456p88_rho2p22053em09,0.3280616948016741,3.06801895220424e-10,0.3280616949061744,1.0802778808996863e-10,ok,/home/elads/STAR/full_grid_solar_opacity/runs/T1456p88_rho2p22053em09/fac-opacity-cowan-state/starout.h5
1456.876300916065,3.1910749729235452e-09,fac-opacity-cowan-state,T1456p88_rho3p19107em09,0.3280616946261455,4.3471968562676547e-10,0.32806169477409347,1.5294389827882155e-10,ok,/home/elads/STAR/full_grid_solar_opacity/runs/T1456p88_rho3p19107em09/fac-opacity-cowan-state/starout.h5
1456.876300916065,4.585823366142813e-09,fac-opacity-cowan-state,T1456p88_rho4p58582em09,0.32806169395956064,6.206331969014687e-10,0.3280616941706757,2.182446362865179e-10,ok,/home/elads/STAR/full_grid_solar_opacity/runs/T1456p88_rho4p58582em09/fac-opacity-cowan-state/starout.h5
1456.876300916065,6.590185477903269e-09,fac-opacity-cowan-state,T1456p88_rho6p59019em09,0.3280616940392158,8.843628609661464e-10,0.3280616943398718,3.108143578390047e-10,ok,/home/elads/STAR/full_grid_solar_opacity/runs/T1456p88_rho6p59019em09/fac-opacity-cowan-state/starout.h5
1456.876300916065,9.470610000772238e-09,fac-opacity-cowan-state,T1456p88_rho9p47061em09,0.3280616935607876,1.2567410990602408e-09,0.32806169398775775,4.4139881094839227e-10,ok,/home/elads/STAR/full_grid_solar_opacity/runs/T1456p88_rho9p47061em09/fac-opacity-cowan-state/starout.h5
1456.876300916065,1.3610004466105506e-08,fac-opacity-cowan-state,T1456p88_rho1p361em08,0.32806169290304193,1.796907098660541e-09,0.3280616935133067,6.308871923523758e-10,ok,/home/elads/STAR/full_grid_solar_opacity/runs/T1456p88_rho1p361em08/fac-opacity-cowan-state/starout.h5
1456.876300916065,1.9558636830395073e-08,fac-opacity-cowan-state,T1456p88_rho1p95586em08,0.3280616920344543,2.6093755715308882e-09,0.32806169292096304,9.164527582753937e-10,ok,/home/elads/STAR/full_grid_solar_opacity/runs/T1456p88_rho1p95586em08/fac-opacity-cowan-state/starout.h5
1456.876300916065,2.810728502080722e-08,fac-opacity-cowan-state,T1456p88_rho2p81073em08,0.32806169088565845,4.0791790286389835e-09,0.3280616927412721,1.891453800519807e-09,ok,/home/elads/STAR/full_grid_solar_opacity/runs/T1456p88_rho2p81073em08/fac-opacity-cowan-state/starout.h5
1456.876300916065,4.039235853150913e-08,fac-opacity-cowan-state,T1456p88_rho4p03924em08,0.3280616894736383,5.892796723446936e-09,0.3280616921545179,2.7324975017725085e-09,ok,/home/elads/STAR/full_grid_solar_opacity/runs/T1456p88_rho4p03924em08/fac-opacity-cowan-state/starout.h5
1456.876300916065,5.804696634805446e-08,fac-opacity-cowan-state,T1456p88_rho5p8047em08,0.32806168748975145,1.596777783738623e-08,0.3280617011726478,1.3704514782975968e-08,ok,/home/elads/STAR/full_grid_solar_opacity/runs/T1456p88_rho5p8047em08/fac-opacity-cowan-state/starout.h5
1456.876300916065,8.341801332506338e-08,fac-opacity-cowan-state,T1456p88_rho8p3418em08,0.3280616854389165,2.3034655749897446e-08,0.32806170515529043,1.9747764882340887e-08,ok,/home/elads/STAR/full_grid_solar_opacity/runs/T1456p88_rho8p3418em08/fac-opacity-cowan-state/starout.h5
1456.876300916065,1.1987818459583772e-07,fac-opacity-cowan-state,T1456p88_rho1p19878em07,0.3280616820666192,3.2772579345301835e-08,0.32806171031422293,2.8287888920873387e-08,ok,/home/elads/STAR/full_grid_solar_opacity/runs/T1456p88_rho1p19878em07/fac-opacity-cowan-state/starout.h5
1456.876300916065,1.7227429147699408e-07,fac-opacity-cowan-state,T1456p88_rho1p72274em07,0.3280616784682258,4.6687800079035165e-08,0.3280617189590329,4.054212735838245e-08,ok,/home/elads/STAR/full_grid_solar_opacity/runs/T1456p88_rho1p72274em07/fac-opacity-cowan-state/starout.h5
1456.876300916065,2.4757157946593376e-07,fac-opacity-cowan-state,T1456p88_rho2p47572em07,0.32806167389952484,6.745664629494735e-08,0.3280617322958287,5.847065271090412e-08,ok,/home/elads/STAR/full_grid_solar_opacity/runs/T1456p88_rho2p47572em07/fac-opacity-cowan-state/starout.h5
1456.876300916065,3.557796490339488e-07,fac-opacity-cowan-state,T1456p88_rho3p5578em07,0.32806166839201606,9.920052831716987e-08,0.32806175330963,8.504608479139574e-08,ok,/home/elads/STAR/full_grid_solar_opacity/runs/T1456p88_rho3p5578em07/fac-opacity-cowan-state/starout.h5
1456.876300916065,5.112830759482948e-07,fac-opacity-cowan-state,T1456p88_rho5p11283em07,0.32806166170070433,1.4229376108062205e-07,0.3280617837598424,1.2223239210093438e-07,ok,/home/elads/STAR/full_grid_solar_opacity/runs/T1456p88_rho5p11283em07/fac-opacity-cowan-state/starout.h5
1456.876300916065,7.347536163492159e-07,fac-opacity-cowan-state,T1456p88_rho7p34754em07,0.3280616535512286,2.0561786047371644e-07,0.32806182983126364,1.765351041393332e-07,ok,/home/elads/STAR/full_grid_solar_opacity/runs/T1456p88_rho7p34754em07/fac-opacity-cowan-state/starout.h5
1456.876300916065,1.0558981944335787e-06,fac-opacity-cowan-state,T1456p88_rho1p0559em06,0.32806164365233076,2.964035255701916e-07,0.32806189804629854,2.5475687505881133e-07,ok,/home/elads/STAR/full_grid_solar_opacity/runs/T1456p88_rho1p0559em06/fac-opacity-cowan-state/starout.h5
1456.876300916065,1.517407974863493e-06,fac-opacity-cowan-state,T1456p88_rho1p51741em06,0.32806163161777274,4.2624283675844336e-07,0.32806199744054826,3.6632870130735567e-07,ok,/home/elads/STAR/full_grid_solar_opacity/runs/T1456p88_rho1p51741em06/fac-opacity-cowan-state/starout.h5
1456.876300916065,2.1806334875063253e-06,fac-opacity-cowan-state,T1456p88_rho2p18063em06,0.32806161708327536,6.293598037454077e-07,0.3280621507325462,5.34556744495969e-07,ok,/home/elads/STAR/full_grid_solar_opacity/runs/T1456p88_rho2p18063em06/fac-opacity-cowan-state/starout.h5
1456.876300916065,3.1337402238588983e-06,fac-opacity-cowan-state,T1456p88_rho3p13374em06,0.3280615992737306,9.115641045452507e-07,0.3280623702862798,7.724205323153021e-07,ok,/home/elads/STAR/full_grid_solar_opacity/runs/T1456p88_rho3p13374em06/fac-opacity-cowan-state/starout.h5
1456.876300916065,4.503428864545845e-06,fac-opacity-cowan-state,T1456p88_rho4p50343em06,0.32806157745636044,1.2965248676683246e-06,0.3280626758619436,1.100380621196754e-06,ok,/home/elads/STAR/full_grid_solar_opacity/runs/T1456p88_rho4p50343em06/fac-opacity-cowan-state/starout.h5
1456.876300916065,6.471778159406801e-06,fac-opacity-cowan-state,T1456p88_rho6p47178em06,0.3280615505022336,1.900359686097465e-06,0.32806313734561476,1.5903784284727684e-06,ok,/home/elads/STAR/full_grid_solar_opacity/runs/T1456p88_rho6p47178em06/fac-opacity-cowan-state/starout.h5
1456.876300916065,9.300449458481393e-06,fac-opacity-cowan-state,T1456p88_rho9p30045em06,0.3280615171362058,2.746447715765263e-06,0.3280637884429517,2.277057650744143e-06,ok,/home/elads/STAR/full_grid_solar_opacity/runs/T1456p88_rho9p30045em06/fac-opacity-cowan-state/starout.h5
1456.876300916065,1.3365470508911143e-05,fac-opacity-cowan-state,T1456p88_rho1p33655em05,0.32806147739704045,3.875932497332931e-06,0.32806468930938015,3.220022429742983e-06,ok,/home/elads/STAR/full_grid_solar_opacity/runs/T1456p88_rho1p33655em05/fac-opacity-cowan-state/starout.h5
1456.876300916065,1.920722248123928e-05,fac-opacity-cowan-state,T1456p88_rho1p92072em05,0.3280614253354327,5.530015648995395e-06,0.32806598629700295,4.573069178955468e-06,ok,/home/elads/STAR/full_grid_solar_opacity/runs/T1456p88_rho1p92072em05/fac-opacity-cowan-state/starout.h5
1456.876300916065,2.760227522090268e-05,fac-opacity-cowan-state,T1456p88_rho2p76023em05,0.3280613632669802,7.938304086312558e-06,0.3280678631727356,6.517866948262377e-06,ok,/home/elads/STAR/full_grid_solar_opacity/runs/T1456p88_rho2p76023em05/fac-opacity-cowan-state/starout.h5
1456.876300916065,3.966662010161191e-05,fac-opacity-cowan-state,T1456p88_rho3p96666em05,0.32806127964990384,1.1373148942350132e-05,0.3280705517750014,9.297219729367293e-06,ok,/home/elads/STAR/full_grid_solar_opacity/runs/T1456p88_rho3p96666em05/fac-opacity-cowan-state/starout.h5
1456.876300916065,5.7004023678963655e-05,fac-opacity-cowan-state,T1456p88_rho5p7004em05,0.32806117315343647,1.6227479381666537e-05,0.328074409877587,1.3268432485360923e-05,ok,/home/elads/STAR/full_grid_solar_opacity/runs/T1456p88_rho5p7004em05/fac-opacity-cowan-state/starout.h5
1456.876300916065,8.191922344953684e-05,fac-opacity-cowan-state,T1456p88_rho8p19192em05,0.3280610659039095,2.3304595445129146e-05,0.3280799493142803,1.892552873757707e-05,ok,/home/elads/STAR/full_grid_solar_opacity/runs/T1456p88_rho8p19192em05/fac-opacity-cowan-state/starout.h5
1456.876300916065,0.00011772430676769293,fac-opacity-cowan-state,T1456p88_rho0p000117724,0.32806100296366114,3.3013054207793816e-05,0.32808744840367304,2.650704598785547e-05,ok,/home/elads/STAR/full_grid_solar_opacity/runs/T1456p88_rho0p000117724/fac-opacity-cowan-state/starout.h5
1456.876300916065,0.00016917900122028344,fac-opacity-cowan-state,T1456p88_rho0p000169179,0.32806077988669446,4.6828888601283524e-05,0.32809739900457296,3.672322437406437e-05,ok,/home/elads/STAR/full_grid_solar_opacity/runs/T1456p88_rho0p000169179/fac-opacity-cowan-state/starout.h5
1456.876300916065,0.0002431234061999784,fac-opacity-cowan-state,T1456p88_rho0p000243123,0.32806048054962145,6.624886432501762e-05,0.3281111596791918,5.0834546668179415e-05,ok,/home/elads/STAR/full_grid_solar_opacity/runs/T1456p88_rho0p000243123/fac-opacity-cowan-state/starout.h5
1456.876300916065,0.0003493872774749123,fac-opacity-cowan-state,T1456p88_rho0p000349387,0.32806007726655084,9.410985852792073e-05,0.328130947431771,7.106061327440674e-05,ok,/home/elads/STAR/full_grid_solar_opacity/runs/T1456p88_rho0p000349387/fac-opacity-cowan-state/starout.h5
1456.876300916065,0.0005020967399614471,fac-opacity-cowan-state,T1456p88_rho0p000502097,0.32805955211373605,0.00013288685550557567,0.3281570568694071,9.775618714726381e-05,ok,/home/elads/STAR/full_grid_solar_opacity/runs/T1456p88_rho0p000502097/fac-opacity-cowan-state/starout.h5
1456.876300916065,0.0007215521357901021,fac-opacity-cowan-state,T1456p88_rho0p000721552,0.32805877745085565,0.00018528025689444874,0.32818817297161973,0.0001298335381472082,ok,/home/elads/STAR/full_grid_solar_opacity/runs/T1456p88_rho0p000721552/fac-opacity-cowan-state/starout.h5
1456.876300916065,0.0010369266382873438,fac-opacity-cowan-state,T1456p88_rho0p00103693,0.3280577615583981,0.00025991209338735086,0.3282338162592429,0.00017657642642538552,ok,/home/elads/STAR/full_grid_solar_opacity/runs/T1456p88_rho0p00103693/fac-opacity-cowan-state/starout.h5
1456.876300916065,0.0014901443705277455,fac-opacity-cowan-state,T1456p88_rho0p00149014,0.32805633567353276,0.0003606846054529187,0.32828926469568326,0.00023368254638148392,ok,/home/elads/STAR/full_grid_solar_opacity/runs/T1456p88_rho0p00149014/fac-opacity-cowan-state/starout.h5
1456.876300916065,0.002141453563853953,fac-opacity-cowan-state,T1456p88_rho0p00214145,0.3280544126439021,0.0004974159879042415,0.32836048460903045,0.0003071308689322453,ok,/home/elads/STAR/full_grid_solar_opacity/runs/T1456p88_rho0p00214145/fac-opacity-cowan-state/starout.h5
1456.876300916065,0.003077435620898055,fac-opacity-cowan-state,T1456p88_rho0p00307744,0.32805161978337344,0.0006829549826477386,0.32845366262132164,0.00040345990027714705,ok,/home/elads/STAR/full_grid_solar_opacity/runs/T1456p88_rho0p00307744/fac-opacity-cowan-state/starout.h5
1456.876300916065,0.004422514763163053,fac-opacity-cowan-state,T1456p88_rho0p00442251,0.3280476833140522,0.0009362584866937025,0.32858285820077154,0.0005367679666598656,ok,/home/elads/STAR/full_grid_solar_opacity/runs/T1456p88_rho0p00442251/fac-opacity-cowan-state/starout.h5
1456.876300916065,0.006355498291362301,fac-opacity-cowan-state,T1456p88_rho0p0063555,0.3280422943299823,0.0012667137676980976,0.32872511776201213,0.0006855117401444614,ok,/home/elads/STAR/full_grid_solar_opacity/runs/T1456p88_rho0p0063555/fac-opacity-cowan-state/starout.h5
1456.876300916065,0.009133346228248624,fac-opacity-cowan-state,T1456p88_rho0p00913335,0.3280349134694685,0.0017250455000166064,0.3289313317440833,0.000899903080696534,ok,/home/elads/STAR/full_grid_solar_opacity/runs/T1456p88_rho0p00913335/fac-opacity-cowan-state/starout.h5
1456.876300916065,0.01312533014735226,fac-opacity-cowan-state,T1456p88_rho0p0131253,0.3280246526736743,0.002358789957027279,0.32921235941365856,0.001191877792851582,ok,/home/elads/STAR/full_grid_solar_opacity/runs/T1456p88_rho0p0131253/fac-opacity-cowan-state/starout.h5
1456.876300916065,0.018862122071335155,fac-opacity-cowan-state,T1456p88_rho0p0188621,0.3280104287057231,0.0032285494260120406,0.32956582747293545,0.001560701907708937,ok,/home/elads/STAR/full_grid_solar_opacity/runs/T1456p88_rho0p0188621/fac-opacity-cowan-state/starout.h5
1456.876300916065,0.02710633904364831,fac-opacity-cowan-state,T1456p88_rho0p0271063,0.3279906471617978,0.004453367424064467,0.3300394504011019,0.0020553433399451817,ok,/home/elads/STAR/full_grid_solar_opacity/runs/T1456p88_rho0p0271063/fac-opacity-cowan-state/starout.h5
1456.876300916065,0.038953921174427183,fac-opacity-cowan-state,T1456p88_rho0p0389539,0.32796305588900704,0.006224728466322223,0.3307668819086648,0.00280820783809424,ok,/home/elads/STAR/full_grid_solar_opacity/runs/T1456p88_rho0p0389539/fac-opacity-cowan-state/starout.h5
1456.876300916065,0.0559798197912329,fac-opacity-cowan-state,T1456p88_rho0p0559798,0.3279247009175682,0.008609065152683225,0.3314630765566735,0.00354717004338294,ok,/home/elads/STAR/full_grid_solar_opacity/runs/T1456p88_rho0p0559798/fac-opacity-cowan-state/starout.h5
1456.876300916065,0.08044736266284185,fac-opacity-cowan-state,T1456p88_rho0p0804474,0.32787041969955794,0.012059242016666187,0.3325345586273175,0.004671912996779916,ok,/home/elads/STAR/full_grid_solar_opacity/runs/T1456p88_rho0p0804474/fac-opacity-cowan-state/starout.h5
1456.876300916065,0.11560912813835741,fac-opacity-cowan-state,T1456p88_rho0p115609,0.32779415395845435,0.016879438226936588,0.33376530425038375,0.005980301201160674,ok,/home/elads/STAR/full_grid_solar_opacity/runs/T1456p88_rho0p115609/fac-opacity-cowan-state/starout.h5
1456.876300916065,0.1661393247274789,fac-opacity-cowan-state,T1456p88_rho0p166139,0.32768716738062387,0.023726334307841768,0.3353723556299597,0.007691954480337655,ok,/home/elads/STAR/full_grid_solar_opacity/runs/T1456p88_rho0p166139/fac-opacity-cowan-state/starout.h5
1456.876300916065,0.23875515424585794,fac-opacity-cowan-state,T1456p88_rho0p238755,0.3275370876236762,0.03328433045598832,0.33710752585020226,0.009578146213547151,ok,/home/elads/STAR/full_grid_solar_opacity/runs/T1456p88_rho0p238755/fac-opacity-cowan-state/starout.h5
1456.876300916065,0.34310975906798746,fac-opacity-cowan-state,T1456p88_rho0p34311,0.3273195890659044,0.04688389395506305,0.3392309473543028,0.011915129084875567,ok,/home/elads/STAR/full_grid_solar_opacity/runs/T1456p88_rho0p34311/fac-opacity-cowan-state/starout.h5
1456.876300916065,0.49307545690287347,fac-opacity-cowan-state,T1456p88_rho0p493075,0.32702239258935645,0.06621882542264086,0.34179819803220446,0.01476556243115268,ok,/home/elads/STAR/full_grid_solar_opacity/runs/T1456p88_rho0p493075/fac-opacity-cowan-state/starout.h5
1456.876300916065,0.7085878491488851,fac-opacity-cowan-state,T1456p88_rho0p708588,0.32660979374152604,0.09376492691424697,0.3448300567760765,0.018181104878053956,ok,/home/elads/STAR/full_grid_solar_opacity/runs/T1456p88_rho0p708588/fac-opacity-cowan-state/starout.h5
1456.876300916065,1.0182959482819007,fac-opacity-cowan-state,T1456p88_rho1p0183,0.3260406465468828,0.13310001670943442,0.34848758155732834,0.022348542140117014,ok,/home/elads/STAR/full_grid_solar_opacity/runs/T1456p88_rho1p0183/fac-opacity-cowan-state/starout.h5
1456.876300916065,1.4633706173946401,fac-opacity-cowan-state,T1456p88_rho1p46337,0.325261309142061,0.18950440117862058,0.3532742479841799,0.027799604062640277,ok,/home/elads/STAR/full_grid_solar_opacity/runs/T1456p88_rho1p46337/fac-opacity-cowan-state/starout.h5
1456.876300916065,2.1029775945461404,fac-opacity-cowan-state,T1456p88_rho2p10298,0.3242033671760985,0.2702199483111733,0.3592349658155145,0.034626285359689576,ok,/home/elads/STAR/full_grid_solar_opacity/runs/T1456p88_rho2p10298/fac-opacity-cowan-state/starout.h5
1456.876300916065,3.0221426551783854,fac-opacity-cowan-state,T1456p88_rho3p02214,0.32278199321575946,0.38571204603458664,0.36684050980596383,0.04334408475715334,ok,/home/elads/STAR/full_grid_solar_opacity/runs/T1456p88_rho3p02214/fac-opacity-cowan-state/starout.h5
1456.876300916065,4.343054463316713,fac-opacity-cowan-state,T1456p88_rho4p34305,0.32089648307388735,0.5513223804980961,0.3778031500890224,0.05571324485588718,ok,/home/elads/STAR/full_grid_solar_opacity/runs/T1456p88_rho4p34305/fac-opacity-cowan-state/starout.h5
1456.876300916065,6.241307649397467,fac-opacity-cowan-state,T1456p88_rho6p24131,0.3184308416768299,0.7873416613116454,0.39167967227897316,0.07137279195863523,ok,/home/elads/STAR/full_grid_solar_opacity/runs/T1456p88_rho6p24131/fac-opacity-cowan-state/starout.h5
1456.876300916065,8.969245378672715,fac-opacity-cowan-state,T1456p88_rho8p96925,0.3152663905614949,1.1228039174614057,0.40864488496152657,0.09056869446223474,ok,/home/elads/STAR/full_grid_solar_opacity/runs/T1456p88_rho8p96925/fac-opacity-cowan-state/starout.h5
1456.876300916065,12.889504440725364,fac-opacity-cowan-state,T1456p88_rho12p8895,0.3112921767258166,1.5983301822315061,0.4296590752887237,0.11433120351440255,ok,/home/elads/STAR/full_grid_solar_opacity/runs/T1456p88_rho12p8895/fac-opacity-cowan-state/starout.h5
1456.876300916065,18.52322215674118,fac-opacity-cowan-state,T1456p88_rho18p5232,0.3064320448141068,2.2698927144254855,0.4560343490154917,0.14403403464325837,ok,/home/elads/STAR/full_grid_solar_opacity/runs/T1456p88_rho18p5232/fac-opacity-cowan-state/starout.h5
1456.876300916065,26.61931346126126,fac-opacity-cowan-state,T1456p88_rho26p6193,0.30068021418069024,3.2129176953215746,0.48848640855619,0.18042365370475993,ok,/home/elads/STAR/full_grid_solar_opacity/runs/T1456p88_rho26p6193/fac-opacity-cowan-state/starout.h5
1456.876300916065,38.254027466328665,fac-opacity-cowan-state,T1456p88_rho38p254,0.29414438354943345,4.5280642709469525,0.5293882306702095,0.2258720978974517,ok,/home/elads/STAR/full_grid_solar_opacity/runs/T1456p88_rho38p254/fac-opacity-cowan-state/starout.h5
1456.876300916065,54.97401800103719,fac-opacity-cowan-state,T1456p88_rho54p974,0.2870945865008459,6.344391939099217,0.581461915503841,0.2830283434411832,ok,/home/elads/STAR/full_grid_solar_opacity/runs/T1456p88_rho54p974/fac-opacity-cowan-state/starout.h5
1456.876300916065,79.0019471240894,fac-opacity-cowan-state,T1456p88_rho79p0019,0.279999143942099,8.820855879697618,0.6486913472264734,0.3556981930107928,ok,/home/elads/STAR/full_grid_solar_opacity/runs/T1456p88_rho79p0019/fac-opacity-cowan-state/starout.h5
1456.876300916065,113.53195339077567,fac-opacity-cowan-state,T1456p88_rho113p532,0.27359686804816047,12.139070551373203,0.734579756965838,0.44697993822174126,ok,/home/elads/STAR/full_grid_solar_opacity/runs/T1456p88_rho113p532/fac-opacity-cowan-state/starout.h5
1456.876300916065,163.15426277379785,fac-opacity-cowan-state,T1456p88_rho163p154,0.268555696619281,16.489294205264297,0.8458302512454283,0.5632908273288042,ok,/home/elads/STAR/full_grid_solar_opacity/runs/T1456p88_rho163p154/fac-opacity-cowan-state/starout.h5
1456.876300916065,234.46538763970608,fac-opacity-cowan-state,T1456p88_rho234p465,0.26608657621023746,22.026195365079033,0.9914217166213152,0.7126018664560707,ok,/home/elads/STAR/full_grid_solar_opacity/runs/T1456p88_rho234p465/fac-opacity-cowan-state/starout.h5
1456.876300916065,336.94503022121665,fac-opacity-cowan-state,T1456p88_rho336p945,0.2668950396465527,28.778830524778428,1.1836718566664948,0.9065884235633408,ok,/home/elads/STAR/full_grid_solar_opacity/runs/T1456p88_rho336p945/fac-opacity-cowan-state/starout.h5
1456.876300916065,484.21626123015125,fac-opacity-cowan-state,T1456p88_rho484p216,0.27164068531774477,36.57070186549757,1.4345119392317793,1.1562503712574244,ok,/home/elads/STAR/full_grid_solar_opacity/runs/T1456p88_rho484p216/fac-opacity-cowan-state/starout.h5
1456.876300916065,695.8564947100452,fac-opacity-cowan-state,T1456p88_rho695p856,0.2802269776362465,44.90847351452638,1.7576109729369473,1.474850658818781,ok,/home/elads/STAR/full_grid_solar_opacity/runs/T1456p88_rho695p856/fac-opacity-cowan-state/starout.h5
1456.876300916065,1000.0,fac-opacity-cowan-state,T1456p88_rho1000,0.2921412019568103,52.76639134363805,2.1643543912823433,1.873643508270525,ok,/home/elads/STAR/full_grid_solar_opacity/runs/T1456p88_rho1000/fac-opacity-cowan-state/starout.h5
1603.8475030123911,1e-17,fac-opacity-cowan-state,T1603p85_rho1em17,0.3277163855309429,9.813769343164528e-19,0.3277163855309429,3.443542791031121e-19,ok,/home/elads/STAR/full_grid_solar_opacity/runs/T1603p85_rho1em17/fac-opacity-cowan-state/starout.h5
1603.8475030123911,1.4370779141993746e-17,fac-opacity-cowan-state,T1603p85_rho1p43708em17,0.3277163855309433,1.38121686438795e-18,0.32771638553094323,4.841553579428071e-19,ok,/home/elads/STAR/full_grid_solar_opacity/runs/T1603p85_rho1p43708em17/fac-opacity-cowan-state/starout.h5
1603.8475030123911,2.065192931479625e-17,fac-opacity-cowan-state,T1603p85_rho2p06519em17,0.32771638553094384,1.9558288148641902e-18,0.3277163855309438,6.850644064325747e-19,ok,/home/elads/STAR/full_grid_solar_opacity/runs/T1603p85_rho2p06519em17/fac-opacity-cowan-state/starout.h5
1603.8475030123911,2.9678431503900313e-17,fac-opacity-cowan-state,T1603p85_rho2p96784em17,0.3277163855309254,2.783750685584182e-18,0.3277163855309254,9.745398606782506e-19,ok,/home/elads/STAR/full_grid_solar_opacity/runs/T1603p85_rho2p96784em17/fac-opacity-cowan-state/starout.h5
1603.8475030123911,4.2650218442334076e-17,fac-opacity-cowan-state,T1603p85_rho4p26502em17,0.3277163855309252,3.9765189540113725e-18,0.3277163855309252,1.391578332023585e-18,ok,/home/elads/STAR/full_grid_solar_opacity/runs/T1603p85_rho4p26502em17/fac-opacity-cowan-state/starout.h5
1603.8475030123911,6.129168695925715e-17,fac-opacity-cowan-state,T1603p85_rho6p12917em17,0.3277163855309511,5.702575755229069e-18,0.3277163855309511,1.9953478656038196e-18,ok,/home/elads/STAR/full_grid_solar_opacity/runs/T1603p85_rho6p12917em17/fac-opacity-cowan-state/starout.h5
1603.8475030123911,8.808092965317026e-17,fac-opacity-cowan-state,T1603p85_rho8p80809em17,0.3277163855309494,8.19473682257549e-18,0.3277163855309494,2.8673639377523862e-18,ok,/home/elads/STAR/full_grid_solar_opacity/runs/T1603p85_rho8p80809em17/fac-opacity-cowan-state/starout.h5
1603.8475030123911,1.2657915866672028e-16,fac-opacity-cowan-state,T1603p85_rho1p26579em16,0.3277163855311266,1.1775992684130422e-17,0.3277163855311265,4.120460058889368e-18,ok,/home/elads/STAR/full_grid_solar_opacity/runs/T1603p85_rho1p26579em16/fac-opacity-cowan-state/starout.h5
1603.8475030123911,1.819041133178821e-16,fac-opacity-cowan-state,T1603p85_rho1p81904em16,0.32771638553096405,1.6922247248786362e-17,0.3277163855309641,5.9211576945580574e-18,ok,/home/elads/STAR/full_grid_solar_opacity/runs/T1603p85_rho1p81904em16/fac-opacity-cowan-state/starout.h5
1603.8475030123911,2.6141038375114865e-16,fac-opacity-cowan-state,T1603p85_rho2p6141em16,0.32771638553094534,2.4317360658309372e-17,0.32771638553094534,8.508744815790714e-18,ok,/home/elads/STAR/full_grid_solar_opacity/runs/T1603p85_rho2p6141em16/fac-opacity-cowan-state/starout.h5
1603.8475030123911,3.7566708903116036e-16,fac-opacity-cowan-state,T1603p85_rho3p75667em16,0.32771638553094995,3.49440029076495e-17,0.32771638553095,1.2227066296225376e-17,ok,/home/elads/STAR/full_grid_solar_opacity/runs/T1603p85_rho3p75667em16/fac-opacity-cowan-state/starout.h5
1603.8475030123911,5.398628767382507e-16,fac-opacity-cowan-state,T1603p85_rho5p39863em16,0.32771638553096977,5.021418256423241e-17,0.32771638553096977,1.7570197475798243e-17,ok,/home/elads/STAR/full_grid_solar_opacity/runs/T1603p85_rho5p39863em16/fac-opacity-cowan-state/starout.h5
1603.8475030123911,7.758250168566793e-16,fac-opacity-cowan-state,T1603p85_rho7p75825em16,0.3277163855309699,7.215685623863614e-17,0.3277163855309699,2.5248091884619927e-17,ok,/home/elads/STAR/full_grid_solar_opacity/runs/T1603p85_rho7p75825em16/fac-opacity-cowan-state/starout.h5
1603.8475030123911,1.1149209970080914e-15,fac-opacity-cowan-state,T1603p85_rho1p11492em15,0.327716385530921,1.0368740382317397e-16,0.327716385530921,3.628087650420619e-17,ok,/home/elads/STAR/full_grid_solar_opacity/runs/T1603p85_rho1p11492em15/fac-opacity-cowan-state/starout.h5
1603.8475030123911,1.6022283408774753e-15,fac-opacity-cowan-state,T1603p85_rho1p60223em15,0.3277163855307312,1.489949068985809e-16,0.3277163855307313,5.2134372072531755e-17,ok,/home/elads/STAR/full_grid_solar_opacity/runs/T1603p85_rho1p60223em15/fac-opacity-cowan-state/starout.h5
1603.8475030123911,2.3025269621793266e-15,fac-opacity-cowan-state,T1603p85_rho2p30253em15,0.3277163855311352,2.140986645853294e-16,0.32771638553113525,7.491482029240066e-17,ok,/home/elads/STAR/full_grid_solar_opacity/runs/T1603p85_rho2p30253em15/fac-opacity-cowan-state/starout.h5
1603.8475030123911,3.308910644196489e-15,fac-opacity-cowan-state,T1603p85_rho3p30891em15,0.3277163855309887,3.076475973095116e-16,0.32771638553098886,1.0764863280289253e-16,ok,/home/elads/STAR/full_grid_solar_opacity/runs/T1603p85_rho3p30891em15/fac-opacity-cowan-state/starout.h5
1603.8475030123911,4.755162406834019e-15,fac-opacity-cowan-state,T1603p85_rho4p75516em15,0.3277163855314141,4.420690936854973e-16,0.32771638553141424,1.5468439463056007e-16,ok,/home/elads/STAR/full_grid_solar_opacity/runs/T1603p85_rho4p75516em15/fac-opacity-cowan-state/starout.h5
1603.8475030123911,6.8335388732923106e-15,fac-opacity-cowan-state,T1603p85_rho6p83354em15,0.32771638553143667,6.352197397813498e-16,0.3277163855314369,2.2227052357610307e-16,ok,/home/elads/STAR/full_grid_solar_opacity/runs/T1603p85_rho6p83354em15/fac-opacity-cowan-state/starout.h5
1603.8475030123911,9.820327790631256e-15,fac-opacity-cowan-state,T1603p85_rho9p82033em15,0.3277163855289012,9.127568527128558e-16,0.32771638552890153,3.193850929885028e-16,ok,/home/elads/STAR/full_grid_solar_opacity/runs/T1603p85_rho9p82033em15/fac-opacity-cowan-state/starout.h5
1603.8475030123911,1.4112576178114521e-14,fac-opacity-cowan-state,T1603p85_rho1p41126em14,0.3277163854475,1.311548514152833e-15,0.32771638544750037,4.589293685904415e-16,ok,/home/elads/STAR/full_grid_solar_opacity/runs/T1603p85_rho1p41126em14/fac-opacity-cowan-state/starout.h5
1603.8475030123911,2.0280871538024598e-14,fac-opacity-cowan-state,T1603p85_rho2p02809em14,0.32771638553042115,1.884570027398271e-15,0.32771638553042176,6.594410259916441e-16,ok,/home/elads/STAR/full_grid_solar_opacity/runs/T1603p85_rho2p02809em14/fac-opacity-cowan-state/starout.h5
1603.8475030123911,2.914519256800997e-14,fac-opacity-cowan-state,T1603p85_rho2p91452em14,0.32771638553080357,2.7079454159624657e-15,0.32771638553080457,9.475585357579407e-16,ok,/home/elads/STAR/full_grid_solar_opacity/runs/T1603p85_rho2p91452em14/fac-opacity-cowan-state/starout.h5
1603.8475030123911,4.188391254457488e-14,fac-opacity-cowan-state,T1603p85_rho4p18839em14,0.32771638553107435,3.89106678723762e-15,0.3277163855310757,1.3615624694774472e-15,ok,/home/elads/STAR/full_grid_solar_opacity/runs/T1603p85_rho4p18839em14/fac-opacity-cowan-state/starout.h5
1603.8475030123911,6.019044567806669e-14,fac-opacity-cowan-state,T1603p85_rho6p01904em14,0.3277163855308866,5.59114150822344e-15,0.3277163855308885,1.9564665765527246e-15,ok,/home/elads/STAR/full_grid_solar_opacity/runs/T1603p85_rho6p01904em14/fac-opacity-cowan-state/starout.h5
1603.8475030123911,8.649836012976684e-14,fac-opacity-cowan-state,T1603p85_rho8p64984em14,0.3277163855312771,8.034111173762644e-15,0.3277163855312798,2.8113386388540595e-15,ok,/home/elads/STAR/full_grid_solar_opacity/runs/T1603p85_rho8p64984em14/fac-opacity-cowan-state/starout.h5
1603.8475030123911,1.2430488295695167e-13,fac-opacity-cowan-state,T1603p85_rho1p24305em13,0.3277163854635047,1.1544769272125102e-14,0.3277163854635085,4.039843040085501e-15,ok,/home/elads/STAR/full_grid_solar_opacity/runs/T1603p85_rho1p24305em13/fac-opacity-cowan-state/starout.h5
1603.8475030123911,1.7863580192457348e-13,fac-opacity-cowan-state,T1603p85_rho1p78636em13,0.3277163855309428,1.658988541678797e-14,0.3277163855309483,5.8053290538021614e-15,ok,/home/elads/STAR/full_grid_solar_opacity/runs/T1603p85_rho1p78636em13/fac-opacity-cowan-state/starout.h5
1603.8475030123911,2.567135656310987e-13,fac-opacity-cowan-state,T1603p85_rho2p56714em13,0.32771638553090926,2.3840622445985742e-14,0.32771638553091736,8.342682759354281e-15,ok,/home/elads/STAR/full_grid_solar_opacity/runs/T1603p85_rho2p56714em13/fac-opacity-cowan-state/starout.h5
1603.8475030123911,3.6891739544382357e-13,fac-opacity-cowan-state,T1603p85_rho3p68917em13,0.32771638553098964,3.426193694976876e-14,0.32771638553100124,1.198961271006536e-14,ok,/home/elads/STAR/full_grid_solar_opacity/runs/T1603p85_rho3p68917em13/fac-opacity-cowan-state/starout.h5
1603.8475030123911,5.301630411562758e-13,fac-opacity-cowan-state,T1603p85_rho5p30163em13,0.32771638553102395,4.92415140622601e-14,0.32771638553104054,1.7231790787037115e-14,ok,/home/elads/STAR/full_grid_solar_opacity/runs/T1603p85_rho5p30163em13/fac-opacity-cowan-state/starout.h5
1603.8475030123911,7.618855973704612e-13,fac-opacity-cowan-state,T1603p85_rho7p61886em13,0.3277163855314258,7.077506341606664e-14,0.32771638553144966,2.4767702294017937e-14,ok,/home/elads/STAR/full_grid_solar_opacity/runs/T1603p85_rho7p61886em13/fac-opacity-cowan-state/starout.h5
1603.8475030123911,1.0948889651276868e-12,fac-opacity-cowan-state,T1603p85_rho1p09489em12,0.32771638553082044,1.0173314445297476e-13,0.32771638553085436,3.56020577573122e-14,ok,/home/elads/STAR/full_grid_solar_opacity/runs/T1603p85_rho1p09489em12/fac-opacity-cowan-state/starout.h5
1603.8475030123911,1.5734407502856082e-12,fac-opacity-cowan-state,T1603p85_rho1p57344em12,0.3277163855308508,1.4624546293967173e-13,0.32771638553090043,5.118033650816505e-14,ok,/home/elads/STAR/full_grid_solar_opacity/runs/T1603p85_rho1p57344em12/fac-opacity-cowan-state/starout.h5
1603.8475030123911,2.26115695153675e-12,fac-opacity-cowan-state,T1603p85_rho2p26116em12,0.3277163855301598,2.1025452003663463e-13,0.3277163855302306,7.358263710028975e-14,ok,/home/elads/STAR/full_grid_solar_opacity/runs/T1603p85_rho2p26116em12/fac-opacity-cowan-state/starout.h5
1603.8475030123911,3.249458715591849e-12,fac-opacity-cowan-state,T1603p85_rho3p24946em12,0.3277163855305602,3.023150957756029e-13,0.32771638553066196,1.0580363244289462e-13,ok,/home/elads/STAR/full_grid_solar_opacity/runs/T1603p85_rho3p24946em12/fac-opacity-cowan-state/starout.h5
1603.8475030123911,4.669725353279713e-12,fac-opacity-cowan-state,T1603p85_rho4p66973em12,0.32771638553237226,4.3475248904797785e-13,0.32771638553251936,1.5215840722601132e-13,ok,/home/elads/STAR/full_grid_solar_opacity/runs/T1603p85_rho4p66973em12/fac-opacity-cowan-state/starout.h5
1603.8475030123911,6.710759170575148e-12,fac-opacity-cowan-state,T1603p85_rho6p71076em12,0.32771638553022764,6.253504661185788e-13,0.32771638553043847,2.1887400430532465e-13,ok,/home/elads/STAR/full_grid_solar_opacity/runs/T1603p85_rho6p71076em12/fac-opacity-cowan-state/starout.h5
1603.8475030123911,9.64388379154446e-12,fac-opacity-cowan-state,T1603p85_rho9p64388em12,0.3277163855274835,8.998190451017009e-13,0.32771638552778726,3.149549240051952e-13,ok,/home/elads/STAR/full_grid_solar_opacity/runs/T1603p85_rho9p64388em12/fac-opacity-cowan-state/starout.h5
1603.8475030123911,1.3859012403933867e-11,fac-opacity-cowan-state,T1603p85_rho1p3859em11,0.32771638553241644,1.2954661100558973e-12,0.32771638553285337,4.5347258584269337e-13,ok,/home/elads/STAR/full_grid_solar_opacity/runs/T1603p85_rho1p3859em11/fac-opacity-cowan-state/starout.h5
1603.8475030123911,1.9916480638308542e-11,fac-opacity-cowan-state,T1603p85_rho1p99165em11,0.3277163855274672,1.866969045829694e-12,0.3277163855280975,6.53598497468107e-13,ok,/home/elads/STAR/full_grid_solar_opacity/runs/T1603p85_rho1p99165em11/fac-opacity-cowan-state/starout.h5
1603.8475030123911,2.8621534453892672e-11,fac-opacity-cowan-state,T1603p85_rho2p86215em11,0.3277163853655493,2.698249608175271e-12,0.32771638536645975,9.448289055212988e-13,ok,/home/elads/STAR/full_grid_solar_opacity/runs/T1603p85_rho2p86215em11/fac-opacity-cowan-state/starout.h5
1603.8475030123911,4.1131375034185614e-11,fac-opacity-cowan-state,T1603p85_rho4p11314em11,0.32771638518811536,3.893176359586397e-12,0.32771638518943075,1.3634568522686504e-12,ok,/home/elads/STAR/full_grid_solar_opacity/runs/T1603p85_rho4p11314em11/fac-opacity-cowan-state/starout.h5
1603.8475030123911,5.910899064227969e-11,fac-opacity-cowan-state,T1603p85_rho5p9109em11,0.32771638552139054,5.609307459115684e-12,0.3277163855232844,1.964600993133295e-12,ok,/home/elads/STAR/full_grid_solar_opacity/runs/T1603p85_rho5p9109em11/fac-opacity-cowan-state/starout.h5
1603.8475030123911,8.4944224982638e-11,fac-opacity-cowan-state,T1603p85_rho8p49442em11,0.3267520849990881,8.07556099943703e-12,0.32675208500181635,2.829940832495852e-12,ok,/home/elads/STAR/full_grid_solar_opacity/runs/T1603p85_rho8p49442em11/fac-opacity-cowan-state/starout.h5
1603.8475030123911,1.2207146966133182e-10,fac-opacity-cowan-state,T1603p85_rho1p22071em10,0.3267520849959781,1.1620001179750882e-11,0.3267520849999027,4.0706744335201956e-12,ok,/home/elads/STAR/full_grid_solar_opacity/runs/T1603p85_rho1p22071em10/fac-opacity-cowan-state/starout.h5
1603.8475030123911,1.7542621300415897e-10,fac-opacity-cowan-state,T1603p85_rho1p75426em10,0.32675208498610714,1.670390929526713e-11,0.3267520849917444,5.846416911656998e-12,ok,/home/elads/STAR/full_grid_solar_opacity/runs/T1603p85_rho1p75426em10/fac-opacity-cowan-state/starout.h5
1603.8475030123911,2.52101136279913e-10,fac-opacity-cowan-state,T1603p85_rho2p52101em10,0.3267520849734542,2.390990597498375e-11,0.32675208498152974,8.376541701606422e-12,ok,/home/elads/STAR/full_grid_solar_opacity/runs/T1603p85_rho2p52101em10/fac-opacity-cowan-state/starout.h5
1603.8475030123911,3.6228897509242966e-10,fac-opacity-cowan-state,T1603p85_rho3p62289em10,0.32675208495573344,3.4518554668535e-11,0.3267520849673876,1.2087456613497045e-11,ok,/home/elads/STAR/full_grid_solar_opacity/runs/T1603p85_rho3p62289em10/fac-opacity-cowan-state/starout.h5
1603.8475030123911,5.20637484663258e-10,fac-opacity-cowan-state,T1603p85_rho5p20637em10,0.32675208491155355,4.9856965019707535e-11,0.32675208492839164,1.746593021745532e-11,ok,/home/elads/STAR/full_grid_solar_opacity/runs/T1603p85_rho5p20637em10/fac-opacity-cowan-state/starout.h5
1603.8475030123911,7.481966305138837e-10,fac-opacity-cowan-state,T1603p85_rho7p48197em10,0.3267520848949257,7.205551769410161e-11,0.3267520849192598,2.5240260260074628e-11,ok,/home/elads/STAR/full_grid_solar_opacity/runs/T1603p85_rho7p48197em10/fac-opacity-cowan-state/starout.h5
1603.8475030123911,1.0752168531898921e-09,fac-opacity-cowan-state,T1603p85_rho1p07522em09,0.3267520848414129,1.0398091840751231e-10,0.32675208487653856,3.6432656905870923e-11,ok,/home/elads/STAR/full_grid_solar_opacity/runs/T1603p85_rho1p07522em09/fac-opacity-cowan-state/starout.h5
1603.8475030123911,1.5451703926941453e-09,fac-opacity-cowan-state,T1603p85_rho1p54517em09,0.32675208476681233,1.5000162387308297e-10,0.3267520848174768,5.254930865385873e-11,ok,/home/elads/STAR/full_grid_solar_opacity/runs/T1603p85_rho1p54517em09/fac-opacity-cowan-state/starout.h5
1603.8475030123911,2.220530245015531e-09,fac-opacity-cowan-state,T1603p85_rho2p22053em09,0.326752084661076,2.1620355015989927e-10,0.32675208473411055,7.575171963102778e-11,ok,/home/elads/STAR/full_grid_solar_opacity/runs/T1603p85_rho2p22053em09/fac-opacity-cowan-state/starout.h5
1603.8475030123911,3.1910749729235452e-09,fac-opacity-cowan-state,T1603p85_rho3p19107em09,0.3267520845102229,3.0697412174465613e-10,0.32675208461384586,1.074805652372148e-10,ok,/home/elads/STAR/full_grid_solar_opacity/runs/T1603p85_rho3p19107em09/fac-opacity-cowan-state/starout.h5
1603.8475030123911,4.585823366142813e-09,fac-opacity-cowan-state,T1603p85_rho4p58582em09,0.3267520842995921,4.3863287034220124e-10,0.3267520844476011,1.5351832772186548e-10,ok,/home/elads/STAR/full_grid_solar_opacity/runs/T1603p85_rho4p58582em09/fac-opacity-cowan-state/starout.h5
1603.8475030123911,6.590185477903269e-09,fac-opacity-cowan-state,T1603p85_rho6p59019em09,0.32675208400272593,6.260905709018356e-10,0.32675208421390417,2.1903904313200954e-10,ok,/home/elads/STAR/full_grid_solar_opacity/runs/T1603p85_rho6p59019em09/fac-opacity-cowan-state/starout.h5
1603.8475030123911,9.470610000772238e-09,fac-opacity-cowan-state,T1603p85_rho9p47061em09,0.3267520835745155,8.917291839171866e-10,0.3267520838751392,3.1181744541702456e-10,ok,/home/elads/STAR/full_grid_solar_opacity/runs/T1603p85_rho9p47061em09/fac-opacity-cowan-state/starout.h5
1603.8475030123911,1.3610004466105506e-08,fac-opacity-cowan-state,T1603p85_rho1p361em08,0.3267520830273556,1.277140819148285e-09,0.32675208345780765,4.46477972327355e-10,ok,/home/elads/STAR/full_grid_solar_opacity/runs/T1603p85_rho1p361em08/fac-opacity-cowan-state/starout.h5
1603.8475030123911,1.9558636830395073e-08,fac-opacity-cowan-state,T1603p85_rho1p95586em08,0.32675208227835706,1.850481889687735e-09,0.32675208290218966,6.470491135167303e-10,ok,/home/elads/STAR/full_grid_solar_opacity/runs/T1603p85_rho1p95586em08/fac-opacity-cowan-state/starout.h5
1603.8475030123911,2.810728502080722e-08,fac-opacity-cowan-state,T1603p85_rho2p81073em08,0.3267520812887616,2.6123309699996333e-09,0.3267520821683512,9.123460006000116e-10,ok,/home/elads/STAR/full_grid_solar_opacity/runs/T1603p85_rho2p81073em08/fac-opacity-cowan-state/starout.h5
1603.8475030123911,4.039235853150913e-08,fac-opacity-cowan-state,T1603p85_rho4p03924em08,0.3267520800065436,3.767917310586204e-09,0.32675208127448124,1.3151584038471045e-09,ok,/home/elads/STAR/full_grid_solar_opacity/runs/T1603p85_rho4p03924em08/fac-opacity-cowan-state/starout.h5
1603.8475030123911,5.804696634805446e-08,fac-opacity-cowan-state,T1603p85_rho5p8047em08,0.32675207836136033,5.941491425626971e-09,0.3267520808167789,2.5199229003870872e-09,ok,/home/elads/STAR/full_grid_solar_opacity/runs/T1603p85_rho5p8047em08/fac-opacity-cowan-state/starout.h5
1603.8475030123911,8.341801332506338e-08,fac-opacity-cowan-state,T1603p85_rho8p3418em08,0.32675207629043423,8.588691081594534e-09,0.3267520798437151,3.646217808128103e-09,ok,/home/elads/STAR/full_grid_solar_opacity/runs/T1603p85_rho8p3418em08/fac-opacity-cowan-state/starout.h5
1603.8475030123911,1.1987818459583772e-07,fac-opacity-cowan-state,T1603p85_rho1p19878em07,0.32675207372139914,2.0245400623528384e-08,0.32675208867673267,1.5062026463252934e-08,ok,/home/elads/STAR/full_grid_solar_opacity/runs/T1603p85_rho1p19878em07/fac-opacity-cowan-state/starout.h5
1603.8475030123911,1.7227429147699408e-07,fac-opacity-cowan-state,T1603p85_rho1p72274em07,0.32675207055833905,2.885441995484045e-08,0.3267520920064946,2.1597232051570366e-08,ok,/home/elads/STAR/full_grid_solar_opacity/runs/T1603p85_rho1p72274em07/fac-opacity-cowan-state/starout.h5
1603.8475030123911,2.4757157946593376e-07,fac-opacity-cowan-state,T1603p85_rho2p47572em07,0.3267520666874184,4.16852822857804e-08,0.3267520976345404,3.116226853363717e-08,ok,/home/elads/STAR/full_grid_solar_opacity/runs/T1603p85_rho2p47572em07/fac-opacity-cowan-state/starout.h5
1603.8475030123911,3.557796490339488e-07,fac-opacity-cowan-state,T1603p85_rho3p5578em07,0.32675206199302453,6.070003519586361e-08,0.3267521068020995,4.5125812780251794e-08,ok,/home/elads/STAR/full_grid_solar_opacity/runs/T1603p85_rho3p5578em07/fac-opacity-cowan-state/starout.h5
1603.8475030123911,5.112830759482948e-07,fac-opacity-cowan-state,T1603p85_rho5p11283em07,0.32675205625646303,8.786447745372234e-08,0.32675212099959733,6.520361944105184e-08,ok,/home/elads/STAR/full_grid_solar_opacity/runs/T1603p85_rho5p11283em07/fac-opacity-cowan-state/starout.h5
1603.8475030123911,7.347536163492159e-07,fac-opacity-cowan-state,T1603p85_rho7p34754em07,0.326752049329979,1.2734473815635115e-07,0.32675214304219713,9.438481066376642e-08,ok,/home/elads/STAR/full_grid_solar_opacity/runs/T1603p85_rho7p34754em07/fac-opacity-cowan-state/starout.h5
1603.8475030123911,1.0558981944335787e-06,fac-opacity-cowan-state,T1603p85_rho1p0559em06,0.32675204093910687,1.8193783852320176e-07,0.3267521753107045,1.353142922385794e-07,ok,/home/elads/STAR/full_grid_solar_opacity/runs/T1603p85_rho1p0559em06/fac-opacity-cowan-state/starout.h5
1603.8475030123911,1.517407974863493e-06,fac-opacity-cowan-state,T1603p85_rho1p51741em06,0.3267520306698178,2.630612084071204e-07,0.3267522249542648,1.956453276996012e-07,ok,/home/elads/STAR/full_grid_solar_opacity/runs/T1603p85_rho1p51741em06/fac-opacity-cowan-state/starout.h5
1603.8475030123911,2.1806334875063253e-06,fac-opacity-cowan-state,T1603p85_rho2p18063em06,0.3267520182558695,3.8195782460448105e-07,0.32675229870953676,2.8245248320597395e-07,ok,/home/elads/STAR/full_grid_solar_opacity/runs/T1603p85_rho2p18063em06/fac-opacity-cowan-state/starout.h5
1603.8475030123911,3.1337402238588983e-06,fac-opacity-cowan-state,T1603p85_rho3p13374em06,0.32675200324177617,5.574080496881137e-07,0.3267524103510314,4.101010256813055e-07,ok,/home/elads/STAR/full_grid_solar_opacity/runs/T1603p85_rho3p13374em06/fac-opacity-cowan-state/starout.h5
1603.8475030123911,4.503428864545845e-06,fac-opacity-cowan-state,T1603p85_rho4p50343em06,0.3267519847414822,8.009311670082295e-07,0.3267525699027396,5.895032350569392e-07,ok,/home/elads/STAR/full_grid_solar_opacity/runs/T1603p85_rho4p50343em06/fac-opacity-cowan-state/starout.h5
1603.8475030123911,6.471778159406801e-06,fac-opacity-cowan-state,T1603p85_rho6p47178em06,0.3267519620686008,1.1639164917374457e-06,0.32675280313377436,8.475724887475481e-07,ok,/home/elads/STAR/full_grid_solar_opacity/runs/T1603p85_rho6p47178em06/fac-opacity-cowan-state/starout.h5
1603.8475030123911,9.300449458481393e-06,fac-opacity-cowan-state,T1603p85_rho9p30045em06,0.32675193408512904,1.6916612008273427e-06,0.32675314525666277,1.2209804198541875e-06,ok,/home/elads/STAR/full_grid_solar_opacity/runs/T1603p85_rho9p30045em06/fac-opacity-cowan-state/starout.h5
1603.8475030123911,1.3365470508911143e-05,fac-opacity-cowan-state,T1603p85_rho1p33655em05,0.32675190097432705,2.3958766535189954e-06,0.32675361565074995,1.7287300458580165e-06,ok,/home/elads/STAR/full_grid_solar_opacity/runs/T1603p85_rho1p33655em05/fac-opacity-cowan-state/starout.h5
1603.8475030123911,1.920722248123928e-05,fac-opacity-cowan-state,T1603p85_rho1p92072em05,0.32675185773074256,3.420181915525571e-06,0.3267542951029926,2.4576559317473966e-06,ok,/home/elads/STAR/full_grid_solar_opacity/runs/T1603p85_rho1p92072em05/fac-opacity-cowan-state/starout.h5
1603.8475030123911,2.760227522090268e-05,fac-opacity-cowan-state,T1603p85_rho2p76023em05,0.32675180667377746,4.913765610533295e-06,0.3267552859497975,3.5086406055203975e-06,ok,/home/elads/STAR/full_grid_solar_opacity/runs/T1603p85_rho2p76023em05/fac-opacity-cowan-state/starout.h5
1603.8475030123911,3.966662010161191e-05,fac-opacity-cowan-state,T1603p85_rho3p96666em05,0.3267517380887834,7.043119244111376e-06,0.32675671097280706,5.014455908460289e-06,ok,/home/elads/STAR/full_grid_solar_opacity/runs/T1603p85_rho3p96666em05/fac-opacity-cowan-state/starout.h5
1603.8475030123911,5.7004023678963655e-05,fac-opacity-cowan-state,T1603p85_rho5p7004em05,0.3267516511065536,1.0051601454257457e-05,0.3267587625727829,7.1685159825307235e-06,ok,/home/elads/STAR/full_grid_solar_opacity/runs/T1603p85_rho5p7004em05/fac-opacity-cowan-state/starout.h5
1603.8475030123911,8.191922344953684e-05,fac-opacity-cowan-state,T1603p85_rho8p19192em05,0.3267515686953319,1.4449668364823266e-05,0.3267617534602352,1.0264523975674671e-05,ok,/home/elads/STAR/full_grid_solar_opacity/runs/T1603p85_rho8p19192em05/fac-opacity-cowan-state/starout.h5
1603.8475030123911,0.00011772430676769293,fac-opacity-cowan-state,T1603p85_rho0p000117724,0.32675153036300614,2.0495804907607603e-05,0.32676585818846987,1.4441405445178956e-05,ok,/home/elads/STAR/full_grid_solar_opacity/runs/T1603p85_rho0p000117724/fac-opacity-cowan-state/starout.h5
1603.8475030123911,0.00016917900122028344,fac-opacity-cowan-state,T1603p85_rho0p000169179,0.32675136070782823,2.9113152446001403e-05,0.3267713205957663,2.0128705642911776e-05,ok,/home/elads/STAR/full_grid_solar_opacity/runs/T1603p85_rho0p000169179/fac-opacity-cowan-state/starout.h5
1603.8475030123911,0.0002431234061999784,fac-opacity-cowan-state,T1603p85_rho0p000243123,0.3267511228455158,4.1257501399018274e-05,0.3267789647055715,2.8083647389991806e-05,ok,/home/elads/STAR/full_grid_solar_opacity/runs/T1603p85_rho0p000243123/fac-opacity-cowan-state/starout.h5
1603.8475030123911,0.0003493872774749123,fac-opacity-cowan-state,T1603p85_rho0p000349387,0.32675080485631397,5.8732511175542615e-05,0.32679014900972575,3.966888588856792e-05,ok,/home/elads/STAR/full_grid_solar_opacity/runs/T1603p85_rho0p000349387/fac-opacity-cowan-state/starout.h5
1603.8475030123911,0.0005020967399614471,fac-opacity-cowan-state,T1603p85_rho0p000502097,0.32675041555332707,8.316545833871855e-05,0.32680524076117967,5.5270081089284584e-05,ok,/home/elads/STAR/full_grid_solar_opacity/runs/T1603p85_rho0p000502097/fac-opacity-cowan-state/starout.h5
1603.8475030123911,0.0007215521357901021,fac-opacity-cowan-state,T1603p85_rho0p000721552,0.32674978900579116,0.0001164226092507606,0.3268237263032595,7.459679546587289e-05,ok,/home/elads/STAR/full_grid_solar_opacity/runs/T1603p85_rho0p000721552/fac-opacity-cowan-state/starout.h5
1603.8475030123911,0.0010369266382873438,fac-opacity-cowan-state,T1603p85_rho0p00103693,0.3267490031202316,0.0001640382032849598,0.32685123276241396,0.00010309628346474,ok,/home/elads/STAR/full_grid_solar_opacity/runs/T1603p85_rho0p00103693/fac-opacity-cowan-state/starout.h5
1603.8475030123911,0.0014901443705277455,fac-opacity-cowan-state,T1603p85_rho0p00149014,0.326747902681396,0.00022911112017879695,0.3268858429200383,0.000139135733542204,ok,/home/elads/STAR/full_grid_solar_opacity/runs/T1603p85_rho0p00149014/fac-opacity-cowan-state/starout.h5
1603.8475030123911,0.002141453563853953,fac-opacity-cowan-state,T1603p85_rho0p00214145,0.3267464269478459,0.0003182118581498318,0.326930655216578,0.00018587217595908436,ok,/home/elads/STAR/full_grid_solar_opacity/runs/T1603p85_rho0p00214145/fac-opacity-cowan-state/starout.h5
1603.8475030123911,0.003077435620898055,fac-opacity-cowan-state,T1603p85_rho0p00307744,0.3267442770374208,0.0004409845311233533,0.326990433001685,0.00024835155649887244,ok,/home/elads/STAR/full_grid_solar_opacity/runs/T1603p85_rho0p00307744/fac-opacity-cowan-state/starout.h5
1603.8475030123911,0.004422514763163053,fac-opacity-cowan-state,T1603p85_rho0p00442251,0.3267412514511088,0.0006102489355182628,0.32707201361322585,0.0003335642437901305,ok,/home/elads/STAR/full_grid_solar_opacity/runs/T1603p85_rho0p00442251/fac-opacity-cowan-state/starout.h5
1603.8475030123911,0.006355498291362301,fac-opacity-cowan-state,T1603p85_rho0p0063555,0.32673713731567433,0.0008354401097665674,0.32716505978510685,0.0004319361152133361,ok,/home/elads/STAR/full_grid_solar_opacity/runs/T1603p85_rho0p0063555/fac-opacity-cowan-state/starout.h5
1603.8475030123911,0.009133346228248624,fac-opacity-cowan-state,T1603p85_rho0p00913335,0.3267315077360484,0.0011515471763263727,0.3272991628926086,0.0005729228113789863,ok,/home/elads/STAR/full_grid_solar_opacity/runs/T1603p85_rho0p00913335/fac-opacity-cowan-state/starout.h5
1603.8475030123911,0.01312533014735226,fac-opacity-cowan-state,T1603p85_rho0p0131253,0.32672373366720997,0.0015925403020772804,0.327481505831355,0.000764518321034391,ok,/home/elads/STAR/full_grid_solar_opacity/runs/T1603p85_rho0p0131253/fac-opacity-cowan-state/starout.h5
1603.8475030123911,0.018862122071335155,fac-opacity-cowan-state,T1603p85_rho0p0188621,0.3267129883709555,0.0022030166933228647,0.3277138277582762,0.0010096439138503831,ok,/home/elads/STAR/full_grid_solar_opacity/runs/T1603p85_rho0p0188621/fac-opacity-cowan-state/starout.h5
1603.8475030123911,0.02710633904364831,fac-opacity-cowan-state,T1603p85_rho0p0271063,0.32669807375621945,0.003065610780193745,0.3280262276756347,0.0013395599102966052,ok,/home/elads/STAR/full_grid_solar_opacity/runs/T1603p85_rho0p0271063/fac-opacity-cowan-state/starout.h5
1603.8475030123911,0.038953921174427183,fac-opacity-cowan-state,T1603p85_rho0p0389539,0.32667726735685176,0.0043165627363502945,0.32850709537068784,0.0018425228563914585,ok,/home/elads/STAR/full_grid_solar_opacity/runs/T1603p85_rho0p0389539/fac-opacity-cowan-state/starout.h5
1603.8475030123911,0.0559798197912329,fac-opacity-cowan-state,T1603p85_rho0p0559798,0.32664853448474046,0.00601305741704691,0.32899628591574526,0.002365857349912704,ok,/home/elads/STAR/full_grid_solar_opacity/runs/T1603p85_rho0p0559798/fac-opacity-cowan-state/starout.h5
1603.8475030123911,0.08044736266284185,fac-opacity-cowan-state,T1603p85_rho0p0804474,0.32660758951237917,0.00846604050470468,0.32974007508744985,0.003153896350745886,ok,/home/elads/STAR/full_grid_solar_opacity/runs/T1603p85_rho0p0804474/fac-opacity-cowan-state/starout.h5
1603.8475030123911,0.11560912813835741,fac-opacity-cowan-state,T1603p85_rho0p115609,0.3265501176135904,0.01190198580269588,0.3306258877231514,0.0041026247730096554,ok,/home/elads/STAR/full_grid_solar_opacity/runs/T1603p85_rho0p115609/fac-opacity-cowan-state/starout.h5
1603.8475030123911,0.1661393247274789,fac-opacity-cowan-state,T1603p85_rho0p166139,0.3264693095105472,0.016813228632126285,0.33184866194017243,0.0054091030338652285,ok,/home/elads/STAR/full_grid_solar_opacity/runs/T1603p85_rho0p166139/fac-opacity-cowan-state/starout.h5
1603.8475030123911,0.23875515424585794,fac-opacity-cowan-state,T1603p85_rho0p238755,0.3263557714484207,0.023639362243635165,0.3331487183427543,0.006830295827665167,ok,/home/elads/STAR/full_grid_solar_opacity/runs/T1603p85_rho0p238755/fac-opacity-cowan-state/starout.h5
1603.8475030123911,0.34310975906798746,fac-opacity-cowan-state,T1603p85_rho0p34311,0.3261900414662661,0.03342107235990205,0.3349039801261937,0.008753607286305002,ok,/home/elads/STAR/full_grid_solar_opacity/runs/T1603p85_rho0p34311/fac-opacity-cowan-state/starout.h5
1603.8475030123911,0.49307545690287347,fac-opacity-cowan-state,T1603p85_rho0p493075,0.32596321355758096,0.04720315615220343,0.33683594381962517,0.010914725348485083,ok,/home/elads/STAR/full_grid_solar_opacity/runs/T1603p85_rho0p493075/fac-opacity-cowan-state/starout.h5
1603.8475030123911,0.7085878491488851,fac-opacity-cowan-state,T1603p85_rho0p708588,0.32564686915278135,0.06694350115111954,0.3393735718043098,0.01375753850247734,ok,/home/elads/STAR/full_grid_solar_opacity/runs/T1603p85_rho0p708588/fac-opacity-cowan-state/starout.h5
1603.8475030123911,1.0182959482819007,fac-opacity-cowan-state,T1603p85_rho1p0183,0.3252082106176971,0.09504368110939103,0.3423411969056816,0.017136355135233455,ok,/home/elads/STAR/full_grid_solar_opacity/runs/T1603p85_rho1p0183/fac-opacity-cowan-state/starout.h5
1603.8475030123911,1.4633706173946401,fac-opacity-cowan-state,T1603p85_rho1p46337,0.3246038494869626,0.1352196145228916,0.3459940166386745,0.021333784945642562,ok,/home/elads/STAR/full_grid_solar_opacity/runs/T1603p85_rho1p46337/fac-opacity-cowan-state/starout.h5
1603.8475030123911,2.1029775945461404,fac-opacity-cowan-state,T1603p85_rho2p10298,0.32377753540991977,0.19281261066539862,0.3507442321894793,0.026794249509846303,ok,/home/elads/STAR/full_grid_solar_opacity/runs/T1603p85_rho2p10298/fac-opacity-cowan-state/starout.h5
1603.8475030123911,3.0221426551783854,fac-opacity-cowan-state,T1603p85_rho3p02214,0.32265803485496436,0.27522158142228564,0.35676499345850116,0.03373517126208915,ok,/home/elads/STAR/full_grid_solar_opacity/runs/T1603p85_rho3p02214/fac-opacity-cowan-state/starout.h5
1603.8475030123911,4.343054463316713,fac-opacity-cowan-state,T1603p85_rho4p34305,0.32115826320288965,0.3930890683156393,0.36450047934772367,0.0426511363475023,ok,/home/elads/STAR/full_grid_solar_opacity/runs/T1603p85_rho4p34305/fac-opacity-cowan-state/starout.h5
1603.8475030123911,6.241307649397467,fac-opacity-cowan-state,T1603p85_rho6p24131,0.31917391912311316,0.5613713055802784,0.37440841794481294,0.054060130405510186,ok,/home/elads/STAR/full_grid_solar_opacity/runs/T1603p85_rho6p24131/fac-opacity-cowan-state/starout.h5
1603.8475030123911,8.969245378672715,fac-opacity-cowan-state,T1603p85_rho8p96925,0.3165915700426289,0.8012141098132475,0.3871567583854806,0.06869477943071362,ok,/home/elads/STAR/full_grid_solar_opacity/runs/T1603p85_rho8p96925/fac-opacity-cowan-state/starout.h5
1603.8475030123911,12.889504440725364,fac-opacity-cowan-state,T1603p85_rho12p8895,0.3132942258740851,1.1421959313147547,0.40392648353262106,0.08780889926660768,ok,/home/elads/STAR/full_grid_solar_opacity/runs/T1603p85_rho12p8895/fac-opacity-cowan-state/starout.h5
1603.8475030123911,18.52322215674118,fac-opacity-cowan-state,T1603p85_rho18p5232,0.30918117710071064,1.6246679713805325,0.42494598481738005,0.11170236383706132,ok,/home/elads/STAR/full_grid_solar_opacity/runs/T1603p85_rho18p5232/fac-opacity-cowan-state/starout.h5
1603.8475030123911,26.61931346126126,fac-opacity-cowan-state,T1603p85_rho26p6193,0.30419645253452965,2.3040187735000703,0.4509360147815436,0.14114591786732258,ok,/home/elads/STAR/full_grid_solar_opacity/runs/T1603p85_rho26p6193/fac-opacity-cowan-state/starout.h5
1603.8475030123911,38.254027466328665,fac-opacity-cowan-state,T1603p85_rho38p254,0.29836675971869886,3.25473203099588,0.48346525231821,0.1777333434480098,ok,/home/elads/STAR/full_grid_solar_opacity/runs/T1603p85_rho38p254/fac-opacity-cowan-state/starout.h5
1603.8475030123911,54.97401800103719,fac-opacity-cowan-state,T1603p85_rho54p974,0.29185067476677673,4.5741046193228705,0.5245357899180438,0.22343827804870878,ok,/home/elads/STAR/full_grid_solar_opacity/runs/T1603p85_rho54p974/fac-opacity-cowan-state/starout.h5
1603.8475030123911,79.0019471240894,fac-opacity-cowan-state,T1603p85_rho79p0019,0.2849845584141756,6.384311709948542,0.5770533622923897,0.2810541209774342,ok,/home/elads/STAR/full_grid_solar_opacity/runs/T1603p85_rho79p0019/fac-opacity-cowan-state/starout.h5
1603.8475030123911,113.53195339077567,fac-opacity-cowan-state,T1603p85_rho113p532,0.2783406020048742,8.830409185744454,0.6439012284534146,0.3531953348886069,ok,/home/elads/STAR/full_grid_solar_opacity/runs/T1603p85_rho113p532/fac-opacity-cowan-state/starout.h5
1603.8475030123911,163.15426277379785,fac-opacity-cowan-state,T1603p85_rho163p154,0.27259978377460675,12.06822752594702,0.7299921001248381,0.44446057176544934,ok,/home/elads/STAR/full_grid_solar_opacity/runs/T1603p85_rho163p154/fac-opacity-cowan-state/starout.h5
1603.8475030123911,234.46538763970608,fac-opacity-cowan-state,T1603p85_rho234p465,0.2687716381341395,16.248982182606706,0.8418762896981395,0.5606938117918697,ok,/home/elads/STAR/full_grid_solar_opacity/runs/T1603p85_rho234p465/fac-opacity-cowan-state/starout.h5
1603.8475030123911,336.94503022121665,fac-opacity-cowan-state,T1603p85_rho336p945,0.267775232004068,21.448800100953775,0.9885277206426649,0.7101253011377212,ok,/home/elads/STAR/full_grid_solar_opacity/runs/T1603p85_rho336p945/fac-opacity-cowan-state/starout.h5
1603.8475030123911,484.21626123015125,fac-opacity-cowan-state,T1603p85_rho484p216,0.2703222457859778,27.605905052246428,1.1795642661752528,0.9015859131029823,ok,/home/elads/STAR/full_grid_solar_opacity/runs/T1603p85_rho484p216/fac-opacity-cowan-state/starout.h5
1603.8475030123911,695.8564947100452,fac-opacity-cowan-state,T1603p85_rho695p856,0.2767902183040405,34.42815142934967,1.4262741716173788,1.145612408965177,ok,/home/elads/STAR/full_grid_solar_opacity/runs/T1603p85_rho695p856/fac-opacity-cowan-state/starout.h5
1603.8475030123911,1000.0,fac-opacity-cowan-state,T1603p85_rho1000,0.28691662511867994,41.30139668432694,1.739316528703313,1.4525537909851358,ok,/home/elads/STAR/full_grid_solar_opacity/runs/T1603p85_rho1000/fac-opacity-cowan-state/starout.h5
1765.6453134021303,1e-17,fac-opacity-cowan-state,T1765p65_rho1em17,0.3263773213375975,6.959122957021155e-19,0.3263773213343911,2.429524906542285e-19,ok,/home/elads/STAR/full_grid_solar_opacity/runs/T1765p65_rho1em17/fac-opacity-cowan-state/starout.h5
1765.6453134021303,1.4370779141993746e-17,fac-opacity-cowan-state,T1765p65_rho1p43708em17,0.3263773213375975,9.804479537417416e-19,0.32637732133531494,3.419774595136769e-19,ok,/home/elads/STAR/full_grid_solar_opacity/runs/T1765p65_rho1p43708em17/fac-opacity-cowan-state/starout.h5
1765.6453134021303,2.065192931479625e-17,fac-opacity-cowan-state,T1765p65_rho2p06519em17,0.3263773213375982,1.3893574463200845e-18,0.3263773213359843,4.842875706497333e-19,ok,/home/elads/STAR/full_grid_solar_opacity/runs/T1765p65_rho2p06519em17/fac-opacity-cowan-state/starout.h5
1765.6453134021303,2.9678431503900313e-17,fac-opacity-cowan-state,T1765p65_rho2p96784em17,0.32637732133759817,1.9784974727144553e-18,0.32637732133646347,6.893201187280991e-19,ok,/home/elads/STAR/full_grid_solar_opacity/runs/T1765p65_rho2p96784em17/fac-opacity-cowan-state/starout.h5
1765.6453134021303,4.2650218442334076e-17,fac-opacity-cowan-state,T1765p65_rho4p26502em17,0.3263773213375998,2.8272177252596912e-18,0.3263773213368052,9.846889235120547e-19,ok,/home/elads/STAR/full_grid_solar_opacity/runs/T1765p65_rho4p26502em17/fac-opacity-cowan-state/starout.h5
1765.6453134021303,6.129168695925715e-17,fac-opacity-cowan-state,T1765p65_rho6p12917em17,0.3263773213376063,4.054906837696999e-18,0.32637732133705233,1.4121155724700917e-18,ok,/home/elads/STAR/full_grid_solar_opacity/runs/T1765p65_rho6p12917em17/fac-opacity-cowan-state/starout.h5
1765.6453134021303,8.808092965317026e-17,fac-opacity-cowan-state,T1765p65_rho8p80809em17,0.3263773213374892,5.8270210220907204e-18,0.3263773213371042,2.0292528486798305e-18,ok,/home/elads/STAR/full_grid_solar_opacity/runs/T1765p65_rho8p80809em17/fac-opacity-cowan-state/starout.h5
1765.6453134021303,1.2657915866672028e-16,fac-opacity-cowan-state,T1765p65_rho1p26579em16,0.32637732133749087,8.373576536164766e-18,0.3263773213372233,2.9160897074018584e-18,ok,/home/elads/STAR/full_grid_solar_opacity/runs/T1765p65_rho1p26579em16/fac-opacity-cowan-state/starout.h5
1765.6453134021303,1.819041133178821e-16,fac-opacity-cowan-state,T1765p65_rho1p81904em16,0.32637732133765457,1.2032991614790408e-17,0.326377321337469,4.190480763268291e-18,ok,/home/elads/STAR/full_grid_solar_opacity/runs/T1765p65_rho1p81904em16/fac-opacity-cowan-state/starout.h5
1765.6453134021303,2.6141038375114865e-16,fac-opacity-cowan-state,T1765p65_rho2p6141em16,0.32637732133763153,1.7291567276063273e-17,0.3263773213375028,6.021781554643193e-18,ok,/home/elads/STAR/full_grid_solar_opacity/runs/T1765p65_rho2p6141em16/fac-opacity-cowan-state/starout.h5
1765.6453134021303,3.7566708903116036e-16,fac-opacity-cowan-state,T1765p65_rho3p75667em16,0.32637732133763203,2.4848096589042452e-17,0.32637732133754294,8.65334914047735e-18,ok,/home/elads/STAR/full_grid_solar_opacity/runs/T1765p65_rho3p75667em16/fac-opacity-cowan-state/starout.h5
1765.6453134021303,5.398628767382507e-16,fac-opacity-cowan-state,T1765p65_rho5p39863em16,0.32637732133765257,3.5706696735701797e-17,0.326377321337591,1.243487179399607e-17,ok,/home/elads/STAR/full_grid_solar_opacity/runs/T1765p65_rho5p39863em16/fac-opacity-cowan-state/starout.h5
1765.6453134021303,7.758250168566793e-16,fac-opacity-cowan-state,T1765p65_rho7p75825em16,0.32637732133760994,5.131023293974997e-17,0.3263773213375677,1.786883468432892e-17,ok,/home/elads/STAR/full_grid_solar_opacity/runs/T1765p65_rho7p75825em16/fac-opacity-cowan-state/starout.h5
1765.6453134021303,1.1149209970080914e-15,fac-opacity-cowan-state,T1765p65_rho1p11492em15,0.3263773213377271,7.373195149463586e-17,0.32637732133769815,2.5677259756553062e-17,ok,/home/elads/STAR/full_grid_solar_opacity/runs/T1765p65_rho1p11492em15/fac-opacity-cowan-state/starout.h5
1765.6453134021303,1.6022283408774753e-15,fac-opacity-cowan-state,T1765p65_rho1p60223em15,0.32637732133763353,1.0595093238721195e-16,0.32637732133761393,3.6897636253132554e-17,ok,/home/elads/STAR/full_grid_solar_opacity/runs/T1765p65_rho1p60223em15/fac-opacity-cowan-state/starout.h5
1765.6453134021303,2.3025269621793266e-15,fac-opacity-cowan-state,T1765p65_rho2p30253em15,0.3263773213376249,1.5224785198866897e-16,0.32637732133761177,5.302074823298871e-17,ok,/home/elads/STAR/full_grid_solar_opacity/runs/T1765p65_rho2p30253em15/fac-opacity-cowan-state/starout.h5
1765.6453134021303,3.308910644196489e-15,fac-opacity-cowan-state,T1765p65_rho3p30891em15,0.3263773213376706,2.1877353987652999e-16,0.32637732133766184,7.618869150038206e-17,ok,/home/elads/STAR/full_grid_solar_opacity/runs/T1765p65_rho3p30891em15/fac-opacity-cowan-state/starout.h5
1765.6453134021303,4.755162406834019e-15,fac-opacity-cowan-state,T1765p65_rho4p75516em15,0.3263773213359525,3.143660367991689e-16,0.32637732133594705,1.0947942633527576e-16,ok,/home/elads/STAR/full_grid_solar_opacity/runs/T1765p65_rho4p75516em15/fac-opacity-cowan-state/starout.h5
1765.6453134021303,6.8335388732923106e-15,fac-opacity-cowan-state,T1765p65_rho6p83354em15,0.32637732133729547,4.517245960833606e-16,0.3263773213372921,1.5731566447621793e-16,ok,/home/elads/STAR/full_grid_solar_opacity/runs/T1765p65_rho6p83354em15/fac-opacity-cowan-state/starout.h5
1765.6453134021303,9.820327790631256e-15,fac-opacity-cowan-state,T1765p65_rho9p82033em15,0.3263773213376533,6.490962513406159e-16,0.32637732133765157,2.260522159838486e-16,ok,/home/elads/STAR/full_grid_solar_opacity/runs/T1765p65_rho9p82033em15/fac-opacity-cowan-state/starout.h5
1765.6453134021303,1.4112576178114521e-14,fac-opacity-cowan-state,T1765p65_rho1p41126em14,0.3263773213376239,9.32701037633302e-16,0.3263773213376239,3.2482077777177854e-16,ok,/home/elads/STAR/full_grid_solar_opacity/runs/T1765p65_rho1p41126em14/fac-opacity-cowan-state/starout.h5
1765.6453134021303,2.0280871538024598e-14,fac-opacity-cowan-state,T1765p65_rho2p02809em14,0.32637732133757114,1.3402133956674522e-15,0.3263773213375716,4.667423389595746e-16,ok,/home/elads/STAR/full_grid_solar_opacity/runs/T1765p65_rho2p02809em14/fac-opacity-cowan-state/starout.h5
1765.6453134021303,2.914519256800997e-14,fac-opacity-cowan-state,T1765p65_rho2p91452em14,0.32637732133829395,1.9257765369669952e-15,0.32637732133829467,6.706738148715199e-16,ok,/home/elads/STAR/full_grid_solar_opacity/runs/T1765p65_rho2p91452em14/fac-opacity-cowan-state/starout.h5
1765.6453134021303,4.188391254457488e-14,fac-opacity-cowan-state,T1765p65_rho4p18839em14,0.3263773213185474,2.7671752814998993e-15,0.32637732131854835,9.637058994152817e-16,ok,/home/elads/STAR/full_grid_solar_opacity/runs/T1765p65_rho4p18839em14/fac-opacity-cowan-state/starout.h5
1765.6453134021303,6.019044567806669e-14,fac-opacity-cowan-state,T1765p65_rho6p01904em14,0.32637732133762654,3.976207645056788e-15,0.3263773213376279,1.3847761050158483e-15,ok,/home/elads/STAR/full_grid_solar_opacity/runs/T1765p65_rho6p01904em14/fac-opacity-cowan-state/starout.h5
1765.6453134021303,8.649836012976684e-14,fac-opacity-cowan-state,T1765p65_rho8p64984em14,0.32637732133761227,5.713537352168542e-15,0.32637732133761416,1.9898416449399847e-15,ok,/home/elads/STAR/full_grid_solar_opacity/runs/T1765p65_rho8p64984em14/fac-opacity-cowan-state/starout.h5
1765.6453134021303,1.2430488295695167e-13,fac-opacity-cowan-state,T1765p65_rho1p24305em13,0.32637732133766856,8.210076307996375e-15,0.3263773213376712,2.8593275230101077e-15,ok,/home/elads/STAR/full_grid_solar_opacity/runs/T1765p65_rho1p24305em13/fac-opacity-cowan-state/starout.h5
1765.6453134021303,1.7863580192457348e-13,fac-opacity-cowan-state,T1765p65_rho1p78636em13,0.3263773213376843,1.1797732374020771e-14,0.32637732133768826,4.108836336066608e-15,ok,/home/elads/STAR/full_grid_solar_opacity/runs/T1765p65_rho1p78636em13/fac-opacity-cowan-state/starout.h5
1765.6453134021303,2.567135656310987e-13,fac-opacity-cowan-state,T1765p65_rho2p56714em13,0.3263773213374024,1.695363464560109e-14,0.3263773213374081,5.904553719311935e-15,ok,/home/elads/STAR/full_grid_solar_opacity/runs/T1765p65_rho2p56714em13/fac-opacity-cowan-state/starout.h5
1765.6453134021303,3.6891739544382357e-13,fac-opacity-cowan-state,T1765p65_rho3p68917em13,0.3263773213375005,2.4363730142172265e-14,0.3263773213375086,8.485399830168124e-15,ok,/home/elads/STAR/full_grid_solar_opacity/runs/T1765p65_rho3p68917em13/fac-opacity-cowan-state/starout.h5
1765.6453134021303,5.301630411562758e-13,fac-opacity-cowan-state,T1765p65_rho5p30163em13,0.3263773213809114,3.501438776709259e-14,0.32637732138092324,1.2194945625074625e-14,ok,/home/elads/STAR/full_grid_solar_opacity/runs/T1765p65_rho5p30163em13/fac-opacity-cowan-state/starout.h5
1765.6453134021303,7.618855973704612e-13,fac-opacity-cowan-state,T1765p65_rho7p61886em13,0.3263773213374796,5.032403325413961e-14,0.3263773213374965,1.7527261800619596e-14,ok,/home/elads/STAR/full_grid_solar_opacity/runs/T1765p65_rho7p61886em13/fac-opacity-cowan-state/starout.h5
1765.6453134021303,1.0948889651276868e-12,fac-opacity-cowan-state,T1765p65_rho1p09489em12,0.32637732136379155,7.233274949822512e-14,0.3263773213638158,2.5192977227995558e-14,ok,/home/elads/STAR/full_grid_solar_opacity/runs/T1765p65_rho1p09489em12/fac-opacity-cowan-state/starout.h5
1765.6453134021303,1.5734407502856082e-12,fac-opacity-cowan-state,T1765p65_rho1p57344em12,0.32637732130162767,1.0397528822925232e-13,0.3263773213016622,3.6214398078040294e-14,ok,/home/elads/STAR/full_grid_solar_opacity/runs/T1765p65_rho1p57344em12/fac-opacity-cowan-state/starout.h5
1765.6453134021303,2.26115695153675e-12,fac-opacity-cowan-state,T1765p65_rho2p26116em12,0.326377321343672,1.4947449651986844e-13,0.326377321343722,5.206259270090922e-14,ok,/home/elads/STAR/full_grid_solar_opacity/runs/T1765p65_rho2p26116em12/fac-opacity-cowan-state/starout.h5
1765.6453134021303,3.249458715591849e-12,fac-opacity-cowan-state,T1765p65_rho3p24946em12,0.326377321337196,2.1490917141139717e-13,0.32637732133726843,7.485528754924158e-14,ok,/home/elads/STAR/full_grid_solar_opacity/runs/T1765p65_rho3p24946em12/fac-opacity-cowan-state/starout.h5
1765.6453134021303,4.669725353279713e-12,fac-opacity-cowan-state,T1765p65_rho4p66973em12,0.3263773213369536,3.090346431155911e-13,0.32637732133705644,1.0764294232224077e-13,ok,/home/elads/STAR/full_grid_solar_opacity/runs/T1765p65_rho4p66973em12/fac-opacity-cowan-state/starout.h5
1765.6453134021303,6.710759170575148e-12,fac-opacity-cowan-state,T1765p65_rho6p71076em12,0.326377321337097,4.4447868792697443e-13,0.3263773213372459,1.5482576443484478e-13,ok,/home/elads/STAR/full_grid_solar_opacity/runs/T1765p65_rho6p71076em12/fac-opacity-cowan-state/starout.h5
1765.6453134021303,9.64388379154446e-12,fac-opacity-cowan-state,T1765p65_rho9p64388em12,0.3263773213351811,6.394862599808173e-13,0.3263773213353956,2.2276255055092e-13,ok,/home/elads/STAR/full_grid_solar_opacity/runs/T1765p65_rho9p64388em12/fac-opacity-cowan-state/starout.h5
1765.6453134021303,1.3859012403933867e-11,fac-opacity-cowan-state,T1765p65_rho1p3859em11,0.3263773213356926,9.204888606826089e-13,0.32637732133600056,3.206679701297754e-13,ok,/home/elads/STAR/full_grid_solar_opacity/runs/T1765p65_rho1p3859em11/fac-opacity-cowan-state/starout.h5
1765.6453134021303,1.9916480638308542e-11,fac-opacity-cowan-state,T1765p65_rho1p99165em11,0.326377321334976,1.326140638826084e-12,0.32637732133542013,4.620262245449414e-13,ok,/home/elads/STAR/full_grid_solar_opacity/runs/T1765p65_rho1p99165em11/fac-opacity-cowan-state/starout.h5
1765.6453134021303,2.8621534453892672e-11,fac-opacity-cowan-state,T1765p65_rho2p86215em11,0.32637732133362357,1.9149959342188923e-12,0.3263773213342653,6.67300896375165e-13,ok,/home/elads/STAR/full_grid_solar_opacity/runs/T1765p65_rho2p86215em11/fac-opacity-cowan-state/starout.h5
1765.6453134021303,4.1131375034185614e-11,fac-opacity-cowan-state,T1765p65_rho4p11314em11,0.32637732133259306,2.7612382579503805e-12,0.32637732133351816,9.622934848346768e-13,ok,/home/elads/STAR/full_grid_solar_opacity/runs/T1765p65_rho4p11314em11/fac-opacity-cowan-state/starout.h5
1765.6453134021303,5.910899064227969e-11,fac-opacity-cowan-state,T1765p65_rho5p9109em11,0.3263773213302507,3.976393832212462e-12,0.3263773213315816,1.385829643800611e-12,ok,/home/elads/STAR/full_grid_solar_opacity/runs/T1765p65_rho5p9109em11/fac-opacity-cowan-state/starout.h5
1765.6453134021303,8.4944224982638e-11,fac-opacity-cowan-state,T1765p65_rho8p49442em11,0.3253200788207024,5.7270097681571735e-12,0.32532007882262043,1.996404457338015e-12,ok,/home/elads/STAR/full_grid_solar_opacity/runs/T1765p65_rho8p49442em11/fac-opacity-cowan-state/starout.h5
1765.6453134021303,1.2207146966133182e-10,fac-opacity-cowan-state,T1765p65_rho1p22071em10,0.32532007885641584,8.238957814092351e-12,0.3253200788591739,2.871413904326574e-12,ok,/home/elads/STAR/full_grid_solar_opacity/runs/T1765p65_rho1p22071em10/fac-opacity-cowan-state/starout.h5
1765.6453134021303,1.7542621300415897e-10,fac-opacity-cowan-state,T1765p65_rho1p75426em10,0.32532007881851227,1.1813340763825321e-11,0.32532007882246716,4.117602351894408e-12,ok,/home/elads/STAR/full_grid_solar_opacity/runs/T1765p65_rho1p75426em10/fac-opacity-cowan-state/starout.h5
1765.6453134021303,2.52101136279913e-10,fac-opacity-cowan-state,T1765p65_rho2p52101em10,0.32532007880829383,1.696680166756659e-11,0.32532007881397335,5.912823733976129e-12,ok,/home/elads/STAR/full_grid_solar_opacity/runs/T1765p65_rho2p52101em10/fac-opacity-cowan-state/starout.h5
1765.6453134021303,3.6228897509242966e-10,fac-opacity-cowan-state,T1765p65_rho3p62289em10,0.3253200787931264,2.4427735339714758e-11,0.325320078801307,8.515510991908891e-12,ok,/home/elads/STAR/full_grid_solar_opacity/runs/T1765p65_rho3p62289em10/fac-opacity-cowan-state/starout.h5
1765.6453134021303,5.20637484663258e-10,fac-opacity-cowan-state,T1765p65_rho5p20637em10,0.3253200787714437,3.527167529155563e-11,0.32532007878325425,1.2295084156176769e-11,ok,/home/elads/STAR/full_grid_solar_opacity/runs/T1765p65_rho5p20637em10/fac-opacity-cowan-state/starout.h5
1765.6453134021303,7.481966305138837e-10,fac-opacity-cowan-state,T1765p65_rho7p48197em10,0.32532007873962177,5.090673660081799e-11,0.3253200787566723,1.7749417260287847e-11,ok,/home/elads/STAR/full_grid_solar_opacity/runs/T1765p65_rho7p48197em10/fac-opacity-cowan-state/starout.h5
1765.6453134021303,1.0752168531898921e-09,fac-opacity-cowan-state,T1765p65_rho1p07522em09,0.32532007869431756,7.342813445189591e-11,0.3253200787189073,2.5598445354486075e-11,ok,/home/elads/STAR/full_grid_solar_opacity/runs/T1765p65_rho1p07522em09/fac-opacity-cowan-state/starout.h5
1765.6453134021303,1.5451703926941453e-09,fac-opacity-cowan-state,T1765p65_rho1p54517em09,0.32532007862707507,1.0590143107417428e-10,0.3253200786625432,3.692158323459689e-11,ok,/home/elads/STAR/full_grid_solar_opacity/runs/T1765p65_rho1p54517em09/fac-opacity-cowan-state/starout.h5
1765.6453134021303,2.220530245015531e-09,fac-opacity-cowan-state,T1765p65_rho2p22053em09,0.32532007853908995,1.5254033855258705e-10,0.3253200785901723,5.317689888010672e-11,ok,/home/elads/STAR/full_grid_solar_opacity/runs/T1765p65_rho2p22053em09/fac-opacity-cowan-state/starout.h5
1765.6453134021303,3.1910749729235452e-09,fac-opacity-cowan-state,T1765p65_rho3p19107em09,0.32532007841023264,2.1703779036549858e-10,0.3253200784828564,7.560179583130634e-11,ok,/home/elads/STAR/full_grid_solar_opacity/runs/T1765p65_rho3p19107em09/fac-opacity-cowan-state/starout.h5
1765.6453134021303,4.585823366142813e-09,fac-opacity-cowan-state,T1765p65_rho4p58582em09,0.3253200782284408,3.102517325611635e-10,0.3253200783322454,1.0806144060605001e-10,ok,/home/elads/STAR/full_grid_solar_opacity/runs/T1765p65_rho4p58582em09/fac-opacity-cowan-state/starout.h5
1765.6453134021303,6.590185477903269e-09,fac-opacity-cowan-state,T1765p65_rho6p59019em09,0.3253200779719288,4.43529582870908e-10,0.32532007812025615,1.5441099519964325e-10,ok,/home/elads/STAR/full_grid_solar_opacity/runs/T1765p65_rho6p59019em09/fac-opacity-cowan-state/starout.h5
1765.6453134021303,9.470610000772238e-09,fac-opacity-cowan-state,T1765p65_rho9p47061em09,0.3253200776213864,6.328547525750154e-10,0.3253200778329718,2.202636625584188e-10,ok,/home/elads/STAR/full_grid_solar_opacity/runs/T1765p65_rho9p47061em09/fac-opacity-cowan-state/starout.h5
1765.6453134021303,1.3610004466105506e-08,fac-opacity-cowan-state,T1765p65_rho1p361em08,0.32532007713003913,9.076743904418689e-10,0.3253200774334398,3.158453191525276e-10,ok,/home/elads/STAR/full_grid_solar_opacity/runs/T1765p65_rho1p361em08/fac-opacity-cowan-state/starout.h5
1765.6453134021303,1.9558636830395073e-08,fac-opacity-cowan-state,T1765p65_rho1p95586em08,0.32532007648826716,1.312836149143792e-09,0.3253200769271787,4.5690679289385554e-10,ok,/home/elads/STAR/full_grid_solar_opacity/runs/T1765p65_rho1p95586em08/fac-opacity-cowan-state/starout.h5
1765.6453134021303,2.810728502080722e-08,fac-opacity-cowan-state,T1765p65_rho2p81073em08,0.3253200756189745,1.8591807088306237e-09,0.3253200762399055,6.464026498526788e-10,ok,/home/elads/STAR/full_grid_solar_opacity/runs/T1765p65_rho2p81073em08/fac-opacity-cowan-state/starout.h5
1765.6453134021303,4.039235853150913e-08,fac-opacity-cowan-state,T1765p65_rho4p03924em08,0.3253200745285435,2.6776300643672393e-09,0.32532007542233493,9.304616558778383e-10,ok,/home/elads/STAR/full_grid_solar_opacity/runs/T1765p65_rho4p03924em08/fac-opacity-cowan-state/starout.h5
1765.6453134021303,5.804696634805446e-08,fac-opacity-cowan-state,T1765p65_rho5p8047em08,0.3253200731084981,3.895933077050028e-09,0.32532007440860716,1.3534472577035592e-09,ok,/home/elads/STAR/full_grid_solar_opacity/runs/T1765p65_rho5p8047em08/fac-opacity-cowan-state/starout.h5
1765.6453134021303,8.341801332506338e-08,fac-opacity-cowan-state,T1765p65_rho8p3418em08,0.3253200713396947,5.623613453945878e-09,0.32532007321577305,1.9530390347946756e-09,ok,/home/elads/STAR/full_grid_solar_opacity/runs/T1765p65_rho8p3418em08/fac-opacity-cowan-state/starout.h5
1765.6453134021303,1.1987818459583772e-07,fac-opacity-cowan-state,T1765p65_rho1p19878em07,0.3253200691320088,8.465631149973944e-09,0.3253200724125567,3.386912125674585e-09,ok,/home/elads/STAR/full_grid_solar_opacity/runs/T1765p65_rho1p19878em07/fac-opacity-cowan-state/starout.h5
1765.6453134021303,1.7227429147699408e-07,fac-opacity-cowan-state,T1765p65_rho1p72274em07,0.3253200664246845,1.2026160977146435e-08,0.3253200711022949,4.828055480510827e-09,ok,/home/elads/STAR/full_grid_solar_opacity/runs/T1765p65_rho1p72274em07/fac-opacity-cowan-state/starout.h5
1765.6453134021303,2.4757157946593376e-07,fac-opacity-cowan-state,T1765p65_rho2p47572em07,0.32532006309439254,2.6466506829923976e-08,0.3253200801166193,1.7248726201525873e-08,ok,/home/elads/STAR/full_grid_solar_opacity/runs/T1765p65_rho2p47572em07/fac-opacity-cowan-state/starout.h5
1765.6453134021303,3.557796490339488e-07,fac-opacity-cowan-state,T1765p65_rho3p5578em07,0.3253200591249066,3.849361655208791e-08,0.3253200837888283,2.499421033516135e-08,ok,/home/elads/STAR/full_grid_solar_opacity/runs/T1765p65_rho3p5578em07/fac-opacity-cowan-state/starout.h5
1765.6453134021303,5.112830759482948e-07,fac-opacity-cowan-state,T1765p65_rho5p11283em07,0.3253200541945568,5.578154687355084e-08,0.3253200899043312,3.618884913047323e-08,ok,/home/elads/STAR/full_grid_solar_opacity/runs/T1765p65_rho5p11283em07/fac-opacity-cowan-state/starout.h5
1765.6453134021303,7.347536163492159e-07,fac-opacity-cowan-state,T1765p65_rho7p34754em07,0.3253200482482463,7.995775947897338e-08,0.3253200996049628,5.203942863201017e-08,ok,/home/elads/STAR/full_grid_solar_opacity/runs/T1765p65_rho7p34754em07/fac-opacity-cowan-state/starout.h5
1765.6453134021303,1.0558981944335787e-06,fac-opacity-cowan-state,T1765p65_rho1p0559em06,0.32532004103660433,1.1554416092340603e-07,0.32532011521870247,7.51680031513476e-08,ok,/home/elads/STAR/full_grid_solar_opacity/runs/T1765p65_rho1p0559em06/fac-opacity-cowan-state/starout.h5
1765.6453134021303,1.517407974863493e-06,fac-opacity-cowan-state,T1765p65_rho1p51741em06,0.32532003230168965,1.663184189145696e-07,0.325320139022742,1.0813655034446814e-07,ok,/home/elads/STAR/full_grid_solar_opacity/runs/T1765p65_rho1p51741em06/fac-opacity-cowan-state/starout.h5
1765.6453134021303,2.1806334875063253e-06,fac-opacity-cowan-state,T1765p65_rho2p18063em06,0.3253200218042111,2.4207142432499715e-07,0.32532017652681666,1.5679321739713797e-07,ok,/home/elads/STAR/full_grid_solar_opacity/runs/T1765p65_rho2p18063em06/fac-opacity-cowan-state/starout.h5
1765.6453134021303,3.1337402238588983e-06,fac-opacity-cowan-state,T1765p65_rho3p13374em06,0.32532000898342256,3.5272529278853026e-07,0.32532023347174877,2.2753617011725246e-07,ok,/home/elads/STAR/full_grid_solar_opacity/runs/T1765p65_rho3p13374em06/fac-opacity-cowan-state/starout.h5
1765.6453134021303,4.503428864545845e-06,fac-opacity-cowan-state,T1765p65_rho4p50343em06,0.3253199933576951,5.03056507975689e-07,0.32532031384299914,3.248308979798503e-07,ok,/home/elads/STAR/full_grid_solar_opacity/runs/T1765p65_rho4p50343em06/fac-opacity-cowan-state/starout.h5
1765.6453134021303,6.471778159406801e-06,fac-opacity-cowan-state,T1765p65_rho6p47178em06,0.3253199742258059,7.384294884539243e-07,0.3253204399509059,4.722299742614129e-07,ok,/home/elads/STAR/full_grid_solar_opacity/runs/T1765p65_rho6p47178em06/fac-opacity-cowan-state/starout.h5
1765.6453134021303,9.300449458481393e-06,fac-opacity-cowan-state,T1765p65_rho9p30045em06,0.3253199507127632,1.0630449896673775e-06,0.32532061633074905,6.750918516430634e-07,ok,/home/elads/STAR/full_grid_solar_opacity/runs/T1765p65_rho9p30045em06/fac-opacity-cowan-state/starout.h5
1765.6453134021303,1.3365470508911143e-05,fac-opacity-cowan-state,T1765p65_rho1p33655em05,0.3253199230473183,1.5143982211265576e-06,0.325320870978545,9.615254215700005e-07,ok,/home/elads/STAR/full_grid_solar_opacity/runs/T1765p65_rho1p33655em05/fac-opacity-cowan-state/starout.h5
1765.6453134021303,1.920722248123928e-05,fac-opacity-cowan-state,T1765p65_rho1p92072em05,0.325319886958623,2.171437440805586e-06,0.3253212391689079,1.3718681942630418e-06,ok,/home/elads/STAR/full_grid_solar_opacity/runs/T1765p65_rho1p92072em05/fac-opacity-cowan-state/starout.h5
1765.6453134021303,2.760227522090268e-05,fac-opacity-cowan-state,T1765p65_rho2p76023em05,0.32531984472684305,3.1218219470321436e-06,0.3253217771355819,1.9607461895324287e-06,ok,/home/elads/STAR/full_grid_solar_opacity/runs/T1765p65_rho2p76023em05/fac-opacity-cowan-state/starout.h5
1765.6453134021303,3.966662010161191e-05,fac-opacity-cowan-state,T1765p65_rho3p96666em05,0.3253197881221613,4.476497540578375e-06,0.32532255300529545,2.80517172264016e-06,ok,/home/elads/STAR/full_grid_solar_opacity/runs/T1765p65_rho3p96666em05/fac-opacity-cowan-state/starout.h5
1765.6453134021303,5.7004023678963655e-05,fac-opacity-cowan-state,T1765p65_rho5p7004em05,0.32531971685423955,6.3892237460708155e-06,0.32532367073543134,4.010182295952421e-06,ok,/home/elads/STAR/full_grid_solar_opacity/runs/T1765p65_rho5p7004em05/fac-opacity-cowan-state/starout.h5
1765.6453134021303,8.191922344953684e-05,fac-opacity-cowan-state,T1765p65_rho8p19192em05,0.3253196536667557,9.192090145780788e-06,0.3253253293658693,5.755266363713478e-06,ok,/home/elads/STAR/full_grid_solar_opacity/runs/T1765p65_rho8p19192em05/fac-opacity-cowan-state/starout.h5
1765.6453134021303,0.00011772430676769293,fac-opacity-cowan-state,T1765p65_rho0p000117724,0.3253196328110823,1.305577383057012e-05,0.3253276415228611,8.121535535468433e-06,ok,/home/elads/STAR/full_grid_solar_opacity/runs/T1765p65_rho0p000117724/fac-opacity-cowan-state/starout.h5
1765.6453134021303,0.00016917900122028344,fac-opacity-cowan-state,T1765p65_rho0p000169179,0.32531949995198584,1.8577077598830846e-05,0.32533070470734166,1.136860308077236e-05,ok,/home/elads/STAR/full_grid_solar_opacity/runs/T1765p65_rho0p000169179/fac-opacity-cowan-state/starout.h5
1765.6453134021303,0.0002431234061999784,fac-opacity-cowan-state,T1765p65_rho0p000243123,0.32531931696797395,2.636916007807247e-05,0.3253350150771662,1.5931278545433898e-05,ok,/home/elads/STAR/full_grid_solar_opacity/runs/T1765p65_rho0p000243123/fac-opacity-cowan-state/starout.h5
1765.6453134021303,0.0003493872774749123,fac-opacity-cowan-state,T1765p65_rho0p000349387,0.32531906488692436,3.7599168820153024e-05,0.3253413626426086,2.2618917610685863e-05,ok,/home/elads/STAR/full_grid_solar_opacity/runs/T1765p65_rho0p000349387/fac-opacity-cowan-state/starout.h5
1765.6453134021303,0.0005020967399614471,fac-opacity-cowan-state,T1765p65_rho0p000502097,0.3253187660663918,5.338088122993131e-05,0.32535008228463347,3.176169467264383e-05,ok,/home/elads/STAR/full_grid_solar_opacity/runs/T1765p65_rho0p000502097/fac-opacity-cowan-state/starout.h5
1765.6453134021303,0.0007215521357901021,fac-opacity-cowan-state,T1765p65_rho0p000721552,0.3253182798983822,7.50143173349648e-05,0.3253609718792444,4.3332931478587206e-05,ok,/home/elads/STAR/full_grid_solar_opacity/runs/T1765p65_rho0p000721552/fac-opacity-cowan-state/starout.h5
1765.6453134021303,0.0010369266382873438,fac-opacity-cowan-state,T1765p65_rho0p00103693,0.3253176577069088,0.00010606842169720511,0.3253772706613549,6.0481046075618275e-05,ok,/home/elads/STAR/full_grid_solar_opacity/runs/T1765p65_rho0p00103693/fac-opacity-cowan-state/starout.h5
1765.6453134021303,0.0014901443705277455,fac-opacity-cowan-state,T1765p65_rho0p00149014,0.3253168012542117,0.00014893427551351324,0.3253983465583845,8.27438823497795e-05,ok,/home/elads/STAR/full_grid_solar_opacity/runs/T1765p65_rho0p00149014/fac-opacity-cowan-state/starout.h5
1765.6453134021303,0.002141453563853953,fac-opacity-cowan-state,T1765p65_rho0p00214145,0.3253156709844793,0.0002081328596678859,0.3254260686661446,0.00011204779942124743,ok,/home/elads/STAR/full_grid_solar_opacity/runs/T1765p65_rho0p00214145/fac-opacity-cowan-state/starout.h5
1765.6453134021303,0.003077435620898055,fac-opacity-cowan-state,T1765p65_rho0p00307744,0.3253140035435276,0.0002905961940147293,0.3254636672682903,0.00015189116166478597,ok,/home/elads/STAR/full_grid_solar_opacity/runs/T1765p65_rho0p00307744/fac-opacity-cowan-state/starout.h5
1765.6453134021303,0.004422514763163053,fac-opacity-cowan-state,T1765p65_rho0p00442251,0.32531167277713857,0.00040517965908476005,0.3255148690309986,0.00020614160153016912,ok,/home/elads/STAR/full_grid_solar_opacity/runs/T1765p65_rho0p00442251/fac-opacity-cowan-state/starout.h5
1765.6453134021303,0.006355498291362301,fac-opacity-cowan-state,T1765p65_rho0p0063555,0.3253085167721492,0.0005600919367125094,0.32557547345968807,0.0002710467343029148,ok,/home/elads/STAR/full_grid_solar_opacity/runs/T1765p65_rho0p0063555/fac-opacity-cowan-state/starout.h5
1765.6453134021303,0.009133346228248624,fac-opacity-cowan-state,T1765p65_rho0p00913335,0.3253042364033399,0.0007790800013503835,0.3256624929442566,0.000363695364242631,ok,/home/elads/STAR/full_grid_solar_opacity/runs/T1765p65_rho0p00913335/fac-opacity-cowan-state/starout.h5
1765.6453134021303,0.01312533014735226,fac-opacity-cowan-state,T1765p65_rho0p0131253,0.32529831344128735,0.0010870245774368835,0.32578192612090684,0.0004907436829428414,ok,/home/elads/STAR/full_grid_solar_opacity/runs/T1765p65_rho0p0131253/fac-opacity-cowan-state/starout.h5
1765.6453134021303,0.018862122071335155,fac-opacity-cowan-state,T1765p65_rho0p0188621,0.3252902052618616,0.0015152910836113062,0.3259349372570124,0.0006541942709086685,ok,/home/elads/STAR/full_grid_solar_opacity/runs/T1765p65_rho0p0188621/fac-opacity-cowan-state/starout.h5
1765.6453134021303,0.02710633904364831,fac-opacity-cowan-state,T1765p65_rho0p0271063,0.32527894458058365,0.0021225040482397623,0.3261424566744082,0.0008760138494296525,ok,/home/elads/STAR/full_grid_solar_opacity/runs/T1765p65_rho0p0271063/fac-opacity-cowan-state/starout.h5
1765.6453134021303,0.038953921174427183,fac-opacity-cowan-state,T1765p65_rho0p0389539,0.3252632692051343,0.0030026786435899443,0.3264584641103432,0.0012106301291991133,ok,/home/elads/STAR/full_grid_solar_opacity/runs/T1765p65_rho0p0389539/fac-opacity-cowan-state/starout.h5
1765.6453134021303,0.0559798197912329,fac-opacity-cowan-state,T1765p65_rho0p0559798,0.32524167637546714,0.00420639974482891,0.32680106468869163,0.0015804264352516412,ok,/home/elads/STAR/full_grid_solar_opacity/runs/T1765p65_rho0p0559798/fac-opacity-cowan-state/starout.h5
1765.6453134021303,0.08044736266284185,fac-opacity-cowan-state,T1765p65_rho0p0804474,0.3252109499427877,0.005946381065556504,0.3273138845748752,0.002129375804612811,ok,/home/elads/STAR/full_grid_solar_opacity/runs/T1765p65_rho0p0804474/fac-opacity-cowan-state/starout.h5
1765.6453134021303,0.11560912813835741,fac-opacity-cowan-state,T1765p65_rho0p115609,0.3251676884771927,0.008388566067362168,0.32794077293795504,0.0028070194968297405,ok,/home/elads/STAR/full_grid_solar_opacity/runs/T1765p65_rho0p115609/fac-opacity-cowan-state/starout.h5
1765.6453134021303,0.1661393247274789,fac-opacity-cowan-state,T1765p65_rho0p166139,0.3251068147699085,0.011879016706524054,0.3288036306958038,0.0037381118281543803,ok,/home/elads/STAR/full_grid_solar_opacity/runs/T1765p65_rho0p166139/fac-opacity-cowan-state/starout.h5
1765.6453134021303,0.23875515424585794,fac-opacity-cowan-state,T1765p65_rho0p238755,0.3250210598623499,0.016751356349426254,0.3297735159655089,0.0048045823195227095,ok,/home/elads/STAR/full_grid_solar_opacity/runs/T1765p65_rho0p238755/fac-opacity-cowan-state/starout.h5
1765.6453134021303,0.34310975906798746,fac-opacity-cowan-state,T1765p65_rho0p34311,0.3248949802467477,0.023742755495554126,0.33110285797272626,0.006268772963425943,ok,/home/elads/STAR/full_grid_solar_opacity/runs/T1765p65_rho0p34311/fac-opacity-cowan-state/starout.h5
1765.6453134021303,0.49307545690287347,fac-opacity-cowan-state,T1765p65_rho0p493075,0.3247225520954461,0.03358552630867516,0.33259506263014044,0.007943897422089381,ok,/home/elads/STAR/full_grid_solar_opacity/runs/T1765p65_rho0p493075/fac-opacity-cowan-state/starout.h5
1765.6453134021303,0.7085878491488851,fac-opacity-cowan-state,T1765p65_rho0p708588,0.3244809557311989,0.04767054075483529,0.3345422609826797,0.010136756980797378,ok,/home/elads/STAR/full_grid_solar_opacity/runs/T1765p65_rho0p708588/fac-opacity-cowan-state/starout.h5
1765.6453134021303,1.0182959482819007,fac-opacity-cowan-state,T1765p65_rho1p0183,0.3241444255564364,0.06772329336557088,0.33686602969197993,0.012792219396830036,ok,/home/elads/STAR/full_grid_solar_opacity/runs/T1765p65_rho1p0183/fac-opacity-cowan-state/starout.h5
1765.6453134021303,1.4633706173946401,fac-opacity-cowan-state,T1765p65_rho1p46337,0.3236782635952516,0.09643956551629923,0.3398529959208599,0.01621858970745631,ok,/home/elads/STAR/full_grid_solar_opacity/runs/T1765p65_rho1p46337/fac-opacity-cowan-state/starout.h5
1765.6453134021303,2.1029775945461404,fac-opacity-cowan-state,T1765p65_rho2p10298,0.3230368821395225,0.13753728463877476,0.3436151715865077,0.020560709363894206,ok,/home/elads/STAR/full_grid_solar_opacity/runs/T1765p65_rho2p10298/fac-opacity-cowan-state/starout.h5
1765.6453134021303,3.0221426551783854,fac-opacity-cowan-state,T1765p65_rho3p02214,0.3221614317302989,0.1963481732588299,0.3483879683149899,0.026090368879383017,ok,/home/elads/STAR/full_grid_solar_opacity/runs/T1765p65_rho3p02214/fac-opacity-cowan-state/starout.h5
1765.6453134021303,4.343054463316713,fac-opacity-cowan-state,T1765p65_rho4p34305,0.32097835180037626,0.2804844608144117,0.35448565050455544,0.03316705436924915,ok,/home/elads/STAR/full_grid_solar_opacity/runs/T1765p65_rho4p34305/fac-opacity-cowan-state/starout.h5
1765.6453134021303,6.241307649397467,fac-opacity-cowan-state,T1765p65_rho6p24131,0.3193966668951005,0.400701531654251,0.3622811958160081,0.04221798375493617,ok,/home/elads/STAR/full_grid_solar_opacity/runs/T1765p65_rho6p24131/fac-opacity-cowan-state/starout.h5
1765.6453134021303,8.969245378672715,fac-opacity-cowan-state,T1765p65_rho8p96925,0.31731294294685136,0.5721625156090594,0.3722074340384002,0.05373474710879815,ok,/home/elads/STAR/full_grid_solar_opacity/runs/T1765p65_rho8p96925/fac-opacity-cowan-state/starout.h5
1765.6453134021303,12.889504440725364,fac-opacity-cowan-state,T1765p65_rho12p8895,0.31461301855097784,0.8161017735714254,0.38481250442482556,0.0683335934815183,ok,/home/elads/STAR/full_grid_solar_opacity/runs/T1765p65_rho12p8895/fac-opacity-cowan-state/starout.h5
1765.6453134021303,18.52322215674118,fac-opacity-cowan-state,T1765p65_rho18p5232,0.31118562615126805,1.1620584626014896,0.4008117497411869,0.08679892597791826,ok,/home/elads/STAR/full_grid_solar_opacity/runs/T1765p65_rho18p5232/fac-opacity-cowan-state/starout.h5
1765.6453134021303,26.61931346126126,fac-opacity-cowan-state,T1765p65_rho26p6193,0.3069434011685623,1.6506776557499576,0.42128934756936404,0.11027847504502697,ok,/home/elads/STAR/full_grid_solar_opacity/runs/T1765p65_rho26p6193/fac-opacity-cowan-state/starout.h5
1765.6453134021303,38.254027466328665,fac-opacity-cowan-state,T1765p65_rho38p254,0.3018538305932816,2.3367568162127097,0.44713636313781724,0.1397088058959913,ok,/home/elads/STAR/full_grid_solar_opacity/runs/T1765p65_rho38p254/fac-opacity-cowan-state/starout.h5
1765.6453134021303,54.97401800103719,fac-opacity-cowan-state,T1765p65_rho54p974,0.29598386121460213,3.2928355087009797,0.47966408632307234,0.17640668964520168,ok,/home/elads/STAR/full_grid_solar_opacity/runs/T1765p65_rho54p974/fac-opacity-cowan-state/starout.h5
1765.6453134021303,79.0019471240894,fac-opacity-cowan-state,T1765p65_rho79p0019,0.2895490351182207,4.6121268618325235,0.5209407121949423,0.22238096863320833,ok,/home/elads/STAR/full_grid_solar_opacity/runs/T1765p65_rho79p0019/fac-opacity-cowan-state/starout.h5
1765.6453134021303,113.53195339077567,fac-opacity-cowan-state,T1765p65_rho113p532,0.2829582303874146,6.407579655072955,0.5732896840674453,0.27979501225854536,ok,/home/elads/STAR/full_grid_solar_opacity/runs/T1765p65_rho113p532/fac-opacity-cowan-state/starout.h5
1765.6453134021303,163.15426277379785,fac-opacity-cowan-state,T1765p65_rho163p154,0.27688630026168487,8.808465415027513,0.6402456886456662,0.35182862326186193,ok,/home/elads/STAR/full_grid_solar_opacity/runs/T1765p65_rho163p154/fac-opacity-cowan-state/starout.h5
1765.6453134021303,234.46538763970608,fac-opacity-cowan-state,T1765p65_rho234p465,0.272023341737589,11.942280380747626,0.7268669504942008,0.44321509605098924,ok,/home/elads/STAR/full_grid_solar_opacity/runs/T1765p65_rho234p465/fac-opacity-cowan-state/starout.h5
1765.6453134021303,336.94503022121665,fac-opacity-cowan-state,T1765p65_rho336p945,0.26951276235162613,15.910383513815702,0.8394675302414676,0.5593661474431428,ok,/home/elads/STAR/full_grid_solar_opacity/runs/T1765p65_rho336p945/fac-opacity-cowan-state/starout.h5
1765.6453134021303,484.21626123015125,fac-opacity-cowan-state,T1765p65_rho484p216,0.27007972013218806,20.717297927508753,0.9855964263188252,0.7072043967336145,ok,/home/elads/STAR/full_grid_solar_opacity/runs/T1765p65_rho484p216/fac-opacity-cowan-state/starout.h5
1765.6453134021303,695.8564947100452,fac-opacity-cowan-state,T1765p65_rho695p856,0.27449294273209524,26.208813501343133,1.1746260539320903,0.8951171833164462,ok,/home/elads/STAR/full_grid_solar_opacity/runs/T1765p65_rho695p856/fac-opacity-cowan-state/starout.h5
1765.6453134021303,1000.0,fac-opacity-cowan-state,T1765p65_rho1000,0.2824992903312299,31.994563176127915,1.4152478779963396,1.1316215136813013,ok,/home/elads/STAR/full_grid_solar_opacity/runs/T1765p65_rho1000/fac-opacity-cowan-state/starout.h5
1943.765455807693,1e-17,fac-opacity-cowan-state,T1943p77_rho1em17,0.32491393585253747,4.933335392773804e-19,0.32491392384061174,1.7130533231356279e-19,ok,/home/elads/STAR/full_grid_solar_opacity/runs/T1943p77_rho1em17/fac-opacity-cowan-state/starout.h5
1943.765455807693,1.4370779141993746e-17,fac-opacity-cowan-state,T1943p77_rho1p43708em17,0.32491393585264305,6.958316246446759e-19,0.32491392731310226,2.414300453961806e-19,ok,/home/elads/STAR/full_grid_solar_opacity/runs/T1943p77_rho1p43708em17/fac-opacity-cowan-state/starout.h5
1943.765455807693,2.065192931479625e-17,fac-opacity-cowan-state,T1943p77_rho2p06519em17,0.3249139358527565,9.868452524460184e-19,0.3249139298196291,3.422076764811933e-19,ok,/home/elads/STAR/full_grid_solar_opacity/runs/T1943p77_rho2p06519em17/fac-opacity-cowan-state/starout.h5
1943.765455807693,2.9678431503900313e-17,fac-opacity-cowan-state,T1943p77_rho2p96784em17,0.32491393585288125,1.4060925457915973e-18,0.32491393161220505,4.873904273052862e-19,ok,/home/elads/STAR/full_grid_solar_opacity/runs/T1943p77_rho2p96784em17/fac-opacity-cowan-state/starout.h5
1943.765455807693,4.2650218442334076e-17,fac-opacity-cowan-state,T1943p77_rho4p26502em17,0.32491393585301526,2.0100196295283196e-18,0.32491393288298287,6.965237971497843e-19,ok,/home/elads/STAR/full_grid_solar_opacity/runs/T1943p77_rho4p26502em17/fac-opacity-cowan-state/starout.h5
1943.765455807693,6.129168695925715e-17,fac-opacity-cowan-state,T1943p77_rho6p12917em17,0.3249139358532429,2.8832311984665678e-18,0.324913933781869,9.990127306463072e-19,ok,/home/elads/STAR/full_grid_solar_opacity/runs/T1943p77_rho6p12917em17/fac-opacity-cowan-state/starout.h5
1943.765455807693,8.808092965317026e-17,fac-opacity-cowan-state,T1943p77_rho8p80809em17,0.3249139358533069,4.143303212860762e-18,0.32491393441189553,1.4356165430640652e-18,ok,/home/elads/STAR/full_grid_solar_opacity/runs/T1943p77_rho8p80809em17/fac-opacity-cowan-state/starout.h5
1943.765455807693,1.2657915866672028e-16,fac-opacity-cowan-state,T1943p77_rho1p26579em16,0.32491393585343253,5.954056659364073e-18,0.32491393485039166,2.0630271310416894e-18,ok,/home/elads/STAR/full_grid_solar_opacity/runs/T1943p77_rho1p26579em16/fac-opacity-cowan-state/starout.h5
1943.765455807693,1.819041133178821e-16,fac-opacity-cowan-state,T1943p77_rho1p81904em16,0.32491393585353734,8.556132651646951e-18,0.3249139351555459,2.9646250451487627e-18,ok,/home/elads/STAR/full_grid_solar_opacity/runs/T1943p77_rho1p81904em16/fac-opacity-cowan-state/starout.h5
1943.765455807693,2.6141038375114865e-16,fac-opacity-cowan-state,T1943p77_rho2p6141em16,0.3249139358535393,1.2295335889312673e-17,0.3249139353678227,4.2602295438408956e-18,ok,/home/elads/STAR/full_grid_solar_opacity/runs/T1943p77_rho2p6141em16/fac-opacity-cowan-state/starout.h5
1943.765455807693,3.7566708903116036e-16,fac-opacity-cowan-state,T1943p77_rho3p75667em16,0.32491393585353795,1.7668575443871657e-17,0.32491393551553743,6.122016871948743e-18,ok,/home/elads/STAR/full_grid_solar_opacity/runs/T1943p77_rho3p75667em16/fac-opacity-cowan-state/starout.h5
1943.765455807693,5.398628767382507e-16,fac-opacity-cowan-state,T1943p77_rho5p39863em16,0.32491393585354544,2.5389882558622276e-17,0.3249139356183378,8.797395598567373e-18,ok,/home/elads/STAR/full_grid_solar_opacity/runs/T1943p77_rho5p39863em16/fac-opacity-cowan-state/starout.h5
1943.765455807693,7.758250168566793e-16,fac-opacity-cowan-state,T1943p77_rho7p75825em16,0.32491393585354617,3.648529363971038e-17,0.324913935689869,1.2641883412522458e-17,ok,/home/elads/STAR/full_grid_solar_opacity/runs/T1943p77_rho7p75825em16/fac-opacity-cowan-state/starout.h5
1943.765455807693,1.1149209970080914e-15,fac-opacity-cowan-state,T1943p77_rho1p11492em15,0.32491393585353884,5.2429276695313476e-17,0.3249139357396382,1.8166382428006772e-17,ok,/home/elads/STAR/full_grid_solar_opacity/runs/T1943p77_rho1p11492em15/fac-opacity-cowan-state/starout.h5
1943.765455807693,1.6022283408774753e-15,fac-opacity-cowan-state,T1943p77_rho1p60223em15,0.32491393585354733,7.534013243201759e-17,0.3249139357742864,2.610487760567261e-17,ok,/home/elads/STAR/full_grid_solar_opacity/runs/T1943p77_rho1p60223em15/fac-opacity-cowan-state/starout.h5
1943.765455807693,2.3025269621793266e-15,fac-opacity-cowan-state,T1943p77_rho2p30253em15,0.324913935853548,1.0826211261865408e-16,0.32491393579839106,3.7512201955086826e-17,ok,/home/elads/STAR/full_grid_solar_opacity/runs/T1943p77_rho2p30253em15/fac-opacity-cowan-state/starout.h5
1943.765455807693,3.308910644196489e-15,fac-opacity-cowan-state,T1943p77_rho3p30891em15,0.32491393585357375,1.5556938201319188e-16,0.32491393581519085,5.390401079634891e-17,ok,/home/elads/STAR/full_grid_solar_opacity/runs/T1943p77_rho3p30891em15/fac-opacity-cowan-state/starout.h5
1943.765455807693,4.755162406834019e-15,fac-opacity-cowan-state,T1943p77_rho4p75516em15,0.32491393585198475,2.235471948117905e-16,0.32491393582527484,7.745816148812669e-17,ok,/home/elads/STAR/full_grid_solar_opacity/runs/T1943p77_rho4p75516em15/fac-opacity-cowan-state/starout.h5
1943.765455807693,6.8335388732923106e-15,fac-opacity-cowan-state,T1943p77_rho6p83354em15,0.32491393585353384,3.2122680482138747e-16,0.3249139358349469,1.1130403026751034e-16,ok,/home/elads/STAR/full_grid_solar_opacity/runs/T1943p77_rho6p83354em15/fac-opacity-cowan-state/starout.h5
1943.765455807693,9.820327790631256e-15,fac-opacity-cowan-state,T1943p77_rho9p82033em15,0.32491393585359396,4.615850014057472e-16,0.32491393584066,1.5993814127201369e-16,ok,/home/elads/STAR/full_grid_solar_opacity/runs/T1943p77_rho9p82033em15/fac-opacity-cowan-state/starout.h5
1943.765455807693,1.4112576178114521e-14,fac-opacity-cowan-state,T1943p77_rho1p41126em14,0.32491393585360334,6.632686945498163e-16,0.3249139358446035,2.298218545741497e-16,ok,/home/elads/STAR/full_grid_solar_opacity/runs/T1943p77_rho1p41126em14/fac-opacity-cowan-state/starout.h5
1943.765455807693,2.0280871538024598e-14,fac-opacity-cowan-state,T1943p77_rho2p02809em14,0.3249139358535854,9.530712782006013e-16,0.3249139358473228,3.302393840607216e-16,ok,/home/elads/STAR/full_grid_solar_opacity/runs/T1943p77_rho2p02809em14/fac-opacity-cowan-state/starout.h5
1943.765455807693,2.914519256800997e-14,fac-opacity-cowan-state,T1943p77_rho2p91452em14,0.32491393585355705,1.3694931051757783e-15,0.32491393584919964,4.745316546042491e-16,ok,/home/elads/STAR/full_grid_solar_opacity/runs/T1943p77_rho2p91452em14/fac-opacity-cowan-state/starout.h5
1943.765455807693,4.188391254457488e-14,fac-opacity-cowan-state,T1943p77_rho4p18839em14,0.3249139358535476,1.9678577024779332e-15,0.32491393585051603,6.818692378775137e-16,ok,/home/elads/STAR/full_grid_solar_opacity/runs/T1943p77_rho4p18839em14/fac-opacity-cowan-state/starout.h5
1943.765455807693,6.019044567806669e-14,fac-opacity-cowan-state,T1943p77_rho6p01904em14,0.32491393592554424,2.82766570236967e-15,0.3249139359234354,9.798007521273973e-16,ok,/home/elads/STAR/full_grid_solar_opacity/runs/T1943p77_rho6p01904em14/fac-opacity-cowan-state/starout.h5
1943.765455807693,8.649836012976684e-14,fac-opacity-cowan-state,T1943p77_rho8p64984em14,0.32491393585354,4.0631658515615155e-15,0.3249139358520736,1.4079161497972224e-15,ok,/home/elads/STAR/full_grid_solar_opacity/runs/T1943p77_rho8p64984em14/fac-opacity-cowan-state/starout.h5
1943.765455807693,1.2430488295695167e-13,fac-opacity-cowan-state,T1943p77_rho1p24305em13,0.32491393585353306,5.838551961758709e-15,0.3249139358525142,2.023113253055002e-15,ok,/home/elads/STAR/full_grid_solar_opacity/runs/T1943p77_rho1p24305em13/fac-opacity-cowan-state/starout.h5
1943.765455807693,1.7863580192457348e-13,fac-opacity-cowan-state,T1943p77_rho1p78636em13,0.3249139358535141,8.389819334876915e-15,0.32491393585280715,2.9071720048857634e-15,ok,/home/elads/STAR/full_grid_solar_opacity/runs/T1943p77_rho1p78636em13/fac-opacity-cowan-state/starout.h5
1943.765455807693,2.567135656310987e-13,fac-opacity-cowan-state,T1943p77_rho2p56714em13,0.324913935853348,1.2056189709370342e-14,0.32491393585285844,4.1776451539528704e-15,ok,/home/elads/STAR/full_grid_solar_opacity/runs/T1943p77_rho2p56714em13/fac-opacity-cowan-state/starout.h5
1943.765455807693,3.6891739544382357e-13,fac-opacity-cowan-state,T1943p77_rho3p68917em13,0.32491393581597633,1.7325312955859176e-14,0.3249139358156394,6.0035229672502175e-15,ok,/home/elads/STAR/full_grid_solar_opacity/runs/T1943p77_rho3p68917em13/fac-opacity-cowan-state/starout.h5
1943.765455807693,5.301630411562758e-13,fac-opacity-cowan-state,T1943p77_rho5p30163em13,0.3249139358535498,2.489835099541105e-14,0.32491393585331996,8.6277922266523e-15,ok,/home/elads/STAR/full_grid_solar_opacity/runs/T1943p77_rho5p30163em13/fac-opacity-cowan-state/starout.h5
1943.765455807693,7.618855973704612e-13,fac-opacity-cowan-state,T1943p77_rho7p61886em13,0.32491393585346756,3.578350580119222e-14,0.3249139358533145,1.2399848714782108e-14,ok,/home/elads/STAR/full_grid_solar_opacity/runs/T1943p77_rho7p61886em13/fac-opacity-cowan-state/starout.h5
1943.765455807693,1.0948889651276868e-12,fac-opacity-cowan-state,T1943p77_rho1p09489em12,0.3249139358534863,5.143088823446353e-14,0.32491393585338885,1.7822246134931104e-14,ok,/home/elads/STAR/full_grid_solar_opacity/runs/T1943p77_rho1p09489em12/fac-opacity-cowan-state/starout.h5
1943.765455807693,1.5734407502856082e-12,fac-opacity-cowan-state,T1943p77_rho1p57344em12,0.3249139358512986,7.392604008620654e-14,0.3249139358512439,2.5617768798023648e-14,ok,/home/elads/STAR/full_grid_solar_opacity/runs/T1943p77_rho1p57344em12/fac-opacity-cowan-state/starout.h5
1943.765455807693,2.26115695153675e-12,fac-opacity-cowan-state,T1943p77_rho2p26116em12,0.32491393585531797,1.06269943476912e-13,0.3249139358552989,3.682650523252353e-14,ok,/home/elads/STAR/full_grid_solar_opacity/runs/T1943p77_rho2p26116em12/fac-opacity-cowan-state/starout.h5
1943.765455807693,3.249458715591849e-12,fac-opacity-cowan-state,T1943p77_rho3p24946em12,0.3249139358532408,1.527817798254586e-13,0.32491393585325357,5.294547225410259e-14,ok,/home/elads/STAR/full_grid_solar_opacity/runs/T1943p77_rho3p24946em12/fac-opacity-cowan-state/starout.h5
1943.765455807693,4.669725353279713e-12,fac-opacity-cowan-state,T1943p77_rho4p66973em12,0.3249139358537843,2.196821329022093e-13,0.32491393585383177,7.613089521864043e-14,ok,/home/elads/STAR/full_grid_solar_opacity/runs/T1943p77_rho4p66973em12/fac-opacity-cowan-state/starout.h5
1943.765455807693,6.710759170575148e-12,fac-opacity-cowan-state,T1943p77_rho6p71076em12,0.32491393585473055,3.159385516937253e-13,0.3249139358548175,1.094914707108303e-13,ok,/home/elads/STAR/full_grid_solar_opacity/runs/T1943p77_rho6p71076em12/fac-opacity-cowan-state/starout.h5
1943.765455807693,9.64388379154446e-12,fac-opacity-cowan-state,T1943p77_rho9p64388em12,0.3249139358523993,4.5449801529557577e-13,0.3249139358525385,1.5751610990523536e-13,ok,/home/elads/STAR/full_grid_solar_opacity/runs/T1943p77_rho9p64388em12/fac-opacity-cowan-state/starout.h5
1943.765455807693,1.3859012403933867e-11,fac-opacity-cowan-state,T1943p77_rho1p3859em11,0.324913935794149,6.540922885898985e-13,0.32491393579435807,2.2670086358049758e-13,ok,/home/elads/STAR/full_grid_solar_opacity/runs/T1943p77_rho1p3859em11/fac-opacity-cowan-state/starout.h5
1943.765455807693,1.9916480638308542e-11,fac-opacity-cowan-state,T1943p77_rho1p99165em11,0.3249139358513348,9.42064006262104e-13,0.3249139358516433,3.2653284555308167e-13,ok,/home/elads/STAR/full_grid_solar_opacity/runs/T1943p77_rho1p99165em11/fac-opacity-cowan-state/starout.h5
1943.765455807693,2.8621534453892672e-11,fac-opacity-cowan-state,T1943p77_rho2p86215em11,0.32491393585021944,1.3593689890777585e-12,0.32491393585066664,4.712418525579178e-13,ok,/home/elads/STAR/full_grid_solar_opacity/runs/T1943p77_rho2p86215em11/fac-opacity-cowan-state/starout.h5
1943.765455807693,4.1131375034185614e-11,fac-opacity-cowan-state,T1943p77_rho4p11314em11,0.324913935848786,1.958994938106017e-12,0.324913935849435,6.791672680340606e-13,ok,/home/elads/STAR/full_grid_solar_opacity/runs/T1943p77_rho4p11314em11/fac-opacity-cowan-state/starout.h5
1943.765455807693,5.910899064227969e-11,fac-opacity-cowan-state,T1943p77_rho5p9109em11,0.3249139358464673,2.8199478787589784e-12,0.3249139358474035,9.77672797767782e-13,ok,/home/elads/STAR/full_grid_solar_opacity/runs/T1943p77_rho5p9109em11/fac-opacity-cowan-state/starout.h5
1943.765455807693,8.4944224982638e-11,fac-opacity-cowan-state,T1943p77_rho8p49442em11,0.32491393584335704,4.06141318879202e-12,0.32491393584470407,1.4080947246530973e-12,ok,/home/elads/STAR/full_grid_solar_opacity/runs/T1943p77_rho8p49442em11/fac-opacity-cowan-state/starout.h5
1943.765455807693,1.2207146966133182e-10,fac-opacity-cowan-state,T1943p77_rho1p22071em10,0.3237552562155213,5.85328513583029e-12,0.32375525621746065,2.0279024490188896e-12,ok,/home/elads/STAR/full_grid_solar_opacity/runs/T1943p77_rho1p22071em10/fac-opacity-cowan-state/starout.h5
1943.765455807693,1.7542621300415897e-10,fac-opacity-cowan-state,T1943p77_rho1p75426em10,0.3237552562093729,8.382664915037092e-12,0.3237552562121535,2.9059895445171205e-12,ok,/home/elads/STAR/full_grid_solar_opacity/runs/T1943p77_rho1p75426em10/fac-opacity-cowan-state/starout.h5
1943.765455807693,2.52101136279913e-10,fac-opacity-cowan-state,T1943p77_rho2p52101em10,0.32375525619987866,1.204280531164728e-11,0.323755256203872,4.173773656450837e-12,ok,/home/elads/STAR/full_grid_solar_opacity/runs/T1943p77_rho2p52101em10/fac-opacity-cowan-state/starout.h5
1943.765455807693,3.6228897509242966e-10,fac-opacity-cowan-state,T1943p77_rho3p62289em10,0.32375525618691714,1.7317223594995924e-11,0.32375525619266177,6.004532584895627e-12,ok,/home/elads/STAR/full_grid_solar_opacity/runs/T1943p77_rho3p62289em10/fac-opacity-cowan-state/starout.h5
1943.765455807693,5.20637484663258e-10,fac-opacity-cowan-state,T1943p77_rho5p20637em10,0.3237552561675483,2.4983073308583935e-11,0.32375525617583595,8.66166809940173e-12,ok,/home/elads/STAR/full_grid_solar_opacity/runs/T1943p77_rho5p20637em10/fac-opacity-cowan-state/starout.h5
1943.765455807693,7.481966305138837e-10,fac-opacity-cowan-state,T1943p77_rho7p48197em10,0.32375525614073986,3.601359422162228e-11,0.3237552561526906,1.2489696652418165e-11,ok,/home/elads/STAR/full_grid_solar_opacity/runs/T1943p77_rho7p48197em10/fac-opacity-cowan-state/starout.h5
1943.765455807693,1.0752168531898921e-09,fac-opacity-cowan-state,T1943p77_rho1p07522em09,0.323755256102051,5.193017039313853e-11,0.32375525611927586,1.8004564226499533e-11,ok,/home/elads/STAR/full_grid_solar_opacity/runs/T1943p77_rho1p07522em09/fac-opacity-cowan-state/starout.h5
1943.765455807693,1.5451703926941453e-09,fac-opacity-cowan-state,T1943p77_rho1p54517em09,0.32375525604683913,7.486248599358511e-11,0.3237552560716768,2.5959039310349097e-11,ok,/home/elads/STAR/full_grid_solar_opacity/runs/T1943p77_rho1p54517em09/fac-opacity-cowan-state/starout.h5
1943.765455807693,2.220530245015531e-09,fac-opacity-cowan-state,T1943p77_rho2p22053em09,0.32375525596816307,1.0777865900415836e-10,0.32375525600391547,3.736695917760948e-11,ok,/home/elads/STAR/full_grid_solar_opacity/runs/T1943p77_rho2p22053em09/fac-opacity-cowan-state/starout.h5
1943.765455807693,3.1910749729235452e-09,fac-opacity-cowan-state,T1943p77_rho3p19107em09,0.3237552558893234,1.5352114132140763e-10,0.3237552559402315,5.320824516614557e-11,ok,/home/elads/STAR/full_grid_solar_opacity/runs/T1943p77_rho3p19107em09/fac-opacity-cowan-state/starout.h5
1943.765455807693,4.585823366142813e-09,fac-opacity-cowan-state,T1943p77_rho4p58582em09,0.32375525570061786,2.1967015685388874e-10,0.32375525577343645,7.610827944738643e-11,ok,/home/elads/STAR/full_grid_solar_opacity/runs/T1943p77_rho4p58582em09/fac-opacity-cowan-state/starout.h5
1943.765455807693,6.590185477903269e-09,fac-opacity-cowan-state,T1943p77_rho6p59019em09,0.3237552554794478,3.1431960001353493e-10,0.32375525558362206,1.0888069268487998e-10,ok,/home/elads/STAR/full_grid_solar_opacity/runs/T1943p77_rho6p59019em09/fac-opacity-cowan-state/starout.h5
1943.765455807693,9.470610000772238e-09,fac-opacity-cowan-state,T1943p77_rho9p47061em09,0.323755255178476,4.492817810561903e-10,0.3237552553273307,1.555811802563338e-10,ok,/home/elads/STAR/full_grid_solar_opacity/runs/T1943p77_rho9p47061em09/fac-opacity-cowan-state/starout.h5
1943.765455807693,1.3610004466105506e-08,fac-opacity-cowan-state,T1943p77_rho1p361em08,0.32375525474504957,6.45046312616419e-10,0.323755254958744,2.233493594741687e-10,ok,/home/elads/STAR/full_grid_solar_opacity/runs/T1943p77_rho1p361em08/fac-opacity-cowan-state/starout.h5
1943.765455807693,1.9558636830395073e-08,fac-opacity-cowan-state,T1943p77_rho1p95586em08,0.32375525420264,9.317701981585519e-10,0.32375525451134846,3.226533294806338e-10,ok,/home/elads/STAR/full_grid_solar_opacity/runs/T1943p77_rho1p95586em08/fac-opacity-cowan-state/starout.h5
1943.765455807693,2.810728502080722e-08,fac-opacity-cowan-state,T1943p77_rho2p81073em08,0.323755253470443,1.3229870117385433e-09,0.3237552539084086,4.577573310346073e-10,ok,/home/elads/STAR/full_grid_solar_opacity/runs/T1943p77_rho2p81073em08/fac-opacity-cowan-state/starout.h5
1943.765455807693,4.039235853150913e-08,fac-opacity-cowan-state,T1943p77_rho4p03924em08,0.32375525251689946,1.9030674175370708e-09,0.3237552531465787,6.581358866574625e-10,ok,/home/elads/STAR/full_grid_solar_opacity/runs/T1943p77_rho4p03924em08/fac-opacity-cowan-state/starout.h5
1943.765455807693,5.804696634805446e-08,fac-opacity-cowan-state,T1943p77_rho5p8047em08,0.32375525130482147,2.7613098628777937e-09,0.32375525221821955,9.546785302575223e-10,ok,/home/elads/STAR/full_grid_solar_opacity/runs/T1943p77_rho5p8047em08/fac-opacity-cowan-state/starout.h5
1943.765455807693,8.341801332506338e-08,fac-opacity-cowan-state,T1943p77_rho8p3418em08,0.3237552497785294,3.981547309589535e-09,0.32375525109519976,1.3761707469751877e-09,ok,/home/elads/STAR/full_grid_solar_opacity/runs/T1943p77_rho8p3418em08/fac-opacity-cowan-state/starout.h5
1943.765455807693,1.1987818459583772e-07,fac-opacity-cowan-state,T1943p77_rho1p19878em07,0.32375524787990784,5.664269814300229e-09,0.32375524975251285,1.95720961732974e-09,ok,/home/elads/STAR/full_grid_solar_opacity/runs/T1943p77_rho1p19878em07/fac-opacity-cowan-state/starout.h5
1943.765455807693,1.7227429147699408e-07,fac-opacity-cowan-state,T1943p77_rho1p72274em07,0.323755245547808,8.056497779821153e-09,0.32375524821083024,2.783290916972604e-09,ok,/home/elads/STAR/full_grid_solar_opacity/runs/T1943p77_rho1p72274em07/fac-opacity-cowan-state/starout.h5
1943.765455807693,2.4757157946593376e-07,fac-opacity-cowan-state,T1943p77_rho2p47572em07,0.3237552427147519,1.2201761264303099e-08,0.3237552472201902,4.6783331214294224e-09,ok,/home/elads/STAR/full_grid_solar_opacity/runs/T1943p77_rho2p47572em07/fac-opacity-cowan-state/starout.h5
1943.765455807693,3.557796490339488e-07,fac-opacity-cowan-state,T1943p77_rho3p5578em07,0.32375523926158556,1.779938853043428e-08,0.3237552458437442,6.833817158813724e-09,ok,/home/elads/STAR/full_grid_solar_opacity/runs/T1943p77_rho3p5578em07/fac-opacity-cowan-state/starout.h5
1943.765455807693,5.112830759482948e-07,fac-opacity-cowan-state,T1943p77_rho5p11283em07,0.3237552350761844,3.620163887723282e-08,0.32375525549175704,2.0829422298294345e-08,ok,/home/elads/STAR/full_grid_solar_opacity/runs/T1943p77_rho5p11283em07/fac-opacity-cowan-state/starout.h5
1943.765455807693,7.347536163492159e-07,fac-opacity-cowan-state,T1943p77_rho7p34754em07,0.32375522997278317,5.187694380745618e-08,0.3237552593400026,2.9958309530835805e-08,ok,/home/elads/STAR/full_grid_solar_opacity/runs/T1943p77_rho7p34754em07/fac-opacity-cowan-state/starout.h5
1943.765455807693,1.0558981944335787e-06,fac-opacity-cowan-state,T1943p77_rho1p0559em06,0.323755223808602,7.541054373885899e-08,0.32375526645688923,4.350863831207899e-08,ok,/home/elads/STAR/full_grid_solar_opacity/runs/T1943p77_rho1p0559em06/fac-opacity-cowan-state/starout.h5
1943.765455807693,1.517407974863493e-06,fac-opacity-cowan-state,T1943p77_rho1p51741em06,0.32375521628496257,1.0801982530495581e-07,0.32375527742255855,6.236587213254971e-08,ok,/home/elads/STAR/full_grid_solar_opacity/runs/T1943p77_rho1p51741em06/fac-opacity-cowan-state/starout.h5
1943.765455807693,2.1806334875063253e-06,fac-opacity-cowan-state,T1943p77_rho2p18063em06,0.32375520738167873,1.571722756786307e-07,0.32375529589463337,9.03054608183773e-08,ok,/home/elads/STAR/full_grid_solar_opacity/runs/T1943p77_rho2p18063em06/fac-opacity-cowan-state/starout.h5
1943.765455807693,3.1337402238588983e-06,fac-opacity-cowan-state,T1943p77_rho3p13374em06,0.32375519649215945,2.2632010444821202e-07,0.32375532397806217,1.3006747138399864e-07,ok,/home/elads/STAR/full_grid_solar_opacity/runs/T1943p77_rho3p13374em06/fac-opacity-cowan-state/starout.h5
1943.765455807693,4.503428864545845e-06,fac-opacity-cowan-state,T1943p77_rho4p50343em06,0.3237551832647993,3.26970432206513e-07,0.32375536719634507,1.8767488067875273e-07,ok,/home/elads/STAR/full_grid_solar_opacity/runs/T1943p77_rho4p50343em06/fac-opacity-cowan-state/starout.h5
1943.765455807693,6.471778159406801e-06,fac-opacity-cowan-state,T1943p77_rho6p47178em06,0.3237551671027662,4.7640782726137004e-07,0.3237554327976491,2.7119333076786167e-07,ok,/home/elads/STAR/full_grid_solar_opacity/runs/T1943p77_rho6p47178em06/fac-opacity-cowan-state/starout.h5
1943.765455807693,9.300449458481393e-06,fac-opacity-cowan-state,T1943p77_rho9p30045em06,0.3237551472633452,6.921842045958017e-07,0.32375553103585913,3.9183596319202e-07,ok,/home/elads/STAR/full_grid_solar_opacity/runs/T1943p77_rho9p30045em06/fac-opacity-cowan-state/starout.h5
1943.765455807693,1.3365470508911143e-05,fac-opacity-cowan-state,T1943p77_rho1p33655em05,0.32375512407835866,9.85828788848117e-07,0.32375567045695985,5.5790857231271e-07,ok,/home/elads/STAR/full_grid_solar_opacity/runs/T1943p77_rho1p33655em05/fac-opacity-cowan-state/starout.h5
1943.765455807693,1.920722248123928e-05,fac-opacity-cowan-state,T1943p77_rho1p92072em05,0.3237550939081299,1.4086397407517973e-06,0.32375587149488694,7.940989768727455e-07,ok,/home/elads/STAR/full_grid_solar_opacity/runs/T1943p77_rho1p92072em05/fac-opacity-cowan-state/starout.h5
1943.765455807693,2.760227522090268e-05,fac-opacity-cowan-state,T1943p77_rho2p76023em05,0.3237550588291593,2.0271165046359597e-06,0.3237561716574491,1.136601358848242e-06,ok,/home/elads/STAR/full_grid_solar_opacity/runs/T1943p77_rho2p76023em05/fac-opacity-cowan-state/starout.h5
1943.765455807693,3.966662010161191e-05,fac-opacity-cowan-state,T1943p77_rho3p96666em05,0.3237550119418454,2.9072753574692024e-06,0.3237566050115599,1.626942191367281e-06,ok,/home/elads/STAR/full_grid_solar_opacity/runs/T1943p77_rho3p96666em05/fac-opacity-cowan-state/starout.h5
1943.765455807693,5.7004023678963655e-05,fac-opacity-cowan-state,T1943p77_rho5p7004em05,0.323754953240998,4.150759413099929e-06,0.3237572315219137,2.325968579262624e-06,ok,/home/elads/STAR/full_grid_solar_opacity/runs/T1943p77_rho5p7004em05/fac-opacity-cowan-state/starout.h5
1943.765455807693,8.191922344953684e-05,fac-opacity-cowan-state,T1943p77_rho8p19192em05,0.3237549054727831,5.974393259905725e-06,0.32375817909249777,3.3414161496606755e-06,ok,/home/elads/STAR/full_grid_solar_opacity/runs/T1943p77_rho8p19192em05/fac-opacity-cowan-state/starout.h5
1943.765455807693,0.00011772430676769293,fac-opacity-cowan-state,T1943p77_rho0p000117724,0.3237548973553462,8.49821884602351e-06,0.3237595277540626,4.726517249067102e-06,ok,/home/elads/STAR/full_grid_solar_opacity/runs/T1943p77_rho0p000117724/fac-opacity-cowan-state/starout.h5
1943.765455807693,0.00016917900122028344,fac-opacity-cowan-state,T1943p77_rho0p000169179,0.3237547912121275,1.210520917581668e-05,0.32376128993745634,6.636943764281991e-06,ok,/home/elads/STAR/full_grid_solar_opacity/runs/T1943p77_rho0p000169179/fac-opacity-cowan-state/starout.h5
1943.765455807693,0.0002431234061999784,fac-opacity-cowan-state,T1943p77_rho0p000243123,0.32375465296630657,1.721739871002183e-05,0.323763791365971,9.334823118327059e-06,ok,/home/elads/STAR/full_grid_solar_opacity/runs/T1943p77_rho0p000243123/fac-opacity-cowan-state/starout.h5
1943.765455807693,0.0003493872774749123,fac-opacity-cowan-state,T1943p77_rho0p000349387,0.32375445686467597,2.4578484421035055e-05,0.3237674734732036,1.3290376127430945e-05,ok,/home/elads/STAR/full_grid_solar_opacity/runs/T1943p77_rho0p000349387/fac-opacity-cowan-state/starout.h5
1943.765455807693,0.0005020967399614471,fac-opacity-cowan-state,T1943p77_rho0p000502097,0.323754179563729,3.496862210705249e-05,0.32377254811655204,1.8751198685862e-05,ok,/home/elads/STAR/full_grid_solar_opacity/runs/T1943p77_rho0p000502097/fac-opacity-cowan-state/starout.h5
1943.765455807693,0.0007215521357901021,fac-opacity-cowan-state,T1943p77_rho0p000721552,0.3237538386100169,4.931567348348096e-05,0.3237790857197613,2.5791980387403974e-05,ok,/home/elads/STAR/full_grid_solar_opacity/runs/T1943p77_rho0p000721552/fac-opacity-cowan-state/starout.h5
1943.765455807693,0.0010369266382873438,fac-opacity-cowan-state,T1943p77_rho0p00103693,0.3237533464766622,6.995124365486468e-05,0.3237888248777868,3.62285653101153e-05,ok,/home/elads/STAR/full_grid_solar_opacity/runs/T1943p77_rho0p00103693/fac-opacity-cowan-state/starout.h5
1943.765455807693,0.0014901443705277455,fac-opacity-cowan-state,T1943p77_rho0p00149014,0.3237526821914985,9.865011692148462e-05,0.3238017124581688,5.006989954470632e-05,ok,/home/elads/STAR/full_grid_solar_opacity/runs/T1943p77_rho0p00149014/fac-opacity-cowan-state/starout.h5
1943.765455807693,0.002141453563853953,fac-opacity-cowan-state,T1943p77_rho0p00214145,0.3237518109987653,0.00013856439898577574,0.32381887445639634,6.850198679405378e-05,ok,/home/elads/STAR/full_grid_solar_opacity/runs/T1943p77_rho0p00214145/fac-opacity-cowan-state/starout.h5
1943.765455807693,0.003077435620898055,fac-opacity-cowan-state,T1943p77_rho0p00307744,0.32375051909019414,0.0001946051348123295,0.32384252487276627,9.396651051421412e-05,ok,/home/elads/STAR/full_grid_solar_opacity/runs/T1943p77_rho0p00307744/fac-opacity-cowan-state/starout.h5
1943.765455807693,0.004422514763163053,fac-opacity-cowan-state,T1943p77_rho0p00442251,0.32374870762400376,0.00027299493682618784,0.323874797439719,0.00012873443646777905,ok,/home/elads/STAR/full_grid_solar_opacity/runs/T1943p77_rho0p00442251/fac-opacity-cowan-state/starout.h5
1943.765455807693,0.006355498291362301,fac-opacity-cowan-state,T1943p77_rho0p0063555,0.3237462847652688,0.0003802726731946585,0.32391438417205776,0.000171745995435704,ok,/home/elads/STAR/full_grid_solar_opacity/runs/T1943p77_rho0p0063555/fac-opacity-cowan-state/starout.h5
1943.765455807693,0.009133346228248624,fac-opacity-cowan-state,T1943p77_rho0p00913335,0.3237430173628778,0.0005327364081072392,0.3239713465463181,0.00023323385801903444,ok,/home/elads/STAR/full_grid_solar_opacity/runs/T1943p77_rho0p00913335/fac-opacity-cowan-state/starout.h5
1943.765455807693,0.01312533014735226,fac-opacity-cowan-state,T1943p77_rho0p0131253,0.323738503702685,0.000748094478859365,0.3240498029290276,0.00031784735950776043,ok,/home/elads/STAR/full_grid_solar_opacity/runs/T1943p77_rho0p0131253/fac-opacity-cowan-state/starout.h5
1943.765455807693,0.018862122071335155,fac-opacity-cowan-state,T1943p77_rho0p0188621,0.3237323476592073,0.0010495679018666085,0.32415244619575195,0.0004288785072129522,ok,/home/elads/STAR/full_grid_solar_opacity/runs/T1943p77_rho0p0188621/fac-opacity-cowan-state/starout.h5
1943.765455807693,0.02710633904364831,fac-opacity-cowan-state,T1943p77_rho0p0271063,0.3237238799155857,0.0014769018182180275,0.32429124387396946,0.0005791284410762048,ok,/home/elads/STAR/full_grid_solar_opacity/runs/T1943p77_rho0p0271063/fac-opacity-cowan-state/starout.h5
1943.765455807693,0.038953921174427183,fac-opacity-cowan-state,T1943p77_rho0p0389539,0.3237120913659713,0.002095490371573987,0.3244995279244688,0.0008026636596347133,ok,/home/elads/STAR/full_grid_solar_opacity/runs/T1943p77_rho0p0389539/fac-opacity-cowan-state/starout.h5
1943.765455807693,0.0559798197912329,fac-opacity-cowan-state,T1943p77_rho0p0559798,0.3236958676390823,0.002949739072321552,0.32473988736095444,0.001064577747522866,ok,/home/elads/STAR/full_grid_solar_opacity/runs/T1943p77_rho0p0559798/fac-opacity-cowan-state/starout.h5
1943.765455807693,0.08044736266284185,fac-opacity-cowan-state,T1943p77_rho0p0804474,0.3236728134404696,0.0041818646742267495,0.32509279126729534,0.0014466088131867968,ok,/home/elads/STAR/full_grid_solar_opacity/runs/T1943p77_rho0p0804474/fac-opacity-cowan-state/starout.h5
1943.765455807693,0.11560912813835741,fac-opacity-cowan-state,T1943p77_rho0p115609,0.3236403415367808,0.0059147727226667125,0.32553277194319596,0.001927189209941378,ok,/home/elads/STAR/full_grid_solar_opacity/runs/T1943p77_rho0p115609/fac-opacity-cowan-state/starout.h5
1943.765455807693,0.1661393247274789,fac-opacity-cowan-state,T1943p77_rho0p166139,0.3235945578076778,0.008387554447597008,0.32613024314702965,0.0025798708117007107,ok,/home/elads/STAR/full_grid_solar_opacity/runs/T1943p77_rho0p166139/fac-opacity-cowan-state/starout.h5
1943.765455807693,0.23875515424585794,fac-opacity-cowan-state,T1943p77_rho0p238755,0.3235300341680486,0.011857395171725115,0.32683822639631743,0.0033646979751655614,ok,/home/elads/STAR/full_grid_solar_opacity/runs/T1943p77_rho0p238755/fac-opacity-cowan-state/starout.h5
1943.765455807693,0.34310975906798746,fac-opacity-cowan-state,T1943p77_rho0p34311,0.3234342121837692,0.016833709727299515,0.32780287178607675,0.004438004283355834,ok,/home/elads/STAR/full_grid_solar_opacity/runs/T1943p77_rho0p34311/fac-opacity-cowan-state/starout.h5
1943.765455807693,0.49307545690287347,fac-opacity-cowan-state,T1943p77_rho0p493075,0.32330339249862,0.023855209677295475,0.32893381286238604,0.005714852049537564,ok,/home/elads/STAR/full_grid_solar_opacity/runs/T1943p77_rho0p493075/fac-opacity-cowan-state/starout.h5
1943.765455807693,0.7085878491488851,fac-opacity-cowan-state,T1943p77_rho0p708588,0.32311958916476435,0.03389501962851616,0.33040263104882894,0.007380822962815562,ok,/home/elads/STAR/full_grid_solar_opacity/runs/T1943p77_rho0p708588/fac-opacity-cowan-state/starout.h5
1943.765455807693,1.0182959482819007,fac-opacity-cowan-state,T1943p77_rho1p0183,0.3228624486425646,0.04820850735576273,0.33221615422659745,0.009460625410676016,ok,/home/elads/STAR/full_grid_solar_opacity/runs/T1943p77_rho1p0183/fac-opacity-cowan-state/starout.h5
1943.765455807693,1.4633706173946401,fac-opacity-cowan-state,T1943p77_rho1p46337,0.32250457516391645,0.06870390356925737,0.3345645191757501,0.01216362303626641,ok,/home/elads/STAR/full_grid_solar_opacity/runs/T1943p77_rho1p46337/fac-opacity-cowan-state/starout.h5
1943.765455807693,2.1029775945461404,fac-opacity-cowan-state,T1943p77_rho2p10298,0.322009435969935,0.09803077578617482,0.3375266229157792,0.015597027147497423,ok,/home/elads/STAR/full_grid_solar_opacity/runs/T1943p77_rho2p10298/fac-opacity-cowan-state/starout.h5
1943.765455807693,3.0221426551783854,fac-opacity-cowan-state,T1943p77_rho3p02214,0.32132917224083957,0.14000455975471368,0.3412978642318423,0.019987606279395515,ok,/home/elads/STAR/full_grid_solar_opacity/runs/T1943p77_rho3p02214/fac-opacity-cowan-state/starout.h5
1943.765455807693,4.343054463316713,fac-opacity-cowan-state,T1943p77_rho4p34305,0.3204027884970248,0.20007276906985677,0.34612276230338956,0.025619507016458813,ok,/home/elads/STAR/full_grid_solar_opacity/runs/T1943p77_rho4p34305/fac-opacity-cowan-state/starout.h5
1943.765455807693,6.241307649397467,fac-opacity-cowan-state,T1943p77_rho6p24131,0.3191528738317356,0.285953784373836,0.3523038669710568,0.03284357096737869,ok,/home/elads/STAR/full_grid_solar_opacity/runs/T1943p77_rho6p24131/fac-opacity-cowan-state/starout.h5
1943.765455807693,8.969245378672715,fac-opacity-cowan-state,T1943p77_rho8p96925,0.31748832407478267,0.40852009031221487,0.36013648353787925,0.04200906265871642,ok,/home/elads/STAR/full_grid_solar_opacity/runs/T1943p77_rho8p96925/fac-opacity-cowan-state/starout.h5
1943.765455807693,12.889504440725364,fac-opacity-cowan-state,T1943p77_rho12p8895,0.3153034983070412,0.5831120233433087,0.370092433358745,0.05365065958131255,ok,/home/elads/STAR/full_grid_solar_opacity/runs/T1943p77_rho12p8895/fac-opacity-cowan-state/starout.h5
1943.765455807693,18.52322215674118,fac-opacity-cowan-state,T1943p77_rho18p5232,0.31248663633100066,0.8311281561573575,0.3827601872725547,0.06842411138653194,ok,/home/elads/STAR/full_grid_solar_opacity/runs/T1943p77_rho18p5232/fac-opacity-cowan-state/starout.h5
1943.765455807693,26.61931346126126,fac-opacity-cowan-state,T1943p77_rho26p6193,0.30893460880170537,1.1820609580553965,0.39873561391414897,0.08699040719394388,ok,/home/elads/STAR/full_grid_solar_opacity/runs/T1943p77_rho26p6193/fac-opacity-cowan-state/starout.h5
1943.765455807693,38.254027466328665,fac-opacity-cowan-state,T1943p77_rho38p254,0.3045758023925067,1.6762094108118712,0.41891574200066206,0.11030395837626501,ok,/home/elads/STAR/full_grid_solar_opacity/runs/T1943p77_rho38p254/fac-opacity-cowan-state/starout.h5
1943.765455807693,54.97401800103719,fac-opacity-cowan-state,T1943p77_rho54p974,0.2994077942130316,2.367487829080334,0.444429666319449,0.13952511672245502,ok,/home/elads/STAR/full_grid_solar_opacity/runs/T1943p77_rho54p974/fac-opacity-cowan-state/starout.h5
1943.765455807693,79.0019471240894,fac-opacity-cowan-state,T1943p77_rho79p0019,0.29354419996262815,3.3261979879168493,0.4768557899815915,0.17621527781705834,ok,/home/elads/STAR/full_grid_solar_opacity/runs/T1943p77_rho79p0019/fac-opacity-cowan-state/starout.h5
1943.765455807693,113.53195339077567,fac-opacity-cowan-state,T1943p77_rho113p532,0.2872647967818048,4.639917249034006,0.5180032204573944,0.2220864065812998,ok,/home/elads/STAR/full_grid_solar_opacity/runs/T1943p77_rho113p532/fac-opacity-cowan-state/starout.h5
1943.765455807693,163.15426277379785,fac-opacity-cowan-state,T1943p77_rho163p154,0.2811263101078564,6.411603181154816,0.5705718302809403,0.2795475820984531,ok,/home/elads/STAR/full_grid_solar_opacity/runs/T1943p77_rho163p154/fac-opacity-cowan-state/starout.h5
1943.765455807693,234.46538763970608,fac-opacity-cowan-state,T1943p77_rho234p465,0.27562132653019294,8.749784373637729,0.6377601255533709,0.3516617529322781,ok,/home/elads/STAR/full_grid_solar_opacity/runs/T1943p77_rho234p465/fac-opacity-cowan-state/starout.h5
1943.765455807693,336.94503022121665,fac-opacity-cowan-state,T1943p77_rho336p945,0.2719073396800189,11.751034330513319,0.724686179963105,0.4426812680512426,ok,/home/elads/STAR/full_grid_solar_opacity/runs/T1943p77_rho336p945/fac-opacity-cowan-state/starout.h5
1943.765455807693,484.21626123015125,fac-opacity-cowan-state,T1943p77_rho484p216,0.2707804602338974,15.46481369115595,0.8370692125290708,0.5577467384356486,ok,/home/elads/STAR/full_grid_solar_opacity/runs/T1943p77_rho484p216/fac-opacity-cowan-state/starout.h5
1943.765455807693,695.8564947100452,fac-opacity-cowan-state,T1943p77_rho695p856,0.27302722175096494,19.824728088178794,0.9820573675319328,0.7031872855816138,ok,/home/elads/STAR/full_grid_solar_opacity/runs/T1943p77_rho695p856/fac-opacity-cowan-state/starout.h5
1943.765455807693,1000.0,fac-opacity-cowan-state,T1943p77_rho1000,0.27901091498468084,24.589851751793528,1.167433085318655,0.8861230912502367,ok,/home/elads/STAR/full_grid_solar_opacity/runs/T1943p77_rho1000/fac-opacity-cowan-state/starout.h5
2139.8545441220126,1e-17,fac-opacity-cowan-state,T2139p85_rho1em17,0.3233513807118661,3.496715218759308e-19,0.32335138071186603,1.2074145980613316e-19,ok,/home/elads/STAR/full_grid_solar_opacity/runs/T2139p85_rho1em17/fac-opacity-cowan-state/starout.h5
2139.8545441220126,1.4370779141993746e-17,fac-opacity-cowan-state,T2139p85_rho1p43708em17,0.3233513807118653,4.937968203898522e-19,0.3233513807118653,1.7039197219840428e-19,ok,/home/elads/STAR/full_grid_solar_opacity/runs/T2139p85_rho1p43708em17/fac-opacity-cowan-state/starout.h5
2139.8545441220126,2.065192931479625e-17,fac-opacity-cowan-state,T2139p85_rho2p06519em17,0.32335138071186553,7.009227034143982e-19,0.32335138071186553,2.417460154363248e-19,ok,/home/elads/STAR/full_grid_solar_opacity/runs/T2139p85_rho2p06519em17/fac-opacity-cowan-state/starout.h5
2139.8545441220126,2.9678431503900313e-17,fac-opacity-cowan-state,T2139p85_rho2p96784em17,0.3233513807116401,9.992871754264551e-19,0.3233513807116401,3.4452959157116697e-19,ok,/home/elads/STAR/full_grid_solar_opacity/runs/T2139p85_rho2p96784em17/fac-opacity-cowan-state/starout.h5
2139.8545441220126,4.2650218442334076e-17,fac-opacity-cowan-state,T2139p85_rho4p26502em17,0.323351380711867,1.4290414007069844e-18,0.32335138071186686,4.925730813350688e-19,ok,/home/elads/STAR/full_grid_solar_opacity/runs/T2139p85_rho4p26502em17/fac-opacity-cowan-state/starout.h5
2139.8545441220126,6.129168695925715e-17,fac-opacity-cowan-state,T2139p85_rho6p12917em17,0.3233513807118663,2.0501389036704794e-18,0.32335138071186625,7.065956624828161e-19,ok,/home/elads/STAR/full_grid_solar_opacity/runs/T2139p85_rho6p12917em17/fac-opacity-cowan-state/starout.h5
2139.8545441220126,8.808092965317026e-17,fac-opacity-cowan-state,T2139p85_rho8p80809em17,0.3233513807118661,2.9461306513158104e-18,0.3233513807118661,1.0154062749518954e-18,ok,/home/elads/STAR/full_grid_solar_opacity/runs/T2139p85_rho8p80809em17/fac-opacity-cowan-state/starout.h5
2139.8545441220126,1.2657915866672028e-16,fac-opacity-cowan-state,T2139p85_rho1p26579em16,0.32335138071186653,4.233696924345472e-18,0.3233513807118666,1.4591764452396645e-18,ok,/home/elads/STAR/full_grid_solar_opacity/runs/T2139p85_rho1p26579em16/fac-opacity-cowan-state/starout.h5
2139.8545441220126,1.819041133178821e-16,fac-opacity-cowan-state,T2139p85_rho1p81904em16,0.3233513807119293,6.083956546392454e-18,0.32335138071192937,2.0968839003849403e-18,ok,/home/elads/STAR/full_grid_solar_opacity/runs/T2139p85_rho1p81904em16/fac-opacity-cowan-state/starout.h5
2139.8545441220126,2.6141038375114865e-16,fac-opacity-cowan-state,T2139p85_rho2p6141em16,0.3233513807118861,8.742808285614144e-18,0.3233513807118861,3.0132801499389384e-18,ok,/home/elads/STAR/full_grid_solar_opacity/runs/T2139p85_rho2p6141em16/fac-opacity-cowan-state/starout.h5
2139.8545441220126,3.7566708903116036e-16,fac-opacity-cowan-state,T2139p85_rho3p75667em16,0.3233513807118906,1.2563605105380418e-17,0.3233513807118906,4.3301520310334974e-18,ok,/home/elads/STAR/full_grid_solar_opacity/runs/T2139p85_rho3p75667em16/fac-opacity-cowan-state/starout.h5
2139.8545441220126,5.398628767382507e-16,fac-opacity-cowan-state,T2139p85_rho5p39863em16,0.3233513807118893,1.805410066875762e-17,0.3233513807118893,6.222502742951756e-18,ok,/home/elads/STAR/full_grid_solar_opacity/runs/T2139p85_rho5p39863em16/fac-opacity-cowan-state/starout.h5
2139.8545441220126,7.758250168566793e-16,fac-opacity-cowan-state,T2139p85_rho7p75825em16,0.32335138071188163,2.5943923663108708e-17,0.3233513807118817,8.941807394449107e-18,ok,/home/elads/STAR/full_grid_solar_opacity/runs/T2139p85_rho7p75825em16/fac-opacity-cowan-state/starout.h5
2139.8545441220126,1.1149209970080914e-15,fac-opacity-cowan-state,T2139p85_rho1p11492em15,0.32335138071189323,3.7281505971156293e-17,0.32335138071189323,1.284942185036754e-17,ok,/home/elads/STAR/full_grid_solar_opacity/runs/T2139p85_rho1p11492em15/fac-opacity-cowan-state/starout.h5
2139.8545441220126,1.6022283408774753e-15,fac-opacity-cowan-state,T2139p85_rho1p60223em15,0.32335138071188213,5.357338891348481e-17,0.32335138071188213,1.8464597184184972e-17,ok,/home/elads/STAR/full_grid_solar_opacity/runs/T2139p85_rho1p60223em15/fac-opacity-cowan-state/starout.h5
2139.8545441220126,2.3025269621793266e-15,fac-opacity-cowan-state,T2139p85_rho2p30253em15,0.32335138071188035,7.69843869824944e-17,0.32335138071188035,2.6533468744212403e-17,ok,/home/elads/STAR/full_grid_solar_opacity/runs/T2139p85_rho2p30253em15/fac-opacity-cowan-state/starout.h5
2139.8545441220126,3.308910644196489e-15,fac-opacity-cowan-state,T2139p85_rho3p30891em15,0.3233513807119907,1.1062517025535423e-16,0.3233513807119907,3.8128179703749503e-17,ok,/home/elads/STAR/full_grid_solar_opacity/runs/T2139p85_rho3p30891em15/fac-opacity-cowan-state/starout.h5
2139.8545441220126,4.755162406834019e-15,fac-opacity-cowan-state,T2139p85_rho4p75516em15,0.3233513807118718,1.5896554523304116e-16,0.32335138071187186,5.478932857986472e-17,ok,/home/elads/STAR/full_grid_solar_opacity/runs/T2139p85_rho4p75516em15/fac-opacity-cowan-state/starout.h5
2139.8545441220126,6.8335388732923106e-15,fac-opacity-cowan-state,T2139p85_rho6p83354em15,0.3233513807118751,2.284282106341561e-16,0.3233513807118752,7.873062275570687e-17,ok,/home/elads/STAR/full_grid_solar_opacity/runs/T2139p85_rho6p83354em15/fac-opacity-cowan-state/starout.h5
2139.8545441220126,9.820327790631256e-15,fac-opacity-cowan-state,T2139p85_rho9p82033em15,0.3233513807122803,3.282419168859012e-16,0.3233513807122804,1.1313293621506339e-16,ok,/home/elads/STAR/full_grid_solar_opacity/runs/T2139p85_rho9p82033em15/fac-opacity-cowan-state/starout.h5
2139.8545441220126,1.4112576178114521e-14,fac-opacity-cowan-state,T2139p85_rho1p41126em14,0.3233513807118935,4.716679115704769e-16,0.3233513807118936,1.6256708134070688e-16,ok,/home/elads/STAR/full_grid_solar_opacity/runs/T2139p85_rho1p41126em14/fac-opacity-cowan-state/starout.h5
2139.8545441220126,2.0280871538024598e-14,fac-opacity-cowan-state,T2139p85_rho2p02809em14,0.323351380711873,6.777611527155743e-16,0.3233513807118732,2.3360082480533244e-16,ok,/home/elads/STAR/full_grid_solar_opacity/runs/T2139p85_rho2p02809em14/fac-opacity-cowan-state/starout.h5
2139.8545441220126,2.914519256800997e-14,fac-opacity-cowan-state,T2139p85_rho2p91452em14,0.32335138071187025,9.739023466387018e-16,0.32335138071187053,3.3567168781560573e-16,ok,/home/elads/STAR/full_grid_solar_opacity/runs/T2139p85_rho2p91452em14/fac-opacity-cowan-state/starout.h5
2139.8545441220126,4.188391254457488e-14,fac-opacity-cowan-state,T2139p85_rho4p18839em14,0.32335138071186204,1.3994362238332233e-15,0.32335138071186253,4.823410270181723e-16,ok,/home/elads/STAR/full_grid_solar_opacity/runs/T2139p85_rho4p18839em14/fac-opacity-cowan-state/starout.h5
2139.8545441220126,6.019044567806669e-14,fac-opacity-cowan-state,T2139p85_rho6p01904em14,0.32335138071187536,2.0109008060228405e-15,0.32335138071187597,6.930965155981733e-16,ok,/home/elads/STAR/full_grid_solar_opacity/runs/T2139p85_rho6p01904em14/fac-opacity-cowan-state/starout.h5
2139.8545441220126,8.649836012976684e-14,fac-opacity-cowan-state,T2139p85_rho8p64984em14,0.3233513807118444,2.8895429311166644e-15,0.3233513807118453,9.959428225750706e-16,ok,/home/elads/STAR/full_grid_solar_opacity/runs/T2139p85_rho8p64984em14/fac-opacity-cowan-state/starout.h5
2139.8545441220126,1.2430488295695167e-13,fac-opacity-cowan-state,T2139p85_rho1p24305em13,0.3233513807118725,4.152123166674844e-15,0.3233513807118739,1.4311261089064707e-15,ok,/home/elads/STAR/full_grid_solar_opacity/runs/T2139p85_rho1p24305em13/fac-opacity-cowan-state/starout.h5
2139.8545441220126,1.7863580192457348e-13,fac-opacity-cowan-state,T2139p85_rho1p78636em13,0.32335138070859004,5.9664646580531594e-15,0.32335138070859193,2.0564939389342482e-15,ok,/home/elads/STAR/full_grid_solar_opacity/runs/T2139p85_rho1p78636em13/fac-opacity-cowan-state/starout.h5
2139.8545441220126,2.567135656310987e-13,fac-opacity-cowan-state,T2139p85_rho2p56714em13,0.3233513807118544,8.573747946211466e-15,0.3233513807118572,2.9551800676968685e-15,ok,/home/elads/STAR/full_grid_solar_opacity/runs/T2139p85_rho2p56714em13/fac-opacity-cowan-state/starout.h5
2139.8545441220126,3.6891739544382357e-13,fac-opacity-cowan-state,T2139p85_rho3p68917em13,0.32335138071121106,1.232069125743499e-14,0.3233513807112153,4.246698219040887e-15,ok,/home/elads/STAR/full_grid_solar_opacity/runs/T2139p85_rho3p68917em13/fac-opacity-cowan-state/starout.h5
2139.8545441220126,5.301630411562758e-13,fac-opacity-cowan-state,T2139p85_rho5p30163em13,0.32335138071183417,1.7705767968078333e-14,0.32335138071184005,6.1028753427726744e-15,ok,/home/elads/STAR/full_grid_solar_opacity/runs/T2139p85_rho5p30163em13/fac-opacity-cowan-state/starout.h5
2139.8545441220126,7.618855973704612e-13,fac-opacity-cowan-state,T2139p85_rho7p61886em13,0.32335138071213926,2.544568665908835e-14,0.3233513807121477,8.770767775492186e-15,ok,/home/elads/STAR/full_grid_solar_opacity/runs/T2139p85_rho7p61886em13/fac-opacity-cowan-state/starout.h5
2139.8545441220126,1.0948889651276868e-12,fac-opacity-cowan-state,T2139p85_rho1p09489em12,0.323351380710338,3.65711130472234e-14,0.32335138071034997,1.2605662648562255e-14,ok,/home/elads/STAR/full_grid_solar_opacity/runs/T2139p85_rho1p09489em12/fac-opacity-cowan-state/starout.h5
2139.8545441220126,1.5734407502856082e-12,fac-opacity-cowan-state,T2139p85_rho1p57344em12,0.3233513807118405,5.256450910124938e-14,0.32335138071185776,1.8118599472821845e-14,ok,/home/elads/STAR/full_grid_solar_opacity/runs/T2139p85_rho1p57344em12/fac-opacity-cowan-state/starout.h5
2139.8545441220126,2.26115695153675e-12,fac-opacity-cowan-state,T2139p85_rho2p26116em12,0.32335138073569325,7.555862798060102e-14,0.3233513807357179,2.6044809785650728e-14,ok,/home/elads/STAR/full_grid_solar_opacity/runs/T2139p85_rho2p26116em12/fac-opacity-cowan-state/starout.h5
2139.8545441220126,3.249458715591849e-12,fac-opacity-cowan-state,T2139p85_rho3p24946em12,0.32335138071151487,1.0862282146322509e-13,0.3233513807115504,3.744243935914374e-14,ok,/home/elads/STAR/full_grid_solar_opacity/runs/T2139p85_rho3p24946em12/fac-opacity-cowan-state/starout.h5
2139.8545441220126,4.669725353279713e-12,fac-opacity-cowan-state,T2139p85_rho4p66973em12,0.3233513807114776,1.5617674060273931e-13,0.32335138071152897,5.383525255084585e-14,ok,/home/elads/STAR/full_grid_solar_opacity/runs/T2139p85_rho4p66973em12/fac-opacity-cowan-state/starout.h5
2139.8545441220126,6.710759170575148e-12,fac-opacity-cowan-state,T2139p85_rho6p71076em12,0.3233513807111358,2.2458932099061303e-13,0.32335138071120917,7.741923832857353e-14,ok,/home/elads/STAR/full_grid_solar_opacity/runs/T2139p85_rho6p71076em12/fac-opacity-cowan-state/starout.h5
2139.8545441220126,9.64388379154446e-12,fac-opacity-cowan-state,T2139p85_rho9p64388em12,0.3233513807108849,3.2304929886794726e-13,0.3233513807109911,1.1136302853357506e-13,ok,/home/elads/STAR/full_grid_solar_opacity/runs/T2139p85_rho9p64388em12/fac-opacity-cowan-state/starout.h5
2139.8545441220126,1.3859012403933867e-11,fac-opacity-cowan-state,T2139p85_rho1p3859em11,0.32335138071028807,4.648365317566259e-13,0.3233513807104411,1.602468240012015e-13,ok,/home/elads/STAR/full_grid_solar_opacity/runs/T2139p85_rho1p3859em11/fac-opacity-cowan-state/starout.h5
2139.8545441220126,1.9916480638308542e-11,fac-opacity-cowan-state,T2139p85_rho1p99165em11,0.3233513807098576,6.693034685614772e-13,0.32335138071007713,2.307480749141008e-13,ok,/home/elads/STAR/full_grid_solar_opacity/runs/T2139p85_rho1p99165em11/fac-opacity-cowan-state/starout.h5
2139.8545441220126,2.8621534453892672e-11,fac-opacity-cowan-state,T2139p85_rho2p86215em11,0.3233513807094665,9.651634138187875e-13,0.3233513807097839,3.3278381743185226e-13,ok,/home/elads/STAR/full_grid_solar_opacity/runs/T2139p85_rho2p86215em11/fac-opacity-cowan-state/starout.h5
2139.8545441220126,4.1131375034185614e-11,fac-opacity-cowan-state,T2139p85_rho4p11314em11,0.32335138070762165,1.3902582024946198e-12,0.3233513807080784,4.793842597915261e-13,ok,/home/elads/STAR/full_grid_solar_opacity/runs/T2139p85_rho4p11314em11/fac-opacity-cowan-state/starout.h5
2139.8545441220126,5.910899064227969e-11,fac-opacity-cowan-state,T2139p85_rho5p9109em11,0.32335138070578556,2.0005970560956875e-12,0.3233513807064426,6.898451433650711e-13,ok,/home/elads/STAR/full_grid_solar_opacity/runs/T2139p85_rho5p9109em11/fac-opacity-cowan-state/starout.h5
2139.8545441220126,8.4944224982638e-11,fac-opacity-cowan-state,T2139p85_rho8p49442em11,0.3233513806656859,2.8803446452479747e-12,0.3233513806666329,9.931990270238219e-13,ok,/home/elads/STAR/full_grid_solar_opacity/runs/T2139p85_rho8p49442em11/fac-opacity-cowan-state/starout.h5
2139.8545441220126,1.2207146966133182e-10,fac-opacity-cowan-state,T2139p85_rho1p22071em10,0.3220819466475138,4.1384937527295145e-12,0.32208194664887424,1.427411060947178e-12,ok,/home/elads/STAR/full_grid_solar_opacity/runs/T2139p85_rho1p22071em10/fac-opacity-cowan-state/starout.h5
2139.8545441220126,1.7542621300415897e-10,fac-opacity-cowan-state,T2139p85_rho1p75426em10,0.32208194661258466,5.945315352953056e-12,0.3220819466145379,2.0499940465880744e-12,ok,/home/elads/STAR/full_grid_solar_opacity/runs/T2139p85_rho1p75426em10/fac-opacity-cowan-state/starout.h5
2139.8545441220126,2.52101136279913e-10,fac-opacity-cowan-state,T2139p85_rho2p52101em10,0.3220819466340848,8.53000775687756e-12,0.3220819466368879,2.9418642582902373e-12,ok,/home/elads/STAR/full_grid_solar_opacity/runs/T2139p85_rho2p52101em10/fac-opacity-cowan-state/starout.h5
2139.8545441220126,3.6228897509242966e-10,fac-opacity-cowan-state,T2139p85_rho3p62289em10,0.32208194662277406,1.227377156646162e-11,0.32208194662680684,4.233166520139411e-12,ok,/home/elads/STAR/full_grid_solar_opacity/runs/T2139p85_rho3p62289em10/fac-opacity-cowan-state/starout.h5
2139.8545441220126,5.20637484663258e-10,fac-opacity-cowan-state,T2139p85_rho5p20637em10,0.3220819466063307,1.7690152515180128e-11,0.3220819466121435,6.101566086273811e-12,ok,/home/elads/STAR/full_grid_solar_opacity/runs/T2139p85_rho5p20637em10/fac-opacity-cowan-state/starout.h5
2139.8545441220126,7.481966305138837e-10,fac-opacity-cowan-state,T2139p85_rho7p48197em10,0.3220819465843513,2.5497282066765935e-11,0.322081946592731,8.793956210957547e-12,ok,/home/elads/STAR/full_grid_solar_opacity/runs/T2139p85_rho7p48197em10/fac-opacity-cowan-state/starout.h5
2139.8545441220126,1.0752168531898921e-09,fac-opacity-cowan-state,T2139p85_rho1p07522em09,0.32208194655054423,3.6768306155510806e-11,0.32208194656261946,1.2675148256525629e-11,ok,/home/elads/STAR/full_grid_solar_opacity/runs/T2139p85_rho1p07522em09/fac-opacity-cowan-state/starout.h5
2139.8545441220126,1.5451703926941453e-09,fac-opacity-cowan-state,T2139p85_rho1p54517em09,0.3220819465022475,5.2953207741569725e-11,0.32208194651964533,1.8262079004178992e-11,ok,/home/elads/STAR/full_grid_solar_opacity/runs/T2139p85_rho1p54517em09/fac-opacity-cowan-state/starout.h5
2139.8545441220126,2.220530245015531e-09,fac-opacity-cowan-state,T2139p85_rho2p22053em09,0.3220819464344981,7.622541544331597e-11,0.32208194645953564,2.628044570920948e-11,ok,/home/elads/STAR/full_grid_solar_opacity/runs/T2139p85_rho2p22053em09/fac-opacity-cowan-state/starout.h5
2139.8545441220126,3.1910749729235452e-09,fac-opacity-cowan-state,T2139p85_rho3p19107em09,0.32208194632444304,1.0872149377109582e-10,0.32208194636014603,3.74757711001042e-11,ok,/home/elads/STAR/full_grid_solar_opacity/runs/T2139p85_rho3p19107em09/fac-opacity-cowan-state/starout.h5
2139.8545441220126,4.585823366142813e-09,fac-opacity-cowan-state,T2139p85_rho4p58582em09,0.3220819462046955,1.5563581941534873e-10,0.3220819462557897,5.3631977220134614e-11,ok,/home/elads/STAR/full_grid_solar_opacity/runs/T2139p85_rho4p58582em09/fac-opacity-cowan-state/starout.h5
2139.8545441220126,6.590185477903269e-09,fac-opacity-cowan-state,T2139p85_rho6p59019em09,0.32208194601470125,2.2289797082586799e-10,0.32208194608786855,7.680093343664332e-11,ok,/home/elads/STAR/full_grid_solar_opacity/runs/T2139p85_rho6p59019em09/fac-opacity-cowan-state/starout.h5
2139.8545441220126,9.470610000772238e-09,fac-opacity-cowan-state,T2139p85_rho9p47061em09,0.3220819458605373,3.1903088932648144e-10,0.32208194596523365,1.0989573929170813e-10,ok,/home/elads/STAR/full_grid_solar_opacity/runs/T2139p85_rho9p47061em09/fac-opacity-cowan-state/starout.h5
2139.8545441220126,1.3610004466105506e-08,fac-opacity-cowan-state,T2139p85_rho1p361em08,0.3220819453923952,4.584182740324067e-10,0.32208194554282776,1.5790065895563496e-10,ok,/home/elads/STAR/full_grid_solar_opacity/runs/T2139p85_rho1p361em08/fac-opacity-cowan-state/starout.h5
2139.8545441220126,1.9558636830395073e-08,fac-opacity-cowan-state,T2139p85_rho1p95586em08,0.3220819449155074,6.615092493651891e-10,0.3220819451325945,2.2786462183411327e-10,ok,/home/elads/STAR/full_grid_solar_opacity/runs/T2139p85_rho1p95586em08/fac-opacity-cowan-state/starout.h5
2139.8545441220126,2.810728502080722e-08,fac-opacity-cowan-state,T2139p85_rho2p81073em08,0.32208194428462306,9.413139351818976e-10,0.3220819445933324,3.2403923142018364e-10,ok,/home/elads/STAR/full_grid_solar_opacity/runs/T2139p85_rho2p81073em08/fac-opacity-cowan-state/starout.h5
2139.8545441220126,4.039235853150913e-08,fac-opacity-cowan-state,T2139p85_rho4p03924em08,0.322081943480789,1.3527065908475796e-09,0.32208194392421535,4.6544895897956353e-10,ok,/home/elads/STAR/full_grid_solar_opacity/runs/T2139p85_rho4p03924em08/fac-opacity-cowan-state/starout.h5
2139.8545441220126,5.804696634805446e-08,fac-opacity-cowan-state,T2139p85_rho5p8047em08,0.3220819424230829,1.9583060340924198e-09,0.32208194306485344,6.736435994850994e-10,ok,/home/elads/STAR/full_grid_solar_opacity/runs/T2139p85_rho5p8047em08/fac-opacity-cowan-state/starout.h5
2139.8545441220126,8.341801332506338e-08,fac-opacity-cowan-state,T2139p85_rho8p3418em08,0.32208194110780297,2.82131292042762e-09,0.32208194203216584,9.702689949650948e-10,ok,/home/elads/STAR/full_grid_solar_opacity/runs/T2139p85_rho8p3418em08/fac-opacity-cowan-state/starout.h5
2139.8545441220126,1.1987818459583772e-07,fac-opacity-cowan-state,T2139p85_rho1p19878em07,0.3220819394814928,4.023098473285368e-09,0.32208194079930474,1.3832441857261771e-09,ok,/home/elads/STAR/full_grid_solar_opacity/runs/T2139p85_rho1p19878em07/fac-opacity-cowan-state/starout.h5
2139.8545441220126,1.7227429147699408e-07,fac-opacity-cowan-state,T2139p85_rho1p72274em07,0.3220819374867682,5.734442390674323e-09,0.3220819393649318,1.971383805162562e-09,ok,/home/elads/STAR/full_grid_solar_opacity/runs/T2139p85_rho1p72274em07/fac-opacity-cowan-state/starout.h5
2139.8545441220126,2.4757157946593376e-07,fac-opacity-cowan-state,T2139p85_rho2p47572em07,0.32208193504474364,8.281013134688935e-09,0.3220819377574752,2.8473005356255503e-09,ok,/home/elads/STAR/full_grid_solar_opacity/runs/T2139p85_rho2p47572em07/fac-opacity-cowan-state/starout.h5
2139.8545441220126,3.557796490339488e-07,fac-opacity-cowan-state,T2139p85_rho3p5578em07,0.3220819320850723,1.2042517714650301e-08,0.3220819360311658,4.14172149903341e-09,ok,/home/elads/STAR/full_grid_solar_opacity/runs/T2139p85_rho3p5578em07/fac-opacity-cowan-state/starout.h5
2139.8545441220126,5.112830759482948e-07,fac-opacity-cowan-state,T2139p85_rho5p11283em07,0.32208192848341566,1.7884473032131492e-08,0.32208193484407394,6.64151932333102e-09,ok,/home/elads/STAR/full_grid_solar_opacity/runs/T2139p85_rho5p11283em07/fac-opacity-cowan-state/starout.h5
2139.8545441220126,7.347536163492159e-07,fac-opacity-cowan-state,T2139p85_rho7p34754em07,0.32208192412855274,2.6041701925416254e-08,0.32208193346176356,9.741711242693957e-09,ok,/home/elads/STAR/full_grid_solar_opacity/runs/T2139p85_rho7p34754em07/fac-opacity-cowan-state/starout.h5
2139.8545441220126,1.0558981944335787e-06,fac-opacity-cowan-state,T2139p85_rho1p0559em06,0.32208191886074156,4.9911299278194745e-08,0.32208194412274466,2.595462422194569e-08,ok,/home/elads/STAR/full_grid_solar_opacity/runs/T2139p85_rho1p0559em06/fac-opacity-cowan-state/starout.h5
2139.8545441220126,1.517407974863493e-06,fac-opacity-cowan-state,T2139p85_rho1p51741em06,0.3220819124970149,7.149699970514314e-08,0.3220819487172989,3.7210177217232313e-08,ok,/home/elads/STAR/full_grid_solar_opacity/runs/T2139p85_rho1p51741em06/fac-opacity-cowan-state/starout.h5
2139.8545441220126,2.1806334875063253e-06,fac-opacity-cowan-state,T2139p85_rho2p18063em06,0.3220819048277569,1.0380492323261773e-07,0.3220819572382495,5.384893943966823e-08,ok,/home/elads/STAR/full_grid_solar_opacity/runs/T2139p85_rho2p18063em06/fac-opacity-cowan-state/starout.h5
2139.8545441220126,3.1337402238588983e-06,fac-opacity-cowan-state,T2139p85_rho3p13374em06,0.3220818959922413,1.4903186097948937e-07,0.3220819711771182,7.724864654647927e-08,ok,/home/elads/STAR/full_grid_solar_opacity/runs/T2139p85_rho3p13374em06/fac-opacity-cowan-state/starout.h5
2139.8545441220126,4.503428864545845e-06,fac-opacity-cowan-state,T2139p85_rho4p50343em06,0.32208188434014884,2.1254865396127828e-07,0.32208199158018574,1.1018045019284165e-07,ok,/home/elads/STAR/full_grid_solar_opacity/runs/T2139p85_rho4p50343em06/fac-opacity-cowan-state/starout.h5
2139.8545441220126,6.471778159406801e-06,fac-opacity-cowan-state,T2139p85_rho6p47178em06,0.3220818706442678,3.1380197937559585e-07,0.3220820278697034,1.615967663079624e-07,ok,/home/elads/STAR/full_grid_solar_opacity/runs/T2139p85_rho6p47178em06/fac-opacity-cowan-state/starout.h5
2139.8545441220126,9.300449458481393e-06,fac-opacity-cowan-state,T2139p85_rho9p30045em06,0.3220818538981107,4.5288053675769374e-07,0.322082079612547,2.320455734161818e-07,ok,/home/elads/STAR/full_grid_solar_opacity/runs/T2139p85_rho9p30045em06/fac-opacity-cowan-state/starout.h5
2139.8545441220126,1.3365470508911143e-05,fac-opacity-cowan-state,T2139p85_rho1p33655em05,0.32208183431113646,6.454833471723344e-07,0.3220821562835508,3.31009526963288e-07,ok,/home/elads/STAR/full_grid_solar_opacity/runs/T2139p85_rho1p33655em05/fac-opacity-cowan-state/starout.h5
2139.8545441220126,1.920722248123928e-05,fac-opacity-cowan-state,T2139p85_rho1p92072em05,0.32208180908181633,9.299704982145012e-07,0.3220822714059507,4.753811398972862e-07,ok,/home/elads/STAR/full_grid_solar_opacity/runs/T2139p85_rho1p92072em05/fac-opacity-cowan-state/starout.h5
2139.8545441220126,2.760227522090268e-05,fac-opacity-cowan-state,T2139p85_rho2p76023em05,0.32208177984051156,1.339416016134338e-06,0.32208244237111877,6.813295838225127e-07,ok,/home/elads/STAR/full_grid_solar_opacity/runs/T2139p85_rho2p76023em05/fac-opacity-cowan-state/starout.h5
2139.8545441220126,3.966662010161191e-05,fac-opacity-cowan-state,T2139p85_rho3p96666em05,0.3220817408585649,1.9215079871526387e-06,0.32208268982015714,9.757864600012649e-07,ok,/home/elads/STAR/full_grid_solar_opacity/runs/T2139p85_rho3p96666em05/fac-opacity-cowan-state/starout.h5
2139.8545441220126,5.7004023678963655e-05,fac-opacity-cowan-state,T2139p85_rho5p7004em05,0.3220816923561262,2.7447821658413828e-06,0.32208304978010394,1.3953569707388065e-06,ok,/home/elads/STAR/full_grid_solar_opacity/runs/T2139p85_rho5p7004em05/fac-opacity-cowan-state/starout.h5
2139.8545441220126,8.191922344953684e-05,fac-opacity-cowan-state,T2139p85_rho8p19192em05,0.32208165620607443,3.950813270113036e-06,0.3220836066130167,2.004529598989667e-06,ok,/home/elads/STAR/full_grid_solar_opacity/runs/T2139p85_rho8p19192em05/fac-opacity-cowan-state/starout.h5
2139.8545441220126,0.00011772430676769293,fac-opacity-cowan-state,T2139p85_rho0p000117724,0.3220816576772767,5.627372802760239e-06,0.3220844229304044,2.84201147846533e-06,ok,/home/elads/STAR/full_grid_solar_opacity/runs/T2139p85_rho0p000117724/fac-opacity-cowan-state/starout.h5
2139.8545441220126,0.00016917900122028344,fac-opacity-cowan-state,T2139p85_rho0p000169179,0.32208157328469794,8.026322698753563e-06,0.32208546555949874,4.0022131258045446e-06,ok,/home/elads/STAR/full_grid_solar_opacity/runs/T2139p85_rho0p000169179/fac-opacity-cowan-state/starout.h5
2139.8545441220126,0.0002431234061999784,fac-opacity-cowan-state,T2139p85_rho0p000243123,0.3220814630146448,1.1433715452999229e-05,0.3220869534355327,5.6465715133883025e-06,ok,/home/elads/STAR/full_grid_solar_opacity/runs/T2139p85_rho0p000243123/fac-opacity-cowan-state/starout.h5
2139.8545441220126,0.0003493872774749123,fac-opacity-cowan-state,T2139p85_rho0p000349387,0.32208131206163354,1.6342038585875784e-05,0.32208914735121946,8.054577612312726e-06,ok,/home/elads/STAR/full_grid_solar_opacity/runs/T2139p85_rho0p000349387/fac-opacity-cowan-state/starout.h5
2139.8545441220126,0.0005020967399614471,fac-opacity-cowan-state,T2139p85_rho0p000502097,0.32208108985034517,2.329075169032137e-05,0.32209218172322873,1.1400070450454431e-05,ok,/home/elads/STAR/full_grid_solar_opacity/runs/T2139p85_rho0p000502097/fac-opacity-cowan-state/starout.h5
2139.8545441220126,0.0007215521357901021,fac-opacity-cowan-state,T2139p85_rho0p000721552,0.32208082580604674,3.2949282753840096e-05,0.3220961791039037,1.5790249809941284e-05,ok,/home/elads/STAR/full_grid_solar_opacity/runs/T2139p85_rho0p000721552/fac-opacity-cowan-state/starout.h5
2139.8545441220126,0.0010369266382873438,fac-opacity-cowan-state,T2139p85_rho0p00103693,0.3220804504505992,4.685148613537947e-05,0.32210212242843966,2.2279459655324882e-05,ok,/home/elads/STAR/full_grid_solar_opacity/runs/T2139p85_rho0p00103693/fac-opacity-cowan-state/starout.h5
2139.8545441220126,0.0014901443705277455,fac-opacity-cowan-state,T2139p85_rho0p00149014,0.3220799171157224,6.631138625435732e-05,0.322110093894104,3.102289588797618e-05,ok,/home/elads/STAR/full_grid_solar_opacity/runs/T2139p85_rho0p00149014/fac-opacity-cowan-state/starout.h5
2139.8545441220126,0.002141453563853953,fac-opacity-cowan-state,T2139p85_rho0p00214145,0.32207920020238767,9.352300619778344e-05,0.3221208173692735,4.279335715076868e-05,ok,/home/elads/STAR/full_grid_solar_opacity/runs/T2139p85_rho0p00214145/fac-opacity-cowan-state/starout.h5
2139.8545441220126,0.003077435620898055,fac-opacity-cowan-state,T2139p85_rho0p00307744,0.3220781947244102,0.00013196888674496426,0.322135823736369,5.9246572046240904e-05,ok,/home/elads/STAR/full_grid_solar_opacity/runs/T2139p85_rho0p00307744/fac-opacity-cowan-state/starout.h5
2139.8545441220126,0.004422514763163053,fac-opacity-cowan-state,T2139p85_rho0p00442251,0.3220768299496448,0.00018601505410194042,0.3221564588694456,8.183882234304225e-05,ok,/home/elads/STAR/full_grid_solar_opacity/runs/T2139p85_rho0p00442251/fac-opacity-cowan-state/starout.h5
2139.8545441220126,0.006355498291362301,fac-opacity-cowan-state,T2139p85_rho0p0063555,0.32207495573925216,0.00026072574825565173,0.3221825396368362,0.00011063260978857206,ok,/home/elads/STAR/full_grid_solar_opacity/runs/T2139p85_rho0p0063555/fac-opacity-cowan-state/starout.h5
2139.8545441220126,0.009133346228248624,fac-opacity-cowan-state,T2139p85_rho0p00913335,0.3220724115331833,0.00036722938158742356,0.3222200592029978,0.00015179192883260192,ok,/home/elads/STAR/full_grid_solar_opacity/runs/T2139p85_rho0p00913335/fac-opacity-cowan-state/starout.h5
2139.8545441220126,0.01312533014735226,fac-opacity-cowan-state,T2139p85_rho0p0131253,0.32206897497794373,0.0005181609856814103,0.3222720640824948,0.00020869682132741225,ok,/home/elads/STAR/full_grid_solar_opacity/runs/T2139p85_rho0p0131253/fac-opacity-cowan-state/starout.h5
2139.8545441220126,0.018862122071335155,fac-opacity-cowan-state,T2139p85_rho0p0188621,0.3220643488609149,0.0007304622429250123,0.322341277403076,0.00028452261785541575,ok,/home/elads/STAR/full_grid_solar_opacity/runs/T2139p85_rho0p0188621/fac-opacity-cowan-state/starout.h5
2139.8545441220126,0.02710633904364831,fac-opacity-cowan-state,T2139p85_rho0p0271063,0.3220579487444003,0.001031884930015243,0.32243534918742767,0.0003876798578863259,ok,/home/elads/STAR/full_grid_solar_opacity/runs/T2139p85_rho0p0271063/fac-opacity-cowan-state/starout.h5
2139.8545441220126,0.038953921174427183,fac-opacity-cowan-state,T2139p85_rho0p0389539,0.3220491007145895,0.0014669823396603898,0.3225740159308413,0.0005385727250359955,ok,/home/elads/STAR/full_grid_solar_opacity/runs/T2139p85_rho0p0389539/fac-opacity-cowan-state/starout.h5
2139.8545441220126,0.0559798197912329,fac-opacity-cowan-state,T2139p85_rho0p0559798,0.3220369964928173,0.0020726026833644867,0.32274220210631643,0.0007236619786505686,ok,/home/elads/STAR/full_grid_solar_opacity/runs/T2139p85_rho0p0559798/fac-opacity-cowan-state/starout.h5
2139.8545441220126,0.08044736266284185,fac-opacity-cowan-state,T2139p85_rho0p0804474,0.3220196443114396,0.0029446237679387,0.3229853765831168,0.0009901086222945687,ok,/home/elads/STAR/full_grid_solar_opacity/runs/T2139p85_rho0p0804474/fac-opacity-cowan-state/starout.h5
2139.8545441220126,0.11560912813835741,fac-opacity-cowan-state,T2139p85_rho0p115609,0.3219953070989363,0.004173828695087902,0.32329399347659377,0.0013309146709515262,ok,/home/elads/STAR/full_grid_solar_opacity/runs/T2139p85_rho0p115609/fac-opacity-cowan-state/starout.h5
2139.8545441220126,0.1661393247274789,fac-opacity-cowan-state,T2139p85_rho0p166139,0.3219609782110042,0.005924332499711529,0.3237077743299532,0.0017887679315651917,ok,/home/elads/STAR/full_grid_solar_opacity/runs/T2139p85_rho0p166139/fac-opacity-cowan-state/starout.h5
2139.8545441220126,0.23875515424585794,fac-opacity-cowan-state,T2139p85_rho0p238755,0.3219124648155518,0.00837560972713212,0.32420696972856455,0.0023485668985705733,ok,/home/elads/STAR/full_grid_solar_opacity/runs/T2139p85_rho0p238755/fac-opacity-cowan-state/starout.h5
2139.8545441220126,0.34310975906798746,fac-opacity-cowan-state,T2139p85_rho0p34311,0.32183980365456905,0.01191312508033232,0.3248983770506654,0.00312707191463757,ok,/home/elads/STAR/full_grid_solar_opacity/runs/T2139p85_rho0p34311/fac-opacity-cowan-state/starout.h5
2139.8545441220126,0.49307545690287347,fac-opacity-cowan-state,T2139p85_rho0p493075,0.32174079020826163,0.016917427482896735,0.32574119471392665,0.004086059680403074,ok,/home/elads/STAR/full_grid_solar_opacity/runs/T2139p85_rho0p493075/fac-opacity-cowan-state/starout.h5
2139.8545441220126,0.7085878491488851,fac-opacity-cowan-state,T2139p85_rho0p708588,0.3216012530770235,0.024075463668876012,0.3268471026285994,0.005349524977301591,ok,/home/elads/STAR/full_grid_solar_opacity/runs/T2139p85_rho0p708588/fac-opacity-cowan-state/starout.h5
2139.8545441220126,1.0182959482819007,fac-opacity-cowan-state,T2139p85_rho1p0183,0.3214054563670871,0.034282389264954305,0.3282322084099872,0.006947930723319382,ok,/home/elads/STAR/full_grid_solar_opacity/runs/T2139p85_rho1p0183/fac-opacity-cowan-state/starout.h5
2139.8545441220126,1.4633706173946401,fac-opacity-cowan-state,T2139p85_rho1p46337,0.3211317933147854,0.0489016714219952,0.33003829839866655,0.009039772737796076,ok,/home/elads/STAR/full_grid_solar_opacity/runs/T2139p85_rho1p46337/fac-opacity-cowan-state/starout.h5
2139.8545441220126,2.1029775945461404,fac-opacity-cowan-state,T2139p85_rho2p10298,0.3207513019751195,0.0698232288405475,0.3323421082415537,0.01172493866300588,ok,/home/elads/STAR/full_grid_solar_opacity/runs/T2139p85_rho2p10298/fac-opacity-cowan-state/starout.h5
2139.8545441220126,3.0221426551783854,fac-opacity-cowan-state,T2139p85_rho3p02214,0.32022553650247093,0.0997687299753174,0.33528859534571753,0.015175738334594105,ok,/home/elads/STAR/full_grid_solar_opacity/runs/T2139p85_rho3p02214/fac-opacity-cowan-state/starout.h5
2139.8545441220126,4.343054463316713,fac-opacity-cowan-state,T2139p85_rho4p34305,0.31950473761264037,0.14264716623939264,0.33908815190120617,0.019636684187143923,ok,/home/elads/STAR/full_grid_solar_opacity/runs/T2139p85_rho4p34305/fac-opacity-cowan-state/starout.h5
2139.8545441220126,6.241307649397467,fac-opacity-cowan-state,T2139p85_rho6p24131,0.31852432612210535,0.20397888510579296,0.34395789710213054,0.025367731909870378,ok,/home/elads/STAR/full_grid_solar_opacity/runs/T2139p85_rho6p24131/fac-opacity-cowan-state/starout.h5
2139.8545441220126,8.969245378672715,fac-opacity-cowan-state,T2139p85_rho8p96925,0.3172062065677016,0.29157363036476897,0.3501513121410752,0.03267054619887751,ok,/home/elads/STAR/full_grid_solar_opacity/runs/T2139p85_rho8p96925/fac-opacity-cowan-state/starout.h5
2139.8545441220126,12.889504440725364,fac-opacity-cowan-state,T2139p85_rho12p8895,0.3154563075127595,0.41647875752534147,0.35803404451198995,0.04196840320370666,ok,/home/elads/STAR/full_grid_solar_opacity/runs/T2139p85_rho12p8895/fac-opacity-cowan-state/starout.h5
2139.8545441220126,18.52322215674118,fac-opacity-cowan-state,T2139p85_rho18p5232,0.31316926017237423,0.5941588635330823,0.36806144350800746,0.05378039572552623,ok,/home/elads/STAR/full_grid_solar_opacity/runs/T2139p85_rho18p5232/fac-opacity-cowan-state/starout.h5
2139.8545441220126,26.61931346126126,fac-opacity-cowan-state,T2139p85_rho26p6193,0.31023757318877365,0.8460226656366256,0.38070319664783414,0.06864118451681585,ok,/home/elads/STAR/full_grid_solar_opacity/runs/T2139p85_rho26p6193/fac-opacity-cowan-state/starout.h5
2139.8545441220126,38.254027466328665,fac-opacity-cowan-state,T2139p85_rho38p254,0.3065676179377518,1.201547699238348,0.39667779171849965,0.08733262663339753,ok,/home/elads/STAR/full_grid_solar_opacity/runs/T2139p85_rho38p254/fac-opacity-cowan-state/starout.h5
2139.8545441220126,54.97401800103719,fac-opacity-cowan-state,T2139p85_rho54p974,0.30210914748941187,1.7005264729507783,0.416870479378459,0.11078716862705952,ok,/home/elads/STAR/full_grid_solar_opacity/runs/T2139p85_rho54p974/fac-opacity-cowan-state/starout.h5
2139.8545441220126,79.0019471240894,fac-opacity-cowan-state,T2139p85_rho79p0019,0.29689541835993827,2.3954523327765034,0.44239846489019635,0.14013510882604852,ok,/home/elads/STAR/full_grid_solar_opacity/runs/T2139p85_rho79p0019/fac-opacity-cowan-state/starout.h5
2139.8545441220126,113.53195339077567,fac-opacity-cowan-state,T2139p85_rho113p532,0.2910932258410162,3.3532916119950884,0.4747361944057532,0.1768042338286444,ok,/home/elads/STAR/full_grid_solar_opacity/runs/T2139p85_rho113p532/fac-opacity-cowan-state/starout.h5
2139.8545441220126,163.15426277379785,fac-opacity-cowan-state,T2139p85_rho163p154,0.284965038302802,4.655289921638223,0.5157201010596021,0.22258605816526403,ok,/home/elads/STAR/full_grid_solar_opacity/runs/T2139p85_rho163p154/fac-opacity-cowan-state/starout.h5
2139.8545441220126,234.46538763970608,fac-opacity-cowan-state,T2139p85_rho234p465,0.2793662901591768,6.391009584677992,0.5683642107286699,0.27990687289578725,ok,/home/elads/STAR/full_grid_solar_opacity/runs/T2139p85_rho234p465/fac-opacity-cowan-state/starout.h5
2139.8545441220126,336.94503022121665,fac-opacity-cowan-state,T2139p85_rho336p945,0.2747650006910821,8.648298164643037,0.635728100629623,0.3517173449771884,ok,/home/elads/STAR/full_grid_solar_opacity/runs/T2139p85_rho336p945/fac-opacity-cowan-state/starout.h5
2139.8545441220126,484.21626123015125,fac-opacity-cowan-state,T2139p85_rho484p216,0.27226574682008964,11.487637207926525,0.7225656961992033,0.4419296573073827,ok,/home/elads/STAR/full_grid_solar_opacity/runs/T2139p85_rho484p216/fac-opacity-cowan-state/starout.h5
2139.8545441220126,695.8564947100452,fac-opacity-cowan-state,T2139p85_rho695p856,0.27262358905276685,14.90525717654343,0.8342567512904363,0.5552946801467736,ok,/home/elads/STAR/full_grid_solar_opacity/runs/T2139p85_rho695p856/fac-opacity-cowan-state/starout.h5
2139.8545441220126,1000.0,fac-opacity-cowan-state,T2139p85_rho1000,0.27658028063184104,18.76435581171308,0.9773667572585323,0.6974922106920461,ok,/home/elads/STAR/full_grid_solar_opacity/runs/T2139p85_rho1000/fac-opacity-cowan-state/starout.h5
2355.72530436648,1e-17,fac-opacity-cowan-state,T2355p73_rho1em17,0.32164655102204753,2.4783211537960014e-19,0.32164655102204753,8.506743725251089e-20,ok,/home/elads/STAR/full_grid_solar_opacity/runs/T2355p73_rho1em17/fac-opacity-cowan-state/starout.h5
2355.72530436648,1.4370779141993746e-17,fac-opacity-cowan-state,T2355p73_rho1p43708em17,0.32164655102204665,3.5042062359283765e-19,0.3216465510220466,1.202110433922889e-19,ok,/home/elads/STAR/full_grid_solar_opacity/runs/T2355p73_rho1p43708em17/fac-opacity-cowan-state/starout.h5
2355.72530436648,2.065192931479625e-17,fac-opacity-cowan-state,T2355p73_rho2p06519em17,0.321646551022047,4.978534085868513e-19,0.321646551022047,1.7071697460061488e-19,ok,/home/elads/STAR/full_grid_solar_opacity/runs/T2355p73_rho2p06519em17/fac-opacity-cowan-state/starout.h5
2355.72530436648,2.9678431503900313e-17,fac-opacity-cowan-state,T2355p73_rho2p96784em17,0.32164655102206385,7.102047525480314e-19,0.32164655102206385,2.4346051340341514e-19,ok,/home/elads/STAR/full_grid_solar_opacity/runs/T2355p73_rho2p96784em17/fac-opacity-cowan-state/starout.h5
2355.72530436648,4.2650218442334076e-17,fac-opacity-cowan-state,T2355p73_rho4p26502em17,0.32164655102222456,1.0160342112699287e-18,0.32164655102222456,3.482240071815325e-19,ok,/home/elads/STAR/full_grid_solar_opacity/runs/T2355p73_rho4p26502em17/fac-opacity-cowan-state/starout.h5
2355.72530436648,6.129168695925715e-17,fac-opacity-cowan-state,T2355p73_rho6p12917em17,0.3216465510220461,1.4578293380145087e-18,0.32164655102204615,4.996022083216678e-19,ok,/home/elads/STAR/full_grid_solar_opacity/runs/T2355p73_rho6p12917em17/fac-opacity-cowan-state/starout.h5
2355.72530436648,8.808092965317026e-17,fac-opacity-cowan-state,T2355p73_rho8p80809em17,0.32164655102204603,2.094964562229789e-18,0.32164655102204603,7.179504606679439e-19,ok,/home/elads/STAR/full_grid_solar_opacity/runs/T2355p73_rho8p80809em17/fac-opacity-cowan-state/starout.h5
2355.72530436648,1.2657915866672028e-16,fac-opacity-cowan-state,T2355p73_rho1p26579em16,0.32164655102204665,3.0105501203226275e-18,0.32164655102204665,1.031724680160035e-18,ok,/home/elads/STAR/full_grid_solar_opacity/runs/T2355p73_rho1p26579em16/fac-opacity-cowan-state/starout.h5
2355.72530436648,1.819041133178821e-16,fac-opacity-cowan-state,T2355p73_rho1p81904em16,0.3216465510206486,4.326271565246525e-18,0.3216465510206486,1.4826270575362935e-18,ok,/home/elads/STAR/full_grid_solar_opacity/runs/T2355p73_rho1p81904em16/fac-opacity-cowan-state/starout.h5
2355.72530436648,2.6141038375114865e-16,fac-opacity-cowan-state,T2355p73_rho2p6141em16,0.32164655102067435,6.2170035826261655e-18,0.32164655102067435,2.1305882177826117e-18,ok,/home/elads/STAR/full_grid_solar_opacity/runs/T2355p73_rho2p6141em16/fac-opacity-cowan-state/starout.h5
2355.72530436648,3.7566708903116036e-16,fac-opacity-cowan-state,T2355p73_rho3p75667em16,0.3216465510206508,8.93400894776304e-18,0.3216465510206508,3.06171693730175e-18,ok,/home/elads/STAR/full_grid_solar_opacity/runs/T2355p73_rho3p75667em16/fac-opacity-cowan-state/starout.h5
2355.72530436648,5.398628767382507e-16,fac-opacity-cowan-state,T2355p73_rho5p39863em16,0.321646551006511,1.283837651256556e-17,0.32164655100651096,4.399760746356511e-18,ok,/home/elads/STAR/full_grid_solar_opacity/runs/T2355p73_rho5p39863em16/fac-opacity-cowan-state/starout.h5
2355.72530436648,7.758250168566793e-16,fac-opacity-cowan-state,T2355p73_rho7p75825em16,0.3216465510206861,1.844897595063538e-17,0.3216465510206861,6.322539497915916e-18,ok,/home/elads/STAR/full_grid_solar_opacity/runs/T2355p73_rho7p75825em16/fac-opacity-cowan-state/starout.h5
2355.72530436648,1.1149209970080914e-15,fac-opacity-cowan-state,T2355p73_rho1p11492em15,0.3216465510207176,2.6511399360947675e-17,0.3216465510207176,9.085573298272482e-18,ok,/home/elads/STAR/full_grid_solar_opacity/runs/T2355p73_rho1p11492em15/fac-opacity-cowan-state/starout.h5
2355.72530436648,1.6022283408774753e-15,fac-opacity-cowan-state,T2355p73_rho1p60223em15,0.32164655102102263,3.8097034232558175e-17,0.32164655102102263,1.3056035610808574e-17,ok,/home/elads/STAR/full_grid_solar_opacity/runs/T2355p73_rho1p60223em15/fac-opacity-cowan-state/starout.h5
2355.72530436648,2.3025269621793266e-15,fac-opacity-cowan-state,T2355p73_rho2p30253em15,0.3216465510206678,5.4745424470036434e-17,0.3216465510206678,1.8761541861186912e-17,ok,/home/elads/STAR/full_grid_solar_opacity/runs/T2355p73_rho2p30253em15/fac-opacity-cowan-state/starout.h5
2355.72530436648,3.308910644196489e-15,fac-opacity-cowan-state,T2355p73_rho3p30891em15,0.32164655102067097,7.866880062769401e-17,0.32164655102067097,2.6960246021466956e-17,ok,/home/elads/STAR/full_grid_solar_opacity/runs/T2355p73_rho3p30891em15/fac-opacity-cowan-state/starout.h5
2355.72530436648,4.755162406834019e-15,fac-opacity-cowan-state,T2355p73_rho4p75516em15,0.32164655102067746,1.1304600776206394e-16,0.32164655102067746,3.8741574172431565e-17,ok,/home/elads/STAR/full_grid_solar_opacity/runs/T2355p73_rho4p75516em15/fac-opacity-cowan-state/starout.h5
2355.72530436648,6.8335388732923106e-15,fac-opacity-cowan-state,T2355p73_rho6p83354em15,0.32164655102079037,1.6244483115643498e-16,0.32164655102079037,5.567096452851803e-17,ok,/home/elads/STAR/full_grid_solar_opacity/runs/T2355p73_rho6p83354em15/fac-opacity-cowan-state/starout.h5
2355.72530436648,9.820327790631256e-15,fac-opacity-cowan-state,T2355p73_rho9p82033em15,0.3216465510206893,2.334287667745613e-16,0.3216465510206893,7.999781725546582e-17,ok,/home/elads/STAR/full_grid_solar_opacity/runs/T2355p73_rho9p82033em15/fac-opacity-cowan-state/starout.h5
2355.72530436648,1.4112576178114521e-14,fac-opacity-cowan-state,T2355p73_rho1p41126em14,0.3216465510065435,3.354293464342279e-16,0.32164655100654355,1.1495447626076705e-16,ok,/home/elads/STAR/full_grid_solar_opacity/runs/T2355p73_rho1p41126em14/fac-opacity-cowan-state/starout.h5
2355.72530436648,2.0280871538024598e-14,fac-opacity-cowan-state,T2355p73_rho2p02809em14,0.32164655102019185,4.819987273378093e-16,0.32164655102019196,1.651855070274264e-16,ok,/home/elads/STAR/full_grid_solar_opacity/runs/T2355p73_rho2p02809em14/fac-opacity-cowan-state/starout.h5
2355.72530436648,2.914519256800997e-14,fac-opacity-cowan-state,T2355p73_rho2p91452em14,0.3216465510206941,6.92610576335625e-16,0.3216465510206943,2.3736492516599253e-16,ok,/home/elads/STAR/full_grid_solar_opacity/runs/T2355p73_rho2p91452em14/fac-opacity-cowan-state/starout.h5
2355.72530436648,4.188391254457488e-14,fac-opacity-cowan-state,T2355p73_rho4p18839em14,0.3216465510206731,9.95247588541048e-16,0.3216465510206734,3.4108301948280643e-16,ok,/home/elads/STAR/full_grid_solar_opacity/runs/T2355p73_rho4p18839em14/fac-opacity-cowan-state/starout.h5
2355.72530436648,6.019044567806669e-14,fac-opacity-cowan-state,T2355p73_rho6p01904em14,0.32164655102063305,1.4301201716462423e-15,0.32164655102063355,4.901208918249811e-16,ok,/home/elads/STAR/full_grid_solar_opacity/runs/T2355p73_rho6p01904em14/fac-opacity-cowan-state/starout.h5
2355.72530436648,8.649836012976684e-14,fac-opacity-cowan-state,T2355p73_rho8p64984em14,0.3216465510206841,2.0550112134196667e-15,0.32164655102068485,7.042823032625453e-16,ok,/home/elads/STAR/full_grid_solar_opacity/runs/T2355p73_rho8p64984em14/fac-opacity-cowan-state/starout.h5
2355.72530436648,1.2430488295695167e-13,fac-opacity-cowan-state,T2355p73_rho1p24305em13,0.3216465510206472,2.9529586372440517e-15,0.3216465510206481,1.01202686102969e-15,ok,/home/elads/STAR/full_grid_solar_opacity/runs/T2355p73_rho1p24305em13/fac-opacity-cowan-state/starout.h5
2355.72530436648,1.7863580192457348e-13,fac-opacity-cowan-state,T2355p73_rho1p78636em13,0.32164655102067274,4.243301200392885e-15,0.3216465510206741,1.4542558557261743e-15,ok,/home/elads/STAR/full_grid_solar_opacity/runs/T2355p73_rho1p78636em13/fac-opacity-cowan-state/starout.h5
2355.72530436648,2.567135656310987e-13,fac-opacity-cowan-state,T2355p73_rho2p56714em13,0.3216465510206574,6.097558268144797e-15,0.32164655102065937,2.0897551295775515e-15,ok,/home/elads/STAR/full_grid_solar_opacity/runs/T2355p73_rho2p56714em13/fac-opacity-cowan-state/starout.h5
2355.72530436648,3.6891739544382357e-13,fac-opacity-cowan-state,T2355p73_rho3p68917em13,0.32164655102070605,8.762265157350891e-15,0.321646551020709,3.003021892629831e-15,ok,/home/elads/STAR/full_grid_solar_opacity/runs/T2355p73_rho3p68917em13/fac-opacity-cowan-state/starout.h5
2355.72530436648,5.301630411562758e-13,fac-opacity-cowan-state,T2355p73_rho5p30163em13,0.3216465510206235,1.2591843359352097e-14,0.3216465510206275,4.315531946632314e-15,ok,/home/elads/STAR/full_grid_solar_opacity/runs/T2355p73_rho5p30163em13/fac-opacity-cowan-state/starout.h5
2355.72530436648,7.618855973704612e-13,fac-opacity-cowan-state,T2355p73_rho7p61886em13,0.32164655102059,1.809584492054087e-14,0.32164655102059586,6.2019325781997e-15,ok,/home/elads/STAR/full_grid_solar_opacity/runs/T2355p73_rho7p61886em13/fac-opacity-cowan-state/starout.h5
2355.72530436648,1.0948889651276868e-12,fac-opacity-cowan-state,T2355p73_rho1p09489em12,0.3216465510206128,2.6006980301749534e-14,0.32164655102062134,8.913361955379361e-15,ok,/home/elads/STAR/full_grid_solar_opacity/runs/T2355p73_rho1p09489em12/fac-opacity-cowan-state/starout.h5
2355.72530436648,1.5734407502856082e-12,fac-opacity-cowan-state,T2355p73_rho1p57344em12,0.32164655102111067,3.737905435238908e-14,0.3216465510211228,1.281102005111849e-14,ok,/home/elads/STAR/full_grid_solar_opacity/runs/T2355p73_rho1p57344em12/fac-opacity-cowan-state/starout.h5
2355.72530436648,2.26115695153675e-12,fac-opacity-cowan-state,T2355p73_rho2p26116em12,0.321646551022964,5.372800561104981e-14,0.32164655102298134,1.8414518741272052e-14,ok,/home/elads/STAR/full_grid_solar_opacity/runs/T2355p73_rho2p26116em12/fac-opacity-cowan-state/starout.h5
2355.72530436648,3.249458715591849e-12,fac-opacity-cowan-state,T2355p73_rho3p24946em12,0.32164655101382156,7.723525535767328e-14,0.32164655101384637,2.6471597205658634e-14,ok,/home/elads/STAR/full_grid_solar_opacity/runs/T2355p73_rho3p24946em12/fac-opacity-cowan-state/starout.h5
2355.72530436648,4.669725353279713e-12,fac-opacity-cowan-state,T2355p73_rho4p66973em12,0.32164655102076106,1.1104117694599691e-13,0.32164655102079703,3.805876040282794e-14,ok,/home/elads/STAR/full_grid_solar_opacity/runs/T2355p73_rho4p66973em12/fac-opacity-cowan-state/starout.h5
2355.72530436648,6.710759170575148e-12,fac-opacity-cowan-state,T2355p73_rho6p71076em12,0.32164655102006295,1.5966977333890292e-13,0.32164655102011425,5.4726910644314935e-14,ok,/home/elads/STAR/full_grid_solar_opacity/runs/T2355p73_rho6p71076em12/fac-opacity-cowan-state/starout.h5
2355.72530436648,9.64388379154446e-12,fac-opacity-cowan-state,T2355p73_rho9p64388em12,0.32164655102000234,2.296438098754372e-13,0.3216465510200768,7.871236185060887e-14,ok,/home/elads/STAR/full_grid_solar_opacity/runs/T2355p73_rho9p64388em12/fac-opacity-cowan-state/starout.h5
2355.72530436648,1.3859012403933867e-11,fac-opacity-cowan-state,T2355p73_rho1p3859em11,0.3216465510193755,3.3038189218667987e-13,0.3216465510194828,1.1324468962122059e-13,ok,/home/elads/STAR/full_grid_solar_opacity/runs/T2355p73_rho1p3859em11/fac-opacity-cowan-state/starout.h5
2355.72530436648,1.9916480638308542e-11,fac-opacity-cowan-state,T2355p73_rho1p99165em11,0.32164655101592843,4.755889114950067e-13,0.32164655101608314,1.630248219024913e-13,ok,/home/elads/STAR/full_grid_solar_opacity/runs/T2355p73_rho1p99165em11/fac-opacity-cowan-state/starout.h5
2355.72530436648,2.8621534453892672e-11,fac-opacity-cowan-state,T2355p73_rho2p86215em11,0.3216465510181334,6.854389327591066e-13,0.32164655101835626,2.349773916001247e-13,ok,/home/elads/STAR/full_grid_solar_opacity/runs/T2355p73_rho2p86215em11/fac-opacity-cowan-state/starout.h5
2355.72530436648,4.1131375034185614e-11,fac-opacity-cowan-state,T2355p73_rho4p11314em11,0.32164655100565237,9.869485785578138e-13,0.3216465510059735,3.383538570136158e-13,ok,/home/elads/STAR/full_grid_solar_opacity/runs/T2355p73_rho4p11314em11/fac-opacity-cowan-state/starout.h5
2355.72530436648,5.910899064227969e-11,fac-opacity-cowan-state,T2355p73_rho5p9109em11,0.32164655101553397,1.4198510553932007e-12,0.32164655101599493,4.867652442183986e-13,ok,/home/elads/STAR/full_grid_solar_opacity/runs/T2355p73_rho5p9109em11/fac-opacity-cowan-state/starout.h5
2355.72530436648,8.4944224982638e-11,fac-opacity-cowan-state,T2355p73_rho8p49442em11,0.3216465510130111,2.0435911186239335e-12,0.32164655101367534,7.005980768459397e-13,ok,/home/elads/STAR/full_grid_solar_opacity/runs/T2355p73_rho8p49442em11/fac-opacity-cowan-state/starout.h5
2355.72530436648,1.2207146966133182e-10,fac-opacity-cowan-state,T2355p73_rho1p22071em10,0.32164655100989326,2.938181332811494e-12,0.3216465510108479,1.0072512755278873e-12,ok,/home/elads/STAR/full_grid_solar_opacity/runs/T2355p73_rho1p22071em10/fac-opacity-cowan-state/starout.h5
2355.72530436648,1.7542621300415897e-10,fac-opacity-cowan-state,T2355p73_rho1p75426em10,0.32025642324300824,4.221966734737334e-12,0.3202564232443806,1.447043797421327e-12,ok,/home/elads/STAR/full_grid_solar_opacity/runs/T2355p73_rho1p75426em10/fac-opacity-cowan-state/starout.h5
2355.72530436648,2.52101136279913e-10,fac-opacity-cowan-state,T2355p73_rho2p52101em10,0.3202564232364223,6.051758468411057e-12,0.32025642323839065,2.0753039961426897e-12,ok,/home/elads/STAR/full_grid_solar_opacity/runs/T2355p73_rho2p52101em10/fac-opacity-cowan-state/starout.h5
2355.72530436648,3.6228897509242966e-10,fac-opacity-cowan-state,T2355p73_rho3p62289em10,0.32025642290745426,8.715326287247835e-12,0.3202564229102876,2.9875461067093568e-12,ok,/home/elads/STAR/full_grid_solar_opacity/runs/T2355p73_rho3p62289em10/fac-opacity-cowan-state/starout.h5
2355.72530436648,5.20637484663258e-10,fac-opacity-cowan-state,T2355p73_rho5p20637em10,0.3202564232929745,1.2544828711747527e-11,0.32025642329705384,4.301332282552506e-12,ok,/home/elads/STAR/full_grid_solar_opacity/runs/T2355p73_rho5p20637em10/fac-opacity-cowan-state/starout.h5
2355.72530436648,7.481966305138837e-10,fac-opacity-cowan-state,T2355p73_rho7p48197em10,0.32025642319248304,1.8071546230988466e-11,0.32025642319835823,6.195827113411071e-12,ok,/home/elads/STAR/full_grid_solar_opacity/runs/T2355p73_rho7p48197em10/fac-opacity-cowan-state/starout.h5
2355.72530436648,1.0752168531898921e-09,fac-opacity-cowan-state,T2355p73_rho1p07522em09,0.3202564231638944,2.6023594621044753e-11,0.32025642317235603,8.923023573364735e-12,ok,/home/elads/STAR/full_grid_solar_opacity/runs/T2355p73_rho1p07522em09/fac-opacity-cowan-state/starout.h5
2355.72530436648,1.5451703926941453e-09,fac-opacity-cowan-state,T2355p73_rho1p54517em09,0.32025642326698095,3.75062508882756e-11,0.3202564232791731,1.2857397511786799e-11,ok,/home/elads/STAR/full_grid_solar_opacity/runs/T2355p73_rho1p54517em09/fac-opacity-cowan-state/starout.h5
2355.72530436648,2.220530245015531e-09,fac-opacity-cowan-state,T2355p73_rho2p22053em09,0.3202564230649513,5.3942379241080775e-11,0.3202564230824871,1.84940541251885e-11,ok,/home/elads/STAR/full_grid_solar_opacity/runs/T2355p73_rho2p22053em09/fac-opacity-cowan-state/starout.h5
2355.72530436648,3.1910749729235452e-09,fac-opacity-cowan-state,T2355p73_rho3p19107em09,0.32025642297809614,7.704233744363876e-11,0.32025642300313456,2.6404239289306663e-11,ok,/home/elads/STAR/full_grid_solar_opacity/runs/T2355p73_rho3p19107em09/fac-opacity-cowan-state/starout.h5
2355.72530436648,4.585823366142813e-09,fac-opacity-cowan-state,T2355p73_rho4p58582em09,0.3202564229192396,1.1032567957621287e-10,0.32025642295509066,3.7806955056810477e-11,ok,/home/elads/STAR/full_grid_solar_opacity/runs/T2355p73_rho4p58582em09/fac-opacity-cowan-state/starout.h5
2355.72530436648,6.590185477903269e-09,fac-opacity-cowan-state,T2355p73_rho6p59019em09,0.3202564227030222,1.5814300003841797e-10,0.32025642275439725,5.41804541363952e-11,ok,/home/elads/STAR/full_grid_solar_opacity/runs/T2355p73_rho6p59019em09/fac-opacity-cowan-state/starout.h5
2355.72530436648,9.470610000772238e-09,fac-opacity-cowan-state,T2355p73_rho9p47061em09,0.3202564224796791,2.2659201017298184e-10,0.3202564225532805,7.761877282824314e-11,ok,/home/elads/STAR/full_grid_solar_opacity/runs/T2355p73_rho9p47061em09/fac-opacity-cowan-state/starout.h5
2355.72530436648,1.3610004466105506e-08,fac-opacity-cowan-state,T2355p73_rho1p361em08,0.32025642216785927,3.258049552217127e-10,0.3202564222736772,1.1159355476013554e-10,ok,/home/elads/STAR/full_grid_solar_opacity/runs/T2355p73_rho1p361em08/fac-opacity-cowan-state/starout.h5
2355.72530436648,1.9558636830395073e-08,fac-opacity-cowan-state,T2355p73_rho1p95586em08,0.3202564217574974,4.69780837578562e-10,0.3202564219100806,1.6090888732010111e-10,ok,/home/elads/STAR/full_grid_solar_opacity/runs/T2355p73_rho1p95586em08/fac-opacity-cowan-state/starout.h5
2355.72530436648,2.810728502080722e-08,fac-opacity-cowan-state,T2355p73_rho2p81073em08,0.3202564212158876,6.696992039023162e-10,0.3202564214332903,2.292690336039897e-10,ok,/home/elads/STAR/full_grid_solar_opacity/runs/T2355p73_rho2p81073em08/fac-opacity-cowan-state/starout.h5
2355.72530436648,4.039235853150913e-08,fac-opacity-cowan-state,T2355p73_rho4p03924em08,0.32025642051094655,9.616869744489063e-10,0.3202564208230046,3.290925861268564e-10,ok,/home/elads/STAR/full_grid_solar_opacity/runs/T2355p73_rho4p03924em08/fac-opacity-cowan-state/starout.h5
2355.72530436648,5.804696634805446e-08,fac-opacity-cowan-state,T2355p73_rho5p8047em08,0.32025641961553897,1.3896168165687745e-09,0.32025642006635147,4.754233274409581e-10,ok,/home/elads/STAR/full_grid_solar_opacity/runs/T2355p73_rho5p8047em08/fac-opacity-cowan-state/starout.h5
2355.72530436648,8.341801332506338e-08,fac-opacity-cowan-state,T2355p73_rho8p3418em08,0.32025641849210884,2.000737725517455e-09,0.3202564191410219,6.843344655818392e-10,ok,/home/elads/STAR/full_grid_solar_opacity/runs/T2355p73_rho8p3418em08/fac-opacity-cowan-state/starout.h5
2355.72530436648,1.1987818459583772e-07,fac-opacity-cowan-state,T2355p73_rho1p19878em07,0.3202564170936857,2.858281865127846e-09,0.3202564180205711,9.774715037135312e-10,ok,/home/elads/STAR/full_grid_solar_opacity/runs/T2355p73_rho1p19878em07/fac-opacity-cowan-state/starout.h5
2355.72530436648,1.7227429147699408e-07,fac-opacity-cowan-state,T2355p73_rho1p72274em07,0.32025641537446076,4.081429556850694e-09,0.32025641669789484,1.3956390222395983e-09,ok,/home/elads/STAR/full_grid_solar_opacity/runs/T2355p73_rho1p72274em07/fac-opacity-cowan-state/starout.h5
2355.72530436648,2.4757157946593376e-07,fac-opacity-cowan-state,T2355p73_rho2p47572em07,0.320256413283603,5.887783680897492e-09,0.3202564151930294,2.0135545868344186e-09,ok,/home/elads/STAR/full_grid_solar_opacity/runs/T2355p73_rho2p47572em07/fac-opacity-cowan-state/starout.h5
2355.72530436648,3.557796490339488e-07,fac-opacity-cowan-state,T2355p73_rho3p5578em07,0.3202564107132966,8.540425501135498e-09,0.3202564134834377,2.9211283607151964e-09,ok,/home/elads/STAR/full_grid_solar_opacity/runs/T2355p73_rho3p5578em07/fac-opacity-cowan-state/starout.h5
2355.72530436648,5.112830759482948e-07,fac-opacity-cowan-state,T2355p73_rho5p11283em07,0.3202564076543963,1.2235280409281933e-08,0.3202564116206553,4.182422204120718e-09,ok,/home/elads/STAR/full_grid_solar_opacity/runs/T2355p73_rho5p11283em07/fac-opacity-cowan-state/starout.h5
2355.72530436648,7.347536163492159e-07,fac-opacity-cowan-state,T2355p73_rho7p34754em07,0.3202564039228769,1.8347060517632814e-08,0.3202564102810234,6.67590511342259e-09,ok,/home/elads/STAR/full_grid_solar_opacity/runs/T2355p73_rho7p34754em07/fac-opacity-cowan-state/starout.h5
2355.72530436648,1.0558981944335787e-06,fac-opacity-cowan-state,T2355p73_rho1p0559em06,0.3202563994148037,2.601934079624574e-08,0.3202564084330402,9.467767248506542e-09,ok,/home/elads/STAR/full_grid_solar_opacity/runs/T2355p73_rho1p0559em06/fac-opacity-cowan-state/starout.h5
2355.72530436648,1.517407974863493e-06,fac-opacity-cowan-state,T2355p73_rho1p51741em06,0.3202563939760847,4.855560589864666e-08,0.32025641633978774,2.314539109946652e-08,ok,/home/elads/STAR/full_grid_solar_opacity/runs/T2355p73_rho1p51741em06/fac-opacity-cowan-state/starout.h5
2355.72530436648,2.1806334875063253e-06,fac-opacity-cowan-state,T2355p73_rho2p18063em06,0.32025638743330276,7.001456077317587e-08,0.32025641961274337,3.3305820721400964e-08,ok,/home/elads/STAR/full_grid_solar_opacity/runs/T2355p73_rho2p18063em06/fac-opacity-cowan-state/starout.h5
2355.72530436648,3.1337402238588983e-06,fac-opacity-cowan-state,T2355p73_rho3p13374em06,0.3202563795635606,1.0111964070348934e-07,0.32025642601571697,4.807951337567165e-08,ok,/home/elads/STAR/full_grid_solar_opacity/runs/T2355p73_rho3p13374em06/fac-opacity-cowan-state/starout.h5
2355.72530436648,4.503428864545845e-06,fac-opacity-cowan-state,T2355p73_rho4p50343em06,0.32025636999380835,1.4415737992751988e-07,0.3202564362158443,6.853942743526691e-08,ok,/home/elads/STAR/full_grid_solar_opacity/runs/T2355p73_rho4p50343em06/fac-opacity-cowan-state/starout.h5
2355.72530436648,6.471778159406801e-06,fac-opacity-cowan-state,T2355p73_rho6p47178em06,0.3202563583747837,2.0962935534118637e-07,0.32025645407812664,9.907989027202346e-08,ok,/home/elads/STAR/full_grid_solar_opacity/runs/T2355p73_rho6p47178em06/fac-opacity-cowan-state/starout.h5
2355.72530436648,9.300449458481393e-06,fac-opacity-cowan-state,T2355p73_rho9p30045em06,0.32025634420026655,3.0281589048737834e-07,0.32025648198107365,1.4266533912779755e-07,ok,/home/elads/STAR/full_grid_solar_opacity/runs/T2355p73_rho9p30045em06/fac-opacity-cowan-state/starout.h5
2355.72530436648,1.3365470508911143e-05,fac-opacity-cowan-state,T2355p73_rho1p33655em05,0.32025632775558116,4.292585711056047e-07,0.32025652298639296,2.0215214732158458e-07,ok,/home/elads/STAR/full_grid_solar_opacity/runs/T2355p73_rho1p33655em05/fac-opacity-cowan-state/starout.h5
2355.72530436648,1.920722248123928e-05,fac-opacity-cowan-state,T2355p73_rho1p92072em05,0.3202563064797277,6.184779274224074e-07,0.32025658727184747,2.907755406859908e-07,ok,/home/elads/STAR/full_grid_solar_opacity/runs/T2355p73_rho1p92072em05/fac-opacity-cowan-state/starout.h5
2355.72530436648,2.760227522090268e-05,fac-opacity-cowan-state,T2355p73_rho2p76023em05,0.32025628203880163,8.976450489834235e-07,0.3202566882476447,4.2070181889156897e-07,ok,/home/elads/STAR/full_grid_solar_opacity/runs/T2355p73_rho2p76023em05/fac-opacity-cowan-state/starout.h5
2355.72530436648,3.966662010161191e-05,fac-opacity-cowan-state,T2355p73_rho3p96666em05,0.3202562495213074,1.2880325811651976e-06,0.3202568315559198,6.027399414929211e-07,ok,/home/elads/STAR/full_grid_solar_opacity/runs/T2355p73_rho3p96666em05/fac-opacity-cowan-state/starout.h5
2355.72530436648,5.7004023678963655e-05,fac-opacity-cowan-state,T2355p73_rho5p7004em05,0.3202562092829026,1.8408071909138116e-06,0.3202570419251192,8.620108915366675e-07,ok,/home/elads/STAR/full_grid_solar_opacity/runs/T2355p73_rho5p7004em05/fac-opacity-cowan-state/starout.h5
2355.72530436648,8.191922344953684e-05,fac-opacity-cowan-state,T2355p73_rho8p19192em05,0.32025618153024255,2.6501066102176408e-06,0.3202573783908117,1.2388539362601927e-06,ok,/home/elads/STAR/full_grid_solar_opacity/runs/T2355p73_rho8p19192em05/fac-opacity-cowan-state/starout.h5
2355.72530436648,0.00011772430676769293,fac-opacity-cowan-state,T2355p73_rho0p000117724,0.3202561907124917,3.7762468036595524e-06,0.32025788814319833,1.7570242468585201e-06,ok,/home/elads/STAR/full_grid_solar_opacity/runs/T2355p73_rho0p000117724/fac-opacity-cowan-state/starout.h5
2355.72530436648,0.00016917900122028344,fac-opacity-cowan-state,T2355p73_rho0p000169179,0.3202561230479337,5.396385676424961e-06,0.32025852328983995,2.4854396172814025e-06,ok,/home/elads/STAR/full_grid_solar_opacity/runs/T2355p73_rho0p000169179/fac-opacity-cowan-state/starout.h5
2355.72530436648,0.0002431234061999784,fac-opacity-cowan-state,T2355p73_rho0p000243123,0.32025603508012146,7.697013929299088e-06,0.3202594290621551,3.5150625338757765e-06,ok,/home/elads/STAR/full_grid_solar_opacity/runs/T2355p73_rho0p000243123/fac-opacity-cowan-state/starout.h5
2355.72530436648,0.0003493872774749123,fac-opacity-cowan-state,T2355p73_rho0p000349387,0.3202559151160043,1.1012178173891452e-05,0.32026076444139767,5.020254635187822e-06,ok,/home/elads/STAR/full_grid_solar_opacity/runs/T2355p73_rho0p000349387/fac-opacity-cowan-state/starout.h5
2355.72530436648,0.0005020967399614471,fac-opacity-cowan-state,T2355p73_rho0p000502097,0.3202557429427496,1.5716109503458388e-05,0.3202626236932115,7.121931794023647e-06,ok,/home/elads/STAR/full_grid_solar_opacity/runs/T2355p73_rho0p000502097/fac-opacity-cowan-state/starout.h5
2355.72530436648,0.0007215521357901021,fac-opacity-cowan-state,T2355p73_rho0p000721552,0.3202555350714578,2.2293991120468077e-05,0.3202651193717952,9.925762203547465e-06,ok,/home/elads/STAR/full_grid_solar_opacity/runs/T2355p73_rho0p000721552/fac-opacity-cowan-state/starout.h5
2355.72530436648,0.0010369266382873438,fac-opacity-cowan-state,T2355p73_rho0p00103693,0.3202552395705902,3.1760997108992766e-05,0.3202688090508992,1.404752587457293e-05,ok,/home/elads/STAR/full_grid_solar_opacity/runs/T2355p73_rho0p00103693/fac-opacity-cowan-state/starout.h5
2355.72530436648,0.0014901443705277455,fac-opacity-cowan-state,T2355p73_rho0p00149014,0.3202548209429896,4.5086264571767186e-05,0.3202738303702938,1.9678286044172693e-05,ok,/home/elads/STAR/full_grid_solar_opacity/runs/T2355p73_rho0p00149014/fac-opacity-cowan-state/starout.h5
2355.72530436648,0.002141453563853953,fac-opacity-cowan-state,T2355p73_rho0p00214145,0.320254254992836,6.380718098296262e-05,0.320280658855284,2.73375392470952e-05,ok,/home/elads/STAR/full_grid_solar_opacity/runs/T2355p73_rho0p00214145/fac-opacity-cowan-state/starout.h5
2355.72530436648,0.003077435620898055,fac-opacity-cowan-state,T2355p73_rho0p00307744,0.3202534713093554,9.036596728198776e-05,0.32029029620596916,3.8118652566609687e-05,ok,/home/elads/STAR/full_grid_solar_opacity/runs/T2355p73_rho0p00307744/fac-opacity-cowan-state/starout.h5
2355.72530436648,0.004422514763163053,fac-opacity-cowan-state,T2355p73_rho0p00442251,0.3202524154361738,0.00012784166223749502,0.3203036257899087,5.299505775665959e-05,ok,/home/elads/STAR/full_grid_solar_opacity/runs/T2355p73_rho0p00442251/fac-opacity-cowan-state/starout.h5
2355.72530436648,0.006355498291362301,fac-opacity-cowan-state,T2355p73_rho0p0063555,0.3202509662999551,0.0001800781457294704,0.32032096402779286,7.246724644373243e-05,ok,/home/elads/STAR/full_grid_solar_opacity/runs/T2355p73_rho0p0063555/fac-opacity-cowan-state/starout.h5
2355.72530436648,0.009133346228248624,fac-opacity-cowan-state,T2355p73_rho0p00913335,0.32024900333563255,0.0002547048771551831,0.3203459025565828,0.00010028721616149515,ok,/home/elads/STAR/full_grid_solar_opacity/runs/T2355p73_rho0p00913335/fac-opacity-cowan-state/starout.h5
2355.72530436648,0.01312533014735226,fac-opacity-cowan-state,T2355p73_rho0p0131253,0.3202463744138014,0.0003606869085720499,0.32038062571966214,0.00013888447578000514,ok,/home/elads/STAR/full_grid_solar_opacity/runs/T2355p73_rho0p0131253/fac-opacity-cowan-state/starout.h5
2355.72530436648,0.018862122071335155,fac-opacity-cowan-state,T2355p73_rho0p0188621,0.3202428265198409,0.0005103372264505105,0.32042749918832253,0.0001910012948387471,ok,/home/elads/STAR/full_grid_solar_opacity/runs/T2355p73_rho0p0188621/fac-opacity-cowan-state/starout.h5
2355.72530436648,0.02710633904364831,fac-opacity-cowan-state,T2355p73_rho0p0271063,0.32023803663353245,0.0007231251692198596,0.3204916981768392,0.0002622995154131076,ok,/home/elads/STAR/full_grid_solar_opacity/runs/T2355p73_rho0p0271063/fac-opacity-cowan-state/starout.h5
2355.72530436648,0.038953921174427183,fac-opacity-cowan-state,T2355p73_rho0p0389539,0.32023131605044775,0.001029688413105045,0.32058497792186363,0.00036532895542007703,ok,/home/elads/STAR/full_grid_solar_opacity/runs/T2355p73_rho0p0389539/fac-opacity-cowan-state/starout.h5
2355.72530436648,0.0559798197912329,fac-opacity-cowan-state,T2355p73_rho0p0559798,0.3202220682558302,0.0014589724267253506,0.32070236080765857,0.0004961301315092315,ok,/home/elads/STAR/full_grid_solar_opacity/runs/T2355p73_rho0p0559798/fac-opacity-cowan-state/starout.h5
2355.72530436648,0.08044736266284185,fac-opacity-cowan-state,T2355p73_rho0p0804474,0.3202090695348905,0.002076044906002929,0.3208701453350035,0.0006822884266268844,ok,/home/elads/STAR/full_grid_solar_opacity/runs/T2355p73_rho0p0804474/fac-opacity-cowan-state/starout.h5
2355.72530436648,0.11560912813835741,fac-opacity-cowan-state,T2355p73_rho0p115609,0.3201911303235074,0.0029477321309182096,0.321087072496195,0.0009242791980632262,ok,/home/elads/STAR/full_grid_solar_opacity/runs/T2355p73_rho0p115609/fac-opacity-cowan-state/starout.h5
2355.72530436648,0.1661393247274789,fac-opacity-cowan-state,T2355p73_rho0p166139,0.32016513298274496,0.004187577814912917,0.32137541602322195,0.0012477518902335462,ok,/home/elads/STAR/full_grid_solar_opacity/runs/T2355p73_rho0p166139/fac-opacity-cowan-state/starout.h5
2355.72530436648,0.23875515424585794,fac-opacity-cowan-state,T2355p73_rho0p238755,0.3201290659887079,0.005933704739873018,0.32173884471223063,0.0016586861575214645,ok,/home/elads/STAR/full_grid_solar_opacity/runs/T2355p73_rho0p238755/fac-opacity-cowan-state/starout.h5
2355.72530436648,0.34310975906798746,fac-opacity-cowan-state,T2355p73_rho0p34311,0.3200740350479032,0.008444694096110787,0.32223133484297806,0.0022205079325711514,ok,/home/elads/STAR/full_grid_solar_opacity/runs/T2355p73_rho0p34311/fac-opacity-cowan-state/starout.h5
2355.72530436648,0.49307545690287347,fac-opacity-cowan-state,T2355p73_rho0p493075,0.31999927245392384,0.01200713839104053,0.3228525369652701,0.0029338213921858186,ok,/home/elads/STAR/full_grid_solar_opacity/runs/T2355p73_rho0p493075/fac-opacity-cowan-state/starout.h5
2355.72530436648,0.7085878491488851,fac-opacity-cowan-state,T2355p73_rho0p708588,0.31989364935455405,0.017105653969093186,0.3236753646341628,0.003882060444899995,ok,/home/elads/STAR/full_grid_solar_opacity/runs/T2355p73_rho0p708588/fac-opacity-cowan-state/starout.h5
2355.72530436648,1.0182959482819007,fac-opacity-cowan-state,T2355p73_rho1p0183,0.3197449786972009,0.02437569048596597,0.324716130018719,0.00509315715380196,ok,/home/elads/STAR/full_grid_solar_opacity/runs/T2355p73_rho1p0183/fac-opacity-cowan-state/starout.h5
2355.72530436648,1.4633706173946401,fac-opacity-cowan-state,T2355p73_rho1p46337,0.3195364759217094,0.0347910029504072,0.32608150169946537,0.006687873904576377,ok,/home/elads/STAR/full_grid_solar_opacity/runs/T2355p73_rho1p46337/fac-opacity-cowan-state/starout.h5
2355.72530436648,2.1029775945461404,fac-opacity-cowan-state,T2355p73_rho2p10298,0.31924533962868545,0.049708820344595415,0.32785179580098206,0.008765560323854529,ok,/home/elads/STAR/full_grid_solar_opacity/runs/T2355p73_rho2p10298/fac-opacity-cowan-state/starout.h5
2355.72530436648,3.0221426551783854,fac-opacity-cowan-state,T2355p73_rho3p02214,0.31884097149116564,0.07106921840643167,0.33013624551163306,0.011458883457088702,ok,/home/elads/STAR/full_grid_solar_opacity/runs/T2355p73_rho3p02214/fac-opacity-cowan-state/starout.h5
2355.72530436648,4.343054463316713,fac-opacity-cowan-state,T2355p73_rho4p34305,0.3182833500095639,0.10166110535854767,0.3330897141484124,0.014952039778959389,ok,/home/elads/STAR/full_grid_solar_opacity/runs/T2355p73_rho4p34305/fac-opacity-cowan-state/starout.h5
2355.72530436648,6.241307649397467,fac-opacity-cowan-state,T2355p73_rho6p24131,0.3175194941127402,0.14544584652064224,0.3368989924160318,0.019468896097969576,ok,/home/elads/STAR/full_grid_solar_opacity/runs/T2355p73_rho6p24131/fac-opacity-cowan-state/starout.h5
2355.72530436648,8.969245378672715,fac-opacity-cowan-state,T2355p73_rho8p96925,0.31648391658022806,0.20802236071505104,0.34176667719614084,0.025254761864027593,ok,/home/elads/STAR/full_grid_solar_opacity/runs/T2355p73_rho8p96925/fac-opacity-cowan-state/starout.h5
2355.72530436648,12.889504440725364,fac-opacity-cowan-state,T2355p73_rho12p8895,0.31509533645620874,0.2973350765008537,0.347980999181592,0.03264974665017708,ok,/home/elads/STAR/full_grid_solar_opacity/runs/T2355p73_rho12p8895/fac-opacity-cowan-state/starout.h5
2355.72530436648,18.52322215674118,fac-opacity-cowan-state,T2355p73_rho18p5232,0.31325863624526623,0.42454494988421393,0.35590123474966273,0.04207217516579255,ok,/home/elads/STAR/full_grid_solar_opacity/runs/T2355p73_rho18p5232/fac-opacity-cowan-state/starout.h5
2355.72530436648,26.61931346126126,fac-opacity-cowan-state,T2355p73_rho26p6193,0.31087000982487256,0.6051544323010444,0.3659081320313162,0.05396554735689689,ok,/home/elads/STAR/full_grid_solar_opacity/runs/T2355p73_rho26p6193/fac-opacity-cowan-state/starout.h5
2355.72530436648,38.254027466328665,fac-opacity-cowan-state,T2355p73_rho38p254,0.3078270013321905,0.8606541009889656,0.37855969854315674,0.06895313934649248,ok,/home/elads/STAR/full_grid_solar_opacity/runs/T2355p73_rho38p254/fac-opacity-cowan-state/starout.h5
2355.72530436648,54.97401800103719,fac-opacity-cowan-state,T2355p73_rho54p974,0.3040501319784282,1.2202557370104898,0.39453579792682997,0.0877714932129877,ok,/home/elads/STAR/full_grid_solar_opacity/runs/T2355p73_rho54p974/fac-opacity-cowan-state/starout.h5
2355.72530436648,79.0019471240894,fac-opacity-cowan-state,T2355p73_rho79p0019,0.29951514984337585,1.7229891976447163,0.4147099909082501,0.11132850381368774,ok,/home/elads/STAR/full_grid_solar_opacity/runs/T2355p73_rho79p0019/fac-opacity-cowan-state/starout.h5
2355.72530436648,113.53195339077567,fac-opacity-cowan-state,T2355p73_rho113p532,0.29429710465851866,2.4194194133931886,0.44021544558179976,0.14074882756282786,ok,/home/elads/STAR/full_grid_solar_opacity/runs/T2355p73_rho113p532/fac-opacity-cowan-state/starout.h5
2355.72530436648,163.15426277379785,fac-opacity-cowan-state,T2355p73_rho163p154,0.28862438719012923,3.3724123552173255,0.472521568217198,0.1774188831662278,ok,/home/elads/STAR/full_grid_solar_opacity/runs/T2355p73_rho163p154/fac-opacity-cowan-state/starout.h5
2355.72530436648,234.46538763970608,fac-opacity-cowan-state,T2355p73_rho234p465,0.2829906699542521,4.654945200357489,0.513712129391267,0.22315768566904343,ok,/home/elads/STAR/full_grid_solar_opacity/runs/T2355p73_rho234p465/fac-opacity-cowan-state/starout.h5
2355.72530436648,336.94503022121665,fac-opacity-cowan-state,T2355p73_rho336p945,0.27783730840638743,6.342489667507094,0.5660868480575172,0.28014688709388763,ok,/home/elads/STAR/full_grid_solar_opacity/runs/T2355p73_rho336p945/fac-opacity-cowan-state/starout.h5
2355.72530436648,484.21626123015125,fac-opacity-cowan-state,T2355p73_rho484p216,0.274290027291156,8.497432016345634,0.6334692851823128,0.3513730640377813,ok,/home/elads/STAR/full_grid_solar_opacity/runs/T2355p73_rho484p216/fac-opacity-cowan-state/starout.h5
2355.72530436648,695.8564947100452,fac-opacity-cowan-state,T2355p73_rho695p856,0.2730752878631383,11.144631336052514,0.7199037976058261,0.44038988463730544,ok,/home/elads/STAR/full_grid_solar_opacity/runs/T2355p73_rho695p856/fac-opacity-cowan-state/starout.h5
2355.72530436648,1000.0,fac-opacity-cowan-state,T2355p73_rho1000,0.2750808838769111,14.223165743159226,0.8306310897017525,0.5515633966469107,ok,/home/elads/STAR/full_grid_solar_opacity/runs/T2355p73_rho1000/fac-opacity-cowan-state/starout.h5
2593.3733322558583,1e-17,fac-opacity-cowan-state,T2593p37_rho1em17,0.3197697090720808,1.7566485954417908e-19,0.3197697090720808,5.991113588227946e-20,ok,/home/elads/STAR/full_grid_solar_opacity/runs/T2593p37_rho1em17/fac-opacity-cowan-state/starout.h5
2593.3733322558583,1.4370779141993746e-17,fac-opacity-cowan-state,T2593p37_rho1p43708em17,0.31976970907208063,2.4869364791281114e-19,0.3197697090720806,8.477670103666682e-20,ok,/home/elads/STAR/full_grid_solar_opacity/runs/T2593p37_rho1p43708em17/fac-opacity-cowan-state/starout.h5
2593.3733322558583,2.065192931479625e-17,fac-opacity-cowan-state,T2593p37_rho2p06519em17,0.319769709072081,3.5364563132951875e-19,0.319769709072081,1.205118492605651e-19,ok,/home/elads/STAR/full_grid_solar_opacity/runs/T2593p37_rho2p06519em17/fac-opacity-cowan-state/starout.h5
2593.3733322558583,2.9678431503900313e-17,fac-opacity-cowan-state,T2593p37_rho2p96784em17,0.3197697090720795,5.047906034544131e-19,0.31976970907207947,1.7197408411847643e-19,ok,/home/elads/STAR/full_grid_solar_opacity/runs/T2593p37_rho2p96784em17/fac-opacity-cowan-state/starout.h5
2593.3733322558583,4.2650218442334076e-17,fac-opacity-cowan-state,T2593p37_rho4p26502em17,0.3197697090720799,7.22442794474567e-19,0.3197697090720799,2.460791941774327e-19,ok,/home/elads/STAR/full_grid_solar_opacity/runs/T2593p37_rho4p26502em17/fac-opacity-cowan-state/starout.h5
2593.3733322558583,6.129168695925715e-17,fac-opacity-cowan-state,T2593p37_rho6p12917em17,0.319769709072078,1.0367179686319354e-18,0.319769709072078,3.5310534727648497e-19,ok,/home/elads/STAR/full_grid_solar_opacity/runs/T2593p37_rho6p12917em17/fac-opacity-cowan-state/starout.h5
2593.3733322558583,8.808092965317026e-17,fac-opacity-cowan-state,T2593p37_rho8p80809em17,0.3197697090720812,1.4898131816559643e-18,0.3197697090720812,5.074293604493501e-19,ok,/home/elads/STAR/full_grid_solar_opacity/runs/T2593p37_rho8p80809em17/fac-opacity-cowan-state/starout.h5
2593.3733322558583,1.2657915866672028e-16,fac-opacity-cowan-state,T2593p37_rho1p26579em16,0.31976970907208097,2.140929101224011e-18,0.31976970907208097,7.2919921062876315e-19,ok,/home/elads/STAR/full_grid_solar_opacity/runs/T2593p37_rho1p26579em16/fac-opacity-cowan-state/starout.h5
2593.3733322558583,1.819041133178821e-16,fac-opacity-cowan-state,T2593p37_rho1p81904em16,0.3197697090720833,3.076604168360532e-18,0.3197697090720833,1.047889962200734e-18,ok,/home/elads/STAR/full_grid_solar_opacity/runs/T2593p37_rho1p81904em16/fac-opacity-cowan-state/starout.h5
2593.3733322558583,2.6141038375114865e-16,fac-opacity-cowan-state,T2593p37_rho2p6141em16,0.31976970907208074,4.4211965430437695e-18,0.3197697090720808,1.5058581113445029e-18,ok,/home/elads/STAR/full_grid_solar_opacity/runs/T2593p37_rho2p6141em16/fac-opacity-cowan-state/starout.h5
2593.3733322558583,3.7566708903116036e-16,fac-opacity-cowan-state,T2593p37_rho3p75667em16,0.31976970907207153,6.353409257104031e-18,0.31976970907207153,2.1639701246149723e-18,ok,/home/elads/STAR/full_grid_solar_opacity/runs/T2593p37_rho3p75667em16/fac-opacity-cowan-state/starout.h5
2593.3733322558583,5.398628767382507e-16,fac-opacity-cowan-state,T2593p37_rho5p39863em16,0.3197697090720685,9.130035697526478e-18,0.3197697090720685,3.1096903131126486e-18,ok,/home/elads/STAR/full_grid_solar_opacity/runs/T2593p37_rho5p39863em16/fac-opacity-cowan-state/starout.h5
2593.3733322558583,7.758250168566793e-16,fac-opacity-cowan-state,T2593p37_rho7p75825em16,0.3197697090721197,1.3120087771350315e-17,0.3197697090721197,4.468704872917816e-18,ok,/home/elads/STAR/full_grid_solar_opacity/runs/T2593p37_rho7p75825em16/fac-opacity-cowan-state/starout.h5
2593.3733322558583,1.1149209970080914e-15,fac-opacity-cowan-state,T2593p37_rho1p11492em15,0.3197697090434844,1.8853823771152097e-17,0.3197697090434844,6.4216213618210755e-18,ok,/home/elads/STAR/full_grid_solar_opacity/runs/T2593p37_rho1p11492em15/fac-opacity-cowan-state/starout.h5
2593.3733322558583,1.6022283408774753e-15,fac-opacity-cowan-state,T2593p37_rho1p60223em15,0.31976970907187646,2.709321431274008e-17,0.31976970907187646,9.227969881879703e-18,ok,/home/elads/STAR/full_grid_solar_opacity/runs/T2593p37_rho1p60223em15/fac-opacity-cowan-state/starout.h5
2593.3733322558583,2.3025269621793266e-15,fac-opacity-cowan-state,T2593p37_rho2p30253em15,0.31976970907218644,3.8933188204927767e-17,0.3197697090721865,1.3260687595964604e-17,ok,/home/elads/STAR/full_grid_solar_opacity/runs/T2593p37_rho2p30253em15/fac-opacity-cowan-state/starout.h5
2593.3733322558583,3.308910644196489e-15,fac-opacity-cowan-state,T2593p37_rho3p30891em15,0.31976970907207275,5.594711540773616e-17,0.31976970907207264,1.9055672700865367e-17,ok,/home/elads/STAR/full_grid_solar_opacity/runs/T2593p37_rho3p30891em15/fac-opacity-cowan-state/starout.h5
2593.3733322558583,4.755162406834019e-15,fac-opacity-cowan-state,T2593p37_rho4p75516em15,0.3197697090720655,8.039586183225745e-17,0.31976970907206553,2.7382989865800072e-17,ok,/home/elads/STAR/full_grid_solar_opacity/runs/T2593p37_rho4p75516em15/fac-opacity-cowan-state/starout.h5
2593.3733322558583,6.8335388732923106e-15,fac-opacity-cowan-state,T2593p37_rho6p83354em15,0.3197697090722259,1.1552817862514894e-16,0.31976970907222596,3.934918844221592e-17,ok,/home/elads/STAR/full_grid_solar_opacity/runs/T2593p37_rho6p83354em15/fac-opacity-cowan-state/starout.h5
2593.3733322558583,9.820327790631256e-15,fac-opacity-cowan-state,T2593p37_rho9p82033em15,0.31976970907219454,1.66012287045075e-16,0.31976970907219454,5.654430229598389e-17,ok,/home/elads/STAR/full_grid_solar_opacity/runs/T2593p37_rho9p82033em15/fac-opacity-cowan-state/starout.h5
2593.3733322558583,1.4112576178114521e-14,fac-opacity-cowan-state,T2593p37_rho1p41126em14,0.31976970907260305,2.3855634187533644e-16,0.31976970907260316,8.125320161011638e-17,ok,/home/elads/STAR/full_grid_solar_opacity/runs/T2593p37_rho1p41126em14/fac-opacity-cowan-state/starout.h5
2593.3733322558583,2.0280871538024598e-14,fac-opacity-cowan-state,T2593p37_rho2p02809em14,0.319769709072065,3.427994080935666e-16,0.319769709072065,1.1675906609141218e-16,ok,/home/elads/STAR/full_grid_solar_opacity/runs/T2593p37_rho2p02809em14/fac-opacity-cowan-state/starout.h5
2593.3733322558583,2.914519256800997e-14,fac-opacity-cowan-state,T2593p37_rho2p91452em14,0.31976970907206315,4.925923621063338e-16,0.3197697090720633,1.6777969395309204e-16,ok,/home/elads/STAR/full_grid_solar_opacity/runs/T2593p37_rho2p91452em14/fac-opacity-cowan-state/starout.h5
2593.3733322558583,4.188391254457488e-14,fac-opacity-cowan-state,T2593p37_rho4p18839em14,0.3197697090721127,7.078383105401512e-16,0.31976970907211294,2.4109439238537283e-16,ok,/home/elads/STAR/full_grid_solar_opacity/runs/T2593p37_rho4p18839em14/fac-opacity-cowan-state/starout.h5
2593.3733322558583,6.019044567806669e-14,fac-opacity-cowan-state,T2593p37_rho6p01904em14,0.319769709072045,1.0171374570487158e-15,0.3197697090720452,3.4644489917492483e-16,ok,/home/elads/STAR/full_grid_solar_opacity/runs/T2593p37_rho6p01904em14/fac-opacity-cowan-state/starout.h5
2593.3733322558583,8.649836012976684e-14,fac-opacity-cowan-state,T2593p37_rho8p64984em14,0.31976970907203606,1.4615884320818247e-15,0.31976970907203645,4.978302260910399e-16,ok,/home/elads/STAR/full_grid_solar_opacity/runs/T2593p37_rho8p64984em14/fac-opacity-cowan-state/starout.h5
2593.3733322558583,1.2430488295695167e-13,fac-opacity-cowan-state,T2593p37_rho1p24305em13,0.3197697090730151,2.1002514191418332e-15,0.31976970907301566,7.153676064456866e-16,ok,/home/elads/STAR/full_grid_solar_opacity/runs/T2593p37_rho1p24305em13/fac-opacity-cowan-state/starout.h5
2593.3733322558583,1.7863580192457348e-13,fac-opacity-cowan-state,T2593p37_rho1p78636em13,0.31976970907183605,3.0180030641121082e-15,0.31976970907183705,1.0279681084581571e-15,ok,/home/elads/STAR/full_grid_solar_opacity/runs/T2593p37_rho1p78636em13/fac-opacity-cowan-state/starout.h5
2593.3733322558583,2.567135656310987e-13,fac-opacity-cowan-state,T2593p37_rho2p56714em13,0.31976970904415514,4.336827280597032e-15,0.3197697090441564,1.4771828042100222e-15,ok,/home/elads/STAR/full_grid_solar_opacity/runs/T2593p37_rho2p56714em13/fac-opacity-cowan-state/starout.h5
2593.3733322558583,3.6891739544382357e-13,fac-opacity-cowan-state,T2593p37_rho3p68917em13,0.3197697090720043,6.232049586814642e-15,0.3197697090720063,2.1227328180591327e-15,ok,/home/elads/STAR/full_grid_solar_opacity/runs/T2593p37_rho3p68917em13/fac-opacity-cowan-state/starout.h5
2593.3733322558583,5.301630411562758e-13,fac-opacity-cowan-state,T2593p37_rho5p30163em13,0.31976970907208385,8.955704035008908e-15,0.3197697090720868,3.0504695378675963e-15,ok,/home/elads/STAR/full_grid_solar_opacity/runs/T2593p37_rho5p30163em13/fac-opacity-cowan-state/starout.h5
2593.3733322558583,7.618855973704612e-13,fac-opacity-cowan-state,T2593p37_rho7p61886em13,0.31976970907253777,1.2870113486847013e-14,0.319769709072542,4.383813315809114e-15,ok,/home/elads/STAR/full_grid_solar_opacity/runs/T2593p37_rho7p61886em13/fac-opacity-cowan-state/starout.h5
2593.3733322558583,1.0948889651276868e-12,fac-opacity-cowan-state,T2593p37_rho1p09489em12,0.319769709072004,1.849624056292155e-14,0.3197697090720099,6.30022534051877e-15,ok,/home/elads/STAR/full_grid_solar_opacity/runs/T2593p37_rho1p09489em12/fac-opacity-cowan-state/starout.h5
2593.3733322558583,1.5734407502856082e-12,fac-opacity-cowan-state,T2593p37_rho1p57344em12,0.31976970907209573,2.6583284261865045e-14,0.3197697090721042,9.054916959459122e-15,ok,/home/elads/STAR/full_grid_solar_opacity/runs/T2593p37_rho1p57344em12/fac-opacity-cowan-state/starout.h5
2593.3733322558583,2.26115695153675e-12,fac-opacity-cowan-state,T2593p37_rho2p26116em12,0.31976970907194785,3.820889358602294e-14,0.3197697090719602,1.3014990860540031e-14,ok,/home/elads/STAR/full_grid_solar_opacity/runs/T2593p37_rho2p26116em12/fac-opacity-cowan-state/starout.h5
2593.3733322558583,3.249458715591849e-12,fac-opacity-cowan-state,T2593p37_rho3p24946em12,0.31976970907115987,5.492358278994617e-14,0.31976970907117735,1.8708645250773288e-14,ok,/home/elads/STAR/full_grid_solar_opacity/runs/T2593p37_rho3p24946em12/fac-opacity-cowan-state/starout.h5
2593.3733322558583,4.669725353279713e-12,fac-opacity-cowan-state,T2593p37_rho4p66973em12,0.3197697090716231,7.895911631164216e-14,0.31976970907164887,2.6896186448040985e-14,ok,/home/elads/STAR/full_grid_solar_opacity/runs/T2593p37_rho4p66973em12/fac-opacity-cowan-state/starout.h5
2593.3733322558583,6.710759170575148e-12,fac-opacity-cowan-state,T2593p37_rho6p71076em12,0.31976970907155944,1.1352937504877968e-13,0.31976970907159613,3.867255360036179e-14,ok,/home/elads/STAR/full_grid_solar_opacity/runs/T2593p37_rho6p71076em12/fac-opacity-cowan-state/starout.h5
2593.3733322558583,9.64388379154446e-12,fac-opacity-cowan-state,T2593p37_rho9p64388em12,0.31976970907134256,1.63265818551745e-13,0.3197697090713951,5.561574805363823e-14,ok,/home/elads/STAR/full_grid_solar_opacity/runs/T2593p37_rho9p64388em12/fac-opacity-cowan-state/starout.h5
2593.3733322558583,1.3859012403933867e-11,fac-opacity-cowan-state,T2593p37_rho1p3859em11,0.3197697090710041,2.348513386188035e-13,0.31976970907107977,8.000295512555242e-14,ok,/home/elads/STAR/full_grid_solar_opacity/runs/T2593p37_rho1p3859em11/fac-opacity-cowan-state/starout.h5
2593.3733322558583,1.9916480638308542e-11,fac-opacity-cowan-state,T2593p37_rho1p99165em11,0.3197697090705663,3.379963272722373e-13,0.31976970907067515,1.1514388492833887e-13,ok,/home/elads/STAR/full_grid_solar_opacity/runs/T2593p37_rho1p99165em11/fac-opacity-cowan-state/starout.h5
2593.3733322558583,2.8621534453892672e-11,fac-opacity-cowan-state,T2593p37_rho2p86215em11,0.31976970907018154,4.869033608941397e-13,0.3197697090703383,1.658815816972525e-13,ok,/home/elads/STAR/full_grid_solar_opacity/runs/T2593p37_rho2p86215em11/fac-opacity-cowan-state/starout.h5
2593.3733322558583,4.1131375034185614e-11,fac-opacity-cowan-state,T2593p37_rho4p11314em11,0.3197697090689793,7.008528830156601e-13,0.3197697090692042,2.3877879385544097e-13,ok,/home/elads/STAR/full_grid_solar_opacity/runs/T2593p37_rho4p11314em11/fac-opacity-cowan-state/starout.h5
2593.3733322558583,5.910899064227969e-11,fac-opacity-cowan-state,T2593p37_rho5p9109em11,0.3197697090672988,1.008049161794804e-12,0.3197697090676229,3.4343816867344015e-13,ok,/home/elads/STAR/full_grid_solar_opacity/runs/T2593p37_rho5p9109em11/fac-opacity-cowan-state/starout.h5
2593.3733322558583,8.4944224982638e-11,fac-opacity-cowan-state,T2593p37_rho8p49442em11,0.31976970906551117,1.4504952274643508e-12,0.31976970906597674,4.941743514442738e-13,ok,/home/elads/STAR/full_grid_solar_opacity/runs/T2593p37_rho8p49442em11/fac-opacity-cowan-state/starout.h5
2593.3733322558583,1.2207146966133182e-10,fac-opacity-cowan-state,T2593p37_rho1p22071em10,0.31976970902948093,2.0853677625139166e-12,0.31976970903015,7.104507360472566e-13,ok,/home/elads/STAR/full_grid_solar_opacity/runs/T2593p37_rho1p22071em10/fac-opacity-cowan-state/starout.h5
2593.3733322558583,1.7542621300415897e-10,fac-opacity-cowan-state,T2593p37_rho1p75426em10,0.3182482736016977,2.990562652759955e-12,0.3182482736026606,1.0193643226786766e-12,ok,/home/elads/STAR/full_grid_solar_opacity/runs/T2593p37_rho1p75426em10/fac-opacity-cowan-state/starout.h5
2593.3733322558583,2.52101136279913e-10,fac-opacity-cowan-state,T2593p37_rho2p52101em10,0.3182482735958074,4.297170574457962e-12,0.31824827359718866,1.4643622417878798e-12,ok,/home/elads/STAR/full_grid_solar_opacity/runs/T2593p37_rho2p52101em10/fac-opacity-cowan-state/starout.h5
2593.3733322558583,3.6228897509242966e-10,fac-opacity-cowan-state,T2593p37_rho3p62289em10,0.31824827358741536,6.194737038069468e-12,0.3182482735894053,2.1092512903294158e-12,ok,/home/elads/STAR/full_grid_solar_opacity/runs/T2593p37_rho3p62289em10/fac-opacity-cowan-state/starout.h5
2593.3733322558583,5.20637484663258e-10,fac-opacity-cowan-state,T2593p37_rho5p20637em10,0.31824827357467494,8.892934085642069e-12,0.3182482735775341,3.0307480425150105e-12,ok,/home/elads/STAR/full_grid_solar_opacity/runs/T2593p37_rho5p20637em10/fac-opacity-cowan-state/starout.h5
2593.3733322558583,7.481966305138837e-10,fac-opacity-cowan-state,T2593p37_rho7p48197em10,0.3182482735581651,1.2821359580617863e-11,0.3182482735622853,4.367313402474651e-12,ok,/home/elads/STAR/full_grid_solar_opacity/runs/T2593p37_rho7p48197em10/fac-opacity-cowan-state/starout.h5
2593.3733322558583,1.0752168531898921e-09,fac-opacity-cowan-state,T2593p37_rho1p07522em09,0.3182482735340179,1.845022397872367e-11,0.3182482735399484,6.285999267632895e-12,ok,/home/elads/STAR/full_grid_solar_opacity/runs/T2593p37_rho1p07522em09/fac-opacity-cowan-state/starout.h5
2593.3733322558583,1.5451703926941453e-09,fac-opacity-cowan-state,T2593p37_rho1p54517em09,0.3182482734984514,2.65814827608051e-11,0.31824827350699314,9.054669570503649e-12,ok,/home/elads/STAR/full_grid_solar_opacity/runs/T2593p37_rho1p54517em09/fac-opacity-cowan-state/starout.h5
2593.3733322558583,2.220530245015531e-09,fac-opacity-cowan-state,T2593p37_rho2p22053em09,0.31824827344898743,3.821714542946741e-11,0.31824827346126977,1.3020083600593155e-11,ok,/home/elads/STAR/full_grid_solar_opacity/runs/T2593p37_rho2p22053em09/fac-opacity-cowan-state/starout.h5
2593.3733322558583,3.1910749729235452e-09,fac-opacity-cowan-state,T2593p37_rho3p19107em09,0.3182482733779756,5.4641382412485213e-11,0.31824827339553097,1.8608473736446097e-11,ok,/home/elads/STAR/full_grid_solar_opacity/runs/T2593p37_rho3p19107em09/fac-opacity-cowan-state/starout.h5
2593.3733322558583,4.585823366142813e-09,fac-opacity-cowan-state,T2593p37_rho4p58582em09,0.3182482732785039,7.827052458113323e-11,0.3182482733036501,2.6655130778329e-11,ok,/home/elads/STAR/full_grid_solar_opacity/runs/T2593p37_rho4p58582em09/fac-opacity-cowan-state/starout.h5
2593.3733322558583,6.590185477903269e-09,fac-opacity-cowan-state,T2593p37_rho6p59019em09,0.3182482731374704,1.1226383396406665e-10,0.31824827317352805,3.822340057161617e-11,ok,/home/elads/STAR/full_grid_solar_opacity/runs/T2593p37_rho6p59019em09/fac-opacity-cowan-state/starout.h5
2593.3733322558583,9.470610000772238e-09,fac-opacity-cowan-state,T2593p37_rho9p47061em09,0.31824827294274,1.6099540180023237e-10,0.3182482729944447,5.480957071310595e-11,ok,/home/elads/STAR/full_grid_solar_opacity/runs/T2593p37_rho9p47061em09/fac-opacity-cowan-state/starout.h5
2593.3733322558583,1.3610004466105506e-08,fac-opacity-cowan-state,T2593p37_rho1p361em08,0.31824827267450234,2.3158400225629686e-10,0.31824827274887124,7.88349676017615e-11,ok,/home/elads/STAR/full_grid_solar_opacity/runs/T2593p37_rho1p361em08/fac-opacity-cowan-state/starout.h5
2593.3733322558583,1.9558636830395073e-08,fac-opacity-cowan-state,T2593p37_rho1p95586em08,0.3182482723241968,3.3370836967187436e-10,0.31824827243136194,1.1360017256127403e-10,ok,/home/elads/STAR/full_grid_solar_opacity/runs/T2593p37_rho1p95586em08/fac-opacity-cowan-state/starout.h5
2593.3733322558583,2.810728502080722e-08,fac-opacity-cowan-state,T2593p37_rho2p81073em08,0.3182482718585766,4.764436839748459e-10,0.3182482720115184,1.6212679226216114e-10,ok,/home/elads/STAR/full_grid_solar_opacity/runs/T2593p37_rho2p81073em08/fac-opacity-cowan-state/starout.h5
2593.3733322558583,4.039235853150913e-08,fac-opacity-cowan-state,T2593p37_rho4p03924em08,0.31824827125579047,6.838142730064078e-10,0.31824827147521795,2.326063337461202e-10,ok,/home/elads/STAR/full_grid_solar_opacity/runs/T2593p37_rho4p03924em08/fac-opacity-cowan-state/starout.h5
2593.3733322558583,5.804696634805446e-08,fac-opacity-cowan-state,T2593p37_rho5p8047em08,0.3182482704912078,9.866170739822036e-10,0.31824827080773466,3.3554008419245906e-10,ok,/home/elads/STAR/full_grid_solar_opacity/runs/T2593p37_rho5p8047em08/fac-opacity-cowan-state/starout.h5
2593.3733322558583,8.341801332506338e-08,fac-opacity-cowan-state,T2593p37_rho8p3418em08,0.3182482695171616,1.4197636945617586e-09,0.31824826997255784,4.827477873890221e-10,ok,/home/elads/STAR/full_grid_solar_opacity/runs/T2593p37_rho8p3418em08/fac-opacity-cowan-state/starout.h5
2593.3733322558583,1.1987818459583772e-07,fac-opacity-cowan-state,T2593p37_rho1p19878em07,0.3182482683141151,2.031268324287126e-09,0.31824826896556824,6.905722836458371e-10,ok,/home/elads/STAR/full_grid_solar_opacity/runs/T2593p37_rho1p19878em07/fac-opacity-cowan-state/starout.h5
2593.3733322558583,1.7227429147699408e-07,fac-opacity-cowan-state,T2593p37_rho1p72274em07,0.31824826684189417,2.9047982561663755e-09,0.3182482677734594,9.874898403025671e-10,ok,/home/elads/STAR/full_grid_solar_opacity/runs/T2593p37_rho1p72274em07/fac-opacity-cowan-state/starout.h5
2593.3733322558583,2.4757157946593376e-07,fac-opacity-cowan-state,T2593p37_rho2p47572em07,0.31824826504280634,4.1867107652919045e-09,0.3182482663856161,1.4233916799371707e-09,ok,/home/elads/STAR/full_grid_solar_opacity/runs/T2593p37_rho2p47572em07/fac-opacity-cowan-state/starout.h5
2593.3733322558583,3.557796490339488e-07,fac-opacity-cowan-state,T2593p37_rho3p5578em07,0.31824826283577096,6.0603020191856905e-09,0.31824826477964935,2.0604816745280405e-09,ok,/home/elads/STAR/full_grid_solar_opacity/runs/T2593p37_rho3p5578em07/fac-opacity-cowan-state/starout.h5
2593.3733322558583,5.112830759482948e-07,fac-opacity-cowan-state,T2593p37_rho5p11283em07,0.3182482602199505,8.687931081866895e-09,0.31824826300529113,2.9524035631317037e-09,ok,/home/elads/STAR/full_grid_solar_opacity/runs/T2593p37_rho5p11283em07/fac-opacity-cowan-state/starout.h5
2593.3733322558583,7.347536163492159e-07,fac-opacity-cowan-state,T2593p37_rho7p34754em07,0.3182482570237319,1.2522857701723376e-08,0.31824826105475634,4.271795887454351e-09,ok,/home/elads/STAR/full_grid_solar_opacity/runs/T2593p37_rho7p34754em07/fac-opacity-cowan-state/starout.h5
2593.3733322558583,1.0558981944335787e-06,fac-opacity-cowan-state,T2593p37_rho1p0559em06,0.31824825316569183,1.7946119511831162e-08,0.31824825894103015,6.120147335024623e-09,ok,/home/elads/STAR/full_grid_solar_opacity/runs/T2593p37_rho1p0559em06/fac-opacity-cowan-state/starout.h5
2593.3733322558583,1.517407974863493e-06,fac-opacity-cowan-state,T2593p37_rho1p51741em06,0.3182482485188293,2.7493266424388764e-08,0.31824825787294825,9.876347054997439e-09,ok,/home/elads/STAR/full_grid_solar_opacity/runs/T2593p37_rho1p51741em06/fac-opacity-cowan-state/starout.h5
2593.3733322558583,2.1806334875063253e-06,fac-opacity-cowan-state,T2593p37_rho2p18063em06,0.31824824293852955,4.741261352093142e-08,0.31824826305674264,2.0980659941609276e-08,ok,/home/elads/STAR/full_grid_solar_opacity/runs/T2593p37_rho2p18063em06/fac-opacity-cowan-state/starout.h5
2593.3733322558583,3.1337402238588983e-06,fac-opacity-cowan-state,T2593p37_rho3p13374em06,0.31824823620930986,6.857387346693602e-08,0.3182482653108478,3.034946135201281e-08,ok,/home/elads/STAR/full_grid_solar_opacity/runs/T2593p37_rho3p13374em06/fac-opacity-cowan-state/starout.h5
2593.3733322558583,4.503428864545845e-06,fac-opacity-cowan-state,T2593p37_rho4p50343em06,0.31824822803732944,9.783865820848012e-08,0.3182482695565223,4.329803934605027e-08,ok,/home/elads/STAR/full_grid_solar_opacity/runs/T2593p37_rho4p50343em06/fac-opacity-cowan-state/starout.h5
2593.3733322558583,6.471778159406801e-06,fac-opacity-cowan-state,T2593p37_rho6p47178em06,0.3182482183060476,1.4203151546890103e-07,0.3182482782870048,6.256498862180162e-08,ok,/home/elads/STAR/full_grid_solar_opacity/runs/T2593p37_rho6p47178em06/fac-opacity-cowan-state/starout.h5
2593.3733322558583,9.300449458481393e-06,fac-opacity-cowan-state,T2593p37_rho9p30045em06,0.3182482061910531,2.0460533224516377e-07,0.3182482922705499,8.980312096825079e-08,ok,/home/elads/STAR/full_grid_solar_opacity/runs/T2593p37_rho9p30045em06/fac-opacity-cowan-state/starout.h5
2593.3733322558583,1.3365470508911143e-05,fac-opacity-cowan-state,T2593p37_rho1p33655em05,0.3182481923146836,2.9058555674079467e-07,0.31824831457674385,1.2754651158003572e-07,ok,/home/elads/STAR/full_grid_solar_opacity/runs/T2593p37_rho1p33655em05/fac-opacity-cowan-state/starout.h5
2593.3733322558583,1.920722248123928e-05,fac-opacity-cowan-state,T2593p37_rho1p92072em05,0.3182481743769166,4.16340352844411e-07,0.31824834911974176,1.8231018525555834e-07,ok,/home/elads/STAR/full_grid_solar_opacity/runs/T2593p37_rho1p92072em05/fac-opacity-cowan-state/starout.h5
2593.3733322558583,2.760227522090268e-05,fac-opacity-cowan-state,T2593p37_rho2p76023em05,0.31824815389401195,6.040617417109609e-07,0.31824840701068785,2.640903282123075e-07,ok,/home/elads/STAR/full_grid_solar_opacity/runs/T2593p37_rho2p76023em05/fac-opacity-cowan-state/starout.h5
2593.3733322558583,3.966662010161191e-05,fac-opacity-cowan-state,T2593p37_rho3p96666em05,0.31824812668791397,8.73199257907909e-07,0.31824849262361776,3.817566393711524e-07,ok,/home/elads/STAR/full_grid_solar_opacity/runs/T2593p37_rho3p96666em05/fac-opacity-cowan-state/starout.h5
2593.3733322558583,5.7004023678963655e-05,fac-opacity-cowan-state,T2593p37_rho5p7004em05,0.3182480932313505,1.2485311453646667e-06,0.318248616772454,5.460333221876807e-07,ok,/home/elads/STAR/full_grid_solar_opacity/runs/T2593p37_rho5p7004em05/fac-opacity-cowan-state/starout.h5
2593.3733322558583,8.191922344953684e-05,fac-opacity-cowan-state,T2593p37_rho8p19192em05,0.318248071930548,1.7974123161947989e-06,0.3182488245356048,7.848094928861022e-07,ok,/home/elads/STAR/full_grid_solar_opacity/runs/T2593p37_rho8p19192em05/fac-opacity-cowan-state/starout.h5
2593.3733322558583,0.00011772430676769293,fac-opacity-cowan-state,T2593p37_rho0p000117724,0.3182480884407794,2.5632752187008793e-06,0.31824915707764306,1.1143847919391163e-06,ok,/home/elads/STAR/full_grid_solar_opacity/runs/T2593p37_rho0p000117724/fac-opacity-cowan-state/starout.h5
2593.3733322558583,0.00016917900122028344,fac-opacity-cowan-state,T2593p37_rho0p000169179,0.3182480321507765,3.6664865200563414e-06,0.31824954723788973,1.580430054613935e-06,ok,/home/elads/STAR/full_grid_solar_opacity/runs/T2593p37_rho0p000169179/fac-opacity-cowan-state/starout.h5
2593.3733322558583,0.0002431234061999784,fac-opacity-cowan-state,T2593p37_rho0p000243123,0.3182479619005445,5.2373024714377915e-06,0.31825011073196324,2.241794504499598e-06,ok,/home/elads/STAR/full_grid_solar_opacity/runs/T2593p37_rho0p000243123/fac-opacity-cowan-state/starout.h5
2593.3733322558583,0.0003493872774749123,fac-opacity-cowan-state,T2593p37_rho0p000349387,0.31824786668152577,7.499916867662379e-06,0.31825093985548103,3.2049262370309982e-06,ok,/home/elads/STAR/full_grid_solar_opacity/runs/T2593p37_rho0p000349387/fac-opacity-cowan-state/starout.h5
2593.3733322558583,0.0005020967399614471,fac-opacity-cowan-state,T2593p37_rho0p000502097,0.31824772950610036,1.0715868464143006e-05,0.31825209856649167,4.55552704588768e-06,ok,/home/elads/STAR/full_grid_solar_opacity/runs/T2593p37_rho0p000502097/fac-opacity-cowan-state/starout.h5
2593.3733322558583,0.0007215521357901021,fac-opacity-cowan-state,T2593p37_rho0p000721552,0.31824757314899005,1.5233620836881085e-05,0.31825369157863254,6.3824115000386966e-06,ok,/home/elads/STAR/full_grid_solar_opacity/runs/T2593p37_rho0p000721552/fac-opacity-cowan-state/starout.h5
2593.3733322558583,0.0010369266382873438,fac-opacity-cowan-state,T2593p37_rho0p00103693,0.31824733747749234,2.1736153826104303e-05,0.3182560190875799,9.053077935185835e-06,ok,/home/elads/STAR/full_grid_solar_opacity/runs/T2593p37_rho0p00103693/fac-opacity-cowan-state/starout.h5
2593.3733322558583,0.0014901443705277455,fac-opacity-cowan-state,T2593p37_rho0p00149014,0.31824701588282595,3.0926530429706094e-05,0.31825923467556017,1.274059694827488e-05,ok,/home/elads/STAR/full_grid_solar_opacity/runs/T2593p37_rho0p00149014/fac-opacity-cowan-state/starout.h5
2593.3733322558583,0.002141453563853953,fac-opacity-cowan-state,T2593p37_rho0p00214145,0.3182465590087765,4.3893453840618476e-05,0.31826363541468067,1.7807555101386217e-05,ok,/home/elads/STAR/full_grid_solar_opacity/runs/T2593p37_rho0p00214145/fac-opacity-cowan-state/starout.h5
2593.3733322558583,0.003077435620898055,fac-opacity-cowan-state,T2593p37_rho0p00307744,0.3182459412832049,6.233913263853708e-05,0.3182698893571423,2.49674202097051e-05,ok,/home/elads/STAR/full_grid_solar_opacity/runs/T2593p37_rho0p00307744/fac-opacity-cowan-state/starout.h5
2593.3733322558583,0.004422514763163053,fac-opacity-cowan-state,T2593p37_rho0p00442251,0.3182451204287336,8.845632660837718e-05,0.3182786096832202,3.490560632990903e-05,ok,/home/elads/STAR/full_grid_solar_opacity/runs/T2593p37_rho0p00442251/fac-opacity-cowan-state/starout.h5
2593.3733322558583,0.006355498291362301,fac-opacity-cowan-state,T2593p37_rho0p0063555,0.31824399840228884,0.00012508765143895133,0.3182902124894642,4.818179959934355e-05,ok,/home/elads/STAR/full_grid_solar_opacity/runs/T2593p37_rho0p0063555/fac-opacity-cowan-state/starout.h5
2593.3733322558583,0.009133346228248624,fac-opacity-cowan-state,T2593p37_rho0p00913335,0.3182424786900607,0.0001774839711202049,0.3183068841881986,6.712560777731233e-05,ok,/home/elads/STAR/full_grid_solar_opacity/runs/T2593p37_rho0p00913335/fac-opacity-cowan-state/starout.h5
2593.3733322558583,0.01312533014735226,fac-opacity-cowan-state,T2593p37_rho0p0131253,0.3182404721060849,0.00025204074319021605,0.3183302405350478,9.351898845801571e-05,ok,/home/elads/STAR/full_grid_solar_opacity/runs/T2593p37_rho0p0131253/fac-opacity-cowan-state/starout.h5
2593.3733322558583,0.018862122071335155,fac-opacity-cowan-state,T2593p37_rho0p0188621,0.31823777547885473,0.00035764164794376924,0.31836215047323263,0.00012953582555855466,ok,/home/elads/STAR/full_grid_solar_opacity/runs/T2593p37_rho0p0188621/fac-opacity-cowan-state/starout.h5
2593.3733322558583,0.02710633904364831,fac-opacity-cowan-state,T2593p37_rho0p0271063,0.3182341081026996,0.0005079582255156685,0.3184060636200209,0.00017904829957456246,ok,/home/elads/STAR/full_grid_solar_opacity/runs/T2593p37_rho0p0271063/fac-opacity-cowan-state/starout.h5
2593.3733322558583,0.038953921174427183,fac-opacity-cowan-state,T2593p37_rho0p0389539,0.3182290851884016,0.0007241858321264541,0.3184693556840137,0.00024995836109148456,ok,/home/elads/STAR/full_grid_solar_opacity/runs/T2593p37_rho0p0389539/fac-opacity-cowan-state/starout.h5
2593.3733322558583,0.0559798197912329,fac-opacity-cowan-state,T2593p37_rho0p0559798,0.3182221536330945,0.001028535345535136,0.31855140874854515,0.00034247905032831104,ok,/home/elads/STAR/full_grid_solar_opacity/runs/T2593p37_rho0p0559798/fac-opacity-cowan-state/starout.h5
2593.3733322558583,0.08044736266284185,fac-opacity-cowan-state,T2593p37_rho0p0804474,0.3182124285428113,0.0014651971671107307,0.31866740020500195,0.0004728710941422659,ok,/home/elads/STAR/full_grid_solar_opacity/runs/T2593p37_rho0p0804474/fac-opacity-cowan-state/starout.h5
2593.3733322558583,0.11560912813835741,fac-opacity-cowan-state,T2593p37_rho0p115609,0.3181988204247962,0.0020833027862080557,0.31881960834377315,0.0006449049574125685,ok,/home/elads/STAR/full_grid_solar_opacity/runs/T2593p37_rho0p115609/fac-opacity-cowan-state/starout.h5
2593.3733322558583,0.1661393247274789,fac-opacity-cowan-state,T2593p37_rho0p166139,0.3181795798665015,0.002962268609256225,0.31902232569108757,0.0008749860356838633,ok,/home/elads/STAR/full_grid_solar_opacity/runs/T2593p37_rho0p166139/fac-opacity-cowan-state/starout.h5
2593.3733322558583,0.23875515424585794,fac-opacity-cowan-state,T2593p37_rho0p238755,0.318152747495365,0.004207046995737535,0.3192880079805409,0.0011777992278252933,ok,/home/elads/STAR/full_grid_solar_opacity/runs/T2593p37_rho0p238755/fac-opacity-cowan-state/starout.h5
2593.3733322558583,0.34310975906798746,fac-opacity-cowan-state,T2593p37_rho0p34311,0.31811106442874987,0.005988278345618389,0.31963756381298647,0.0015823106122436722,ok,/home/elads/STAR/full_grid_solar_opacity/runs/T2593p37_rho0p34311/fac-opacity-cowan-state/starout.h5
2593.3733322558583,0.49307545690287347,fac-opacity-cowan-state,T2593p37_rho0p493075,0.31805476405263633,0.008525834924289953,0.3200958150588784,0.0021132856402898323,ok,/home/elads/STAR/full_grid_solar_opacity/runs/T2593p37_rho0p493075/fac-opacity-cowan-state/starout.h5
2593.3733322558583,0.7085878491488851,fac-opacity-cowan-state,T2593p37_rho0p708588,0.31797500892393366,0.012149644605742794,0.3206951054575353,0.0028121155976895923,ok,/home/elads/STAR/full_grid_solar_opacity/runs/T2593p37_rho0p708588/fac-opacity-cowan-state/starout.h5
2593.3733322558583,1.0182959482819007,fac-opacity-cowan-state,T2593p37_rho1p0183,0.3178624726606539,0.017332511682938936,0.3214794955404042,0.003731951125083226,ok,/home/elads/STAR/full_grid_solar_opacity/runs/T2593p37_rho1p0183/fac-opacity-cowan-state/starout.h5
2593.3733322558583,1.4633706173946401,fac-opacity-cowan-state,T2593p37_rho1p46337,0.3177041227502932,0.02475083929041241,0.3225048031595313,0.0049406115965629945,ok,/home/elads/STAR/full_grid_solar_opacity/runs/T2593p37_rho1p46337/fac-opacity-cowan-state/starout.h5
2593.3733322558583,2.1029775945461404,fac-opacity-cowan-state,T2593p37_rho2p10298,0.3174822207545211,0.035382853880209814,0.3238496150521454,0.006532280207908723,ok,/home/elads/STAR/full_grid_solar_opacity/runs/T2593p37_rho2p10298/fac-opacity-cowan-state/starout.h5
2593.3733322558583,3.0221426551783854,fac-opacity-cowan-state,T2593p37_rho3p02214,0.3171726316520293,0.050612077399412175,0.32560011841236913,0.008612941579502802,ok,/home/elads/STAR/full_grid_solar_opacity/runs/T2593p37_rho3p02214/fac-opacity-cowan-state/starout.h5
2593.3733322558583,4.343054463316713,fac-opacity-cowan-state,T2593p37_rho4p34305,0.3167434827460995,0.07243201184512618,0.3278779349025975,0.011329135543532912,ok,/home/elads/STAR/full_grid_solar_opacity/runs/T2593p37_rho4p34305/fac-opacity-cowan-state/starout.h5
2593.3733322558583,6.241307649397467,fac-opacity-cowan-state,T2593p37_rho6p24131,0.3161519447417623,0.10367750536921441,0.3308319112102348,0.014861575354754204,ok,/home/elads/STAR/full_grid_solar_opacity/runs/T2593p37_rho6p24131/fac-opacity-cowan-state/starout.h5
2593.3733322558583,8.969245378672715,fac-opacity-cowan-state,T2593p37_rho8p96925,0.31534408517088813,0.1483623827001701,0.3346295568817985,0.019415118364192675,ok,/home/elads/STAR/full_grid_solar_opacity/runs/T2593p37_rho8p96925/fac-opacity-cowan-state/starout.h5
2593.3733322558583,12.889504440725364,fac-opacity-cowan-state,T2593p37_rho12p8895,0.3142513339770606,0.21219250976072093,0.33949904531592145,0.025263961618940237,ok,/home/elads/STAR/full_grid_solar_opacity/runs/T2593p37_rho12p8895/fac-opacity-cowan-state/starout.h5
2593.3733322558583,18.52322215674118,fac-opacity-cowan-state,T2593p37_rho18p5232,0.3127906633362622,0.3032089668987799,0.3457256682634671,0.03274705084964762,ok,/home/elads/STAR/full_grid_solar_opacity/runs/T2593p37_rho18p5232/fac-opacity-cowan-state/starout.h5
2593.3733322558583,26.61931346126126,fac-opacity-cowan-state,T2593p37_rho26p6193,0.31086686762420684,0.43262094795140826,0.3536190294299742,0.04223293977590776,ok,/home/elads/STAR/full_grid_solar_opacity/runs/T2593p37_rho26p6193/fac-opacity-cowan-state/starout.h5
2593.3733322558583,38.254027466328665,fac-opacity-cowan-state,T2593p37_rho38p254,0.30837802546416526,0.6160393551122785,0.36361751935726905,0.054224296063643214,ok,/home/elads/STAR/full_grid_solar_opacity/runs/T2593p37_rho38p254/fac-opacity-cowan-state/starout.h5
2593.3733322558583,54.97401800103719,fac-opacity-cowan-state,T2593p37_rho54p974,0.3052302975969083,0.8748530870044818,0.37625376335638644,0.06931509610559324,ok,/home/elads/STAR/full_grid_solar_opacity/runs/T2593p37_rho54p974/fac-opacity-cowan-state/starout.h5
2593.3733322558583,79.0019471240894,fac-opacity-cowan-state,T2593p37_rho79p0019,0.30136214813814916,1.2378691547147789,0.39220638460997764,0.08823203945138125,ok,/home/elads/STAR/full_grid_solar_opacity/runs/T2593p37_rho79p0019/fac-opacity-cowan-state/starout.h5
2593.3733322558583,113.53195339077567,fac-opacity-cowan-state,T2593p37_rho113p532,0.29678021777694913,1.7430277945071404,0.4123492191502316,0.11186798954229939,ok,/home/elads/STAR/full_grid_solar_opacity/runs/T2593p37_rho113p532/fac-opacity-cowan-state/starout.h5
2593.3733322558583,163.15426277379785,fac-opacity-cowan-state,T2593p37_rho163p154,0.2916092529080686,2.4383736262110993,0.4378016427296059,0.14130594835182853,ok,/home/elads/STAR/full_grid_solar_opacity/runs/T2593p37_rho163p154/fac-opacity-cowan-state/starout.h5
2593.3733322558583,234.46538763970608,fac-opacity-cowan-state,T2593p37_rho234p465,0.286180321689635,3.3819188470839,0.4701238936394583,0.17794362105859665,ok,/home/elads/STAR/full_grid_solar_opacity/runs/T2593p37_rho234p465/fac-opacity-cowan-state/starout.h5
2593.3733322558583,336.94503022121665,fac-opacity-cowan-state,T2593p37_rho336p945,0.2808942456857637,4.636281141631152,0.5111217572378716,0.2234494896556129,ok,/home/elads/STAR/full_grid_solar_opacity/runs/T2593p37_rho336p945/fac-opacity-cowan-state/starout.h5
2593.3733322558583,484.21626123015125,fac-opacity-cowan-state,T2593p37_rho484p216,0.27661010955221343,6.261101423945888,0.5635731502609576,0.28003930503480645,ok,/home/elads/STAR/full_grid_solar_opacity/runs/T2593p37_rho484p216/fac-opacity-cowan-state/starout.h5
2593.3733322558583,695.8564947100452,fac-opacity-cowan-state,T2593p37_rho695p856,0.27416426847924913,8.292001439847693,0.6307437425136719,0.35042318050672466,ok,/home/elads/STAR/full_grid_solar_opacity/runs/T2593p37_rho695p856/fac-opacity-cowan-state/starout.h5
2593.3733322558583,1000.0,fac-opacity-cowan-state,T2593p37_rho1000,0.27437821791289513,10.714721134550633,0.716583668347353,0.4378816973116543,ok,/home/elads/STAR/full_grid_solar_opacity/runs/T2593p37_rho1000/fac-opacity-cowan-state/starout.h5
2854.9955412838585,1e-17,fac-opacity-cowan-state,T2855_rho1em17,0.3177076185348596,1.2452907518861454e-19,0.3177076185348596,4.2179139187151426e-20,ok,/home/elads/STAR/full_grid_solar_opacity/runs/T2855_rho1em17/fac-opacity-cowan-state/starout.h5
2854.9955412838585,1.4370779141993746e-17,fac-opacity-cowan-state,T2855_rho1p43708em17,0.31770761853485985,1.7651984852545864e-19,0.31770761853485985,5.97648379717529e-20,ok,/home/elads/STAR/full_grid_solar_opacity/runs/T2855_rho1p43708em17/fac-opacity-cowan-state/starout.h5
2854.9955412838585,2.065192931479625e-17,fac-opacity-cowan-state,T2855_rho2p06519em17,0.31770761853486035,2.5123752898506125e-19,0.31770761853486035,8.50378705697596e-20,ok,/home/elads/STAR/full_grid_solar_opacity/runs/T2855_rho2p06519em17/fac-opacity-cowan-state/starout.h5
2854.9955412838585,2.9678431503900313e-17,fac-opacity-cowan-state,T2855_rho2p96784em17,0.3177076185348609,3.58825704366088e-19,0.3177076185348609,1.2142834257156275e-19,ok,/home/elads/STAR/full_grid_solar_opacity/runs/T2855_rho2p96784em17/fac-opacity-cowan-state/starout.h5
2854.9955412838585,4.2650218442334076e-17,fac-opacity-cowan-state,T2855_rho4p26502em17,0.3177076185348609,5.137340836157156e-19,0.31770761853486085,1.738230517560341e-19,ok,/home/elads/STAR/full_grid_solar_opacity/runs/T2855_rho4p26502em17/fac-opacity-cowan-state/starout.h5
2854.9955412838585,6.129168695925715e-17,fac-opacity-cowan-state,T2855_rho6p12917em17,0.3177076185348616,7.373141432805577e-19,0.3177076185348616,2.4945844928763788e-19,ok,/home/elads/STAR/full_grid_solar_opacity/runs/T2855_rho6p12917em17/fac-opacity-cowan-state/starout.h5
2854.9955412838585,8.808092965317026e-17,fac-opacity-cowan-state,T2855_rho8p80809em17,0.3177076185348608,1.0595581918519873e-18,0.3177076185348608,3.5848464691806326e-19,ok,/home/elads/STAR/full_grid_solar_opacity/runs/T2855_rho8p80809em17/fac-opacity-cowan-state/starout.h5
2854.9955412838585,1.2657915866672028e-16,fac-opacity-cowan-state,T2855_rho1p26579em16,0.3177076185348621,1.5226372118571876e-18,0.3177076185348621,5.151601765352513e-19,ok,/home/elads/STAR/full_grid_solar_opacity/runs/T2855_rho1p26579em16/fac-opacity-cowan-state/starout.h5
2854.9955412838585,1.819041133178821e-16,fac-opacity-cowan-state,T2855_rho1p81904em16,0.31770761853486307,2.1880995301207202e-18,0.31770761853486307,7.403090119451174e-19,ok,/home/elads/STAR/full_grid_solar_opacity/runs/T2855_rho1p81904em16/fac-opacity-cowan-state/starout.h5
2854.9955412838585,2.6141038375114865e-16,fac-opacity-cowan-state,T2855_rho2p6141em16,0.3177076185341686,3.1443920489493985e-18,0.3177076185341687,1.0638558609899002e-18,ok,/home/elads/STAR/full_grid_solar_opacity/runs/T2855_rho2p6141em16/fac-opacity-cowan-state/starout.h5
2854.9955412838585,3.7566708903116036e-16,fac-opacity-cowan-state,T2855_rho3p75667em16,0.31770761853418134,4.518614157698453e-18,0.31770761853418134,1.5288029619891205e-18,ok,/home/elads/STAR/full_grid_solar_opacity/runs/T2855_rho3p75667em16/fac-opacity-cowan-state/starout.h5
2854.9955412838585,5.398628767382507e-16,fac-opacity-cowan-state,T2855_rho5p39863em16,0.3177076185341909,6.493407229350563e-18,0.3177076185341909,2.196944488425348e-18,ok,/home/elads/STAR/full_grid_solar_opacity/runs/T2855_rho5p39863em16/fac-opacity-cowan-state/starout.h5
2854.9955412838585,7.758250168566793e-16,fac-opacity-cowan-state,T2855_rho7p75825em16,0.31770761853416535,9.331227932660222e-18,0.31770761853416535,3.157079016143113e-18,ok,/home/elads/STAR/full_grid_solar_opacity/runs/T2855_rho7p75825em16/fac-opacity-cowan-state/starout.h5
2854.9955412838585,1.1149209970080914e-15,fac-opacity-cowan-state,T2855_rho1p11492em15,0.31770761853409385,1.3409222570708384e-17,0.31770761853409385,4.5368091086990845e-18,ok,/home/elads/STAR/full_grid_solar_opacity/runs/T2855_rho1p11492em15/fac-opacity-cowan-state/starout.h5
2854.9955412838585,1.6022283408774753e-15,fac-opacity-cowan-state,T2855_rho1p60223em15,0.31770761853416885,1.9269345245885874e-17,0.31770761853416885,6.5194982700576894e-18,ok,/home/elads/STAR/full_grid_solar_opacity/runs/T2855_rho1p60223em15/fac-opacity-cowan-state/starout.h5
2854.9955412838585,2.3025269621793266e-15,fac-opacity-cowan-state,T2855_rho2p30253em15,0.31770761853416685,2.769037841699514e-17,0.3177076185341668,9.368638044972453e-18,ok,/home/elads/STAR/full_grid_solar_opacity/runs/T2855_rho2p30253em15/fac-opacity-cowan-state/starout.h5
2854.9955412838585,3.308910644196489e-15,fac-opacity-cowan-state,T2855_rho3p30891em15,0.3177076185341751,3.979141125547918e-17,0.3177076185341751,1.3462859886463833e-17,ok,/home/elads/STAR/full_grid_solar_opacity/runs/T2855_rho3p30891em15/fac-opacity-cowan-state/starout.h5
2854.9955412838585,4.755162406834019e-15,fac-opacity-cowan-state,T2855_rho4p75516em15,0.31770761853419854,5.718054570235762e-17,0.31770761853419843,1.9346248380241678e-17,ok,/home/elads/STAR/full_grid_solar_opacity/runs/T2855_rho4p75516em15/fac-opacity-cowan-state/starout.h5
2854.9955412838585,6.8335388732923106e-15,fac-opacity-cowan-state,T2855_rho6p83354em15,0.3177076185336986,8.216856930307723e-17,0.3177076185336986,2.78006368089206e-17,ok,/home/elads/STAR/full_grid_solar_opacity/runs/T2855_rho6p83354em15/fac-opacity-cowan-state/starout.h5
2854.9955412838585,9.820327790631256e-15,fac-opacity-cowan-state,T2855_rho9p82033em15,0.31770761853417706,1.180759600625854e-16,0.31770761853417706,3.99494809405686e-17,ok,/home/elads/STAR/full_grid_solar_opacity/runs/T2855_rho9p82033em15/fac-opacity-cowan-state/starout.h5
2854.9955412838585,1.4112576178114521e-14,fac-opacity-cowan-state,T2855_rho1p41126em14,0.31770761853416485,1.6967423994854534e-16,0.31770761853416485,5.740719408804395e-17,ok,/home/elads/STAR/full_grid_solar_opacity/runs/T2855_rho1p41126em14/fac-opacity-cowan-state/starout.h5
2854.9955412838585,2.0280871538024598e-14,fac-opacity-cowan-state,T2855_rho2p02809em14,0.3177076185341554,2.4381978641008574e-16,0.31770761853415547,8.249359360731956e-17,ok,/home/elads/STAR/full_grid_solar_opacity/runs/T2855_rho2p02809em14/fac-opacity-cowan-state/starout.h5
2854.9955412838585,2.914519256800997e-14,fac-opacity-cowan-state,T2855_rho2p91452em14,0.3177076185340727,3.5036498106139216e-16,0.3177076185340728,1.1854219403181792e-16,ok,/home/elads/STAR/full_grid_solar_opacity/runs/T2855_rho2p91452em14/fac-opacity-cowan-state/starout.h5
2854.9955412838585,4.188391254457488e-14,fac-opacity-cowan-state,T2855_rho4p18839em14,0.31770761853415647,5.034673813234135e-16,0.31770761853415663,1.703431735907257e-16,ok,/home/elads/STAR/full_grid_solar_opacity/runs/T2855_rho4p18839em14/fac-opacity-cowan-state/starout.h5
2854.9955412838585,6.019044567806669e-14,fac-opacity-cowan-state,T2855_rho6p01904em14,0.31770761853421714,7.234710590700994e-16,0.31770761853421736,2.4477994165017165e-16,ok,/home/elads/STAR/full_grid_solar_opacity/runs/T2855_rho6p01904em14/fac-opacity-cowan-state/starout.h5
2854.9955412838585,8.649836012976684e-14,fac-opacity-cowan-state,T2855_rho8p64984em14,0.3177076185341559,1.0396104857428603e-15,0.31770761853415624,3.5174402531701977e-16,ok,/home/elads/STAR/full_grid_solar_opacity/runs/T2855_rho8p64984em14/fac-opacity-cowan-state/starout.h5
2854.9955412838585,1.2430488295695167e-13,fac-opacity-cowan-state,T2855_rho1p24305em13,0.3177076185341578,1.4938963699900394e-15,0.31770761853415824,5.054499158886501e-16,ok,/home/elads/STAR/full_grid_solar_opacity/runs/T2855_rho1p24305em13/fac-opacity-cowan-state/starout.h5
2854.9955412838585,1.7863580192457348e-13,fac-opacity-cowan-state,T2855_rho1p78636em13,0.3177076185341579,2.1467017356113136e-15,0.3177076185341586,7.263251647760891e-16,ok,/home/elads/STAR/full_grid_solar_opacity/runs/T2855_rho1p78636em13/fac-opacity-cowan-state/starout.h5
2854.9955412838585,2.567135656310987e-13,fac-opacity-cowan-state,T2855_rho2p56714em13,0.3177076185341498,3.084791758264197e-15,0.3177076185341508,1.0437274546507129e-15,ok,/home/elads/STAR/full_grid_solar_opacity/runs/T2855_rho2p56714em13/fac-opacity-cowan-state/starout.h5
2854.9955412838585,3.6891739544382357e-13,fac-opacity-cowan-state,T2855_rho3p68917em13,0.31770761853414275,4.4328675398900725e-15,0.3177076185341441,1.4998507308546858e-15,ok,/home/elads/STAR/full_grid_solar_opacity/runs/T2855_rho3p68917em13/fac-opacity-cowan-state/starout.h5
2854.9955412838585,5.301630411562758e-13,fac-opacity-cowan-state,T2855_rho5p30163em13,0.3177076185342021,6.370178854475559e-15,0.3177076185342041,2.155346558085285e-15,ok,/home/elads/STAR/full_grid_solar_opacity/runs/T2855_rho5p30163em13/fac-opacity-cowan-state/starout.h5
2854.9955412838585,7.618855973704612e-13,fac-opacity-cowan-state,T2855_rho7p61886em13,0.3177076185341234,9.154398289810733e-15,0.3177076185341263,3.0974025492087498e-15,ok,/home/elads/STAR/full_grid_solar_opacity/runs/T2855_rho7p61886em13/fac-opacity-cowan-state/starout.h5
2854.9955412838585,1.0948889651276868e-12,fac-opacity-cowan-state,T2855_rho1p09489em12,0.3177076185367885,1.3155990214482906e-14,0.31770761853679264,4.451372508344116e-15,ok,/home/elads/STAR/full_grid_solar_opacity/runs/T2855_rho1p09489em12/fac-opacity-cowan-state/starout.h5
2854.9955412838585,1.5734407502856082e-12,fac-opacity-cowan-state,T2855_rho1p57344em12,0.31770761853406104,1.890767461023988e-14,0.317707618534067,6.397514532037506e-15,ok,/home/elads/STAR/full_grid_solar_opacity/runs/T2855_rho1p57344em12/fac-opacity-cowan-state/starout.h5
2854.9955412838585,2.26115695153675e-12,fac-opacity-cowan-state,T2855_rho2p26116em12,0.31770761854229995,2.717563922349878e-14,0.3177076185423084,9.195089403353845e-15,ok,/home/elads/STAR/full_grid_solar_opacity/runs/T2855_rho2p26116em12/fac-opacity-cowan-state/starout.h5
2854.9955412838585,3.249458715591849e-12,fac-opacity-cowan-state,T2855_rho3p24946em12,0.317707618533964,3.906212684706137e-14,0.31770761853397655,1.3217078966176134e-14,ok,/home/elads/STAR/full_grid_solar_opacity/runs/T2855_rho3p24946em12/fac-opacity-cowan-state/starout.h5
2854.9955412838585,4.669725353279713e-12,fac-opacity-cowan-state,T2855_rho4p66973em12,0.3177076185351137,5.6153376456491e-14,0.3177076185351318,1.9000259620191663e-14,ok,/home/elads/STAR/full_grid_solar_opacity/runs/T2855_rho4p66973em12/fac-opacity-cowan-state/starout.h5
2854.9955412838585,6.710759170575148e-12,fac-opacity-cowan-state,T2855_rho6p71076em12,0.31770761853372076,8.07329826245993e-14,0.3177076185337465,2.731741547167531e-14,ok,/home/elads/STAR/full_grid_solar_opacity/runs/T2855_rho6p71076em12/fac-opacity-cowan-state/starout.h5
2854.9955412838585,9.64388379154446e-12,fac-opacity-cowan-state,T2855_rho9p64388em12,0.31770761853352725,1.1609033484594865e-13,0.3177076185335642,3.928175403619631e-14,ok,/home/elads/STAR/full_grid_solar_opacity/runs/T2855_rho9p64388em12/fac-opacity-cowan-state/starout.h5
2854.9955412838585,1.3859012403933867e-11,fac-opacity-cowan-state,T2855_rho1p3859em11,0.31770761853325474,1.6696926713679778e-13,0.3177076185333079,5.649882659453039e-14,ok,/home/elads/STAR/full_grid_solar_opacity/runs/T2855_rho1p3859em11/fac-opacity-cowan-state/starout.h5
2854.9955412838585,1.9916480638308542e-11,fac-opacity-cowan-state,T2855_rho1p99165em11,0.3177076185330191,2.40253196565337e-13,0.3177076185330952,8.129882963058498e-14,ok,/home/elads/STAR/full_grid_solar_opacity/runs/T2855_rho1p99165em11/fac-opacity-cowan-state/starout.h5
2854.9955412838585,2.8621534453892672e-11,fac-opacity-cowan-state,T2855_rho2p86215em11,0.3177076185329907,3.459585841724406e-13,0.31770761853310053,1.170735506675356e-13,ok,/home/elads/STAR/full_grid_solar_opacity/runs/T2855_rho2p86215em11/fac-opacity-cowan-state/starout.h5
2854.9955412838585,4.1131375034185614e-11,fac-opacity-cowan-state,T2855_rho4p11314em11,0.3177076185314963,4.97839513230772e-13,0.31770761853165447,1.6847411632754702e-13,ok,/home/elads/STAR/full_grid_solar_opacity/runs/T2855_rho4p11314em11/fac-opacity-cowan-state/starout.h5
2854.9955412838585,5.910899064227969e-11,fac-opacity-cowan-state,T2855_rho5p9109em11,0.317707618530335,7.159274953216029e-13,0.31770761853056245,2.422755348642418e-13,ok,/home/elads/STAR/full_grid_solar_opacity/runs/T2855_rho5p9109em11/fac-opacity-cowan-state/starout.h5
2854.9955412838585,8.4944224982638e-11,fac-opacity-cowan-state,T2855_rho8p49442em11,0.31770761852136903,1.0299187216237206e-12,0.31770761852169593,3.485297392176882e-13,ok,/home/elads/STAR/full_grid_solar_opacity/runs/T2855_rho8p49442em11/fac-opacity-cowan-state/starout.h5
2854.9955412838585,1.2207146966133182e-10,fac-opacity-cowan-state,T2855_rho1p22071em10,0.31770761852618,1.4806423408855919e-12,0.3177076185266497,5.010452211727145e-13,ok,/home/elads/STAR/full_grid_solar_opacity/runs/T2855_rho1p22071em10/fac-opacity-cowan-state/starout.h5
2854.9955412838585,1.7542621300415897e-10,fac-opacity-cowan-state,T2855_rho1p75426em10,0.3160435000776413,2.1248667242542996e-12,0.3160435000783157,7.19270415741034e-13,ok,/home/elads/STAR/full_grid_solar_opacity/runs/T2855_rho1p75426em10/fac-opacity-cowan-state/starout.h5
2854.9955412838585,2.52101136279913e-10,fac-opacity-cowan-state,T2855_rho2p52101em10,0.31604350007258963,3.054033467587835e-12,0.3160435000735592,1.0335017794576232e-12,ok,/home/elads/STAR/full_grid_solar_opacity/runs/T2855_rho2p52101em10/fac-opacity-cowan-state/starout.h5
2854.9955412838585,3.6228897509242966e-10,fac-opacity-cowan-state,T2855_rho3p62289em10,0.31604350006537424,4.3884977001681326e-12,0.3160435000667676,1.4852956684087131e-12,ok,/home/elads/STAR/full_grid_solar_opacity/runs/T2855_rho3p62289em10/fac-opacity-cowan-state/starout.h5
2854.9955412838585,5.20637484663258e-10,fac-opacity-cowan-state,T2855_rho5p20637em10,0.3160435000550956,6.316594768148765e-12,0.31604350005710063,2.1376567371773646e-12,ok,/home/elads/STAR/full_grid_solar_opacity/runs/T2855_rho5p20637em10/fac-opacity-cowan-state/starout.h5
2854.9955412838585,7.481966305138837e-10,fac-opacity-cowan-state,T2855_rho7p48197em10,0.31604350004040366,9.088639377778989e-12,0.3160435000432877,3.0760263927939633e-12,ok,/home/elads/STAR/full_grid_solar_opacity/runs/T2855_rho7p48197em10/fac-opacity-cowan-state/starout.h5
2854.9955412838585,1.0752168531898921e-09,fac-opacity-cowan-state,T2855_rho1p07522em09,0.3160435000191543,1.3083979681341689e-11,0.3160435000233085,4.427876533543561e-12,ok,/home/elads/STAR/full_grid_solar_opacity/runs/T2855_rho1p07522em09/fac-opacity-cowan-state/starout.h5
2854.9955412838585,1.5451703926941453e-09,fac-opacity-cowan-state,T2855_rho1p54517em09,0.3160434999891538,1.8840913522247705e-11,0.31604349999513487,6.3766855436055015e-12,ok,/home/elads/STAR/full_grid_solar_opacity/runs/T2855_rho1p54517em09/fac-opacity-cowan-state/starout.h5
2854.9955412838585,2.220530245015531e-09,fac-opacity-cowan-state,T2855_rho2p22053em09,0.316043499946147,2.708860647919882e-11,0.3160434999547459,9.166951428518136e-12,ok,/home/elads/STAR/full_grid_solar_opacity/runs/T2855_rho2p22053em09/fac-opacity-cowan-state/starout.h5
2854.9955412838585,3.1910749729235452e-09,fac-opacity-cowan-state,T2855_rho3p19107em09,0.31604349988684144,3.876383107939899e-11,0.3160434998991448,1.3116471496271633e-11,ok,/home/elads/STAR/full_grid_solar_opacity/runs/T2855_rho3p19107em09/fac-opacity-cowan-state/starout.h5
2854.9955412838585,4.585823366142813e-09,fac-opacity-cowan-state,T2855_rho4p58582em09,0.3160434998001639,5.5559480422646593e-11,0.3160434998177931,1.87949373767268e-11,ok,/home/elads/STAR/full_grid_solar_opacity/runs/T2855_rho4p58582em09/fac-opacity-cowan-state/starout.h5
2854.9955412838585,6.590185477903269e-09,fac-opacity-cowan-state,T2855_rho6p59019em09,0.31604349967852835,7.973660240347514e-11,0.31604349970382173,2.6966170004515276e-11,ok,/home/elads/STAR/full_grid_solar_opacity/runs/T2855_rho6p59019em09/fac-opacity-cowan-state/starout.h5
2854.9955412838585,9.470610000772238e-09,fac-opacity-cowan-state,T2855_rho9p47061em09,0.31604349951377303,1.1440050492964051e-10,0.3160434995500661,3.869333629903708e-11,ok,/home/elads/STAR/full_grid_solar_opacity/runs/T2855_rho9p47061em09/fac-opacity-cowan-state/starout.h5
2854.9955412838585,1.3610004466105506e-08,fac-opacity-cowan-state,T2855_rho1p361em08,0.31604349927940023,1.6461532831429703e-10,0.3160434993316155,5.5669520977146054e-11,ok,/home/elads/STAR/full_grid_solar_opacity/runs/T2855_rho1p361em08/fac-opacity-cowan-state/starout.h5
2854.9955412838585,1.9558636830395073e-08,fac-opacity-cowan-state,T2855_rho1p95586em08,0.31604349898161865,2.3706934258164216e-10,0.31604349905682433,8.017813969290286e-11,ok,/home/elads/STAR/full_grid_solar_opacity/runs/T2855_rho1p95586em08/fac-opacity-cowan-state/starout.h5
2854.9955412838585,2.810728502080722e-08,fac-opacity-cowan-state,T2855_rho2p81073em08,0.3160434985820831,3.389402014751587e-10,0.31604349868955783,1.145816521726142e-10,ok,/home/elads/STAR/full_grid_solar_opacity/runs/T2855_rho2p81073em08/fac-opacity-cowan-state/starout.h5
2854.9955412838585,4.039235853150913e-08,fac-opacity-cowan-state,T2855_rho4p03924em08,0.3160434980619959,4.862873166253512e-10,0.31604349821614536,1.6434438799855553e-10,ok,/home/elads/STAR/full_grid_solar_opacity/runs/T2855_rho4p03924em08/fac-opacity-cowan-state/starout.h5
2854.9955412838585,5.804696634805446e-08,fac-opacity-cowan-state,T2855_rho5p8047em08,0.31604349740421733,7.008068275747704e-10,0.3160434976263253,2.3679771207773034e-10,ok,/home/elads/STAR/full_grid_solar_opacity/runs/T2855_rho5p8047em08/fac-opacity-cowan-state/starout.h5
2854.9955412838585,8.341801332506338e-08,fac-opacity-cowan-state,T2855_rho8p3418em08,0.31604349656580105,1.0080794412263688e-09,0.3160434968852341,3.4055849801182083e-10,ok,/home/elads/STAR/full_grid_solar_opacity/runs/T2855_rho8p3418em08/fac-opacity-cowan-state/starout.h5
2854.9955412838585,1.1987818459583772e-07,fac-opacity-cowan-state,T2855_rho1p19878em07,0.3160434955380982,1.4439019492992318e-09,0.31604349599558806,4.877420023959e-10,ok,/home/elads/STAR/full_grid_solar_opacity/runs/T2855_rho1p19878em07/fac-opacity-cowan-state/starout.h5
2854.9955412838585,1.7227429147699408e-07,fac-opacity-cowan-state,T2855_rho1p72274em07,0.3160434942694387,2.0673207857417762e-09,0.31604349492443384,6.98296934364825e-10,ok,/home/elads/STAR/full_grid_solar_opacity/runs/T2855_rho1p72274em07/fac-opacity-cowan-state/starout.h5
2854.9955412838585,2.4757157946593376e-07,fac-opacity-cowan-state,T2855_rho2p47572em07,0.316043492728847,2.9774902837432837e-09,0.31604349367227647,1.005778842215994e-09,ok,/home/elads/STAR/full_grid_solar_opacity/runs/T2855_rho2p47572em07/fac-opacity-cowan-state/starout.h5
2854.9955412838585,3.557796490339488e-07,fac-opacity-cowan-state,T2855_rho3p5578em07,0.31604349086265193,4.3026466535474166e-09,0.3160434922259854,1.4534056862608286e-09,ok,/home/elads/STAR/full_grid_solar_opacity/runs/T2855_rho3p5578em07/fac-opacity-cowan-state/starout.h5
2854.9955412838585,5.112830759482948e-07,fac-opacity-cowan-state,T2855_rho5p11283em07,0.31604348857329584,6.171369591762862e-09,0.31604349052794933,2.0837813536289514e-09,ok,/home/elads/STAR/full_grid_solar_opacity/runs/T2855_rho5p11283em07/fac-opacity-cowan-state/starout.h5
2854.9955412838585,7.347536163492159e-07,fac-opacity-cowan-state,T2855_rho7p34754em07,0.3160434858341745,8.788608968280887e-09,0.3160434886155639,2.965146938346101e-09,ok,/home/elads/STAR/full_grid_solar_opacity/runs/T2855_rho7p34754em07/fac-opacity-cowan-state/starout.h5
2854.9955412838585,1.0558981944335787e-06,fac-opacity-cowan-state,T2855_rho1p0559em06,0.3160434825337455,1.2884203844564356e-08,0.31604348664694903,4.382739112611864e-09,ok,/home/elads/STAR/full_grid_solar_opacity/runs/T2855_rho1p0559em06/fac-opacity-cowan-state/starout.h5
2854.9955412838585,1.517407974863493e-06,fac-opacity-cowan-state,T2855_rho1p51741em06,0.3160434785801442,1.9105373204136047e-08,0.31604348473272403,6.552544768551433e-09,ok,/home/elads/STAR/full_grid_solar_opacity/runs/T2855_rho1p51741em06/fac-opacity-cowan-state/starout.h5
2854.9955412838585,2.1806334875063253e-06,fac-opacity-cowan-state,T2855_rho2p18063em06,0.31604347380879033,2.810785229451791e-08,0.31604348314703634,9.921923410259716e-09,ok,/home/elads/STAR/full_grid_solar_opacity/runs/T2855_rho2p18063em06/fac-opacity-cowan-state/starout.h5
2854.9955412838585,3.1337402238588983e-06,fac-opacity-cowan-state,T2855_rho3p13374em06,0.3160434680859212,4.0588481033205714e-08,0.31604348158881407,1.4345415043375982e-08,ok,/home/elads/STAR/full_grid_solar_opacity/runs/T2855_rho3p13374em06/fac-opacity-cowan-state/starout.h5
2854.9955412838585,4.503428864545845e-06,fac-opacity-cowan-state,T2855_rho4p50343em06,0.3160434611427117,6.741013314729929e-08,0.31604348792281534,2.8145865101614767e-08,ok,/home/elads/STAR/full_grid_solar_opacity/runs/T2855_rho4p50343em06/fac-opacity-cowan-state/starout.h5
2854.9955412838585,6.471778159406801e-06,fac-opacity-cowan-state,T2855_rho6p47178em06,0.31604345276383367,9.778490595828448e-08,0.3160434914712321,4.06887727877629e-08,ok,/home/elads/STAR/full_grid_solar_opacity/runs/T2855_rho6p47178em06/fac-opacity-cowan-state/starout.h5
2854.9955412838585,9.300449458481393e-06,fac-opacity-cowan-state,T2855_rho9p30045em06,0.31604344256315825,1.408364786158723e-07,0.31604349815066873,5.844073562898032e-08,ok,/home/elads/STAR/full_grid_solar_opacity/runs/T2855_rho9p30045em06/fac-opacity-cowan-state/starout.h5
2854.9955412838585,1.3365470508911143e-05,fac-opacity-cowan-state,T2855_rho1p33655em05,0.3160434308320026,2.002364026509182e-07,0.316043509877611,8.309863688835288e-08,ok,/home/elads/STAR/full_grid_solar_opacity/runs/T2855_rho1p33655em05/fac-opacity-cowan-state/starout.h5
2854.9955412838585,1.920722248123928e-05,fac-opacity-cowan-state,T2855_rho1p92072em05,0.316043415686598,2.8703640117532367e-07,0.31604352876659175,1.1888537025669334e-07,ok,/home/elads/STAR/full_grid_solar_opacity/runs/T2855_rho1p92072em05/fac-opacity-cowan-state/starout.h5
2854.9955412838585,2.760227522090268e-05,fac-opacity-cowan-state,T2855_rho2p76023em05,0.316043398475125,4.1614882589465304e-07,0.31604356228207364,1.7221627542070512e-07,ok,/home/elads/STAR/full_grid_solar_opacity/runs/T2855_rho2p76023em05/fac-opacity-cowan-state/starout.h5
2854.9955412838585,3.966662010161191e-05,fac-opacity-cowan-state,T2855_rho3p96666em05,0.3160433757243443,5.97241888090066e-07,0.31604361053017566,2.468382352679178e-07,ok,/home/elads/STAR/full_grid_solar_opacity/runs/T2855_rho3p96666em05/fac-opacity-cowan-state/starout.h5
2854.9955412838585,5.7004023678963655e-05,fac-opacity-cowan-state,T2855_rho5p7004em05,0.3160433477519433,8.543331808812973e-07,0.3160436837214153,3.5310473913226016e-07,ok,/home/elads/STAR/full_grid_solar_opacity/runs/T2855_rho5p7004em05/fac-opacity-cowan-state/starout.h5
2854.9955412838585,8.191922344953684e-05,fac-opacity-cowan-state,T2855_rho8p19192em05,0.31604333154760006,1.2300172837650975e-06,0.3160438145985025,5.076135676533202e-07,ok,/home/elads/STAR/full_grid_solar_opacity/runs/T2855_rho8p19192em05/fac-opacity-cowan-state/starout.h5
2854.9955412838585,0.00011772430676769293,fac-opacity-cowan-state,T2855_rho0p000117724,0.3160433499858856,1.756117334631595e-06,0.31604403706114353,7.220162567313883e-07,ok,/home/elads/STAR/full_grid_solar_opacity/runs/T2855_rho0p000117724/fac-opacity-cowan-state/starout.h5
2854.9955412838585,0.00016917900122028344,fac-opacity-cowan-state,T2855_rho0p000169179,0.3160433081861176,2.512879808109167e-06,0.3160442840521998,1.0257467456782507e-06,ok,/home/elads/STAR/full_grid_solar_opacity/runs/T2855_rho0p000169179/fac-opacity-cowan-state/starout.h5
2854.9955412838585,0.0002431234061999784,fac-opacity-cowan-state,T2855_rho0p000243123,0.3160432497585639,3.5941896397286754e-06,0.31604463741663014,1.4587087041888978e-06,ok,/home/elads/STAR/full_grid_solar_opacity/runs/T2855_rho0p000243123/fac-opacity-cowan-state/starout.h5
2854.9955412838585,0.0003493872774749123,fac-opacity-cowan-state,T2855_rho0p000349387,0.31604317303261953,5.149452279290076e-06,0.31604515833696045,2.0862688772942397e-06,ok,/home/elads/STAR/full_grid_solar_opacity/runs/T2855_rho0p000349387/fac-opacity-cowan-state/starout.h5
2854.9955412838585,0.0005020967399614471,fac-opacity-cowan-state,T2855_rho0p000502097,0.3160430564426949,7.366926914081922e-06,0.3160458851073851,2.9719542521853284e-06,ok,/home/elads/STAR/full_grid_solar_opacity/runs/T2855_rho0p000502097/fac-opacity-cowan-state/starout.h5
2854.9955412838585,0.0007215521357901021,fac-opacity-cowan-state,T2855_rho0p000721552,0.3160429432420105,1.0490853457822993e-05,0.3160469216344464,4.18140062237042e-06,ok,/home/elads/STAR/full_grid_solar_opacity/runs/T2855_rho0p000721552/fac-opacity-cowan-state/starout.h5
2854.9955412838585,0.0010369266382873438,fac-opacity-cowan-state,T2855_rho0p00103693,0.31604276165854467,1.4988125872075966e-05,0.316048418235146,5.9433188985423925e-06,ok,/home/elads/STAR/full_grid_solar_opacity/runs/T2855_rho0p00103693/fac-opacity-cowan-state/starout.h5
2854.9955412838585,0.0014901443705277455,fac-opacity-cowan-state,T2855_rho0p00149014,0.31604250603489814,2.1362826106683826e-05,0.3160504948548756,8.392987235846238e-06,ok,/home/elads/STAR/full_grid_solar_opacity/runs/T2855_rho0p00149014/fac-opacity-cowan-state/starout.h5
2854.9955412838585,0.002141453563853953,fac-opacity-cowan-state,T2855_rho0p00214145,0.3160421422559813,3.038862816100722e-05,0.31605336191902594,1.1787934392042e-05,ok,/home/elads/STAR/full_grid_solar_opacity/runs/T2855_rho0p00214145/fac-opacity-cowan-state/starout.h5
2854.9955412838585,0.003077435620898055,fac-opacity-cowan-state,T2855_rho0p00307744,0.3160416575322222,4.325705284910685e-05,0.3160574624347651,1.6601146599733308e-05,ok,/home/elads/STAR/full_grid_solar_opacity/runs/T2855_rho0p00307744/fac-opacity-cowan-state/starout.h5
2854.9955412838585,0.004422514763163053,fac-opacity-cowan-state,T2855_rho0p00442251,0.3160410134428808,6.151970534173363e-05,0.31606321172344326,2.3310869149689884e-05,ok,/home/elads/STAR/full_grid_solar_opacity/runs/T2855_rho0p00442251/fac-opacity-cowan-state/starout.h5
2854.9955412838585,0.006355498291362301,fac-opacity-cowan-state,T2855_rho0p0063555,0.3160401424033562,8.727113607093842e-05,0.3160710167085445,3.242648210231716e-05,ok,/home/elads/STAR/full_grid_solar_opacity/runs/T2855_rho0p0063555/fac-opacity-cowan-state/starout.h5
2854.9955412838585,0.009133346228248624,fac-opacity-cowan-state,T2855_rho0p00913335,0.3160389647872455,0.00012412562962682905,0.3160822180721676,4.541226288453846e-05,ok,/home/elads/STAR/full_grid_solar_opacity/runs/T2855_rho0p00913335/fac-opacity-cowan-state/starout.h5
2854.9955412838585,0.01312533014735226,fac-opacity-cowan-state,T2855_rho0p0131253,0.3160374196977584,0.00017665307035549658,0.31609799597966803,6.35729096636994e-05,ok,/home/elads/STAR/full_grid_solar_opacity/runs/T2855_rho0p0131253/fac-opacity-cowan-state/starout.h5
2854.9955412838585,0.018862122071335155,fac-opacity-cowan-state,T2855_rho0p0188621,0.316035366444197,0.00025122344607552295,0.3161197742855268,8.855685053664849e-05,ok,/home/elads/STAR/full_grid_solar_opacity/runs/T2855_rho0p0188621/fac-opacity-cowan-state/starout.h5
2854.9955412838585,0.02710633904364831,fac-opacity-cowan-state,T2855_rho0p0271063,0.3160325958996812,0.00035750089961596437,0.31614995563174453,0.00012309519364244774,ok,/home/elads/STAR/full_grid_solar_opacity/runs/T2855_rho0p0271063/fac-opacity-cowan-state/starout.h5
2854.9955412838585,0.038953921174427183,fac-opacity-cowan-state,T2855_rho0p0389539,0.3160288171190462,0.0005101420993040324,0.31619311170775205,0.00017219191349794534,ok,/home/elads/STAR/full_grid_solar_opacity/runs/T2855_rho0p0389539/fac-opacity-cowan-state/starout.h5
2854.9955412838585,0.0559798197912329,fac-opacity-cowan-state,T2855_rho0p0559798,0.3160236090912649,0.0007259593212836996,0.3162504328054764,0.0002376649922168271,ok,/home/elads/STAR/full_grid_solar_opacity/runs/T2855_rho0p0559798/fac-opacity-cowan-state/starout.h5
2854.9955412838585,0.08044736266284185,fac-opacity-cowan-state,T2855_rho0p0804474,0.31601634664080597,0.0010350605514538186,0.3163308407019678,0.00032928847798510376,ok,/home/elads/STAR/full_grid_solar_opacity/runs/T2855_rho0p0804474/fac-opacity-cowan-state/starout.h5
2854.9955412838585,0.11560912813835741,fac-opacity-cowan-state,T2855_rho0p115609,0.3160061456925498,0.0014735048092880502,0.316437805340899,0.00045174328808079343,ok,/home/elads/STAR/full_grid_solar_opacity/runs/T2855_rho0p115609/fac-opacity-cowan-state/starout.h5
2854.9955412838585,0.1661393247274789,fac-opacity-cowan-state,T2855_rho0p166139,0.31599184225496163,0.0020970237787098244,0.31658089439571174,0.0006161305621359926,ok,/home/elads/STAR/full_grid_solar_opacity/runs/T2855_rho0p166139/fac-opacity-cowan-state/starout.h5
2854.9955412838585,0.23875515424585794,fac-opacity-cowan-state,T2855_rho0p238755,0.31597181008345326,0.0029822401849863758,0.3167713008003744,0.0008356080316686159,ok,/home/elads/STAR/full_grid_solar_opacity/runs/T2855_rho0p238755/fac-opacity-cowan-state/starout.h5
2854.9955412838585,0.34310975906798746,fac-opacity-cowan-state,T2855_rho0p34311,0.31594035457731345,0.004248274062150329,0.3170226340848112,0.0011301866872690817,ok,/home/elads/STAR/full_grid_solar_opacity/runs/T2855_rho0p34311/fac-opacity-cowan-state/starout.h5
2854.9955412838585,0.49307545690287347,fac-opacity-cowan-state,T2855_rho0p493075,0.3158980926104486,0.006053437227043383,0.31735620323067326,0.0015209465668033304,ok,/home/elads/STAR/full_grid_solar_opacity/runs/T2855_rho0p493075/fac-opacity-cowan-state/starout.h5
2854.9955412838585,0.7085878491488851,fac-opacity-cowan-state,T2855_rho0p708588,0.31583803845341535,0.008632661766899934,0.3177966062199889,0.0020399419368190936,ok,/home/elads/STAR/full_grid_solar_opacity/runs/T2855_rho0p708588/fac-opacity-cowan-state/starout.h5
2854.9955412838585,1.0182959482819007,fac-opacity-cowan-state,T2855_rho1p0183,0.3157530706912446,0.012323295762608792,0.31837850125755884,0.002729214421515558,ok,/home/elads/STAR/full_grid_solar_opacity/runs/T2855_rho1p0183/fac-opacity-cowan-state/starout.h5
2854.9955412838585,1.4633706173946401,fac-opacity-cowan-state,T2855_rho1p46337,0.31563319477193597,0.017607940458213615,0.3191460104041759,0.0036426871642465048,ok,/home/elads/STAR/full_grid_solar_opacity/runs/T2855_rho1p46337/fac-opacity-cowan-state/starout.h5
2854.9955412838585,2.1029775945461404,fac-opacity-cowan-state,T2855_rho2p10298,0.31546465085251996,0.02518392384494178,0.32015995753460097,0.004854085325366187,ok,/home/elads/STAR/full_grid_solar_opacity/runs/T2855_rho2p10298/fac-opacity-cowan-state/starout.h5
2854.9955412838585,3.0221426551783854,fac-opacity-cowan-state,T2855_rho3p02214,0.31522859296203054,0.03603987401468142,0.3214903828691717,0.006449968771295149,ok,/home/elads/STAR/full_grid_solar_opacity/runs/T2855_rho3p02214/fac-opacity-cowan-state/starout.h5
2854.9955412838585,4.343054463316713,fac-opacity-cowan-state,T2855_rho4p34305,0.31489985693902417,0.05159853689583126,0.3232329296035071,0.008546994937169851,ok,/home/elads/STAR/full_grid_solar_opacity/runs/T2855_rho4p34305/fac-opacity-cowan-state/starout.h5
2854.9955412838585,6.241307649397467,fac-opacity-cowan-state,T2855_rho6p24131,0.31444422337585415,0.073888824309818,0.32550581128316947,0.01129050801967108,ok,/home/elads/STAR/full_grid_solar_opacity/runs/T2855_rho6p24131/fac-opacity-cowan-state/starout.h5
2854.9955412838585,8.969245378672715,fac-opacity-cowan-state,T2855_rho8p96925,0.3138179977984097,0.1057856872030591,0.32844658351953093,0.014850315777325375,ok,/home/elads/STAR/full_grid_solar_opacity/runs/T2855_rho8p96925/fac-opacity-cowan-state/starout.h5
2854.9955412838585,12.889504440725364,fac-opacity-cowan-state,T2855_rho12p8895,0.31296437880347217,0.15138281324943734,0.3322368542232194,0.019448399787507273,ok,/home/elads/STAR/full_grid_solar_opacity/runs/T2855_rho12p8895/fac-opacity-cowan-state/starout.h5
2854.9955412838585,18.52322215674118,fac-opacity-cowan-state,T2855_rho18p5232,0.3118127986791477,0.21645839352684498,0.3370987038568125,0.02535463198744843,ok,/home/elads/STAR/full_grid_solar_opacity/runs/T2855_rho18p5232/fac-opacity-cowan-state/starout.h5
2854.9955412838585,26.61931346126126,fac-opacity-cowan-state,T2855_rho26p6193,0.31027918823000755,0.3091227426249133,0.34330073094822183,0.03289220671166277,ok,/home/elads/STAR/full_grid_solar_opacity/runs/T2855_rho26p6193/fac-opacity-cowan-state/starout.h5
2854.9955412838585,38.254027466328665,fac-opacity-cowan-state,T2855_rho38p254,0.30826819459809324,0.4406743708387492,0.35117416222814873,0.04245316429659915,ok,/home/elads/STAR/full_grid_solar_opacity/runs/T2855_rho38p254/fac-opacity-cowan-state/starout.h5
2854.9955412838585,54.97401800103719,fac-opacity-cowan-state,T2855_rho54p974,0.3056825516156786,0.6267110532754626,0.3611447494655129,0.054525732560116134,ok,/home/elads/STAR/full_grid_solar_opacity/runs/T2855_rho54p974/fac-opacity-cowan-state/starout.h5
2854.9955412838585,79.0019471240894,fac-opacity-cowan-state,T2855_rho79p0019,0.30243999118486853,0.8884308231917278,0.3737440677241661,0.06969749530191871,ok,/home/elads/STAR/full_grid_solar_opacity/runs/T2855_rho79p0019/fac-opacity-cowan-state/starout.h5
2854.9955412838585,113.53195339077567,fac-opacity-cowan-state,T2855_rho113p532,0.2985005757315548,1.2540312074391538,0.3896505313244829,0.08868467169605503,ok,/home/elads/STAR/full_grid_solar_opacity/runs/T2855_rho113p532/fac-opacity-cowan-state/starout.h5
2854.9955412838585,163.15426277379785,fac-opacity-cowan-state,T2855_rho163p154,0.29390896389429066,1.7599423804953642,0.40972654844601814,0.11234813877974166,ok,/home/elads/STAR/full_grid_solar_opacity/runs/T2855_rho163p154/fac-opacity-cowan-state/starout.h5
2854.9955412838585,234.46538763970608,fac-opacity-cowan-state,T2855_rho234p465,0.28878946455225823,2.4511135778669155,0.43504929106076523,0.14175567347201293,ok,/home/elads/STAR/full_grid_solar_opacity/runs/T2855_rho234p465/fac-opacity-cowan-state/starout.h5
2854.9955412838585,336.94503022121665,fac-opacity-cowan-state,T2855_rho336p945,0.2837255184533047,3.379200522542111,0.4673818434445381,0.17827026276089544,ok,/home/elads/STAR/full_grid_solar_opacity/runs/T2855_rho336p945/fac-opacity-cowan-state/starout.h5
2854.9955412838585,484.21626123015125,fac-opacity-cowan-state,T2855_rho484p216,0.2789980900386823,4.5961055904143695,0.5082901758134707,0.2234657407529237,ok,/home/elads/STAR/full_grid_solar_opacity/runs/T2855_rho484p216/fac-opacity-cowan-state/starout.h5
2854.9955412838585,695.8564947100452,fac-opacity-cowan-state,T2855_rho695p856,0.27565810285383674,6.142644136845874,0.5606728941808409,0.27946549289747974,ok,/home/elads/STAR/full_grid_solar_opacity/runs/T2855_rho695p856/fac-opacity-cowan-state/starout.h5
2854.9955412838585,1000.0,fac-opacity-cowan-state,T2855_rho1000,0.27441496561147644,8.025574551048281,0.6274436746737604,0.34871806265532773,ok,/home/elads/STAR/full_grid_solar_opacity/runs/T2855_rho1000/fac-opacity-cowan-state/starout.h5
3143.0104718708276,1e-17,fac-opacity-cowan-state,T3143p01_rho1em17,0.3154480944783666,8.829753535924178e-20,0.3154480944783666,2.968574508805276e-20,ok,/home/elads/STAR/full_grid_solar_opacity/runs/T3143p01_rho1em17/fac-opacity-cowan-state/starout.h5
3143.0104718708276,1.4370779141993746e-17,fac-opacity-cowan-state,T3143p01_rho1p43708em17,0.3154480944783672,1.2531406001324608e-19,0.3154480944783672,4.2116889686010106e-20,ok,/home/elads/STAR/full_grid_solar_opacity/runs/T3143p01_rho1p43708em17/fac-opacity-cowan-state/starout.h5
3143.0104718708276,2.065192931479625e-17,fac-opacity-cowan-state,T3143p01_rho2p06519em17,0.3154480944783668,1.785117403611435e-19,0.3154480944783668,5.998212781218912e-20,ok,/home/elads/STAR/full_grid_solar_opacity/runs/T3143p01_rho2p06519em17/fac-opacity-cowan-state/starout.h5
3143.0104718708276,2.9678431503900313e-17,fac-opacity-cowan-state,T3143p01_rho2p96784em17,0.31544809447839367,2.551012863810131e-19,0.31544809447839367,8.570231877399753e-20,ok,/home/elads/STAR/full_grid_solar_opacity/runs/T3143p01_rho2p96784em17/fac-opacity-cowan-state/starout.h5
3143.0104718708276,4.2650218442334076e-17,fac-opacity-cowan-state,T3143p01_rho4p26502em17,0.31544809447840017,3.6536135322471535e-19,0.31544809447840017,1.2272874200477617e-19,ok,/home/elads/STAR/full_grid_solar_opacity/runs/T3143p01_rho4p26502em17/fac-opacity-cowan-state/starout.h5
3143.0104718708276,6.129168695925715e-17,fac-opacity-cowan-state,T3143p01_rho6p12917em17,0.31544809447836764,5.244343558851286e-19,0.31544809447836764,1.76155163750084e-19,ok,/home/elads/STAR/full_grid_solar_opacity/runs/T3143p01_rho6p12917em17/fac-opacity-cowan-state/starout.h5
3143.0104718708276,8.808092965317026e-17,fac-opacity-cowan-state,T3143p01_rho8p80809em17,0.3154480944783184,7.536407303461338e-19,0.3154480944783184,2.5314461038492154e-19,ok,/home/elads/STAR/full_grid_solar_opacity/runs/T3143p01_rho8p80809em17/fac-opacity-cowan-state/starout.h5
3143.0104718708276,1.2657915866672028e-16,fac-opacity-cowan-state,T3143p01_rho1p26579em16,0.3154480944783668,1.0830214186125624e-18,0.3154480944783668,3.637822007702522e-19,ok,/home/elads/STAR/full_grid_solar_opacity/runs/T3143p01_rho1p26579em16/fac-opacity-cowan-state/starout.h5
3143.0104718708276,1.819041133178821e-16,fac-opacity-cowan-state,T3143p01_rho1p81904em16,0.3154480944783666,1.5563556872503548e-18,0.3154480944783665,5.227732414477612e-19,ok,/home/elads/STAR/full_grid_solar_opacity/runs/T3143p01_rho1p81904em16/fac-opacity-cowan-state/starout.h5
3143.0104718708276,2.6141038375114865e-16,fac-opacity-cowan-state,T3143p01_rho2p6141em16,0.3154480944783654,2.236555920000928e-18,0.31544809447836536,7.512497890653514e-19,ok,/home/elads/STAR/full_grid_solar_opacity/runs/T3143p01_rho2p6141em16/fac-opacity-cowan-state/starout.h5
3143.0104718708276,3.7566708903116036e-16,fac-opacity-cowan-state,T3143p01_rho3p75667em16,0.3154480944783744,3.2140287395550654e-18,0.31544809447837435,1.0795791311397641e-18,ok,/home/elads/STAR/full_grid_solar_opacity/runs/T3143p01_rho3p75667em16/fac-opacity-cowan-state/starout.h5
3143.0104718708276,5.398628767382507e-16,fac-opacity-cowan-state,T3143p01_rho5p39863em16,0.3154480944783655,4.618688701268458e-18,0.31544809447836547,1.5513991942165736e-18,ok,/home/elads/STAR/full_grid_solar_opacity/runs/T3143p01_rho5p39863em16/fac-opacity-cowan-state/starout.h5
3143.0104718708276,7.758250168566793e-16,fac-opacity-cowan-state,T3143p01_rho7p75825em16,0.31544809447838484,6.637225420982156e-18,0.31544809447838484,2.2294185085970698e-18,ok,/home/elads/STAR/full_grid_solar_opacity/runs/T3143p01_rho7p75825em16/fac-opacity-cowan-state/starout.h5
3143.0104718708276,1.1149209970080914e-15,fac-opacity-cowan-state,T3143p01_rho1p11492em15,0.31544809447836875,9.537910580580625e-18,0.31544809447836875,3.203748980354302e-18,ok,/home/elads/STAR/full_grid_solar_opacity/runs/T3143p01_rho1p11492em15/fac-opacity-cowan-state/starout.h5
3143.0104718708276,1.6022283408774753e-15,fac-opacity-cowan-state,T3143p01_rho1p60223em15,0.3154480944783665,1.3706250250058806e-17,0.3154480944783666,4.603881534159189e-18,ok,/home/elads/STAR/full_grid_solar_opacity/runs/T3143p01_rho1p60223em15/fac-opacity-cowan-state/starout.h5
3143.0104718708276,2.3025269621793266e-15,fac-opacity-cowan-state,T3143p01_rho2p30253em15,0.31544809447836136,1.969621748007892e-17,0.31544809447836136,6.615894900760447e-18,ok,/home/elads/STAR/full_grid_solar_opacity/runs/T3143p01_rho2p30253em15/fac-opacity-cowan-state/starout.h5
3143.0104718708276,3.308910644196489e-15,fac-opacity-cowan-state,T3143p01_rho3p30891em15,0.3154480944783624,2.8303862534828683e-17,0.31544809447836253,9.50718196620617e-18,ok,/home/elads/STAR/full_grid_solar_opacity/runs/T3143p01_rho3p30891em15/fac-opacity-cowan-state/starout.h5
3143.0104718708276,4.755162406834019e-15,fac-opacity-cowan-state,T3143p01_rho4p75516em15,0.3154480944783633,4.067310187347726e-17,0.3154480944783633,1.3661984235337765e-17,ok,/home/elads/STAR/full_grid_solar_opacity/runs/T3143p01_rho4p75516em15/fac-opacity-cowan-state/starout.h5
3143.0104718708276,6.8335388732923106e-15,fac-opacity-cowan-state,T3143p01_rho6p83354em15,0.3154480944783574,5.844771934454502e-17,0.3154480944783574,1.9632450541870464e-17,ok,/home/elads/STAR/full_grid_solar_opacity/runs/T3143p01_rho6p83354em15/fac-opacity-cowan-state/starout.h5
3143.0104718708276,9.820327790631256e-15,fac-opacity-cowan-state,T3143p01_rho9p82033em15,0.31544809447833816,8.398977808912029e-17,0.31544809447833816,2.821200179718753e-17,ok,/home/elads/STAR/full_grid_solar_opacity/runs/T3143p01_rho9p82033em15/fac-opacity-cowan-state/starout.h5
3143.0104718708276,1.4112576178114521e-14,fac-opacity-cowan-state,T3143p01_rho1p41126em14,0.3154480944783635,1.2069358363549552e-16,0.3154480944783635,4.0540795999384536e-17,ok,/home/elads/STAR/full_grid_solar_opacity/runs/T3143p01_rho1p41126em14/fac-opacity-cowan-state/starout.h5
3143.0104718708276,2.0280871538024598e-14,fac-opacity-cowan-state,T3143p01_rho2p02809em14,0.3154480944783649,1.7343660500681094e-16,0.315448094478365,5.825719596518358e-17,ok,/home/elads/STAR/full_grid_solar_opacity/runs/T3143p01_rho2p02809em14/fac-opacity-cowan-state/starout.h5
3143.0104718708276,2.914519256800997e-14,fac-opacity-cowan-state,T3143p01_rho2p91452em14,0.3154480944783569,2.492276853925548e-16,0.3154480944783569,8.371551084744855e-17,ok,/home/elads/STAR/full_grid_solar_opacity/runs/T3143p01_rho2p91452em14/fac-opacity-cowan-state/starout.h5
3143.0104718708276,4.188391254457488e-14,fac-opacity-cowan-state,T3143p01_rho4p18839em14,0.31544809447836314,3.581383895528168e-16,0.3154480944783633,1.2029885117210002e-16,ok,/home/elads/STAR/full_grid_solar_opacity/runs/T3143p01_rho4p18839em14/fac-opacity-cowan-state/starout.h5
3143.0104718708276,6.019044567806669e-14,fac-opacity-cowan-state,T3143p01_rho6p01904em14,0.31544809447835803,5.146414548555379e-16,0.31544809447835814,1.7286873460833398e-16,ok,/home/elads/STAR/full_grid_solar_opacity/runs/T3143p01_rho6p01904em14/fac-opacity-cowan-state/starout.h5
3143.0104718708276,8.649836012976684e-14,fac-opacity-cowan-state,T3143p01_rho8p64984em14,0.3154480944783564,7.39534285335115e-16,0.3154480944783567,2.4841122257485847e-16,ok,/home/elads/STAR/full_grid_solar_opacity/runs/T3143p01_rho8p64984em14/fac-opacity-cowan-state/starout.h5
3143.0104718708276,1.2430488295695167e-13,fac-opacity-cowan-state,T3143p01_rho1p24305em13,0.31544809447836236,1.062703143676624e-15,0.3154480944783627,3.56965488163513e-16,ok,/home/elads/STAR/full_grid_solar_opacity/runs/T3143p01_rho1p24305em13/fac-opacity-cowan-state/starout.h5
3143.0104718708276,1.7863580192457348e-13,fac-opacity-cowan-state,T3143p01_rho1p78636em13,0.31544809447837907,1.5270968106037485e-15,0.3154480944783795,5.129586228424686e-16,ok,/home/elads/STAR/full_grid_solar_opacity/runs/T3143p01_rho1p78636em13/fac-opacity-cowan-state/starout.h5
3143.0104718708276,2.567135656310987e-13,fac-opacity-cowan-state,T3143p01_rho2p56714em13,0.31544809449400435,2.1944377541648146e-15,0.315448094494005,7.371241857690348e-16,ok,/home/elads/STAR/full_grid_solar_opacity/runs/T3143p01_rho2p56714em13/fac-opacity-cowan-state/starout.h5
3143.0104718708276,3.6891739544382357e-13,fac-opacity-cowan-state,T3143p01_rho3p68917em13,0.3154480944783484,3.1534324181074296e-15,0.31544809447834926,1.0592603269225492e-15,ok,/home/elads/STAR/full_grid_solar_opacity/runs/T3143p01_rho3p68917em13/fac-opacity-cowan-state/starout.h5
3143.0104718708276,5.301630411562758e-13,fac-opacity-cowan-state,T3143p01_rho5p30163em13,0.3154480944783543,4.531584312537457e-15,0.31544809447835565,1.5221980871977329e-15,ok,/home/elads/STAR/full_grid_solar_opacity/runs/T3143p01_rho5p30163em13/fac-opacity-cowan-state/starout.h5
3143.0104718708276,7.618855973704612e-13,fac-opacity-cowan-state,T3143p01_rho7p61886em13,0.315448094478407,6.5121702514719776e-15,0.315448094478409,2.1875043237758233e-15,ok,/home/elads/STAR/full_grid_solar_opacity/runs/T3143p01_rho7p61886em13/fac-opacity-cowan-state/starout.h5
3143.0104718708276,1.0948889651276868e-12,fac-opacity-cowan-state,T3143p01_rho1p09489em12,0.3154480944783139,9.358674384861042e-15,0.31544809447831684,3.1436901635459905e-15,ok,/home/elads/STAR/full_grid_solar_opacity/runs/T3143p01_rho1p09489em12/fac-opacity-cowan-state/starout.h5
3143.0104718708276,1.5734407502856082e-12,fac-opacity-cowan-state,T3143p01_rho1p57344em12,0.31544809447831,1.3449949208900628e-14,0.3154480944783143,4.518023014038758e-15,ok,/home/elads/STAR/full_grid_solar_opacity/runs/T3143p01_rho1p57344em12/fac-opacity-cowan-state/starout.h5
3143.0104718708276,2.26115695153675e-12,fac-opacity-cowan-state,T3143p01_rho2p26116em12,0.31544809426614917,1.933082479419391e-14,0.31544809426615517,6.493528650714152e-15,ok,/home/elads/STAR/full_grid_solar_opacity/runs/T3143p01_rho2p26116em12/fac-opacity-cowan-state/starout.h5
3143.0104718708276,3.249458715591849e-12,fac-opacity-cowan-state,T3143p01_rho3p24946em12,0.3154480944781828,2.7784995007298058e-14,0.31544809447819144,9.333479330508518e-15,ok,/home/elads/STAR/full_grid_solar_opacity/runs/T3143p01_rho3p24946em12/fac-opacity-cowan-state/starout.h5
3143.0104718708276,4.669725353279713e-12,fac-opacity-cowan-state,T3143p01_rho4p66973em12,0.31544809447813826,3.994006741672388e-14,0.3154480944781507,1.3416689477883795e-14,ok,/home/elads/STAR/full_grid_solar_opacity/runs/T3143p01_rho4p66973em12/fac-opacity-cowan-state/starout.h5
3143.0104718708276,6.710759170575148e-12,fac-opacity-cowan-state,T3143p01_rho6p71076em12,0.31544809447799016,5.741897059375453e-14,0.3154480944780083,1.928838793846519e-14,ok,/home/elads/STAR/full_grid_solar_opacity/runs/T3143p01_rho6p71076em12/fac-opacity-cowan-state/starout.h5
3143.0104718708276,9.64388379154446e-12,fac-opacity-cowan-state,T3143p01_rho9p64388em12,0.3154480944778257,8.255856187686999e-14,0.3154480944778515,2.773367657258064e-14,ok,/home/elads/STAR/full_grid_solar_opacity/runs/T3143p01_rho9p64388em12/fac-opacity-cowan-state/starout.h5
3143.0104718708276,1.3859012403933867e-11,fac-opacity-cowan-state,T3143p01_rho1p3859em11,0.31544809447757527,1.187275584908364e-13,0.3154480944776122,3.9884395521382545e-14,ok,/home/elads/STAR/full_grid_solar_opacity/runs/T3143p01_rho1p3859em11/fac-opacity-cowan-state/starout.h5
3143.0104718708276,1.9916480638308542e-11,fac-opacity-cowan-state,T3143p01_rho1p99165em11,0.3154480944745629,1.7080761649514656e-13,0.3154480944746162,5.738098015351962e-14,ok,/home/elads/STAR/full_grid_solar_opacity/runs/T3143p01_rho1p99165em11/fac-opacity-cowan-state/starout.h5
3143.0104718708276,2.8621534453892672e-11,fac-opacity-cowan-state,T3143p01_rho2p86215em11,0.31544809447716576,2.458741972378246e-13,0.3154480944772428,8.260148469111303e-14,ok,/home/elads/STAR/full_grid_solar_opacity/runs/T3143p01_rho2p86215em11/fac-opacity-cowan-state/starout.h5
3143.0104718708276,4.1131375034185614e-11,fac-opacity-cowan-state,T3143p01_rho4p11314em11,0.31544809447603395,3.5373530403873517e-13,0.3154480944761449,1.1883906759476886e-13,ok,/home/elads/STAR/full_grid_solar_opacity/runs/T3143p01_rho4p11314em11/fac-opacity-cowan-state/starout.h5
3143.0104718708276,5.910899064227969e-11,fac-opacity-cowan-state,T3143p01_rho5p9109em11,0.3154480944750537,5.086249956671273e-13,0.3154480944752131,1.7087345652100816e-13,ok,/home/elads/STAR/full_grid_solar_opacity/runs/T3143p01_rho5p9109em11/fac-opacity-cowan-state/starout.h5
3143.0104718708276,8.4944224982638e-11,fac-opacity-cowan-state,T3143p01_rho8p49442em11,0.3154480944736272,7.315525962961249e-13,0.3154480944738564,2.457641250341533e-13,ok,/home/elads/STAR/full_grid_solar_opacity/runs/T3143p01_rho8p49442em11/fac-opacity-cowan-state/starout.h5
3143.0104718708276,1.2207146966133182e-10,fac-opacity-cowan-state,T3143p01_rho1p22071em10,0.31544809447169997,1.051655678877623e-12,0.31544809447202943,3.5329564907013124e-13,ok,/home/elads/STAR/full_grid_solar_opacity/runs/T3143p01_rho1p22071em10/fac-opacity-cowan-state/starout.h5
3143.0104718708276,1.7542621300415897e-10,fac-opacity-cowan-state,T3143p01_rho1p75426em10,0.3154480944685703,1.5106653072472165e-12,0.3154480944690434,5.074869641106639e-13,ok,/home/elads/STAR/full_grid_solar_opacity/runs/T3143p01_rho1p75426em10/fac-opacity-cowan-state/starout.h5
3143.0104718708276,2.52101136279913e-10,fac-opacity-cowan-state,T3143p01_rho2p52101em10,0.3136291270998698,2.173966555722533e-12,0.31362912710054985,7.29876899373011e-13,ok,/home/elads/STAR/full_grid_solar_opacity/runs/T3143p01_rho2p52101em10/fac-opacity-cowan-state/starout.h5
3143.0104718708276,3.6228897509242966e-10,fac-opacity-cowan-state,T3143p01_rho3p62289em10,0.31362912709354634,3.1187559282497313e-12,0.31362912709452284,1.047700926840322e-12,ok,/home/elads/STAR/full_grid_solar_opacity/runs/T3143p01_rho3p62289em10/fac-opacity-cowan-state/starout.h5
3143.0104718708276,5.20637484663258e-10,fac-opacity-cowan-state,T3143p01_rho5p20637em10,0.3136291270836035,4.488711182767028e-12,0.3136291270850087,1.5076314847566163e-12,ok,/home/elads/STAR/full_grid_solar_opacity/runs/T3143p01_rho5p20637em10/fac-opacity-cowan-state/starout.h5
3143.0104718708276,7.481966305138837e-10,fac-opacity-cowan-state,T3143p01_rho7p48197em10,0.313629127071976,6.451749244880199e-12,0.3136291270739964,2.167650409316386e-12,ok,/home/elads/STAR/full_grid_solar_opacity/runs/T3143p01_rho7p48197em10/fac-opacity-cowan-state/starout.h5
3143.0104718708276,1.0752168531898921e-09,fac-opacity-cowan-state,T3143p01_rho1p07522em09,0.3136291270538399,9.28890172433231e-12,0.313629127056748,3.120279126688044e-12,ok,/home/elads/STAR/full_grid_solar_opacity/runs/T3143p01_rho1p07522em09/fac-opacity-cowan-state/starout.h5
3143.0104718708276,1.5451703926941453e-09,fac-opacity-cowan-state,T3143p01_rho1p54517em09,0.31362912702859785,1.3366724161374251e-11,0.3136291270327841,4.491075319068434e-12,ok,/home/elads/STAR/full_grid_solar_opacity/runs/T3143p01_rho1p54517em09/fac-opacity-cowan-state/starout.h5
3143.0104718708276,2.220530245015531e-09,fac-opacity-cowan-state,T3143p01_rho2p22053em09,0.3136291269918656,1.9221762075839068e-11,0.3136291269978837,6.456793882575151e-12,ok,/home/elads/STAR/full_grid_solar_opacity/runs/T3143p01_rho2p22053em09/fac-opacity-cowan-state/starout.h5
3143.0104718708276,3.1910749729235452e-09,fac-opacity-cowan-state,T3143p01_rho3p19107em09,0.31362912693918693,2.7521770036561916e-11,0.31362912694780404,9.24473216979655e-12,ok,/home/elads/STAR/full_grid_solar_opacity/runs/T3143p01_rho3p19107em09/fac-opacity-cowan-state/starout.h5
3143.0104718708276,4.585823366142813e-09,fac-opacity-cowan-state,T3143p01_rho4p58582em09,0.31362912686572125,3.945955554939336e-11,0.313629126878072,1.3251396402779365e-11,ok,/home/elads/STAR/full_grid_solar_opacity/runs/T3143p01_rho4p58582em09/fac-opacity-cowan-state/starout.h5
3143.0104718708276,6.590185477903269e-09,fac-opacity-cowan-state,T3143p01_rho6p59019em09,0.31362912676145305,5.6632850994456184e-11,0.31362912677917965,1.9018888271002454e-11,ok,/home/elads/STAR/full_grid_solar_opacity/runs/T3143p01_rho6p59019em09/fac-opacity-cowan-state/starout.h5
3143.0104718708276,9.470610000772238e-09,fac-opacity-cowan-state,T3143p01_rho9p47061em09,0.3136291266198586,8.132737776045957e-11,0.3136291266453117,2.7307398119573586e-11,ok,/home/elads/STAR/full_grid_solar_opacity/runs/T3143p01_rho9p47061em09/fac-opacity-cowan-state/starout.h5
3143.0104718708276,1.3610004466105506e-08,fac-opacity-cowan-state,T3143p01_rho1p361em08,0.31362912642252055,1.1702540308015266e-10,0.3136291264591457,3.9293685203275786e-11,ok,/home/elads/STAR/full_grid_solar_opacity/runs/T3143p01_rho1p361em08/fac-opacity-cowan-state/starout.h5
3143.0104718708276,1.9558636830395073e-08,fac-opacity-cowan-state,T3143p01_rho1p95586em08,0.31362912616767474,1.6848696843052004e-10,0.3136291262204041,5.657089737405319e-11,ok,/home/elads/STAR/full_grid_solar_opacity/runs/T3143p01_rho1p95586em08/fac-opacity-cowan-state/starout.h5
3143.0104718708276,2.810728502080722e-08,fac-opacity-cowan-state,T3143p01_rho2p81073em08,0.3136291258196746,2.4110919102357254e-10,0.31362912589511105,8.093317467066714e-11,ok,/home/elads/STAR/full_grid_solar_opacity/runs/T3143p01_rho2p81073em08/fac-opacity-cowan-state/starout.h5
3143.0104718708276,4.039235853150913e-08,fac-opacity-cowan-state,T3143p01_rho4p03924em08,0.31362912537065474,3.4586885967161773e-10,0.3136291254788367,1.1606582010149627e-10,ok,/home/elads/STAR/full_grid_solar_opacity/runs/T3143p01_rho4p03924em08/fac-opacity-cowan-state/starout.h5
3143.0104718708276,5.804696634805446e-08,fac-opacity-cowan-state,T3143p01_rho5p8047em08,0.3136291248064609,4.98006427359596e-10,0.3136291249621968,1.6708633538053415e-10,ok,/home/elads/STAR/full_grid_solar_opacity/runs/T3143p01_rho5p8047em08/fac-opacity-cowan-state/starout.h5
3143.0104718708276,8.341801332506338e-08,fac-opacity-cowan-state,T3143p01_rho8p3418em08,0.31362912409174365,7.161255243095251e-10,0.3136291243156591,2.4023291114910286e-10,ok,/home/elads/STAR/full_grid_solar_opacity/runs/T3143p01_rho8p3418em08/fac-opacity-cowan-state/starout.h5
3143.0104718708276,1.1987818459583772e-07,fac-opacity-cowan-state,T3143p01_rho1p19878em07,0.3136291232087729,1.0266579091032285e-09,0.31362912352975353,3.443671606234743e-10,ok,/home/elads/STAR/full_grid_solar_opacity/runs/T3143p01_rho1p19878em07/fac-opacity-cowan-state/starout.h5
3143.0104718708276,1.7227429147699408e-07,fac-opacity-cowan-state,T3143p01_rho1p72274em07,0.3136291221217497,1.4712892577944426e-09,0.313629122581741,4.935003971006628e-10,ok,/home/elads/STAR/full_grid_solar_opacity/runs/T3143p01_rho1p72274em07/fac-opacity-cowan-state/starout.h5
3143.0104718708276,2.4757157946593376e-07,fac-opacity-cowan-state,T3143p01_rho2p47572em07,0.3136291207962875,2.117815457720305e-09,0.31362912145843413,7.103688383107888e-10,ok,/home/elads/STAR/full_grid_solar_opacity/runs/T3143p01_rho2p47572em07/fac-opacity-cowan-state/starout.h5
3143.0104718708276,3.557796490339488e-07,fac-opacity-cowan-state,T3143p01_rho3p5578em07,0.31362911919780384,3.0561863208024265e-09,0.3136291201533227,1.0250873444659098e-09,ok,/home/elads/STAR/full_grid_solar_opacity/runs/T3143p01_rho3p5578em07/fac-opacity-cowan-state/starout.h5
3143.0104718708276,5.112830759482948e-07,fac-opacity-cowan-state,T3143p01_rho5p11283em07,0.31362911725576603,4.385295106005931e-09,0.3136291186263582,1.4703724005240397e-09,ok,/home/elads/STAR/full_grid_solar_opacity/runs/T3143p01_rho5p11283em07/fac-opacity-cowan-state/starout.h5
3143.0104718708276,7.347536163492159e-07,fac-opacity-cowan-state,T3143p01_rho7p34754em07,0.3136291149118096,6.255411659970321e-09,0.31362911686562994,2.096066088073968e-09,ok,/home/elads/STAR/full_grid_solar_opacity/runs/T3143p01_rho7p34754em07/fac-opacity-cowan-state/starout.h5
3143.0104718708276,1.0558981944335787e-06,fac-opacity-cowan-state,T3143p01_rho1p0559em06,0.31362911208727295,9.151305993936402e-09,0.3136291149669286,3.0878471120677183e-09,ok,/home/elads/STAR/full_grid_solar_opacity/runs/T3143p01_rho1p0559em06/fac-opacity-cowan-state/starout.h5
3143.0104718708276,1.517407974863493e-06,fac-opacity-cowan-state,T3143p01_rho1p51741em06,0.3136291086857532,1.3293907491048313e-08,0.31362911287676537,4.493415357345645e-09,ok,/home/elads/STAR/full_grid_solar_opacity/runs/T3143p01_rho1p51741em06/fac-opacity-cowan-state/starout.h5
3143.0104718708276,2.1806334875063253e-06,fac-opacity-cowan-state,T3143p01_rho2p18063em06,0.3136291046100984,1.9520144702171462e-08,0.31362911079124156,6.625227227961208e-09,ok,/home/elads/STAR/full_grid_solar_opacity/runs/T3143p01_rho2p18063em06/fac-opacity-cowan-state/starout.h5
3143.0104718708276,3.1337402238588983e-06,fac-opacity-cowan-state,T3143p01_rho3p13374em06,0.31362909972797776,2.815359171202845e-08,0.3136291086538002,9.566036926929849e-09,ok,/home/elads/STAR/full_grid_solar_opacity/runs/T3143p01_rho3p13374em06/fac-opacity-cowan-state/starout.h5
3143.0104718708276,4.503428864545845e-06,fac-opacity-cowan-state,T3143p01_rho4p50343em06,0.3136290938154412,4.086763754920731e-08,0.3136291070802842,1.4189563313789246e-08,ok,/home/elads/STAR/full_grid_solar_opacity/runs/T3143p01_rho4p50343em06/fac-opacity-cowan-state/starout.h5
3143.0104718708276,6.471778159406801e-06,fac-opacity-cowan-state,T3143p01_rho6p47178em06,0.31362908667905337,6.730776797487413e-08,0.31362911185880754,2.668357128535003e-08,ok,/home/elads/STAR/full_grid_solar_opacity/runs/T3143p01_rho6p47178em06/fac-opacity-cowan-state/starout.h5
3143.0104718708276,9.300449458481393e-06,fac-opacity-cowan-state,T3143p01_rho9p30045em06,0.31362907801543877,9.69362269359401e-08,0.3136291142006604,3.8350089443012937e-08,ok,/home/elads/STAR/full_grid_solar_opacity/runs/T3143p01_rho9p30045em06/fac-opacity-cowan-state/starout.h5
3143.0104718708276,1.3365470508911143e-05,fac-opacity-cowan-state,T3143p01_rho1p33655em05,0.31362906807834157,1.3769545432538058e-07,0.31362911942925664,5.442290915621413e-08,ok,/home/elads/STAR/full_grid_solar_opacity/runs/T3143p01_rho1p33655em05/fac-opacity-cowan-state/starout.h5
3143.0104718708276,1.920722248123928e-05,fac-opacity-cowan-state,T3143p01_rho1p92072em05,0.31362905528097773,1.975645515747311e-07,0.31362912888418504,7.800667221758097e-08,ok,/home/elads/STAR/full_grid_solar_opacity/runs/T3143p01_rho1p92072em05/fac-opacity-cowan-state/starout.h5
3143.0104718708276,2.760227522090268e-05,fac-opacity-cowan-state,T3143p01_rho2p76023em05,0.31362904078889153,2.8498198243669873e-07,0.31362914676691256,1.1232102455117053e-07,ok,/home/elads/STAR/full_grid_solar_opacity/runs/T3143p01_rho2p76023em05/fac-opacity-cowan-state/starout.h5
3143.0104718708276,3.966662010161191e-05,fac-opacity-cowan-state,T3143p01_rho3p96666em05,0.3136290216166444,4.114947002142106e-07,0.31362917480045355,1.6232471477822932e-07,ok,/home/elads/STAR/full_grid_solar_opacity/runs/T3143p01_rho3p96666em05/fac-opacity-cowan-state/starout.h5
3143.0104718708276,5.7004023678963655e-05,fac-opacity-cowan-state,T3143p01_rho5p7004em05,0.31362899825206697,5.888374858227381e-07,0.3136292174385001,2.3222044448911978e-07,ok,/home/elads/STAR/full_grid_solar_opacity/runs/T3143p01_rho5p7004em05/fac-opacity-cowan-state/starout.h5
3143.0104718708276,8.191922344953684e-05,fac-opacity-cowan-state,T3143p01_rho8p19192em05,0.31362898612644335,8.476711137684221e-07,0.3136293012562234,3.3382637919987533e-07,ok,/home/elads/STAR/full_grid_solar_opacity/runs/T3143p01_rho8p19192em05/fac-opacity-cowan-state/starout.h5
3143.0104718708276,0.00011772430676769293,fac-opacity-cowan-state,T3143p01_rho0p000117724,0.3136290062434748,1.2113998993844375e-06,0.31362945519711305,4.7558382894382143e-07,ok,/home/elads/STAR/full_grid_solar_opacity/runs/T3143p01_rho0p000117724/fac-opacity-cowan-state/starout.h5
3143.0104718708276,0.00016917900122028344,fac-opacity-cowan-state,T3143p01_rho0p000169179,0.31362897116930666,1.734896837338112e-06,0.31362961030205083,6.771657994841999e-07,ok,/home/elads/STAR/full_grid_solar_opacity/runs/T3143p01_rho0p000169179/fac-opacity-cowan-state/starout.h5
3143.0104718708276,0.0002431234061999784,fac-opacity-cowan-state,T3143p01_rho0p000243123,0.31362892855101965,2.4822899063612265e-06,0.3136298382766782,9.63926499508893e-07,ok,/home/elads/STAR/full_grid_solar_opacity/runs/T3143p01_rho0p000243123/fac-opacity-cowan-state/starout.h5
3143.0104718708276,0.0003493872774749123,fac-opacity-cowan-state,T3143p01_rho0p000349387,0.3136288646777484,3.5587844806045623e-06,0.31363016712566044,1.3796428103184689e-06,ok,/home/elads/STAR/full_grid_solar_opacity/runs/T3143p01_rho0p000349387/fac-opacity-cowan-state/starout.h5
3143.0104718708276,0.0005020967399614471,fac-opacity-cowan-state,T3143p01_rho0p000502097,0.31362876889186747,5.094352773487086e-06,0.3136306264088842,1.9672770051325858e-06,ok,/home/elads/STAR/full_grid_solar_opacity/runs/T3143p01_rho0p000502097/fac-opacity-cowan-state/starout.h5
3143.0104718708276,0.0007215521357901021,fac-opacity-cowan-state,T3143p01_rho0p000721552,0.31362868142273354,7.2684014469038605e-06,0.31363130588097005,2.7802077038176593e-06,ok,/home/elads/STAR/full_grid_solar_opacity/runs/T3143p01_rho0p000721552/fac-opacity-cowan-state/starout.h5
3143.0104718708276,0.0010369266382873438,fac-opacity-cowan-state,T3143p01_rho0p00103693,0.31362854383043337,1.0394029530526625e-05,0.31363228033970947,3.957146588846827e-06,ok,/home/elads/STAR/full_grid_solar_opacity/runs/T3143p01_rho0p00103693/fac-opacity-cowan-state/starout.h5
3143.0104718708276,0.0014901443705277455,fac-opacity-cowan-state,T3143p01_rho0p00149014,0.31362833976935817,1.4837414481812989e-05,0.313633633400017,5.605526681732583e-06,ok,/home/elads/STAR/full_grid_solar_opacity/runs/T3143p01_rho0p00149014/fac-opacity-cowan-state/starout.h5
3143.0104718708276,0.002141453563853953,fac-opacity-cowan-state,T3143p01_rho0p00214145,0.3136280649779059,2.114631677056503e-05,0.313635531143436,7.9060185152401e-06,ok,/home/elads/STAR/full_grid_solar_opacity/runs/T3143p01_rho0p00214145/fac-opacity-cowan-state/starout.h5
3143.0104718708276,0.003077435620898055,fac-opacity-cowan-state,T3143p01_rho0p00307744,0.31362766498135286,3.015281451058621e-05,0.31363821670871556,1.1170571747201958e-05,ok,/home/elads/STAR/full_grid_solar_opacity/runs/T3143p01_rho0p00307744/fac-opacity-cowan-state/starout.h5
3143.0104718708276,0.004422514763163053,fac-opacity-cowan-state,T3143p01_rho0p00442251,0.3136271639408635,4.296051730687988e-05,0.3136420376514015,1.5742235934910456e-05,ok,/home/elads/STAR/full_grid_solar_opacity/runs/T3143p01_rho0p00442251/fac-opacity-cowan-state/starout.h5
3143.0104718708276,0.006355498291362301,fac-opacity-cowan-state,T3143p01_rho0p0063555,0.31362647968710206,6.10938151417913e-05,0.31364729496380844,2.2031710352518624e-05,ok,/home/elads/STAR/full_grid_solar_opacity/runs/T3143p01_rho0p0063555/fac-opacity-cowan-state/starout.h5
3143.0104718708276,0.009133346228248624,fac-opacity-cowan-state,T3143p01_rho0p00913335,0.3136255647322617,8.705968911956808e-05,0.31365484814802036,3.0983995009659984e-05,ok,/home/elads/STAR/full_grid_solar_opacity/runs/T3143p01_rho0p00913335/fac-opacity-cowan-state/starout.h5
3143.0104718708276,0.01312533014735226,fac-opacity-cowan-state,T3143p01_rho0p0131253,0.31362437564777573,0.00012410882796293077,0.3136655417510827,4.353897634526696e-05,ok,/home/elads/STAR/full_grid_solar_opacity/runs/T3143p01_rho0p0131253/fac-opacity-cowan-state/starout.h5
3143.0104718708276,0.018862122071335155,fac-opacity-cowan-state,T3143p01_rho0p0188621,0.31362280988842894,0.00017680642980135198,0.3136804338095232,6.092635642566572e-05,ok,/home/elads/STAR/full_grid_solar_opacity/runs/T3143p01_rho0p0188621/fac-opacity-cowan-state/starout.h5
3143.0104718708276,0.02710633904364831,fac-opacity-cowan-state,T3143p01_rho0p0271063,0.3136207157569624,0.00025199724864123104,0.31370121819024177,8.50903639371139e-05,ok,/home/elads/STAR/full_grid_solar_opacity/runs/T3143p01_rho0p0271063/fac-opacity-cowan-state/starout.h5
3143.0104718708276,0.038953921174427183,fac-opacity-cowan-state,T3143p01_rho0p0389539,0.31361786564222,0.0003598610153248329,0.3137307804237139,0.00011927062475955803,ok,/home/elads/STAR/full_grid_solar_opacity/runs/T3143p01_rho0p0389539/fac-opacity-cowan-state/starout.h5
3143.0104718708276,0.0559798197912329,fac-opacity-cowan-state,T3143p01_rho0p0559798,0.31361395720301066,0.0005128790525684937,0.3137707602087761,0.00016557422397538496,ok,/home/elads/STAR/full_grid_solar_opacity/runs/T3143p01_rho0p0559798/fac-opacity-cowan-state/starout.h5
3143.0104718708276,0.08044736266284185,fac-opacity-cowan-state,T3143p01_rho0p0804474,0.31360852825840707,0.0007318580916303968,0.31382666312047697,0.0002301844912167601,ok,/home/elads/STAR/full_grid_solar_opacity/runs/T3143p01_rho0p0804474/fac-opacity-cowan-state/starout.h5
3143.0104718708276,0.11560912813835741,fac-opacity-cowan-state,T3143p01_rho0p115609,0.31360093533180144,0.0010428711138228113,0.3139018309757814,0.0003173590757978192,ok,/home/elads/STAR/full_grid_solar_opacity/runs/T3143p01_rho0p115609/fac-opacity-cowan-state/starout.h5
3143.0104718708276,0.1661393247274789,fac-opacity-cowan-state,T3143p01_rho0p166139,0.31359031220309164,0.0014853934110116503,0.31400301517663537,0.00043505965458257603,ok,/home/elads/STAR/full_grid_solar_opacity/runs/T3143p01_rho0p166139/fac-opacity-cowan-state/starout.h5
3143.0104718708276,0.23875515424585794,fac-opacity-cowan-state,T3143p01_rho0p238755,0.3135751766200042,0.00211485577963865,0.3141389704153229,0.0005938875366568259,ok,/home/elads/STAR/full_grid_solar_opacity/runs/T3143p01_rho0p238755/fac-opacity-cowan-state/starout.h5
3143.0104718708276,0.34310975906798746,fac-opacity-cowan-state,T3143p01_rho0p34311,0.3135516847070493,0.0030148540436875184,0.3143195854384306,0.0008081927370164378,ok,/home/elads/STAR/full_grid_solar_opacity/runs/T3143p01_rho0p34311/fac-opacity-cowan-state/starout.h5
3143.0104718708276,0.49307545690287347,fac-opacity-cowan-state,T3143p01_rho0p493075,0.3135200138170124,0.004299073711275353,0.3145616334667782,0.001095061594001407,ok,/home/elads/STAR/full_grid_solar_opacity/runs/T3143p01_rho0p493075/fac-opacity-cowan-state/starout.h5
3143.0104718708276,0.7085878491488851,fac-opacity-cowan-state,T3143p01_rho0p708588,0.31347488323840295,0.006134872729904426,0.3148839397074448,0.0014792039446971147,ok,/home/elads/STAR/full_grid_solar_opacity/runs/T3143p01_rho0p708588/fac-opacity-cowan-state/starout.h5
3143.0104718708276,1.0182959482819007,fac-opacity-cowan-state,T3143p01_rho1p0183,0.31341091861406956,0.008762798712116618,0.31531335628562074,0.0019933975517517793,ok,/home/elads/STAR/full_grid_solar_opacity/runs/T3143p01_rho1p0183/fac-opacity-cowan-state/starout.h5
3143.0104718708276,1.4633706173946401,fac-opacity-cowan-state,T3143p01_rho1p46337,0.31332041585461073,0.01252716289388273,0.315884311981726,0.0026801116217879417,ok,/home/elads/STAR/full_grid_solar_opacity/runs/T3143p01_rho1p46337/fac-opacity-cowan-state/starout.h5
3143.0104718708276,2.1029775945461404,fac-opacity-cowan-state,T3143p01_rho2p10298,0.3131928116941192,0.0179250483353806,0.3166437008228027,0.0035967917789926944,ok,/home/elads/STAR/full_grid_solar_opacity/runs/T3143p01_rho2p10298/fac-opacity-cowan-state/starout.h5
3143.0104718708276,3.0221426551783854,fac-opacity-cowan-state,T3143p01_rho3p02214,0.3130134756646175,0.02566240755566216,0.3176474465326037,0.0048130661511548555,ok,/home/elads/STAR/full_grid_solar_opacity/runs/T3143p01_rho3p02214/fac-opacity-cowan-state/starout.h5
3143.0104718708276,4.343054463316713,fac-opacity-cowan-state,T3143p01_rho4p34305,0.31276273200555577,0.03675497258851061,0.3189705986754252,0.006421542145095725,ok,/home/elads/STAR/full_grid_solar_opacity/runs/T3143p01_rho4p34305/fac-opacity-cowan-state/starout.h5
3143.0104718708276,6.241307649397467,fac-opacity-cowan-state,T3143p01_rho6p24131,0.3124134923549048,0.05265246163790177,0.3207066021441971,0.008538584559239828,ok,/home/elads/STAR/full_grid_solar_opacity/runs/T3143p01_rho6p24131/fac-opacity-cowan-state/starout.h5
3143.0104718708276,8.969245378672715,fac-opacity-cowan-state,T3143p01_rho8p96925,0.3119307882785755,0.07541416910532878,0.3229672023248257,0.011303536623532154,ok,/home/elads/STAR/full_grid_solar_opacity/runs/T3143p01_rho8p96925/fac-opacity-cowan-state/starout.h5
3143.0104718708276,12.889504440725364,fac-opacity-cowan-state,T3143p01_rho12p8895,0.31126836691101545,0.10797397207055227,0.32589718114494554,0.01489614047278464,ok,/home/elads/STAR/full_grid_solar_opacity/runs/T3143p01_rho12p8895/fac-opacity-cowan-state/starout.h5
3143.0104718708276,18.52322215674118,fac-opacity-cowan-state,T3143p01_rho18p5232,0.3103674417225823,0.15448285184539648,0.32967419443908325,0.019536211421259397,ok,/home/elads/STAR/full_grid_solar_opacity/runs/T3143p01_rho18p5232/fac-opacity-cowan-state/starout.h5
3143.0104718708276,26.61931346126126,fac-opacity-cowan-state,T3143p01_rho26p6193,0.3091559590599589,0.22078648684205635,0.3345156267499529,0.02549034471936943,ok,/home/elads/STAR/full_grid_solar_opacity/runs/T3143p01_rho26p6193/fac-opacity-cowan-state/starout.h5
3143.0104718708276,38.254027466328665,fac-opacity-cowan-state,T3143p01_rho38p254,0.30754848703174603,0.3150572205392418,0.3406867333095573,0.03308030256210118,ok,/home/elads/STAR/full_grid_solar_opacity/runs/T3143p01_rho38p254/fac-opacity-cowan-state/starout.h5
3143.0104718708276,54.97401800103719,fac-opacity-cowan-state,T3143p01_rho54p974,0.30545165157308085,0.44863641444332547,0.34852540247963026,0.04270477595544441,ok,/home/elads/STAR/full_grid_solar_opacity/runs/T3143p01_rho54p974/fac-opacity-cowan-state/starout.h5
3143.0104718708276,79.0019471240894,fac-opacity-cowan-state,T3143p01_rho79p0019,0.30277502481950475,0.6370467771843533,0.35845129058548736,0.05484285355254528,ok,/home/elads/STAR/full_grid_solar_opacity/runs/T3143p01_rho79p0019/fac-opacity-cowan-state/starout.h5
3143.0104718708276,113.53195339077567,fac-opacity-cowan-state,T3143p01_rho113p532,0.2994505454648759,0.9011589137105989,0.37099531885930126,0.07007503573958535,ok,/home/elads/STAR/full_grid_solar_opacity/runs/T3143p01_rho113p532/fac-opacity-cowan-state/starout.h5
3143.0104718708276,163.15426277379785,fac-opacity-cowan-state,T3143p01_rho163p154,0.2954658305848204,1.2682969891583622,0.3868269779508007,0.08909409859964607,ok,/home/elads/STAR/full_grid_solar_opacity/runs/T3143p01_rho163p154/fac-opacity-cowan-state/starout.h5
3143.0104718708276,234.46538763970608,fac-opacity-cowan-state,T3143p01_rho234p465,0.29091038693288473,1.7729862029247676,0.40682717335193125,0.11275406800958863,ok,/home/elads/STAR/full_grid_solar_opacity/runs/T3143p01_rho234p465/fac-opacity-cowan-state/starout.h5
3143.0104718708276,336.94503022121665,fac-opacity-cowan-state,T3143p01_rho336p945,0.286102976511477,2.456355154925386,0.43223403233713575,0.1421059959653025,ok,/home/elads/STAR/full_grid_solar_opacity/runs/T3143p01_rho336p945/fac-opacity-cowan-state/starout.h5
3143.0104718708276,484.21626123015125,fac-opacity-cowan-state,T3143p01_rho484p216,0.2812514472501633,3.3624526515130073,0.4642306834400266,0.17835501912253499,ok,/home/elads/STAR/full_grid_solar_opacity/runs/T3143p01_rho484p216/fac-opacity-cowan-state/starout.h5
3143.0104718708276,695.8564947100452,fac-opacity-cowan-state,T3143p01_rho695p856,0.2773203659453116,4.531228292484246,0.5051642485804377,0.22314051628876078,ok,/home/elads/STAR/full_grid_solar_opacity/runs/T3143p01_rho695p856/fac-opacity-cowan-state/starout.h5
3143.0104718708276,1000.0,fac-opacity-cowan-state,T3143p01_rho1000,0.27497874668552347,5.98221850577034,0.5572778865181456,0.278316858126875,ok,/home/elads/STAR/full_grid_solar_opacity/runs/T3143p01_rho1000/fac-opacity-cowan-state/starout.h5
3460.0806493194823,1e-17,fac-opacity-cowan-state,T3460p08_rho1em17,0.31298119099758664,6.262413074892758e-20,0.31298119099758664,2.0886410914214777e-20,ok,/home/elads/STAR/full_grid_solar_opacity/runs/T3460p08_rho1em17/fac-opacity-cowan-state/starout.h5
3460.0806493194823,1.4370779141993746e-17,fac-opacity-cowan-state,T3460p08_rho1p43708em17,0.31298119099758703,8.898150473769865e-20,0.312981190997587,2.9669264529446944e-20,ok,/home/elads/STAR/full_grid_solar_opacity/runs/T3460p08_rho1p43708em17/fac-opacity-cowan-state/starout.h5
3460.0806493194823,2.065192931479625e-17,fac-opacity-cowan-state,T3460p08_rho2p06519em17,0.3129811909975868,1.26860545024055e-19,0.31298119099758676,4.229140492976115e-20,ok,/home/elads/STAR/full_grid_solar_opacity/runs/T3460p08_rho2p06519em17/fac-opacity-cowan-state/starout.h5
3460.0806493194823,2.9678431503900313e-17,fac-opacity-cowan-state,T3460p08_rho2p96784em17,0.31298119099758237,1.8138739048531485e-19,0.31298119099758226,6.046047444049182e-20,ok,/home/elads/STAR/full_grid_solar_opacity/runs/T3460p08_rho2p96784em17/fac-opacity-cowan-state/starout.h5
3460.0806493194823,4.2650218442334076e-17,fac-opacity-cowan-state,T3460p08_rho4p26502em17,0.31298119099756555,2.598742042416661e-19,0.31298119099756555,8.661262981293937e-20,ok,/home/elads/STAR/full_grid_solar_opacity/runs/T3460p08_rho4p26502em17/fac-opacity-cowan-state/starout.h5
3460.0806493194823,6.129168695925715e-17,fac-opacity-cowan-state,T3460p08_rho6p12917em17,0.312981190997583,3.730635419006285e-19,0.312981190997583,1.2433254899250916e-19,ok,/home/elads/STAR/full_grid_solar_opacity/runs/T3460p08_rho6p12917em17/fac-opacity-cowan-state/starout.h5
3460.0806493194823,8.808092965317026e-17,fac-opacity-cowan-state,T3460p08_rho8p80809em17,0.3129811909975816,5.36113732275509e-19,0.31298119099758154,1.7867304157776594e-19,ok,/home/elads/STAR/full_grid_solar_opacity/runs/T3460p08_rho8p80809em17/fac-opacity-cowan-state/starout.h5
3460.0806493194823,1.2657915866672028e-16,fac-opacity-cowan-state,T3460p08_rho1p26579em16,0.31298119099758215,7.704253840035408e-19,0.3129811909975822,2.5676317728045177e-19,ok,/home/elads/STAR/full_grid_solar_opacity/runs/T3460p08_rho1p26579em16/fac-opacity-cowan-state/starout.h5
3460.0806493194823,1.819041133178821e-16,fac-opacity-cowan-state,T3460p08_rho1p81904em16,0.312981190997583,1.1071423439248012e-18,0.3129811909975829,3.689824367418682e-19,ok,/home/elads/STAR/full_grid_solar_opacity/runs/T3460p08_rho1p81904em16/fac-opacity-cowan-state/starout.h5
3460.0806493194823,2.6141038375114865e-16,fac-opacity-cowan-state,T3460p08_rho2p6141em16,0.312981190997591,1.5910196710655034e-18,0.312981190997591,5.302465719583795e-19,ok,/home/elads/STAR/full_grid_solar_opacity/runs/T3460p08_rho2p6141em16/fac-opacity-cowan-state/starout.h5
3460.0806493194823,3.7566708903116036e-16,fac-opacity-cowan-state,T3460p08_rho3p75667em16,0.3129811909975852,2.2863717173541812e-18,0.3129811909975851,7.619899683836306e-19,ok,/home/elads/STAR/full_grid_solar_opacity/runs/T3460p08_rho3p75667em16/fac-opacity-cowan-state/starout.h5
3460.0806493194823,5.398628767382507e-16,fac-opacity-cowan-state,T3460p08_rho5p39863em16,0.31298119099758204,3.285618980498097e-18,0.31298119099758204,1.0950141483923694e-18,ok,/home/elads/STAR/full_grid_solar_opacity/runs/T3460p08_rho5p39863em16/fac-opacity-cowan-state/starout.h5
3460.0806493194823,7.758250168566793e-16,fac-opacity-cowan-state,T3460p08_rho7p75825em16,0.3129811909975899,4.721572116814132e-18,0.3129811909975899,1.5735816652560303e-18,ok,/home/elads/STAR/full_grid_solar_opacity/runs/T3460p08_rho7p75825em16/fac-opacity-cowan-state/starout.h5
3460.0806493194823,1.1149209970080914e-15,fac-opacity-cowan-state,T3460p08_rho1p11492em15,0.3129811909975836,6.785080379674239e-18,0.3129811909975836,2.261298097142508e-18,ok,/home/elads/STAR/full_grid_solar_opacity/runs/T3460p08_rho1p11492em15/fac-opacity-cowan-state/starout.h5
3460.0806493194823,1.6022283408774753e-15,fac-opacity-cowan-state,T3460p08_rho1p60223em15,0.31298119099755345,9.750396433908774e-18,0.31298119099755345,3.249565454229794e-18,ok,/home/elads/STAR/full_grid_solar_opacity/runs/T3460p08_rho1p60223em15/fac-opacity-cowan-state/starout.h5
3460.0806493194823,2.3025269621793266e-15,fac-opacity-cowan-state,T3460p08_rho2p30253em15,0.31298119099757654,1.4011623247605436e-17,0.31298119099757654,4.669729175008843e-18,ok,/home/elads/STAR/full_grid_solar_opacity/runs/T3460p08_rho2p30253em15/fac-opacity-cowan-state/starout.h5
3460.0806493194823,3.308910644196489e-15,fac-opacity-cowan-state,T3460p08_rho3p30891em15,0.3129811909975849,2.0135086826101908e-17,0.3129811909975849,6.710533040858273e-18,ok,/home/elads/STAR/full_grid_solar_opacity/runs/T3460p08_rho3p30891em15/fac-opacity-cowan-state/starout.h5
3460.0806493194823,4.755162406834019e-15,fac-opacity-cowan-state,T3460p08_rho4p75516em15,0.31298119099758204,2.893459732345422e-17,0.3129811909975821,9.643202021854655e-18,ok,/home/elads/STAR/full_grid_solar_opacity/runs/T3460p08_rho4p75516em15/fac-opacity-cowan-state/starout.h5
3460.0806493194823,6.8335388732923106e-15,fac-opacity-cowan-state,T3460p08_rho6p83354em15,0.312981190997583,4.157959507299414e-17,0.312981190997583,1.3857485928102403e-17,ok,/home/elads/STAR/full_grid_solar_opacity/runs/T3460p08_rho6p83354em15/fac-opacity-cowan-state/starout.h5
3460.0806493194823,9.820327790631256e-15,fac-opacity-cowan-state,T3460p08_rho9p82033em15,0.3129811909975842,5.975054556894678e-17,0.3129811909975842,1.9913449731124114e-17,ok,/home/elads/STAR/full_grid_solar_opacity/runs/T3460p08_rho9p82033em15/fac-opacity-cowan-state/starout.h5
3460.0806493194823,1.4112576178114521e-14,fac-opacity-cowan-state,T3460p08_rho1p41126em14,0.3129811909975814,8.586231094734865e-17,0.3129811909975814,2.861591959483523e-17,ok,/home/elads/STAR/full_grid_solar_opacity/runs/T3460p08_rho1p41126em14/fac-opacity-cowan-state/starout.h5
3460.0806493194823,2.0280871538024598e-14,fac-opacity-cowan-state,T3460p08_rho2p02809em14,0.31298119099758354,1.2338498300516023e-16,0.31298119099758354,4.112141404380749e-17,ok,/home/elads/STAR/full_grid_solar_opacity/runs/T3460p08_rho2p02809em14/fac-opacity-cowan-state/starout.h5
3460.0806493194823,2.914519256800997e-14,fac-opacity-cowan-state,T3460p08_rho2p91452em14,0.31298119099759525,1.7730508842614133e-16,0.31298119099759525,5.909185593001454e-17,ok,/home/elads/STAR/full_grid_solar_opacity/runs/T3460p08_rho2p91452em14/fac-opacity-cowan-state/starout.h5
3460.0806493194823,4.188391254457488e-14,fac-opacity-cowan-state,T3460p08_rho4p18839em14,0.3129811909975978,2.547882346083534e-16,0.3129811909975979,8.491542822390022e-17,ok,/home/elads/STAR/full_grid_solar_opacity/runs/T3460p08_rho4p18839em14/fac-opacity-cowan-state/starout.h5
3460.0806493194823,6.019044567806669e-14,fac-opacity-cowan-state,T3460p08_rho6p01904em14,0.31298119099758,3.6613142496678707e-16,0.31298119099758015,1.2202397240806076e-16,ok,/home/elads/STAR/full_grid_solar_opacity/runs/T3460p08_rho6p01904em14/fac-opacity-cowan-state/starout.h5
3460.0806493194823,8.649836012976684e-14,fac-opacity-cowan-state,T3460p08_rho8p64984em14,0.312981190995892,5.261315803236073e-16,0.3129811909958921,1.7534910851277793e-16,ok,/home/elads/STAR/full_grid_solar_opacity/runs/T3460p08_rho8p64984em14/fac-opacity-cowan-state/starout.h5
3460.0806493194823,1.2430488295695167e-13,fac-opacity-cowan-state,T3460p08_rho1p24305em13,0.3129811909975774,7.560522497457612e-16,0.31298119099757754,2.519777378021111e-16,ok,/home/elads/STAR/full_grid_solar_opacity/runs/T3460p08_rho1p24305em13/fac-opacity-cowan-state/starout.h5
3460.0806493194823,1.7863580192457348e-13,fac-opacity-cowan-state,T3460p08_rho1p78636em13,0.3129811909975718,1.0864504923370784e-15,0.31298119099757216,3.620942307929211e-16,ok,/home/elads/STAR/full_grid_solar_opacity/runs/T3460p08_rho1p78636em13/fac-opacity-cowan-state/starout.h5
3460.0806493194823,2.567135656310987e-13,fac-opacity-cowan-state,T3460p08_rho2p56714em13,0.31298119099757854,1.5612398804264017e-15,0.3129811909975791,5.203346131740684e-16,ok,/home/elads/STAR/full_grid_solar_opacity/runs/T3460p08_rho2p56714em13/fac-opacity-cowan-state/starout.h5
3460.0806493194823,3.6891739544382357e-13,fac-opacity-cowan-state,T3460p08_rho3p68917em13,0.3129811909975661,2.2435307954658688e-15,0.31298119099756677,7.477332271876422e-16,ok,/home/elads/STAR/full_grid_solar_opacity/runs/T3460p08_rho3p68917em13/fac-opacity-cowan-state/starout.h5
3460.0806493194823,5.301630411562758e-13,fac-opacity-cowan-state,T3460p08_rho5p30163em13,0.31298119099756416,3.224032042377529e-15,0.3129811909975652,1.0745229266164685e-15,ok,/home/elads/STAR/full_grid_solar_opacity/runs/T3460p08_rho5p30163em13/fac-opacity-cowan-state/starout.h5
3460.0806493194823,7.618855973704612e-13,fac-opacity-cowan-state,T3460p08_rho7p61886em13,0.3129811909975591,4.633124658336294e-15,0.31298119099756055,1.5441594278203147e-15,ok,/home/elads/STAR/full_grid_solar_opacity/runs/T3460p08_rho7p61886em13/fac-opacity-cowan-state/starout.h5
3460.0806493194823,1.0948889651276868e-12,fac-opacity-cowan-state,T3460p08_rho1p09489em12,0.3129811909975297,6.658236196937019e-15,0.3129811909975318,2.219112375813936e-15,ok,/home/elads/STAR/full_grid_solar_opacity/runs/T3460p08_rho1p09489em12/fac-opacity-cowan-state/starout.h5
3460.0806493194823,1.5734407502856082e-12,fac-opacity-cowan-state,T3460p08_rho1p57344em12,0.3129811909975062,9.568838052094075e-15,0.3129811909975092,3.189197303363834e-15,ok,/home/elads/STAR/full_grid_solar_opacity/runs/T3460p08_rho1p57344em12/fac-opacity-cowan-state/starout.h5
3460.0806493194823,2.26115695153675e-12,fac-opacity-cowan-state,T3460p08_rho2p26116em12,0.31298119099747035,1.3752419460652837e-14,0.3129811909974745,4.583566193863381e-15,ok,/home/elads/STAR/full_grid_solar_opacity/runs/T3460p08_rho2p26116em12/fac-opacity-cowan-state/starout.h5
3460.0806493194823,3.249458715591849e-12,fac-opacity-cowan-state,T3460p08_rho3p24946em12,0.3129811909975195,1.9766282375860393e-14,0.31298119099752547,6.587973107074911e-15,ok,/home/elads/STAR/full_grid_solar_opacity/runs/T3460p08_rho3p24946em12/fac-opacity-cowan-state/starout.h5
3460.0806493194823,4.669725353279713e-12,fac-opacity-cowan-state,T3460p08_rho4p66973em12,0.3129811909973042,2.8412154147904875e-14,0.3129811909973131,9.46964547309979e-15,ok,/home/elads/STAR/full_grid_solar_opacity/runs/T3460p08_rho4p66973em12/fac-opacity-cowan-state/starout.h5
3460.0806493194823,6.710759170575148e-12,fac-opacity-cowan-state,T3460p08_rho6p71076em12,0.31298119099721683,4.084367366186357e-14,0.3129811909972294,1.3613114407181953e-14,ok,/home/elads/STAR/full_grid_solar_opacity/runs/T3460p08_rho6p71076em12/fac-opacity-cowan-state/starout.h5
3460.0806493194823,9.64388379154446e-12,fac-opacity-cowan-state,T3460p08_rho9p64388em12,0.31298119099713206,5.872147626216216e-14,0.31298119099715005,1.9571915769563882e-14,ok,/home/elads/STAR/full_grid_solar_opacity/runs/T3460p08_rho9p64388em12/fac-opacity-cowan-state/starout.h5
3460.0806493194823,1.3859012403933867e-11,fac-opacity-cowan-state,T3460p08_rho1p3859em11,0.31298119099691524,8.443864134329037e-14,0.3129811909969412,2.8143766748971063e-14,ok,/home/elads/STAR/full_grid_solar_opacity/runs/T3460p08_rho1p3859em11/fac-opacity-cowan-state/starout.h5
3460.0806493194823,1.9916480638308542e-11,fac-opacity-cowan-state,T3460p08_rho1p99165em11,0.3129811909966868,1.2145869136576957e-13,0.312981190996724,4.048335077881225e-14,ok,/home/elads/STAR/full_grid_solar_opacity/runs/T3460p08_rho1p99165em11/fac-opacity-cowan-state/starout.h5
3460.0806493194823,2.8621534453892672e-11,fac-opacity-cowan-state,T3460p08_rho2p86215em11,0.31298119099620153,1.7478661401359281e-13,0.31298119099625565,5.825940485402238e-14,ok,/home/elads/STAR/full_grid_solar_opacity/runs/T3460p08_rho2p86215em11/fac-opacity-cowan-state/starout.h5
3460.0806493194823,4.1131375034185614e-11,fac-opacity-cowan-state,T3460p08_rho4p11314em11,0.3129811909954815,2.5141420453794044e-13,0.3129811909955587,8.380140205512227e-14,ok,/home/elads/STAR/full_grid_solar_opacity/runs/T3460p08_rho4p11314em11/fac-opacity-cowan-state/starout.h5
3460.0806493194823,5.910899064227969e-11,fac-opacity-cowan-state,T3460p08_rho5p9109em11,0.31298119099474514,3.6146031798796697e-13,0.3129811909948566,1.2048084139256412e-13,ok,/home/elads/STAR/full_grid_solar_opacity/runs/T3460p08_rho5p9109em11/fac-opacity-cowan-state/starout.h5
3460.0806493194823,8.4944224982638e-11,fac-opacity-cowan-state,T3460p08_rho8p49442em11,0.31298119099358856,5.19799404637452e-13,0.3129811909937494,1.7325631423575102e-13,ok,/home/elads/STAR/full_grid_solar_opacity/runs/T3460p08_rho8p49442em11/fac-opacity-cowan-state/starout.h5
3460.0806493194823,1.2207146966133182e-10,fac-opacity-cowan-state,T3460p08_rho1p22071em10,0.3129811909916571,7.472141746238899e-13,0.31298119099188854,2.490529451996414e-13,ok,/home/elads/STAR/full_grid_solar_opacity/runs/T3460p08_rho1p22071em10/fac-opacity-cowan-state/starout.h5
3460.0806493194823,1.7542621300415897e-10,fac-opacity-cowan-state,T3460p08_rho1p75426em10,0.3129811909900203,1.0734542475271652e-12,0.3129811909903512,3.5778623420323616e-13,ok,/home/elads/STAR/full_grid_solar_opacity/runs/T3460p08_rho1p75426em10/fac-opacity-cowan-state/starout.h5
3460.0806493194823,2.52101136279913e-10,fac-opacity-cowan-state,T3460p08_rho2p52101em10,0.3109943842148775,1.5401100922699625e-12,0.3109943842153529,5.135249895408634e-13,ok,/home/elads/STAR/full_grid_solar_opacity/runs/T3460p08_rho2p52101em10/fac-opacity-cowan-state/starout.h5
3460.0806493194823,3.6228897509242966e-10,fac-opacity-cowan-state,T3460p08_rho3p62289em10,0.31099438420968856,2.215853613500156e-12,0.31099438421037184,7.385620338370188e-13,ok,/home/elads/STAR/full_grid_solar_opacity/runs/T3460p08_rho3p62289em10/fac-opacity-cowan-state/starout.h5
3460.0806493194823,5.20637484663258e-10,fac-opacity-cowan-state,T3460p08_rho5p20637em10,0.31099438420191844,3.1844707596921614e-12,0.3109943842029009,1.0616347254645739e-12,ok,/home/elads/STAR/full_grid_solar_opacity/runs/T3460p08_rho5p20637em10/fac-opacity-cowan-state/starout.h5
3460.0806493194823,7.481966305138837e-10,fac-opacity-cowan-state,T3460p08_rho7p48197em10,0.31099438419098446,4.579486388995811e-12,0.3109943841923978,1.526785654864056e-12,ok,/home/elads/STAR/full_grid_solar_opacity/runs/T3460p08_rho7p48197em10/fac-opacity-cowan-state/starout.h5
3460.0806493194823,1.0752168531898921e-09,fac-opacity-cowan-state,T3460p08_rho1p07522em09,0.31099438417542125,6.591185551859493e-12,0.3109943841774547,2.197284096924373e-12,ok,/home/elads/STAR/full_grid_solar_opacity/runs/T3460p08_rho1p07522em09/fac-opacity-cowan-state/starout.h5
3460.0806493194823,1.5451703926941453e-09,fac-opacity-cowan-state,T3460p08_rho1p54517em09,0.3109943841531938,9.489503218165399e-12,0.3109943841561224,3.1632451300731067e-12,ok,/home/elads/STAR/full_grid_solar_opacity/runs/T3460p08_rho1p54517em09/fac-opacity-cowan-state/starout.h5
3460.0806493194823,2.220530245015531e-09,fac-opacity-cowan-state,T3460p08_rho2p22053em09,0.3109943841216377,1.3651065832083493e-11,0.31099438412584834,4.548696418623338e-12,ok,/home/elads/STAR/full_grid_solar_opacity/runs/T3460p08_rho2p22053em09/fac-opacity-cowan-state/starout.h5
3460.0806493194823,3.1910749729235452e-09,fac-opacity-cowan-state,T3460p08_rho3p19107em09,0.31099438407695795,1.954498623160575e-11,0.3109943840829883,6.5142316916620885e-12,ok,/home/elads/STAR/full_grid_solar_opacity/runs/T3460p08_rho3p19107em09/fac-opacity-cowan-state/starout.h5
3460.0806493194823,4.585823366142813e-09,fac-opacity-cowan-state,T3460p08_rho4p58582em09,0.3109943840141183,2.8040816180502972e-11,0.31099438402276564,9.342387217276813e-12,ok,/home/elads/STAR/full_grid_solar_opacity/runs/T3460p08_rho4p58582em09/fac-opacity-cowan-state/starout.h5
3460.0806493194823,6.590185477903269e-09,fac-opacity-cowan-state,T3460p08_rho6p59019em09,0.3109943839249769,4.0254701192355826e-11,0.3109943839373923,1.3412419033846984e-11,ok,/home/elads/STAR/full_grid_solar_opacity/runs/T3460p08_rho6p59019em09/fac-opacity-cowan-state/starout.h5
3460.0806493194823,9.470610000772238e-09,fac-opacity-cowan-state,T3460p08_rho9p47061em09,0.31099438379905664,5.782778431327817e-11,0.31099438381689004,1.926508910192999e-11,ok,/home/elads/STAR/full_grid_solar_opacity/runs/T3460p08_rho9p47061em09/fac-opacity-cowan-state/starout.h5
3460.0806493194823,1.3610004466105506e-08,fac-opacity-cowan-state,T3460p08_rho1p361em08,0.3109943836332226,8.320817391560295e-11,0.31099438365888377,2.7722135415958913e-11,ok,/home/elads/STAR/full_grid_solar_opacity/runs/T3460p08_rho1p361em08/fac-opacity-cowan-state/starout.h5
3460.0806493194823,1.9558636830395073e-08,fac-opacity-cowan-state,T3460p08_rho1p95586em08,0.3109943834098217,1.1976622525861898e-10,0.3109943834467547,3.989876781629643e-11,ok,/home/elads/STAR/full_grid_solar_opacity/runs/T3460p08_rho1p95586em08/fac-opacity-cowan-state/starout.h5
3460.0806493194823,2.810728502080722e-08,fac-opacity-cowan-state,T3460p08_rho2p81073em08,0.3109943831159745,1.7152933738913986e-10,0.31099438316885963,5.7132388225729456e-11,ok,/home/elads/STAR/full_grid_solar_opacity/runs/T3460p08_rho2p81073em08/fac-opacity-cowan-state/starout.h5
3460.0806493194823,4.039235853150913e-08,fac-opacity-cowan-state,T3460p08_rho4p03924em08,0.31099438273287544,2.4604341981481126e-10,0.3109943828087152,8.193160171434128e-11,ok,/home/elads/STAR/full_grid_solar_opacity/runs/T3460p08_rho4p03924em08/fac-opacity-cowan-state/starout.h5
3460.0806493194823,5.804696634805446e-08,fac-opacity-cowan-state,T3460p08_rho5p8047em08,0.3109943822523705,3.5401068475845877e-10,0.3109943823614748,1.1786694430012648e-10,ok,/home/elads/STAR/full_grid_solar_opacity/runs/T3460p08_rho5p8047em08/fac-opacity-cowan-state/starout.h5
3460.0806493194823,8.341801332506338e-08,fac-opacity-cowan-state,T3460p08_rho8p3418em08,0.3109943816339837,5.089608137841066e-10,0.3109943817908202,1.6943239848194115e-10,ok,/home/elads/STAR/full_grid_solar_opacity/runs/T3460p08_rho8p3418em08/fac-opacity-cowan-state/starout.h5
3460.0806493194823,1.1987818459583772e-07,fac-opacity-cowan-state,T3460p08_rho1p19878em07,0.31099438086725956,7.30142961332413e-10,0.31099438109223676,2.430423914254527e-10,ok,/home/elads/STAR/full_grid_solar_opacity/runs/T3460p08_rho1p19878em07/fac-opacity-cowan-state/starout.h5
3460.0806493194823,1.7227429147699408e-07,fac-opacity-cowan-state,T3460p08_rho1p72274em07,0.3109943799439021,1.0471270791295737e-09,0.31099438026655035,3.485527141648798e-10,ok,/home/elads/STAR/full_grid_solar_opacity/runs/T3460p08_rho1p72274em07/fac-opacity-cowan-state/starout.h5
3460.0806493194823,2.4757157946593376e-07,fac-opacity-cowan-state,T3460p08_rho2p47572em07,0.31099437881061354,1.506553777413388e-09,0.31099437927483253,5.014818192537576e-10,ok,/home/elads/STAR/full_grid_solar_opacity/runs/T3460p08_rho2p47572em07/fac-opacity-cowan-state/starout.h5
3460.0806493194823,3.557796490339488e-07,fac-opacity-cowan-state,T3460p08_rho3p5578em07,0.31099437743741926,2.171733805284215e-09,0.3109943781065727,7.228561440203864e-10,ok,/home/elads/STAR/full_grid_solar_opacity/runs/T3460p08_rho3p5578em07/fac-opacity-cowan-state/starout.h5
3460.0806493194823,5.112830759482948e-07,fac-opacity-cowan-state,T3460p08_rho5p11283em07,0.310994375773568,3.1171494601815424e-09,0.31099437673374375,1.0372269426325089e-09,ok,/home/elads/STAR/full_grid_solar_opacity/runs/T3460p08_rho5p11283em07/fac-opacity-cowan-state/starout.h5
3460.0806493194823,7.347536163492159e-07,fac-opacity-cowan-state,T3460p08_rho7p34754em07,0.3109943737694085,4.452619674346166e-09,0.3109943751402329,1.4808307925206594e-09,ok,/home/elads/STAR/full_grid_solar_opacity/runs/T3460p08_rho7p34754em07/fac-opacity-cowan-state/starout.h5
3460.0806493194823,1.0558981944335787e-06,fac-opacity-cowan-state,T3460p08_rho1p0559em06,0.3109943713516794,6.375727383260229e-09,0.31099437331362334,2.1193776694845303e-09,ok,/home/elads/STAR/full_grid_solar_opacity/runs/T3460p08_rho1p0559em06/fac-opacity-cowan-state/starout.h5
3460.0806493194823,1.517407974863493e-06,fac-opacity-cowan-state,T3460p08_rho1p51741em06,0.31099436844326656,9.50758523105741e-09,0.3109943714048557,3.196641455178035e-09,ok,/home/elads/STAR/full_grid_solar_opacity/runs/T3460p08_rho1p51741em06/fac-opacity-cowan-state/starout.h5
3460.0806493194823,2.1806334875063253e-06,fac-opacity-cowan-state,T3460p08_rho2p18063em06,0.31099436495576094,1.3962014698165705e-08,0.31099436932619834,4.71571801807656e-09,ok,/home/elads/STAR/full_grid_solar_opacity/runs/T3460p08_rho2p18063em06/fac-opacity-cowan-state/starout.h5
3460.0806493194823,3.1337402238588983e-06,fac-opacity-cowan-state,T3460p08_rho3p13374em06,0.3109943607978539,2.005208532387378e-08,0.3109943670728687,6.770619210556973e-09,ok,/home/elads/STAR/full_grid_solar_opacity/runs/T3460p08_rho3p13374em06/fac-opacity-cowan-state/starout.h5
3460.0806493194823,4.503428864545845e-06,fac-opacity-cowan-state,T3460p08_rho4p50343em06,0.3109943557544709,2.8703316223761128e-08,0.31099436473326897,9.687683390421211e-09,ok,/home/elads/STAR/full_grid_solar_opacity/runs/T3460p08_rho4p50343em06/fac-opacity-cowan-state/starout.h5
3460.0806493194823,6.471778159406801e-06,fac-opacity-cowan-state,T3460p08_rho6p47178em06,0.31099434967872586,4.212337579739321e-08,0.31099436307423695,1.4432962676734077e-08,ok,/home/elads/STAR/full_grid_solar_opacity/runs/T3460p08_rho6p47178em06/fac-opacity-cowan-state/starout.h5
3460.0806493194823,9.300449458481393e-06,fac-opacity-cowan-state,T3460p08_rho9p30045em06,0.310994342664161,6.747820990676819e-08,0.31099436671190833,2.5699244587814544e-08,ok,/home/elads/STAR/full_grid_solar_opacity/runs/T3460p08_rho9p30045em06/fac-opacity-cowan-state/starout.h5
3460.0806493194823,1.3365470508911143e-05,fac-opacity-cowan-state,T3460p08_rho1p33655em05,0.3109943338952287,9.597346296604479e-08,0.3109943680711019,3.6522485140698334e-08,ok,/home/elads/STAR/full_grid_solar_opacity/runs/T3460p08_rho1p33655em05/fac-opacity-cowan-state/starout.h5
3460.0806493194823,1.920722248123928e-05,fac-opacity-cowan-state,T3460p08_rho1p92072em05,0.3109943230620867,1.3748416912868076e-07,0.31099437194129553,5.2237272842490555e-08,ok,/home/elads/STAR/full_grid_solar_opacity/runs/T3460p08_rho1p92072em05/fac-opacity-cowan-state/starout.h5
3460.0806493194823,2.760227522090268e-05,fac-opacity-cowan-state,T3460p08_rho2p76023em05,0.31099431084259893,1.983753783826172e-07,0.3109943813051421,7.530170647352672e-08,ok,/home/elads/STAR/full_grid_solar_opacity/runs/T3460p08_rho2p76023em05/fac-opacity-cowan-state/starout.h5
3460.0806493194823,3.966662010161191e-05,fac-opacity-cowan-state,T3460p08_rho3p96666em05,0.3109942948519645,2.8512789377300893e-07,0.3109943960844592,1.081738662883413e-07,ok,/home/elads/STAR/full_grid_solar_opacity/runs/T3460p08_rho3p96666em05/fac-opacity-cowan-state/starout.h5
3460.0806493194823,5.7004023678963655e-05,fac-opacity-cowan-state,T3460p08_rho5p7004em05,0.3109942751639758,4.081799183898125e-07,0.31099442004886724,1.5479349987941884e-07,ok,/home/elads/STAR/full_grid_solar_opacity/runs/T3460p08_rho5p7004em05/fac-opacity-cowan-state/starout.h5
3460.0806493194823,8.191922344953684e-05,fac-opacity-cowan-state,T3460p08_rho8p19192em05,0.31099426607488706,5.875137844941202e-07,0.3109944743541351,2.2249927430017585e-07,ok,/home/elads/STAR/full_grid_solar_opacity/runs/T3460p08_rho8p19192em05/fac-opacity-cowan-state/starout.h5
3460.0806493194823,0.00011772430676769293,fac-opacity-cowan-state,T3460p08_rho0p000117724,0.31099428673295104,8.401840369816149e-07,0.3109945838177816,3.1735919063535487e-07,ok,/home/elads/STAR/full_grid_solar_opacity/runs/T3460p08_rho0p000117724/fac-opacity-cowan-state/starout.h5
3460.0806493194823,0.00016917900122028344,fac-opacity-cowan-state,T3460p08_rho0p000169179,0.3109942591595678,1.2042228648632208e-06,0.31099468294795557,4.527656997112333e-07,ok,/home/elads/STAR/full_grid_solar_opacity/runs/T3460p08_rho0p000169179/fac-opacity-cowan-state/starout.h5
3460.0806493194823,0.0002431234061999784,fac-opacity-cowan-state,T3460p08_rho0p000243123,0.31099422446021147,1.7242485451761153e-06,0.3109948286753171,6.455510710966579e-07,ok,/home/elads/STAR/full_grid_solar_opacity/runs/T3460p08_rho0p000243123/fac-opacity-cowan-state/starout.h5
3460.0806493194823,0.0003493872774749123,fac-opacity-cowan-state,T3460p08_rho0p000349387,0.3109941731977534,2.4723958336819774e-06,0.3109950381656521,9.239186785444262e-07,ok,/home/elads/STAR/full_grid_solar_opacity/runs/T3460p08_rho0p000349387/fac-opacity-cowan-state/starout.h5
3460.0806493194823,0.0005020967399614471,fac-opacity-cowan-state,T3460p08_rho0p000502097,0.3109940942827578,3.541725043436397e-06,0.31099532939501373,1.3190752081354478e-06,ok,/home/elads/STAR/full_grid_solar_opacity/runs/T3460p08_rho0p000502097/fac-opacity-cowan-state/starout.h5
3460.0806493194823,0.0007215521357901021,fac-opacity-cowan-state,T3460p08_rho0p000721552,0.3109940274222321,5.0598194394801865e-06,0.31099577816033847,1.870055285934522e-06,ok,/home/elads/STAR/full_grid_solar_opacity/runs/T3460p08_rho0p000721552/fac-opacity-cowan-state/starout.h5
3460.0806493194823,0.0010369266382873438,fac-opacity-cowan-state,T3460p08_rho0p00103693,0.3109939177722926,7.2413585096605595e-06,0.31099641337909006,2.6650213907406153e-06,ok,/home/elads/STAR/full_grid_solar_opacity/runs/T3460p08_rho0p00103693/fac-opacity-cowan-state/starout.h5
3460.0806493194823,0.0014901443705277455,fac-opacity-cowan-state,T3460p08_rho0p00149014,0.31099376169461623,1.0349391699082061e-05,0.3109973058463303,3.7842284121579376e-06,ok,/home/elads/STAR/full_grid_solar_opacity/runs/T3460p08_rho0p00149014/fac-opacity-cowan-state/starout.h5
3460.0806493194823,0.002141453563853953,fac-opacity-cowan-state,T3460p08_rho0p00214145,0.31099354178164,1.4771237825552215e-05,0.31099855622475314,5.353916940756072e-06,ok,/home/elads/STAR/full_grid_solar_opacity/runs/T3460p08_rho0p00214145/fac-opacity-cowan-state/starout.h5
3460.0806493194823,0.003077435620898055,fac-opacity-cowan-state,T3460p08_rho0p00307744,0.3109932345897993,2.1092350176685054e-05,0.31100034121132347,7.585821455815432e-06,ok,/home/elads/STAR/full_grid_solar_opacity/runs/T3460p08_rho0p00307744/fac-opacity-cowan-state/starout.h5
3460.0806493194823,0.004422514763163053,fac-opacity-cowan-state,T3460p08_rho0p00442251,0.31099282859420846,3.00969980116799e-05,0.3110028768632307,1.0723265773117077e-05,ok,/home/elads/STAR/full_grid_solar_opacity/runs/T3460p08_rho0p00442251/fac-opacity-cowan-state/starout.h5
3460.0806493194823,0.006355498291362301,fac-opacity-cowan-state,T3460p08_rho0p0063555,0.3109922921954781,4.288486642013355e-05,0.3110064236479041,1.508018183871409e-05,ok,/home/elads/STAR/full_grid_solar_opacity/runs/T3460p08_rho0p0063555/fac-opacity-cowan-state/starout.h5
3460.0806493194823,0.009133346228248624,fac-opacity-cowan-state,T3460p08_rho0p00913335,0.3109915747519433,6.119892583415928e-05,0.31101151881042355,2.127581125722359e-05,ok,/home/elads/STAR/full_grid_solar_opacity/runs/T3460p08_rho0p00913335/fac-opacity-cowan-state/starout.h5
3460.0806493194823,0.01312533014735226,fac-opacity-cowan-state,T3460p08_rho0p0131253,0.3109906628293436,8.736031032315335e-05,0.3110187872563816,2.9990704772604757e-05,ok,/home/elads/STAR/full_grid_solar_opacity/runs/T3460p08_rho0p0131253/fac-opacity-cowan-state/starout.h5
3460.0806493194823,0.018862122071335155,fac-opacity-cowan-state,T3460p08_rho0p0188621,0.31098946007403055,0.00012463192212082498,0.31102898094005743,4.212959095429878e-05,ok,/home/elads/STAR/full_grid_solar_opacity/runs/T3460p08_rho0p0188621/fac-opacity-cowan-state/starout.h5
3460.0806493194823,0.02710633904364831,fac-opacity-cowan-state,T3460p08_rho0p0271063,0.31098787307156905,0.00017786349469173698,0.31104330406539,5.90709035186892e-05,ok,/home/elads/STAR/full_grid_solar_opacity/runs/T3460p08_rho0p0271063/fac-opacity-cowan-state/starout.h5
3460.0806493194823,0.038953921174427183,fac-opacity-cowan-state,T3460p08_rho0p0389539,0.31098573464664203,0.00025415238790996067,0.3110636317031018,8.29637589434692e-05,ok,/home/elads/STAR/full_grid_solar_opacity/runs/T3460p08_rho0p0389539/fac-opacity-cowan-state/starout.h5
3460.0806493194823,0.0559798197912329,fac-opacity-cowan-state,T3460p08_rho0p0559798,0.3109827992357785,0.0003626528184876928,0.3110914799064097,0.00011570610249830618,ok,/home/elads/STAR/full_grid_solar_opacity/runs/T3460p08_rho0p0559798/fac-opacity-cowan-state/starout.h5
3460.0806493194823,0.08044736266284185,fac-opacity-cowan-state,T3460p08_rho0p0804474,0.3109787441193504,0.0005178359132747314,0.31113038170696905,0.0001613416932642329,ok,/home/elads/STAR/full_grid_solar_opacity/runs/T3460p08_rho0p0804474/fac-opacity-cowan-state/starout.h5
3460.0806493194823,0.11560912813835741,fac-opacity-cowan-state,T3460p08_rho0p115609,0.31097308720490835,0.0007385830129024583,0.3111832255917043,0.00022347391170520527,ok,/home/elads/STAR/full_grid_solar_opacity/runs/T3460p08_rho0p115609/fac-opacity-cowan-state/starout.h5
3460.0806493194823,0.1661393247274789,fac-opacity-cowan-state,T3460p08_rho0p166139,0.31096516658620693,0.001052816312611006,0.311254797113359,0.0003078525892270841,ok,/home/elads/STAR/full_grid_solar_opacity/runs/T3460p08_rho0p166139/fac-opacity-cowan-state/starout.h5
3460.0806493194823,0.23875515424585794,fac-opacity-cowan-state,T3460p08_rho0p238755,0.3109539779297397,0.0015002840565776217,0.31135175761587774,0.00042249807004199433,ok,/home/elads/STAR/full_grid_solar_opacity/runs/T3460p08_rho0p238755/fac-opacity-cowan-state/starout.h5
3460.0806493194823,0.34310975906798746,fac-opacity-cowan-state,T3460p08_rho0p34311,0.3109362839751492,0.0021402508299021824,0.3114811531316858,0.0005782345086317781,ok,/home/elads/STAR/full_grid_solar_opacity/runs/T3460p08_rho0p34311/fac-opacity-cowan-state/starout.h5
3460.0806493194823,0.49307545690287347,fac-opacity-cowan-state,T3460p08_rho0p493075,0.31091259954584594,0.0030539536333092435,0.31165621061523535,0.0007882902507212538,ok,/home/elads/STAR/full_grid_solar_opacity/runs/T3460p08_rho0p493075/fac-opacity-cowan-state/starout.h5
3460.0806493194823,0.7085878491488851,fac-opacity-cowan-state,T3460p08_rho0p708588,0.3108787740423113,0.004360688678937049,0.31189110345300136,0.0010716407166435477,ok,/home/elads/STAR/full_grid_solar_opacity/runs/T3460p08_rho0p708588/fac-opacity-cowan-state/starout.h5
3460.0806493194823,1.0182959482819007,fac-opacity-cowan-state,T3460p08_rho1p0183,0.3108307101284354,0.006231955649537139,0.31220635758050125,0.0014536040095405175,ok,/home/elads/STAR/full_grid_solar_opacity/runs/T3460p08_rho1p0183/fac-opacity-cowan-state/starout.h5
3460.0806493194823,1.4633706173946401,fac-opacity-cowan-state,T3460p08_rho1p46337,0.31076260225474955,0.008913312704759641,0.3126285940197048,0.0019672475734094637,ok,/home/elads/STAR/full_grid_solar_opacity/runs/T3460p08_rho1p46337/fac-opacity-cowan-state/starout.h5
3460.0806493194823,2.1029775945461404,fac-opacity-cowan-state,T3460p08_rho2p10298,0.31066625995781805,0.01275909972464467,0.3131936813086735,0.002657142808826554,ok,/home/elads/STAR/full_grid_solar_opacity/runs/T3460p08_rho2p10298/fac-opacity-cowan-state/starout.h5
3460.0806493194823,3.0221426551783854,fac-opacity-cowan-state,T3460p08_rho3p02214,0.31053046417395613,0.01827335009097542,0.3139457230490324,0.0035786137680767997,ok,/home/elads/STAR/full_grid_solar_opacity/runs/T3460p08_rho3p02214/fac-opacity-cowan-state/starout.h5
3460.0806493194823,4.343054463316713,fac-opacity-cowan-state,T3460p08_rho4p34305,0.310339948590232,0.026180961610766097,0.3149432746150946,0.004804771069059287,ok,/home/elads/STAR/full_grid_solar_opacity/runs/T3460p08_rho4p34305/fac-opacity-cowan-state/starout.h5
3460.0806493194823,6.241307649397467,fac-opacity-cowan-state,T3460p08_rho6p24131,0.3100734101990431,0.03751731107449882,0.31625974596435313,0.006428274039069564,ok,/home/elads/STAR/full_grid_solar_opacity/runs/T3460p08_rho6p24131/fac-opacity-cowan-state/starout.h5
3460.0806493194823,8.969245378672715,fac-opacity-cowan-state,T3460p08_rho8p96925,0.3097032180557168,0.0537560405316252,0.31798500464606855,0.008562336287701401,ok,/home/elads/STAR/full_grid_solar_opacity/runs/T3460p08_rho8p96925/fac-opacity-cowan-state/starout.h5
3460.0806493194823,12.889504440725364,fac-opacity-cowan-state,T3460p08_rho12p8895,0.3091921740584179,0.0769988813772251,0.3202341488779116,0.011352054361030501,ok,/home/elads/STAR/full_grid_solar_opacity/runs/T3460p08_rho12p8895/fac-opacity-cowan-state/starout.h5
3460.0806493194823,18.52322215674118,fac-opacity-cowan-state,T3460p08_rho18p5232,0.30849217914024407,0.11022451705193743,0.3231492611367956,0.014976210156711245,ok,/home/elads/STAR/full_grid_solar_opacity/runs/T3460p08_rho18p5232/fac-opacity-cowan-state/starout.h5
3460.0806493194823,26.61931346126126,fac-opacity-cowan-state,T3460p08_rho26p6193,0.30754285926705655,0.15763956755285966,0.32690540925916634,0.01965355836280301,ok,/home/elads/STAR/full_grid_solar_opacity/runs/T3460p08_rho26p6193/fac-opacity-cowan-state/starout.h5
3460.0806493194823,38.254027466328665,fac-opacity-cowan-state,T3460p08_rho38p254,0.3062701500411907,0.22514438889515248,0.33171590844969734,0.025648835781411153,ok,/home/elads/STAR/full_grid_solar_opacity/runs/T3460p08_rho38p254/fac-opacity-cowan-state/starout.h5
3460.0806493194823,54.97401800103719,fac-opacity-cowan-state,T3460p08_rho54p974,0.3045889120449505,0.32096519563728465,0.3378500943189722,0.033288731448840196,ok,/home/elads/STAR/full_grid_solar_opacity/runs/T3460p08_rho54p974/fac-opacity-cowan-state/starout.h5
3460.0806493194823,79.0019471240894,fac-opacity-cowan-state,T3460p08_rho79p0019,0.3024093373729594,0.4564280489822251,0.3456413652240369,0.04296612874820717,ok,/home/elads/STAR/full_grid_solar_opacity/runs/T3460p08_rho79p0019/fac-opacity-cowan-state/starout.h5
3460.0806493194823,113.53195339077567,fac-opacity-cowan-state,T3460p08_rho113p532,0.2996495300394768,0.6469011209459862,0.3555079815021463,0.05515526312399685,ok,/home/elads/STAR/full_grid_solar_opacity/runs/T3460p08_rho113p532/fac-opacity-cowan-state/starout.h5
3460.0806493194823,163.15426277379785,fac-opacity-cowan-state,T3460p08_rho163p154,0.2962604181612903,0.9127492812956283,0.36797403995966005,0.07041999277575836,ok,/home/elads/STAR/full_grid_solar_opacity/runs/T3460p08_rho163p154/fac-opacity-cowan-state/starout.h5
3460.0806493194823,234.46538763970608,fac-opacity-cowan-state,T3460p08_rho234p465,0.292263076426948,1.2801808022065997,0.38372048444960394,0.08944621482120695,ok,/home/elads/STAR/full_grid_solar_opacity/runs/T3460p08_rho234p465/fac-opacity-cowan-state/starout.h5
3460.0806493194823,336.94503022121665,fac-opacity-cowan-state,T3460p08_rho336p945,0.28772042315537527,1.781354150480111,0.4035368678655544,0.11304724084597188,ok,/home/elads/STAR/full_grid_solar_opacity/runs/T3460p08_rho336p945/fac-opacity-cowan-state/starout.h5
3460.0806493194823,484.21626123015125,fac-opacity-cowan-state,T3460p08_rho484p216,0.2831942739940889,2.4523448016412273,0.4288506520638,0.1422369834049598,ok,/home/elads/STAR/full_grid_solar_opacity/runs/T3460p08_rho484p216/fac-opacity-cowan-state/starout.h5
3460.0806493194823,695.8564947100452,fac-opacity-cowan-state,T3460p08_rho695p856,0.27893248308220475,3.329477588613714,0.4608392906432171,0.17818825495377255,ok,/home/elads/STAR/full_grid_solar_opacity/runs/T3460p08_rho695p856/fac-opacity-cowan-state/starout.h5
3460.0806493194823,1000.0,fac-opacity-cowan-state,T3460p08_rho1000,0.27583434470971846,4.43773942954151,0.5016144679634609,0.2223755100300927,ok,/home/elads/STAR/full_grid_solar_opacity/runs/T3460p08_rho1000/fac-opacity-cowan-state/starout.h5
3809.1371972645397,1e-17,fac-opacity-cowan-state,T3809p14_rho1em17,0.31030096156728165,4.4429209062761066e-20,0.31030096156728165,1.4690952113022885e-20,ok,/home/elads/STAR/full_grid_solar_opacity/runs/T3809p14_rho1em17/fac-opacity-cowan-state/starout.h5
3809.1371972645397,1.4370779141993746e-17,fac-opacity-cowan-state,T3809p14_rho1p43708em17,0.310300961567282,6.319848923681355e-20,0.310300961567282,2.089281302664922e-20,ok,/home/elads/STAR/full_grid_solar_opacity/runs/T3809p14_rho1p43708em17/fac-opacity-cowan-state/starout.h5
3809.1371972645397,2.065192931479625e-17,fac-opacity-cowan-state,T3809p14_rho2p06519em17,0.3103009615672838,9.017238368277549e-20,0.31030096156728376,2.980570296337894e-20,ok,/home/elads/STAR/full_grid_solar_opacity/runs/T3809p14_rho2p06519em17/fac-opacity-cowan-state/starout.h5
3809.1371972645397,2.9678431503900313e-17,fac-opacity-cowan-state,T3809p14_rho2p96784em17,0.3103009615672835,1.2899549977204689e-19,0.3103009615672835,4.26335393048779e-20,ok,/home/elads/STAR/full_grid_solar_opacity/runs/T3809p14_rho2p96784em17/fac-opacity-cowan-state/starout.h5
3809.1371972645397,4.2650218442334076e-17,fac-opacity-cowan-state,T3809p14_rho4p26502em17,0.31030096156728326,1.8487010313545217e-19,0.31030096156728326,6.109499166281307e-20,ok,/home/elads/STAR/full_grid_solar_opacity/runs/T3809p14_rho4p26502em17/fac-opacity-cowan-state/starout.h5
3809.1371972645397,6.129168695925715e-17,fac-opacity-cowan-state,T3809p14_rho6p12917em17,0.3103009615626848,2.654201407541751e-19,0.3103009615626848,8.771214151151618e-20,ok,/home/elads/STAR/full_grid_solar_opacity/runs/T3809p14_rho6p12917em17/fac-opacity-cowan-state/starout.h5
3809.1371972645397,8.808092965317026e-17,fac-opacity-cowan-state,T3809p14_rho8p80809em17,0.3103009615626705,3.81424698746014e-19,0.3103009615626705,1.2604763830035657e-19,ok,/home/elads/STAR/full_grid_solar_opacity/runs/T3809p14_rho8p80809em17/fac-opacity-cowan-state/starout.h5
3809.1371972645397,1.2657915866672028e-16,fac-opacity-cowan-state,T3809p14_rho1p26579em16,0.310300961562671,5.481297163584015e-19,0.3103009615626709,1.8113788723881472e-19,ok,/home/elads/STAR/full_grid_solar_opacity/runs/T3809p14_rho1p26579em16/fac-opacity-cowan-state/starout.h5
3809.1371972645397,1.819041133178821e-16,fac-opacity-cowan-state,T3809p14_rho1p81904em16,0.3103009615626692,7.876934046390659e-19,0.3103009615626692,2.603054255767153e-19,ok,/home/elads/STAR/full_grid_solar_opacity/runs/T3809p14_rho1p81904em16/fac-opacity-cowan-state/starout.h5
3809.1371972645397,2.6141038375114865e-16,fac-opacity-cowan-state,T3809p14_rho2p6141em16,0.3103009615625824,1.1319581786364984e-18,0.3103009615625824,3.740730854962685e-19,ok,/home/elads/STAR/full_grid_solar_opacity/runs/T3809p14_rho2p6141em16/fac-opacity-cowan-state/starout.h5
3809.1371972645397,3.7566708903116036e-16,fac-opacity-cowan-state,T3809p14_rho3p75667em16,0.31030096155431075,1.6266827045208766e-18,0.31030096155431075,5.375625498757857e-19,ok,/home/elads/STAR/full_grid_solar_opacity/runs/T3809p14_rho3p75667em16/fac-opacity-cowan-state/starout.h5
3809.1371972645397,5.398628767382507e-16,fac-opacity-cowan-state,T3809p14_rho5p39863em16,0.31030096156266895,2.3376231680069727e-18,0.310300961562669,7.725040259764308e-19,ok,/home/elads/STAR/full_grid_solar_opacity/runs/T3809p14_rho5p39863em16/fac-opacity-cowan-state/starout.h5
3809.1371972645397,7.758250168566793e-16,fac-opacity-cowan-state,T3809p14_rho7p75825em16,0.31030096156267817,3.3592733394650926e-18,0.31030096156267817,1.1101245213383762e-18,ok,/home/elads/STAR/full_grid_solar_opacity/runs/T3809p14_rho7p75825em16/fac-opacity-cowan-state/starout.h5
3809.1371972645397,1.1149209970080914e-15,fac-opacity-cowan-state,T3809p14_rho1p11492em15,0.3103009615626801,4.827421930153257e-18,0.31030096156268006,1.59529769570234e-18,ok,/home/elads/STAR/full_grid_solar_opacity/runs/T3809p14_rho1p11492em15/fac-opacity-cowan-state/starout.h5
3809.1371972645397,1.6022283408774753e-15,fac-opacity-cowan-state,T3809p14_rho1p60223em15,0.31030096152126097,6.937199889969533e-18,0.31030096152126097,2.2925079242118836e-18,ok,/home/elads/STAR/full_grid_solar_opacity/runs/T3809p14_rho1p60223em15/fac-opacity-cowan-state/starout.h5
3809.1371972645397,2.3025269621793266e-15,fac-opacity-cowan-state,T3809p14_rho2p30253em15,0.3103009615626789,9.969014045967406e-18,0.3103009615626789,3.2944204784206518e-18,ok,/home/elads/STAR/full_grid_solar_opacity/runs/T3809p14_rho2p30253em15/fac-opacity-cowan-state/starout.h5
3809.1371972645397,3.308910644196489e-15,fac-opacity-cowan-state,T3809p14_rho3p30891em15,0.3103009615626789,1.432581104332412e-17,0.3103009615626789,4.734196246231539e-18,ok,/home/elads/STAR/full_grid_solar_opacity/runs/T3809p14_rho3p30891em15/fac-opacity-cowan-state/starout.h5
3809.1371972645397,4.755162406834019e-15,fac-opacity-cowan-state,T3809p14_rho4p75516em15,0.3103009615626791,2.0586630006980268e-17,0.3103009615626791,6.8031891266823085e-18,ok,/home/elads/STAR/full_grid_solar_opacity/runs/T3809p14_rho4p75516em15/fac-opacity-cowan-state/starout.h5
3809.1371972645397,6.8335388732923106e-15,fac-opacity-cowan-state,T3809p14_rho6p83354em15,0.31030096156267895,2.9583554236291314e-17,0.31030096156267906,9.77637686184724e-18,ok,/home/elads/STAR/full_grid_solar_opacity/runs/T3809p14_rho6p83354em15/fac-opacity-cowan-state/starout.h5
3809.1371972645397,9.820327790631256e-15,fac-opacity-cowan-state,T3809p14_rho9p82033em15,0.3103009615626786,4.2512280213392627e-17,0.3103009615626786,1.4048900701173675e-17,ok,/home/elads/STAR/full_grid_solar_opacity/runs/T3809p14_rho9p82033em15/fac-opacity-cowan-state/starout.h5
3809.1371972645397,1.4112576178114521e-14,fac-opacity-cowan-state,T3809p14_rho1p41126em14,0.3103009615626834,6.109106455277442e-17,0.3103009615626834,2.01885927604282e-17,ok,/home/elads/STAR/full_grid_solar_opacity/runs/T3809p14_rho1p41126em14/fac-opacity-cowan-state/starout.h5
3809.1371972645397,2.0280871538024598e-14,fac-opacity-cowan-state,T3809p14_rho2p02809em14,0.3103009615626794,8.778902355682079e-17,0.31030096156267944,2.901142544026222e-17,ok,/home/elads/STAR/full_grid_solar_opacity/runs/T3809p14_rho2p02809em14/fac-opacity-cowan-state/starout.h5
3809.1371972645397,2.914519256800997e-14,fac-opacity-cowan-state,T3809p14_rho2p91452em14,0.310300961562678,1.2615430719903034e-16,0.31030096156267806,4.168996317367368e-17,ok,/home/elads/STAR/full_grid_solar_opacity/runs/T3809p14_rho2p91452em14/fac-opacity-cowan-state/starout.h5
3809.1371972645397,4.188391254457488e-14,fac-opacity-cowan-state,T3809p14_rho4p18839em14,0.31030096156272685,1.8128564391638704e-16,0.31030096156272685,5.99091992624865e-17,ok,/home/elads/STAR/full_grid_solar_opacity/runs/T3809p14_rho4p18839em14/fac-opacity-cowan-state/starout.h5
3809.1371972645397,6.019044567806669e-14,fac-opacity-cowan-state,T3809p14_rho6p01904em14,0.31030096156266956,2.6050999155506086e-16,0.3103009615626696,8.609050563655475e-17,ok,/home/elads/STAR/full_grid_solar_opacity/runs/T3809p14_rho6p01904em14/fac-opacity-cowan-state/starout.h5
3809.1371972645397,8.649836012976684e-14,fac-opacity-cowan-state,T3809p14_rho8p64984em14,0.31030096156267833,3.7435636204371077e-16,0.3103009615626784,1.237134649419097e-16,ok,/home/elads/STAR/full_grid_solar_opacity/runs/T3809p14_rho8p64984em14/fac-opacity-cowan-state/starout.h5
3809.1371972645397,1.2430488295695167e-13,fac-opacity-cowan-state,T3809p14_rho1p24305em13,0.3103009615626743,5.37955290931432e-16,0.31030096156267445,1.7777837841245152e-16,ok,/home/elads/STAR/full_grid_solar_opacity/runs/T3809p14_rho1p24305em13/fac-opacity-cowan-state/starout.h5
3809.1371972645397,1.7863580192457348e-13,fac-opacity-cowan-state,T3809p14_rho1p78636em13,0.31030096156266473,7.730502614029348e-16,0.31030096156266496,2.554709994381348e-16,ok,/home/elads/STAR/full_grid_solar_opacity/runs/T3809p14_rho1p78636em13/fac-opacity-cowan-state/starout.h5
3809.1371972645397,2.567135656310987e-13,fac-opacity-cowan-state,T3809p14_rho2p56714em13,0.31030096156266385,1.1108886624424302e-15,0.3103009615626642,3.6711796373180094e-16,ok,/home/elads/STAR/full_grid_solar_opacity/runs/T3809p14_rho2p56714em13/fac-opacity-cowan-state/starout.h5
3809.1371972645397,3.6891739544382357e-13,fac-opacity-cowan-state,T3809p14_rho3p68917em13,0.31030096156267073,1.5963768894201938e-15,0.31030096156267123,5.275600513175278e-16,ok,/home/elads/STAR/full_grid_solar_opacity/runs/T3809p14_rho3p68917em13/fac-opacity-cowan-state/starout.h5
3809.1371972645397,5.301630411562758e-13,fac-opacity-cowan-state,T3809p14_rho5p30163em13,0.31030096156262166,2.2940570475321396e-15,0.3103009615626223,7.581273448698873e-16,ok,/home/elads/STAR/full_grid_solar_opacity/runs/T3809p14_rho5p30163em13/fac-opacity-cowan-state/starout.h5
3809.1371972645397,7.618855973704612e-13,fac-opacity-cowan-state,T3809p14_rho7p61886em13,0.3103009615626384,3.296695394616362e-15,0.31030096156263937,1.0894777336725975e-15,ok,/home/elads/STAR/full_grid_solar_opacity/runs/T3809p14_rho7p61886em13/fac-opacity-cowan-state/starout.h5
3809.1371972645397,1.0948889651276868e-12,fac-opacity-cowan-state,T3809p14_rho1p09489em12,0.3103009615626413,4.7376390788139496e-15,0.3103009615626427,1.5656807462384216e-15,ok,/home/elads/STAR/full_grid_solar_opacity/runs/T3809p14_rho1p09489em12/fac-opacity-cowan-state/starout.h5
3809.1371972645397,1.5734407502856082e-12,fac-opacity-cowan-state,T3809p14_rho1p57344em12,0.3103009615625688,6.8085917803680156e-15,0.31030096156257087,2.2500923871486605e-15,ok,/home/elads/STAR/full_grid_solar_opacity/runs/T3809p14_rho1p57344em12/fac-opacity-cowan-state/starout.h5
3809.1371972645397,2.26115695153675e-12,fac-opacity-cowan-state,T3809p14_rho2p26116em12,0.3103009615625239,9.785189314811233e-15,0.31030096156252684,3.2338077110150695e-15,ok,/home/elads/STAR/full_grid_solar_opacity/runs/T3809p14_rho2p26116em12/fac-opacity-cowan-state/starout.h5
3809.1371972645397,3.249458715591849e-12,fac-opacity-cowan-state,T3809p14_rho3p24946em12,0.3103009615625432,1.4063813017189705e-14,0.3103009615625474,4.6478284886358535e-15,ok,/home/elads/STAR/full_grid_solar_opacity/runs/T3809p14_rho3p24946em12/fac-opacity-cowan-state/starout.h5
3809.1371972645397,4.669725353279713e-12,fac-opacity-cowan-state,T3809p14_rho4p66973em12,0.31030096156216197,2.0214604646238287e-14,0.3103009615621682,6.680585183878469e-15,ok,/home/elads/STAR/full_grid_solar_opacity/runs/T3809p14_rho4p66973em12/fac-opacity-cowan-state/starout.h5
3809.1371972645397,6.710759170575148e-12,fac-opacity-cowan-state,T3809p14_rho6p71076em12,0.3103009615617841,2.905780086222255e-14,0.31030096156179277,9.603167069054603e-15,ok,/home/elads/STAR/full_grid_solar_opacity/runs/T3809p14_rho6p71076em12/fac-opacity-cowan-state/starout.h5
3809.1371972645397,9.64388379154446e-12,fac-opacity-cowan-state,T3809p14_rho9p64388em12,0.3103009615478594,4.1773821865959703e-14,0.31030096154787234,1.380570968016068e-14,ok,/home/elads/STAR/full_grid_solar_opacity/runs/T3809p14_rho9p64388em12/fac-opacity-cowan-state/starout.h5
3809.1371972645397,1.3859012403933867e-11,fac-opacity-cowan-state,T3809p14_rho1p3859em11,0.3103009615621242,6.006325179605373e-14,0.31030096156214243,1.9850286441738322e-14,ok,/home/elads/STAR/full_grid_solar_opacity/runs/T3809p14_rho1p3859em11/fac-opacity-cowan-state/starout.h5
3809.1371972645397,1.9916480638308542e-11,fac-opacity-cowan-state,T3809p14_rho1p99165em11,0.31030096156001086,8.63844714636413e-14,0.31030096156003706,2.85495061459979e-14,ok,/home/elads/STAR/full_grid_solar_opacity/runs/T3809p14_rho1p99165em11/fac-opacity-cowan-state/starout.h5
3809.1371972645397,2.8621534453892672e-11,fac-opacity-cowan-state,T3809p14_rho2p86215em11,0.310300961561477,1.2428220905644094e-13,0.3103009615615148,4.1075113795415086e-14,ok,/home/elads/STAR/full_grid_solar_opacity/runs/T3809p14_rho2p86215em11/fac-opacity-cowan-state/starout.h5
3809.1371972645397,4.1131375034185614e-11,fac-opacity-cowan-state,T3809p14_rho4p11314em11,0.31030096156096154,1.7873937809008363e-13,0.3103009615610158,5.907340195476359e-14,ok,/home/elads/STAR/full_grid_solar_opacity/runs/T3809p14_rho4p11314em11/fac-opacity-cowan-state/starout.h5
3809.1371972645397,5.910899064227969e-11,fac-opacity-cowan-state,T3809p14_rho5p9109em11,0.31030096156021375,2.569521116520948e-13,0.31030096156029185,8.492194241754213e-14,ok,/home/elads/STAR/full_grid_solar_opacity/runs/T3809p14_rho5p9109em11/fac-opacity-cowan-state/starout.h5
3809.1371972645397,8.4944224982638e-11,fac-opacity-cowan-state,T3809p14_rho8p49442em11,0.31030096155915865,3.694592247910839e-13,0.3103009615592708,1.2210410092782803e-13,ok,/home/elads/STAR/full_grid_solar_opacity/runs/T3809p14_rho8p49442em11/fac-opacity-cowan-state/starout.h5
3809.1371972645397,1.2207146966133182e-10,fac-opacity-cowan-state,T3809p14_rho1p22071em10,0.31030096155759473,5.310777908101358e-13,0.31030096155775583,1.7551584972583617e-13,ok,/home/elads/STAR/full_grid_solar_opacity/runs/T3809p14_rho1p22071em10/fac-opacity-cowan-state/starout.h5
3809.1371972645397,1.7542621300415897e-10,fac-opacity-cowan-state,T3809p14_rho1p75426em10,0.3103009615553723,7.630111518178649e-13,0.3103009615556038,2.5216444536020046e-13,ok,/home/elads/STAR/full_grid_solar_opacity/runs/T3809p14_rho1p75426em10/fac-opacity-cowan-state/starout.h5
3809.1371972645397,2.52101136279913e-10,fac-opacity-cowan-state,T3809p14_rho2p52101em10,0.31030096155172565,1.0959804272409149e-12,0.31030096155205844,3.622041932973424e-13,ok,/home/elads/STAR/full_grid_solar_opacity/runs/T3809p14_rho2p52101em10/fac-opacity-cowan-state/starout.h5
3809.1371972645397,3.6228897509242966e-10,fac-opacity-cowan-state,T3809p14_rho3p62289em10,0.3081324541527981,1.575990328958546e-12,0.30813245415327656,5.207428288574352e-13,ok,/home/elads/STAR/full_grid_solar_opacity/runs/T3809p14_rho3p62289em10/fac-opacity-cowan-state/starout.h5
3809.1371972645397,5.20637484663258e-10,fac-opacity-cowan-state,T3809p14_rho5p20637em10,0.3081324541459801,2.2619420535616866e-12,0.30813245414666685,7.478143653648536e-13,ok,/home/elads/STAR/full_grid_solar_opacity/runs/T3809p14_rho5p20637em10/fac-opacity-cowan-state/starout.h5
3809.1371972645397,7.481966305138837e-10,fac-opacity-cowan-state,T3809p14_rho7p48197em10,0.308132454136664,3.2572133375039286e-12,0.30813245413765294,1.0763817088281746e-12,ok,/home/elads/STAR/full_grid_solar_opacity/runs/T3809p14_rho7p48197em10/fac-opacity-cowan-state/starout.h5
3809.1371972645397,1.0752168531898921e-09,fac-opacity-cowan-state,T3809p14_rho1p07522em09,0.30813245412352996,4.6834670779674684e-12,0.3081324541249524,1.5479744551658185e-12,ok,/home/elads/STAR/full_grid_solar_opacity/runs/T3809p14_rho1p07522em09/fac-opacity-cowan-state/starout.h5
3809.1371972645397,1.5451703926941453e-09,fac-opacity-cowan-state,T3809p14_rho1p54517em09,0.30813245410447737,6.7412745270136345e-12,0.3081324541065243,2.227958860450182e-12,ok,/home/elads/STAR/full_grid_solar_opacity/runs/T3809p14_rho1p54517em09/fac-opacity-cowan-state/starout.h5
3809.1371972645397,2.220530245015531e-09,fac-opacity-cowan-state,T3809p14_rho2p22053em09,0.3081324540774101,9.688032325348598e-12,0.3081324540803519,3.2020297577164296e-12,ok,/home/elads/STAR/full_grid_solar_opacity/runs/T3809p14_rho2p22053em09/fac-opacity-cowan-state/starout.h5
3809.1371972645397,3.1910749729235452e-09,fac-opacity-cowan-state,T3809p14_rho3p19107em09,0.3081324540390905,1.3891698080092788e-11,0.3081324540433084,4.5904829603319775e-12,ok,/home/elads/STAR/full_grid_solar_opacity/runs/T3809p14_rho3p19107em09/fac-opacity-cowan-state/starout.h5
3809.1371972645397,4.585823366142813e-09,fac-opacity-cowan-state,T3809p14_rho4p58582em09,0.30813245398518546,1.9925223376449924e-11,0.3081324539912349,6.58438925516032e-12,ok,/home/elads/STAR/full_grid_solar_opacity/runs/T3809p14_rho4p58582em09/fac-opacity-cowan-state/starout.h5
3809.1371972645397,6.590185477903269e-09,fac-opacity-cowan-state,T3809p14_rho6p59019em09,0.30813245390914923,2.861834444011862e-11,0.308132453917835,9.455125871673712e-12,ok,/home/elads/STAR/full_grid_solar_opacity/runs/T3809p14_rho6p59019em09/fac-opacity-cowan-state/starout.h5
3809.1371972645397,9.470610000772238e-09,fac-opacity-cowan-state,T3809p14_rho9p47061em09,0.30813245380490933,4.112051826625701e-11,0.3081324538173902,1.3586107991147493e-11,ok,/home/elads/STAR/full_grid_solar_opacity/runs/T3809p14_rho9p47061em09/fac-opacity-cowan-state/starout.h5
3809.1371972645397,1.3610004466105506e-08,fac-opacity-cowan-state,T3809p14_rho1p361em08,0.3081324536586395,5.917391380491145e-11,0.30813245367659897,1.9549096633308174e-11,ok,/home/elads/STAR/full_grid_solar_opacity/runs/T3809p14_rho1p361em08/fac-opacity-cowan-state/starout.h5
3809.1371972645397,1.9558636830395073e-08,fac-opacity-cowan-state,T3809p14_rho1p95586em08,0.30813245346750007,8.514679863870394e-11,0.3081324534933426,2.8128940727449407e-11,ok,/home/elads/STAR/full_grid_solar_opacity/runs/T3809p14_rho1p95586em08/fac-opacity-cowan-state/starout.h5
3809.1371972645397,2.810728502080722e-08,fac-opacity-cowan-state,T3809p14_rho2p81073em08,0.30813245321520816,1.2203302506680722e-10,0.3081324532522378,4.030735099013336e-11,ok,/home/elads/STAR/full_grid_solar_opacity/runs/T3809p14_rho2p81073em08/fac-opacity-cowan-state/starout.h5
3809.1371972645397,4.039235853150913e-08,fac-opacity-cowan-state,T3809p14_rho4p03924em08,0.3081324528861878,1.750676896734107e-10,0.3081324529392958,5.780805746760146e-11,ok,/home/elads/STAR/full_grid_solar_opacity/runs/T3809p14_rho4p03924em08/fac-opacity-cowan-state/starout.h5
3809.1371972645397,5.804696634805446e-08,fac-opacity-cowan-state,T3809p14_rho5p8047em08,0.308132452469792,2.517391983328127e-10,0.30813245254615396,8.31205745434645e-11,ok,/home/elads/STAR/full_grid_solar_opacity/runs/T3809p14_rho5p8047em08/fac-opacity-cowan-state/starout.h5
3809.1371972645397,8.341801332506338e-08,fac-opacity-cowan-state,T3809p14_rho8p3418em08,0.30813245194438477,3.61869501985039e-10,0.30813245205413786,1.1946710213339094e-10,ok,/home/elads/STAR/full_grid_solar_opacity/runs/T3809p14_rho8p3418em08/fac-opacity-cowan-state/starout.h5
3809.1371972645397,1.1987818459583772e-07,fac-opacity-cowan-state,T3809p14_rho1p19878em07,0.3081324512954926,5.193669070850074e-10,0.3081324514530111,1.714565309142506e-10,ok,/home/elads/STAR/full_grid_solar_opacity/runs/T3809p14_rho1p19878em07/fac-opacity-cowan-state/starout.h5
3809.1371972645397,1.7227429147699408e-07,fac-opacity-cowan-state,T3809p14_rho1p72274em07,0.30813245049677174,7.452788228250832e-10,0.30813245072279893,2.4602735355920774e-10,ok,/home/elads/STAR/full_grid_solar_opacity/runs/T3809p14_rho1p72274em07/fac-opacity-cowan-state/starout.h5
3809.1371972645397,2.4757157946593376e-07,fac-opacity-cowan-state,T3809p14_rho2p47572em07,0.3081324495253463,1.0718753524987873e-09,0.30813244985042926,3.5384032476356887e-10,ok,/home/elads/STAR/full_grid_solar_opacity/runs/T3809p14_rho2p47572em07/fac-opacity-cowan-state/starout.h5
3809.1371972645397,3.557796490339488e-07,fac-opacity-cowan-state,T3809p14_rho3p5578em07,0.30813244835252546,1.543819614067265e-09,0.308132448820714,5.095989786663198e-10,ok,/home/elads/STAR/full_grid_solar_opacity/runs/T3809p14_rho3p5578em07/fac-opacity-cowan-state/starout.h5
3809.1371972645397,5.112830759482948e-07,fac-opacity-cowan-state,T3809p14_rho5p11283em07,0.3081324469321496,2.2164016635862993e-09,0.30813244760414227,7.314253049128741e-10,ok,/home/elads/STAR/full_grid_solar_opacity/runs/T3809p14_rho5p11283em07/fac-opacity-cowan-state/starout.h5
3809.1371972645397,7.347536163492159e-07,fac-opacity-cowan-state,T3809p14_rho7p34754em07,0.30813244521198674,3.1696201697296383e-09,0.30813244617257707,1.0455475191833437e-09,ok,/home/elads/STAR/full_grid_solar_opacity/runs/T3809p14_rho7p34754em07/fac-opacity-cowan-state/starout.h5
3809.1371972645397,1.0558981944335787e-06,fac-opacity-cowan-state,T3809p14_rho1p0559em06,0.30813244314443716,4.540413880580622e-09,0.30813244451989574,1.4971005512939844e-09,ok,/home/elads/STAR/full_grid_solar_opacity/runs/T3809p14_rho1p0559em06/fac-opacity-cowan-state/starout.h5
3809.1371972645397,1.517407974863493e-06,fac-opacity-cowan-state,T3809p14_rho1p51741em06,0.308132440665578,6.7458842187535865e-09,0.30813244273069984,2.2460369505043677e-09,ok,/home/elads/STAR/full_grid_solar_opacity/runs/T3809p14_rho1p51741em06/fac-opacity-cowan-state/starout.h5
3809.1371972645397,2.1806334875063253e-06,fac-opacity-cowan-state,T3809p14_rho2p18063em06,0.3081324376853302,9.718157287287194e-09,0.3081324406571395,3.232314643847647e-09,ok,/home/elads/STAR/full_grid_solar_opacity/runs/T3809p14_rho2p18063em06/fac-opacity-cowan-state/starout.h5
3809.1371972645397,3.1337402238588983e-06,fac-opacity-cowan-state,T3809p14_rho3p13374em06,0.30813243408773755,1.4205702034117684e-08,0.3081324384550698,4.748250243526498e-09,ok,/home/elads/STAR/full_grid_solar_opacity/runs/T3809p14_rho3p13374em06/fac-opacity-cowan-state/starout.h5
3809.1371972645397,4.503428864545845e-06,fac-opacity-cowan-state,T3809p14_rho4p50343em06,0.3081324298323761,2.0332027945621344e-08,0.3081324360801283,6.792565327961261e-09,ok,/home/elads/STAR/full_grid_solar_opacity/runs/T3809p14_rho4p50343em06/fac-opacity-cowan-state/starout.h5
3809.1371972645397,6.471778159406801e-06,fac-opacity-cowan-state,T3809p14_rho6p47178em06,0.3081324246570705,2.9456162593312686e-08,0.3081324337029504,9.834630722125907e-09,ok,/home/elads/STAR/full_grid_solar_opacity/runs/T3809p14_rho6p47178em06/fac-opacity-cowan-state/starout.h5
3809.1371972645397,9.300449458481393e-06,fac-opacity-cowan-state,T3809p14_rho9p30045em06,0.3081324184009102,4.2854311159027965e-08,0.30813243172084326,1.4465479890207933e-08,ok,/home/elads/STAR/full_grid_solar_opacity/runs/T3809p14_rho9p30045em06/fac-opacity-cowan-state/starout.h5
3809.1371972645397,1.3365470508911143e-05,fac-opacity-cowan-state,T3809p14_rho1p33655em05,0.30813241126125035,6.680018671059557e-08,0.30813243405594043,2.4575621650422964e-08,ok,/home/elads/STAR/full_grid_solar_opacity/runs/T3809p14_rho1p33655em05/fac-opacity-cowan-state/starout.h5
3809.1371972645397,1.920722248123928e-05,fac-opacity-cowan-state,T3809p14_rho1p92072em05,0.3081324020699628,9.572737867678303e-08,0.30813243469657847,3.517636745923159e-08,ok,/home/elads/STAR/full_grid_solar_opacity/runs/T3809p14_rho1p92072em05/fac-opacity-cowan-state/starout.h5
3809.1371972645397,2.760227522090268e-05,fac-opacity-cowan-state,T3809p14_rho2p76023em05,0.30813239175425733,1.3788126380202222e-07,0.3081324386771739,5.0590817288975955e-08,ok,/home/elads/STAR/full_grid_solar_opacity/runs/T3809p14_rho2p76023em05/fac-opacity-cowan-state/starout.h5
3809.1371972645397,3.966662010161191e-05,fac-opacity-cowan-state,T3809p14_rho3p96666em05,0.3081323781492122,1.98261299225215e-07,0.3081324456190029,7.273512102437349e-08,ok,/home/elads/STAR/full_grid_solar_opacity/runs/T3809p14_rho3p96666em05/fac-opacity-cowan-state/starout.h5
3809.1371972645397,5.7004023678963655e-05,fac-opacity-cowan-state,T3809p14_rho5p7004em05,0.3081323617090221,2.8423834053361003e-07,0.30813245844953885,1.042722011810357e-07,ok,/home/elads/STAR/full_grid_solar_opacity/runs/T3809p14_rho5p7004em05/fac-opacity-cowan-state/starout.h5
3809.1371972645397,8.191922344953684e-05,fac-opacity-cowan-state,T3809p14_rho8p19192em05,0.3081323556480929,4.09023013877863e-07,0.3081324946911249,1.4985433698288323e-07,ok,/home/elads/STAR/full_grid_solar_opacity/runs/T3809p14_rho8p19192em05/fac-opacity-cowan-state/starout.h5
3809.1371972645397,0.00011772430676769293,fac-opacity-cowan-state,T3809p14_rho0p000117724,0.30813237573248836,5.853339621257202e-07,0.3081325742767751,2.1397471255002e-07,ok,/home/elads/STAR/full_grid_solar_opacity/runs/T3809p14_rho0p000117724/fac-opacity-cowan-state/starout.h5
3809.1371972645397,0.00016917900122028344,fac-opacity-cowan-state,T3809p14_rho0p000169179,0.3081323535144934,8.393931201838555e-07,0.3081326371651178,3.0571832882258454e-07,ok,/home/elads/STAR/full_grid_solar_opacity/runs/T3809p14_rho0p000169179/fac-opacity-cowan-state/starout.h5
3809.1371972645397,0.0002431234061999784,fac-opacity-cowan-state,T3809p14_rho0p000243123,0.30813232549459385,1.202563285830039e-06,0.3081327304386425,4.36451800215523e-07,ok,/home/elads/STAR/full_grid_solar_opacity/runs/T3809p14_rho0p000243123/fac-opacity-cowan-state/starout.h5
3809.1371972645397,0.0003493872774749123,fac-opacity-cowan-state,T3809p14_rho0p000349387,0.30813228693327765,1.724732873253041e-06,0.3081328667231757,6.247753655317092e-07,ok,/home/elads/STAR/full_grid_solar_opacity/runs/T3809p14_rho0p000349387/fac-opacity-cowan-state/starout.h5
3809.1371972645397,0.0005020967399614471,fac-opacity-cowan-state,T3809p14_rho0p000502097,0.30813221920151673,2.4719789300842144e-06,0.30813304784089274,8.927949202754555e-07,ok,/home/elads/STAR/full_grid_solar_opacity/runs/T3809p14_rho0p000502097/fac-opacity-cowan-state/starout.h5
3809.1371972645397,0.0007215521357901021,fac-opacity-cowan-state,T3809p14_rho0p000721552,0.308132168393094,3.5357934765428415e-06,0.30813334636443257,1.269282375750383e-06,ok,/home/elads/STAR/full_grid_solar_opacity/runs/T3809p14_rho0p000721552/fac-opacity-cowan-state/starout.h5
3809.1371972645397,0.0010369266382873438,fac-opacity-cowan-state,T3809p14_rho0p00103693,0.30813208121242164,5.063432506500273e-06,0.3081337619549065,1.8106362082168105e-06,ok,/home/elads/STAR/full_grid_solar_opacity/runs/T3809p14_rho0p00103693/fac-opacity-cowan-state/starout.h5
3809.1371972645397,0.0014901443705277455,fac-opacity-cowan-state,T3809p14_rho0p00149014,0.3081319583340951,7.243675572578193e-06,0.30813434991166944,2.576030345216027e-06,ok,/home/elads/STAR/full_grid_solar_opacity/runs/T3809p14_rho0p00149014/fac-opacity-cowan-state/starout.h5
3809.1371972645397,0.002141453563853953,fac-opacity-cowan-state,T3809p14_rho0p00214145,0.30813178662393886,1.0351330832831175e-05,0.3081351796626758,3.6544604460446693e-06,ok,/home/elads/STAR/full_grid_solar_opacity/runs/T3809p14_rho0p00214145/fac-opacity-cowan-state/starout.h5
3809.1371972645397,0.003077435620898055,fac-opacity-cowan-state,T3809p14_rho0p00307744,0.3081315419737505,1.4796585967162532e-05,0.3081363606250396,5.188657151275693e-06,ok,/home/elads/STAR/full_grid_solar_opacity/runs/T3809p14_rho0p00307744/fac-opacity-cowan-state/starout.h5
3809.1371972645397,0.004422514763163053,fac-opacity-cowan-state,T3809p14_rho0p00442251,0.3081312212498841,2.1138440875767805e-05,0.3081380510807348,7.352564083420212e-06,ok,/home/elads/STAR/full_grid_solar_opacity/runs/T3809p14_rho0p00442251/fac-opacity-cowan-state/starout.h5
3809.1371972645397,0.006355498291362301,fac-opacity-cowan-state,T3809p14_rho0p0063555,0.30813079953761097,3.0168328534652916e-05,0.3081404428561125,1.0380343026036785e-05,ok,/home/elads/STAR/full_grid_solar_opacity/runs/T3809p14_rho0p0063555/fac-opacity-cowan-state/starout.h5
3809.1371972645397,0.009133346228248624,fac-opacity-cowan-state,T3809p14_rho0p00913335,0.30813023656676064,4.3101762610976185e-05,0.30814388213704696,1.4683655178470077e-05,ok,/home/elads/STAR/full_grid_solar_opacity/runs/T3809p14_rho0p00913335/fac-opacity-cowan-state/starout.h5
3809.1371972645397,0.01312533014735226,fac-opacity-cowan-state,T3809p14_rho0p0131253,0.30812952628527146,6.15896879450838e-05,0.3081488162950374,2.074982028547011e-05,ok,/home/elads/STAR/full_grid_solar_opacity/runs/T3809p14_rho0p0131253/fac-opacity-cowan-state/starout.h5
3809.1371972645397,0.018862122071335155,fac-opacity-cowan-state,T3809p14_rho0p0188621,0.3081286102792646,8.796853381642942e-05,0.30815580385840546,2.9241685290735223e-05,ok,/home/elads/STAR/full_grid_solar_opacity/runs/T3809p14_rho0p0188621/fac-opacity-cowan-state/starout.h5
3809.1371972645397,0.02710633904364831,fac-opacity-cowan-state,T3809p14_rho0p0271063,0.30812740335198635,0.00012566953660936967,0.30816566887192104,4.113377649923606e-05,ok,/home/elads/STAR/full_grid_solar_opacity/runs/T3809p14_rho0p0271063/fac-opacity-cowan-state/starout.h5
3809.1371972645397,0.038953921174427183,fac-opacity-cowan-state,T3809p14_rho0p0389539,0.30812578887280867,0.00017967854458257493,0.30817967105433064,5.789064925023306e-05,ok,/home/elads/STAR/full_grid_solar_opacity/runs/T3809p14_rho0p0389539/fac-opacity-cowan-state/starout.h5
3809.1371972645397,0.0559798197912329,fac-opacity-cowan-state,T3809p14_rho0p0559798,0.3081235864569912,0.0002566261696493867,0.3081990465642835,8.10414683200799e-05,ok,/home/elads/STAR/full_grid_solar_opacity/runs/T3809p14_rho0p0559798/fac-opacity-cowan-state/starout.h5
3809.1371972645397,0.08044736266284185,fac-opacity-cowan-state,T3809p14_rho0p0804474,0.30812056663916987,0.00036664393396507194,0.3082261376835988,0.00011331592922694084,ok,/home/elads/STAR/full_grid_solar_opacity/runs/T3809p14_rho0p0804474/fac-opacity-cowan-state/starout.h5
3809.1371972645397,0.11560912813835741,fac-opacity-cowan-state,T3809p14_rho0p115609,0.3081163559177794,0.0005233562974774534,0.3082632491081275,0.00015759022768225178,ok,/home/elads/STAR/full_grid_solar_opacity/runs/T3809p14_rho0p115609/fac-opacity-cowan-state/starout.h5
3809.1371972645397,0.1661393247274789,fac-opacity-cowan-state,T3809p14_rho0p166139,0.30811048714468015,0.0007466209682588305,0.30831389433663886,0.00021810581151237812,ok,/home/elads/STAR/full_grid_solar_opacity/runs/T3809p14_rho0p166139/fac-opacity-cowan-state/starout.h5
3809.1371972645397,0.23875515424585794,fac-opacity-cowan-state,T3809p14_rho0p238755,0.30810220919756626,0.0010647529849842948,0.3083828905460909,0.0003007527824507367,ok,/home/elads/STAR/full_grid_solar_opacity/runs/T3809p14_rho0p238755/fac-opacity-cowan-state/starout.h5
3809.1371972645397,0.34310975906798746,fac-opacity-cowan-state,T3809p14_rho0p34311,0.3080889040736389,0.0015198231311925534,0.3084752792910715,0.0004136595005509424,ok,/home/elads/STAR/full_grid_solar_opacity/runs/T3809p14_rho0p34311/fac-opacity-cowan-state/starout.h5
3809.1371972645397,0.49307545690287347,fac-opacity-cowan-state,T3809p14_rho0p493075,0.3080712202459784,0.0021700282020942615,0.30860146441977165,0.0005670838557600223,ok,/home/elads/STAR/full_grid_solar_opacity/runs/T3809p14_rho0p493075/fac-opacity-cowan-state/starout.h5
3809.1371972645397,0.7085878491488851,fac-opacity-cowan-state,T3809p14_rho0p708588,0.30804591992987607,0.0031002481341855636,0.30877190133520105,0.0007753576993604806,ok,/home/elads/STAR/full_grid_solar_opacity/runs/T3809p14_rho0p708588/fac-opacity-cowan-state/starout.h5
3809.1371972645397,1.0182959482819007,fac-opacity-cowan-state,T3809p14_rho1p0183,0.3080098794177033,0.004432765079462305,0.309002133348695,0.0010578889179736276,ok,/home/elads/STAR/full_grid_solar_opacity/runs/T3809p14_rho1p0183/fac-opacity-cowan-state/starout.h5
3809.1371972645397,1.4633706173946401,fac-opacity-cowan-state,T3809p14_rho1p46337,0.3079587269426104,0.006342735986491769,0.3093125627454786,0.001440240535133457,ok,/home/elads/STAR/full_grid_solar_opacity/runs/T3809p14_rho1p46337/fac-opacity-cowan-state/starout.h5
3809.1371972645397,2.1029775945461404,fac-opacity-cowan-state,T3809p14_rho2p10298,0.3078862089664926,0.009082677319715524,0.3097304697218925,0.0019567489996927937,ok,/home/elads/STAR/full_grid_solar_opacity/runs/T3809p14_rho2p10298/fac-opacity-cowan-state/starout.h5
3809.1371972645397,3.0221426551783854,fac-opacity-cowan-state,T3809p14_rho3p02214,0.30778368305274234,0.013012387461048455,0.31029012643317716,0.002650903286323112,ok,/home/elads/STAR/full_grid_solar_opacity/runs/T3809p14_rho3p02214/fac-opacity-cowan-state/starout.h5
3809.1371972645397,4.343054463316713,fac-opacity-cowan-state,T3809p14_rho4p34305,0.3076394168403683,0.01864914783953117,0.31103697199352603,0.0035800865387959585,ok,/home/elads/STAR/full_grid_solar_opacity/runs/T3809p14_rho4p34305/fac-opacity-cowan-state/starout.h5
3809.1371972645397,6.241307649397467,fac-opacity-cowan-state,T3809p14_rho6p24131,0.3074367966080205,0.026732302704039968,0.31202828660969945,0.004817600051125807,ok,/home/elads/STAR/full_grid_solar_opacity/runs/T3809p14_rho6p24131/fac-opacity-cowan-state/starout.h5
3809.1371972645397,8.969245378672715,fac-opacity-cowan-state,T3809p14_rho8p96925,0.3071541643078386,0.038315191262343916,0.3133355520248861,0.006454534492029512,ok,/home/elads/STAR/full_grid_solar_opacity/runs/T3809p14_rho8p96925/fac-opacity-cowan-state/starout.h5
3809.1371972645397,12.889504440725364,fac-opacity-cowan-state,T3809p14_rho12p8895,0.30676196567087016,0.054902829600387185,0.3150498846236973,0.008607473574350644,ok,/home/elads/STAR/full_grid_solar_opacity/runs/T3809p14_rho12p8895/fac-opacity-cowan-state/starout.h5
3809.1371972645397,18.52322215674118,fac-opacity-cowan-state,T3809p14_rho18p5232,0.3062214101893732,0.07863092285532224,0.31728450088153837,0.011421220969305805,ok,/home/elads/STAR/full_grid_solar_opacity/runs/T3809p14_rho18p5232/fac-opacity-cowan-state/starout.h5
3809.1371972645397,26.61931346126126,fac-opacity-cowan-state,T3809p14_rho26p6193,0.3054828018375566,0.11252238670241482,0.3201796889877875,0.015074361022534575,ok,/home/elads/STAR/full_grid_solar_opacity/runs/T3809p14_rho26p6193/fac-opacity-cowan-state/starout.h5
3809.1371972645397,38.254027466328665,fac-opacity-cowan-state,T3809p14_rho38p254,0.3044836060196213,0.1608304178992685,0.3239069785616319,0.019784351814891056,ok,/home/elads/STAR/full_grid_solar_opacity/runs/T3809p14_rho38p254/fac-opacity-cowan-state/starout.h5
3809.1371972645397,54.97401800103719,fac-opacity-cowan-state,T3809p14_rho54p974,0.3031490394419949,0.22950766228801098,0.32868151920344973,0.0258191436287018,ok,/home/elads/STAR/full_grid_solar_opacity/runs/T3809p14_rho54p974/fac-opacity-cowan-state/starout.h5
3809.1371972645397,79.0019471240894,fac-opacity-cowan-state,T3809p14_rho79p0019,0.3013953651318301,0.3267962285495469,0.33476922425536615,0.033501885426986476,ok,/home/elads/STAR/full_grid_solar_opacity/runs/T3809p14_rho79p0019/fac-opacity-cowan-state/starout.h5
3809.1371972645397,113.53195339077567,fac-opacity-cowan-state,T3809p14_rho113p532,0.2991372578019432,0.4639571518716773,0.3425014896232979,0.043222145776533834,ok,/home/elads/STAR/full_grid_solar_opacity/runs/T3809p14_rho113p532/fac-opacity-cowan-state/starout.h5
3809.1371972645397,163.15426277379785,fac-opacity-cowan-state,T3809p14_rho163p154,0.2963052113616045,0.6560889225692248,0.35229137941904404,0.055442702177601,ok,/home/elads/STAR/full_grid_solar_opacity/runs/T3809p14_rho163p154/fac-opacity-cowan-state/starout.h5
3809.1371972645397,234.46538763970608,fac-opacity-cowan-state,T3809p14_rho234p465,0.2928737744983199,0.9228941636388616,0.36466918471958226,0.07072102006713311,ok,/home/elads/STAR/full_grid_solar_opacity/runs/T3809p14_rho234p465/fac-opacity-cowan-state/starout.h5
3809.1371972645397,336.94503022121665,fac-opacity-cowan-state,T3809p14_rho336p945,0.2889039863988449,1.2890946678698174,0.38031470571510806,0.0897185604995745,ok,/home/elads/STAR/full_grid_solar_opacity/runs/T3809p14_rho336p945/fac-opacity-cowan-state/starout.h5
3809.1371972645397,484.21626123015125,fac-opacity-cowan-state,T3809p14_rho484p216,0.28466051794598585,1.783793046915805,0.4001884620402008,0.11323333371443964,ok,/home/elads/STAR/full_grid_solar_opacity/runs/T3809p14_rho484p216/fac-opacity-cowan-state/starout.h5
3809.1371972645397,695.8564947100452,fac-opacity-cowan-state,T3809p14_rho695p856,0.28031185521193125,2.437863110416646,0.42517433233215507,0.1421680140180211,ok,/home/elads/STAR/full_grid_solar_opacity/runs/T3809p14_rho695p856/fac-opacity-cowan-state/starout.h5
3809.1371972645397,1000.0,fac-opacity-cowan-state,T3809p14_rho1000,0.2767526210392934,3.2773839536425746,0.4571109663824318,0.17769528578187638,ok,/home/elads/STAR/full_grid_solar_opacity/runs/T3809p14_rho1000/fac-opacity-cowan-state/starout.h5
4193.406934152829,1e-17,fac-opacity-cowan-state,T4193p41_rho1em17,0.30740756294596394,3.153106295489088e-20,0.3074075629459639,1.033022586823571e-20,ok,/home/elads/STAR/full_grid_solar_opacity/runs/T4193p41_rho1em17/fac-opacity-cowan-state/starout.h5
4193.406934152829,1.4370779141993746e-17,fac-opacity-cowan-state,T4193p41_rho1p43708em17,0.30740756294596405,4.489793643116153e-20,0.30740756294596405,1.4707091646922485e-20,ok,/home/elads/STAR/full_grid_solar_opacity/runs/T4193p41_rho1p43708em17/fac-opacity-cowan-state/starout.h5
4193.406934152829,2.065192931479625e-17,fac-opacity-cowan-state,T4193p41_rho2p06519em17,0.30740756294596383,6.410783040866998e-20,0.30740756294596383,2.0997209404902638e-20,ok,/home/elads/STAR/full_grid_solar_opacity/runs/T4193p41_rho2p06519em17/fac-opacity-cowan-state/starout.h5
4193.406934152829,2.9678431503900313e-17,fac-opacity-cowan-state,T4193p41_rho2p96784em17,0.30740756294596533,9.17523198254962e-20,0.30740756294596533,3.004891850290108e-20,ok,/home/elads/STAR/full_grid_solar_opacity/runs/T4193p41_rho2p96784em17/fac-opacity-cowan-state/starout.h5
4193.406934152829,4.2650218442334076e-17,fac-opacity-cowan-state,T4193p41_rho4p26502em17,0.30740756294596594,1.3153297725597533e-19,0.30740756294596594,4.307405952371175e-20,ok,/home/elads/STAR/full_grid_solar_opacity/runs/T4193p41_rho4p26502em17/fac-opacity-cowan-state/starout.h5
4193.406934152829,6.129168695925715e-17,fac-opacity-cowan-state,T4193p41_rho6p12917em17,0.30740756294597965,1.8886247274928892e-19,0.30740756294597965,6.184666021832181e-20,ok,/home/elads/STAR/full_grid_solar_opacity/runs/T4193p41_rho6p12917em17/fac-opacity-cowan-state/starout.h5
4193.406934152829,8.808092965317026e-17,fac-opacity-cowan-state,T4193p41_rho8p80809em17,0.30740756294598576,2.714071986281607e-19,0.3074075629459857,8.887753455746187e-20,ok,/home/elads/STAR/full_grid_solar_opacity/runs/T4193p41_rho8p80809em17/fac-opacity-cowan-state/starout.h5
4193.406934152829,1.2657915866672028e-16,fac-opacity-cowan-state,T4193p41_rho1p26579em16,0.30740756294597527,3.9002882461784383e-19,0.30740756294597527,1.277224909853478e-19,ok,/home/elads/STAR/full_grid_solar_opacity/runs/T4193p41_rho1p26579em16/fac-opacity-cowan-state/starout.h5
4193.406934152829,1.819041133178821e-16,fac-opacity-cowan-state,T4193p41_rho1p81904em16,0.30740756294597565,5.604946354112714e-19,0.30740756294597565,1.835448430683286e-19,ok,/home/elads/STAR/full_grid_solar_opacity/runs/T4193p41_rho1p81904em16/fac-opacity-cowan-state/starout.h5
4193.406934152829,2.6141038375114865e-16,fac-opacity-cowan-state,T4193p41_rho2p6141em16,0.3074075629459758,8.054630348107637e-19,0.3074075629459758,2.6376453206621337e-19,ok,/home/elads/STAR/full_grid_solar_opacity/runs/T4193p41_rho2p6141em16/fac-opacity-cowan-state/starout.h5
4193.406934152829,3.7566708903116036e-16,fac-opacity-cowan-state,T4193p41_rho3p75667em16,0.30740756294597466,1.157495103098647e-18,0.30740756294597466,3.7904433282776994e-19,ok,/home/elads/STAR/full_grid_solar_opacity/runs/T4193p41_rho3p75667em16/fac-opacity-cowan-state/starout.h5
4193.406934152829,5.398628767382507e-16,fac-opacity-cowan-state,T4193p41_rho5p39863em16,0.30740756291805005,1.6633820186275814e-18,0.30740756291805005,5.447069579989277e-19,ok,/home/elads/STAR/full_grid_solar_opacity/runs/T4193p41_rho5p39863em16/fac-opacity-cowan-state/starout.h5
4193.406934152829,7.758250168566793e-16,fac-opacity-cowan-state,T4193p41_rho7p75825em16,0.30740756294597443,2.3903644287086883e-18,0.30740756294597443,7.827717090438442e-19,ok,/home/elads/STAR/full_grid_solar_opacity/runs/T4193p41_rho7p75825em16/fac-opacity-cowan-state/starout.h5
4193.406934152829,1.1149209970080914e-15,fac-opacity-cowan-state,T4193p41_rho1p11492em15,0.30740756294596283,3.435068759004462e-18,0.3074075629459629,1.1248808963679599e-18,ok,/home/elads/STAR/full_grid_solar_opacity/runs/T4193p41_rho1p11492em15/fac-opacity-cowan-state/starout.h5
4193.406934152829,1.6022283408774753e-15,fac-opacity-cowan-state,T4193p41_rho1p60223em15,0.30740756294569666,4.936349612141192e-18,0.3074075629456966,1.6165053505893588e-18,ok,/home/elads/STAR/full_grid_solar_opacity/runs/T4193p41_rho1p60223em15/fac-opacity-cowan-state/starout.h5
4193.406934152829,2.3025269621793266e-15,fac-opacity-cowan-state,T4193p41_rho2p30253em15,0.30740756294598753,7.093744651958646e-18,0.3074075629459874,2.322987835353906e-18,ok,/home/elads/STAR/full_grid_solar_opacity/runs/T4193p41_rho2p30253em15/fac-opacity-cowan-state/starout.h5
4193.406934152829,3.308910644196489e-15,fac-opacity-cowan-state,T4193p41_rho3p30891em15,0.30740756294597466,1.0193993012839453e-17,0.30740756294597466,3.338227201541389e-18,ok,/home/elads/STAR/full_grid_solar_opacity/runs/T4193p41_rho3p30891em15/fac-opacity-cowan-state/starout.h5
4193.406934152829,4.755162406834019e-15,fac-opacity-cowan-state,T4193p41_rho4p75516em15,0.30740756294597876,1.464914446650201e-17,0.30740756294597876,4.797157994127202e-18,ok,/home/elads/STAR/full_grid_solar_opacity/runs/T4193p41_rho4p75516em15/fac-opacity-cowan-state/starout.h5
4193.406934152829,6.8335388732923106e-15,fac-opacity-cowan-state,T4193p41_rho6p83354em15,0.30740756294596183,2.10513219212293e-17,0.30740756294596183,6.8936840455885166e-18,ok,/home/elads/STAR/full_grid_solar_opacity/runs/T4193p41_rho6p83354em15/fac-opacity-cowan-state/starout.h5
4193.406934152829,9.820327790631256e-15,fac-opacity-cowan-state,T4193p41_rho9p82033em15,0.30740756294597704,3.0251407481774926e-17,0.30740756294597704,9.906446174639263e-18,ok,/home/elads/STAR/full_grid_solar_opacity/runs/T4193p41_rho9p82033em15/fac-opacity-cowan-state/starout.h5
4193.406934152829,1.4112576178114521e-14,fac-opacity-cowan-state,T4193p41_rho1p41126em14,0.3074075629460156,4.347215608733782e-17,0.30740756294601573,1.4235863493471675e-17,ok,/home/elads/STAR/full_grid_solar_opacity/runs/T4193p41_rho1p41126em14/fac-opacity-cowan-state/starout.h5
4193.406934152829,2.0280871538024598e-14,fac-opacity-cowan-state,T4193p41_rho2p02809em14,0.30740756294531374,6.247066676919797e-17,0.30740756294531374,2.045734084448451e-17,ok,/home/elads/STAR/full_grid_solar_opacity/runs/T4193p41_rho2p02809em14/fac-opacity-cowan-state/starout.h5
4193.406934152829,2.914519256800997e-14,fac-opacity-cowan-state,T4193p41_rho2p91452em14,0.3074075629459748,8.97719378953189e-17,0.3074075629459748,2.9397751714714544e-17,ok,/home/elads/STAR/full_grid_solar_opacity/runs/T4193p41_rho2p91452em14/fac-opacity-cowan-state/starout.h5
4193.406934152829,4.188391254457488e-14,fac-opacity-cowan-state,T4193p41_rho4p18839em14,0.3074075629459723,1.2900444626835695e-16,0.30740756294597243,4.224533460412968e-17,ok,/home/elads/STAR/full_grid_solar_opacity/runs/T4193p41_rho4p18839em14/fac-opacity-cowan-state/starout.h5
4193.406934152829,6.019044567806669e-14,fac-opacity-cowan-state,T4193p41_rho6p01904em14,0.307407562945961,1.8538242323350123e-16,0.30740756294596105,6.070762963917e-17,ok,/home/elads/STAR/full_grid_solar_opacity/runs/T4193p41_rho6p01904em14/fac-opacity-cowan-state/starout.h5
4193.406934152829,8.649836012976684e-14,fac-opacity-cowan-state,T4193p41_rho8p64984em14,0.30740756294384153,2.6639889956449346e-16,0.3074075629438416,8.723843959993481e-17,ok,/home/elads/STAR/full_grid_solar_opacity/runs/T4193p41_rho8p64984em14/fac-opacity-cowan-state/starout.h5
4193.406934152829,1.2430488295695167e-13,fac-opacity-cowan-state,T4193p41_rho1p24305em13,0.3074075629459704,3.828216858407552e-16,0.3074075629459705,1.2536400108937197e-16,ok,/home/elads/STAR/full_grid_solar_opacity/runs/T4193p41_rho1p24305em13/fac-opacity-cowan-state/starout.h5
4193.406934152829,1.7863580192457348e-13,fac-opacity-cowan-state,T4193p41_rho1p78636em13,0.3074075629459599,5.501247970461043e-16,0.30740756294596,1.8015175229632537e-16,ok,/home/elads/STAR/full_grid_solar_opacity/runs/T4193p41_rho1p78636em13/fac-opacity-cowan-state/starout.h5
4193.406934152829,2.567135656310987e-13,fac-opacity-cowan-state,T4193p41_rho2p56714em13,0.3074075629459662,7.905456981659217e-16,0.30740756294596644,2.5888405343545615e-16,ok,/home/elads/STAR/full_grid_solar_opacity/runs/T4193p41_rho2p56714em13/fac-opacity-cowan-state/starout.h5
4193.406934152829,3.6891739544382357e-13,fac-opacity-cowan-state,T4193p41_rho3p68917em13,0.30740756294596516,1.1360421382626498e-15,0.30740756294596555,3.720265600588364e-16,ok,/home/elads/STAR/full_grid_solar_opacity/runs/T4193p41_rho3p68917em13/fac-opacity-cowan-state/starout.h5
4193.406934152829,5.301630411562758e-13,fac-opacity-cowan-state,T4193p41_rho5p30163em13,0.30740756294595545,1.6325444440224648e-15,0.3074075629459559,5.346207430820642e-16,ok,/home/elads/STAR/full_grid_solar_opacity/runs/T4193p41_rho5p30163em13/fac-opacity-cowan-state/starout.h5
4193.406934152829,7.618855973704612e-13,fac-opacity-cowan-state,T4193p41_rho7p61886em13,0.30740756294593286,2.3460659523854375e-15,0.30740756294593363,7.682850649859222e-16,ok,/home/elads/STAR/full_grid_solar_opacity/runs/T4193p41_rho7p61886em13/fac-opacity-cowan-state/starout.h5
4193.406934152829,1.0948889651276868e-12,fac-opacity-cowan-state,T4193p41_rho1p09489em12,0.3074075629421938,3.3714930938959143e-15,0.30740756294219485,1.1040937059128159e-15,ok,/home/elads/STAR/full_grid_solar_opacity/runs/T4193p41_rho1p09489em12/fac-opacity-cowan-state/starout.h5
4193.406934152829,1.5734407502856082e-12,fac-opacity-cowan-state,T4193p41_rho1p57344em12,0.3074075629471146,4.845227790640516e-15,0.30740756294711596,1.5867168442522814e-15,ok,/home/elads/STAR/full_grid_solar_opacity/runs/T4193p41_rho1p57344em12/fac-opacity-cowan-state/starout.h5
4193.406934152829,2.26115695153675e-12,fac-opacity-cowan-state,T4193p41_rho2p26116em12,0.30740756294584903,6.963374532496123e-15,0.3074075629458512,2.280376849414594e-15,ok,/home/elads/STAR/full_grid_solar_opacity/runs/T4193p41_rho2p26116em12/fac-opacity-cowan-state/starout.h5
4193.406934152829,3.249458715591849e-12,fac-opacity-cowan-state,T4193p41_rho3p24946em12,0.3074075629702327,1.000791279174493e-14,0.3074075629702358,3.2774201312063418e-15,ok,/home/elads/STAR/full_grid_solar_opacity/runs/T4193p41_rho3p24946em12/fac-opacity-cowan-state/starout.h5
4193.406934152829,4.669725353279713e-12,fac-opacity-cowan-state,T4193p41_rho4p66973em12,0.30740756294580907,1.4384374095900958e-14,0.30740756294581334,4.7106562698649965e-15,ok,/home/elads/STAR/full_grid_solar_opacity/runs/T4193p41_rho4p66973em12/fac-opacity-cowan-state/starout.h5
4193.406934152829,6.710759170575148e-12,fac-opacity-cowan-state,T4193p41_rho6p71076em12,0.3074075629455003,2.0676076898608263e-14,0.3074075629455064,6.771120512246579e-15,ok,/home/elads/STAR/full_grid_solar_opacity/runs/T4193p41_rho6p71076em12/fac-opacity-cowan-state/starout.h5
4193.406934152829,9.64388379154446e-12,fac-opacity-cowan-state,T4193p41_rho9p64388em12,0.3074075629456304,2.972232880653272e-14,0.3074075629456394,9.733686081414378e-15,ok,/home/elads/STAR/full_grid_solar_opacity/runs/T4193p41_rho9p64388em12/fac-opacity-cowan-state/starout.h5
4193.406934152829,1.3859012403933867e-11,fac-opacity-cowan-state,T4193p41_rho1p3859em11,0.30740756294547905,4.273196132083396e-14,0.3074075629454919,1.3994255682085118e-14,ok,/home/elads/STAR/full_grid_solar_opacity/runs/T4193p41_rho1p3859em11/fac-opacity-cowan-state/starout.h5
4193.406934152829,1.9916480638308542e-11,fac-opacity-cowan-state,T4193p41_rho1p99165em11,0.30740756294527377,6.145062015103081e-14,0.3074075629452919,2.012457705392938e-14,ok,/home/elads/STAR/full_grid_solar_opacity/runs/T4193p41_rho1p99165em11/fac-opacity-cowan-state/starout.h5
4193.406934152829,2.8621534453892672e-11,fac-opacity-cowan-state,T4193p41_rho2p86215em11,0.30740756294498056,8.839145589950144e-14,0.30740756294500704,2.894778496637683e-14,ok,/home/elads/STAR/full_grid_solar_opacity/runs/T4193p41_rho2p86215em11/fac-opacity-cowan-state/starout.h5
4193.406934152829,4.1131375034185614e-11,fac-opacity-cowan-state,T4193p41_rho4p11314em11,0.30740756294287924,1.2710496912460604e-13,0.3074075629429173,4.162635193751089e-14,ok,/home/elads/STAR/full_grid_solar_opacity/runs/T4193p41_rho4p11314em11/fac-opacity-cowan-state/starout.h5
4193.406934152829,5.910899064227969e-11,fac-opacity-cowan-state,T4193p41_rho5p9109em11,0.30740756294388105,1.8271042574947565e-13,0.3074075629439358,5.983639163471801e-14,ok,/home/elads/STAR/full_grid_solar_opacity/runs/T4193p41_rho5p9109em11/fac-opacity-cowan-state/starout.h5
4193.406934152829,8.4944224982638e-11,fac-opacity-cowan-state,T4193p41_rho8p49442em11,0.30740756294293814,2.626801883787849e-13,0.30740756294301624,8.602518213352131e-14,ok,/home/elads/STAR/full_grid_solar_opacity/runs/T4193p41_rho8p49442em11/fac-opacity-cowan-state/starout.h5
4193.406934152829,1.2207146966133182e-10,fac-opacity-cowan-state,T4193p41_rho1p22071em10,0.3074075629416947,3.7757440576314453e-13,0.30740756294180754,1.2365059949474128e-13,ok,/home/elads/STAR/full_grid_solar_opacity/runs/T4193p41_rho1p22071em10/fac-opacity-cowan-state/starout.h5
4193.406934152829,1.7542621300415897e-10,fac-opacity-cowan-state,T4193p41_rho1p75426em10,0.30740756293976684,5.425028316592295e-13,0.30740756293992894,1.776607373958243e-13,ok,/home/elads/STAR/full_grid_solar_opacity/runs/T4193p41_rho1p75426em10/fac-opacity-cowan-state/starout.h5
4193.406934152829,2.52101136279913e-10,fac-opacity-cowan-state,T4193p41_rho2p52101em10,0.3074075629369817,7.79303418672716e-13,0.30740756293721416,2.552077893540436e-13,ok,/home/elads/STAR/full_grid_solar_opacity/runs/T4193p41_rho2p52101em10/fac-opacity-cowan-state/starout.h5
4193.406934152829,3.6228897509242966e-10,fac-opacity-cowan-state,T4193p41_rho3p62289em10,0.3050425543147687,1.117713855738005e-12,0.3050425543151032,3.662615961793077e-13,ok,/home/elads/STAR/full_grid_solar_opacity/runs/T4193p41_rho3p62289em10/fac-opacity-cowan-state/starout.h5
4193.406934152829,5.20637484663258e-10,fac-opacity-cowan-state,T4193p41_rho5p20637em10,0.30504255430890687,1.6079061288580057e-12,0.3050425543093876,5.267648806242702e-13,ok,/home/elads/STAR/full_grid_solar_opacity/runs/T4193p41_rho5p20637em10/fac-opacity-cowan-state/starout.h5
4193.406934152829,7.481966305138837e-10,fac-opacity-cowan-state,T4193p41_rho7p48197em10,0.30504255430094107,2.3186622907825793e-12,0.3050425543016326,7.588927849514692e-13,ok,/home/elads/STAR/full_grid_solar_opacity/runs/T4193p41_rho7p48197em10/fac-opacity-cowan-state/starout.h5
4193.406934152829,1.0752168531898921e-09,fac-opacity-cowan-state,T4193p41_rho1p07522em09,0.30504255428857247,3.3263393797161486e-12,0.30504255428956495,1.0896516144525393e-12,ok,/home/elads/STAR/full_grid_solar_opacity/runs/T4193p41_rho1p07522em09/fac-opacity-cowan-state/starout.h5
4193.406934152829,1.5451703926941453e-09,fac-opacity-cowan-state,T4193p41_rho1p54517em09,0.30504255427316207,4.793636408615444e-12,0.30504255427459215,1.5694735627897235e-12,ok,/home/elads/STAR/full_grid_solar_opacity/runs/T4193p41_rho1p54517em09/fac-opacity-cowan-state/starout.h5
4193.406934152829,2.220530245015531e-09,fac-opacity-cowan-state,T4193p41_rho2p22053em09,0.3050425543114517,6.885275462128107e-12,0.3050425543135066,2.2547818407960886e-12,ok,/home/elads/STAR/full_grid_solar_opacity/runs/T4193p41_rho2p22053em09/fac-opacity-cowan-state/starout.h5
4193.406934152829,3.1910749729235452e-09,fac-opacity-cowan-state,T4193p41_rho3p19107em09,0.3050425542171925,9.876750783328878e-12,0.30504255422014,3.233884274808343e-12,ok,/home/elads/STAR/full_grid_solar_opacity/runs/T4193p41_rho3p19107em09/fac-opacity-cowan-state/starout.h5
4193.406934152829,4.585823366142813e-09,fac-opacity-cowan-state,T4193p41_rho4p58582em09,0.30504255417060017,1.4168545301051846e-11,0.3050425541748267,4.639446404502831e-12,ok,/home/elads/STAR/full_grid_solar_opacity/runs/T4193p41_rho4p58582em09/fac-opacity-cowan-state/starout.h5
4193.406934152829,6.590185477903269e-09,fac-opacity-cowan-state,T4193p41_rho6p59019em09,0.3050425541052008,2.0353736566192425e-11,0.30504255411127223,6.663405261285322e-12,ok,/home/elads/STAR/full_grid_solar_opacity/runs/T4193p41_rho6p59019em09/fac-opacity-cowan-state/starout.h5
4193.406934152829,9.470610000772238e-09,fac-opacity-cowan-state,T4193p41_rho9p47061em09,0.30504255401676095,2.924923788077917e-11,0.3050425540254873,9.576356451083643e-12,ok,/home/elads/STAR/full_grid_solar_opacity/runs/T4193p41_rho9p47061em09/fac-opacity-cowan-state/starout.h5
4193.406934152829,1.3610004466105506e-08,fac-opacity-cowan-state,T4193p41_rho1p361em08,0.3050425538907615,4.2090330663019243e-11,0.3050425539033172,1.3779127948513284e-11,ok,/home/elads/STAR/full_grid_solar_opacity/runs/T4193p41_rho1p361em08/fac-opacity-cowan-state/starout.h5
4193.406934152829,1.9558636830395073e-08,fac-opacity-cowan-state,T4193p41_rho1p95586em08,0.30504255372698813,6.054850619621196e-11,0.30504255374504985,1.982174113800984e-11,ok,/home/elads/STAR/full_grid_solar_opacity/runs/T4193p41_rho1p95586em08/fac-opacity-cowan-state/starout.h5
4193.406934152829,2.810728502080722e-08,fac-opacity-cowan-state,T4193p41_rho2p81073em08,0.3050425535080981,8.682899601166158e-11,0.3050425535339947,2.8420879962451068e-11,ok,/home/elads/STAR/full_grid_solar_opacity/runs/T4193p41_rho2p81073em08/fac-opacity-cowan-state/starout.h5
4193.406934152829,4.039235853150913e-08,fac-opacity-cowan-state,T4193p41_rho4p03924em08,0.305042553229495,1.2456205562246288e-10,0.30504255326664065,4.0765854359606544e-11,ok,/home/elads/STAR/full_grid_solar_opacity/runs/T4193p41_rho4p03924em08/fac-opacity-cowan-state/starout.h5
4193.406934152829,5.804696634805446e-08,fac-opacity-cowan-state,T4193p41_rho5p8047em08,0.3050425528851697,1.790682708530149e-10,0.30504255293856075,5.859552711759176e-11,ok,/home/elads/STAR/full_grid_solar_opacity/runs/T4193p41_rho5p8047em08/fac-opacity-cowan-state/starout.h5
4193.406934152829,8.341801332506338e-08,fac-opacity-cowan-state,T4193p41_rho8p3418em08,0.30504255242301925,2.5736899097458374e-10,0.3050425524997496,8.420886074781482e-11,ok,/home/elads/STAR/full_grid_solar_opacity/runs/T4193p41_rho8p3418em08/fac-opacity-cowan-state/starout.h5
4193.406934152829,1.1987818459583772e-07,fac-opacity-cowan-state,T4193p41_rho1p19878em07,0.30504255186665885,3.6952671919964515e-10,0.305042551976823,1.2089942096176822e-10,ok,/home/elads/STAR/full_grid_solar_opacity/runs/T4193p41_rho1p19878em07/fac-opacity-cowan-state/starout.h5
4193.406934152829,1.7227429147699408e-07,fac-opacity-cowan-state,T4193p41_rho1p72274em07,0.3050425511827073,5.304729005190542e-10,0.30504255134085095,1.7355380748144958e-10,ok,/home/elads/STAR/full_grid_solar_opacity/runs/T4193p41_rho1p72274em07/fac-opacity-cowan-state/starout.h5
4193.406934152829,2.4757157946593376e-07,fac-opacity-cowan-state,T4193p41_rho2p47572em07,0.3050425503511588,7.627306846530816e-10,0.305042550578542,2.4953699950069783e-10,ok,/home/elads/STAR/full_grid_solar_opacity/runs/T4193p41_rho2p47572em07/fac-opacity-cowan-state/starout.h5
4193.406934152829,3.557796490339488e-07,fac-opacity-cowan-state,T4193p41_rho3p5578em07,0.30504254934806024,1.0978344144918491e-09,0.3050425496753213,3.5914267898939763e-10,ok,/home/elads/STAR/full_grid_solar_opacity/runs/T4193p41_rho3p5578em07/fac-opacity-cowan-state/starout.h5
4193.406934152829,5.112830759482948e-07,fac-opacity-cowan-state,T4193p41_rho5p11283em07,0.3050425481297512,1.5763724100655557e-09,0.30504254859957086,5.155844583671205e-10,ok,/home/elads/STAR/full_grid_solar_opacity/runs/T4193p41_rho5p11283em07/fac-opacity-cowan-state/starout.h5
4193.406934152829,7.347536163492159e-07,fac-opacity-cowan-state,T4193p41_rho7p34754em07,0.3050425466612084,2.256483769338538e-09,0.305042547333492,7.377681887433752e-10,ok,/home/elads/STAR/full_grid_solar_opacity/runs/T4193p41_rho7p34754em07/fac-opacity-cowan-state/starout.h5
4193.406934152829,1.0558981944335787e-06,fac-opacity-cowan-state,T4193p41_rho1p0559em06,0.3050425448941904,3.2336422238053327e-09,0.305042545857268,1.0568832960603662e-09,ok,/home/elads/STAR/full_grid_solar_opacity/runs/T4193p41_rho1p0559em06/fac-opacity-cowan-state/starout.h5
4193.406934152829,1.517407974863493e-06,fac-opacity-cowan-state,T4193p41_rho1p51741em06,0.30504254274405224,4.729855092460097e-09,0.3050425441615468,1.5547542214920862e-09,ok,/home/elads/STAR/full_grid_solar_opacity/runs/T4193p41_rho1p51741em06/fac-opacity-cowan-state/starout.h5
4193.406934152829,2.1806334875063253e-06,fac-opacity-cowan-state,T4193p41_rho2p18063em06,0.3050425402326047,6.894810993072626e-09,0.30504254230278155,2.270285374964503e-09,ok,/home/elads/STAR/full_grid_solar_opacity/runs/T4193p41_rho2p18063em06/fac-opacity-cowan-state/starout.h5
4193.406934152829,3.1337402238588983e-06,fac-opacity-cowan-state,T4193p41_rho3p13374em06,0.3050425371980635,1.0062425479486185e-08,0.3050425402336985,3.3277699699999707e-09,ok,/home/elads/STAR/full_grid_solar_opacity/runs/T4193p41_rho3p13374em06/fac-opacity-cowan-state/starout.h5
4193.406934152829,4.503428864545845e-06,fac-opacity-cowan-state,T4193p41_rho4p50343em06,0.30504253353446564,1.4411620436329868e-08,0.3050425378803885,4.764075053172431e-09,ok,/home/elads/STAR/full_grid_solar_opacity/runs/T4193p41_rho4p50343em06/fac-opacity-cowan-state/starout.h5
4193.406934152829,6.471778159406801e-06,fac-opacity-cowan-state,T4193p41_rho6p47178em06,0.30504252912765356,2.0855725583053872e-08,0.30504253541330434,6.8904030354795866e-09,ok,/home/elads/STAR/full_grid_solar_opacity/runs/T4193p41_rho6p47178em06/fac-opacity-cowan-state/starout.h5
4193.406934152829,9.300449458481393e-06,fac-opacity-cowan-state,T4193p41_rho9p30045em06,0.30504252380472574,3.004947202662684e-08,0.30504253285766714,9.92361888917148e-09,ok,/home/elads/STAR/full_grid_solar_opacity/runs/T4193p41_rho9p30045em06/fac-opacity-cowan-state/starout.h5
4193.406934152829,1.3365470508911143e-05,fac-opacity-cowan-state,T4193p41_rho1p33655em05,0.30504251773483126,4.3164897762202253e-08,0.3050425308510077,1.4365251191521866e-08,ok,/home/elads/STAR/full_grid_solar_opacity/runs/T4193p41_rho1p33655em05/fac-opacity-cowan-state/starout.h5
4193.406934152829,1.920722248123928e-05,fac-opacity-cowan-state,T4193p41_rho1p92072em05,0.305042509951244,6.690097397731865e-08,0.3050425319004895,2.388478759587894e-08,ok,/home/elads/STAR/full_grid_solar_opacity/runs/T4193p41_rho1p92072em05/fac-opacity-cowan-state/starout.h5
4193.406934152829,2.760227522090268e-05,fac-opacity-cowan-state,T4193p41_rho2p76023em05,0.30504250120069426,9.635258949883363e-08,0.30504253277478965,3.4358583651038655e-08,ok,/home/elads/STAR/full_grid_solar_opacity/runs/T4193p41_rho2p76023em05/fac-opacity-cowan-state/starout.h5
4193.406934152829,3.966662010161191e-05,fac-opacity-cowan-state,T4193p41_rho3p96666em05,0.30504248974061027,1.3834826721295677e-07,0.3050425350391952,4.929065360100175e-08,ok,/home/elads/STAR/full_grid_solar_opacity/runs/T4193p41_rho3p96666em05/fac-opacity-cowan-state/starout.h5
4193.406934152829,5.7004023678963655e-05,fac-opacity-cowan-state,T4193p41_rho5p7004em05,0.3050424759171893,1.986565038383522e-07,0.3050425410125076,7.081776505620977e-08,ok,/home/elads/STAR/full_grid_solar_opacity/runs/T4193p41_rho5p7004em05/fac-opacity-cowan-state/starout.h5
4193.406934152829,8.191922344953684e-05,fac-opacity-cowan-state,T4193p41_rho8p19192em05,0.305042471764319,2.8581430353221016e-07,0.3050425653122583,1.0176361748390494e-07,ok,/home/elads/STAR/full_grid_solar_opacity/runs/T4193p41_rho8p19192em05/fac-opacity-cowan-state/starout.h5
4193.406934152829,0.00011772430676769293,fac-opacity-cowan-state,T4193p41_rho0p000117724,0.30504249197812866,4.0919528866465663e-07,0.3050426256508346,1.45407216349952e-07,ok,/home/elads/STAR/full_grid_solar_opacity/runs/T4193p41_rho0p000117724/fac-opacity-cowan-state/starout.h5
4193.406934152829,0.00016917900122028344,fac-opacity-cowan-state,T4193p41_rho0p000169179,0.30504247347969105,5.871477012017051e-07,0.3050426647349247,2.0805075420824355e-07,ok,/home/elads/STAR/full_grid_solar_opacity/runs/T4193p41_rho0p000169179/fac-opacity-cowan-state/starout.h5
4193.406934152829,0.0002431234061999784,fac-opacity-cowan-state,T4193p41_rho0p000243123,0.30504245087992493,8.416867780754014e-07,0.305042724276812,2.974002179374183e-07,ok,/home/elads/STAR/full_grid_solar_opacity/runs/T4193p41_rho0p000243123/fac-opacity-cowan-state/starout.h5
4193.406934152829,0.0003493872774749123,fac-opacity-cowan-state,T4193p41_rho0p000349387,0.30504241970945645,1.2073138252057527e-06,0.3050428111804115,4.257698697567025e-07,ok,/home/elads/STAR/full_grid_solar_opacity/runs/T4193p41_rho0p000349387/fac-opacity-cowan-state/starout.h5
4193.406934152829,0.0005020967399614471,fac-opacity-cowan-state,T4193p41_rho0p000502097,0.3050423665524993,1.730946675570904e-06,0.30504292636323516,6.087756492394135e-07,ok,/home/elads/STAR/full_grid_solar_opacity/runs/T4193p41_rho0p000502097/fac-opacity-cowan-state/starout.h5
4193.406934152829,0.0007215521357901021,fac-opacity-cowan-state,T4193p41_rho0p000721552,0.3050423256792169,2.4782157601488214e-06,0.3050431233124289,8.67417213305555e-07,ok,/home/elads/STAR/full_grid_solar_opacity/runs/T4193p41_rho0p000721552/fac-opacity-cowan-state/starout.h5
4193.406934152829,0.0010369266382873438,fac-opacity-cowan-state,T4193p41_rho0p00103693,0.30504225612975716,3.5508794074782125e-06,0.30504339521860463,1.2385127646975975e-06,ok,/home/elads/STAR/full_grid_solar_opacity/runs/T4193p41_rho0p00103693/fac-opacity-cowan-state/starout.h5
4193.406934152829,0.0014901443705277455,fac-opacity-cowan-state,T4193p41_rho0p00149014,0.3050421581277846,5.083787367581672e-06,0.30504378146374433,1.764773384483582e-06,ok,/home/elads/STAR/full_grid_solar_opacity/runs/T4193p41_rho0p00149014/fac-opacity-cowan-state/starout.h5
4193.406934152829,0.002141453563853953,fac-opacity-cowan-state,T4193p41_rho0p00214145,0.30504201571302586,7.272113964744453e-06,0.3050443239690986,2.5091092933185708e-06,ok,/home/elads/STAR/full_grid_solar_opacity/runs/T4193p41_rho0p00214145/fac-opacity-cowan-state/starout.h5
4193.406934152829,0.003077435620898055,fac-opacity-cowan-state,T4193p41_rho0p00307744,0.3050418282435,1.040422646235401e-05,0.3050451120420175,3.5687183712320824e-06,ok,/home/elads/STAR/full_grid_solar_opacity/runs/T4193p41_rho0p00307744/fac-opacity-cowan-state/starout.h5
4193.406934152829,0.004422514763163053,fac-opacity-cowan-state,T4193p41_rho0p00442251,0.3050415740469539,1.4877579364588443e-05,0.30504623778612683,5.067238362098812e-06,ok,/home/elads/STAR/full_grid_solar_opacity/runs/T4193p41_rho0p00442251/fac-opacity-cowan-state/starout.h5
4193.406934152829,0.006355498291362301,fac-opacity-cowan-state,T4193p41_rho0p0063555,0.3050412409679201,2.125940641111034e-05,0.3050478461598727,7.175623233191399e-06,ok,/home/elads/STAR/full_grid_solar_opacity/runs/T4193p41_rho0p0063555/fac-opacity-cowan-state/starout.h5
4193.406934152829,0.009133346228248624,fac-opacity-cowan-state,T4193p41_rho0p00913335,0.30504079840238907,3.0401463697815953e-05,0.3050501647612285,1.0172048503012493e-05,ok,/home/elads/STAR/full_grid_solar_opacity/runs/T4193p41_rho0p00913335/fac-opacity-cowan-state/starout.h5
4193.406934152829,0.01312533014735226,fac-opacity-cowan-state,T4193p41_rho0p0131253,0.30504024582125805,4.3479114568242624e-05,0.30505351484628346,1.4405351265086481e-05,ok,/home/elads/STAR/full_grid_solar_opacity/runs/T4193p41_rho0p0131253/fac-opacity-cowan-state/starout.h5
4193.406934152829,0.018862122071335155,fac-opacity-cowan-state,T4193p41_rho0p0188621,0.305039542655552,6.215826857155548e-05,0.3050582969795013,2.0353553797528163e-05,ok,/home/elads/STAR/full_grid_solar_opacity/runs/T4193p41_rho0p0188621/fac-opacity-cowan-state/starout.h5
4193.406934152829,0.02710633904364831,fac-opacity-cowan-state,T4193p41_rho0p0271063,0.30503862209968824,8.887381336407629e-05,0.3050650857445995,2.8710457415951393e-05,ok,/home/elads/STAR/full_grid_solar_opacity/runs/T4193p41_rho0p0271063/fac-opacity-cowan-state/starout.h5
4193.406934152829,0.038953921174427183,fac-opacity-cowan-state,T4193p41_rho0p0389539,0.3050374085484196,0.0001271349418982274,0.3050747433838096,4.0485316535350864e-05,ok,/home/elads/STAR/full_grid_solar_opacity/runs/T4193p41_rho0p0389539/fac-opacity-cowan-state/starout.h5
4193.406934152829,0.0559798197912329,fac-opacity-cowan-state,T4193p41_rho0p0559798,0.30503574974658465,0.00018172357471337488,0.305088203639501,5.6856776754778505e-05,ok,/home/elads/STAR/full_grid_solar_opacity/runs/T4193p41_rho0p0559798/fac-opacity-cowan-state/starout.h5
4193.406934152829,0.08044736266284185,fac-opacity-cowan-state,T4193p41_rho0p0804474,0.3050335035566188,0.0002597582631530092,0.30510707247475327,7.970260359632561e-05,ok,/home/elads/STAR/full_grid_solar_opacity/runs/T4193p41_rho0p0804474/fac-opacity-cowan-state/starout.h5
4193.406934152829,0.11560912813835741,fac-opacity-cowan-state,T4193p41_rho0p115609,0.30503037711480696,0.00037103422560910335,0.3051331036549235,0.00011123575228566871,ok,/home/elads/STAR/full_grid_solar_opacity/runs/T4193p41_rho0p115609/fac-opacity-cowan-state/starout.h5
4193.406934152829,0.1661393247274789,fac-opacity-cowan-state,T4193p41_rho0p166139,0.30502602974163856,0.0005297115991828896,0.30516887901174444,0.00015460006480506845,ok,/home/elads/STAR/full_grid_solar_opacity/runs/T4193p41_rho0p166139/fac-opacity-cowan-state/starout.h5
4193.406934152829,0.23875515424585794,fac-opacity-cowan-state,T4193p41_rho0p238755,0.30501991855161725,0.0007559384347893104,0.30521788352224305,0.00021410396879590425,ok,/home/elads/STAR/full_grid_solar_opacity/runs/T4193p41_rho0p238755/fac-opacity-cowan-state/starout.h5
4193.406934152829,0.34310975906798746,fac-opacity-cowan-state,T4193p41_rho0p34311,0.30500993091503564,0.001079607539069941,0.3052836662067226,0.00029581023362482454,ok,/home/elads/STAR/full_grid_solar_opacity/runs/T4193p41_rho0p34311/fac-opacity-cowan-state/starout.h5
4193.406934152829,0.49307545690287347,fac-opacity-cowan-state,T4193p41_rho0p493075,0.3049967514892391,0.0015423032138552459,0.30537424142275826,0.0004075095553734394,ok,/home/elads/STAR/full_grid_solar_opacity/runs/T4193p41_rho0p493075/fac-opacity-cowan-state/starout.h5
4193.406934152829,0.7085878491488851,fac-opacity-cowan-state,T4193p41_rho0p708588,0.3049778286569832,0.0022045868381657193,0.3054973476370815,0.0005600887789268658,ok,/home/elads/STAR/full_grid_solar_opacity/runs/T4193p41_rho0p708588/fac-opacity-cowan-state/starout.h5
4193.406934152829,1.0182959482819007,fac-opacity-cowan-state,T4193p41_rho1p0183,0.30495086236530555,0.0031535228381888124,0.30566463555988194,0.0007682195958144113,ok,/home/elads/STAR/full_grid_solar_opacity/runs/T4193p41_rho1p0183/fac-opacity-cowan-state/starout.h5
4193.406934152829,1.4633706173946401,fac-opacity-cowan-state,T4193p41_rho1p46337,0.30491250802794845,0.0045140508971077,0.30589152970089795,0.0010515024374837096,ok,/home/elads/STAR/full_grid_solar_opacity/runs/T4193p41_rho1p46337/fac-opacity-cowan-state/starout.h5
4193.406934152829,2.1029775945461404,fac-opacity-cowan-state,T4193p41_rho2p10298,0.3048580439846982,0.006466133574232482,0.3061986884176267,0.0014362491188339632,ok,/home/elads/STAR/full_grid_solar_opacity/runs/T4193p41_rho2p10298/fac-opacity-cowan-state/starout.h5
4193.406934152829,3.0221426551783854,fac-opacity-cowan-state,T4193p41_rho3p02214,0.30478089100244804,0.0092665516559316,0.3066124961179725,0.001956314154058487,ok,/home/elads/STAR/full_grid_solar_opacity/runs/T4193p41_rho3p02214/fac-opacity-cowan-state/starout.h5
4193.406934152829,4.343054463316713,fac-opacity-cowan-state,T4193p41_rho4p34305,0.3046719790960957,0.013284384751483436,0.30716782715723856,0.0026564125272223885,ok,/home/elads/STAR/full_grid_solar_opacity/runs/T4193p41_rho4p34305/fac-opacity-cowan-state/starout.h5
4193.406934152829,6.241307649397467,fac-opacity-cowan-state,T4193p41_rho6p24131,0.3045184921679174,0.019047456918483,0.30790911851175196,0.003594156674517533,ok,/home/elads/STAR/full_grid_solar_opacity/runs/T4193p41_rho6p24131/fac-opacity-cowan-state/starout.h5
4193.406934152829,8.969245378672715,fac-opacity-cowan-state,T4193p41_rho8p96925,0.30430355115565166,0.027308652077963687,0.30889259118034024,0.004842137416942575,ok,/home/elads/STAR/full_grid_solar_opacity/runs/T4193p41_rho8p96925/fac-opacity-cowan-state/starout.h5
4193.406934152829,12.889504440725364,fac-opacity-cowan-state,T4193p41_rho12p8895,0.30400394311745205,0.039143811753141584,0.31018997832430906,0.006493469947489257,ok,/home/elads/STAR/full_grid_solar_opacity/runs/T4193p41_rho12p8895/fac-opacity-cowan-state/starout.h5
4193.406934152829,18.52322215674118,fac-opacity-cowan-state,T4193p41_rho18p5232,0.30358873677661574,0.05608436547905499,0.3118909690913504,0.008664770993391788,ok,/home/elads/STAR/full_grid_solar_opacity/runs/T4193p41_rho18p5232/fac-opacity-cowan-state/starout.h5
4193.406934152829,26.61931346126126,fac-opacity-cowan-state,T4193p41_rho26p6193,0.3030176978557545,0.08029977435576657,0.31410742372277856,0.011501005120284865,ok,/home/elads/STAR/full_grid_solar_opacity/runs/T4193p41_rho26p6193/fac-opacity-cowan-state/starout.h5
4193.406934152829,38.254027466328665,fac-opacity-cowan-state,T4193p41_rho38p254,0.30223902461134367,0.1148514489859055,0.31697676879580866,0.015180077242215153,ok,/home/elads/STAR/full_grid_solar_opacity/runs/T4193p41_rho38p254/fac-opacity-cowan-state/starout.h5
4193.406934152829,54.97401800103719,fac-opacity-cowan-state,T4193p41_rho54p974,0.30118892819082715,0.1640385285803004,0.3206708591404902,0.019921436026365473,ok,/home/elads/STAR/full_grid_solar_opacity/runs/T4193p41_rho54p974/fac-opacity-cowan-state/starout.h5
4193.406934152829,79.0019471240894,fac-opacity-cowan-state,T4193p41_rho79p0019,0.29979271344417274,0.233841898615872,0.3254021543939321,0.025990985581185292,ok,/home/elads/STAR/full_grid_solar_opacity/runs/T4193p41_rho79p0019/fac-opacity-cowan-state/starout.h5
4193.406934152829,113.53195339077567,fac-opacity-cowan-state,T4193p41_rho113p532,0.2979684383836279,0.3324885624672491,0.33143421442848314,0.0337096440706535,ok,/home/elads/STAR/full_grid_solar_opacity/runs/T4193p41_rho113p532/fac-opacity-cowan-state/starout.h5
4193.406934152829,163.15426277379785,fac-opacity-cowan-state,T4193p41_rho163p154,0.29563818623117044,0.47110091385216574,0.3390941865923449,0.043459240243231514,ok,/home/elads/STAR/full_grid_solar_opacity/runs/T4193p41_rho163p154/fac-opacity-cowan-state/starout.h5
4193.406934152829,234.46538763970608,fac-opacity-cowan-state,T4193p41_rho234p465,0.2927483347915519,0.6644072001165496,0.34879792650741526,0.05569709492156001,ok,/home/elads/STAR/full_grid_solar_opacity/runs/T4193p41_rho234p465/fac-opacity-cowan-state/starout.h5
4193.406934152829,336.94503022121665,fac-opacity-cowan-state,T4193p41_rho336p945,0.2893025486700389,0.9312024167904664,0.36107442986131266,0.07096275983428875,ok,/home/elads/STAR/full_grid_solar_opacity/runs/T4193p41_rho336p945/fac-opacity-cowan-state/starout.h5
4193.406934152829,484.21626123015125,fac-opacity-cowan-state,T4193p41_rho484p216,0.28544985215623336,1.2944311993548279,0.37665712211020574,0.08990000874217505,ok,/home/elads/STAR/full_grid_solar_opacity/runs/T4193p41_rho484p216/fac-opacity-cowan-state/starout.h5
4193.406934152829,695.8564947100452,fac-opacity-cowan-state,T4193p41_rho695p856,0.28131859146228394,1.7794408568477218,0.3962678587821641,0.11323171544477063,ok,/home/elads/STAR/full_grid_solar_opacity/runs/T4193p41_rho695p856/fac-opacity-cowan-state/starout.h5
4193.406934152829,1000.0,fac-opacity-cowan-state,T4193p41_rho1000,0.2775326329867849,2.4108221394681313,0.4212475100899992,0.14186546426290647,ok,/home/elads/STAR/full_grid_solar_opacity/runs/T4193p41_rho1000/fac-opacity-cowan-state/starout.h5
4616.442203244641,1e-17,fac-opacity-cowan-state,T4616p44_rho1em17,0.3042980448078013,2.2385039001762047e-20,0.3042980448078013,7.261701524213419e-21,ok,/home/elads/STAR/full_grid_solar_opacity/runs/T4616p44_rho1em17/fac-opacity-cowan-state/starout.h5
4616.442203244641,1.4370779141993746e-17,fac-opacity-cowan-state,T4616p44_rho1p43708em17,0.3042980448078012,3.1905290157851193e-20,0.3042980448078012,1.0348789671618062e-20,ok,/home/elads/STAR/full_grid_solar_opacity/runs/T4616p44_rho1p43708em17/fac-opacity-cowan-state/starout.h5
4616.442203244641,2.065192931479625e-17,fac-opacity-cowan-state,T4616p44_rho2p06519em17,0.3042980448078013,4.5587062874317924e-20,0.3042980448078013,1.4785318861891858e-20,ok,/home/elads/STAR/full_grid_solar_opacity/runs/T4616p44_rho2p06519em17/fac-opacity-cowan-state/starout.h5
4616.442203244641,2.9678431503900313e-17,fac-opacity-cowan-state,T4616p44_rho2p96784em17,0.304298044807801,6.527342454540355e-20,0.304298044807801,2.1168760120395388e-20,ok,/home/elads/STAR/full_grid_solar_opacity/runs/T4616p44_rho2p96784em17/fac-opacity-cowan-state/starout.h5
4616.442203244641,4.2650218442334076e-17,fac-opacity-cowan-state,T4616p44_rho4p26502em17,0.30429804480780065,9.35984693147549e-20,0.30429804480780065,3.0353116217036375e-20,ok,/home/elads/STAR/full_grid_solar_opacity/runs/T4616p44_rho4p26502em17/fac-opacity-cowan-state/starout.h5
4616.442203244641,6.129168695925715e-17,fac-opacity-cowan-state,T4616p44_rho6p12917em17,0.3042980448078013,1.344063603863034e-19,0.3042980448078013,4.3585889584711564e-20,ok,/home/elads/STAR/full_grid_solar_opacity/runs/T4616p44_rho6p12917em17/fac-opacity-cowan-state/starout.h5
4616.442203244641,8.808092965317026e-17,fac-opacity-cowan-state,T4616p44_rho8p80809em17,0.3042980448077957,1.9315065713146783e-19,0.3042980448077957,6.263575740779326e-20,ok,/home/elads/STAR/full_grid_solar_opacity/runs/T4616p44_rho8p80809em17/fac-opacity-cowan-state/starout.h5
4616.442203244641,1.2657915866672028e-16,fac-opacity-cowan-state,T4616p44_rho1p26579em16,0.30429804480780115,2.7756983520642503e-19,0.30429804480780115,9.001159252586227e-20,ok,/home/elads/STAR/full_grid_solar_opacity/runs/T4616p44_rho1p26579em16/fac-opacity-cowan-state/starout.h5
4616.442203244641,1.819041133178821e-16,fac-opacity-cowan-state,T4616p44_rho1p81904em16,0.30429804480779865,3.988851195254576e-19,0.30429804480779865,1.2935227072947212e-19,ok,/home/elads/STAR/full_grid_solar_opacity/runs/T4616p44_rho1p81904em16/fac-opacity-cowan-state/starout.h5
4616.442203244641,2.6141038375114865e-16,fac-opacity-cowan-state,T4616p44_rho2p6141em16,0.3042980448074408,5.732220473048184e-19,0.3042980448074408,1.8588705805036525e-19,ok,/home/elads/STAR/full_grid_solar_opacity/runs/T4616p44_rho2p6141em16/fac-opacity-cowan-state/starout.h5
4616.442203244641,3.7566708903116036e-16,fac-opacity-cowan-state,T4616p44_rho3p75667em16,0.30429804480779943,8.237537526562506e-19,0.30429804480779943,2.671306528997138e-19,ok,/home/elads/STAR/full_grid_solar_opacity/runs/T4616p44_rho3p75667em16/fac-opacity-cowan-state/starout.h5
4616.442203244641,5.398628767382507e-16,fac-opacity-cowan-state,T4616p44_rho5p39863em16,0.3042980448077991,1.1837808707317701e-18,0.3042980448077991,3.8388195802111356e-19,ok,/home/elads/STAR/full_grid_solar_opacity/runs/T4616p44_rho5p39863em16/fac-opacity-cowan-state/starout.h5
4616.442203244641,7.758250168566793e-16,fac-opacity-cowan-state,T4616p44_rho7p75825em16,0.3042980448062071,1.701157813852854e-18,0.3042980448062071,5.51659443489789e-19,ok,/home/elads/STAR/full_grid_solar_opacity/runs/T4616p44_rho7p75825em16/fac-opacity-cowan-state/starout.h5
4616.442203244641,1.1149209970080914e-15,fac-opacity-cowan-state,T4616p44_rho1p11492em15,0.30429804480780154,2.444652824823231e-18,0.3042980448078015,7.927636500229847e-19,ok,/home/elads/STAR/full_grid_solar_opacity/runs/T4616p44_rho1p11492em15/fac-opacity-cowan-state/starout.h5
4616.442203244641,1.6022283408774753e-15,fac-opacity-cowan-state,T4616p44_rho1p60223em15,0.30429804480686967,3.513088164225569e-18,0.30429804480686967,1.1392412230077451e-18,ok,/home/elads/STAR/full_grid_solar_opacity/runs/T4616p44_rho1p60223em15/fac-opacity-cowan-state/starout.h5
4616.442203244641,2.3025269621793266e-15,fac-opacity-cowan-state,T4616p44_rho2p30253em15,0.3042980448078007,5.0484745432072875e-18,0.3042980448078007,1.637144206380758e-18,ok,/home/elads/STAR/full_grid_solar_opacity/runs/T4616p44_rho2p30253em15/fac-opacity-cowan-state/starout.h5
4616.442203244641,3.308910644196489e-15,fac-opacity-cowan-state,T4616p44_rho3p30891em15,0.3042980448078008,7.254885198600376e-18,0.3042980448078008,2.3526507166999752e-18,ok,/home/elads/STAR/full_grid_solar_opacity/runs/T4616p44_rho3p30891em15/fac-opacity-cowan-state/starout.h5
4616.442203244641,4.755162406834019e-15,fac-opacity-cowan-state,T4616p44_rho4p75516em15,0.30429804480780115,1.0425578881318825e-17,0.30429804480780115,3.380860481138431e-18,ok,/home/elads/STAR/full_grid_solar_opacity/runs/T4616p44_rho4p75516em15/fac-opacity-cowan-state/starout.h5
4616.442203244641,6.8335388732923106e-15,fac-opacity-cowan-state,T4616p44_rho6p83354em15,0.3042980448037614,1.4981975770292716e-17,0.3042980448037614,4.858434581168738e-18,ok,/home/elads/STAR/full_grid_solar_opacity/runs/T4616p44_rho6p83354em15/fac-opacity-cowan-state/starout.h5
4616.442203244641,9.820327790631256e-15,fac-opacity-cowan-state,T4616p44_rho9p82033em15,0.30429804480780115,2.1529663473368603e-17,0.30429804480780115,6.981757412850745e-18,ok,/home/elads/STAR/full_grid_solar_opacity/runs/T4616p44_rho9p82033em15/fac-opacity-cowan-state/starout.h5
4616.442203244641,1.4112576178114521e-14,fac-opacity-cowan-state,T4616p44_rho1p41126em14,0.3042980448078477,3.093889925094519e-17,0.30429804480784767,1.0033042320823633e-17,ok,/home/elads/STAR/full_grid_solar_opacity/runs/T4616p44_rho1p41126em14/fac-opacity-cowan-state/starout.h5
4616.442203244641,2.0280871538024598e-14,fac-opacity-cowan-state,T4616p44_rho2p02809em14,0.3042980448078019,4.4460255140816987e-17,0.3042980448078019,1.4417835584412e-17,ok,/home/elads/STAR/full_grid_solar_opacity/runs/T4616p44_rho2p02809em14/fac-opacity-cowan-state/starout.h5
4616.442203244641,2.914519256800997e-14,fac-opacity-cowan-state,T4616p44_rho2p91452em14,0.3042980448078005,6.389084865450434e-17,0.3042980448078005,2.0718922677219683e-17,ok,/home/elads/STAR/full_grid_solar_opacity/runs/T4616p44_rho2p91452em14/fac-opacity-cowan-state/starout.h5
4616.442203244641,4.188391254457488e-14,fac-opacity-cowan-state,T4616p44_rho4p18839em14,0.30429804480781253,9.181319537305339e-17,0.30429804480781253,2.977378687861734e-17,ok,/home/elads/STAR/full_grid_solar_opacity/runs/T4616p44_rho4p18839em14/fac-opacity-cowan-state/starout.h5
4616.442203244641,6.019044567806669e-14,fac-opacity-cowan-state,T4616p44_rho6p01904em14,0.3042980448078022,1.3193847938484152e-16,0.30429804480780226,4.2785930663445124e-17,ok,/home/elads/STAR/full_grid_solar_opacity/runs/T4616p44_rho6p01904em14/fac-opacity-cowan-state/starout.h5
4616.442203244641,8.649836012976684e-14,fac-opacity-cowan-state,T4616p44_rho8p64984em14,0.3042980448077964,1.8959983489684825e-16,0.30429804480779643,6.148484480760956e-17,ok,/home/elads/STAR/full_grid_solar_opacity/runs/T4616p44_rho8p64984em14/fac-opacity-cowan-state/starout.h5
4616.442203244641,1.2430488295695167e-13,fac-opacity-cowan-state,T4616p44_rho1p24305em13,0.304298044807798,2.724612547144791e-16,0.304298044807798,8.835590783947668e-17,ok,/home/elads/STAR/full_grid_solar_opacity/runs/T4616p44_rho1p24305em13/fac-opacity-cowan-state/starout.h5
4616.442203244641,1.7863580192457348e-13,fac-opacity-cowan-state,T4616p44_rho1p78636em13,0.30429804480779704,3.9153643359433797e-16,0.3042980448077971,1.2697079271803053e-16,ok,/home/elads/STAR/full_grid_solar_opacity/runs/T4616p44_rho1p78636em13/fac-opacity-cowan-state/starout.h5
4616.442203244641,2.567135656310987e-13,fac-opacity-cowan-state,T4616p44_rho2p56714em13,0.30429804480604067,5.626529446108788e-16,0.30429804480604083,1.8246229794796378e-16,ok,/home/elads/STAR/full_grid_solar_opacity/runs/T4616p44_rho2p56714em13/fac-opacity-cowan-state/starout.h5
4616.442203244641,3.6891739544382357e-13,fac-opacity-cowan-state,T4616p44_rho3p68917em13,0.30429804480779077,8.085566788903866e-16,0.304298044807791,2.622068493617143e-16,ok,/home/elads/STAR/full_grid_solar_opacity/runs/T4616p44_rho3p68917em13/fac-opacity-cowan-state/starout.h5
4616.442203244641,5.301630411562758e-13,fac-opacity-cowan-state,T4616p44_rho5p30163em13,0.30429804480778583,1.1619378197964414e-15,0.3042980448077862,3.768057804004155e-16,ok,/home/elads/STAR/full_grid_solar_opacity/runs/T4616p44_rho5p30163em13/fac-opacity-cowan-state/starout.h5
4616.442203244641,7.618855973704612e-13,fac-opacity-cowan-state,T4616p44_rho7p61886em13,0.304298044807791,1.6697790882519486e-15,0.3042980448077915,5.414955353204585e-16,ok,/home/elads/STAR/full_grid_solar_opacity/runs/T4616p44_rho7p61886em13/fac-opacity-cowan-state/starout.h5
4616.442203244641,1.0948889651276868e-12,fac-opacity-cowan-state,T4616p44_rho1p09489em12,0.30429804480776873,2.3996096932452416e-15,0.3042980448077694,7.781758588628956e-16,ok,/home/elads/STAR/full_grid_solar_opacity/runs/T4616p44_rho1p09489em12/fac-opacity-cowan-state/starout.h5
4616.442203244641,1.5734407502856082e-12,fac-opacity-cowan-state,T4616p44_rho1p57344em12,0.30429804480775313,3.4484990572303024e-15,0.30429804480775413,1.1183265012275991e-15,ok,/home/elads/STAR/full_grid_solar_opacity/runs/T4616p44_rho1p57344em12/fac-opacity-cowan-state/starout.h5
4616.442203244641,2.26115695153675e-12,fac-opacity-cowan-state,T4616p44_rho2p26116em12,0.3042980448077359,4.955992608064535e-15,0.30429804480773737,1.607202322585932e-15,ok,/home/elads/STAR/full_grid_solar_opacity/runs/T4616p44_rho2p26116em12/fac-opacity-cowan-state/starout.h5
4616.442203244641,3.249458715591849e-12,fac-opacity-cowan-state,T4616p44_rho3p24946em12,0.30429804480770095,7.122722989157616e-15,0.304298044807703,2.309869375182525e-15,ok,/home/elads/STAR/full_grid_solar_opacity/runs/T4616p44_rho3p24946em12/fac-opacity-cowan-state/starout.h5
4616.442203244641,4.669725353279713e-12,fac-opacity-cowan-state,T4616p44_rho4p66973em12,0.30429804480765843,1.0237195900082315e-14,0.30429804480766137,3.3198914825028858e-15,ok,/home/elads/STAR/full_grid_solar_opacity/runs/T4616p44_rho4p66973em12/fac-opacity-cowan-state/starout.h5
4616.442203244641,6.710759170575148e-12,fac-opacity-cowan-state,T4616p44_rho6p71076em12,0.30429804480759637,1.4714337809974855e-14,0.3042980448076007,4.77183191004397e-15,ok,/home/elads/STAR/full_grid_solar_opacity/runs/T4616p44_rho6p71076em12/fac-opacity-cowan-state/starout.h5
4616.442203244641,9.64388379154446e-12,fac-opacity-cowan-state,T4616p44_rho9p64388em12,0.30429804480802863,2.115106921956487e-14,0.3042980448080347,6.859276383066623e-15,ok,/home/elads/STAR/full_grid_solar_opacity/runs/T4616p44_rho9p64388em12/fac-opacity-cowan-state/starout.h5
4616.442203244641,1.3859012403933867e-11,fac-opacity-cowan-state,T4616p44_rho1p3859em11,0.30429804480743194,3.0406905672069204e-14,0.3042980448074409,9.860977572389082e-15,ok,/home/elads/STAR/full_grid_solar_opacity/runs/T4616p44_rho1p3859em11/fac-opacity-cowan-state/starout.h5
4616.442203244641,1.9916480638308542e-11,fac-opacity-cowan-state,T4616p44_rho1p99165em11,0.3042980448071906,4.3721876396599465e-14,0.30429804480720357,1.417910840382334e-14,ok,/home/elads/STAR/full_grid_solar_opacity/runs/T4616p44_rho1p99165em11/fac-opacity-cowan-state/starout.h5
4616.442203244641,2.8621534453892672e-11,fac-opacity-cowan-state,T4616p44_rho2p86215em11,0.30429804480692596,6.287935388343427e-14,0.30429804480694417,2.039205822166266e-14,ok,/home/elads/STAR/full_grid_solar_opacity/runs/T4616p44_rho2p86215em11/fac-opacity-cowan-state/starout.h5
4616.442203244641,4.1131375034185614e-11,fac-opacity-cowan-state,T4616p44_rho4p11314em11,0.30429804480654477,9.040882675951499e-14,0.30429804480657136,2.9319989911543313e-14,ok,/home/elads/STAR/full_grid_solar_opacity/runs/T4616p44_rho4p11314em11/fac-opacity-cowan-state/starout.h5
4616.442203244641,5.910899064227969e-11,fac-opacity-cowan-state,T4616p44_rho5p9109em11,0.3042980448059797,1.2995310889157475e-13,0.3042980448060177,4.2144048244671496e-14,ok,/home/elads/STAR/full_grid_solar_opacity/runs/T4616p44_rho5p9109em11/fac-opacity-cowan-state/starout.h5
4616.442203244641,8.4944224982638e-11,fac-opacity-cowan-state,T4616p44_rho8p49442em11,0.304298044805185,1.8681403097193392e-13,0.3042980448052396,6.05836679134751e-14,ok,/home/elads/STAR/full_grid_solar_opacity/runs/T4616p44_rho8p49442em11/fac-opacity-cowan-state/starout.h5
4616.442203244641,1.2207146966133182e-10,fac-opacity-cowan-state,T4616p44_rho1p22071em10,0.3042980448040664,2.685157801508216e-13,0.30429804480414496,8.70787184435036e-14,ok,/home/elads/STAR/full_grid_solar_opacity/runs/T4616p44_rho1p22071em10/fac-opacity-cowan-state/starout.h5
4616.442203244641,1.7542621300415897e-10,fac-opacity-cowan-state,T4616p44_rho1p75426em10,0.3042980448024972,3.8582461246535924e-13,0.3042980448026103,1.2512056745898038e-13,ok,/home/elads/STAR/full_grid_solar_opacity/runs/T4616p44_rho1p75426em10/fac-opacity-cowan-state/starout.h5
4616.442203244641,2.52101136279913e-10,fac-opacity-cowan-state,T4616p44_rho2p52101em10,0.304298044800089,5.542728595751178e-13,0.3042980448002514,1.7974653203073393e-13,ok,/home/elads/STAR/full_grid_solar_opacity/runs/T4616p44_rho2p52101em10/fac-opacity-cowan-state/starout.h5
4616.442203244641,3.6228897509242966e-10,fac-opacity-cowan-state,T4616p44_rho3p62289em10,0.3017207877530773,7.957686462979481e-13,0.3017207877533105,2.5813697152393627e-13,ok,/home/elads/STAR/full_grid_solar_opacity/runs/T4616p44_rho3p62289em10/fac-opacity-cowan-state/starout.h5
4616.442203244641,5.20637484663258e-10,fac-opacity-cowan-state,T4616p44_rho5p20637em10,0.3017207877475256,1.1445096926786512e-12,0.3017207877478603,3.711847075637937e-13,ok,/home/elads/STAR/full_grid_solar_opacity/runs/T4616p44_rho5p20637em10/fac-opacity-cowan-state/starout.h5
4616.442203244641,7.481966305138837e-10,fac-opacity-cowan-state,T4616p44_rho7p48197em10,0.30172078774068095,1.6447698475302978e-12,0.3017207877411626,5.334990841170906e-13,ok,/home/elads/STAR/full_grid_solar_opacity/runs/T4616p44_rho7p48197em10/fac-opacity-cowan-state/starout.h5
4616.442203244641,1.0752168531898921e-09,fac-opacity-cowan-state,T4616p44_rho1p07522em09,0.3017207877308975,2.367005964403841e-12,0.30172078773159056,7.676129993023006e-13,ok,/home/elads/STAR/full_grid_solar_opacity/runs/T4616p44_rho1p07522em09/fac-opacity-cowan-state/starout.h5
4616.442203244641,1.5451703926941453e-09,fac-opacity-cowan-state,T4616p44_rho1p54517em09,0.30172078773478045,3.4045090372821416e-12,0.3017207877357772,1.1041530854964771e-12,ok,/home/elads/STAR/full_grid_solar_opacity/runs/T4616p44_rho1p54517em09/fac-opacity-cowan-state/starout.h5
4616.442203244641,2.220530245015531e-09,fac-opacity-cowan-state,T4616p44_rho2p22053em09,0.30172078769708194,4.8937381183398525e-12,0.30172078769851557,1.5870211018800039e-12,ok,/home/elads/STAR/full_grid_solar_opacity/runs/T4616p44_rho2p22053em09/fac-opacity-cowan-state/starout.h5
4616.442203244641,3.1910749729235452e-09,fac-opacity-cowan-state,T4616p44_rho3p19107em09,0.3017207876689806,7.0209150803548784e-12,0.3017207876710373,2.2769249475904487e-12,ok,/home/elads/STAR/full_grid_solar_opacity/runs/T4616p44_rho3p19107em09/fac-opacity-cowan-state/starout.h5
4616.442203244641,4.585823366142813e-09,fac-opacity-cowan-state,T4616p44_rho4p58582em09,0.3017207876293301,1.0076689362477561e-11,0.30172078763228094,3.2675600042744282e-12,ok,/home/elads/STAR/full_grid_solar_opacity/runs/T4616p44_rho4p58582em09/fac-opacity-cowan-state/starout.h5
4616.442203244641,6.590185477903269e-09,fac-opacity-cowan-state,T4616p44_rho6p59019em09,0.30172078753514353,1.447627017648929e-11,0.30172078753938275,4.694209370108062e-12,ok,/home/elads/STAR/full_grid_solar_opacity/runs/T4616p44_rho6p59019em09/fac-opacity-cowan-state/starout.h5
4616.442203244641,9.470610000772238e-09,fac-opacity-cowan-state,T4616p44_rho9p47061em09,0.3017207874968897,2.0810010269763056e-11,0.3017207875029829,6.7470576507933845e-12,ok,/home/elads/STAR/full_grid_solar_opacity/runs/T4616p44_rho9p47061em09/fac-opacity-cowan-state/starout.h5
4616.442203244641,1.3610004466105506e-08,fac-opacity-cowan-state,T4616p44_rho1p361em08,0.30172078738925606,2.994819650506634e-11,0.3017207873980235,9.707780724821481e-12,ok,/home/elads/STAR/full_grid_solar_opacity/runs/T4616p44_rho1p361em08/fac-opacity-cowan-state/starout.h5
4616.442203244641,1.9558636830395073e-08,fac-opacity-cowan-state,T4616p44_rho1p95586em08,0.3017207872490416,4.306404844215137e-11,0.3017207872616518,1.3961517934708634e-11,ok,/home/elads/STAR/full_grid_solar_opacity/runs/T4616p44_rho1p95586em08/fac-opacity-cowan-state/starout.h5
4616.442203244641,2.810728502080722e-08,fac-opacity-cowan-state,T4616p44_rho2p81073em08,0.30172078706360106,6.179076941409036e-11,0.30172078708168903,2.0028266895845633e-11,ok,/home/elads/STAR/full_grid_solar_opacity/runs/T4616p44_rho2p81073em08/fac-opacity-cowan-state/starout.h5
4616.442203244641,4.039235853150913e-08,fac-opacity-cowan-state,T4616p44_rho4p03924em08,0.30172078682306475,8.865294716874019e-11,0.3017207868490149,2.8732736950880336e-11,ok,/home/elads/STAR/full_grid_solar_opacity/runs/T4616p44_rho4p03924em08/fac-opacity-cowan-state/starout.h5
4616.442203244641,5.804696634805446e-08,fac-opacity-cowan-state,T4616p44_rho5p8047em08,0.3017207865178573,1.2741013961052416e-10,0.30172078655514756,4.1289074658358926e-11,ok,/home/elads/STAR/full_grid_solar_opacity/runs/T4616p44_rho5p8047em08/fac-opacity-cowan-state/starout.h5
4616.442203244641,8.341801332506338e-08,fac-opacity-cowan-state,T4616p44_rho8p3418em08,0.3017207861326277,1.830998475588736e-10,0.3017207861862146,5.933298407240615e-11,ok,/home/elads/STAR/full_grid_solar_opacity/runs/T4616p44_rho8p3418em08/fac-opacity-cowan-state/starout.h5
4616.442203244641,1.1987818459583772e-07,fac-opacity-cowan-state,T4616p44_rho1p19878em07,0.3017207856568411,2.629612514331472e-10,0.30172078573379774,8.520780153482734e-11,ok,/home/elads/STAR/full_grid_solar_opacity/runs/T4616p44_rho1p19878em07/fac-opacity-cowan-state/starout.h5
4616.442203244641,1.7227429147699408e-07,fac-opacity-cowan-state,T4616p44_rho1p72274em07,0.30172078507235883,3.776058452158008e-10,0.30172078518286405,1.2235447381494745e-10,ok,/home/elads/STAR/full_grid_solar_opacity/runs/T4616p44_rho1p72274em07/fac-opacity-cowan-state/starout.h5
4616.442203244641,2.4757157946593376e-07,fac-opacity-cowan-state,T4616p44_rho2p47572em07,0.3017207843599454,5.42819146251997e-10,0.3017207845187999,1.7588475818362266e-10,ok,/home/elads/STAR/full_grid_solar_opacity/runs/T4616p44_rho2p47572em07/fac-opacity-cowan-state/starout.h5
4616.442203244641,3.557796490339488e-07,fac-opacity-cowan-state,T4616p44_rho3p5578em07,0.3017207835020229,7.809092275866243e-10,0.30172078373053884,2.53011724653412e-10,ok,/home/elads/STAR/full_grid_solar_opacity/runs/T4616p44_rho3p5578em07/fac-opacity-cowan-state/starout.h5
4616.442203244641,5.112830759482948e-07,fac-opacity-cowan-state,T4616p44_rho5p11283em07,0.3017207824606016,1.1214572945611596e-09,0.301720782788714,3.6328206823994715e-10,ok,/home/elads/STAR/full_grid_solar_opacity/runs/T4616p44_rho5p11283em07/fac-opacity-cowan-state/starout.h5
4616.442203244641,7.347536163492159e-07,fac-opacity-cowan-state,T4616p44_rho7p34754em07,0.30172078120550233,1.6065409064522902e-09,0.30172078167540667,5.2027071576693e-10,ok,/home/elads/STAR/full_grid_solar_opacity/runs/T4616p44_rho7p34754em07/fac-opacity-cowan-state/starout.h5
4616.442203244641,1.0558981944335787e-06,fac-opacity-cowan-state,T4616p44_rho1p0559em06,0.30172077969562766,2.303143357374164e-09,0.30172078036908523,7.456363129557546e-10,ok,/home/elads/STAR/full_grid_solar_opacity/runs/T4616p44_rho1p0559em06/fac-opacity-cowan-state/starout.h5
4616.442203244641,1.517407974863493e-06,fac-opacity-cowan-state,T4616p44_rho1p51741em06,0.3017207778833635,3.312742264092928e-09,0.30172077885179915,1.0722176215850745e-09,ok,/home/elads/STAR/full_grid_solar_opacity/runs/T4616p44_rho1p51741em06/fac-opacity-cowan-state/starout.h5
4616.442203244641,2.1806334875063253e-06,fac-opacity-cowan-state,T4616p44_rho2p18063em06,0.30172077571593026,4.899896983817664e-09,0.3017207771596551,1.5973584209667288e-09,ok,/home/elads/STAR/full_grid_solar_opacity/runs/T4616p44_rho2p18063em06/fac-opacity-cowan-state/starout.h5
4616.442203244641,3.1337402238588983e-06,fac-opacity-cowan-state,T4616p44_rho3p13374em06,0.3017207731277803,7.06644582540647e-09,0.30172077521213536,2.3058776721158003e-09,ok,/home/elads/STAR/full_grid_solar_opacity/runs/T4616p44_rho3p13374em06/fac-opacity-cowan-state/starout.h5
4616.442203244641,4.503428864545845e-06,fac-opacity-cowan-state,T4616p44_rho4p50343em06,0.3017207700058918,1.0231238402238815e-08,0.301720773032022,3.3468536383222986e-09,ok,/home/elads/STAR/full_grid_solar_opacity/runs/T4616p44_rho4p50343em06/fac-opacity-cowan-state/starout.h5
4616.442203244641,6.471778159406801e-06,fac-opacity-cowan-state,T4616p44_rho6p47178em06,0.30172076625312905,1.479115049472805e-08,0.30172077062576236,4.836046109759075e-09,ok,/home/elads/STAR/full_grid_solar_opacity/runs/T4616p44_rho6p47178em06/fac-opacity-cowan-state/starout.h5
4616.442203244641,9.300449458481393e-06,fac-opacity-cowan-state,T4616p44_rho9p30045em06,0.3017207617248219,2.1304391724084175e-08,0.3017207680207311,6.962942603512793e-09,ok,/home/elads/STAR/full_grid_solar_opacity/runs/T4616p44_rho9p30045em06/fac-opacity-cowan-state/starout.h5
4616.442203244641,1.3365470508911143e-05,fac-opacity-cowan-state,T4616p44_rho1p33655em05,0.30172075657189057,3.040253446839014e-08,0.301720765550513,9.929649935155578e-09,ok,/home/elads/STAR/full_grid_solar_opacity/runs/T4616p44_rho1p33655em05/fac-opacity-cowan-state/starout.h5
4616.442203244641,1.920722248123928e-05,fac-opacity-cowan-state,T4616p44_rho1p92072em05,0.3017207499655955,4.3887990234507456e-08,0.3017207630113912,1.4417391761011133e-08,ok,/home/elads/STAR/full_grid_solar_opacity/runs/T4616p44_rho1p92072em05/fac-opacity-cowan-state/starout.h5
4616.442203244641,2.760227522090268e-05,fac-opacity-cowan-state,T4616p44_rho2p76023em05,0.30172074259249837,6.759400089625474e-08,0.3017207639910078,2.3513192466379754e-08,ok,/home/elads/STAR/full_grid_solar_opacity/runs/T4616p44_rho2p76023em05/fac-opacity-cowan-state/starout.h5
4616.442203244641,3.966662010161191e-05,fac-opacity-cowan-state,T4616p44_rho3p96666em05,0.3017207328781056,9.706261516377944e-08,0.3017207635839955,3.3738688845062135e-08,ok,/home/elads/STAR/full_grid_solar_opacity/runs/T4616p44_rho3p96666em05/fac-opacity-cowan-state/starout.h5
4616.442203244641,5.7004023678963655e-05,fac-opacity-cowan-state,T4616p44_rho5p7004em05,0.3017207212413343,1.392573193822838e-07,0.301720765301453,4.8404834909249425e-08,ok,/home/elads/STAR/full_grid_solar_opacity/runs/T4616p44_rho5p7004em05/fac-opacity-cowan-state/starout.h5
4616.442203244641,8.191922344953684e-05,fac-opacity-cowan-state,T4616p44_rho8p19192em05,0.30172071858971,2.003171206599514e-07,0.301720781901245,6.954999453172824e-08,ok,/home/elads/STAR/full_grid_solar_opacity/runs/T4616p44_rho8p19192em05/fac-opacity-cowan-state/starout.h5
4616.442203244641,0.00011772430676769293,fac-opacity-cowan-state,T4616p44_rho0p000117724,0.30172073798748383,2.869402778530966e-07,0.3017208285298673,9.946006511696371e-08,ok,/home/elads/STAR/full_grid_solar_opacity/runs/T4616p44_rho0p000117724/fac-opacity-cowan-state/starout.h5
4616.442203244641,0.00016917900122028344,fac-opacity-cowan-state,T4616p44_rho0p000169179,0.30172072354981716,4.1181971994161416e-07,0.3017208531943914,1.4241411891842168e-07,ok,/home/elads/STAR/full_grid_solar_opacity/runs/T4616p44_rho0p000169179/fac-opacity-cowan-state/starout.h5
4616.442203244641,0.0002431234061999784,fac-opacity-cowan-state,T4616p44_rho0p000243123,0.3017207047772357,5.906644587288529e-07,0.3017208903090286,2.0379769754115047e-07,ok,/home/elads/STAR/full_grid_solar_opacity/runs/T4616p44_rho0p000243123/fac-opacity-cowan-state/starout.h5
4616.442203244641,0.0003493872774749123,fac-opacity-cowan-state,T4616p44_rho0p000349387,0.30172067955061715,8.474713653394543e-07,0.30172094531074023,2.918823794839901e-07,ok,/home/elads/STAR/full_grid_solar_opacity/runs/T4616p44_rho0p000349387/fac-opacity-cowan-state/starout.h5
4616.442203244641,0.0005020967399614471,fac-opacity-cowan-state,T4616p44_rho0p000502097,0.30172063547951306,1.2154295224511452e-06,0.3017210157485331,4.175944206063113e-07,ok,/home/elads/STAR/full_grid_solar_opacity/runs/T4616p44_rho0p000502097/fac-opacity-cowan-state/starout.h5
4616.442203244641,0.0007215521357901021,fac-opacity-cowan-state,T4616p44_rho0p000721552,0.3017206069511497,1.7411859443064463e-06,0.30172114956891216,5.958701730087906e-07,ok,/home/elads/STAR/full_grid_solar_opacity/runs/T4616p44_rho0p000721552/fac-opacity-cowan-state/starout.h5
4616.442203244641,0.0010369266382873438,fac-opacity-cowan-state,T4616p44_rho0p00103693,0.30172054914820545,2.4960627184683705e-06,0.30172132474984054,8.515671069439103e-07,ok,/home/elads/STAR/full_grid_solar_opacity/runs/T4616p44_rho0p00103693/fac-opacity-cowan-state/starout.h5
4616.442203244641,0.0014901443705277455,fac-opacity-cowan-state,T4616p44_rho0p00149014,0.3017204702943389,3.5758319668866066e-06,0.3017215770096436,1.214940093510226e-06,ok,/home/elads/STAR/full_grid_solar_opacity/runs/T4616p44_rho0p00149014/fac-opacity-cowan-state/starout.h5
4616.442203244641,0.002141453563853953,fac-opacity-cowan-state,T4616p44_rho0p00214145,0.30172034968273903,5.119888585504741e-06,0.3017219264914195,1.7307855926438633e-06,ok,/home/elads/STAR/full_grid_solar_opacity/runs/T4616p44_rho0p00214145/fac-opacity-cowan-state/starout.h5
4616.442203244641,0.003077435620898055,fac-opacity-cowan-state,T4616p44_rho0p00307744,0.30172020593123805,7.3293758796312606e-06,0.30172245189839875,2.4647660075282167e-06,ok,/home/elads/STAR/full_grid_solar_opacity/runs/T4616p44_rho0p00307744/fac-opacity-cowan-state/starout.h5
4616.442203244641,0.004422514763163053,fac-opacity-cowan-state,T4616p44_rho0p00442251,0.30172001985171243,1.048901753049399e-05,0.3017232150634974,3.505712464141884e-06,ok,/home/elads/STAR/full_grid_solar_opacity/runs/T4616p44_rho0p00442251/fac-opacity-cowan-state/starout.h5
4616.442203244641,0.006355498291362301,fac-opacity-cowan-state,T4616p44_rho0p0063555,0.30171974559499815,1.5003168188340904e-05,0.30172428197792306,4.976336762552763e-06,ok,/home/elads/STAR/full_grid_solar_opacity/runs/T4616p44_rho0p0063555/fac-opacity-cowan-state/starout.h5
4616.442203244641,0.009133346228248624,fac-opacity-cowan-state,T4616p44_rho0p00913335,0.3017193949205844,2.1471261412254868e-05,0.301725839184345,7.067129682570649e-06,ok,/home/elads/STAR/full_grid_solar_opacity/runs/T4616p44_rho0p00913335/fac-opacity-cowan-state/starout.h5
4616.442203244641,0.01312533014735226,fac-opacity-cowan-state,T4616p44_rho0p0131253,0.30171896470083803,3.072812949430217e-05,0.3017281102303048,1.0026137095605901e-05,ok,/home/elads/STAR/full_grid_solar_opacity/runs/T4616p44_rho0p0131253/fac-opacity-cowan-state/starout.h5
4616.442203244641,0.018862122071335155,fac-opacity-cowan-state,T4616p44_rho0p0188621,0.30171841864250565,4.3962080764231955e-05,0.3017313728400792,1.4196831656422261e-05,ok,/home/elads/STAR/full_grid_solar_opacity/runs/T4616p44_rho0p0188621/fac-opacity-cowan-state/starout.h5
4616.442203244641,0.02710633904364831,fac-opacity-cowan-state,T4616p44_rho0p0271063,0.3017177227075011,6.290205229838912e-05,0.301736045354206,2.0073324038251983e-05,ok,/home/elads/STAR/full_grid_solar_opacity/runs/T4616p44_rho0p0271063/fac-opacity-cowan-state/starout.h5
4616.442203244641,0.038953921174427183,fac-opacity-cowan-state,T4616p44_rho0p0389539,0.3017168073563548,9.002303759432455e-05,0.30174270367988776,2.8358111214399213e-05,ok,/home/elads/STAR/full_grid_solar_opacity/runs/T4616p44_rho0p0389539/fac-opacity-cowan-state/starout.h5
4616.442203244641,0.0559798197912329,fac-opacity-cowan-state,T4616p44_rho0p0559798,0.30171555111298326,0.0001287603636839575,0.3017520326741246,3.993313661829605e-05,ok,/home/elads/STAR/full_grid_solar_opacity/runs/T4616p44_rho0p0559798/fac-opacity-cowan-state/starout.h5
4616.442203244641,0.08044736266284185,fac-opacity-cowan-state,T4616p44_rho0p0804474,0.3017138808731016,0.00018413809177411688,0.30176516995562674,5.6114133953132723e-05,ok,/home/elads/STAR/full_grid_solar_opacity/runs/T4616p44_rho0p0804474/fac-opacity-cowan-state/starout.h5
4616.442203244641,0.11560912813835741,fac-opacity-cowan-state,T4616p44_rho0p115609,0.3017115622409672,0.00026317147393366405,0.30178340114918156,7.855875252289749e-05,ok,/home/elads/STAR/full_grid_solar_opacity/runs/T4616p44_rho0p115609/fac-opacity-cowan-state/starout.h5
4616.442203244641,0.1661393247274789,fac-opacity-cowan-state,T4616p44_rho0p166139,0.3017083537031175,0.00037595934230093676,0.30180861867373243,0.00010958563193587932,ok,/home/elads/STAR/full_grid_solar_opacity/runs/T4616p44_rho0p166139/fac-opacity-cowan-state/starout.h5
4616.442203244641,0.23875515424585794,fac-opacity-cowan-state,T4616p44_rho0p238755,0.30170384665585864,0.000536874260381352,0.30184334611027047,0.00015236633945278418,ok,/home/elads/STAR/full_grid_solar_opacity/runs/T4616p44_rho0p238755/fac-opacity-cowan-state/starout.h5
4616.442203244641,0.34310975906798746,fac-opacity-cowan-state,T4616p44_rho0p34311,0.3016963503220171,0.0007671251754995996,0.3018900232425613,0.00021136845041292741,ok,/home/elads/STAR/full_grid_solar_opacity/runs/T4616p44_rho0p34311/fac-opacity-cowan-state/starout.h5
4616.442203244641,0.49307545690287347,fac-opacity-cowan-state,T4616p44_rho0p493075,0.3016865523606842,0.0010964465101956226,0.301954810078763,0.00029247302333585096,ok,/home/elads/STAR/full_grid_solar_opacity/runs/T4616p44_rho0p493075/fac-opacity-cowan-state/starout.h5
4616.442203244641,0.7085878491488851,fac-opacity-cowan-state,T4616p44_rho0p708588,0.30167242478106315,0.0015679922174824225,0.3020433115546908,0.0004038472271867136,ok,/home/elads/STAR/full_grid_solar_opacity/runs/T4616p44_rho0p708588/fac-opacity-cowan-state/starout.h5
4616.442203244641,1.0182959482819007,fac-opacity-cowan-state,T4616p44_rho1p0183,0.30165227084858914,0.0022438121296809417,0.3021642310232526,0.0005565578961372851,ok,/home/elads/STAR/full_grid_solar_opacity/runs/T4616p44_rho1p0183/fac-opacity-cowan-state/starout.h5
4616.442203244641,1.4633706173946401,fac-opacity-cowan-state,T4616p44_rho1p46337,0.3016236041255456,0.0032129925967635522,0.3023291663996793,0.0007654948847398178,ok,/home/elads/STAR/full_grid_solar_opacity/runs/T4616p44_rho1p46337/fac-opacity-cowan-state/starout.h5
4616.442203244641,2.1029775945461404,fac-opacity-cowan-state,T4616p44_rho2p10298,0.3015827792684693,0.004603791631459938,0.30255355918251964,0.0010506989546083276,ok,/home/elads/STAR/full_grid_solar_opacity/runs/T4616p44_rho2p10298/fac-opacity-cowan-state/starout.h5
4616.442203244641,3.0221426551783854,fac-opacity-cowan-state,T4616p44_rho3p02214,0.30152484333400764,0.006599418755816107,0.3028575406884349,0.0014382832810545484,ok,/home/elads/STAR/full_grid_solar_opacity/runs/T4616p44_rho3p02214/fac-opacity-cowan-state/starout.h5
4616.442203244641,4.343054463316713,fac-opacity-cowan-state,T4616p44_rho4p34305,0.3014428314392278,0.009463174807640182,0.3032676836223902,0.0019628539678503785,ok,/home/elads/STAR/full_grid_solar_opacity/runs/T4616p44_rho4p34305/fac-opacity-cowan-state/starout.h5
4616.442203244641,6.241307649397467,fac-opacity-cowan-state,T4616p44_rho6p24131,0.30132691079746105,0.013571860061167777,0.30381817283961626,0.0026693578952720915,ok,/home/elads/STAR/full_grid_solar_opacity/runs/T4616p44_rho6p24131/fac-opacity-cowan-state/starout.h5
4616.442203244641,8.969245378672715,fac-opacity-cowan-state,T4616p44_rho8p96925,0.30116403377763207,0.019463347340861376,0.30455280734770457,0.003615129738674086,ok,/home/elads/STAR/full_grid_solar_opacity/runs/T4616p44_rho8p96925/fac-opacity-cowan-state/starout.h5
4616.442203244641,12.889504440725364,fac-opacity-cowan-state,T4616p44_rho12p8895,0.3009360823168958,0.02790683523847015,0.30552760069057383,0.004874019716620412,ok,/home/elads/STAR/full_grid_solar_opacity/runs/T4616p44_rho12p8895/fac-opacity-cowan-state/starout.h5
4616.442203244641,18.52322215674118,fac-opacity-cowan-state,T4616p44_rho18p5232,0.3006186610771575,0.039997972972689644,0.30681313939663296,0.006539325309230085,ok,/home/elads/STAR/full_grid_solar_opacity/runs/T4616p44_rho18p5232/fac-opacity-cowan-state/starout.h5
4616.442203244641,26.61931346126126,fac-opacity-cowan-state,T4616p44_rho26p6193,0.30017961978525937,0.05729405427167089,0.3084980436333001,0.008727952484697259,ok,/home/elads/STAR/full_grid_solar_opacity/runs/T4616p44_rho26p6193/fac-opacity-cowan-state/starout.h5
4616.442203244641,38.254027466328665,fac-opacity-cowan-state,T4616p44_rho38p254,0.2995767382434747,0.08199528679069187,0.31069183460448535,0.011584631888909071,ok,/home/elads/STAR/full_grid_solar_opacity/runs/T4616p44_rho38p254/fac-opacity-cowan-state/starout.h5
4616.442203244641,54.97401800103719,fac-opacity-cowan-state,T4616p44_rho54p974,0.2987568381098113,0.11720124709685822,0.31353147907531415,0.015288486505155113,ok,/home/elads/STAR/full_grid_solar_opacity/runs/T4616p44_rho54p974/fac-opacity-cowan-state/starout.h5
4616.442203244641,79.0019471240894,fac-opacity-cowan-state,T4616p44_rho79p0019,0.29765543850088,0.1672423103758084,0.3171866120892128,0.020057886945027834,ok,/home/elads/STAR/full_grid_solar_opacity/runs/T4616p44_rho79p0019/fac-opacity-cowan-state/starout.h5
4616.442203244641,113.53195339077567,fac-opacity-cowan-state,T4616p44_rho113p532,0.2961979434197443,0.23810843271087745,0.3218671732014188,0.0261572695138848,ok,/home/elads/STAR/full_grid_solar_opacity/runs/T4616p44_rho113p532/fac-opacity-cowan-state/starout.h5
4616.442203244641,163.15426277379785,fac-opacity-cowan-state,T4616p44_rho163p154,0.2943063673271436,0.33796390481273225,0.327833133786873,0.033902430718359446,ok,/home/elads/STAR/full_grid_solar_opacity/runs/T4616p44_rho163p154/fac-opacity-cowan-state/starout.h5
4616.442203244641,234.46538763970608,fac-opacity-cowan-state,T4616p44_rho234p465,0.29191283917818095,0.4777315457541032,0.3354122271128304,0.04367079430742027,ok,/home/elads/STAR/full_grid_solar_opacity/runs/T4616p44_rho234p465/fac-opacity-cowan-state/starout.h5
4616.442203244641,336.94503022121665,fac-opacity-cowan-state,T4616p44_rho336p945,0.2889838305057489,0.6716028805860202,0.34501855436903067,0.055906689199203156,ok,/home/elads/STAR/full_grid_solar_opacity/runs/T4616p44_rho336p945/fac-opacity-cowan-state/starout.h5
4616.442203244641,484.21626123015125,fac-opacity-cowan-state,T4616p44_rho484p216,0.2852357710258223,0.9372397933212392,0.35682437404199796,0.07110160612374036,ok,/home/elads/STAR/full_grid_solar_opacity/runs/T4616p44_rho484p216/fac-opacity-cowan-state/starout.h5
4616.442203244641,695.8564947100452,fac-opacity-cowan-state,T4616p44_rho695p856,0.28183450943377436,1.2952565513944405,0.3726370380848334,0.08995236876549054,ok,/home/elads/STAR/full_grid_solar_opacity/runs/T4616p44_rho695p856/fac-opacity-cowan-state/starout.h5
4616.442203244641,1000.0,fac-opacity-cowan-state,T4616p44_rho1000,0.2780104040155432,1.7669062238916304,0.39211220022230286,0.1130560902093715,ok,/home/elads/STAR/full_grid_solar_opacity/runs/T4616p44_rho1000/fac-opacity-cowan-state/starout.h5
5082.153711896717,1e-17,fac-opacity-cowan-state,T5082p15_rho1em17,0.30095981238475483,1.589749114002559e-20,0.30095981238475494,5.102849616449218e-21,ok,/home/elads/STAR/full_grid_solar_opacity/runs/T5082p15_rho1em17/fac-opacity-cowan-state/starout.h5
5082.153711896717,1.4370779141993746e-17,fac-opacity-cowan-state,T5082p15_rho1p43708em17,0.30095981238475517,2.2678634604461872e-20,0.3009598123847551,7.278830710537811e-21,ok,/home/elads/STAR/full_grid_solar_opacity/runs/T5082p15_rho1p43708em17/fac-opacity-cowan-state/starout.h5
5082.153711896717,2.065192931479625e-17,fac-opacity-cowan-state,T5082p15_rho2p06519em17,0.3009598123847553,3.2423942266944877e-20,0.3009598123847553,1.0405975705251592e-20,ok,/home/elads/STAR/full_grid_solar_opacity/runs/T5082p15_rho2p06519em17/fac-opacity-cowan-state/starout.h5
5082.153711896717,2.9678431503900313e-17,fac-opacity-cowan-state,T5082p15_rho2p96784em17,0.3009598123847526,4.644437828158705e-20,0.3009598123847526,1.4904838937084502e-20,ok,/home/elads/STAR/full_grid_solar_opacity/runs/T5082p15_rho2p96784em17/fac-opacity-cowan-state/starout.h5
5082.153711896717,4.2650218442334076e-17,fac-opacity-cowan-state,T5082p15_rho4p26502em17,0.3009598123847536,6.661464396273241e-20,0.3009598123847536,2.137689025357124e-20,ok,/home/elads/STAR/full_grid_solar_opacity/runs/T5082p15_rho4p26502em17/fac-opacity-cowan-state/starout.h5
5082.153711896717,6.129168695925715e-17,fac-opacity-cowan-state,T5082p15_rho6p12917em17,0.300959812384753,9.566589515260524e-20,0.300959812384753,3.069907560864283e-20,ok,/home/elads/STAR/full_grid_solar_opacity/runs/T5082p15_rho6p12917em17/fac-opacity-cowan-state/starout.h5
5082.153711896717,8.808092965317026e-17,fac-opacity-cowan-state,T5082p15_rho8p80809em17,0.3009598123847555,1.3747828974315598e-19,0.3009598123847555,4.411662953297319e-20,ok,/home/elads/STAR/full_grid_solar_opacity/runs/T5082p15_rho8p80809em17/fac-opacity-cowan-state/starout.h5
5082.153711896717,1.2657915866672028e-16,fac-opacity-cowan-state,T5082p15_rho1p26579em16,0.3009598123847554,1.9756538244369888e-19,0.3009598123847554,6.339851461443438e-20,ok,/home/elads/STAR/full_grid_solar_opacity/runs/T5082p15_rho1p26579em16/fac-opacity-cowan-state/starout.h5
5082.153711896717,1.819041133178821e-16,fac-opacity-cowan-state,T5082p15_rho1p81904em16,0.30095981238475206,2.8391422068108944e-19,0.30095981238475206,9.110777025135441e-20,ok,/home/elads/STAR/full_grid_solar_opacity/runs/T5082p15_rho1p81904em16/fac-opacity-cowan-state/starout.h5
5082.153711896717,2.6141038375114865e-16,fac-opacity-cowan-state,T5082p15_rho2p6141em16,0.3009598123847531,4.080026649843397e-19,0.3009598123847531,1.309276316454503e-19,ok,/home/elads/STAR/full_grid_solar_opacity/runs/T5082p15_rho2p6141em16/fac-opacity-cowan-state/starout.h5
5082.153711896717,3.7566708903116036e-16,fac-opacity-cowan-state,T5082p15_rho3p75667em16,0.3009598124001305,5.863249840647405e-19,0.3009598124001305,1.8815109830622467e-19,ok,/home/elads/STAR/full_grid_solar_opacity/runs/T5082p15_rho3p75667em16/fac-opacity-cowan-state/starout.h5
5082.153711896717,5.398628767382507e-16,fac-opacity-cowan-state,T5082p15_rho5p39863em16,0.30095981238476677,8.425841426940889e-19,0.30095981238476677,2.703844381866356e-19,ok,/home/elads/STAR/full_grid_solar_opacity/runs/T5082p15_rho5p39863em16/fac-opacity-cowan-state/starout.h5
5082.153711896717,7.758250168566793e-16,fac-opacity-cowan-state,T5082p15_rho7p75825em16,0.3009598123847542,1.2108423914848387e-18,0.3009598123847542,3.885582067343909e-19,ok,/home/elads/STAR/full_grid_solar_opacity/runs/T5082p15_rho7p75825em16/fac-opacity-cowan-state/starout.h5
5082.153711896717,1.1149209970080914e-15,fac-opacity-cowan-state,T5082p15_rho1p11492em15,0.3009598123847528,1.7400484987433675e-18,0.3009598123847527,5.583800512951279e-19,ok,/home/elads/STAR/full_grid_solar_opacity/runs/T5082p15_rho1p11492em15/fac-opacity-cowan-state/starout.h5
5082.153711896717,1.6022283408774753e-15,fac-opacity-cowan-state,T5082p15_rho1p60223em15,0.3009598123847539,2.5005437065440468e-18,0.30095981238475383,8.024224654361097e-19,ok,/home/elads/STAR/full_grid_solar_opacity/runs/T5082p15_rho1p60223em15/fac-opacity-cowan-state/starout.h5
5082.153711896717,2.3025269621793266e-15,fac-opacity-cowan-state,T5082p15_rho2p30253em15,0.3009598123847536,3.593411162529885e-18,0.3009598123847536,1.153123026337452e-18,ok,/home/elads/STAR/full_grid_solar_opacity/runs/T5082p15_rho2p30253em15/fac-opacity-cowan-state/starout.h5
5082.153711896717,3.308910644196489e-15,fac-opacity-cowan-state,T5082p15_rho3p30891em15,0.3009598123847553,5.163910648553423e-18,0.3009598123847553,1.6570956215629988e-18,ok,/home/elads/STAR/full_grid_solar_opacity/runs/T5082p15_rho3p30891em15/fac-opacity-cowan-state/starout.h5
5082.153711896717,4.755162406834019e-15,fac-opacity-cowan-state,T5082p15_rho4p75516em15,0.3009598123847456,7.420785537810193e-18,0.3009598123847456,2.3813260425616195e-18,ok,/home/elads/STAR/full_grid_solar_opacity/runs/T5082p15_rho4p75516em15/fac-opacity-cowan-state/starout.h5
5082.153711896717,6.8335388732923106e-15,fac-opacity-cowan-state,T5082p15_rho6p83354em15,0.3009598123847564,1.0664006702028455e-17,0.3009598123847563,3.4220752458995397e-18,ok,/home/elads/STAR/full_grid_solar_opacity/runs/T5082p15_rho6p83354em15/fac-opacity-cowan-state/starout.h5
5082.153711896717,9.820327790631256e-15,fac-opacity-cowan-state,T5082p15_rho9p82033em15,0.300959812384754,1.5324639772618284e-17,0.300959812384754,4.917672725152586e-18,ok,/home/elads/STAR/full_grid_solar_opacity/runs/T5082p15_rho9p82033em15/fac-opacity-cowan-state/starout.h5
5082.153711896717,1.4112576178114521e-14,fac-opacity-cowan-state,T5082p15_rho1p41126em14,0.30095981238475505,2.202214796019577e-17,0.3009598123847551,7.066904871183605e-18,ok,/home/elads/STAR/full_grid_solar_opacity/runs/T5082p15_rho1p41126em14/fac-opacity-cowan-state/starout.h5
5082.153711896717,2.0280871538024598e-14,fac-opacity-cowan-state,T5082p15_rho2p02809em14,0.300959812384751,3.1646715499138105e-17,0.300959812384751,1.015543393249316e-17,ok,/home/elads/STAR/full_grid_solar_opacity/runs/T5082p15_rho2p02809em14/fac-opacity-cowan-state/starout.h5
5082.153711896717,2.914519256800997e-14,fac-opacity-cowan-state,T5082p15_rho2p91452em14,0.3009598123847542,4.547757472800956e-17,0.3009598123847542,1.4593768815599894e-17,ok,/home/elads/STAR/full_grid_solar_opacity/runs/T5082p15_rho2p91452em14/fac-opacity-cowan-state/starout.h5
5082.153711896717,4.188391254457488e-14,fac-opacity-cowan-state,T5082p15_rho4p18839em14,0.30095981238475317,6.535303701502205e-17,0.3009598123847532,2.0971829531378648e-17,ok,/home/elads/STAR/full_grid_solar_opacity/runs/T5082p15_rho4p18839em14/fac-opacity-cowan-state/starout.h5
5082.153711896717,6.019044567806669e-14,fac-opacity-cowan-state,T5082p15_rho6p01904em14,0.30095981238475206,9.391484690421179e-17,0.30095981238475206,3.0137362490031715e-17,ok,/home/elads/STAR/full_grid_solar_opacity/runs/T5082p15_rho6p01904em14/fac-opacity-cowan-state/starout.h5
5082.153711896717,8.649836012976684e-14,fac-opacity-cowan-state,T5082p15_rho8p64984em14,0.30095981238475167,1.3495933421892873e-16,0.3009598123847517,4.330862812039329e-17,ok,/home/elads/STAR/full_grid_solar_opacity/runs/T5082p15_rho8p64984em14/fac-opacity-cowan-state/starout.h5
5082.153711896717,1.2430488295695167e-13,fac-opacity-cowan-state,T5082p15_rho1p24305em13,0.3009598123847305,1.9394205401078327e-16,0.3009598123847305,6.223634565544885e-17,ok,/home/elads/STAR/full_grid_solar_opacity/runs/T5082p15_rho1p24305em13/fac-opacity-cowan-state/starout.h5
5082.153711896717,1.7863580192457348e-13,fac-opacity-cowan-state,T5082p15_rho1p78636em13,0.3009598123847487,2.787030539048362e-16,0.30095981238474884,8.943643868328085e-17,ok,/home/elads/STAR/full_grid_solar_opacity/runs/T5082p15_rho1p78636em13/fac-opacity-cowan-state/starout.h5
5082.153711896717,2.567135656310987e-13,fac-opacity-cowan-state,T5082p15_rho2p56714em13,0.3009598123847477,4.0050913060261965e-16,0.3009598123847477,1.2852450577022389e-16,ok,/home/elads/STAR/full_grid_solar_opacity/runs/T5082p15_rho2p56714em13/fac-opacity-cowan-state/starout.h5
5082.153711896717,3.6891739544382357e-13,fac-opacity-cowan-state,T5082p15_rho3p68917em13,0.30095981238474395,5.755518001190109e-16,0.3009598123847441,1.8469655858321356e-16,ok,/home/elads/STAR/full_grid_solar_opacity/runs/T5082p15_rho3p68917em13/fac-opacity-cowan-state/starout.h5
5082.153711896717,5.301630411562758e-13,fac-opacity-cowan-state,T5082p15_rho5p30163em13,0.3009598123848575,8.271010198353935e-16,0.30095981238485764,2.654201462158182e-16,ok,/home/elads/STAR/full_grid_solar_opacity/runs/T5082p15_rho5p30163em13/fac-opacity-cowan-state/starout.h5
5082.153711896717,7.618855973704612e-13,fac-opacity-cowan-state,T5082p15_rho7p61886em13,0.3009598123847755,1.1885999394628848e-15,0.3009598123847758,3.814275443515282e-16,ok,/home/elads/STAR/full_grid_solar_opacity/runs/T5082p15_rho7p61886em13/fac-opacity-cowan-state/starout.h5
5082.153711896717,1.0948889651276868e-12,fac-opacity-cowan-state,T5082p15_rho1p09489em12,0.30095981238472713,1.7081153999325473e-15,0.3009598123847275,5.481439853554293e-16,ok,/home/elads/STAR/full_grid_solar_opacity/runs/T5082p15_rho1p09489em12/fac-opacity-cowan-state/starout.h5
5082.153711896717,1.5734407502856082e-12,fac-opacity-cowan-state,T5082p15_rho1p57344em12,0.3009598123847119,2.454737217348567e-15,0.30095981238471264,7.877412955500039e-16,ok,/home/elads/STAR/full_grid_solar_opacity/runs/T5082p15_rho1p57344em12/fac-opacity-cowan-state/starout.h5
5082.153711896717,2.26115695153675e-12,fac-opacity-cowan-state,T5082p15_rho2p26116em12,0.300959812384712,3.5277810062335664e-15,0.30095981238471303,1.1320911811841027e-15,ok,/home/elads/STAR/full_grid_solar_opacity/runs/T5082p15_rho2p26116em12/fac-opacity-cowan-state/starout.h5
5082.153711896717,3.249458715591849e-12,fac-opacity-cowan-state,T5082p15_rho3p24946em12,0.30095981238464414,5.07002640533587e-15,0.30095981238464564,1.6270138174515043e-15,ok,/home/elads/STAR/full_grid_solar_opacity/runs/T5082p15_rho3p24946em12/fac-opacity-cowan-state/starout.h5
5082.153711896717,4.669725353279713e-12,fac-opacity-cowan-state,T5082p15_rho4p66973em12,0.3009598123846233,7.286764542846292e-15,0.3009598123846254,2.3383902312687097e-15,ok,/home/elads/STAR/full_grid_solar_opacity/runs/T5082p15_rho4p66973em12/fac-opacity-cowan-state/starout.h5
5082.153711896717,6.710759170575148e-12,fac-opacity-cowan-state,T5082p15_rho6p71076em12,0.3009598123845795,1.0473206703906884e-14,0.30095981238458247,3.3609583779414643e-15,ok,/home/elads/STAR/full_grid_solar_opacity/runs/T5082p15_rho6p71076em12/fac-opacity-cowan-state/starout.h5
5082.153711896717,9.64388379154446e-12,fac-opacity-cowan-state,T5082p15_rho9p64388em12,0.3009598123844235,1.505399018538586e-14,0.30095981238442776,4.830991149888021e-15,ok,/home/elads/STAR/full_grid_solar_opacity/runs/T5082p15_rho9p64388em12/fac-opacity-cowan-state/starout.h5
5082.153711896717,1.3859012403933867e-11,fac-opacity-cowan-state,T5082p15_rho1p3859em11,0.30095981238439007,2.1640412232798585e-14,0.3009598123843962,6.944666132520447e-15,ok,/home/elads/STAR/full_grid_solar_opacity/runs/T5082p15_rho1p3859em11/fac-opacity-cowan-state/starout.h5
5082.153711896717,1.9916480638308542e-11,fac-opacity-cowan-state,T5082p15_rho1p99165em11,0.3009598123842316,3.111366660377656e-14,0.30095981238424047,9.984781854864977e-15,ok,/home/elads/STAR/full_grid_solar_opacity/runs/T5082p15_rho1p99165em11/fac-opacity-cowan-state/starout.h5
5082.153711896717,2.8621534453892672e-11,fac-opacity-cowan-state,T5082p15_rho2p86215em11,0.3009598123840577,4.4740223043867133e-14,0.3009598123840703,1.4357776134912615e-14,ok,/home/elads/STAR/full_grid_solar_opacity/runs/T5082p15_rho2p86215em11/fac-opacity-cowan-state/starout.h5
5082.153711896717,4.1131375034185614e-11,fac-opacity-cowan-state,T5082p15_rho4p11314em11,0.30095981238367714,6.432199389852346e-14,0.30095981238369535,2.0641821856279626e-14,ok,/home/elads/STAR/full_grid_solar_opacity/runs/T5082p15_rho4p11314em11/fac-opacity-cowan-state/starout.h5
5082.153711896717,5.910899064227969e-11,fac-opacity-cowan-state,T5082p15_rho5p9109em11,0.30095981238319014,9.245179067125172e-14,0.3009598123832168,2.966885817099364e-14,ok,/home/elads/STAR/full_grid_solar_opacity/runs/T5082p15_rho5p9109em11/fac-opacity-cowan-state/starout.h5
5082.153711896717,8.4944224982638e-11,fac-opacity-cowan-state,T5082p15_rho8p49442em11,0.3009598123825254,1.3289382954057782e-13,0.3009598123825635,4.2646868662707306e-14,ok,/home/elads/STAR/full_grid_solar_opacity/runs/T5082p15_rho8p49442em11/fac-opacity-cowan-state/starout.h5
5082.153711896717,1.2207146966133182e-10,fac-opacity-cowan-state,T5082p15_rho1p22071em10,0.3009598123815542,1.910081045742268e-13,0.3009598123816091,6.12958219212336e-14,ok,/home/elads/STAR/full_grid_solar_opacity/runs/T5082p15_rho1p22071em10/fac-opacity-cowan-state/starout.h5
5082.153711896717,1.7542621300415897e-10,fac-opacity-cowan-state,T5082p15_rho1p75426em10,0.3009598123808386,2.744655195858198e-13,0.3009598123809172,8.807731230025974e-14,ok,/home/elads/STAR/full_grid_solar_opacity/runs/T5082p15_rho1p75426em10/fac-opacity-cowan-state/starout.h5
5082.153711896717,2.52101136279913e-10,fac-opacity-cowan-state,T5082p15_rho2p52101em10,0.30095981237810676,3.9431841859828574e-13,0.3009598123782195,1.2653821242015676e-13,ok,/home/elads/STAR/full_grid_solar_opacity/runs/T5082p15_rho2p52101em10/fac-opacity-cowan-state/starout.h5
5082.153711896717,3.6228897509242966e-10,fac-opacity-cowan-state,T5082p15_rho3p62289em10,0.30095981237527436,5.665523304168587e-13,0.30095981237543673,1.8180827253589878e-13,ok,/home/elads/STAR/full_grid_solar_opacity/runs/T5082p15_rho3p62289em10/fac-opacity-cowan-state/starout.h5
5082.153711896717,5.20637484663258e-10,fac-opacity-cowan-state,T5082p15_rho5p20637em10,0.2981536843884318,8.16017218606742e-13,0.29815368438866574,2.6168579674240984e-13,ok,/home/elads/STAR/full_grid_solar_opacity/runs/T5082p15_rho5p20637em10/fac-opacity-cowan-state/starout.h5
5082.153711896717,7.481966305138837e-10,fac-opacity-cowan-state,T5082p15_rho7p48197em10,0.2981536843761214,1.1705479117089854e-12,0.29815368437645756,3.756420031946321e-13,ok,/home/elads/STAR/full_grid_solar_opacity/runs/T5082p15_rho7p48197em10/fac-opacity-cowan-state/starout.h5
5082.153711896717,1.0752168531898921e-09,fac-opacity-cowan-state,T5082p15_rho1p07522em09,0.2981536843741972,1.6848748480901765e-12,0.2981536843746805,5.405352222251063e-13,ok,/home/elads/STAR/full_grid_solar_opacity/runs/T5082p15_rho1p07522em09/fac-opacity-cowan-state/starout.h5
5082.153711896717,1.5451703926941453e-09,fac-opacity-cowan-state,T5082p15_rho1p54517em09,0.29815368436228173,2.4212484874567034e-12,0.29815368436297673,7.770145783543697e-13,ok,/home/elads/STAR/full_grid_solar_opacity/runs/T5082p15_rho1p54517em09/fac-opacity-cowan-state/starout.h5
5082.153711896717,2.220530245015531e-09,fac-opacity-cowan-state,T5082p15_rho2p22053em09,0.29815368434522005,3.4805765990677397e-12,0.2981536843462191,1.1168540029986252e-12,ok,/home/elads/STAR/full_grid_solar_opacity/runs/T5082p15_rho2p22053em09/fac-opacity-cowan-state/starout.h5
5082.153711896717,3.1910749729235452e-09,fac-opacity-cowan-state,T5082p15_rho3p19107em09,0.29815368432131617,4.993500826268878e-12,0.2981536843227491,1.6025482114396062e-12,ok,/home/elads/STAR/full_grid_solar_opacity/runs/T5082p15_rho3p19107em09/fac-opacity-cowan-state/starout.h5
5082.153711896717,4.585823366142813e-09,fac-opacity-cowan-state,T5082p15_rho4p58582em09,0.29815368428742184,7.1709293033330665e-12,0.2981536842894805,2.3008350881747707e-12,ok,/home/elads/STAR/full_grid_solar_opacity/runs/T5082p15_rho4p58582em09/fac-opacity-cowan-state/starout.h5
5082.153711896717,6.590185477903269e-09,fac-opacity-cowan-state,T5082p15_rho6p59019em09,0.2981536842396094,1.0301038340763437e-11,0.2981536842425664,3.3053571416069476e-12,ok,/home/elads/STAR/full_grid_solar_opacity/runs/T5082p15_rho6p59019em09/fac-opacity-cowan-state/starout.h5
5082.153711896717,9.470610000772238e-09,fac-opacity-cowan-state,T5082p15_rho9p47061em09,0.2981536841681514,1.4808158895673502e-11,0.29815368417240123,4.751030341872406e-12,ok,/home/elads/STAR/full_grid_solar_opacity/runs/T5082p15_rho9p47061em09/fac-opacity-cowan-state/starout.h5
5082.153711896717,1.3610004466105506e-08,fac-opacity-cowan-state,T5082p15_rho1p361em08,0.2981536840818565,2.1303238378324477e-11,0.298153684087971,6.8350608750659364e-12,ok,/home/elads/STAR/full_grid_solar_opacity/runs/T5082p15_rho1p361em08/fac-opacity-cowan-state/starout.h5
5082.153711896717,1.9558636830395073e-08,fac-opacity-cowan-state,T5082p15_rho1p95586em08,0.2981536839619118,3.063836811352711e-11,0.29815368397070513,9.828937666645033e-12,ok,/home/elads/STAR/full_grid_solar_opacity/runs/T5082p15_rho1p95586em08/fac-opacity-cowan-state/starout.h5
5082.153711896717,2.810728502080722e-08,fac-opacity-cowan-state,T5082p15_rho2p81073em08,0.2981536838036453,4.3970170949606476e-11,0.29815368381626367,1.4105255223845213e-11,ok,/home/elads/STAR/full_grid_solar_opacity/runs/T5082p15_rho2p81073em08/fac-opacity-cowan-state/starout.h5
5082.153711896717,4.039235853150913e-08,fac-opacity-cowan-state,T5082p15_rho4p03924em08,0.2981536835974191,6.310093436516343e-11,0.29815368361552386,2.0239262929792028e-11,ok,/home/elads/STAR/full_grid_solar_opacity/runs/T5082p15_rho4p03924em08/fac-opacity-cowan-state/starout.h5
5082.153711896717,5.804696634805446e-08,fac-opacity-cowan-state,T5082p15_rho5p8047em08,0.29815368333645703,9.066785394567341e-11,0.29815368336246845,2.9079258153837276e-11,ok,/home/elads/STAR/full_grid_solar_opacity/runs/T5082p15_rho5p8047em08/fac-opacity-cowan-state/starout.h5
5082.153711896717,8.341801332506338e-08,fac-opacity-cowan-state,T5082p15_rho8p3418em08,0.29815368300705425,1.3029646268404863e-10,0.29815368304443307,4.1785452783417055e-11,ok,/home/elads/STAR/full_grid_solar_opacity/runs/T5082p15_rho8p3418em08/fac-opacity-cowan-state/starout.h5
5082.153711896717,1.1987818459583772e-07,fac-opacity-cowan-state,T5082p15_rho1p19878em07,0.29815368260013536,1.8716232394575174e-10,0.29815368265382575,6.00190254885043e-11,ok,/home/elads/STAR/full_grid_solar_opacity/runs/T5082p15_rho1p19878em07/fac-opacity-cowan-state/starout.h5
5082.153711896717,1.7227429147699408e-07,fac-opacity-cowan-state,T5082p15_rho1p72274em07,0.2981536821006723,2.688135930612404e-10,0.2981536821777848,8.620281607570533e-11,ok,/home/elads/STAR/full_grid_solar_opacity/runs/T5082p15_rho1p72274em07/fac-opacity-cowan-state/starout.h5
5082.153711896717,2.4757157946593376e-07,fac-opacity-cowan-state,T5082p15_rho2p47572em07,0.29815368149377486,3.8637405738510256e-10,0.2981536816046087,1.2389808319585586e-10,ok,/home/elads/STAR/full_grid_solar_opacity/runs/T5082p15_rho2p47572em07/fac-opacity-cowan-state/starout.h5
5082.153711896717,3.557796490339488e-07,fac-opacity-cowan-state,T5082p15_rho3p5578em07,0.2981536807620115,5.556243762650153e-10,0.2981536809213891,1.7816105179150395e-10,ok,/home/elads/STAR/full_grid_solar_opacity/runs/T5082p15_rho3p5578em07/fac-opacity-cowan-state/starout.h5
5082.153711896717,5.112830759482948e-07,fac-opacity-cowan-state,T5082p15_rho5p11283em07,0.2981536798708894,7.980073772580606e-10,0.29815368009975896,2.558410600675161e-10,ok,/home/elads/STAR/full_grid_solar_opacity/runs/T5082p15_rho5p11283em07/fac-opacity-cowan-state/starout.h5
5082.153711896717,7.347536163492159e-07,fac-opacity-cowan-state,T5082p15_rho7p34754em07,0.2981536787978169,1.1439099556777e-09,0.2981536791258163,3.6665098525069437e-10,ok,/home/elads/STAR/full_grid_solar_opacity/runs/T5082p15_rho7p34754em07/fac-opacity-cowan-state/starout.h5
5082.153711896717,1.0558981944335787e-06,fac-opacity-cowan-state,T5082p15_rho1p0559em06,0.29815367750699207,1.6405006703717794e-09,0.2981536779772669,5.256876427947218e-10,ok,/home/elads/STAR/full_grid_solar_opacity/runs/T5082p15_rho1p0559em06/fac-opacity-cowan-state/starout.h5
5082.153711896717,1.517407974863493e-06,fac-opacity-cowan-state,T5082p15_rho1p51741em06,0.2981536759602848,2.3592354912138774e-09,0.2981536766364447,7.558272213170883e-10,ok,/home/elads/STAR/full_grid_solar_opacity/runs/T5082p15_rho1p51741em06/fac-opacity-cowan-state/starout.h5
5082.153711896717,2.1806334875063253e-06,fac-opacity-cowan-state,T5082p15_rho2p18063em06,0.2981536741114453,3.4792138001605702e-09,0.2981536751154294,1.121556478224859e-09,ok,/home/elads/STAR/full_grid_solar_opacity/runs/T5082p15_rho2p18063em06/fac-opacity-cowan-state/starout.h5
5082.153711896717,3.1337402238588983e-06,fac-opacity-cowan-state,T5082p15_rho3p13374em06,0.2981536720390009,5.014592424582421e-09,0.2981536734871875,1.617615155999194e-09,ok,/home/elads/STAR/full_grid_solar_opacity/runs/T5082p15_rho3p13374em06/fac-opacity-cowan-state/starout.h5
5082.153711896717,4.503428864545845e-06,fac-opacity-cowan-state,T5082p15_rho4p50343em06,0.29815366926435977,7.259122739025467e-09,0.2981536713662688,2.3471693107309897e-09,ok,/home/elads/STAR/full_grid_solar_opacity/runs/T5082p15_rho4p50343em06/fac-opacity-cowan-state/starout.h5
5082.153711896717,6.471778159406801e-06,fac-opacity-cowan-state,T5082p15_rho6p47178em06,0.29815366605109234,1.0485104629910511e-08,0.2981536690857748,3.3887717391490735e-09,ok,/home/elads/STAR/full_grid_solar_opacity/runs/T5082p15_rho6p47178em06/fac-opacity-cowan-state/starout.h5
5082.153711896717,9.300449458481393e-06,fac-opacity-cowan-state,T5082p15_rho9p30045em06,0.298153662197756,1.5097553865442914e-08,0.29815366656605186,4.877859074145008e-09,ok,/home/elads/STAR/full_grid_solar_opacity/runs/T5082p15_rho9p30045em06/fac-opacity-cowan-state/starout.h5
5082.153711896717,1.3365470508911143e-05,fac-opacity-cowan-state,T5082p15_rho1p33655em05,0.29815365782024683,2.1565148780869754e-08,0.29815366405630556,6.963344583861366e-09,ok,/home/elads/STAR/full_grid_solar_opacity/runs/T5082p15_rho1p33655em05/fac-opacity-cowan-state/starout.h5
5082.153711896717,1.920722248123928e-05,fac-opacity-cowan-state,T5082p15_rho1p92072em05,0.2981536522176523,3.0940487073698316e-08,0.298153661159635,9.984570267362414e-09,ok,/home/elads/STAR/full_grid_solar_opacity/runs/T5082p15_rho1p92072em05/fac-opacity-cowan-state/starout.h5
5082.153711896717,2.760227522090268e-05,fac-opacity-cowan-state,T5082p15_rho2p76023em05,0.29815364597157196,4.481412238849322e-08,0.2981536589900148,1.4527328363138321e-08,ok,/home/elads/STAR/full_grid_solar_opacity/runs/T5082p15_rho2p76023em05/fac-opacity-cowan-state/starout.h5
5082.153711896717,3.966662010161191e-05,fac-opacity-cowan-state,T5082p15_rho3p96666em05,0.29815363775923115,6.819622590853579e-08,0.29815365863124815,2.317192163860879e-08,ok,/home/elads/STAR/full_grid_solar_opacity/runs/T5082p15_rho3p96666em05/fac-opacity-cowan-state/starout.h5
5082.153711896717,5.7004023678963655e-05,fac-opacity-cowan-state,T5082p15_rho5p7004em05,0.29815362795388634,9.775013067553835e-08,0.2981536578538112,3.319217318053133e-08,ok,/home/elads/STAR/full_grid_solar_opacity/runs/T5082p15_rho5p7004em05/fac-opacity-cowan-state/starout.h5
5082.153711896717,8.191922344953684e-05,fac-opacity-cowan-state,T5082p15_rho8p19192em05,0.29815362633565234,1.4073977430041765e-07,0.29815366936990273,4.776755470239934e-08,ok,/home/elads/STAR/full_grid_solar_opacity/runs/T5082p15_rho8p19192em05/fac-opacity-cowan-state/starout.h5
5082.153711896717,0.00011772430676769293,fac-opacity-cowan-state,T5082p15_rho0p000117724,0.2981536448877168,2.0169539498440116e-07,0.2981537064772486,6.836061278341387e-08,ok,/home/elads/STAR/full_grid_solar_opacity/runs/T5082p15_rho0p000117724/fac-opacity-cowan-state/starout.h5
5082.153711896717,0.00016917900122028344,fac-opacity-cowan-state,T5082p15_rho0p000169179,0.29815363319842897,2.895544294806281e-07,0.29815372145297725,9.795541034656776e-08,ok,/home/elads/STAR/full_grid_solar_opacity/runs/T5082p15_rho0p000169179/fac-opacity-cowan-state/starout.h5
5082.153711896717,0.0002431234061999784,fac-opacity-cowan-state,T5082p15_rho0p000243123,0.29815361859959155,4.1542270099291176e-07,0.2981537449822857,1.402675356668823e-07,ok,/home/elads/STAR/full_grid_solar_opacity/runs/T5082p15_rho0p000243123/fac-opacity-cowan-state/starout.h5
5082.153711896717,0.0003493872774749123,fac-opacity-cowan-state,T5082p15_rho0p000349387,0.298153597577507,5.961701818808579e-07,0.2981537786737531,2.0096653308548818e-07,ok,/home/elads/STAR/full_grid_solar_opacity/runs/T5082p15_rho0p000349387/fac-opacity-cowan-state/starout.h5
5082.153711896717,0.0005020967399614471,fac-opacity-cowan-state,T5082p15_rho0p000502097,0.29815356089018685,8.552574214462809e-07,0.2981538201562296,2.8768003554734873e-07,ok,/home/elads/STAR/full_grid_solar_opacity/runs/T5082p15_rho0p000502097/fac-opacity-cowan-state/starout.h5
5082.153711896717,0.0007215521357901021,fac-opacity-cowan-state,T5082p15_rho0p000721552,0.29815353935154376,1.2260256610635273e-06,0.2981539098536888,4.110867233985021e-07,ok,/home/elads/STAR/full_grid_solar_opacity/runs/T5082p15_rho0p000721552/fac-opacity-cowan-state/starout.h5
5082.153711896717,0.0010369266382873438,fac-opacity-cowan-state,T5082p15_rho0p00103693,0.2981534930583578,1.758065855439685e-06,0.29815402293359783,5.878241771860994e-07,ok,/home/elads/STAR/full_grid_solar_opacity/runs/T5082p15_rho0p00103693/fac-opacity-cowan-state/starout.h5
5082.153711896717,0.0014901443705277455,fac-opacity-cowan-state,T5082p15_rho0p00149014,0.29815343049434634,2.5198096204399758e-06,0.2981541873802408,8.395398301288005e-07,ok,/home/elads/STAR/full_grid_solar_opacity/runs/T5082p15_rho0p00149014/fac-opacity-cowan-state/starout.h5
5082.153711896717,0.002141453563853953,fac-opacity-cowan-state,T5082p15_rho0p00214145,0.2981533351308729,3.609790245256936e-06,0.2981544147767438,1.1974002904480772e-06,ok,/home/elads/STAR/full_grid_solar_opacity/runs/T5082p15_rho0p00214145/fac-opacity-cowan-state/starout.h5
5082.153711896717,0.003077435620898055,fac-opacity-cowan-state,T5082p15_rho0p00307744,0.29815321585081533,5.171262037303543e-06,0.2981547558532065,1.7076134770195305e-06,ok,/home/elads/STAR/full_grid_solar_opacity/runs/T5082p15_rho0p00307744/fac-opacity-cowan-state/starout.h5
5082.153711896717,0.004422514763163053,fac-opacity-cowan-state,T5082p15_rho0p00442251,0.2981530738491956,7.405361704613321e-06,0.29815526785347995,2.4322740947675586e-06,ok,/home/elads/STAR/full_grid_solar_opacity/runs/T5082p15_rho0p00442251/fac-opacity-cowan-state/starout.h5
5082.153711896717,0.006355498291362301,fac-opacity-cowan-state,T5082p15_rho0p0063555,0.2981528650750614,1.0600896395914581e-05,0.29815598607066907,3.459267937581365e-06,ok,/home/elads/STAR/full_grid_solar_opacity/runs/T5082p15_rho0p0063555/fac-opacity-cowan-state/starout.h5
5082.153711896717,0.009133346228248624,fac-opacity-cowan-state,T5082p15_rho0p00913335,0.29815257385947247,1.51803495902221e-05,0.2981570141602727,4.920148973978065e-06,ok,/home/elads/STAR/full_grid_solar_opacity/runs/T5082p15_rho0p00913335/fac-opacity-cowan-state/starout.h5
5082.153711896717,0.01312533014735226,fac-opacity-cowan-state,T5082p15_rho0p0131253,0.29815223859471807,2.173776313651325e-05,0.2981585499308519,6.9911689038725765e-06,ok,/home/elads/STAR/full_grid_solar_opacity/runs/T5082p15_rho0p0131253/fac-opacity-cowan-state/starout.h5
5082.153711896717,0.018862122071335155,fac-opacity-cowan-state,T5082p15_rho0p0188621,0.2981518200511211,3.111864462418056e-05,0.2981607760747399,9.917518500647718e-06,ok,/home/elads/STAR/full_grid_solar_opacity/runs/T5082p15_rho0p0188621/fac-opacity-cowan-state/starout.h5
5082.153711896717,0.02710633904364831,fac-opacity-cowan-state,T5082p15_rho0p0271063,0.29815128693441606,4.455065354222484e-05,0.29816397948528,1.4050380904227763e-05,ok,/home/elads/STAR/full_grid_solar_opacity/runs/T5082p15_rho0p0271063/fac-opacity-cowan-state/starout.h5
5082.153711896717,0.038953921174427183,fac-opacity-cowan-state,T5082p15_rho0p0389539,0.29815059309019026,6.378638336656198e-05,0.2981685628871466,1.988394470604863e-05,ok,/home/elads/STAR/full_grid_solar_opacity/runs/T5082p15_rho0p0389539/fac-opacity-cowan-state/starout.h5
5082.153711896717,0.0559798197912329,fac-opacity-cowan-state,T5082p15_rho0p0559798,0.29814964454807463,9.128284662535036e-05,0.2981750179099639,2.8064706604887867e-05,ok,/home/elads/STAR/full_grid_solar_opacity/runs/T5082p15_rho0p0559798/fac-opacity-cowan-state/starout.h5
5082.153711896717,0.08044736266284185,fac-opacity-cowan-state,T5082p15_rho0p0804474,0.2981484015462878,0.0001305991520446853,0.298184153406597,3.9525653525187354e-05,ok,/home/elads/STAR/full_grid_solar_opacity/runs/T5082p15_rho0p0804474/fac-opacity-cowan-state/starout.h5
5082.153711896717,0.11560912813835741,fac-opacity-cowan-state,T5082p15_rho0p115609,0.2981466857918555,0.00018674978774411725,0.29819690168368873,5.548983315194199e-05,ok,/home/elads/STAR/full_grid_solar_opacity/runs/T5082p15_rho0p115609/fac-opacity-cowan-state/starout.h5
5082.153711896717,0.1661393247274789,fac-opacity-cowan-state,T5082p15_rho0p166139,0.2981443233273156,0.0002669342171447227,0.29821463589520963,7.76562792829555e-05,ok,/home/elads/STAR/full_grid_solar_opacity/runs/T5082p15_rho0p166139/fac-opacity-cowan-state/starout.h5
5082.153711896717,0.23875515424585794,fac-opacity-cowan-state,T5082p15_rho0p238755,0.29814100957242323,0.00038140215863922115,0.29823917757342633,0.00010835116219713413,ok,/home/elads/STAR/full_grid_solar_opacity/runs/T5082p15_rho0p238755/fac-opacity-cowan-state/starout.h5
5082.153711896717,0.34310975906798746,fac-opacity-cowan-state,T5082p15_rho0p34311,0.2981353622996449,0.0005452512880810108,0.29827216636566156,0.00015087743896195787,ok,/home/elads/STAR/full_grid_solar_opacity/runs/T5082p15_rho0p34311/fac-opacity-cowan-state/starout.h5
5082.153711896717,0.49307545690287347,fac-opacity-cowan-state,T5082p15_rho0p493075,0.29812806085870486,0.0007796581212241011,0.2983182845519715,0.00020958793008301853,ok,/home/elads/STAR/full_grid_solar_opacity/runs/T5082p15_rho0p493075/fac-opacity-cowan-state/starout.h5
5082.153711896717,0.7085878491488851,fac-opacity-cowan-state,T5082p15_rho0p708588,0.29811760413436666,0.001115416835873216,0.2983816793230296,0.0002905971311867728,ok,/home/elads/STAR/full_grid_solar_opacity/runs/T5082p15_rho0p708588/fac-opacity-cowan-state/starout.h5
5082.153711896717,1.0182959482819007,fac-opacity-cowan-state,T5082p15_rho1p0183,0.2981025357706834,0.001596777015824516,0.29846861249383394,0.00040221805577079714,ok,/home/elads/STAR/full_grid_solar_opacity/runs/T5082p15_rho1p0183/fac-opacity-cowan-state/starout.h5
5082.153711896717,1.4633706173946401,fac-opacity-cowan-state,T5082p15_rho1p46337,0.2980811438154319,0.002287209071145451,0.29858783060761485,0.0005556486155411219,ok,/home/elads/STAR/full_grid_solar_opacity/runs/T5082p15_rho1p46337/fac-opacity-cowan-state/starout.h5
5082.153711896717,2.1029775945461404,fac-opacity-cowan-state,T5082p15_rho2p10298,0.2980506120562009,0.003278139646838436,0.29875078574358,0.0007660673468402989,ok,/home/elads/STAR/full_grid_solar_opacity/runs/T5082p15_rho2p10298/fac-opacity-cowan-state/starout.h5
5082.153711896717,3.0221426551783854,fac-opacity-cowan-state,T5082p15_rho3p02214,0.29800719671100206,0.004700265122621301,0.29897266179644744,0.0010534518303780742,ok,/home/elads/STAR/full_grid_solar_opacity/runs/T5082p15_rho3p02214/fac-opacity-cowan-state/starout.h5
5082.153711896717,4.343054463316713,fac-opacity-cowan-state,T5082p15_rho4p34305,0.2979456065456874,0.006741396100296283,0.2992735687308669,0.0014443896565750497,ok,/home/elads/STAR/full_grid_solar_opacity/runs/T5082p15_rho4p34305/fac-opacity-cowan-state/starout.h5
5082.153711896717,6.241307649397467,fac-opacity-cowan-state,T5082p15_rho6p24131,0.2978582773864009,0.009670456779270243,0.29967952397715,0.001973687750748743,ok,/home/elads/STAR/full_grid_solar_opacity/runs/T5082p15_rho6p24131/fac-opacity-cowan-state/starout.h5
5082.153711896717,8.969245378672715,fac-opacity-cowan-state,T5082p15_rho8p96925,0.29773525260167105,0.013871683168922023,0.3002243772466308,0.002686232213076988,ok,/home/elads/STAR/full_grid_solar_opacity/runs/T5082p15_rho8p96925/fac-opacity-cowan-state/starout.h5
5082.153711896717,12.889504440725364,fac-opacity-cowan-state,T5082p15_rho12p8895,0.2975624343912473,0.019894716387423877,0.3009514542368897,0.0036401622104151403,ok,/home/elads/STAR/full_grid_solar_opacity/runs/T5082p15_rho12p8895/fac-opacity-cowan-state/starout.h5
5082.153711896717,18.52322215674118,fac-opacity-cowan-state,T5082p15_rho18p5232,0.2973207883146877,0.02852339359636603,0.301915900334922,0.004909563413177822,ok,/home/elads/STAR/full_grid_solar_opacity/runs/T5082p15_rho18p5232/fac-opacity-cowan-state/starout.h5
5082.153711896717,26.61931346126126,fac-opacity-cowan-state,T5082p15_rho26p6193,0.2969848855779869,0.040873336931866934,0.30318739888578394,0.006588053861936458,ok,/home/elads/STAR/full_grid_solar_opacity/runs/T5082p15_rho26p6193/fac-opacity-cowan-state/starout.h5
5082.153711896717,38.254027466328665,fac-opacity-cowan-state,T5082p15_rho38p254,0.2965207974724442,0.058525461600928426,0.304852625653632,0.008792545138748458,ok,/home/elads/STAR/full_grid_solar_opacity/runs/T5082p15_rho38p254/fac-opacity-cowan-state/starout.h5
5082.153711896717,54.97401800103719,fac-opacity-cowan-state,T5082p15_rho54p974,0.2958849871956014,0.08371081011809457,0.3070202990071812,0.011668553259286887,ok,/home/elads/STAR/full_grid_solar_opacity/runs/T5082p15_rho54p974/fac-opacity-cowan-state/starout.h5
5082.153711896717,79.0019471240894,fac-opacity-cowan-state,T5082p15_rho79p0019,0.2950231912691628,0.11955826804966793,0.3098254716441293,0.015394702913399465,ok,/home/elads/STAR/full_grid_solar_opacity/runs/T5082p15_rho79p0019/fac-opacity-cowan-state/starout.h5
5082.153711896717,113.53195339077567,fac-opacity-cowan-state,T5082p15_rho113p532,0.293870067997179,0.1704174317740228,0.3134352750102558,0.020188444877651375,ok,/home/elads/STAR/full_grid_solar_opacity/runs/T5082p15_rho113p532/fac-opacity-cowan-state/starout.h5
5082.153711896717,163.15426277379785,fac-opacity-cowan-state,T5082p15_rho163p154,0.2923527202683498,0.24225778903694273,0.3180565331312099,0.026310886464253943,ok,/home/elads/STAR/full_grid_solar_opacity/runs/T5082p15_rho163p154/fac-opacity-cowan-state/starout.h5
5082.153711896717,234.46538763970608,fac-opacity-cowan-state,T5082p15_rho234p465,0.29039893742223793,0.34314058055688484,0.3239483529358657,0.03407442550658072,ok,/home/elads/STAR/full_grid_solar_opacity/runs/T5082p15_rho234p465/fac-opacity-cowan-state/starout.h5
5082.153711896717,336.94503022121665,fac-opacity-cowan-state,T5082p15_rho336p945,0.28795403581966744,0.48368471118499706,0.3314363745617421,0.04384719742099233,ok,/home/elads/STAR/full_grid_solar_opacity/runs/T5082p15_rho336p945/fac-opacity-cowan-state/starout.h5
5082.153711896717,484.21626123015125,fac-opacity-cowan-state,T5082p15_rho484p216,0.28500984088705233,0.6773862333135491,0.340935398936736,0.05605909369586565,ok,/home/elads/STAR/full_grid_solar_opacity/runs/T5082p15_rho484p216/fac-opacity-cowan-state/starout.h5
5082.153711896717,695.8564947100452,fac-opacity-cowan-state,T5082p15_rho695p856,0.28172100839766984,0.9405311522242262,0.3530646201597334,0.07121601467009857,ok,/home/elads/STAR/full_grid_solar_opacity/runs/T5082p15_rho695p856/fac-opacity-cowan-state/starout.h5
5082.153711896717,1000.0,fac-opacity-cowan-state,T5082p15_rho1000,0.27805814916302385,1.290823657838481,0.3682301415417601,0.08985722286071333,ok,/home/elads/STAR/full_grid_solar_opacity/runs/T5082p15_rho1000/fac-opacity-cowan-state/starout.h5
5594.846683706413,1e-17,fac-opacity-cowan-state,T5594p85_rho1em17,0.29737720829269326,1.1294059826474393e-20,0.29737720829269326,3.5842734151810645e-21,ok,/home/elads/STAR/full_grid_solar_opacity/runs/T5594p85_rho1em17/fac-opacity-cowan-state/starout.h5
5594.846683706413,1.4370779141993746e-17,fac-opacity-cowan-state,T5594p85_rho1p43708em17,0.2973772082926929,1.6124572541212762e-20,0.2973772082926929,5.11695339361189e-21,ok,/home/elads/STAR/full_grid_solar_opacity/runs/T5594p85_rho1p43708em17/fac-opacity-cowan-state/starout.h5
5594.846683706413,2.065192931479625e-17,fac-opacity-cowan-state,T5594p85_rho2p06519em17,0.29737720829269293,2.3066571198141925e-20,0.29737720829269293,7.319590755950376e-21,ok,/home/elads/STAR/full_grid_solar_opacity/runs/T5594p85_rho2p06519em17/fac-opacity-cowan-state/starout.h5
5594.846683706413,2.9678431503900313e-17,fac-opacity-cowan-state,T5594p85_rho2p96784em17,0.2973772082926925,3.305270131375001e-20,0.2973772082926925,1.0488027114869215e-20,ok,/home/elads/STAR/full_grid_solar_opacity/runs/T5594p85_rho2p96784em17/fac-opacity-cowan-state/starout.h5
5594.846683706413,4.2650218442334076e-17,fac-opacity-cowan-state,T5594p85_rho4p26502em17,0.2973772082926881,4.7417382180218953e-20,0.2973772082926881,1.504559639978863e-20,ok,/home/elads/STAR/full_grid_solar_opacity/runs/T5594p85_rho4p26502em17/fac-opacity-cowan-state/starout.h5
5594.846683706413,6.129168695925715e-17,fac-opacity-cowan-state,T5594p85_rho6p12917em17,0.29737720829269126,6.810167495019754e-20,0.29737720829269126,2.160849183437807e-20,ok,/home/elads/STAR/full_grid_solar_opacity/runs/T5594p85_rho6p12917em17/fac-opacity-cowan-state/starout.h5
5594.846683706413,8.808092965317026e-17,fac-opacity-cowan-state,T5594p85_rho8p80809em17,0.2973772082926923,9.786678433096753e-20,0.2973772082926923,3.10528898167082e-20,ok,/home/elads/STAR/full_grid_solar_opacity/runs/T5594p85_rho8p80809em17/fac-opacity-cowan-state/starout.h5
5594.846683706413,1.2657915866672028e-16,fac-opacity-cowan-state,T5594p85_rho1p26579em16,0.29737720829269354,1.4064122179657085e-19,0.29737720829269354,4.4625116350109426e-20,ok,/home/elads/STAR/full_grid_solar_opacity/runs/T5594p85_rho1p26579em16/fac-opacity-cowan-state/starout.h5
5594.846683706413,1.819041133178821e-16,fac-opacity-cowan-state,T5594p85_rho1p81904em16,0.29737720829269604,2.0211082643310037e-19,0.2973772082926961,6.412927693717727e-20,ok,/home/elads/STAR/full_grid_solar_opacity/runs/T5594p85_rho1p81904em16/fac-opacity-cowan-state/starout.h5
5594.846683706413,2.6141038375114865e-16,fac-opacity-cowan-state,T5594p85_rho2p6141em16,0.2973772082926926,2.9044650260740026e-19,0.2973772082926926,9.215798110698711e-20,ok,/home/elads/STAR/full_grid_solar_opacity/runs/T5594p85_rho2p6141em16/fac-opacity-cowan-state/starout.h5
5594.846683706413,3.7566708903116036e-16,fac-opacity-cowan-state,T5594p85_rho3p75667em16,0.2973772082911186,4.173902859207138e-19,0.2973772082911186,1.3243695189071137e-19,ok,/home/elads/STAR/full_grid_solar_opacity/runs/T5594p85_rho3p75667em16/fac-opacity-cowan-state/starout.h5
5594.846683706413,5.398628767382507e-16,fac-opacity-cowan-state,T5594p85_rho5p39863em16,0.2973772082926919,5.998160419857976e-19,0.2973772082926919,1.9032023398454874e-19,ok,/home/elads/STAR/full_grid_solar_opacity/runs/T5594p85_rho5p39863em16/fac-opacity-cowan-state/starout.h5
5594.846683706413,7.758250168566793e-16,fac-opacity-cowan-state,T5594p85_rho7p75825em16,0.29737720829269043,8.619723851348653e-19,0.29737720829269043,2.735018630056509e-19,ok,/home/elads/STAR/full_grid_solar_opacity/runs/T5594p85_rho7p75825em16/fac-opacity-cowan-state/starout.h5
5594.846683706413,1.1149209970080914e-15,fac-opacity-cowan-state,T5594p85_rho1p11492em15,0.2973772082926922,1.2387056278361477e-18,0.2973772082926922,3.9303851235926347e-19,ok,/home/elads/STAR/full_grid_solar_opacity/runs/T5594p85_rho1p11492em15/fac-opacity-cowan-state/starout.h5
5594.846683706413,1.6022283408774753e-15,fac-opacity-cowan-state,T5594p85_rho1p60223em15,0.29737720829269243,1.7800914828896738e-18,0.29737720829269243,5.64819126773428e-19,ok,/home/elads/STAR/full_grid_solar_opacity/runs/T5594p85_rho1p60223em15/fac-opacity-cowan-state/starout.h5
5594.846683706413,2.3025269621793266e-15,fac-opacity-cowan-state,T5594p85_rho2p30253em15,0.2973772082926931,2.558090998629317e-18,0.2973772082926931,8.116768275978385e-19,ok,/home/elads/STAR/full_grid_solar_opacity/runs/T5594p85_rho2p30253em15/fac-opacity-cowan-state/starout.h5
5594.846683706413,3.308910644196489e-15,fac-opacity-cowan-state,T5594p85_rho3p30891em15,0.29737720829269326,3.6761149056484305e-18,0.29737720829269326,1.1664237021735407e-18,ok,/home/elads/STAR/full_grid_solar_opacity/runs/T5594p85_rho3p30891em15/fac-opacity-cowan-state/starout.h5
5594.846683706413,4.755162406834019e-15,fac-opacity-cowan-state,T5594p85_rho4p75516em15,0.2973772082926928,5.282768743030536e-18,0.2973772082926928,1.6762120779256007e-18,ok,/home/elads/STAR/full_grid_solar_opacity/runs/T5594p85_rho4p75516em15/fac-opacity-cowan-state/starout.h5
5594.846683706413,6.8335388732923106e-15,fac-opacity-cowan-state,T5594p85_rho6p83354em15,0.2973772082926934,7.591604501456045e-18,0.2973772082926934,2.4088018498227102e-18,ok,/home/elads/STAR/full_grid_solar_opacity/runs/T5594p85_rho6p83354em15/fac-opacity-cowan-state/starout.h5
5594.846683706413,9.820327790631256e-15,fac-opacity-cowan-state,T5594p85_rho9p82033em15,0.2973772082927014,1.0909502982569952e-17,0.2973772082927014,3.4615661650146385e-18,ok,/home/elads/STAR/full_grid_solar_opacity/runs/T5594p85_rho9p82033em15/fac-opacity-cowan-state/starout.h5
5594.846683706413,1.4112576178114521e-14,fac-opacity-cowan-state,T5594p85_rho1p41126em14,0.2973772082927612,1.5677468772915842e-17,0.2973772082927612,4.974435422690439e-18,ok,/home/elads/STAR/full_grid_solar_opacity/runs/T5594p85_rho1p41126em14/fac-opacity-cowan-state/starout.h5
5594.846683706413,2.0280871538024598e-14,fac-opacity-cowan-state,T5594p85_rho2p02809em14,0.29737720829269476,2.2529240690001745e-17,0.2973772082926948,7.148495235397257e-18,ok,/home/elads/STAR/full_grid_solar_opacity/runs/T5594p85_rho2p02809em14/fac-opacity-cowan-state/starout.h5
5594.846683706413,2.914519256800997e-14,fac-opacity-cowan-state,T5594p85_rho2p91452em14,0.2973772082926922,3.237553120921806e-17,0.2973772082926922,1.0272715128315233e-17,ok,/home/elads/STAR/full_grid_solar_opacity/runs/T5594p85_rho2p91452em14/fac-opacity-cowan-state/starout.h5
5594.846683706413,4.188391254457488e-14,fac-opacity-cowan-state,T5594p85_rho4p18839em14,0.29737720829269215,4.6525079010513684e-17,0.29737720829269215,1.4762359324850047e-17,ok,/home/elads/STAR/full_grid_solar_opacity/runs/T5594p85_rho4p18839em14/fac-opacity-cowan-state/starout.h5
5594.846683706413,6.019044567806669e-14,fac-opacity-cowan-state,T5594p85_rho6p01904em14,0.2973772082926914,6.68586150223893e-17,0.2973772082926914,2.121418694139967e-17,ok,/home/elads/STAR/full_grid_solar_opacity/runs/T5594p85_rho6p01904em14/fac-opacity-cowan-state/starout.h5
5594.846683706413,8.649836012976684e-14,fac-opacity-cowan-state,T5594p85_rho8p64984em14,0.29737720829269115,9.607886784553257e-17,0.29737720829269115,3.048578010014293e-17,ok,/home/elads/STAR/full_grid_solar_opacity/runs/T5594p85_rho8p64984em14/fac-opacity-cowan-state/starout.h5
5594.846683706413,1.2430488295695167e-13,fac-opacity-cowan-state,T5594p85_rho1p24305em13,0.2973772082926903,1.3806983871278028e-16,0.2973772082926903,4.380954507747594e-17,ok,/home/elads/STAR/full_grid_solar_opacity/runs/T5594p85_rho1p24305em13/fac-opacity-cowan-state/starout.h5
5594.846683706413,1.7863580192457348e-13,fac-opacity-cowan-state,T5594p85_rho1p78636em13,0.2973772082926887,1.98413143905463e-16,0.2973772082926888,6.295655056614617e-17,ok,/home/elads/STAR/full_grid_solar_opacity/runs/T5594p85_rho1p78636em13/fac-opacity-cowan-state/starout.h5
5594.846683706413,2.567135656310987e-13,fac-opacity-cowan-state,T5594p85_rho2p56714em13,0.29737720829268777,2.851300531921014e-16,0.2973772082926879,9.047198218794017e-17,ok,/home/elads/STAR/full_grid_solar_opacity/runs/T5594p85_rho2p56714em13/fac-opacity-cowan-state/starout.h5
5594.846683706413,3.6891739544382357e-13,fac-opacity-cowan-state,T5594p85_rho3p68917em13,0.29737720829268544,4.0974792330543594e-16,0.29737720829268555,1.300135444262845e-16,ok,/home/elads/STAR/full_grid_solar_opacity/runs/T5594p85_rho3p68917em13/fac-opacity-cowan-state/starout.h5
5594.846683706413,5.301630411562758e-13,fac-opacity-cowan-state,T5594p85_rho5p30163em13,0.2973772082926805,5.8883333720418045e-16,0.29737720829268066,1.8683791717473428e-16,ok,/home/elads/STAR/full_grid_solar_opacity/runs/T5594p85_rho5p30163em13/fac-opacity-cowan-state/starout.h5
5594.846683706413,7.618855973704612e-13,fac-opacity-cowan-state,T5594p85_rho7p61886em13,0.2973772082926758,8.461950855084723e-16,0.29737720829267594,2.6849981151115276e-16,ok,/home/elads/STAR/full_grid_solar_opacity/runs/T5594p85_rho7p61886em13/fac-opacity-cowan-state/starout.h5
5594.846683706413,1.0948889651276868e-12,fac-opacity-cowan-state,T5594p85_rho1p09489em12,0.29737720829266845,1.2160518799497694e-15,0.2973772082926687,3.858571189114091e-16,ok,/home/elads/STAR/full_grid_solar_opacity/runs/T5594p85_rho1p09489em12/fac-opacity-cowan-state/starout.h5
5594.846683706413,1.5734407502856082e-12,fac-opacity-cowan-state,T5594p85_rho1p57344em12,0.2973772082926558,1.7475865814150917e-15,0.2973772082926563,5.545160173523843e-16,ok,/home/elads/STAR/full_grid_solar_opacity/runs/T5594p85_rho1p57344em12/fac-opacity-cowan-state/starout.h5
5594.846683706413,2.26115695153675e-12,fac-opacity-cowan-state,T5594p85_rho2p26116em12,0.2973772082926429,2.5114947242455946e-15,0.29737720829264364,7.969088666486055e-16,ok,/home/elads/STAR/full_grid_solar_opacity/runs/T5594p85_rho2p26116em12/fac-opacity-cowan-state/starout.h5
5594.846683706413,3.249458715591849e-12,fac-opacity-cowan-state,T5594p85_rho3p24946em12,0.2973772082926173,3.609403063867882e-15,0.2973772082926184,1.1452829495452605e-15,ok,/home/elads/STAR/full_grid_solar_opacity/runs/T5594p85_rho3p24946em12/fac-opacity-cowan-state/starout.h5
5594.846683706413,4.669725353279713e-12,fac-opacity-cowan-state,T5594p85_rho4p66973em12,0.29737720829259473,5.187418706090045e-15,0.2973772082925962,1.6459995661936799e-15,ok,/home/elads/STAR/full_grid_solar_opacity/runs/T5594p85_rho4p66973em12/fac-opacity-cowan-state/starout.h5
5594.846683706413,6.710759170575148e-12,fac-opacity-cowan-state,T5594p85_rho6p71076em12,0.29737720829254044,7.455622953957153e-15,0.29737720829254255,2.3657197349128464e-15,ok,/home/elads/STAR/full_grid_solar_opacity/runs/T5594p85_rho6p71076em12/fac-opacity-cowan-state/starout.h5
5594.846683706413,9.64388379154446e-12,fac-opacity-cowan-state,T5594p85_rho9p64388em12,0.29737720829247805,1.0716164863852499e-14,0.29737720829248104,3.4003184205226656e-15,ok,/home/elads/STAR/full_grid_solar_opacity/runs/T5594p85_rho9p64388em12/fac-opacity-cowan-state/starout.h5
5594.846683706413,1.3859012403933867e-11,fac-opacity-cowan-state,T5594p85_rho1p3859em11,0.29737720829238085,1.5403907775134337e-14,0.2973772082923852,4.887783275951422e-15,ok,/home/elads/STAR/full_grid_solar_opacity/runs/T5594p85_rho1p3859em11/fac-opacity-cowan-state/starout.h5
5594.846683706413,1.9916480638308542e-11,fac-opacity-cowan-state,T5594p85_rho1p99165em11,0.29737720829224557,2.2145277930557995e-14,0.2973772082922517,7.026889002839789e-15,ok,/home/elads/STAR/full_grid_solar_opacity/runs/T5594p85_rho1p99165em11/fac-opacity-cowan-state/starout.h5
5594.846683706413,2.8621534453892672e-11,fac-opacity-cowan-state,T5594p85_rho2p86215em11,0.29737720829204595,3.184023986820224e-14,0.2973772082920549,1.0103203249938871e-14,ok,/home/elads/STAR/full_grid_solar_opacity/runs/T5594p85_rho2p86215em11/fac-opacity-cowan-state/starout.h5
5594.846683706413,4.1131375034185614e-11,fac-opacity-cowan-state,T5594p85_rho4p11314em11,0.29737720829176795,4.57723419388088e-14,0.2973772082917809,1.45239619091598e-14,ok,/home/elads/STAR/full_grid_solar_opacity/runs/T5594p85_rho4p11314em11/fac-opacity-cowan-state/starout.h5
5594.846683706413,5.910899064227969e-11,fac-opacity-cowan-state,T5594p85_rho5p9109em11,0.2973772082913829,6.578742623165809e-14,0.2973772082914015,2.0874795419265316e-14,ok,/home/elads/STAR/full_grid_solar_opacity/runs/T5594p85_rho5p9109em11/fac-opacity-cowan-state/starout.h5
5594.846683706413,8.4944224982638e-11,fac-opacity-cowan-state,T5594p85_rho8p49442em11,0.29737720829078534,9.45596200956162e-14,0.2973772082908118,3.000421206022914e-14,ok,/home/elads/STAR/full_grid_solar_opacity/runs/T5594p85_rho8p49442em11/fac-opacity-cowan-state/starout.h5
5594.846683706413,1.2207146966133182e-10,fac-opacity-cowan-state,T5594p85_rho1p22071em10,0.2973772082899514,1.3590671942222601e-13,0.29737720828998954,4.312356699186662e-14,ok,/home/elads/STAR/full_grid_solar_opacity/runs/T5594p85_rho1p22071em10/fac-opacity-cowan-state/starout.h5
5594.846683706413,1.7542621300415897e-10,fac-opacity-cowan-state,T5594p85_rho1p75426em10,0.2973772082887771,1.9529406721923803e-13,0.297377208288832,6.19669996999202e-14,ok,/home/elads/STAR/full_grid_solar_opacity/runs/T5594p85_rho1p75426em10/fac-opacity-cowan-state/starout.h5
5594.846683706413,2.52101136279913e-10,fac-opacity-cowan-state,T5594p85_rho2p52101em10,0.29737720828705,2.80588916610848e-13,0.29737720828712916,8.903085167988322e-14,ok,/home/elads/STAR/full_grid_solar_opacity/runs/T5594p85_rho2p52101em10/fac-opacity-cowan-state/starout.h5
5594.846683706413,3.6228897509242966e-10,fac-opacity-cowan-state,T5594p85_rho3p62289em10,0.2973772082845828,4.0315063387179703e-13,0.29737720828469566,1.2791938332852317e-13,ok,/home/elads/STAR/full_grid_solar_opacity/runs/T5594p85_rho3p62289em10/fac-opacity-cowan-state/starout.h5
5594.846683706413,5.20637484663258e-10,fac-opacity-cowan-state,T5594p85_rho5p20637em10,0.29432476895000104,5.789336738970468e-13,0.29432476895016374,1.8374759528777427e-13,ok,/home/elads/STAR/full_grid_solar_opacity/runs/T5594p85_rho5p20637em10/fac-opacity-cowan-state/starout.h5
5594.846683706413,7.481966305138837e-10,fac-opacity-cowan-state,T5594p85_rho7p48197em10,0.29432476894499704,8.32283837402912e-13,0.2943247689452312,2.641459339155243e-13,ok,/home/elads/STAR/full_grid_solar_opacity/runs/T5594p85_rho7p48197em10/fac-opacity-cowan-state/starout.h5
5594.846683706413,1.0752168531898921e-09,fac-opacity-cowan-state,T5594p85_rho1p07522em09,0.29432476893782183,1.1969105589687425e-12,0.2943247689381588,3.7985795450628064e-13,ok,/home/elads/STAR/full_grid_solar_opacity/runs/T5594p85_rho1p07522em09/fac-opacity-cowan-state/starout.h5
5594.846683706413,1.5451703926941453e-09,fac-opacity-cowan-state,T5594p85_rho1p54517em09,0.2943247689276386,1.7215960481561746e-12,0.29432476892812254,5.463506146302233e-13,ok,/home/elads/STAR/full_grid_solar_opacity/runs/T5594p85_rho1p54517em09/fac-opacity-cowan-state/starout.h5
5594.846683706413,2.220530245015531e-09,fac-opacity-cowan-state,T5594p85_rho2p22053em09,0.29432476891314563,2.4742635068738026e-12,0.2943247689138409,7.852002055416432e-13,ok,/home/elads/STAR/full_grid_solar_opacity/runs/T5594p85_rho2p22053em09/fac-opacity-cowan-state/starout.h5
5594.846683706413,3.1910749729235452e-09,fac-opacity-cowan-state,T5594p85_rho3p19107em09,0.29432476889320075,3.5529653414251215e-12,0.2943247688941987,1.1274258276331808e-12,ok,/home/elads/STAR/full_grid_solar_opacity/runs/T5594p85_rho3p19107em09/fac-opacity-cowan-state/starout.h5
5594.846683706413,4.585823366142813e-09,fac-opacity-cowan-state,T5594p85_rho4p58582em09,0.2943247688637022,5.1055802841901845e-12,0.2943247688651368,1.6194908609412023e-12,ok,/home/elads/STAR/full_grid_solar_opacity/runs/T5594p85_rho4p58582em09/fac-opacity-cowan-state/starout.h5
5594.846683706413,6.590185477903269e-09,fac-opacity-cowan-state,T5594p85_rho6p59019em09,0.29432476882255154,7.329828192395179e-12,0.29432476882461084,2.3257093572081353e-12,ok,/home/elads/STAR/full_grid_solar_opacity/runs/T5594p85_rho6p59019em09/fac-opacity-cowan-state/starout.h5
5594.846683706413,9.470610000772238e-09,fac-opacity-cowan-state,T5594p85_rho9p47061em09,0.2943247687671471,1.0541921034973801e-11,0.2943247687701075,3.3439667281646675e-12,ok,/home/elads/STAR/full_grid_solar_opacity/runs/T5594p85_rho9p47061em09/fac-opacity-cowan-state/starout.h5
5594.846683706413,1.3610004466105506e-08,fac-opacity-cowan-state,T5594p85_rho1p361em08,0.2943247686878037,1.5160886152040485e-11,0.2943247686920614,4.809608138453565e-12,ok,/home/elads/STAR/full_grid_solar_opacity/runs/T5594p85_rho1p361em08/fac-opacity-cowan-state/starout.h5
5594.846683706413,1.9558636830395073e-08,fac-opacity-cowan-state,T5594p85_rho1p95586em08,0.294324768585314,2.180102923922888e-11,0.2943247685914371,6.915365507146436e-12,ok,/home/elads/STAR/full_grid_solar_opacity/runs/T5594p85_rho1p95586em08/fac-opacity-cowan-state/starout.h5
5594.846683706413,2.810728502080722e-08,fac-opacity-cowan-state,T5594p85_rho2p81073em08,0.29432476845008976,3.1295071535211314e-11,0.2943247684588782,9.926970701405534e-12,ok,/home/elads/STAR/full_grid_solar_opacity/runs/T5594p85_rho2p81073em08/fac-opacity-cowan-state/starout.h5
5594.846683706413,4.039235853150913e-08,fac-opacity-cowan-state,T5594p85_rho4p03924em08,0.29432476827402543,4.4919547252325095e-11,0.294324768286639,1.4247055385264646e-11,ok,/home/elads/STAR/full_grid_solar_opacity/runs/T5594p85_rho4p03924em08/fac-opacity-cowan-state/starout.h5
5594.846683706413,5.804696634805446e-08,fac-opacity-cowan-state,T5594p85_rho5p8047em08,0.29432476805109936,6.453515717660258e-11,0.29432476806922026,2.0467839277970363e-11,ok,/home/elads/STAR/full_grid_solar_opacity/runs/T5594p85_rho5p8047em08/fac-opacity-cowan-state/starout.h5
5594.846683706413,8.341801332506338e-08,fac-opacity-cowan-state,T5594p85_rho8p3418em08,0.2943247677696827,9.273763874749186e-11,0.2943247677957208,2.941031490260694e-11,ok,/home/elads/STAR/full_grid_solar_opacity/runs/T5594p85_rho8p3418em08/fac-opacity-cowan-state/starout.h5
5594.846683706413,1.1987818459583772e-07,fac-opacity-cowan-state,T5594p85_rho1p19878em07,0.294324767422127,1.3322820315389237e-10,0.2943247674595318,4.2249353183093983e-11,ok,/home/elads/STAR/full_grid_solar_opacity/runs/T5594p85_rho1p19878em07/fac-opacity-cowan-state/starout.h5
5594.846683706413,1.7227429147699408e-07,fac-opacity-cowan-state,T5594p85_rho1p72274em07,0.2943247669952736,1.9138484199935452e-10,0.2943247670490052,6.068998394374421e-11,ok,/home/elads/STAR/full_grid_solar_opacity/runs/T5594p85_rho1p72274em07/fac-opacity-cowan-state/starout.h5
5594.846683706413,2.4757157946593376e-07,fac-opacity-cowan-state,T5594p85_rho2p47572em07,0.2943247664535939,2.7505124483192865e-10,0.29432476653081335,8.721895411517306e-11,ok,/home/elads/STAR/full_grid_solar_opacity/runs/T5594p85_rho2p47572em07/fac-opacity-cowan-state/starout.h5
5594.846683706413,3.557796490339488e-07,fac-opacity-cowan-state,T5594p85_rho3p5578em07,0.29432476585368755,3.954326574609825e-10,0.2943247659646974,1.25383650081364e-10,ok,/home/elads/STAR/full_grid_solar_opacity/runs/T5594p85_rho3p5578em07/fac-opacity-cowan-state/starout.h5
5594.846683706413,5.112830759482948e-07,fac-opacity-cowan-state,T5594p85_rho5p11283em07,0.29432476509073097,5.679798120567561e-10,0.294324765250159,1.8006986007736088e-10,ok,/home/elads/STAR/full_grid_solar_opacity/runs/T5594p85_rho5p11283em07/fac-opacity-cowan-state/starout.h5
5594.846683706413,7.347536163492159e-07,fac-opacity-cowan-state,T5594p85_rho7p34754em07,0.29432476417572756,8.145854930654729e-10,0.2943247644043342,2.5820468387982197e-10,ok,/home/elads/STAR/full_grid_solar_opacity/runs/T5594p85_rho7p34754em07/fac-opacity-cowan-state/starout.h5
5594.846683706413,1.0558981944335787e-06,fac-opacity-cowan-state,T5594p85_rho1p0559em06,0.29432476307557554,1.1686005414211234e-09,0.2943247634034648,3.7033963657162126e-10,ok,/home/elads/STAR/full_grid_solar_opacity/runs/T5594p85_rho1p0559em06/fac-opacity-cowan-state/starout.h5
5594.846683706413,1.517407974863493e-06,fac-opacity-cowan-state,T5594p85_rho1p51741em06,0.2943247617563211,1.6803325192153453e-09,0.2943247622277046,5.324056684333367e-10,ok,/home/elads/STAR/full_grid_solar_opacity/runs/T5594p85_rho1p51741em06/fac-opacity-cowan-state/starout.h5
5594.846683706413,2.1806334875063253e-06,fac-opacity-cowan-state,T5594p85_rho2p18063em06,0.2943247601785944,2.419970055294308e-09,0.2943247608573419,7.666047082348271e-10,ok,/home/elads/STAR/full_grid_solar_opacity/runs/T5594p85_rho2p18063em06/fac-opacity-cowan-state/starout.h5
5594.846683706413,3.1337402238588983e-06,fac-opacity-cowan-state,T5594p85_rho3p13374em06,0.29432475829837496,3.5655596964022658e-09,0.2943247593059659,1.1371492752175106e-09,ok,/home/elads/STAR/full_grid_solar_opacity/runs/T5594p85_rho3p13374em06/fac-opacity-cowan-state/starout.h5
5594.846683706413,4.503428864545845e-06,fac-opacity-cowan-state,T5594p85_rho4p50343em06,0.2943247560325918,5.157132871331403e-09,0.29432475749325593,1.6480497903586436e-09,ok,/home/elads/STAR/full_grid_solar_opacity/runs/T5594p85_rho4p50343em06/fac-opacity-cowan-state/starout.h5
5594.846683706413,6.471778159406801e-06,fac-opacity-cowan-state,T5594p85_rho6p47178em06,0.2943247533152114,7.444815061835238e-09,0.2943247554231389,2.378329075121048e-09,ok,/home/elads/STAR/full_grid_solar_opacity/runs/T5594p85_rho6p47178em06/fac-opacity-cowan-state/starout.h5
5594.846683706413,9.300449458481393e-06,fac-opacity-cowan-state,T5594p85_rho9p30045em06,0.2943247500389976,1.0716865963853755e-08,0.29432475307257283,3.422632568262773e-09,ok,/home/elads/STAR/full_grid_solar_opacity/runs/T5594p85_rho9p30045em06/fac-opacity-cowan-state/starout.h5
5594.846683706413,1.3365470508911143e-05,fac-opacity-cowan-state,T5594p85_rho1p33655em05,0.2943247463221439,1.532060762855363e-08,0.29432475065681724,4.890492849962081e-09,ok,/home/elads/STAR/full_grid_solar_opacity/runs/T5594p85_rho1p33655em05/fac-opacity-cowan-state/starout.h5
5594.846683706413,1.920722248123928e-05,fac-opacity-cowan-state,T5594p85_rho1p92072em05,0.29432474156609767,2.1983957711914437e-08,0.2943247477829407,7.0138206111888295e-09,ok,/home/elads/STAR/full_grid_solar_opacity/runs/T5594p85_rho1p92072em05/fac-opacity-cowan-state/starout.h5
5594.846683706413,2.760227522090268e-05,fac-opacity-cowan-state,T5594p85_rho2p76023em05,0.29432473627769373,3.1663634475080915e-08,0.2943247452271001,1.0096350876524364e-08,ok,/home/elads/STAR/full_grid_solar_opacity/runs/T5594p85_rho2p76023em05/fac-opacity-cowan-state/starout.h5
5594.846683706413,3.966662010161191e-05,fac-opacity-cowan-state,T5594p85_rho3p96666em05,0.2943247293303837,4.5701363432890045e-08,0.2943247423005345,1.4624251651048702e-08,ok,/home/elads/STAR/full_grid_solar_opacity/runs/T5594p85_rho3p96666em05/fac-opacity-cowan-state/starout.h5
5594.846683706413,5.7004023678963655e-05,fac-opacity-cowan-state,T5594p85_rho5p7004em05,0.294324721063039,6.890424184192369e-08,0.29432474148559296,2.2921230892366158e-08,ok,/home/elads/STAR/full_grid_solar_opacity/runs/T5594p85_rho5p7004em05/fac-opacity-cowan-state/starout.h5
5594.846683706413,8.191922344953684e-05,fac-opacity-cowan-state,T5594p85_rho8p19192em05,0.29432472027738665,9.908257422112459e-08,0.2943247496181945,3.2929077710228144e-08,ok,/home/elads/STAR/full_grid_solar_opacity/runs/T5594p85_rho8p19192em05/fac-opacity-cowan-state/starout.h5
5594.846683706413,0.00011772430676769293,fac-opacity-cowan-state,T5594p85_rho0p000117724,0.29432473782822866,1.4205131948591922e-07,0.2943247798456682,4.7153766043028676e-08,ok,/home/elads/STAR/full_grid_solar_opacity/runs/T5594p85_rho0p000117724/fac-opacity-cowan-state/starout.h5
5594.846683706413,0.00016917900122028344,fac-opacity-cowan-state,T5594p85_rho0p000169179,0.2943247283253725,2.039726391388886e-07,0.2943247885692197,6.76059522126073e-08,ok,/home/elads/STAR/full_grid_solar_opacity/runs/T5594p85_rho0p000169179/fac-opacity-cowan-state/starout.h5
5594.846683706413,0.0002431234061999784,fac-opacity-cowan-state,T5594p85_rho0p000243123,0.2943247165583439,2.927091327365228e-07,0.2943248028765836,9.686121059536637e-08,ok,/home/elads/STAR/full_grid_solar_opacity/runs/T5594p85_rho0p000243123/fac-opacity-cowan-state/starout.h5
5594.846683706413,0.0003493872774749123,fac-opacity-cowan-state,T5594p85_rho0p000349387,0.29432469949958523,4.201551394318542e-07,0.2943248232315626,1.3882888006421653e-07,ok,/home/elads/STAR/full_grid_solar_opacity/runs/T5594p85_rho0p000349387/fac-opacity-cowan-state/starout.h5
5594.846683706413,0.0005020967399614471,fac-opacity-cowan-state,T5594p85_rho0p000502097,0.2943246688712723,6.02902876907403e-07,0.2943248461015709,1.9883302621151816e-07,ok,/home/elads/STAR/full_grid_solar_opacity/runs/T5594p85_rho0p000502097/fac-opacity-cowan-state/starout.h5
5594.846683706413,0.0007215521357901021,fac-opacity-cowan-state,T5594p85_rho0p000721552,0.29432465245964107,8.64624189366454e-07,0.29432490596788874,2.8438996637146143e-07,ok,/home/elads/STAR/full_grid_solar_opacity/runs/T5594p85_rho0p000721552/fac-opacity-cowan-state/starout.h5
5594.846683706413,0.0010369266382873438,fac-opacity-cowan-state,T5594p85_rho0p00103693,0.29432461798466436,1.2401709362720765e-06,0.2943249807375689,4.0688436216052613e-07,ok,/home/elads/STAR/full_grid_solar_opacity/runs/T5594p85_rho0p00103693/fac-opacity-cowan-state/starout.h5
5594.846683706413,0.0014901443705277455,fac-opacity-cowan-state,T5594p85_rho0p00149014,0.29432456568416643,1.778384571585844e-06,0.29432508437105026,5.817025900875087e-07,ok,/home/elads/STAR/full_grid_solar_opacity/runs/T5594p85_rho0p00149014/fac-opacity-cowan-state/starout.h5
5594.846683706413,0.002141453563853953,fac-opacity-cowan-state,T5594p85_rho0p00214145,0.29432448710524245,2.548961936224476e-06,0.29432522782774173,8.306067611768369e-07,ok,/home/elads/STAR/full_grid_solar_opacity/runs/T5594p85_rho0p00214145/fac-opacity-cowan-state/starout.h5
5594.846683706413,0.003077435620898055,fac-opacity-cowan-state,T5594p85_rho0p00307744,0.29432439105663605,3.653286161150251e-06,0.29432544865801774,1.1857102878140915e-06,ok,/home/elads/STAR/full_grid_solar_opacity/runs/T5594p85_rho0p00307744/fac-opacity-cowan-state/starout.h5
5594.846683706413,0.004422514763163053,fac-opacity-cowan-state,T5594p85_rho0p00442251,0.2943242793399053,5.234442352321006e-06,0.2943257879267257,1.6909702023105192e-06,ok,/home/elads/STAR/full_grid_solar_opacity/runs/T5594p85_rho0p00442251/fac-opacity-cowan-state/starout.h5
5594.846683706413,0.006355498291362301,fac-opacity-cowan-state,T5594p85_rho0p0063555,0.29432411998060626,7.497971989649559e-06,0.2943262693190192,2.408697627697164e-06,ok,/home/elads/STAR/full_grid_solar_opacity/runs/T5594p85_rho0p0063555/fac-opacity-cowan-state/starout.h5
5594.846683706413,0.009133346228248624,fac-opacity-cowan-state,T5594p85_rho0p00913335,0.29432388500373957,1.0742458803423318e-05,0.2943269468022218,3.4303283200786176e-06,ok,/home/elads/STAR/full_grid_solar_opacity/runs/T5594p85_rho0p00913335/fac-opacity-cowan-state/starout.h5
5594.846683706413,0.01312533014735226,fac-opacity-cowan-state,T5594p85_rho0p0131253,0.29432362244982097,1.5390250683744457e-05,0.2943279803087127,4.880906973865845e-06,ok,/home/elads/STAR/full_grid_solar_opacity/runs/T5594p85_rho0p0131253/fac-opacity-cowan-state/starout.h5
5594.846683706413,0.018862122071335155,fac-opacity-cowan-state,T5594p85_rho0p0188621,0.2943232955449284,2.2043606954202564e-05,0.29432948940559744,6.93508577988886e-06,ok,/home/elads/STAR/full_grid_solar_opacity/runs/T5594p85_rho0p0188621/fac-opacity-cowan-state/starout.h5
5594.846683706413,0.02710633904364831,fac-opacity-cowan-state,T5594p85_rho0p0271063,0.29432288638765636,3.1573505725379465e-05,0.2943316792577162,9.841810059633266e-06,ok,/home/elads/STAR/full_grid_solar_opacity/runs/T5594p85_rho0p0271063/fac-opacity-cowan-state/starout.h5
5594.846683706413,0.038953921174427183,fac-opacity-cowan-state,T5594p85_rho0p0389539,0.29432236416288077,4.522214940847286e-05,0.2943348320488901,1.3949792039361162e-05,ok,/home/elads/STAR/full_grid_solar_opacity/runs/T5594p85_rho0p0389539/fac-opacity-cowan-state/starout.h5
5594.846683706413,0.0559798197912329,fac-opacity-cowan-state,T5594p85_rho0p0559798,0.2943216434714452,6.474596629448859e-05,0.2943392835706405,1.9728897391045996e-05,ok,/home/elads/STAR/full_grid_solar_opacity/runs/T5594p85_rho0p0559798/fac-opacity-cowan-state/starout.h5
5594.846683706413,0.08044736266284185,fac-opacity-cowan-state,T5594p85_rho0p0804474,0.2943207196179769,9.266939737664075e-05,0.29434562588194546,2.784309248632368e-05,ok,/home/elads/STAR/full_grid_solar_opacity/runs/T5594p85_rho0p0804474/fac-opacity-cowan-state/starout.h5
5594.846683706413,0.11560912813835741,fac-opacity-cowan-state,T5594p85_rho0p115609,0.2943194483669944,0.00013257487826285371,0.29435451859260126,3.918715611757217e-05,ok,/home/elads/STAR/full_grid_solar_opacity/runs/T5594p85_rho0p115609/fac-opacity-cowan-state/starout.h5
5594.846683706413,0.1661393247274789,fac-opacity-cowan-state,T5594p85_rho0p166139,0.29431771352061925,0.00018959291504205424,0.29436696034237386,5.4999370565702065e-05,ok,/home/elads/STAR/full_grid_solar_opacity/runs/T5594p85_rho0p166139/fac-opacity-cowan-state/starout.h5
5594.846683706413,0.23875515424585794,fac-opacity-cowan-state,T5594p85_rho0p238755,0.29431528668021156,0.00027103063845289473,0.2943842562212082,7.69777910364145e-05,ok,/home/elads/STAR/full_grid_solar_opacity/runs/T5594p85_rho0p238755/fac-opacity-cowan-state/starout.h5
5594.846683706413,0.34310975906798746,fac-opacity-cowan-state,T5594p85_rho0p34311,0.294311046884785,0.0003876377740322468,0.29440748107910614,0.00010754968813289542,ok,/home/elads/STAR/full_grid_solar_opacity/runs/T5594p85_rho0p34311/fac-opacity-cowan-state/starout.h5
5594.846683706413,0.49307545690287347,fac-opacity-cowan-state,T5594p85_rho0p493075,0.29430561403920635,0.0005545297066130595,0.29444018694582735,0.00014994218996707895,ok,/home/elads/STAR/full_grid_solar_opacity/runs/T5594p85_rho0p493075/fac-opacity-cowan-state/starout.h5
5594.846683706413,0.7085878491488851,fac-opacity-cowan-state,T5594p85_rho0p708588,0.29429781705146135,0.0007936248276271971,0.2944853193384168,0.00020866752304653938,ok,/home/elads/STAR/full_grid_solar_opacity/runs/T5594p85_rho0p708588/fac-opacity-cowan-state/starout.h5
5594.846683706413,1.0182959482819007,fac-opacity-cowan-state,T5594p85_rho1p0183,0.29428664950627975,0.0011364836484167007,0.294547559985683,0.00028992999556020846,ok,/home/elads/STAR/full_grid_solar_opacity/runs/T5594p85_rho1p0183/fac-opacity-cowan-state/starout.h5
5594.846683706413,1.4633706173946401,fac-opacity-cowan-state,T5594p85_rho1p46337,0.2942706784850551,0.001628376172399661,0.2946332221518609,0.00040213264310193307,ok,/home/elads/STAR/full_grid_solar_opacity/runs/T5594p85_rho1p46337/fac-opacity-cowan-state/starout.h5
5594.846683706413,2.1029775945461404,fac-opacity-cowan-state,T5594p85_rho2p10298,0.29424788991659895,0.0023344312815501297,0.2947508578966822,0.0005566690616531879,ok,/home/elads/STAR/full_grid_solar_opacity/runs/T5594p85_rho2p10298/fac-opacity-cowan-state/starout.h5
5594.846683706413,3.0221426551783854,fac-opacity-cowan-state,T5594p85_rho3p02214,0.2942153796032329,0.0033478808255979486,0.29491173548562294,0.000768710853302495,ok,/home/elads/STAR/full_grid_solar_opacity/runs/T5594p85_rho3p02214/fac-opacity-cowan-state/starout.h5
5594.846683706413,4.343054463316713,fac-opacity-cowan-state,T5594p85_rho4p34305,0.2941692105915112,0.004802679104144733,0.2951310142289261,0.0010585412048725114,ok,/home/elads/STAR/full_grid_solar_opacity/runs/T5594p85_rho4p34305/fac-opacity-cowan-state/starout.h5
5594.846683706413,6.241307649397467,fac-opacity-cowan-state,T5594p85_rho6p24131,0.2941036513523079,0.006890722922468661,0.29542837968739083,0.0014529106829170725,ok,/home/elads/STAR/full_grid_solar_opacity/runs/T5594p85_rho6p24131/fac-opacity-cowan-state/starout.h5
5594.846683706413,8.969245378672715,fac-opacity-cowan-state,T5594p85_rho8p96925,0.29401097012202726,0.009886413323313543,0.295829562367039,0.0019866626263026197,ok,/home/elads/STAR/full_grid_solar_opacity/runs/T5594p85_rho8p96925/fac-opacity-cowan-state/starout.h5
5594.846683706413,12.889504440725364,fac-opacity-cowan-state,T5594p85_rho12p8895,0.2938803817887564,0.014182464895852342,0.29636789192347995,0.0027052103967195626,ok,/home/elads/STAR/full_grid_solar_opacity/runs/T5594p85_rho12p8895/fac-opacity-cowan-state/starout.h5
5594.846683706413,18.52322215674118,fac-opacity-cowan-state,T5594p85_rho18p5232,0.2936971099892973,0.020339375921505545,0.29708604006267847,0.003666925214169177,ok,/home/elads/STAR/full_grid_solar_opacity/runs/T5594p85_rho18p5232/fac-opacity-cowan-state/starout.h5
5594.846683706413,26.61931346126126,fac-opacity-cowan-state,T5594p85_rho26p6193,0.29344123992821025,0.029155724322942774,0.2980383518807143,0.004946195406305362,ok,/home/elads/STAR/full_grid_solar_opacity/runs/T5594p85_rho26p6193/fac-opacity-cowan-state/starout.h5
5594.846683706413,38.254027466328665,fac-opacity-cowan-state,T5594p85_rho38p254,0.29308583806462624,0.0417658580808567,0.2992929057739646,0.006636754535825756,ok,/home/elads/STAR/full_grid_solar_opacity/runs/T5594p85_rho38p254/fac-opacity-cowan-state/starout.h5
5594.846683706413,54.97401800103719,fac-opacity-cowan-state,T5594p85_rho54p974,0.29259573081668333,0.05977439651748959,0.30093540953027587,0.008856069447411357,ok,/home/elads/STAR/full_grid_solar_opacity/runs/T5594p85_rho54p974/fac-opacity-cowan-state/starout.h5
5594.846683706413,79.0019471240894,fac-opacity-cowan-state,T5594p85_rho79p0019,0.2919262425332422,0.08543793236256012,0.3030729564685875,0.01174946683239933,ok,/home/elads/STAR/full_grid_solar_opacity/runs/T5594p85_rho79p0019/fac-opacity-cowan-state/starout.h5
5594.846683706413,113.53195339077567,fac-opacity-cowan-state,T5594p85_rho113p532,0.29102175066509994,0.12190728802356246,0.30583819862751294,0.015495038227616862,ok,/home/elads/STAR/full_grid_solar_opacity/runs/T5594p85_rho113p532/fac-opacity-cowan-state/starout.h5
5594.846683706413,163.15426277379785,fac-opacity-cowan-state,T5594p85_rho163p154,0.28981720250629767,0.17353275406299518,0.3093954898353218,0.020308107967662716,ok,/home/elads/STAR/full_grid_solar_opacity/runs/T5594p85_rho163p154/fac-opacity-cowan-state/starout.h5
5594.846683706413,234.46538763970608,fac-opacity-cowan-state,T5594p85_rho234p465,0.2882426071056836,0.24623786943955445,0.3139500028244237,0.02644727747367094,ok,/home/elads/STAR/full_grid_solar_opacity/runs/T5594p85_rho234p465/fac-opacity-cowan-state/starout.h5
5594.846683706413,336.94503022121665,fac-opacity-cowan-state,T5594p85_rho336p945,0.2862338284160737,0.34791390452123294,0.3197584318886905,0.03421837423293577,ok,/home/elads/STAR/full_grid_solar_opacity/runs/T5594p85_rho336p945/fac-opacity-cowan-state/starout.h5
5594.846683706413,484.21626123015125,fac-opacity-cowan-state,T5594p85_rho484p216,0.2837534876417505,0.4887721214659419,0.32714597682741325,0.0439788897907199,ok,/home/elads/STAR/full_grid_solar_opacity/runs/T5594p85_rho484p216/fac-opacity-cowan-state/starout.h5
5594.846683706413,695.8564947100452,fac-opacity-cowan-state,T5594p85_rho695p856,0.2807585220251881,0.6814656753184335,0.3364604044981385,0.05613891587729761,ok,/home/elads/STAR/full_grid_solar_opacity/runs/T5594p85_rho695p856/fac-opacity-cowan-state/starout.h5
5594.846683706413,1000.0,fac-opacity-cowan-state,T5594p85_rho1000,0.27758049641494026,0.9403490746961508,0.34845341736464436,0.07117447804387515,ok,/home/elads/STAR/full_grid_solar_opacity/runs/T5594p85_rho1000/fac-opacity-cowan-state/starout.h5
6159.260657721878,1e-17,fac-opacity-cowan-state,T6159p26_rho1em17,0.2935301585524464,8.026365925036319e-21,0.2935301585524464,2.5162907461580223e-21,ok,/home/elads/STAR/full_grid_solar_opacity/runs/T6159p26_rho1em17/fac-opacity-cowan-state/starout.h5
6159.260657721878,1.4370779141993746e-17,fac-opacity-cowan-state,T6159p26_rho1p43708em17,0.29353015855244646,1.1467639554730696e-20,0.29353015855244646,3.594989131804213e-21,ok,/home/elads/STAR/full_grid_solar_opacity/runs/T6159p26_rho1p43708em17/fac-opacity-cowan-state/starout.h5
6159.260657721878,2.065192931479625e-17,fac-opacity-cowan-state,T6159p26_rho2p06519em17,0.2935301585524466,1.6413127969458464e-20,0.2935301585524466,5.145197837123515e-21,ok,/home/elads/STAR/full_grid_solar_opacity/runs/T6159p26_rho2p06519em17/fac-opacity-cowan-state/starout.h5
6159.260657721878,2.9678431503900313e-17,fac-opacity-cowan-state,T6159p26_rho2p96784em17,0.2935301585524478,2.3526456320872233e-20,0.2935301585524478,7.374883728952871e-21,ok,/home/elads/STAR/full_grid_solar_opacity/runs/T6159p26_rho2p96784em17/fac-opacity-cowan-state/starout.h5
6159.260657721878,4.2650218442334076e-17,fac-opacity-cowan-state,T6159p26_rho4p26502em17,0.2935301585524463,3.3757603491397415e-20,0.29353015855244624,1.0581782225785053e-20,ok,/home/elads/STAR/full_grid_solar_opacity/runs/T6159p26_rho4p26502em17/fac-opacity-cowan-state/starout.h5
6159.260657721878,6.129168695925715e-17,fac-opacity-cowan-state,T6159p26_rho6p12917em17,0.29353015855244813,4.848654771926976e-20,0.29353015855244813,1.5198633172677044e-20,ok,/home/elads/STAR/full_grid_solar_opacity/runs/T6159p26_rho6p12917em17/fac-opacity-cowan-state/starout.h5
6159.260657721878,8.808092965317026e-17,fac-opacity-cowan-state,T6159p26_rho8p80809em17,0.2935301585524478,6.967857496002575e-20,0.2935301585524478,2.184150543904132e-20,ok,/home/elads/STAR/full_grid_solar_opacity/runs/T6159p26_rho8p80809em17/fac-opacity-cowan-state/starout.h5
6159.260657721878,1.2657915866672028e-16,fac-opacity-cowan-state,T6159p26_rho1p26579em16,0.2935301585524464,1.0013296772936844e-19,0.2935301585524464,3.1387767078440676e-20,ok,/home/elads/STAR/full_grid_solar_opacity/runs/T6159p26_rho1p26579em16/fac-opacity-cowan-state/starout.h5
6159.260657721878,1.819041133178821e-16,fac-opacity-cowan-state,T6159p26_rho1p81904em16,0.2935301585524472,1.4389794988125114e-19,0.2935301585524472,4.510637959186028e-20,ok,/home/elads/STAR/full_grid_solar_opacity/runs/T6159p26_rho1p81904em16/fac-opacity-cowan-state/starout.h5
6159.260657721878,2.6141038375114865e-16,fac-opacity-cowan-state,T6159p26_rho2p6141em16,0.2935301585524474,2.0679108160420022e-19,0.2935301585524474,6.48209213346807e-20,ok,/home/elads/STAR/full_grid_solar_opacity/runs/T6159p26_rho2p6141em16/fac-opacity-cowan-state/starout.h5
6159.260657721878,3.7566708903116036e-16,fac-opacity-cowan-state,T6159p26_rho3p75667em16,0.29353015855244763,2.971725477003669e-19,0.2935301585524477,9.315198532618566e-20,ok,/home/elads/STAR/full_grid_solar_opacity/runs/T6159p26_rho3p75667em16/fac-opacity-cowan-state/starout.h5
6159.260657721878,5.398628767382507e-16,fac-opacity-cowan-state,T6159p26_rho5p39863em16,0.2935301585524476,4.2705635582844216e-19,0.2935301585524476,1.3386549827156804e-19,ok,/home/elads/STAR/full_grid_solar_opacity/runs/T6159p26_rho5p39863em16/fac-opacity-cowan-state/starout.h5
6159.260657721878,7.758250168566793e-16,fac-opacity-cowan-state,T6159p26_rho7p75825em16,0.2935301585524467,6.137073145165493e-19,0.2935301585524467,1.923733075496074e-19,ok,/home/elads/STAR/full_grid_solar_opacity/runs/T6159p26_rho7p75825em16/fac-opacity-cowan-state/starout.h5
6159.260657721878,1.1149209970080914e-15,fac-opacity-cowan-state,T6159p26_rho1p11492em15,0.29353015855244685,8.819357841113256e-19,0.2935301585524469,2.764525051807075e-19,ok,/home/elads/STAR/full_grid_solar_opacity/runs/T6159p26_rho1p11492em15/fac-opacity-cowan-state/starout.h5
6159.260657721878,1.6022283408774753e-15,fac-opacity-cowan-state,T6159p26_rho1p60223em15,0.2935301585524467,1.26739551499247e-18,0.29353015855244663,3.972791716854406e-19,ok,/home/elads/STAR/full_grid_solar_opacity/runs/T6159p26_rho1p60223em15/fac-opacity-cowan-state/starout.h5
6159.260657721878,2.3025269621793266e-15,fac-opacity-cowan-state,T6159p26_rho2p30253em15,0.293530158552448,1.8213226486086517e-18,0.293530158552448,5.709138672751784e-19,ok,/home/elads/STAR/full_grid_solar_opacity/runs/T6159p26_rho2p30253em15/fac-opacity-cowan-state/starout.h5
6159.260657721878,3.308910644196489e-15,fac-opacity-cowan-state,T6159p26_rho3p30891em15,0.29353015855244646,2.6173458814460645e-18,0.29353015855244646,8.204363757053662e-19,ok,/home/elads/STAR/full_grid_solar_opacity/runs/T6159p26_rho3p30891em15/fac-opacity-cowan-state/starout.h5
6159.260657721878,4.755162406834019e-15,fac-opacity-cowan-state,T6159p26_rho4p75516em15,0.29353015855244785,3.7612730205413504e-18,0.29353015855244785,1.1790133906739379e-18,ok,/home/elads/STAR/full_grid_solar_opacity/runs/T6159p26_rho4p75516em15/fac-opacity-cowan-state/starout.h5
6159.260657721878,6.8335388732923106e-15,fac-opacity-cowan-state,T6159p26_rho6p83354em15,0.29353015855244663,5.405154525828242e-18,0.2935301585524466,1.694307005848683e-18,ok,/home/elads/STAR/full_grid_solar_opacity/runs/T6159p26_rho6p83354em15/fac-opacity-cowan-state/starout.h5
6159.260657721878,9.820327790631256e-15,fac-opacity-cowan-state,T6159p26_rho9p82033em15,0.2935301585524487,7.76749278583848e-18,0.2935301585524487,2.4348095300180656e-18,ok,/home/elads/STAR/full_grid_solar_opacity/runs/T6159p26_rho9p82033em15/fac-opacity-cowan-state/starout.h5
6159.260657721878,1.4112576178114521e-14,fac-opacity-cowan-state,T6159p26_rho1p41126em14,0.2935301585524469,1.1162288308372183e-17,0.29353015855244696,3.4989482421755266e-18,ok,/home/elads/STAR/full_grid_solar_opacity/runs/T6159p26_rho1p41126em14/fac-opacity-cowan-state/starout.h5
6159.260657721878,2.0280871538024598e-14,fac-opacity-cowan-state,T6159p26_rho2p02809em14,0.2935301585524462,1.6040772790070784e-17,0.2935301585524462,5.028167714690929e-18,ok,/home/elads/STAR/full_grid_solar_opacity/runs/T6159p26_rho2p02809em14/fac-opacity-cowan-state/starout.h5
6159.260657721878,2.914519256800997e-14,fac-opacity-cowan-state,T6159p26_rho2p91452em14,0.2935301585524472,2.3051389124779767e-17,0.29353015855244724,7.225730992244197e-18,ok,/home/elads/STAR/full_grid_solar_opacity/runs/T6159p26_rho2p91452em14/fac-opacity-cowan-state/starout.h5
6159.260657721878,4.188391254457488e-14,fac-opacity-cowan-state,T6159p26_rho4p18839em14,0.2935301585524489,3.312598561547332e-17,0.2935301585524489,1.0383738683791347e-17,ok,/home/elads/STAR/full_grid_solar_opacity/runs/T6159p26_rho4p18839em14/fac-opacity-cowan-state/starout.h5
6159.260657721878,6.019044567806669e-14,fac-opacity-cowan-state,T6159p26_rho6p01904em14,0.293530158552446,4.760368561134921e-17,0.293530158552446,1.4921958013577957e-17,ok,/home/elads/STAR/full_grid_solar_opacity/runs/T6159p26_rho6p01904em14/fac-opacity-cowan-state/starout.h5
6159.260657721878,8.649836012976684e-14,fac-opacity-cowan-state,T6159p26_rho8p64984em14,0.2935301585524466,6.840889706010706e-17,0.2935301585524466,2.1443623227687442e-17,ok,/home/elads/STAR/full_grid_solar_opacity/runs/T6159p26_rho8p64984em14/fac-opacity-cowan-state/starout.h5
6159.260657721878,1.2430488295695167e-13,fac-opacity-cowan-state,T6159p26_rho1p24305em13,0.29353015855244446,9.830713538775358e-17,0.29353015855244446,3.081562793126019e-17,ok,/home/elads/STAR/full_grid_solar_opacity/runs/T6159p26_rho1p24305em13/fac-opacity-cowan-state/starout.h5
6159.260657721878,1.7863580192457348e-13,fac-opacity-cowan-state,T6159p26_rho1p78636em13,0.2935301585524507,1.4127267765039368e-16,0.29353015855245074,4.428377308294668e-17,ok,/home/elads/STAR/full_grid_solar_opacity/runs/T6159p26_rho1p78636em13/fac-opacity-cowan-state/starout.h5
6159.260657721878,2.567135656310987e-13,fac-opacity-cowan-state,T6159p26_rho2p56714em13,0.2935301585524422,2.0301691033635753e-16,0.29353015855244224,6.36383873124002e-17,ok,/home/elads/STAR/full_grid_solar_opacity/runs/T6159p26_rho2p56714em13/fac-opacity-cowan-state/starout.h5
6159.260657721878,3.6891739544382357e-13,fac-opacity-cowan-state,T6159p26_rho3p68917em13,0.2935301585524388,2.917476679450323e-16,0.2935301585524389,9.14523660739692e-17,ok,/home/elads/STAR/full_grid_solar_opacity/runs/T6159p26_rho3p68917em13/fac-opacity-cowan-state/starout.h5
6159.260657721878,5.301630411562758e-13,fac-opacity-cowan-state,T6159p26_rho5p30163em13,0.29353015854687514,4.1926075957909463e-16,0.2935301585468752,1.3142331732160521e-16,ok,/home/elads/STAR/full_grid_solar_opacity/runs/T6159p26_rho5p30163em13/fac-opacity-cowan-state/starout.h5
6159.260657721878,7.618855973704612e-13,fac-opacity-cowan-state,T6159p26_rho7p61886em13,0.29353015856632414,6.025084463467052e-16,0.2935301585663243,1.8886525168836798e-16,ok,/home/elads/STAR/full_grid_solar_opacity/runs/T6159p26_rho7p61886em13/fac-opacity-cowan-state/starout.h5
6159.260657721878,1.0948889651276868e-12,fac-opacity-cowan-state,T6159p26_rho1p09489em12,0.2935301585524267,8.658544691156414e-16,0.29353015855242687,2.714154694138966e-16,ok,/home/elads/STAR/full_grid_solar_opacity/runs/T6159p26_rho1p09489em12/fac-opacity-cowan-state/starout.h5
6159.260657721878,1.5734407502856082e-12,fac-opacity-cowan-state,T6159p26_rho1p57344em12,0.29353015855241693,1.2443158304125948e-15,0.2935301585524173,3.900507686003553e-16,ok,/home/elads/STAR/full_grid_solar_opacity/runs/T6159p26_rho1p57344em12/fac-opacity-cowan-state/starout.h5
6159.260657721878,2.26115695153675e-12,fac-opacity-cowan-state,T6159p26_rho2p26116em12,0.29353015855240316,1.7882236314190332e-15,0.2935301585524036,5.605484618718086e-16,ok,/home/elads/STAR/full_grid_solar_opacity/runs/T6159p26_rho2p26116em12/fac-opacity-cowan-state/starout.h5
6159.260657721878,3.249458715591849e-12,fac-opacity-cowan-state,T6159p26_rho3p24946em12,0.2935301585523839,2.5699256630554176e-15,0.29353015855238457,8.055875403424515e-16,ok,/home/elads/STAR/full_grid_solar_opacity/runs/T6159p26_rho3p24946em12/fac-opacity-cowan-state/starout.h5
6159.260657721878,4.669725353279713e-12,fac-opacity-cowan-state,T6159p26_rho4p66973em12,0.2935301585523578,3.693426819655263e-15,0.29353015855235876,1.157770511621619e-15,ok,/home/elads/STAR/full_grid_solar_opacity/runs/T6159p26_rho4p66973em12/fac-opacity-cowan-state/starout.h5
6159.260657721878,6.710759170575148e-12,fac-opacity-cowan-state,T6159p26_rho6p71076em12,0.2935301585522698,5.308258123968541e-15,0.2935301585522713,1.6639709968849797e-15,ok,/home/elads/STAR/full_grid_solar_opacity/runs/T6159p26_rho6p71076em12/fac-opacity-cowan-state/starout.h5
6159.260657721878,9.64388379154446e-12,fac-opacity-cowan-state,T6159p26_rho9p64388em12,0.2935301585522617,7.629458978703109e-15,0.2935301585522639,2.3915974131744147e-15,ok,/home/elads/STAR/full_grid_solar_opacity/runs/T6159p26_rho9p64388em12/fac-opacity-cowan-state/starout.h5
6159.260657721878,1.3859012403933867e-11,fac-opacity-cowan-state,T6159p26_rho1p3859em11,0.2935301585520721,1.0966452422969649e-14,0.29353015855207515,3.4376450098116372e-15,ok,/home/elads/STAR/full_grid_solar_opacity/runs/T6159p26_rho1p3859em11/fac-opacity-cowan-state/starout.h5
6159.260657721878,1.9916480638308542e-11,fac-opacity-cowan-state,T6159p26_rho1p99165em11,0.29353015855206777,1.5764709141360906e-14,0.2935301585520721,4.941756206169983e-15,ok,/home/elads/STAR/full_grid_solar_opacity/runs/T6159p26_rho1p99165em11/fac-opacity-cowan-state/starout.h5
6159.260657721878,2.8621534453892672e-11,fac-opacity-cowan-state,T6159p26_rho2p86215em11,0.29353015855189757,2.266409425740271e-14,0.29353015855190384,7.104507240507157e-15,ok,/home/elads/STAR/full_grid_solar_opacity/runs/T6159p26_rho2p86215em11/fac-opacity-cowan-state/starout.h5
6159.260657721878,4.1131375034185614e-11,fac-opacity-cowan-state,T6159p26_rho4p11314em11,0.29353015855167175,3.257890076181236e-14,0.29353015855168074,1.0212476881858634e-14,ok,/home/elads/STAR/full_grid_solar_opacity/runs/T6159p26_rho4p11314em11/fac-opacity-cowan-state/starout.h5
6159.260657721878,5.910899064227969e-11,fac-opacity-cowan-state,T6159p26_rho5p9109em11,0.2935301585513129,4.682343581948731e-14,0.29353015855132586,1.467762115000437e-14,ok,/home/elads/STAR/full_grid_solar_opacity/runs/T6159p26_rho5p9109em11/fac-opacity-cowan-state/starout.h5
6159.260657721878,8.4944224982638e-11,fac-opacity-cowan-state,T6159p26_rho8p49442em11,0.29353015855083986,6.729843934002752e-14,0.2935301585508583,2.1095747314321216e-14,ok,/home/elads/STAR/full_grid_solar_opacity/runs/T6159p26_rho8p49442em11/fac-opacity-cowan-state/starout.h5
6159.260657721878,1.2207146966133182e-10,fac-opacity-cowan-state,T6159p26_rho1p22071em10,0.293530158550108,9.6723036936362e-14,0.2935301585501343,3.031918299616621e-14,ok,/home/elads/STAR/full_grid_solar_opacity/runs/T6159p26_rho1p22071em10/fac-opacity-cowan-state/starout.h5
6159.260657721878,1.7542621300415897e-10,fac-opacity-cowan-state,T6159p26_rho1p75426em10,0.29353015854908726,1.3899117810253384e-13,0.2935301585491254,4.356852595845098e-14,ok,/home/elads/STAR/full_grid_solar_opacity/runs/T6159p26_rho1p75426em10/fac-opacity-cowan-state/starout.h5
6159.260657721878,2.52101136279913e-10,fac-opacity-cowan-state,T6159p26_rho2p52101em10,0.29353015854753395,1.9970442521726555e-13,0.2935301585475885,6.259968014824986e-14,ok,/home/elads/STAR/full_grid_solar_opacity/runs/T6159p26_rho2p52101em10/fac-opacity-cowan-state/starout.h5
6159.260657721878,3.6228897509242966e-10,fac-opacity-cowan-state,T6159p26_rho3p62289em10,0.2935301585455238,2.869403536763941e-13,0.2935301585456026,8.994460592219322e-14,ok,/home/elads/STAR/full_grid_solar_opacity/runs/T6159p26_rho3p62289em10/fac-opacity-cowan-state/starout.h5
6159.260657721878,5.20637484663258e-10,fac-opacity-cowan-state,T6159p26_rho5p20637em10,0.2935301585425046,4.123477118281787e-13,0.29353015854261777,1.2925445602452346e-13,ok,/home/elads/STAR/full_grid_solar_opacity/runs/T6159p26_rho5p20637em10/fac-opacity-cowan-state/starout.h5
6159.260657721878,7.481966305138837e-10,fac-opacity-cowan-state,T6159p26_rho7p48197em10,0.2902132577342363,5.932040100037566e-13,0.2902132577343987,1.858988379604027e-13,ok,/home/elads/STAR/full_grid_solar_opacity/runs/T6159p26_rho7p48197em10/fac-opacity-cowan-state/starout.h5
6159.260657721878,1.0752168531898921e-09,fac-opacity-cowan-state,T6159p26_rho1p07522em09,0.29021325772815826,8.511852704030524e-13,0.29021325772839196,2.6692627446382624e-13,ok,/home/elads/STAR/full_grid_solar_opacity/runs/T6159p26_rho1p07522em09/fac-opacity-cowan-state/starout.h5
6159.260657721878,1.5451703926941453e-09,fac-opacity-cowan-state,T6159p26_rho1p54517em09,0.29021325771849976,1.2260699112436465e-12,0.29021325771883605,3.842721606211476e-13,ok,/home/elads/STAR/full_grid_solar_opacity/runs/T6159p26_rho1p54517em09/fac-opacity-cowan-state/starout.h5
6159.260657721878,2.220530245015531e-09,fac-opacity-cowan-state,T6159p26_rho2p22053em09,0.2902132577070614,1.7607613202818246e-12,0.29021325770754514,5.519832801929327e-13,ok,/home/elads/STAR/full_grid_solar_opacity/runs/T6159p26_rho2p22053em09/fac-opacity-cowan-state/starout.h5
6159.260657721878,3.1910749729235452e-09,fac-opacity-cowan-state,T6159p26_rho3p19107em09,0.2902132576895468,2.529091690862623e-12,0.2902132576902402,7.927654775965187e-13,ok,/home/elads/STAR/full_grid_solar_opacity/runs/T6159p26_rho3p19107em09/fac-opacity-cowan-state/starout.h5
6159.260657721878,4.585823366142813e-09,fac-opacity-cowan-state,T6159p26_rho4p58582em09,0.29021325766486183,3.6314689280268856e-12,0.290213257665858,1.1383410266748472e-12,ok,/home/elads/STAR/full_grid_solar_opacity/runs/T6159p26_rho4p58582em09/fac-opacity-cowan-state/starout.h5
6159.260657721878,6.590185477903269e-09,fac-opacity-cowan-state,T6159p26_rho6p59019em09,0.290213257629676,5.218740336371304e-12,0.29021325763110806,1.6357376412108297e-12,ok,/home/elads/STAR/full_grid_solar_opacity/runs/T6159p26_rho6p59019em09/fac-opacity-cowan-state/starout.h5
6159.260657721878,9.470610000772238e-09,fac-opacity-cowan-state,T6159p26_rho9p47061em09,0.29021325758210326,7.501562491142699e-12,0.2902132575841619,2.351401316136119e-12,ok,/home/elads/STAR/full_grid_solar_opacity/runs/T6159p26_rho9p47061em09/fac-opacity-cowan-state/starout.h5
6159.260657721878,1.3610004466105506e-08,fac-opacity-cowan-state,T6159p26_rho1p361em08,0.29021325751485944,1.079063750193141e-11,0.29021325751781957,3.381878033102822e-12,ok,/home/elads/STAR/full_grid_solar_opacity/runs/T6159p26_rho1p361em08/fac-opacity-cowan-state/starout.h5
6159.260657721878,1.9558636830395073e-08,fac-opacity-cowan-state,T6159p26_rho1p95586em08,0.29021325742709814,1.5513846513253977e-11,0.2902132574313547,4.8623390926519256e-12,ok,/home/elads/STAR/full_grid_solar_opacity/runs/T6159p26_rho1p95586em08/fac-opacity-cowan-state/starout.h5
6159.260657721878,2.810728502080722e-08,fac-opacity-cowan-state,T6159p26_rho2p81073em08,0.2902132573115927,2.2276886184074636e-11,0.2902132573177042,6.981225785942335e-12,ok,/home/elads/STAR/full_grid_solar_opacity/runs/T6159p26_rho2p81073em08/fac-opacity-cowan-state/starout.h5
6159.260657721878,4.039235853150913e-08,fac-opacity-cowan-state,T6159p26_rho4p03924em08,0.2902132571668651,3.198019045372971e-11,0.2902132571756387,1.0021622253939657e-11,ok,/home/elads/STAR/full_grid_solar_opacity/runs/T6159p26_rho4p03924em08/fac-opacity-cowan-state/starout.h5
6159.260657721878,5.804696634805446e-08,fac-opacity-cowan-state,T6159p26_rho5p8047em08,0.2902132569710686,4.594503641482799e-11,0.29021325698367184,1.4396377219163861e-11,ok,/home/elads/STAR/full_grid_solar_opacity/runs/T6159p26_rho5p8047em08/fac-opacity-cowan-state/starout.h5
6159.260657721878,8.341801332506338e-08,fac-opacity-cowan-state,T6159p26_rho8p3418em08,0.29021325673074866,6.602525054053959e-11,0.2902132567488582,2.068590528362886e-11,ok,/home/elads/STAR/full_grid_solar_opacity/runs/T6159p26_rho8p3418em08/fac-opacity-cowan-state/starout.h5
6159.260657721878,1.1987818459583772e-07,fac-opacity-cowan-state,T6159p26_rho1p19878em07,0.2902132564332823,9.485351364318565e-11,0.29021325645930046,2.9718814350575696e-11,ok,/home/elads/STAR/full_grid_solar_opacity/runs/T6159p26_rho1p19878em07/fac-opacity-cowan-state/starout.h5
6159.260657721878,1.7227429147699408e-07,fac-opacity-cowan-state,T6159p26_rho1p72274em07,0.2902132560702739,1.3627637155876482e-10,0.29021325610765225,4.2694445363947395e-11,ok,/home/elads/STAR/full_grid_solar_opacity/runs/T6159p26_rho1p72274em07/fac-opacity-cowan-state/starout.h5
6159.260657721878,2.4757157946593376e-07,fac-opacity-cowan-state,T6159p26_rho2p47572em07,0.2902132556273458,1.9582983917742096e-10,0.2902132556810583,6.135249254190018e-11,ok,/home/elads/STAR/full_grid_solar_opacity/runs/T6159p26_rho2p47572em07/fac-opacity-cowan-state/starout.h5
6159.260657721878,3.557796490339488e-07,fac-opacity-cowan-state,T6159p26_rho3p5578em07,0.2902132550909405,2.8148704531655876e-10,0.2902132551681431,8.818148566496636e-11,ok,/home/elads/STAR/full_grid_solar_opacity/runs/T6159p26_rho3p5578em07/fac-opacity-cowan-state/starout.h5
6159.260657721878,5.112830759482948e-07,fac-opacity-cowan-state,T6159p26_rho5p11283em07,0.29021325444599516,4.043321080827135e-10,0.2902132545568803,1.2665183467979177e-10,ok,/home/elads/STAR/full_grid_solar_opacity/runs/T6159p26_rho5p11283em07/fac-opacity-cowan-state/starout.h5
6159.260657721878,7.347536163492159e-07,fac-opacity-cowan-state,T6159p26_rho7p34754em07,0.2902132536659645,5.801296791338764e-10,0.29021325382503427,1.8168888225492614e-10,ok,/home/elads/STAR/full_grid_solar_opacity/runs/T6159p26_rho7p34754em07/fac-opacity-cowan-state/starout.h5
6159.260657721878,1.0558981944335787e-06,fac-opacity-cowan-state,T6159p26_rho1p0559em06,0.2902132527286641,8.324931077181832e-10,0.29021325295689315,2.606800360843915e-10,ok,/home/elads/STAR/full_grid_solar_opacity/runs/T6159p26_rho1p0559em06/fac-opacity-cowan-state/starout.h5
6159.260657721878,1.517407974863493e-06,fac-opacity-cowan-state,T6159p26_rho1p51741em06,0.2902132516035333,1.1968992552698581e-09,0.29021325193160935,3.7471998629431107e-10,ok,/home/elads/STAR/full_grid_solar_opacity/runs/T6159p26_rho1p51741em06/fac-opacity-cowan-state/starout.h5
6159.260657721878,2.1806334875063253e-06,fac-opacity-cowan-state,T6159p26_rho2p18063em06,0.2902132502601571,1.7230484418907697e-09,0.2902132507323735,5.393473473862524e-10,ok,/home/elads/STAR/full_grid_solar_opacity/runs/T6159p26_rho2p18063em06/fac-opacity-cowan-state/starout.h5
6159.260657721878,3.1337402238588983e-06,fac-opacity-cowan-state,T6159p26_rho3p13374em06,0.29021324865982967,2.532735555842444e-09,0.2902132493585095,7.97427916186634e-10,ok,/home/elads/STAR/full_grid_solar_opacity/runs/T6159p26_rho3p13374em06/fac-opacity-cowan-state/starout.h5
6159.260657721878,4.503428864545845e-06,fac-opacity-cowan-state,T6159p26_rho4p50343em06,0.29021324673173726,3.6349251321935304e-09,0.29021324773423957,1.1441810276686815e-09,ok,/home/elads/STAR/full_grid_solar_opacity/runs/T6159p26_rho4p50343em06/fac-opacity-cowan-state/starout.h5
6159.260657721878,6.471778159406801e-06,fac-opacity-cowan-state,T6159p26_rho6p47178em06,0.29021324441838997,5.2826173762602304e-09,0.2902132458782596,1.6657651256554658e-09,ok,/home/elads/STAR/full_grid_solar_opacity/runs/T6159p26_rho6p47178em06/fac-opacity-cowan-state/starout.h5
6159.260657721878,9.300449458481393e-06,fac-opacity-cowan-state,T6159p26_rho9p30045em06,0.2902132416338202,7.602481944256779e-09,0.2902132437342993,2.39666988757012e-09,ok,/home/elads/STAR/full_grid_solar_opacity/runs/T6159p26_rho9p30045em06/fac-opacity-cowan-state/starout.h5
6159.260657721878,1.3365470508911143e-05,fac-opacity-cowan-state,T6159p26_rho1p33655em05,0.2902132384780037,1.0876445440240685e-08,0.29021324148182576,3.4273262386283503e-09,ok,/home/elads/STAR/full_grid_solar_opacity/runs/T6159p26_rho1p33655em05/fac-opacity-cowan-state/starout.h5
6159.260657721878,1.920722248123928e-05,fac-opacity-cowan-state,T6159p26_rho1p92072em05,0.2902132344443998,1.560891137504233e-08,0.2902132387533822,4.916375564474864e-09,ok,/home/elads/STAR/full_grid_solar_opacity/runs/T6159p26_rho1p92072em05/fac-opacity-cowan-state/starout.h5
6159.260657721878,2.760227522090268e-05,fac-opacity-cowan-state,T6159p26_rho2p76023em05,0.2902132299655677,2.2476094501506783e-08,0.29021323616739536,7.0758111328777014e-09,ok,/home/elads/STAR/full_grid_solar_opacity/runs/T6159p26_rho2p76023em05/fac-opacity-cowan-state/starout.h5
6159.260657721878,3.966662010161191e-05,fac-opacity-cowan-state,T6159p26_rho3p96666em05,0.29021322408627925,3.2290565901921024e-08,0.290213232990525,1.0158757943596363e-08,ok,/home/elads/STAR/full_grid_solar_opacity/runs/T6159p26_rho3p96666em05/fac-opacity-cowan-state/starout.h5
6159.260657721878,5.7004023678963655e-05,fac-opacity-cowan-state,T6159p26_rho5p7004em05,0.2902132171166549,4.650726884164864e-08,0.29021322998426424,1.4672987284561274e-08,ok,/home/elads/STAR/full_grid_solar_opacity/runs/T6159p26_rho5p7004em05/fac-opacity-cowan-state/starout.h5
6159.260657721878,8.191922344953684e-05,fac-opacity-cowan-state,T6159p26_rho8p19192em05,0.2902132169829032,6.987411975752622e-08,0.290213237027758,2.276274012402342e-08,ok,/home/elads/STAR/full_grid_solar_opacity/runs/T6159p26_rho8p19192em05/fac-opacity-cowan-state/starout.h5
6159.260657721878,0.00011772430676769293,fac-opacity-cowan-state,T6159p26_rho0p000117724,0.29021323328208337,1.0020951218102863e-07,0.2902132620020595,3.261251917819434e-08,ok,/home/elads/STAR/full_grid_solar_opacity/runs/T6159p26_rho0p000117724/fac-opacity-cowan-state/starout.h5
6159.260657721878,0.00016917900122028344,fac-opacity-cowan-state,T6159p26_rho0p000169179,0.29021322584850706,1.4391511175124094e-07,0.2902132670455654,4.677860054250135e-08,ok,/home/elads/STAR/full_grid_solar_opacity/runs/T6159p26_rho0p000169179/fac-opacity-cowan-state/starout.h5
6159.260657721878,0.0002431234061999784,fac-opacity-cowan-state,T6159p26_rho0p000243123,0.2902132162485291,2.0657810461191758e-07,0.29021327530764457,6.705643524189238e-08,ok,/home/elads/STAR/full_grid_solar_opacity/runs/T6159p26_rho0p000243123/fac-opacity-cowan-state/starout.h5
6159.260657721878,0.0003493872774749123,fac-opacity-cowan-state,T6159p26_rho0p000349387,0.2902132029063342,2.965399108584915e-07,0.29021328757683096,9.612634615488837e-08,ok,/home/elads/STAR/full_grid_solar_opacity/runs/T6159p26_rho0p000349387/fac-opacity-cowan-state/starout.h5
6159.260657721878,0.0005020967399614471,fac-opacity-cowan-state,T6159p26_rho0p000502097,0.29021317671848623,4.2563620504648145e-07,0.29021329806161883,1.3774631401762336e-07,ok,/home/elads/STAR/full_grid_solar_opacity/runs/T6159p26_rho0p000502097/fac-opacity-cowan-state/starout.h5
6159.260657721878,0.0007215521357901021,fac-opacity-cowan-state,T6159p26_rho0p000721552,0.2902131644174639,6.106245338491355e-07,0.2902133381246776,1.9717357411305585e-07,ok,/home/elads/STAR/full_grid_solar_opacity/runs/T6159p26_rho0p000721552/fac-opacity-cowan-state/starout.h5
6159.260657721878,0.0010369266382873438,fac-opacity-cowan-state,T6159p26_rho0p00103693,0.29021313675251215,8.760689512077177e-07,0.29021338544686526,2.822534959709588e-07,ok,/home/elads/STAR/full_grid_solar_opacity/runs/T6159p26_rho0p00103693/fac-opacity-cowan-state/starout.h5
6159.260657721878,0.0014901443705277455,fac-opacity-cowan-state,T6159p26_rho0p00149014,0.29021309713593774,1.2566324360150057e-06,0.29021345296036594,4.03783702672372e-07,ok,/home/elads/STAR/full_grid_solar_opacity/runs/T6159p26_rho0p00149014/fac-opacity-cowan-state/starout.h5
6159.260657721878,0.002141453563853953,fac-opacity-cowan-state,T6159p26_rho0p00214145,0.2902130299784512,1.8020484088090472e-06,0.2902135387051761,5.772098294593689e-07,ok,/home/elads/STAR/full_grid_solar_opacity/runs/T6159p26_rho0p00214145/fac-opacity-cowan-state/starout.h5
6159.260657721878,0.003077435620898055,fac-opacity-cowan-state,T6159p26_rho0p00307744,0.290212968081619,2.583705902490997e-06,0.2902136950026967,8.246333072484123e-07,ok,/home/elads/STAR/full_grid_solar_opacity/runs/T6159p26_rho0p00307744/fac-opacity-cowan-state/starout.h5
6159.260657721878,0.004422514763163053,fac-opacity-cowan-state,T6159p26_rho0p00442251,0.2902128669695248,3.7036220282686325e-06,0.29021390488092674,1.1771986743471272e-06,ok,/home/elads/STAR/full_grid_solar_opacity/runs/T6159p26_rho0p00442251/fac-opacity-cowan-state/starout.h5
6159.260657721878,0.006355498291362301,fac-opacity-cowan-state,T6159p26_rho0p0063555,0.2902127375221875,5.308017792147664e-06,0.29021421823971505,1.6790738008688984e-06,ok,/home/elads/STAR/full_grid_solar_opacity/runs/T6159p26_rho0p0063555/fac-opacity-cowan-state/starout.h5
6159.260657721878,0.009133346228248624,fac-opacity-cowan-state,T6159p26_rho0p00913335,0.29021255210996144,7.608081504178505e-06,0.2902146637635327,2.393908312803487e-06,ok,/home/elads/STAR/full_grid_solar_opacity/runs/T6159p26_rho0p00913335/fac-opacity-cowan-state/starout.h5
6159.260657721878,0.01312533014735226,fac-opacity-cowan-state,T6159p26_rho0p0131253,0.2902123456134678,1.0904014023223544e-05,0.29021535456823583,3.4101640578609166e-06,ok,/home/elads/STAR/full_grid_solar_opacity/runs/T6159p26_rho0p0131253/fac-opacity-cowan-state/starout.h5
6159.260657721878,0.018862122071335155,fac-opacity-cowan-state,T6159p26_rho0p0188621,0.29021209374977336,1.562463927332903e-05,0.2902163761983044,4.851982940477563e-06,ok,/home/elads/STAR/full_grid_solar_opacity/runs/T6159p26_rho0p0188621/fac-opacity-cowan-state/starout.h5
6159.260657721878,0.02710633904364831,fac-opacity-cowan-state,T6159p26_rho0p0271063,0.29021178035111506,2.238905495362725e-05,0.29021786887549395,6.895987079242858e-06,ok,/home/elads/STAR/full_grid_solar_opacity/runs/T6159p26_rho0p0271063/fac-opacity-cowan-state/starout.h5
6159.260657721878,0.038953921174427183,fac-opacity-cowan-state,T6159p26_rho0p0389539,0.2902113854519726,3.20780374681072e-05,0.2902200310095611,9.788512639892531e-06,ok,/home/elads/STAR/full_grid_solar_opacity/runs/T6159p26_rho0p0389539/fac-opacity-cowan-state/starout.h5
6159.260657721878,0.0559798197912329,fac-opacity-cowan-state,T6159p26_rho0p0559798,0.2902108340400598,4.594466584569632e-05,0.2902230875182298,1.3868025436941533e-05,ok,/home/elads/STAR/full_grid_solar_opacity/runs/T6159p26_rho0p0559798/fac-opacity-cowan-state/starout.h5
6159.260657721878,0.08044736266284185,fac-opacity-cowan-state,T6159p26_rho0p0804474,0.29021014564267866,6.578352502773323e-05,0.2902274787848106,1.9608648464432626e-05,ok,/home/elads/STAR/full_grid_solar_opacity/runs/T6159p26_rho0p0804474/fac-opacity-cowan-state/starout.h5
6159.260657721878,0.11560912813835741,fac-opacity-cowan-state,T6159p26_rho0p115609,0.290209208343854,9.415049665948197e-05,0.2902336692602229,2.7659514581799003e-05,ok,/home/elads/STAR/full_grid_solar_opacity/runs/T6159p26_rho0p115609/fac-opacity-cowan-state/starout.h5
6159.260657721878,0.1661393247274789,fac-opacity-cowan-state,T6159p26_rho0p166139,0.2902079367251575,0.00013470444740027368,0.29024237396142255,3.8920490964440354e-05,ok,/home/elads/STAR/full_grid_solar_opacity/runs/T6159p26_rho0p166139/fac-opacity-cowan-state/starout.h5
6159.260657721878,0.23875515424585794,fac-opacity-cowan-state,T6159p26_rho0p238755,0.290206165938356,0.00019265451263651812,0.2902545297980384,5.462701808636667e-05,ok,/home/elads/STAR/full_grid_solar_opacity/runs/T6159p26_rho0p238755/fac-opacity-cowan-state/starout.h5
6159.260657721878,0.34310975906798746,fac-opacity-cowan-state,T6159p26_rho0p34311,0.2902029793532887,0.00027564927200842424,0.2902708015943304,7.654878463431404e-05,ok,/home/elads/STAR/full_grid_solar_opacity/runs/T6159p26_rho0p34311/fac-opacity-cowan-state/starout.h5
6159.260657721878,0.49307545690287347,fac-opacity-cowan-state,T6159p26_rho0p493075,0.2901989453658498,0.00039448358660633073,0.29029389463652194,0.00010706763986342709,ok,/home/elads/STAR/full_grid_solar_opacity/runs/T6159p26_rho0p493075/fac-opacity-cowan-state/starout.h5
6159.260657721878,0.7085878491488851,fac-opacity-cowan-state,T6159p26_rho0p708588,0.2901931503690719,0.0005647724654094632,0.29032588683617117,0.00014950555920605833,ok,/home/elads/STAR/full_grid_solar_opacity/runs/T6159p26_rho0p708588/fac-opacity-cowan-state/starout.h5
6159.260657721878,1.0182959482819007,fac-opacity-cowan-state,T6159p26_rho1p0183,0.29018486063863297,0.0008090022467236953,0.29037019403603,0.0002084494394952576,ok,/home/elads/STAR/full_grid_solar_opacity/runs/T6159p26_rho1p0183/fac-opacity-cowan-state/starout.h5
6159.260657721878,1.4633706173946401,fac-opacity-cowan-state,T6159p26_rho1p46337,0.2901729782035713,0.0011594521763486072,0.29043140911772586,0.00029015765078324476,ok,/home/elads/STAR/full_grid_solar_opacity/runs/T6159p26_rho1p46337/fac-opacity-cowan-state/starout.h5
6159.260657721878,2.1029775945461404,fac-opacity-cowan-state,T6159p26_rho2p10298,0.2901559801874939,0.0016625581453477915,0.29051580609653227,0.00040315670919841706,ok,/home/elads/STAR/full_grid_solar_opacity/runs/T6159p26_rho2p10298/fac-opacity-cowan-state/starout.h5
6159.260657721878,3.0221426551783854,fac-opacity-cowan-state,T6159p26_rho3p02214,0.2901317317278439,0.0023847927260779514,0.2906317622455791,0.0005588657008840733,ok,/home/elads/STAR/full_grid_solar_opacity/runs/T6159p26_rho3p02214/fac-opacity-cowan-state/starout.h5
6159.260657721878,4.343054463316713,fac-opacity-cowan-state,T6159p26_rho4p34305,0.2900971798958625,0.0034216921085130176,0.2907904748312594,0.0007726509515128465,ok,/home/elads/STAR/full_grid_solar_opacity/runs/T6159p26_rho4p34305/fac-opacity-cowan-state/starout.h5
6159.260657721878,6.241307649397467,fac-opacity-cowan-state,T6159p26_rho6p24131,0.290048031342043,0.004910172332064687,0.2910067422813312,0.0010649242433652588,ok,/home/elads/STAR/full_grid_solar_opacity/runs/T6159p26_rho6p24131/fac-opacity-cowan-state/starout.h5
6159.260657721878,8.969245378672715,fac-opacity-cowan-state,T6159p26_rho8p96925,0.28997839555918375,0.007046143117528196,0.29130001001729894,0.0014625050594286534,ok,/home/elads/STAR/full_grid_solar_opacity/runs/T6159p26_rho8p96925/fac-opacity-cowan-state/starout.h5
6159.260657721878,12.889504440725364,fac-opacity-cowan-state,T6159p26_rho12p8895,0.2898800231877513,0.01011014028542107,0.29169563817486027,0.002000587643665502,ok,/home/elads/STAR/full_grid_solar_opacity/runs/T6159p26_rho12p8895/fac-opacity-cowan-state/starout.h5
6159.260657721878,18.52322215674118,fac-opacity-cowan-state,T6159p26_rho18p5232,0.289741473654692,0.014502828552055164,0.2922262928926652,0.002724788946992855,ok,/home/elads/STAR/full_grid_solar_opacity/runs/T6159p26_rho18p5232/fac-opacity-cowan-state/starout.h5
6159.260657721878,26.61931346126126,fac-opacity-cowan-state,T6159p26_rho26p6193,0.28954733404270394,0.020795693362355833,0.2929340323023406,0.003693740364823892,ok,/home/elads/STAR/full_grid_solar_opacity/runs/T6159p26_rho26p6193/fac-opacity-cowan-state/starout.h5
6159.260657721878,38.254027466328665,fac-opacity-cowan-state,T6159p26_rho38p254,0.2892763944452554,0.029801287885723476,0.2938718162412892,0.004981985023531069,ok,/home/elads/STAR/full_grid_solar_opacity/runs/T6159p26_rho38p254/fac-opacity-cowan-state/starout.h5
6159.260657721878,54.97401800103719,fac-opacity-cowan-state,T6159p26_rho54p974,0.2889006367613796,0.04267290758720048,0.29510675422022076,0.006683665927751238,ok,/home/elads/STAR/full_grid_solar_opacity/runs/T6159p26_rho54p974/fac-opacity-cowan-state/starout.h5
6159.260657721878,79.0019471240894,fac-opacity-cowan-state,T6159p26_rho79p0019,0.28838385012143414,0.06103568658431781,0.29672319274699377,0.008916228178565619,ok,/home/elads/STAR/full_grid_solar_opacity/runs/T6159p26_rho79p0019/fac-opacity-cowan-state/starout.h5
6159.260657721878,113.53195339077567,fac-opacity-cowan-state,T6159p26_rho113p532,0.28767974973986815,0.0871672071519696,0.29882590425457667,0.01182470253036999,ok,/home/elads/STAR/full_grid_solar_opacity/runs/T6159p26_rho113p532/fac-opacity-cowan-state/starout.h5
6159.260657721878,163.15426277379785,fac-opacity-cowan-state,T6159p26_rho163p154,0.2867322533090994,0.124228837068999,0.30154511355751323,0.015585864724258897,ok,/home/elads/STAR/full_grid_solar_opacity/runs/T6159p26_rho163p154/fac-opacity-cowan-state/starout.h5
6159.260657721878,234.46538763970608,fac-opacity-cowan-state,T6159p26_rho234p465,0.2854773659141825,0.1765554723264474,0.30504311804068573,0.020413248441726792,ok,/home/elads/STAR/full_grid_solar_opacity/runs/T6159p26_rho234p465/fac-opacity-cowan-state/starout.h5
6159.260657721878,336.94503022121665,fac-opacity-cowan-state,T6159p26_rho336p945,0.28384957258771354,0.2499820824818145,0.3095224471931303,0.02656085381506895,ok,/home/elads/STAR/full_grid_solar_opacity/runs/T6159p26_rho336p945/fac-opacity-cowan-state/starout.h5
6159.260657721878,484.21626123015125,fac-opacity-cowan-state,T6159p26_rho484p216,0.2817959830993924,0.35216260140510686,0.31523856369257186,0.03432678427367307,ok,/home/elads/STAR/full_grid_solar_opacity/runs/T6159p26_rho484p216/fac-opacity-cowan-state/starout.h5
6159.260657721878,695.8564947100452,fac-opacity-cowan-state,T6159p26_rho695p856,0.2793007517238483,0.4927778200772995,0.3225171694299274,0.04405554982690506,ok,/home/elads/STAR/full_grid_solar_opacity/runs/T6159p26_rho695p856/fac-opacity-cowan-state/starout.h5
6159.260657721878,1000.0,fac-opacity-cowan-state,T6159p26_rho1000,0.27648445711994185,0.683318550036524,0.3318443001825496,0.056142601822394125,ok,/home/elads/STAR/full_grid_solar_opacity/runs/T6159p26_rho1000/fac-opacity-cowan-state/starout.h5
6780.613302638116,1e-17,fac-opacity-cowan-state,T6780p61_rho1em17,0.28939876883412774,5.705960277049687e-21,0.2893987688341277,1.765405267542085e-21,ok,/home/elads/STAR/full_grid_solar_opacity/runs/T6780p61_rho1em17/fac-opacity-cowan-state/starout.h5
6780.613302638116,1.4370779141993746e-17,fac-opacity-cowan-state,T6780p61_rho1p43708em17,0.28939876883412774,8.157728970315807e-21,0.2893987688341277,2.5239121917447505e-21,ok,/home/elads/STAR/full_grid_solar_opacity/runs/T6780p61_rho1p43708em17/fac-opacity-cowan-state/starout.h5
6780.613302638116,2.065192931479625e-17,fac-opacity-cowan-state,T6780p61_rho2p06519em17,0.289398768834128,1.1681180097051459e-20,0.289398768834128,3.6139672435768566e-21,ok,/home/elads/STAR/full_grid_solar_opacity/runs/T6780p61_rho2p06519em17/fac-opacity-cowan-state/starout.h5
6780.613302638116,2.9678431503900313e-17,fac-opacity-cowan-state,T6780p61_rho2p96784em17,0.2893987688341287,1.6748604522242313e-20,0.2893987688341287,5.1816488810077646e-21,ok,/home/elads/STAR/full_grid_solar_opacity/runs/T6780p61_rho2p96784em17/fac-opacity-cowan-state/starout.h5
6780.613302638116,4.2650218442334076e-17,fac-opacity-cowan-state,T6780p61_rho4p26502em17,0.2893987688341274,2.4036391558258156e-20,0.2893987688341274,7.436183496676985e-21,ok,/home/elads/STAR/full_grid_solar_opacity/runs/T6780p61_rho4p26502em17/fac-opacity-cowan-state/starout.h5
6780.613302638116,6.129168695925715e-17,fac-opacity-cowan-state,T6780p61_rho6p12917em17,0.2893987688341284,3.452591826305067e-20,0.2893987688341284,1.068127588972313e-20,ok,/home/elads/STAR/full_grid_solar_opacity/runs/T6780p61_rho6p12917em17/fac-opacity-cowan-state/starout.h5
6780.613302638116,8.808092965317026e-17,fac-opacity-cowan-state,T6780p61_rho8p80809em17,0.2893987688341321,4.961621707786547e-20,0.2893987688341321,1.5349759644272107e-20,ok,/home/elads/STAR/full_grid_solar_opacity/runs/T6780p61_rho8p80809em17/fac-opacity-cowan-state/starout.h5
6780.613302638116,1.2657915866672028e-16,fac-opacity-cowan-state,T6780p61_rho1p26579em16,0.289398768834128,7.130203391593444e-20,0.289398768834128,2.2058697736734952e-20,ok,/home/elads/STAR/full_grid_solar_opacity/runs/T6780p61_rho1p26579em16/fac-opacity-cowan-state/starout.h5
6780.613302638116,1.819041133178821e-16,fac-opacity-cowan-state,T6780p61_rho1p81904em16,0.2893987688341297,1.0246603625642894e-19,0.2893987688341297,3.169990166662534e-20,ok,/home/elads/STAR/full_grid_solar_opacity/runs/T6780p61_rho1p81904em16/fac-opacity-cowan-state/starout.h5
6780.613302638116,2.6141038375114865e-16,fac-opacity-cowan-state,T6780p61_rho2p6141em16,0.2893987688341279,1.4725080789606284e-19,0.2893987688341279,4.5554962369962594e-20,ok,/home/elads/STAR/full_grid_solar_opacity/runs/T6780p61_rho2p6141em16/fac-opacity-cowan-state/starout.h5
6780.613302638116,3.7566708903116036e-16,fac-opacity-cowan-state,T6780p61_rho3p75667em16,0.2893987688341253,2.1160950304086683e-19,0.2893987688341253,6.546560761332351e-20,ok,/home/elads/STAR/full_grid_solar_opacity/runs/T6780p61_rho3p75667em16/fac-opacity-cowan-state/starout.h5
6780.613302638116,5.398628767382507e-16,fac-opacity-cowan-state,T6780p61_rho5p39863em16,0.28939876883412924,3.0409713970529465e-19,0.28939876883412924,9.407850498035201e-20,ok,/home/elads/STAR/full_grid_solar_opacity/runs/T6780p61_rho5p39863em16/fac-opacity-cowan-state/starout.h5
6780.613302638116,7.758250168566793e-16,fac-opacity-cowan-state,T6780p61_rho7p75825em16,0.2893987688341289,4.370077838969477e-19,0.2893987688341289,1.3519707101866204e-19,ok,/home/elads/STAR/full_grid_solar_opacity/runs/T6780p61_rho7p75825em16/fac-opacity-cowan-state/starout.h5
6780.613302638116,1.1149209970080914e-15,fac-opacity-cowan-state,T6780p61_rho1p11492em15,0.2893987688341226,6.28008661288113e-19,0.2893987688341225,1.9428702122172406e-19,ok,/home/elads/STAR/full_grid_solar_opacity/runs/T6780p61_rho1p11492em15/fac-opacity-cowan-state/starout.h5
6780.613302638116,1.6022283408774753e-15,fac-opacity-cowan-state,T6780p61_rho1p60223em15,0.28939876883412813,9.024885505130961e-19,0.2893987688341282,2.7920289263022287e-19,ok,/home/elads/STAR/full_grid_solar_opacity/runs/T6780p61_rho1p60223em15/fac-opacity-cowan-state/starout.h5
6780.613302638116,2.3025269621793266e-15,fac-opacity-cowan-state,T6780p61_rho2p30253em15,0.2893987688326338,1.296932461145011e-18,0.2893987688326338,4.0123206774894664e-19,ok,/home/elads/STAR/full_grid_solar_opacity/runs/T6780p61_rho2p30253em15/fac-opacity-cowan-state/starout.h5
6780.613302638116,3.308910644196489e-15,fac-opacity-cowan-state,T6780p61_rho3p30891em15,0.2893987688341287,1.8637712003134517e-18,0.2893987688341287,5.765950971205617e-19,ok,/home/elads/STAR/full_grid_solar_opacity/runs/T6780p61_rho3p30891em15/fac-opacity-cowan-state/starout.h5
6780.613302638116,4.755162406834019e-15,fac-opacity-cowan-state,T6780p61_rho4p75516em15,0.2893987688341289,2.6783504424347585e-18,0.2893987688341289,8.286017063144042e-19,ok,/home/elads/STAR/full_grid_solar_opacity/runs/T6780p61_rho4p75516em15/fac-opacity-cowan-state/starout.h5
6780.613302638116,6.8335388732923106e-15,fac-opacity-cowan-state,T6780p61_rho6p83354em15,0.28939876883412846,3.848945757848033e-18,0.28939876883412846,1.1907492319976321e-18,ok,/home/elads/STAR/full_grid_solar_opacity/runs/T6780p61_rho6p83354em15/fac-opacity-cowan-state/starout.h5
6780.613302638116,9.820327790631256e-15,fac-opacity-cowan-state,T6780p61_rho9p82033em15,0.2893987688341286,5.5311536935140295e-18,0.2893987688341287,1.7111747580018402e-18,ok,/home/elads/STAR/full_grid_solar_opacity/runs/T6780p61_rho9p82033em15/fac-opacity-cowan-state/starout.h5
6780.613302638116,1.4112576178114521e-14,fac-opacity-cowan-state,T6780p61_rho1p41126em14,0.2893987688341276,7.948576137218509e-18,0.2893987688341276,2.459054197841999e-18,ok,/home/elads/STAR/full_grid_solar_opacity/runs/T6780p61_rho1p41126em14/fac-opacity-cowan-state/starout.h5
6780.613302638116,2.0280871538024598e-14,fac-opacity-cowan-state,T6780p61_rho2p02809em14,0.2893987688341287,1.1422539039186243e-17,0.2893987688341287,3.533796734287876e-18,ok,/home/elads/STAR/full_grid_solar_opacity/runs/T6780p61_rho2p02809em14/fac-opacity-cowan-state/starout.h5
6780.613302638116,2.914519256800997e-14,fac-opacity-cowan-state,T6780p61_rho2p91452em14,0.28939876883412907,1.6414805741140264e-17,0.28939876883412907,5.0782589509779795e-18,ok,/home/elads/STAR/full_grid_solar_opacity/runs/T6780p61_rho2p91452em14/fac-opacity-cowan-state/starout.h5
6780.613302638116,4.188391254457488e-14,fac-opacity-cowan-state,T6780p61_rho4p18839em14,0.2893987688341278,2.3588957330963614e-17,0.28939876883412785,7.297734307052508e-18,ok,/home/elads/STAR/full_grid_solar_opacity/runs/T6780p61_rho4p18839em14/fac-opacity-cowan-state/starout.h5
6780.613302638116,6.019044567806669e-14,fac-opacity-cowan-state,T6780p61_rho6p01904em14,0.28939876883412813,3.3898602127710326e-17,0.28939876883412813,1.048724299714845e-17,ok,/home/elads/STAR/full_grid_solar_opacity/runs/T6780p61_rho6p01904em14/fac-opacity-cowan-state/starout.h5
6780.613302638116,8.649836012976684e-14,fac-opacity-cowan-state,T6780p61_rho8p64984em14,0.28939876883412713,4.8714142591014655e-17,0.28939876883412713,1.507075063458296e-17,ok,/home/elads/STAR/full_grid_solar_opacity/runs/T6780p61_rho8p64984em14/fac-opacity-cowan-state/starout.h5
6780.613302638116,1.2430488295695167e-13,fac-opacity-cowan-state,T6780p61_rho1p24305em13,0.28939876883412247,7.000494989730653e-17,0.28939876883412247,2.1657528546510678e-17,ok,/home/elads/STAR/full_grid_solar_opacity/runs/T6780p61_rho1p24305em13/fac-opacity-cowan-state/starout.h5
6780.613302638116,1.7863580192457348e-13,fac-opacity-cowan-state,T6780p61_rho1p78636em13,0.28939876883412563,1.0060118079525215e-16,0.28939876883412563,3.112315369610594e-17,ok,/home/elads/STAR/full_grid_solar_opacity/runs/T6780p61_rho1p78636em13/fac-opacity-cowan-state/starout.h5
6780.613302638116,2.567135656310987e-13,fac-opacity-cowan-state,T6780p61_rho2p56714em13,0.2893987688341227,1.4457002864851866e-16,0.28939876883412274,4.472591167114165e-17,ok,/home/elads/STAR/full_grid_solar_opacity/runs/T6780p61_rho2p56714em13/fac-opacity-cowan-state/starout.h5
6780.613302638116,3.6891739544382357e-13,fac-opacity-cowan-state,T6780p61_rho3p68917em13,0.28939876883411303,2.0775645122151968e-16,0.28939876883411303,6.427409114218861e-17,ok,/home/elads/STAR/full_grid_solar_opacity/runs/T6780p61_rho3p68917em13/fac-opacity-cowan-state/starout.h5
6780.613302638116,5.301630411562758e-13,fac-opacity-cowan-state,T6780p61_rho5p30163em13,0.28939876883411947,2.985604338806293e-16,0.2893987688341195,9.236644203025778e-17,ok,/home/elads/STAR/full_grid_solar_opacity/runs/T6780p61_rho5p30163em13/fac-opacity-cowan-state/starout.h5
6780.613302638116,7.618855973704612e-13,fac-opacity-cowan-state,T6780p61_rho7p61886em13,0.2893987688341177,4.2905384606452015e-16,0.28939876883411786,1.3273771660522067e-16,ok,/home/elads/STAR/full_grid_solar_opacity/runs/T6780p61_rho7p61886em13/fac-opacity-cowan-state/starout.h5
6780.613302638116,1.0948889651276868e-12,fac-opacity-cowan-state,T6780p61_rho1p09489em12,0.2893987688341103,6.165860345155918e-16,0.2893987688341104,1.9075540932221015e-16,ok,/home/elads/STAR/full_grid_solar_opacity/runs/T6780p61_rho1p09489em12/fac-opacity-cowan-state/starout.h5
6780.613302638116,1.5734407502856082e-12,fac-opacity-cowan-state,T6780p61_rho1p57344em12,0.2893987688341034,8.860918307867397e-16,0.2893987688341037,2.7413379653839264e-16,ok,/home/elads/STAR/full_grid_solar_opacity/runs/T6780p61_rho1p57344em12/fac-opacity-cowan-state/starout.h5
6780.613302638116,2.26115695153675e-12,fac-opacity-cowan-state,T6780p61_rho2p26116em12,0.28939876883409316,1.273409498142124e-15,0.2893987688340935,3.9396043491110003e-16,ok,/home/elads/STAR/full_grid_solar_opacity/runs/T6780p61_rho2p26116em12/fac-opacity-cowan-state/starout.h5
6780.613302638116,3.249458715591849e-12,fac-opacity-cowan-state,T6780p61_rho3p24946em12,0.2893987688346281,1.8300515853644414e-15,0.2893987688346287,5.6617220155784e-16,ok,/home/elads/STAR/full_grid_solar_opacity/runs/T6780p61_rho3p24946em12/fac-opacity-cowan-state/starout.h5
6780.613302638116,4.669725353279713e-12,fac-opacity-cowan-state,T6780p61_rho4p66973em12,0.28939876883405247,2.6300660836549173e-15,0.28939876883405313,8.136778901431835e-16,ok,/home/elads/STAR/full_grid_solar_opacity/runs/T6780p61_rho4p66973em12/fac-opacity-cowan-state/starout.h5
6780.613302638116,6.710759170575148e-12,fac-opacity-cowan-state,T6780p61_rho6p71076em12,0.2893987688336326,3.779905988186669e-15,0.2893987688336336,1.1694116554219642e-15,ok,/home/elads/STAR/full_grid_solar_opacity/runs/T6780p61_rho6p71076em12/fac-opacity-cowan-state/starout.h5
6780.613302638116,9.64388379154446e-12,fac-opacity-cowan-state,T6780p61_rho9p64388em12,0.2893987688339721,5.432645626306829e-15,0.28939876883397353,1.6807310926498003e-15,ok,/home/elads/STAR/full_grid_solar_opacity/runs/T6780p61_rho9p64388em12/fac-opacity-cowan-state/starout.h5
6780.613302638116,1.3859012403933867e-11,fac-opacity-cowan-state,T6780p61_rho1p3859em11,0.28939876883389737,7.808498811732716e-15,0.2893987688338994,2.4157652342711626e-15,ok,/home/elads/STAR/full_grid_solar_opacity/runs/T6780p61_rho1p3859em11/fac-opacity-cowan-state/starout.h5
6780.613302638116,1.9916480638308542e-11,fac-opacity-cowan-state,T6780p61_rho1p99165em11,0.28939876883380306,1.1224356938704048e-14,0.28939876883380605,3.472552574181168e-15,ok,/home/elads/STAR/full_grid_solar_opacity/runs/T6780p61_rho1p99165em11/fac-opacity-cowan-state/starout.h5
6780.613302638116,2.8621534453892672e-11,fac-opacity-cowan-state,T6780p61_rho2p86215em11,0.289398768833657,1.6135361874332962e-14,0.2893987688336614,4.991900884744137e-15,ok,/home/elads/STAR/full_grid_solar_opacity/runs/T6780p61_rho2p86215em11/fac-opacity-cowan-state/starout.h5
6780.613302638116,4.1131375034185614e-11,fac-opacity-cowan-state,T6780p61_rho4p11314em11,0.28939876883345467,2.319278908722345e-14,0.2893987688334608,7.17528652889135e-15,ok,/home/elads/STAR/full_grid_solar_opacity/runs/T6780p61_rho4p11314em11/fac-opacity-cowan-state/starout.h5
6780.613302638116,5.910899064227969e-11,fac-opacity-cowan-state,T6780p61_rho5p9109em11,0.2893987688331721,3.3332617844668546e-14,0.2893987688331811,1.0312258073086746e-14,ok,/home/elads/STAR/full_grid_solar_opacity/runs/T6780p61_rho5p9109em11/fac-opacity-cowan-state/starout.h5
6780.613302638116,8.4944224982638e-11,fac-opacity-cowan-state,T6780p61_rho8p49442em11,0.28939876883273646,4.7906517448474174e-14,0.28939876883274934,1.4820976480691662e-14,ok,/home/elads/STAR/full_grid_solar_opacity/runs/T6780p61_rho8p49442em11/fac-opacity-cowan-state/starout.h5
6780.613302638116,1.2207146966133182e-10,fac-opacity-cowan-state,T6780p61_rho1p22071em10,0.28939876883213006,6.885106365101467e-14,0.2893987688321484,2.130055218174094e-14,ok,/home/elads/STAR/full_grid_solar_opacity/runs/T6780p61_rho1p22071em10/fac-opacity-cowan-state/starout.h5
6780.613302638116,1.7542621300415897e-10,fac-opacity-cowan-state,T6780p61_rho1p75426em10,0.2893987688312475,9.894067455978162e-14,0.28939876883127374,3.0609303479424057e-14,ok,/home/elads/STAR/full_grid_solar_opacity/runs/T6780p61_rho1p75426em10/fac-opacity-cowan-state/starout.h5
6780.613302638116,2.52101136279913e-10,fac-opacity-cowan-state,T6780p61_rho2p52101em10,0.28939876883003335,1.421645712060646e-13,0.2893987688300716,4.3981387287358193e-14,ok,/home/elads/STAR/full_grid_solar_opacity/runs/T6780p61_rho2p52101em10/fac-opacity-cowan-state/starout.h5
6780.613302638116,3.6228897509242966e-10,fac-opacity-cowan-state,T6780p61_rho3p62289em10,0.28939876882821564,2.042697984618124e-13,0.2893987688282702,6.31947316434493e-14,ok,/home/elads/STAR/full_grid_solar_opacity/runs/T6780p61_rho3p62289em10/fac-opacity-cowan-state/starout.h5
6780.613302638116,5.20637484663258e-10,fac-opacity-cowan-state,T6780p61_rho5p20637em10,0.2893987688256417,2.9354059896894105e-13,0.2893987688257202,9.081205608032337e-14,ok,/home/elads/STAR/full_grid_solar_opacity/runs/T6780p61_rho5p20637em10/fac-opacity-cowan-state/starout.h5
6780.613302638116,7.481966305138837e-10,fac-opacity-cowan-state,T6780p61_rho7p48197em10,0.28579865006292615,4.246577839130573e-13,0.2857986500630399,1.311004617665222e-13,ok,/home/elads/STAR/full_grid_solar_opacity/runs/T6780p61_rho7p48197em10/fac-opacity-cowan-state/starout.h5
6780.613302638116,1.0752168531898921e-09,fac-opacity-cowan-state,T6780p61_rho1p07522em09,0.28579865005772037,6.059388184876747e-13,0.28579865005788296,1.8752986394444e-13,ok,/home/elads/STAR/full_grid_solar_opacity/runs/T6780p61_rho1p07522em09/fac-opacity-cowan-state/starout.h5
6780.613302638116,1.5451703926941453e-09,fac-opacity-cowan-state,T6780p61_rho1p54517em09,0.2857986500502983,8.738104576592472e-13,0.2857986500505317,2.7016759740011704e-13,ok,/home/elads/STAR/full_grid_solar_opacity/runs/T6780p61_rho1p54517em09/fac-opacity-cowan-state/starout.h5
6780.613302638116,2.220530245015531e-09,fac-opacity-cowan-state,T6780p61_rho2p22053em09,0.28579865003976573,1.2522680052080171e-12,0.28579865004010063,3.875401678590261e-13,ok,/home/elads/STAR/full_grid_solar_opacity/runs/T6780p61_rho2p22053em09/fac-opacity-cowan-state/starout.h5
6780.613302638116,3.1910749729235452e-09,fac-opacity-cowan-state,T6780p61_rho3p19107em09,0.2857986500248441,1.801493201800098e-12,0.2857986500253255,5.571955436005079e-13,ok,/home/elads/STAR/full_grid_solar_opacity/runs/T6780p61_rho3p19107em09/fac-opacity-cowan-state/starout.h5
6780.613302638116,4.585823366142813e-09,fac-opacity-cowan-state,T6780p61_rho4p58582em09,0.28579865000380406,2.585937614648069e-12,0.28579865000449667,7.999618527686802e-13,ok,/home/elads/STAR/full_grid_solar_opacity/runs/T6780p61_rho4p58582em09/fac-opacity-cowan-state/starout.h5
6780.613302638116,6.590185477903269e-09,fac-opacity-cowan-state,T6780p61_rho6p59019em09,0.2857986499737243,3.716535435394599e-12,0.2857986499747177,1.1495850898711944e-12,ok,/home/elads/STAR/full_grid_solar_opacity/runs/T6780p61_rho6p59019em09/fac-opacity-cowan-state/starout.h5
6780.613302638116,9.470610000772238e-09,fac-opacity-cowan-state,T6780p61_rho9p47061em09,0.2857986499331868,5.341540299054044e-12,0.28579864993461684,1.6523974944111266e-12,ok,/home/elads/STAR/full_grid_solar_opacity/runs/T6780p61_rho9p47061em09/fac-opacity-cowan-state/starout.h5
6780.613302638116,1.3610004466105506e-08,fac-opacity-cowan-state,T6780p61_rho1p361em08,0.2857986498755483,7.682252722266285e-12,0.28579864987760345,2.37613374235482e-12,ok,/home/elads/STAR/full_grid_solar_opacity/runs/T6780p61_rho1p361em08/fac-opacity-cowan-state/starout.h5
6780.613302638116,1.9558636830395073e-08,fac-opacity-cowan-state,T6780p61_rho1p95586em08,0.28579864980119873,1.1042641156758118e-11,0.28579864980415337,3.415797487228875e-12,ok,/home/elads/STAR/full_grid_solar_opacity/runs/T6780p61_rho1p95586em08/fac-opacity-cowan-state/starout.h5
6780.613302638116,2.810728502080722e-08,fac-opacity-cowan-state,T6780p61_rho2p81073em08,0.2857986497025208,1.5860898783216004e-11,0.28579864970676444,4.905609117238786e-12,ok,/home/elads/STAR/full_grid_solar_opacity/runs/T6780p61_rho2p81073em08/fac-opacity-cowan-state/starout.h5
6780.613302638116,4.039235853150913e-08,fac-opacity-cowan-state,T6780p61_rho4p03924em08,0.28579864957438267,2.277217834210302e-11,0.2857986495804748,7.0431163411599175e-12,ok,/home/elads/STAR/full_grid_solar_opacity/runs/T6780p61_rho4p03924em08/fac-opacity-cowan-state/starout.h5
6780.613302638116,5.804696634805446e-08,fac-opacity-cowan-state,T6780p61_rho5p8047em08,0.28579864941226635,3.27148394535087e-11,0.28579864942101685,1.0117526707556235e-11,ok,/home/elads/STAR/full_grid_solar_opacity/runs/T6780p61_rho5p8047em08/fac-opacity-cowan-state/starout.h5
6780.613302638116,8.341801332506338e-08,fac-opacity-cowan-state,T6780p61_rho8p3418em08,0.28579864920751913,4.700789886642002e-11,0.2857986492200934,1.4537541081799726e-11,ok,/home/elads/STAR/full_grid_solar_opacity/runs/T6780p61_rho8p3418em08/fac-opacity-cowan-state/starout.h5
6780.613302638116,1.1987818459583772e-07,fac-opacity-cowan-state,T6780p61_rho1p19878em07,0.28579864895463014,6.754405466816666e-11,0.2857986489726955,2.0887090385846735e-11,ok,/home/elads/STAR/full_grid_solar_opacity/runs/T6780p61_rho1p19878em07/fac-opacity-cowan-state/starout.h5
6780.613302638116,1.7227429147699408e-07,fac-opacity-cowan-state,T6780p61_rho1p72274em07,0.285798648644375,9.704283220559304e-11,0.28579864867033056,3.000870164578044e-11,ok,/home/elads/STAR/full_grid_solar_opacity/runs/T6780p61_rho1p72274em07/fac-opacity-cowan-state/starout.h5
6780.613302638116,2.4757157946593376e-07,fac-opacity-cowan-state,T6780p61_rho2p47572em07,0.28579864826695,1.3944869189959045e-10,0.28579864830424656,4.312060725258843e-11,ok,/home/elads/STAR/full_grid_solar_opacity/runs/T6780p61_rho2p47572em07/fac-opacity-cowan-state/starout.h5
6780.613302638116,3.557796490339488e-07,fac-opacity-cowan-state,T6780p61_rho3p5578em07,0.2857986478144801,2.0041283619763552e-10,0.28579864786807924,6.196858889306659e-11,ok,/home/elads/STAR/full_grid_solar_opacity/runs/T6780p61_rho3p5578em07/fac-opacity-cowan-state/starout.h5
6780.613302638116,5.112830759482948e-07,fac-opacity-cowan-state,T6780p61_rho5p11283em07,0.2857986472606612,2.878871859227931e-10,0.28579864733765004,8.900905200821245e-11,ok,/home/elads/STAR/full_grid_solar_opacity/runs/T6780p61_rho5p11283em07/fac-opacity-cowan-state/starout.h5
6780.613302638116,7.347536163492159e-07,fac-opacity-cowan-state,T6780p61_rho7p34754em07,0.2857986465962705,4.1319588838958706e-10,0.28579864670675675,1.2773392165114062e-10,ok,/home/elads/STAR/full_grid_solar_opacity/runs/T6780p61_rho7p34754em07/fac-opacity-cowan-state/starout.h5
6780.613302638116,1.0558981944335787e-06,fac-opacity-cowan-state,T6780p61_rho1p0559em06,0.2857986457978105,5.930950997548736e-10,0.28579864595637594,1.833205195296522e-10,ok,/home/elads/STAR/full_grid_solar_opacity/runs/T6780p61_rho1p0559em06/fac-opacity-cowan-state/starout.h5
6780.613302638116,1.517407974863493e-06,fac-opacity-cowan-state,T6780p61_rho1p51741em06,0.28579864484065426,8.526247629067206e-10,0.2857986450685713,2.634967697323277e-10,ok,/home/elads/STAR/full_grid_solar_opacity/runs/T6780p61_rho1p51741em06/fac-opacity-cowan-state/starout.h5
6780.613302638116,2.1806334875063253e-06,fac-opacity-cowan-state,T6780p61_rho2p18063em06,0.2857986436980672,1.2270145699214933e-09,0.2857986440260144,3.791384528483093e-10,ok,/home/elads/STAR/full_grid_solar_opacity/runs/T6780p61_rho2p18063em06/fac-opacity-cowan-state/starout.h5
6780.613302638116,3.1337402238588983e-06,fac-opacity-cowan-state,T6780p61_rho3p13374em06,0.2857986423359637,1.7826468616058505e-09,0.2857986428142757,5.527038797146119e-10,ok,/home/elads/STAR/full_grid_solar_opacity/runs/T6780p61_rho3p13374em06/fac-opacity-cowan-state/starout.h5
6780.613302638116,4.503428864545845e-06,fac-opacity-cowan-state,T6780p61_rho4p50343em06,0.2857986406956336,2.5837945543172025e-09,0.28579864139005473,8.022598082849223e-10,ok,/home/elads/STAR/full_grid_solar_opacity/runs/T6780p61_rho4p50343em06/fac-opacity-cowan-state/starout.h5
6780.613302638116,6.471778159406801e-06,fac-opacity-cowan-state,T6780p61_rho6p47178em06,0.2857986387299466,3.7501952207713885e-09,0.28579863973970715,1.1662791142625612e-09,ok,/home/elads/STAR/full_grid_solar_opacity/runs/T6780p61_rho6p47178em06/fac-opacity-cowan-state/starout.h5
6780.613302638116,9.300449458481393e-06,fac-opacity-cowan-state,T6780p61_rho9p30045em06,0.28579863636458164,5.395910080593412e-09,0.2857986378171447,1.6776859091244068e-09,ok,/home/elads/STAR/full_grid_solar_opacity/runs/T6780p61_rho9p30045em06/fac-opacity-cowan-state/starout.h5
6780.613302638116,1.3365470508911143e-05,fac-opacity-cowan-state,T6780p61_rho1p33655em05,0.2857986336867816,7.72471827018372e-09,0.28579863576554143,2.4008847580115382e-09,ok,/home/elads/STAR/full_grid_solar_opacity/runs/T6780p61_rho1p33655em05/fac-opacity-cowan-state/starout.h5
6780.613302638116,1.920722248123928e-05,fac-opacity-cowan-state,T6780p61_rho1p92072em05,0.2857986302656148,1.1087144214337454e-08,0.2857986332481197,3.444591319624136e-09,ok,/home/elads/STAR/full_grid_solar_opacity/runs/T6780p61_rho1p92072em05/fac-opacity-cowan-state/starout.h5
6780.613302638116,2.760227522090268e-05,fac-opacity-cowan-state,T6780p61_rho2p76023em05,0.2857986264752088,1.5961281616150467e-08,0.285798630767122,4.95672290587197e-09,ok,/home/elads/STAR/full_grid_solar_opacity/runs/T6780p61_rho2p76023em05/fac-opacity-cowan-state/starout.h5
6780.613302638116,3.966662010161191e-05,fac-opacity-cowan-state,T6780p61_rho3p96666em05,0.2857986214992869,2.293168954509531e-08,0.2857986276620589,7.117177543749929e-09,ok,/home/elads/STAR/full_grid_solar_opacity/runs/T6780p61_rho3p96666em05/fac-opacity-cowan-state/starout.h5
6780.613302638116,5.7004023678963655e-05,fac-opacity-cowan-state,T6780p61_rho5p7004em05,0.2857986156951177,3.289834191174135e-08,0.28579862453025284,1.020309797204377e-08,ok,/home/elads/STAR/full_grid_solar_opacity/runs/T6780p61_rho5p7004em05/fac-opacity-cowan-state/starout.h5
6780.613302638116,8.191922344953684e-05,fac-opacity-cowan-state,T6780p61_rho8p19192em05,0.2857986159189303,4.7481957746681563e-08,0.28579862870400885,1.4757897713712363e-08,ok,/home/elads/STAR/full_grid_solar_opacity/runs/T6780p61_rho8p19192em05/fac-opacity-cowan-state/starout.h5
6780.613302638116,0.00011772430676769293,fac-opacity-cowan-state,T6780p61_rho0p000117724,0.28579863097784525,7.078990418612993e-08,0.28579865062941834,2.2598445667707272e-08,ok,/home/elads/STAR/full_grid_solar_opacity/runs/T6780p61_rho0p000117724/fac-opacity-cowan-state/starout.h5
6780.613302638116,0.00016917900122028344,fac-opacity-cowan-state,T6780p61_rho0p000169179,0.2857986250049552,1.0167625292447447e-07,0.2857986532033282,3.242523980819356e-08,ok,/home/elads/STAR/full_grid_solar_opacity/runs/T6780p61_rho0p000169179/fac-opacity-cowan-state/starout.h5
6780.613302638116,0.0002431234061999784,fac-opacity-cowan-state,T6780p61_rho0p000243123,0.28579861740985185,1.4597173895681337e-07,0.285798657849421,4.6498305332039237e-08,ok,/home/elads/STAR/full_grid_solar_opacity/runs/T6780p61_rho0p000243123/fac-opacity-cowan-state/starout.h5
6780.613302638116,0.0003493872774749123,fac-opacity-cowan-state,T6780p61_rho0p000349387,0.28579860660494316,2.0957533247786296e-07,0.2857986645998275,6.667766631418394e-08,ok,/home/elads/STAR/full_grid_solar_opacity/runs/T6780p61_rho0p000349387/fac-opacity-cowan-state/starout.h5
6780.613302638116,0.0005020967399614471,fac-opacity-cowan-state,T6780p61_rho0p000502097,0.28579858475345926,3.008517236966213e-07,0.28579866789260816,9.557713042263948e-08,ok,/home/elads/STAR/full_grid_solar_opacity/runs/T6780p61_rho0p000502097/fac-opacity-cowan-state/starout.h5
6780.613302638116,0.0007215521357901021,fac-opacity-cowan-state,T6780p61_rho0p000721552,0.2857985755059393,4.3175362627758726e-07,0.28579869460847435,1.3690878336475097e-07,ok,/home/elads/STAR/full_grid_solar_opacity/runs/T6780p61_rho0p000721552/fac-opacity-cowan-state/starout.h5
6780.613302638116,0.0010369266382873438,fac-opacity-cowan-state,T6780p61_rho0p00103693,0.2857985532736407,6.195856502649386e-07,0.28579872387463723,1.9608208343822542e-07,ok,/home/elads/STAR/full_grid_solar_opacity/runs/T6780p61_rho0p00103693/fac-opacity-cowan-state/starout.h5
6780.613302638116,0.0014901443705277455,fac-opacity-cowan-state,T6780p61_rho0p00149014,0.28579852135316514,8.889371613372922e-07,0.28579876557338607,2.806603118601866e-07,ok,/home/elads/STAR/full_grid_solar_opacity/runs/T6780p61_rho0p00149014/fac-opacity-cowan-state/starout.h5
6780.613302638116,0.002141453563853953,fac-opacity-cowan-state,T6780p61_rho0p00214145,0.28579846866397196,1.275173839599462e-06,0.28579881808439134,4.0149965079378373e-07,ok,/home/elads/STAR/full_grid_solar_opacity/runs/T6780p61_rho0p00214145/fac-opacity-cowan-state/starout.h5
6780.613302638116,0.003077435620898055,fac-opacity-cowan-state,T6780p61_rho0p00307744,0.28579841798996203,1.8290357062716e-06,0.28579891774130833,5.741330534627461e-07,ok,/home/elads/STAR/full_grid_solar_opacity/runs/T6780p61_rho0p00307744/fac-opacity-cowan-state/starout.h5
6780.613302638116,0.004422514763163053,fac-opacity-cowan-state,T6780p61_rho0p00442251,0.2857983369655768,2.622763293191716e-06,0.28579905110244314,8.202789688203071e-07,ok,/home/elads/STAR/full_grid_solar_opacity/runs/T6780p61_rho0p00442251/fac-opacity-cowan-state/starout.h5
6780.613302638116,0.006355498291362301,fac-opacity-cowan-state,T6780p61_rho0p0063555,0.2857982330824948,3.7604847596507908e-06,0.2857992528903767,1.1711474675474037e-06,ok,/home/elads/STAR/full_grid_solar_opacity/runs/T6780p61_rho0p0063555/fac-opacity-cowan-state/starout.h5
6780.613302638116,0.009133346228248624,fac-opacity-cowan-state,T6780p61_rho0p00913335,0.28579809151296154,5.391950687374004e-06,0.28579954731881235,1.6714261562622973e-06,ok,/home/elads/STAR/full_grid_solar_opacity/runs/T6780p61_rho0p00913335/fac-opacity-cowan-state/starout.h5
6780.613302638116,0.01312533014735226,fac-opacity-cowan-state,T6780p61_rho0p0131253,0.28579792516441377,7.730509137748107e-06,0.28580000169237396,2.3834341283892587e-06,ok,/home/elads/STAR/full_grid_solar_opacity/runs/T6780p61_rho0p0131253/fac-opacity-cowan-state/starout.h5
6780.613302638116,0.018862122071335155,fac-opacity-cowan-state,T6780p61_rho0p0188621,0.28579772742263765,1.1081253905550989e-05,0.2858006863231473,3.395210091572963e-06,ok,/home/elads/STAR/full_grid_solar_opacity/runs/T6780p61_rho0p0188621/fac-opacity-cowan-state/starout.h5
6780.613302638116,0.02710633904364831,fac-opacity-cowan-state,T6780p61_rho0p0271063,0.2857974860861445,1.5884089310121418e-05,0.28580169821053836,4.831691563234391e-06,ok,/home/elads/STAR/full_grid_solar_opacity/runs/T6780p61_rho0p0271063/fac-opacity-cowan-state/starout.h5
6780.613302638116,0.038953921174427183,fac-opacity-cowan-state,T6780p61_rho0p0389539,0.28579718548967387,2.2764928848322605e-05,0.28580317442727626,6.867433646119093e-06,ok,/home/elads/STAR/full_grid_solar_opacity/runs/T6780p61_rho0p0389539/fac-opacity-cowan-state/starout.h5
6780.613302638116,0.0559798197912329,fac-opacity-cowan-state,T6780p61_rho0p0559798,0.2857967603997016,3.261674680894958e-05,0.28580526174807613,9.744725731337991e-06,ok,/home/elads/STAR/full_grid_solar_opacity/runs/T6780p61_rho0p0559798/fac-opacity-cowan-state/starout.h5
6780.613302638116,0.08044736266284185,fac-opacity-cowan-state,T6780p61_rho0p0804474,0.28579625320084834,4.671631277329411e-05,0.2858082992717222,1.3802226692056434e-05,ok,/home/elads/STAR/full_grid_solar_opacity/runs/T6780p61_rho0p0804474/fac-opacity-cowan-state/starout.h5
6780.613302638116,0.11560912813835741,fac-opacity-cowan-state,T6780p61_rho0p115609,0.2857955603013748,6.688613501493583e-05,0.2858125937556708,1.950804091746435e-05,ok,/home/elads/STAR/full_grid_solar_opacity/runs/T6780p61_rho0p115609/fac-opacity-cowan-state/starout.h5
6780.613302638116,0.1661393247274789,fac-opacity-cowan-state,T6780p61_rho0p166139,0.28579463095512486,9.573481506286979e-05,0.2858186657933421,2.751286382132539e-05,ok,/home/elads/STAR/full_grid_solar_opacity/runs/T6780p61_rho0p166139/fac-opacity-cowan-state/starout.h5
6780.613302638116,0.23875515424585794,fac-opacity-cowan-state,T6780p61_rho0p238755,0.2857933426310957,0.0001369788729986011,0.2858271827803186,3.871420803482035e-05,ok,/home/elads/STAR/full_grid_solar_opacity/runs/T6780p61_rho0p238755/fac-opacity-cowan-state/starout.h5
6780.613302638116,0.34310975906798746,fac-opacity-cowan-state,T6780p61_rho0p34311,0.2857909484887521,0.00019606057498601476,0.2858385298159787,5.4395599895989516e-05,ok,/home/elads/STAR/full_grid_solar_opacity/runs/T6780p61_rho0p34311/fac-opacity-cowan-state/starout.h5
6780.613302638116,0.49307545690287347,fac-opacity-cowan-state,T6780p61_rho0p493075,0.28578797046971083,0.00028068111606237316,0.2858547719593183,7.630046335274636e-05,ok,/home/elads/STAR/full_grid_solar_opacity/runs/T6780p61_rho0p493075/fac-opacity-cowan-state/starout.h5
6780.613302638116,0.7085878491488851,fac-opacity-cowan-state,T6780p61_rho0p708588,0.28578366431988667,0.0004019784903993795,0.285877333141949,0.00010686960979818758,ok,/home/elads/STAR/full_grid_solar_opacity/runs/T6780p61_rho0p708588/fac-opacity-cowan-state/starout.h5
6780.613302638116,1.0182959482819007,fac-opacity-cowan-state,T6780p61_rho1p0183,0.28577750487428033,0.0005759683810796187,0.285908693991318,0.000149472778249986,ok,/home/elads/STAR/full_grid_solar_opacity/runs/T6780p61_rho1p0183/fac-opacity-cowan-state/starout.h5
6780.613302638116,1.4633706173946401,fac-opacity-cowan-state,T6780p61_rho1p46337,0.2857686804999296,0.000825663807817226,0.2859521932523296,0.00020874033661555562,ok,/home/elads/STAR/full_grid_solar_opacity/runs/T6780p61_rho1p46337/fac-opacity-cowan-state/starout.h5
6780.613302638116,2.1029775945461404,fac-opacity-cowan-state,T6780p61_rho2p10298,0.2857560357349723,0.0011841638986623425,0.2860123844748065,0.0002910081590815786,ok,/home/elads/STAR/full_grid_solar_opacity/runs/T6780p61_rho2p10298/fac-opacity-cowan-state/starout.h5
6780.613302638116,3.0221426551783854,fac-opacity-cowan-state,T6780p61_rho3p02214,0.28573792616760646,0.0016988838515210034,0.2860953770327464,0.0004048279993739293,ok,/home/elads/STAR/full_grid_solar_opacity/runs/T6780p61_rho3p02214/fac-opacity-cowan-state/starout.h5
6780.613302638116,4.343054463316713,fac-opacity-cowan-state,T6780p61_rho4p34305,0.28571217016473277,0.002437939688717575,0.286209534265183,0.0005617505132191195,ok,/home/elads/STAR/full_grid_solar_opacity/runs/T6780p61_rho4p34305/fac-opacity-cowan-state/starout.h5
6780.613302638116,6.241307649397467,fac-opacity-cowan-state,T6780p61_rho6p24131,0.2856753982175512,0.0034990083848373404,0.2863657159091504,0.0007772378527633148,ok,/home/elads/STAR/full_grid_solar_opacity/runs/T6780p61_rho6p24131/fac-opacity-cowan-state/starout.h5
6780.613302638116,8.969245378672715,fac-opacity-cowan-state,T6780p61_rho8p96925,0.2856232000947724,0.005021932235567269,0.286578534166557,0.0010717700670544565,ok,/home/elads/STAR/full_grid_solar_opacity/runs/T6780p61_rho8p96925/fac-opacity-cowan-state/starout.h5
6780.613302638116,12.889504440725364,fac-opacity-cowan-state,T6780p61_rho12p8895,0.28554927128746727,0.00720704949643306,0.2868670748775898,0.0014724052850265939,ok,/home/elads/STAR/full_grid_solar_opacity/runs/T6780p61_rho12p8895/fac-opacity-cowan-state/starout.h5
6780.613302638116,18.52322215674118,fac-opacity-cowan-state,T6780p61_rho18p5232,0.28544485677665316,0.010340729745448567,0.2872561532733634,0.0020145023192406626,ok,/home/elads/STAR/full_grid_solar_opacity/runs/T6780p61_rho18p5232/fac-opacity-cowan-state/starout.h5
6780.613302638116,26.61931346126126,fac-opacity-cowan-state,T6780p61_rho26p6193,0.28529807188458334,0.014831716138135914,0.2877779654378617,0.0027438888177495104,ok,/home/elads/STAR/full_grid_solar_opacity/runs/T6780p61_rho26p6193/fac-opacity-cowan-state/starout.h5
6780.613302638116,38.254027466328665,fac-opacity-cowan-state,T6780p61_rho38p254,0.28509236637957175,0.02126203298673614,0.28847332874786774,0.0037193500138719277,ok,/home/elads/STAR/full_grid_solar_opacity/runs/T6780p61_rho38p254/fac-opacity-cowan-state/starout.h5
6780.613302638116,54.97401800103719,fac-opacity-cowan-state,T6780p61_rho54p974,0.2848056605418727,0.03045843451337788,0.28939433534927983,0.005015734512015295,ok,/home/elads/STAR/full_grid_solar_opacity/runs/T6780p61_rho54p974/fac-opacity-cowan-state/starout.h5
6780.613302638116,79.0019471240894,fac-opacity-cowan-state,T6780p61_rho79p0019,0.28440897851593616,0.04359117979601763,0.29060687370764793,0.0067272386315507665,ok,/home/elads/STAR/full_grid_solar_opacity/runs/T6780p61_rho79p0019/fac-opacity-cowan-state/starout.h5
6780.613302638116,113.53195339077567,fac-opacity-cowan-state,T6780p61_rho113p532,0.28386456435830587,0.062303229270136436,0.29219322283028226,0.00897116996347088,ok,/home/elads/STAR/full_grid_solar_opacity/runs/T6780p61_rho113p532/fac-opacity-cowan-state/starout.h5
6780.613302638116,163.15426277379785,fac-opacity-cowan-state,T6780p61_rho163p154,0.2831252581713305,0.08888621529612155,0.2942559686968063,0.011891761011654968,ok,/home/elads/STAR/full_grid_solar_opacity/runs/T6780p61_rho163p154/fac-opacity-cowan-state/starout.h5
6780.613302638116,234.46538763970608,fac-opacity-cowan-state,T6780p61_rho234p465,0.28213494375289255,0.12650189627409422,0.2969231450812697,0.015664536784995763,ok,/home/elads/STAR/full_grid_solar_opacity/runs/T6780p61_rho234p465/fac-opacity-cowan-state/starout.h5
6780.613302638116,336.94503022121665,fac-opacity-cowan-state,T6780p61_rho336p945,0.2808318051924444,0.17944341070231068,0.30035444712254683,0.020499883237469773,ok,/home/elads/STAR/full_grid_solar_opacity/runs/T6780p61_rho336p945/fac-opacity-cowan-state/starout.h5
6780.613302638116,484.21626123015125,fac-opacity-cowan-state,T6780p61_rho484p216,0.2791569358344827,0.2534119297156643,0.30475026301431135,0.026646168632871465,ok,/home/elads/STAR/full_grid_solar_opacity/runs/T6780p61_rho484p216/fac-opacity-cowan-state/starout.h5
6780.613302638116,695.8564947100452,fac-opacity-cowan-state,T6780p61_rho695p856,0.2770722410090948,0.35574753475039567,0.3103659757490276,0.03439212426249509,ok,/home/elads/STAR/full_grid_solar_opacity/runs/T6780p61_rho695p856/fac-opacity-cowan-state/starout.h5
6780.613302638116,1000.0,fac-opacity-cowan-state,T6780p61_rho1000,0.2746323301415606,0.4954464916961472,0.31757589780257023,0.04406940386231621,ok,/home/elads/STAR/full_grid_solar_opacity/runs/T6780p61_rho1000/fac-opacity-cowan-state/starout.h5
7464.648651014951,1e-17,fac-opacity-cowan-state,T7464p65_rho1em17,0.2849729425510879,4.057626877596552e-21,0.2849729425510878,1.2376989764532197e-21,ok,/home/elads/STAR/full_grid_solar_opacity/runs/T7464p65_rho1em17/fac-opacity-cowan-state/starout.h5
7464.648651014951,1.4370779141993746e-17,fac-opacity-cowan-state,T7464p65_rho1p43708em17,0.2849729425510879,5.804548790899185e-21,0.2849729425510879,1.7705439852422217e-21,ok,/home/elads/STAR/full_grid_solar_opacity/runs/T7464p65_rho1p43708em17/fac-opacity-cowan-state/starout.h5
7464.648651014951,2.065192931479625e-17,fac-opacity-cowan-state,T7464p65_rho2p06519em17,0.2849729425510879,8.315053146628031e-21,0.2849729425510879,2.5362965973561756e-21,ok,/home/elads/STAR/full_grid_solar_opacity/runs/T7464p65_rho2p06519em17/fac-opacity-cowan-state/starout.h5
7464.648651014951,2.9678431503900313e-17,fac-opacity-cowan-state,T7464p65_rho2p96784em17,0.28497294255108846,1.1925324280163202e-20,0.2849729425510885,3.6374766827291204e-21,ok,/home/elads/STAR/full_grid_solar_opacity/runs/T7464p65_rho2p96784em17/fac-opacity-cowan-state/starout.h5
7464.648651014951,4.2650218442334076e-17,fac-opacity-cowan-state,T7464p65_rho4p26502em17,0.28497294255108807,1.711702222858798e-20,0.28497294255108807,5.2209807542067005e-21,ok,/home/elads/STAR/full_grid_solar_opacity/runs/T7464p65_rho4p26502em17/fac-opacity-cowan-state/starout.h5
7464.648651014951,6.129168695925715e-17,fac-opacity-cowan-state,T7464p65_rho6p12917em17,0.28497294255108746,2.458825002674096e-20,0.28497294255108746,7.499794916050245e-21,ok,/home/elads/STAR/full_grid_solar_opacity/runs/T7464p65_rho6p12917em17/fac-opacity-cowan-state/starout.h5
7464.648651014951,8.808092965317026e-17,fac-opacity-cowan-state,T7464p65_rho8p80809em17,0.28497294255108646,3.5335104967514816e-20,0.28497294255108646,1.077775193418803e-20,ok,/home/elads/STAR/full_grid_solar_opacity/runs/T7464p65_rho8p80809em17/fac-opacity-cowan-state/starout.h5
7464.648651014951,1.2657915866672028e-16,fac-opacity-cowan-state,T7464p65_rho1p26579em16,0.2849729425510875,5.077910434001468e-20,0.2849729425510875,1.54884106320743e-20,ok,/home/elads/STAR/full_grid_solar_opacity/runs/T7464p65_rho1p26579em16/fac-opacity-cowan-state/starout.h5
7464.648651014951,1.819041133178821e-16,fac-opacity-cowan-state,T7464p65_rho1p81904em16,0.2849729425510889,7.297321481919001e-20,0.2849729425510889,2.2257958131019348e-20,ok,/home/elads/STAR/full_grid_solar_opacity/runs/T7464p65_rho1p81904em16/fac-opacity-cowan-state/starout.h5
7464.648651014951,2.6141038375114865e-16,fac-opacity-cowan-state,T7464p65_rho2p6141em16,0.28497294255108674,1.0486769036007169e-19,0.2849729425510866,3.19862677673718e-20,ok,/home/elads/STAR/full_grid_solar_opacity/runs/T7464p65_rho2p6141em16/fac-opacity-cowan-state/starout.h5
7464.648651014951,3.7566708903116036e-16,fac-opacity-cowan-state,T7464p65_rho3p75667em16,0.28497294255108835,1.507022398895085e-19,0.28497294255108835,4.596651725885633e-20,ok,/home/elads/STAR/full_grid_solar_opacity/runs/T7464p65_rho3p75667em16/fac-opacity-cowan-state/starout.h5
7464.648651014951,5.398628767382507e-16,fac-opacity-cowan-state,T7464p65_rho5p39863em16,0.284972942551093,2.1656957407685695e-19,0.284972942551093,6.605707918044413e-20,ok,/home/elads/STAR/full_grid_solar_opacity/runs/T7464p65_rho5p39863em16/fac-opacity-cowan-state/starout.h5
7464.648651014951,7.758250168566793e-16,fac-opacity-cowan-state,T7464p65_rho7p75825em16,0.2849729425506374,3.1122530884701317e-19,0.2849729425506374,9.492855395864144e-20,ok,/home/elads/STAR/full_grid_solar_opacity/runs/T7464p65_rho7p75825em16/fac-opacity-cowan-state/starout.h5
7464.648651014951,1.1149209970080914e-15,fac-opacity-cowan-state,T7464p65_rho1p11492em15,0.2849729425510879,4.472517616675735e-19,0.2849729425510879,1.3641874769089435e-19,ok,/home/elads/STAR/full_grid_solar_opacity/runs/T7464p65_rho1p11492em15/fac-opacity-cowan-state/starout.h5
7464.648651014951,1.6022283408774753e-15,fac-opacity-cowan-state,T7464p65_rho1p60223em15,0.2849729425510879,6.427304537437822e-19,0.2849729425510879,1.9604281244552014e-19,ok,/home/elads/STAR/full_grid_solar_opacity/runs/T7464p65_rho1p60223em15/fac-opacity-cowan-state/starout.h5
7464.648651014951,2.3025269621793266e-15,fac-opacity-cowan-state,T7464p65_rho2p30253em15,0.2849729425511225,9.236455713041575e-19,0.2849729425511225,2.8172634007129133e-19,ok,/home/elads/STAR/full_grid_solar_opacity/runs/T7464p65_rho2p30253em15/fac-opacity-cowan-state/starout.h5
7464.648651014951,3.308910644196489e-15,fac-opacity-cowan-state,T7464p65_rho3p30891em15,0.28497294255108757,1.3273378124990519e-18,0.28497294255108757,4.0485884399895974e-19,ok,/home/elads/STAR/full_grid_solar_opacity/runs/T7464p65_rho3p30891em15/fac-opacity-cowan-state/starout.h5
7464.648651014951,4.755162406834019e-15,fac-opacity-cowan-state,T7464p65_rho4p75516em15,0.2849729425510877,1.907467761669235e-18,0.2849729425510877,5.818076585559669e-19,ok,/home/elads/STAR/full_grid_solar_opacity/runs/T7464p65_rho4p75516em15/fac-opacity-cowan-state/starout.h5
7464.648651014951,6.8335388732923106e-15,fac-opacity-cowan-state,T7464p65_rho6p83354em15,0.28497294255110434,2.7411486619505567e-18,0.28497294255110434,8.360935973809935e-19,ok,/home/elads/STAR/full_grid_solar_opacity/runs/T7464p65_rho6p83354em15/fac-opacity-cowan-state/starout.h5
7464.648651014951,9.820327790631256e-15,fac-opacity-cowan-state,T7464p65_rho9p82033em15,0.28497294255108674,3.939195814757877e-18,0.2849729425510866,1.2015171623574165e-18,ok,/home/elads/STAR/full_grid_solar_opacity/runs/T7464p65_rho9p82033em15/fac-opacity-cowan-state/starout.h5
7464.648651014951,1.4112576178114521e-14,fac-opacity-cowan-state,T7464p65_rho1p41126em14,0.2849729425510876,5.660857997080415e-18,0.2849729425510876,1.7266518242087047e-18,ok,/home/elads/STAR/full_grid_solar_opacity/runs/T7464p65_rho1p41126em14/fac-opacity-cowan-state/starout.h5
7464.648651014951,2.0280871538024598e-14,fac-opacity-cowan-state,T7464p65_rho2p02809em14,0.28497294255108685,8.13498352657597e-18,0.28497294255108685,2.4813002294375385e-18,ok,/home/elads/STAR/full_grid_solar_opacity/runs/T7464p65_rho2p02809em14/fac-opacity-cowan-state/starout.h5
7464.648651014951,2.914519256800997e-14,fac-opacity-cowan-state,T7464p65_rho2p91452em14,0.2849729425510872,1.169044102272863e-17,0.28497294255108707,3.5657729136882485e-18,ok,/home/elads/STAR/full_grid_solar_opacity/runs/T7464p65_rho2p91452em14/fac-opacity-cowan-state/starout.h5
7464.648651014951,4.188391254457488e-14,fac-opacity-cowan-state,T7464p65_rho4p18839em14,0.28497294255109007,1.679983462061544e-17,0.28497294255109007,5.124222300957421e-18,ok,/home/elads/STAR/full_grid_solar_opacity/runs/T7464p65_rho4p18839em14/fac-opacity-cowan-state/starout.h5
7464.648651014951,6.019044567806669e-14,fac-opacity-cowan-state,T7464p65_rho6p01904em14,0.2849729425510853,2.4142327820003194e-17,0.2849729425510853,7.363805206907267e-18,ok,/home/elads/STAR/full_grid_solar_opacity/runs/T7464p65_rho6p01904em14/fac-opacity-cowan-state/starout.h5
7464.648651014951,8.649836012976684e-14,fac-opacity-cowan-state,T7464p65_rho8p64984em14,0.28497294255108635,3.469392785634267e-17,0.28497294255108635,1.0582221487253912e-17,ok,/home/elads/STAR/full_grid_solar_opacity/runs/T7464p65_rho8p64984em14/fac-opacity-cowan-state/starout.h5
7464.648651014951,1.2430488295695167e-13,fac-opacity-cowan-state,T7464p65_rho1p24305em13,0.2849729425510861,4.98572324306056e-17,0.28497294255108613,1.520728919777408e-17,ok,/home/elads/STAR/full_grid_solar_opacity/runs/T7464p65_rho1p24305em13/fac-opacity-cowan-state/starout.h5
7464.648651014951,1.7863580192457348e-13,fac-opacity-cowan-state,T7464p65_rho1p78636em13,0.2849729425436552,7.164789596495809e-17,0.2849729425436552,2.1853820860208986e-17,ok,/home/elads/STAR/full_grid_solar_opacity/runs/T7464p65_rho1p78636em13/fac-opacity-cowan-state/starout.h5
7464.648651014951,2.567135656310987e-13,fac-opacity-cowan-state,T7464p65_rho2p56714em13,0.28497294255108374,1.0296260083060812e-16,0.28497294255108374,3.140535991901099e-17,ok,/home/elads/STAR/full_grid_solar_opacity/runs/T7464p65_rho2p56714em13/fac-opacity-cowan-state/starout.h5
7464.648651014951,3.6891739544382357e-13,fac-opacity-cowan-state,T7464p65_rho3p68917em13,0.28497294255108174,1.4796416559244912e-16,0.28497294255108174,4.5131650546458855e-17,ok,/home/elads/STAR/full_grid_solar_opacity/runs/T7464p65_rho3p68917em13/fac-opacity-cowan-state/starout.h5
7464.648651014951,5.301630411562758e-13,fac-opacity-cowan-state,T7464p65_rho5p30163em13,0.28497294255015715,2.1263508736471692e-16,0.2849729425501572,6.485747373409701e-17,ok,/home/elads/STAR/full_grid_solar_opacity/runs/T7464p65_rho5p30163em13/fac-opacity-cowan-state/starout.h5
7464.648651014951,7.618855973704612e-13,fac-opacity-cowan-state,T7464p65_rho7p61886em13,0.284972942551083,3.055729387861397e-16,0.284972942551083,9.320526776538569e-17,ok,/home/elads/STAR/full_grid_solar_opacity/runs/T7464p65_rho7p61886em13/fac-opacity-cowan-state/starout.h5
7464.648651014951,1.0948889651276868e-12,fac-opacity-cowan-state,T7464p65_rho1p09489em12,0.28497294255107264,4.39133754412365e-16,0.28497294255107275,1.339438880999482e-16,ok,/home/elads/STAR/full_grid_solar_opacity/runs/T7464p65_rho1p09489em12/fac-opacity-cowan-state/starout.h5
7464.648651014951,1.5734407502856082e-12,fac-opacity-cowan-state,T7464p65_rho1p57344em12,0.2849729425510664,6.310754886165457e-16,0.2849729425510666,1.9248989358080927e-16,ok,/home/elads/STAR/full_grid_solar_opacity/runs/T7464p65_rho1p57344em12/fac-opacity-cowan-state/starout.h5
7464.648651014951,2.26115695153675e-12,fac-opacity-cowan-state,T7464p65_rho2p26116em12,0.28497294255105593,9.069204326560912e-16,0.2849729425510562,2.7662813627046923e-16,ok,/home/elads/STAR/full_grid_solar_opacity/runs/T7464p65_rho2p26116em12/fac-opacity-cowan-state/starout.h5
7464.648651014951,3.249458715591849e-12,fac-opacity-cowan-state,T7464p65_rho3p24946em12,0.28497294255104233,1.3033518488507914e-15,0.2849729425510426,3.9754783045083965e-16,ok,/home/elads/STAR/full_grid_solar_opacity/runs/T7464p65_rho3p24946em12/fac-opacity-cowan-state/starout.h5
7464.648651014951,4.669725353279713e-12,fac-opacity-cowan-state,T7464p65_rho4p66973em12,0.2849729425516507,1.8730981192671363e-15,0.28497294255165123,5.713322652540734e-16,ok,/home/elads/STAR/full_grid_solar_opacity/runs/T7464p65_rho4p66973em12/fac-opacity-cowan-state/starout.h5
7464.648651014951,6.710759170575148e-12,fac-opacity-cowan-state,T7464p65_rho6p71076em12,0.2849729425509953,2.6919580012728208e-15,0.284972942550996,8.211016676867112e-16,ok,/home/elads/STAR/full_grid_solar_opacity/runs/T7464p65_rho6p71076em12/fac-opacity-cowan-state/starout.h5
7464.648651014951,9.64388379154446e-12,fac-opacity-cowan-state,T7464p65_rho9p64388em12,0.28497294255095407,3.868916571720202e-15,0.28497294255095507,1.180098681003557e-15,ok,/home/elads/STAR/full_grid_solar_opacity/runs/T7464p65_rho9p64388em12/fac-opacity-cowan-state/starout.h5
7464.648651014951,1.3859012403933867e-11,fac-opacity-cowan-state,T7464p65_rho1p3859em11,0.28497294255089406,5.560730244308679e-15,0.2849729425508955,1.6961371026673956e-15,ok,/home/elads/STAR/full_grid_solar_opacity/runs/T7464p65_rho1p3859em11/fac-opacity-cowan-state/starout.h5
7464.648651014951,1.9916480638308542e-11,fac-opacity-cowan-state,T7464p65_rho1p99165em11,0.2849729425508614,7.992891894477197e-15,0.28497294255086336,2.4379963393230868e-15,ok,/home/elads/STAR/full_grid_solar_opacity/runs/T7464p65_rho1p99165em11/fac-opacity-cowan-state/starout.h5
7464.648651014951,2.8621534453892672e-11,fac-opacity-cowan-state,T7464p65_rho2p86215em11,0.2849729425506888,1.1489270750747983e-14,0.2849729425506918,3.5044611266724265e-15,ok,/home/elads/STAR/full_grid_solar_opacity/runs/T7464p65_rho2p86215em11/fac-opacity-cowan-state/starout.h5
7464.648651014951,4.1131375034185614e-11,fac-opacity-cowan-state,T7464p65_rho4p11314em11,0.28497294255053257,1.6513804250474972e-14,0.28497294255053685,5.037035020026062e-15,ok,/home/elads/STAR/full_grid_solar_opacity/runs/T7464p65_rho4p11314em11/fac-opacity-cowan-state/starout.h5
7464.648651014951,5.910899064227969e-11,fac-opacity-cowan-state,T7464p65_rho5p9109em11,0.2849729425496008,2.3733139504441066e-14,0.2849729425496069,7.239047444588959e-15,ok,/home/elads/STAR/full_grid_solar_opacity/runs/T7464p65_rho5p9109em11/fac-opacity-cowan-state/starout.h5
7464.648651014951,8.4944224982638e-11,fac-opacity-cowan-state,T7464p65_rho8p49442em11,0.2849729425499027,3.4108887305678196e-14,0.2849729425499115,1.0403799404928146e-14,ok,/home/elads/STAR/full_grid_solar_opacity/runs/T7464p65_rho8p49442em11/fac-opacity-cowan-state/starout.h5
7464.648651014951,1.2207146966133182e-10,fac-opacity-cowan-state,T7464p65_rho1p22071em10,0.2849729425493848,4.902036378378179e-14,0.28497294254939765,1.4951998393110447e-14,ok,/home/elads/STAR/full_grid_solar_opacity/runs/T7464p65_rho1p22071em10/fac-opacity-cowan-state/starout.h5
7464.648651014951,1.7542621300415897e-10,fac-opacity-cowan-state,T7464p65_rho1p75426em10,0.2849729425486412,7.044431206718437e-14,0.2849729425486597,2.1486578608482532e-14,ok,/home/elads/STAR/full_grid_solar_opacity/runs/T7464p65_rho1p75426em10/fac-opacity-cowan-state/starout.h5
7464.648651014951,2.52101136279913e-10,fac-opacity-cowan-state,T7464p65_rho2p52101em10,0.2849729425475794,1.0122224799484798e-13,0.28497294254760586,3.087425038482941e-14,ok,/home/elads/STAR/full_grid_solar_opacity/runs/T7464p65_rho2p52101em10/fac-opacity-cowan-state/starout.h5
7464.648651014951,3.6228897509242966e-10,fac-opacity-cowan-state,T7464p65_rho3p62289em10,0.2849729425460486,1.454448752295947e-13,0.28497294254608635,4.436271744741102e-14,ok,/home/elads/STAR/full_grid_solar_opacity/runs/T7464p65_rho3p62289em10/fac-opacity-cowan-state/starout.h5
7464.648651014951,5.20637484663258e-10,fac-opacity-cowan-state,T7464p65_rho5p20637em10,0.28497294254385286,2.090056968069738e-13,0.28497294254390737,6.37494777722242e-14,ok,/home/elads/STAR/full_grid_solar_opacity/runs/T7464p65_rho5p20637em10/fac-opacity-cowan-state/starout.h5
7464.648651014951,7.481966305138837e-10,fac-opacity-cowan-state,T7464p65_rho7p48197em10,0.28107025152535,3.000361198188676e-13,0.281070251525428,9.155351732421874e-14,ok,/home/elads/STAR/full_grid_solar_opacity/runs/T7464p65_rho7p48197em10/fac-opacity-cowan-state/starout.h5
7464.648651014951,1.0752168531898921e-09,fac-opacity-cowan-state,T7464p65_rho1p07522em09,0.2810702515209352,4.31712851208909e-13,0.28107025152104775,1.3169564671559673e-13,ok,/home/elads/STAR/full_grid_solar_opacity/runs/T7464p65_rho1p07522em09/fac-opacity-cowan-state/starout.h5
7464.648651014951,1.5451703926941453e-09,fac-opacity-cowan-state,T7464p65_rho1p54517em09,0.2810702515145959,6.205814170046408e-13,0.2810702515147574,1.8932144294921038e-13,ok,/home/elads/STAR/full_grid_solar_opacity/runs/T7464p65_rho1p54517em09/fac-opacity-cowan-state/starout.h5
7464.648651014951,2.220530245015531e-09,fac-opacity-cowan-state,T7464p65_rho2p22053em09,0.28107025150563186,8.925751721440647e-13,0.2810702515058639,2.722226356471547e-13,ok,/home/elads/STAR/full_grid_solar_opacity/runs/T7464p65_rho2p22053em09/fac-opacity-cowan-state/starout.h5
7464.648651014951,3.1910749729235452e-09,fac-opacity-cowan-state,T7464p65_rho3p19107em09,0.2810702514929159,1.281434939208893e-12,0.28107025149324993,3.908893460622729e-13,ok,/home/elads/STAR/full_grid_solar_opacity/runs/T7464p65_rho3p19107em09/fac-opacity-cowan-state/starout.h5
7464.648651014951,4.585823366142813e-09,fac-opacity-cowan-state,T7464p65_rho4p58582em09,0.28107025147501313,1.8412050827170583e-12,0.2810702514754926,5.615751554421236e-13,ok,/home/elads/STAR/full_grid_solar_opacity/runs/T7464p65_rho4p58582em09/fac-opacity-cowan-state/starout.h5
7464.648651014951,6.590185477903269e-09,fac-opacity-cowan-state,T7464p65_rho6p59019em09,0.2810702514493434,2.645454547509334e-12,0.28107025145003184,8.069159501017908e-13,ok,/home/elads/STAR/full_grid_solar_opacity/runs/T7464p65_rho6p59019em09/fac-opacity-cowan-state/starout.h5
7464.648651014951,9.470610000772238e-09,fac-opacity-cowan-state,T7464p65_rho9p47061em09,0.2810702514147962,3.8028975104473344e-12,0.2810702514157867,1.1599304434396131e-12,ok,/home/elads/STAR/full_grid_solar_opacity/runs/T7464p65_rho9p47061em09/fac-opacity-cowan-state/starout.h5
7464.648651014951,1.3610004466105506e-08,fac-opacity-cowan-state,T7464p65_rho1p361em08,0.2810702513657454,5.468530066231337e-12,0.2810702513671695,1.66795042748857e-12,ok,/home/elads/STAR/full_grid_solar_opacity/runs/T7464p65_rho1p361em08/fac-opacity-cowan-state/starout.h5
7464.648651014951,1.9558636830395073e-08,fac-opacity-cowan-state,T7464p65_rho1p95586em08,0.28107025130223395,7.861693235291313e-12,0.28107025130428026,2.3976321624453336e-12,ok,/home/elads/STAR/full_grid_solar_opacity/runs/T7464p65_rho1p95586em08/fac-opacity-cowan-state/starout.h5
7464.648651014951,2.810728502080722e-08,fac-opacity-cowan-state,T7464p65_rho2p81073em08,0.28107025121834417,1.129545279000375e-11,0.2810702512212842,3.4441477397849818e-12,ok,/home/elads/STAR/full_grid_solar_opacity/runs/T7464p65_rho2p81073em08/fac-opacity-cowan-state/starout.h5
7464.648651014951,4.039235853150913e-08,fac-opacity-cowan-state,T7464p65_rho4p03924em08,0.2810702511096203,1.621642197339559e-11,0.28107025111384154,4.945231001772218e-12,ok,/home/elads/STAR/full_grid_solar_opacity/runs/T7464p65_rho4p03924em08/fac-opacity-cowan-state/starout.h5
7464.648651014951,5.804696634805446e-08,fac-opacity-cowan-state,T7464p65_rho5p8047em08,0.28107025097126154,2.3299440604372803e-11,0.2810702509773256,7.10409367381114e-12,ok,/home/elads/STAR/full_grid_solar_opacity/runs/T7464p65_rho5p8047em08/fac-opacity-cowan-state/starout.h5
7464.648651014951,8.341801332506338e-08,fac-opacity-cowan-state,T7464p65_rho8p3418em08,0.281070250796927,3.347787833057363e-11,0.2810702508056414,1.0207651751789558e-11,ok,/home/elads/STAR/full_grid_solar_opacity/runs/T7464p65_rho8p3418em08/fac-opacity-cowan-state/starout.h5
7464.648651014951,1.1987818459583772e-07,fac-opacity-cowan-state,T7464p65_rho1p19878em07,0.28107025058179586,4.810351947456586e-11,0.28107025059431623,1.4666519632490453e-11,ok,/home/elads/STAR/full_grid_solar_opacity/runs/T7464p65_rho1p19878em07/fac-opacity-cowan-state/starout.h5
7464.648651014951,1.7227429147699408e-07,fac-opacity-cowan-state,T7464p65_rho1p72274em07,0.2810702503178208,6.91134339187489e-11,0.2810702503358091,2.1072494951975157e-11,ok,/home/elads/STAR/full_grid_solar_opacity/runs/T7464p65_rho1p72274em07/fac-opacity-cowan-state/starout.h5
7464.648651014951,2.4757157946593376e-07,fac-opacity-cowan-state,T7464p65_rho2p47572em07,0.28107024999653574,9.931216458882393e-11,0.281070250022385,3.02788938459298e-11,ok,/home/elads/STAR/full_grid_solar_opacity/runs/T7464p65_rho2p47572em07/fac-opacity-cowan-state/starout.h5
7464.648651014951,3.557796490339488e-07,fac-opacity-cowan-state,T7464p65_rho3p5578em07,0.2810702496097228,1.427139840957382e-10,0.2810702496468664,4.350988532549577e-11,ok,/home/elads/STAR/full_grid_solar_opacity/runs/T7464p65_rho3p5578em07/fac-opacity-cowan-state/starout.h5
7464.648651014951,5.112830759482948e-07,fac-opacity-cowan-state,T7464p65_rho5p11283em07,0.2810702491402371,2.0501551558059123e-10,0.2810702491935925,6.249919037566751e-11,ok,/home/elads/STAR/full_grid_solar_opacity/runs/T7464p65_rho5p11283em07/fac-opacity-cowan-state/starout.h5
7464.648651014951,7.347536163492159e-07,fac-opacity-cowan-state,T7464p65_rho7p34754em07,0.2810702485738344,2.943247512419832e-10,0.2810702486504249,8.971611309565709e-11,ok,/home/elads/STAR/full_grid_solar_opacity/runs/T7464p65_rho7p34754em07/fac-opacity-cowan-state/starout.h5
7464.648651014951,1.0558981944335787e-06,fac-opacity-cowan-state,T7464p65_rho1p0559em06,0.2810702478958767,4.2256934816811027e-10,0.2810702480058251,1.2879016444094516e-10,ok,/home/elads/STAR/full_grid_solar_opacity/runs/T7464p65_rho1p0559em06/fac-opacity-cowan-state/starout.h5
7464.648651014951,1.517407974863493e-06,fac-opacity-cowan-state,T7464p65_rho1p51741em06,0.2810702470820094,6.074261294212464e-10,0.2810702472400352,1.8510581166101359e-10,ok,/home/elads/STAR/full_grid_solar_opacity/runs/T7464p65_rho1p51741em06/fac-opacity-cowan-state/starout.h5
7464.648651014951,2.1806334875063253e-06,fac-opacity-cowan-state,T7464p65_rho2p18063em06,0.28107024611053527,8.739088995536551e-10,0.2810702463378583,2.6627371216737697e-10,ok,/home/elads/STAR/full_grid_solar_opacity/runs/T7464p65_rho2p18063em06/fac-opacity-cowan-state/starout.h5
7464.648651014951,3.1337402238588983e-06,fac-opacity-cowan-state,T7464p65_rho3p13374em06,0.2810702449531864,1.2552657043898568e-09,0.28107024527965246,3.8240120535861297e-10,ok,/home/elads/STAR/full_grid_solar_opacity/runs/T7464p65_rho3p13374em06/fac-opacity-cowan-state/starout.h5
7464.648651014951,4.503428864545845e-06,fac-opacity-cowan-state,T7464p65_rho4p50343em06,0.2810702435600825,1.8371591472623072e-09,0.28107024404030534,5.621364020020152e-10,ok,/home/elads/STAR/full_grid_solar_opacity/runs/T7464p65_rho4p50343em06/fac-opacity-cowan-state/starout.h5
7464.648651014951,6.471778159406801e-06,fac-opacity-cowan-state,T7464p65_rho6p47178em06,0.2810702418926852,2.6618624153642174e-09,0.28107024258953506,8.155326594563623e-10,ok,/home/elads/STAR/full_grid_solar_opacity/runs/T7464p65_rho6p47178em06/fac-opacity-cowan-state/starout.h5
7464.648651014951,9.300449458481393e-06,fac-opacity-cowan-state,T7464p65_rho9p30045em06,0.2810702398853901,3.8315570917136465e-09,0.28107024088844335,1.1738388169106658e-09,ok,/home/elads/STAR/full_grid_solar_opacity/runs/T7464p65_rho9p30045em06/fac-opacity-cowan-state/starout.h5
7464.648651014951,1.3365470508911143e-05,fac-opacity-cowan-state,T7464p65_rho1p33655em05,0.2810702376125892,5.488390429274632e-09,0.28107023904896444,1.680908916368542e-09,ok,/home/elads/STAR/full_grid_solar_opacity/runs/T7464p65_rho1p33655em05/fac-opacity-cowan-state/starout.h5
7464.648651014951,1.920722248123928e-05,fac-opacity-cowan-state,T7464p65_rho1p92072em05,0.28107023471361925,7.878261402602279e-09,0.2810702367748022,2.4120295573556046e-09,ok,/home/elads/STAR/full_grid_solar_opacity/runs/T7464p65_rho1p92072em05/fac-opacity-cowan-state/starout.h5
7464.648651014951,2.760227522090268e-05,fac-opacity-cowan-state,T7464p65_rho2p76023em05,0.2810702315059876,1.1339266904782125e-08,0.28107023447159835,3.47031157891012e-09,ok,/home/elads/STAR/full_grid_solar_opacity/runs/T7464p65_rho2p76023em05/fac-opacity-cowan-state/starout.h5
7464.648651014951,3.966662010161191e-05,fac-opacity-cowan-state,T7464p65_rho3p96666em05,0.2810702272978487,1.6291678124115368e-08,0.28107023155658895,4.983381580560027e-09,ok,/home/elads/STAR/full_grid_solar_opacity/runs/T7464p65_rho3p96666em05/fac-opacity-cowan-state/starout.h5
7464.648651014951,5.7004023678963655e-05,fac-opacity-cowan-state,T7464p65_rho5p7004em05,0.2810702223450671,2.3376949298090358e-08,0.28107022845219165,7.146087432887964e-09,ok,/home/elads/STAR/full_grid_solar_opacity/runs/T7464p65_rho5p7004em05/fac-opacity-cowan-state/starout.h5
7464.648651014951,8.191922344953684e-05,fac-opacity-cowan-state,T7464p65_rho8p19192em05,0.28107022297109824,3.3612593526329714e-08,0.28107023174534024,1.0266752133861461e-08,ok,/home/elads/STAR/full_grid_solar_opacity/runs/T7464p65_rho8p19192em05/fac-opacity-cowan-state/starout.h5
7464.648651014951,0.00011772430676769293,fac-opacity-cowan-state,T7464p65_rho0p000117724,0.28107023700741635,5.0065528107331795e-08,0.2810702504590603,1.5679534518188558e-08,ok,/home/elads/STAR/full_grid_solar_opacity/runs/T7464p65_rho0p000117724/fac-opacity-cowan-state/starout.h5
7464.648651014951,0.00016917900122028344,fac-opacity-cowan-state,T7464p65_rho0p000169179,0.28107023211996207,7.191645968106684e-08,0.28107025142722036,2.2503742279287324e-08,ok,/home/elads/STAR/full_grid_solar_opacity/runs/T7464p65_rho0p000169179/fac-opacity-cowan-state/starout.h5
7464.648651014951,0.0002431234061999784,fac-opacity-cowan-state,T7464p65_rho0p000243123,0.28107022605926674,1.0326192673467184e-07,0.28107025375667566,3.228080487744943e-08,ok,/home/elads/STAR/full_grid_solar_opacity/runs/T7464p65_rho0p000243123/fac-opacity-cowan-state/starout.h5
7464.648651014951,0.0003493872774749123,fac-opacity-cowan-state,T7464p65_rho0p000349387,0.28107021729541837,1.4827462886683835e-07,0.28107025702712884,4.6302588966109715e-08,ok,/home/elads/STAR/full_grid_solar_opacity/runs/T7464p65_rho0p000349387/fac-opacity-cowan-state/starout.h5
7464.648651014951,0.0005020967399614471,fac-opacity-cowan-state,T7464p65_rho0p000502097,0.2810701989057364,2.1288549686199572e-07,0.2810702558826085,6.639361215044451e-08,ok,/home/elads/STAR/full_grid_solar_opacity/runs/T7464p65_rho0p000502097/fac-opacity-cowan-state/starout.h5
7464.648651014951,0.0007215521357901021,fac-opacity-cowan-state,T7464p65_rho0p000721552,0.28107019273867734,3.0557375632104346e-07,0.28107027439999044,9.514913812243001e-08,ok,/home/elads/STAR/full_grid_solar_opacity/runs/T7464p65_rho0p000721552/fac-opacity-cowan-state/starout.h5
7464.648651014951,0.0010369266382873438,fac-opacity-cowan-state,T7464p65_rho0p00103693,0.28107017429893333,4.3861377662419745e-07,0.28107029132568306,1.363396468537967e-07,ok,/home/elads/STAR/full_grid_solar_opacity/runs/T7464p65_rho0p00103693/fac-opacity-cowan-state/starout.h5
7464.648651014951,0.0014901443705277455,fac-opacity-cowan-state,T7464p65_rho0p00149014,0.28107014827803084,6.294575169970874e-07,0.2810703159016988,1.9526138897772822e-07,ok,/home/elads/STAR/full_grid_solar_opacity/runs/T7464p65_rho0p00149014/fac-opacity-cowan-state/starout.h5
7464.648651014951,0.002141453563853953,fac-opacity-cowan-state,T7464p65_rho0p00214145,0.28107010493492,9.031850880722539e-07,0.2810703449077556,2.7950055130140034e-07,ok,/home/elads/STAR/full_grid_solar_opacity/runs/T7464p65_rho0p00214145/fac-opacity-cowan-state/starout.h5
7464.648651014951,0.003077435620898055,fac-opacity-cowan-state,T7464p65_rho0p00307744,0.28107006833574033,1.2957528508695928e-06,0.28107041173431246,3.9989565996862887e-07,ok,/home/elads/STAR/full_grid_solar_opacity/runs/T7464p65_rho0p00307744/fac-opacity-cowan-state/starout.h5
7464.648651014951,0.004422514763163053,fac-opacity-cowan-state,T7464p65_rho0p00442251,0.28107000026160545,1.8587443550900559e-06,0.2810704914142146,5.718514349079911e-07,ok,/home/elads/STAR/full_grid_solar_opacity/runs/T7464p65_rho0p00442251/fac-opacity-cowan-state/starout.h5
7464.648651014951,0.006355498291362301,fac-opacity-cowan-state,T7464p65_rho0p0063555,0.2810699188985469,2.6659355845456134e-06,0.2810706208604829,8.171425321872179e-07,ok,/home/elads/STAR/full_grid_solar_opacity/runs/T7464p65_rho0p0063555/fac-opacity-cowan-state/starout.h5
7464.648651014951,0.009133346228248624,fac-opacity-cowan-state,T7464p65_rho0p00913335,0.28106980146309124,3.823731408870211e-06,0.2810708043541269,1.1671753630744708e-06,ok,/home/elads/STAR/full_grid_solar_opacity/runs/T7464p65_rho0p00913335/fac-opacity-cowan-state/starout.h5
7464.648651014951,0.01312533014735226,fac-opacity-cowan-state,T7464p65_rho0p0131253,0.28106967085665574,5.483701068185426e-06,0.281071102643614,1.6658937496493883e-06,ok,/home/elads/STAR/full_grid_solar_opacity/runs/T7464p65_rho0p0131253/fac-opacity-cowan-state/starout.h5
7464.648651014951,0.018862122071335155,fac-opacity-cowan-state,T7464p65_rho0p0188621,0.281069521168663,7.86303526936954e-06,0.28107156343412565,2.3755154335283537e-06,ok,/home/elads/STAR/full_grid_solar_opacity/runs/T7464p65_rho0p0188621/fac-opacity-cowan-state/starout.h5
7464.648651014951,0.02710633904364831,fac-opacity-cowan-state,T7464p65_rho0p0271063,0.28106933544913343,1.1274410294596164e-05,0.28107224603098907,3.384466494587531e-06,ok,/home/elads/STAR/full_grid_solar_opacity/runs/T7464p65_rho0p0271063/fac-opacity-cowan-state/starout.h5
7464.648651014951,0.038953921174427183,fac-opacity-cowan-state,T7464p65_rho0p0389539,0.28106910469524965,1.616290436132836e-05,0.28107324798241556,4.8162476540318645e-06,ok,/home/elads/STAR/full_grid_solar_opacity/runs/T7464p65_rho0p0389539/fac-opacity-cowan-state/starout.h5
7464.648651014951,0.0559798197912329,fac-opacity-cowan-state,T7464p65_rho0p0559798,0.28106877659686896,2.3164143601611834e-05,0.2810746659858576,6.84348099477043e-06,ok,/home/elads/STAR/full_grid_solar_opacity/runs/T7464p65_rho0p0559798/fac-opacity-cowan-state/starout.h5
7464.648651014951,0.08044736266284185,fac-opacity-cowan-state,T7464p65_rho0p0804474,0.28106840143856676,3.318750937531694e-05,0.28107675920316727,9.707911249018389e-06,ok,/home/elads/STAR/full_grid_solar_opacity/runs/T7464p65_rho0p0804474/fac-opacity-cowan-state/starout.h5
7464.648651014951,0.11560912813835741,fac-opacity-cowan-state,T7464p65_rho0p115609,0.28106788738381905,4.753232899885631e-05,0.28107972655240154,1.3745788320290715e-05,ok,/home/elads/STAR/full_grid_solar_opacity/runs/T7464p65_rho0p115609/fac-opacity-cowan-state/starout.h5
7464.648651014951,0.1661393247274789,fac-opacity-cowan-state,T7464p65_rho0p166139,0.2810672133831113,6.805803268480135e-05,0.28108395275548087,1.9425692452377218e-05,ok,/home/elads/STAR/full_grid_solar_opacity/runs/T7464p65_rho0p166139/fac-opacity-cowan-state/starout.h5
7464.648651014951,0.23875515424585794,fac-opacity-cowan-state,T7464p65_rho0p238755,0.2810662797830266,9.741645155441687e-05,0.28108990128009714,2.739658247684457e-05,ok,/home/elads/STAR/full_grid_solar_opacity/runs/T7464p65_rho0p238755/fac-opacity-cowan-state/starout.h5
7464.648651014951,0.34310975906798746,fac-opacity-cowan-state,T7464p65_rho0p34311,0.28106448840171505,0.00013948135693954734,0.2810977810032589,3.8586502003994295e-05,ok,/home/elads/STAR/full_grid_solar_opacity/runs/T7464p65_rho0p34311/fac-opacity-cowan-state/starout.h5
7464.648651014951,0.49307545690287347,fac-opacity-cowan-state,T7464p65_rho0p493075,0.28106227988389465,0.00019974675552765652,0.2811091403104863,5.426511600550614e-05,ok,/home/elads/STAR/full_grid_solar_opacity/runs/T7464p65_rho0p493075/fac-opacity-cowan-state/starout.h5
7464.648651014951,0.7085878491488851,fac-opacity-cowan-state,T7464p65_rho0p708588,0.28105908897886495,0.0002861507051538236,0.2811249722188624,7.621241460376513e-05,ok,/home/elads/STAR/full_grid_solar_opacity/runs/T7464p65_rho0p708588/fac-opacity-cowan-state/starout.h5
7464.648651014951,1.0182959482819007,fac-opacity-cowan-state,T7464p65_rho1p0183,0.28105450892669404,0.0004101146297057047,0.28114704167616217,0.00010689933122952282,ok,/home/elads/STAR/full_grid_solar_opacity/runs/T7464p65_rho1p0183/fac-opacity-cowan-state/starout.h5
7464.648651014951,1.4633706173946401,fac-opacity-cowan-state,T7464p65_rho1p46337,0.28104798429826844,0.0005880337529103653,0.28117779525383374,0.00014972630300470415,ok,/home/elads/STAR/full_grid_solar_opacity/runs/T7464p65_rho1p46337/fac-opacity-cowan-state/starout.h5
7464.648651014951,2.1029775945461404,fac-opacity-cowan-state,T7464p65_rho2p10298,0.28103857614733346,0.000843507364088487,0.2812204493569138,0.00020937679800866267,ok,/home/elads/STAR/full_grid_solar_opacity/runs/T7464p65_rho2p10298/fac-opacity-cowan-state/starout.h5
7464.648651014951,3.0221426551783854,fac-opacity-cowan-state,T7464p65_rho3p02214,0.2810250948411699,0.001210346333630026,0.2812794872607484,0.0002922077785170565,ok,/home/elads/STAR/full_grid_solar_opacity/runs/T7464p65_rho3p02214/fac-opacity-cowan-state/starout.h5
7464.648651014951,4.343054463316713,fac-opacity-cowan-state,T7464p65_rho4p34305,0.28100588450522135,0.001737122822607848,0.28136100499241984,0.0004068502457053175,ok,/home/elads/STAR/full_grid_solar_opacity/runs/T7464p65_rho4p34305/fac-opacity-cowan-state/starout.h5
7464.648651014951,6.241307649397467,fac-opacity-cowan-state,T7464p65_rho6p24131,0.28097844862304894,0.0024935124049866534,0.2814730283625114,0.0005649325111102701,ok,/home/elads/STAR/full_grid_solar_opacity/runs/T7464p65_rho6p24131/fac-opacity-cowan-state/starout.h5
7464.648651014951,8.969245378672715,fac-opacity-cowan-state,T7464p65_rho8p96925,0.2809393903801324,0.0035793170869064268,0.28162632499674745,0.0007819731618369055,ok,/home/elads/STAR/full_grid_solar_opacity/runs/T7464p65_rho8p96925/fac-opacity-cowan-state/starout.h5
7464.648651014951,12.889504440725364,fac-opacity-cowan-state,T7464p65_rho12p8895,0.28088397852931457,0.0051375709151299884,0.28183518513921746,0.0010786129693620059,ok,/home/elads/STAR/full_grid_solar_opacity/runs/T7464p65_rho12p8895/fac-opacity-cowan-state/starout.h5
7464.648651014951,18.52322215674118,fac-opacity-cowan-state,T7464p65_rho18p5232,0.28080550568006757,0.007372877263480505,0.2821182314930147,0.0014820370881021305,ok,/home/elads/STAR/full_grid_solar_opacity/runs/T7464p65_rho18p5232/fac-opacity-cowan-state/starout.h5
7464.648651014951,26.61931346126126,fac-opacity-cowan-state,T7464p65_rho26p6193,0.2806948501703249,0.010577537413380123,0.28249985093169755,0.002027766245028457,ok,/home/elads/STAR/full_grid_solar_opacity/runs/T7464p65_rho26p6193/fac-opacity-cowan-state/starout.h5
7464.648651014951,38.254027466328665,fac-opacity-cowan-state,T7464p65_rho38p254,0.28053923487956217,0.015168128911364988,0.28301122911488996,0.002761763615912746,ok,/home/elads/STAR/full_grid_solar_opacity/runs/T7464p65_rho38p254/fac-opacity-cowan-state/starout.h5
7464.648651014951,54.97401800103719,fac-opacity-cowan-state,T7464p65_rho54p974,0.2803213879172234,0.021737367736803997,0.28369238804811503,0.00374304092793178,ok,/home/elads/STAR/full_grid_solar_opacity/runs/T7464p65_rho54p974/fac-opacity-cowan-state/starout.h5
7464.648651014951,79.0019471240894,fac-opacity-cowan-state,T7464p65_rho79p0019,0.28001840758827556,0.031125287315265773,0.2845943569395096,0.005046529156599138,ok,/home/elads/STAR/full_grid_solar_opacity/runs/T7464p65_rho79p0019/fac-opacity-cowan-state/starout.h5
7464.648651014951,113.53195339077567,fac-opacity-cowan-state,T7464p65_rho113p532,0.2795999349436811,0.044516992846177245,0.28578122312201304,0.006766381009755118,ok,/home/elads/STAR/full_grid_solar_opacity/runs/T7464p65_rho113p532/fac-opacity-cowan-state/starout.h5
7464.648651014951,163.15426277379785,fac-opacity-cowan-state,T7464p65_rho163p154,0.2790271532254799,0.06356947545653442,0.2873332700540985,0.009019418090158781,ok,/home/elads/STAR/full_grid_solar_opacity/runs/T7464p65_rho163p154/fac-opacity-cowan-state/starout.h5
7464.648651014951,234.46538763970608,fac-opacity-cowan-state,T7464p65_rho234p465,0.27825231088390323,0.09058196418465887,0.2893509768607853,0.011949037621484877,ok,/home/elads/STAR/full_grid_solar_opacity/runs/T7464p65_rho234p465/fac-opacity-cowan-state/starout.h5
7464.648651014951,336.94503022121665,fac-opacity-cowan-state,T7464p65_rho336p945,0.27721995260678395,0.12870002837738692,0.29195977745975,0.015728609554485403,ok,/home/elads/STAR/full_grid_solar_opacity/runs/T7464p65_rho336p945/fac-opacity-cowan-state/starout.h5
7464.648651014951,484.21626123015125,fac-opacity-cowan-state,T7464p65_rho484p216,0.2758717834001748,0.18214519215564237,0.2953168339422031,0.020564504847675684,ok,/home/elads/STAR/full_grid_solar_opacity/runs/T7464p65_rho484p216/fac-opacity-cowan-state/starout.h5
7464.648651014951,695.8564947100452,fac-opacity-cowan-state,T7464p65_rho695p856,0.27415869812229,0.25643731568938855,0.29962196578126643,0.026698385338671166,ok,/home/elads/STAR/full_grid_solar_opacity/runs/T7464p65_rho695p856/fac-opacity-cowan-state/starout.h5
7464.648651014951,1000.0,fac-opacity-cowan-state,T7464p65_rho1000,0.27177204096137003,0.3584834478228395,0.3048269158024004,0.03439470918323955,ok,/home/elads/STAR/full_grid_solar_opacity/runs/T7464p65_rho1000/fac-opacity-cowan-state/starout.h5
8217.690199413082,1e-17,fac-opacity-cowan-state,T8217p69_rho1em17,0.28024597956542546,2.886296276865746e-21,0.28024597956542546,8.67036917172595e-22,ok,/home/elads/STAR/full_grid_solar_opacity/runs/T8217p69_rho1em17/fac-opacity-cowan-state/starout.h5
8217.690199413082,1.4370779141993746e-17,fac-opacity-cowan-state,T8217p69_rho1p43708em17,0.28024597956601077,4.131098949056618e-21,0.28024597956601077,1.240973036151424e-21,ok,/home/elads/STAR/full_grid_solar_opacity/runs/T8217p69_rho1p43708em17/fac-opacity-cowan-state/starout.h5
8217.690199413082,2.065192931479625e-17,fac-opacity-cowan-state,T8217p69_rho2p06519em17,0.28024597956542524,5.920002444046859e-21,0.28024597956542524,1.7783559702291086e-21,ok,/home/elads/STAR/full_grid_solar_opacity/runs/T8217p69_rho2p06519em17/fac-opacity-cowan-state/starout.h5
8217.690199413082,2.9678431503900313e-17,fac-opacity-cowan-state,T8217p69_rho2p96784em17,0.28024597956600883,8.492351193289957e-21,0.2802459795660088,2.551069367078566e-21,ok,/home/elads/STAR/full_grid_solar_opacity/runs/T8217p69_rho2p96784em17/fac-opacity-cowan-state/starout.h5
8217.690199413082,4.2650218442334076e-17,fac-opacity-cowan-state,T8217p69_rho4p26502em17,0.2802459795660106,1.2191184184888309e-20,0.28024597956601055,3.662148909404693e-21,ok,/home/elads/STAR/full_grid_solar_opacity/runs/T8217p69_rho4p26502em17/fac-opacity-cowan-state/starout.h5
8217.690199413082,6.129168695925715e-17,fac-opacity-cowan-state,T8217p69_rho6p12917em17,0.2802459795660112,1.751322564589656e-20,0.2802459795660112,5.260836497882483e-21,ok,/home/elads/STAR/full_grid_solar_opacity/runs/T8217p69_rho6p12917em17/fac-opacity-cowan-state/starout.h5
8217.690199413082,8.808092965317026e-17,fac-opacity-cowan-state,T8217p69_rho8p80809em17,0.2802459795654253,2.51677973593424e-20,0.2802459795654253,7.560210664041459e-21,ok,/home/elads/STAR/full_grid_solar_opacity/runs/T8217p69_rho8p80809em17/fac-opacity-cowan-state/starout.h5
8217.690199413082,1.2657915866672028e-16,fac-opacity-cowan-state,T8217p69_rho1p26579em16,0.28024597956542646,3.616797408729095e-20,0.28024597956542646,1.0864578661935854e-20,ok,/home/elads/STAR/full_grid_solar_opacity/runs/T8217p69_rho1p26579em16/fac-opacity-cowan-state/starout.h5
8217.690199413082,1.819041133178821e-16,fac-opacity-cowan-state,T8217p69_rho1p81904em16,0.2802459795654245,5.197601618401609e-20,0.2802459795654246,1.5613192598100814e-20,ok,/home/elads/STAR/full_grid_solar_opacity/runs/T8217p69_rho1p81904em16/fac-opacity-cowan-state/starout.h5
8217.690199413082,2.6141038375114865e-16,fac-opacity-cowan-state,T8217p69_rho2p6141em16,0.28024597956601066,7.469329384491954e-20,0.2802459795660106,2.243728786841992e-20,ok,/home/elads/STAR/full_grid_solar_opacity/runs/T8217p69_rho2p6141em16/fac-opacity-cowan-state/starout.h5
8217.690199413082,3.7566708903116036e-16,fac-opacity-cowan-state,T8217p69_rho3p75667em16,0.28024597956542524,1.0733962009780227e-19,0.2802459795654253,3.224399358097442e-20,ok,/home/elads/STAR/full_grid_solar_opacity/runs/T8217p69_rho3p75667em16/fac-opacity-cowan-state/starout.h5
8217.690199413082,5.398628767382507e-16,fac-opacity-cowan-state,T8217p69_rho5p39863em16,0.2802459795660116,1.542546563756388e-19,0.2802459795660116,4.6336911428627206e-20,ok,/home/elads/STAR/full_grid_solar_opacity/runs/T8217p69_rho5p39863em16/fac-opacity-cowan-state/starout.h5
8217.690199413082,7.758250168566793e-16,fac-opacity-cowan-state,T8217p69_rho7p75825em16,0.28024597956542524,2.216747783880818e-19,0.2802459795654252,6.658940161147044e-20,ok,/home/elads/STAR/full_grid_solar_opacity/runs/T8217p69_rho7p75825em16/fac-opacity-cowan-state/starout.h5
8217.690199413082,1.1149209970080914e-15,fac-opacity-cowan-state,T8217p69_rho1p11492em15,0.2802459795654251,3.1856203938361564e-19,0.280245979565425,9.56935987208411e-20,ok,/home/elads/STAR/full_grid_solar_opacity/runs/T8217p69_rho1p11492em15/fac-opacity-cowan-state/starout.h5
8217.690199413082,1.6022283408774753e-15,fac-opacity-cowan-state,T8217p69_rho1p60223em15,0.28024597956542496,4.577954637576588e-19,0.28024597956542496,1.3751826722727788e-19,ok,/home/elads/STAR/full_grid_solar_opacity/runs/T8217p69_rho1p60223em15/fac-opacity-cowan-state/starout.h5
8217.690199413082,2.3025269621793266e-15,fac-opacity-cowan-state,T8217p69_rho2p30253em15,0.2802459795654249,6.578829970967886e-19,0.28024597956542496,1.9762305825629736e-19,ok,/home/elads/STAR/full_grid_solar_opacity/runs/T8217p69_rho2p30253em15/fac-opacity-cowan-state/starout.h5
8217.690199413082,3.308910644196489e-15,fac-opacity-cowan-state,T8217p69_rho3p30891em15,0.28024597956542563,9.454216227112089e-19,0.28024597956542563,2.839975138418149e-19,ok,/home/elads/STAR/full_grid_solar_opacity/runs/T8217p69_rho3p30891em15/fac-opacity-cowan-state/starout.h5
8217.690199413082,4.755162406834019e-15,fac-opacity-cowan-state,T8217p69_rho4p75516em15,0.280245979565023,1.3586327545641083e-18,0.280245979565023,4.081230650364305e-19,ok,/home/elads/STAR/full_grid_solar_opacity/runs/T8217p69_rho4p75516em15/fac-opacity-cowan-state/starout.h5
8217.690199413082,6.8335388732923106e-15,fac-opacity-cowan-state,T8217p69_rho6p83354em15,0.28024597956542546,1.952442806275908e-18,0.2802459795654254,5.864992336678859e-19,ok,/home/elads/STAR/full_grid_solar_opacity/runs/T8217p69_rho6p83354em15/fac-opacity-cowan-state/starout.h5
8217.690199413082,9.820327790631256e-15,fac-opacity-cowan-state,T8217p69_rho9p82033em15,0.2802459795654241,2.805783876800756e-18,0.2802459795654241,8.428366826952399e-19,ok,/home/elads/STAR/full_grid_solar_opacity/runs/T8217p69_rho9p82033em15/fac-opacity-cowan-state/starout.h5
8217.690199413082,1.4112576178114521e-14,fac-opacity-cowan-state,T8217p69_rho1p41126em14,0.2802459795652265,4.032086554231519e-18,0.28024597956522657,1.2112091568995664e-18,ok,/home/elads/STAR/full_grid_solar_opacity/runs/T8217p69_rho1p41126em14/fac-opacity-cowan-state/starout.h5
8217.690199413082,2.0280871538024598e-14,fac-opacity-cowan-state,T8217p69_rho2p02809em14,0.2802459795650383,5.7943567433087944e-18,0.2802459795650383,1.7405825833548e-18,ok,/home/elads/STAR/full_grid_solar_opacity/runs/T8217p69_rho2p02809em14/fac-opacity-cowan-state/starout.h5
8217.690199413082,2.914519256800997e-14,fac-opacity-cowan-state,T8217p69_rho2p91452em14,0.28024597956542546,8.326843875832518e-18,0.2802459795654254,2.5013239940832807e-18,ok,/home/elads/STAR/full_grid_solar_opacity/runs/T8217p69_rho2p91452em14/fac-opacity-cowan-state/starout.h5
8217.690199413082,4.188391254457488e-14,fac-opacity-cowan-state,T8217p69_rho4p18839em14,0.28024597956510466,1.196617908527341e-17,0.28024597956510466,3.594555254957389e-18,ok,/home/elads/STAR/full_grid_solar_opacity/runs/T8217p69_rho4p18839em14/fac-opacity-cowan-state/starout.h5
8217.690199413082,6.019044567806669e-14,fac-opacity-cowan-state,T8217p69_rho6p01904em14,0.28024597956542435,1.7196124295202978e-17,0.28024597956542435,5.16559553055982e-18,ok,/home/elads/STAR/full_grid_solar_opacity/runs/T8217p69_rho6p01904em14/fac-opacity-cowan-state/starout.h5
8217.690199413082,8.649836012976684e-14,fac-opacity-cowan-state,T8217p69_rho8p64984em14,0.28024597956543845,2.471188073278131e-17,0.28024597956543845,7.423279339047094e-18,ok,/home/elads/STAR/full_grid_solar_opacity/runs/T8217p69_rho8p64984em14/fac-opacity-cowan-state/starout.h5
8217.690199413082,1.2430488295695167e-13,fac-opacity-cowan-state,T8217p69_rho1p24305em13,0.2802459795654234,3.5512506390232526e-17,0.2802459795654235,1.0667718314223386e-17,ok,/home/elads/STAR/full_grid_solar_opacity/runs/T8217p69_rho1p24305em13/fac-opacity-cowan-state/starout.h5
8217.690199413082,1.7863580192457348e-13,fac-opacity-cowan-state,T8217p69_rho1p78636em13,0.2802459795654234,5.103373483029905e-17,0.28024597956542335,1.5330199503983022e-17,ok,/home/elads/STAR/full_grid_solar_opacity/runs/T8217p69_rho1p78636em13/fac-opacity-cowan-state/starout.h5
8217.690199413082,2.567135656310987e-13,fac-opacity-cowan-state,T8217p69_rho2p56714em13,0.2802459795640983,7.33388473925925e-17,0.2802459795640983,2.2030522592697494e-17,ok,/home/elads/STAR/full_grid_solar_opacity/runs/T8217p69_rho2p56714em13/fac-opacity-cowan-state/starout.h5
8217.690199413082,3.6891739544382357e-13,fac-opacity-cowan-state,T8217p69_rho3p68917em13,0.28024597956542063,1.0539298140512058e-16,0.28024597956542063,3.1659403350565854e-17,ok,/home/elads/STAR/full_grid_solar_opacity/runs/T8217p69_rho3p68917em13/fac-opacity-cowan-state/starout.h5
8217.690199413082,5.301630411562758e-13,fac-opacity-cowan-state,T8217p69_rho5p30163em13,0.2802459795654187,1.514573996391648e-16,0.2802459795654187,4.549690711515953e-17,ok,/home/elads/STAR/full_grid_solar_opacity/runs/T8217p69_rho5p30163em13/fac-opacity-cowan-state/starout.h5
8217.690199413082,7.618855973704612e-13,fac-opacity-cowan-state,T8217p69_rho7p61886em13,0.2802459795654165,2.1765602619501545e-16,0.2802459795654166,6.53826388156419e-17,ok,/home/elads/STAR/full_grid_solar_opacity/runs/T8217p69_rho7p61886em13/fac-opacity-cowan-state/starout.h5
8217.690199413082,1.0948889651276868e-12,fac-opacity-cowan-state,T8217p69_rho1p09489em12,0.28024597956541325,3.12790088211528e-16,0.2802459795654133,9.396046174347451e-17,ok,/home/elads/STAR/full_grid_solar_opacity/runs/T8217p69_rho1p09489em12/fac-opacity-cowan-state/starout.h5
8217.690199413082,1.5734407502856082e-12,fac-opacity-cowan-state,T8217p69_rho1p57344em12,0.2802459795654059,4.495075328590073e-16,0.280245979565406,1.350297810571172e-16,ok,/home/elads/STAR/full_grid_solar_opacity/runs/T8217p69_rho1p57344em12/fac-opacity-cowan-state/starout.h5
8217.690199413082,2.26115695153675e-12,fac-opacity-cowan-state,T8217p69_rho2p26116em12,0.2802459795654054,6.459868189838774e-16,0.2802459795654056,1.9405135382911212e-16,ok,/home/elads/STAR/full_grid_solar_opacity/runs/T8217p69_rho2p26116em12/fac-opacity-cowan-state/starout.h5
8217.690199413082,3.249458715591849e-12,fac-opacity-cowan-state,T8217p69_rho3p24946em12,0.28024597956538777,9.283547367816772e-16,0.280245979565388,2.788736061624342e-16,ok,/home/elads/STAR/full_grid_solar_opacity/runs/T8217p69_rho3p24946em12/fac-opacity-cowan-state/starout.h5
8217.690199413082,4.669725353279713e-12,fac-opacity-cowan-state,T8217p69_rho4p66973em12,0.2802459795653693,1.3341642174816939e-15,0.2802459795653697,4.007773219091423e-16,ok,/home/elads/STAR/full_grid_solar_opacity/runs/T8217p69_rho4p66973em12/fac-opacity-cowan-state/starout.h5
8217.690199413082,6.710759170575148e-12,fac-opacity-cowan-state,T8217p69_rho6p71076em12,0.2802459795653453,1.917395970284773e-15,0.2802459795653458,5.759781171675894e-16,ok,/home/elads/STAR/full_grid_solar_opacity/runs/T8217p69_rho6p71076em12/fac-opacity-cowan-state/starout.h5
8217.690199413082,9.64388379154446e-12,fac-opacity-cowan-state,T8217p69_rho9p64388em12,0.2802459795653099,2.755658130617237e-15,0.2802459795653105,8.277891261965173e-16,ok,/home/elads/STAR/full_grid_solar_opacity/runs/T8217p69_rho9p64388em12/fac-opacity-cowan-state/starout.h5
8217.690199413082,1.3859012403933867e-11,fac-opacity-cowan-state,T8217p69_rho1p3859em11,0.2802459795652608,3.960557622769239e-15,0.28024597956526187,1.1897364755617247e-15,ok,/home/elads/STAR/full_grid_solar_opacity/runs/T8217p69_rho1p3859em11/fac-opacity-cowan-state/starout.h5
8217.690199413082,1.9916480638308542e-11,fac-opacity-cowan-state,T8217p69_rho1p99165em11,0.280245979565175,5.69259499366616e-15,0.2802459795651764,1.7100333723970044e-15,ok,/home/elads/STAR/full_grid_solar_opacity/runs/T8217p69_rho1p99165em11/fac-opacity-cowan-state/starout.h5
8217.690199413082,2.8621534453892672e-11,fac-opacity-cowan-state,T8217p69_rho2p86215em11,0.28024597956508507,8.182303182911537e-15,0.2802459795650872,2.4579295765729904e-15,ok,/home/elads/STAR/full_grid_solar_opacity/runs/T8217p69_rho2p86215em11/fac-opacity-cowan-state/starout.h5
8217.690199413082,4.1131375034185614e-11,fac-opacity-cowan-state,T8217p69_rho4p11314em11,0.2802459795634397,1.1760187825283274e-14,0.2802459795634426,3.5327040197571622e-15,ok,/home/elads/STAR/full_grid_solar_opacity/runs/T8217p69_rho4p11314em11/fac-opacity-cowan-state/starout.h5
8217.690199413082,5.910899064227969e-11,fac-opacity-cowan-state,T8217p69_rho5p9109em11,0.28024597956472375,1.6901125602268886e-14,0.280245979564728,5.077001518179116e-15,ok,/home/elads/STAR/full_grid_solar_opacity/runs/T8217p69_rho5p9109em11/fac-opacity-cowan-state/starout.h5
8217.690199413082,8.4944224982638e-11,fac-opacity-cowan-state,T8217p69_rho8p49442em11,0.2802459795644167,2.4289481348162955e-14,0.2802459795644228,7.296395839953711e-15,ok,/home/elads/STAR/full_grid_solar_opacity/runs/T8217p69_rho8p49442em11/fac-opacity-cowan-state/starout.h5
8217.690199413082,1.2207146966133182e-10,fac-opacity-cowan-state,T8217p69_rho1p22071em10,0.2802459795640103,3.490762726182249e-14,0.28024597956401903,1.048597988759999e-14,ok,/home/elads/STAR/full_grid_solar_opacity/runs/T8217p69_rho1p22071em10/fac-opacity-cowan-state/starout.h5
8217.690199413082,1.7542621300415897e-10,fac-opacity-cowan-state,T8217p69_rho1p75426em10,0.28024597956334496,5.016415352725634e-14,0.2802459795633578,1.5068881144560994e-14,ok,/home/elads/STAR/full_grid_solar_opacity/runs/T8217p69_rho1p75426em10/fac-opacity-cowan-state/starout.h5
8217.690199413082,2.52101136279913e-10,fac-opacity-cowan-state,T8217p69_rho2p52101em10,0.28024597952600716,7.20833046141047e-14,0.2802459795260253,2.1653167556960953e-14,ok,/home/elads/STAR/full_grid_solar_opacity/runs/T8217p69_rho2p52101em10/fac-opacity-cowan-state/starout.h5
8217.690199413082,3.6228897509242966e-10,fac-opacity-cowan-state,T8217p69_rho3p62289em10,0.28024597956113234,1.0357778889935155e-13,0.2802459795611582,3.111377842315263e-14,ok,/home/elads/STAR/full_grid_solar_opacity/runs/T8217p69_rho3p62289em10/fac-opacity-cowan-state/starout.h5
8217.690199413082,5.20637484663258e-10,fac-opacity-cowan-state,T8217p69_rho5p20637em10,0.28024597955926484,1.4884206038455438e-13,0.28024597955930247,4.471062643135183e-14,ok,/home/elads/STAR/full_grid_solar_opacity/runs/T8217p69_rho5p20637em10/fac-opacity-cowan-state/starout.h5
8217.690199413082,7.481966305138837e-10,fac-opacity-cowan-state,T8217p69_rho7p48197em10,0.28024597955659525,2.139160576402187e-13,0.28024597955664965,6.42578948978997e-14,ok,/home/elads/STAR/full_grid_solar_opacity/runs/T8217p69_rho7p48197em10/fac-opacity-cowan-state/starout.h5
8217.690199413082,1.0752168531898921e-09,fac-opacity-cowan-state,T8217p69_rho1p07522em09,0.27602084711738034,3.081150357257633e-13,0.276020847117458,9.249552091989583e-14,ok,/home/elads/STAR/full_grid_solar_opacity/runs/T8217p69_rho1p07522em09/fac-opacity-cowan-state/starout.h5
8217.690199413082,1.5451703926941453e-09,fac-opacity-cowan-state,T8217p69_rho1p54517em09,0.27602084711201136,4.4215275945025947e-13,0.2760208471121231,1.3281401349018976e-13,ok,/home/elads/STAR/full_grid_solar_opacity/runs/T8217p69_rho1p54517em09/fac-opacity-cowan-state/starout.h5
8217.690199413082,2.220530245015531e-09,fac-opacity-cowan-state,T8217p69_rho2p22053em09,0.27602084710425195,6.358105018509314e-13,0.2760208471044126,1.9094464127497667e-13,ok,/home/elads/STAR/full_grid_solar_opacity/runs/T8217p69_rho2p22053em09/fac-opacity-cowan-state/starout.h5
8217.690199413082,3.1910749729235452e-09,fac-opacity-cowan-state,T8217p69_rho3p19107em09,0.2760208470935896,9.12494654834237e-13,0.2760208470938205,2.74129376386398e-13,ok,/home/elads/STAR/full_grid_solar_opacity/runs/T8217p69_rho3p19107em09/fac-opacity-cowan-state/starout.h5
8217.690199413082,4.585823366142813e-09,fac-opacity-cowan-state,T8217p69_rho4p58582em09,0.2760208470783348,1.3115000438906022e-12,0.2760208470786666,3.9392506754714004e-13,ok,/home/elads/STAR/full_grid_solar_opacity/runs/T8217p69_rho4p58582em09/fac-opacity-cowan-state/starout.h5
8217.690199413082,6.590185477903269e-09,fac-opacity-cowan-state,T8217p69_rho6p59019em09,0.27602084705648205,1.8837989889671938e-12,0.27602084705695845,5.659135271910336e-13,ok,/home/elads/STAR/full_grid_solar_opacity/runs/T8217p69_rho6p59019em09/fac-opacity-cowan-state/starout.h5
8217.690199413082,9.470610000772238e-09,fac-opacity-cowan-state,T8217p69_rho9p47061em09,0.2760208470270827,2.709075732743985e-12,0.27602084702776747,8.13698233982187e-13,ok,/home/elads/STAR/full_grid_solar_opacity/runs/T8217p69_rho9p47061em09/fac-opacity-cowan-state/starout.h5
8217.690199413082,1.3610004466105506e-08,fac-opacity-cowan-state,T8217p69_rho1p361em08,0.2760208469852045,3.894300377630444e-12,0.27602084698618884,1.169774669072219e-12,ok,/home/elads/STAR/full_grid_solar_opacity/runs/T8217p69_rho1p361em08/fac-opacity-cowan-state/starout.h5
8217.690199413082,1.9558636830395073e-08,fac-opacity-cowan-state,T8217p69_rho1p95586em08,0.27602084693126233,5.598437782992388e-12,0.27602084693267837,1.6814584018557866e-12,ok,/home/elads/STAR/full_grid_solar_opacity/runs/T8217p69_rho1p95586em08/fac-opacity-cowan-state/starout.h5
8217.690199413082,2.810728502080722e-08,fac-opacity-cowan-state,T8217p69_rho2p81073em08,0.27602084685577816,8.042338486972715e-12,0.27602084685781103,2.4155343999097097e-12,ok,/home/elads/STAR/full_grid_solar_opacity/runs/T8217p69_rho2p81073em08/fac-opacity-cowan-state/starout.h5
8217.690199413082,4.039235853150913e-08,fac-opacity-cowan-state,T8217p69_rho4p03924em08,0.276020846767205,1.1550717438280795e-11,0.27602084677012484,3.4689591345036914e-12,ok,/home/elads/STAR/full_grid_solar_opacity/runs/T8217p69_rho4p03924em08/fac-opacity-cowan-state/starout.h5
8217.690199413082,5.804696634805446e-08,fac-opacity-cowan-state,T8217p69_rho5p8047em08,0.27602084664992393,1.659308538993983e-11,0.27602084665411847,4.983365050987513e-12,ok,/home/elads/STAR/full_grid_solar_opacity/runs/T8217p69_rho5p8047em08/fac-opacity-cowan-state/starout.h5
8217.690199413082,8.341801332506338e-08,fac-opacity-cowan-state,T8217p69_rho8p3418em08,0.2760208465017262,2.3843530925697692e-11,0.27602084650775394,7.160416067484701e-12,ok,/home/elads/STAR/full_grid_solar_opacity/runs/T8217p69_rho8p3418em08/fac-opacity-cowan-state/starout.h5
8217.690199413082,1.1987818459583772e-07,fac-opacity-cowan-state,T8217p69_rho1p19878em07,0.27602084631886054,3.4260143229043686e-11,0.2760208463275215,1.0288500855628852e-11,ok,/home/elads/STAR/full_grid_solar_opacity/runs/T8217p69_rho1p19878em07/fac-opacity-cowan-state/starout.h5
8217.690199413082,1.7227429147699408e-07,fac-opacity-cowan-state,T8217p69_rho1p72274em07,0.27602084609442235,4.922689128319918e-11,0.27602084610686534,1.478265354608268e-11,ok,/home/elads/STAR/full_grid_solar_opacity/runs/T8217p69_rho1p72274em07/fac-opacity-cowan-state/starout.h5
8217.690199413082,2.4757157946593376e-07,fac-opacity-cowan-state,T8217p69_rho2p47572em07,0.2760208458247782,7.073472162206535e-11,0.2760208458426566,2.124068514616973e-11,ok,/home/elads/STAR/full_grid_solar_opacity/runs/T8217p69_rho2p47572em07/fac-opacity-cowan-state/starout.h5
8217.690199413082,3.557796490339488e-07,fac-opacity-cowan-state,T8217p69_rho3p5578em07,0.276020845492962,1.0164358682892749e-10,0.2760208455186519,3.0520593949386714e-11,ok,/home/elads/STAR/full_grid_solar_opacity/runs/T8217p69_rho3p5578em07/fac-opacity-cowan-state/starout.h5
8217.690199413082,5.112830759482948e-07,fac-opacity-cowan-state,T8217p69_rho5p11283em07,0.27602084509408237,1.4602512193235806e-10,0.27602084513098585,4.384310773231166e-11,ok,/home/elads/STAR/full_grid_solar_opacity/runs/T8217p69_rho5p11283em07/fac-opacity-cowan-state/starout.h5
8217.690199413082,7.347536163492159e-07,fac-opacity-cowan-state,T8217p69_rho7p34754em07,0.2760208446138764,2.0967602433228778e-10,0.276020844666863,6.29498854868633e-11,ok,/home/elads/STAR/full_grid_solar_opacity/runs/T8217p69_rho7p34754em07/fac-opacity-cowan-state/starout.h5
8217.690199413082,1.0558981944335787e-06,fac-opacity-cowan-state,T8217p69_rho1p0559em06,0.2760208440367082,3.0109208680113256e-10,0.2760208441127874,9.038531026537985e-11,ok,/home/elads/STAR/full_grid_solar_opacity/runs/T8217p69_rho1p0559em06/fac-opacity-cowan-state/starout.h5
8217.690199413082,1.517407974863493e-06,fac-opacity-cowan-state,T8217p69_rho1p51741em06,0.27602084334558524,4.3277942537351516e-10,0.27602084345492767,1.2990187110669445e-10,ok,/home/elads/STAR/full_grid_solar_opacity/runs/T8217p69_rho1p51741em06/fac-opacity-cowan-state/starout.h5
8217.690199413082,2.1806334875063253e-06,fac-opacity-cowan-state,T8217p69_rho2p18063em06,0.2760208425207169,6.224984971243442e-10,0.27602084267797194,1.8682276914172222e-10,ok,/home/elads/STAR/full_grid_solar_opacity/runs/T8217p69_rho2p18063em06/fac-opacity-cowan-state/starout.h5
8217.690199413082,3.1337402238588983e-06,fac-opacity-cowan-state,T8217p69_rho3p13374em06,0.27602084153827944,8.942260361629971e-10,0.2760208417641477,2.6833091654375755e-10,ok,/home/elads/STAR/full_grid_solar_opacity/runs/T8217p69_rho3p13374em06/fac-opacity-cowan-state/starout.h5
8217.690199413082,4.503428864545845e-06,fac-opacity-cowan-state,T8217p69_rho4p50343em06,0.2760208403562119,1.3066199502613801e-09,0.2760208406877226,3.935903265648429e-10,ok,/home/elads/STAR/full_grid_solar_opacity/runs/T8217p69_rho4p50343em06/fac-opacity-cowan-state/starout.h5
8217.690199413082,6.471778159406801e-06,fac-opacity-cowan-state,T8217p69_rho6p47178em06,0.2760208389421988,1.881773369112536e-09,0.27602083941953565,5.667215015089961e-10,ok,/home/elads/STAR/full_grid_solar_opacity/runs/T8217p69_rho6p47178em06/fac-opacity-cowan-state/starout.h5
8217.690199413082,9.300449458481393e-06,fac-opacity-cowan-state,T8217p69_rho9p30045em06,0.27602083723944454,2.7218827821408705e-09,0.27602083793098137,8.208239742985845e-10,ok,/home/elads/STAR/full_grid_solar_opacity/runs/T8217p69_rho9p30045em06/fac-opacity-cowan-state/starout.h5
8217.690199413082,1.3365470508911143e-05,fac-opacity-cowan-state,T8217p69_rho1p33655em05,0.2760208353168785,3.900847342489826e-09,0.27602083630770935,1.1760510575683176e-09,ok,/home/elads/STAR/full_grid_solar_opacity/runs/T8217p69_rho1p33655em05/fac-opacity-cowan-state/starout.h5
8217.690199413082,1.920722248123928e-05,fac-opacity-cowan-state,T8217p69_rho1p92072em05,0.27602083286027684,5.600022430728198e-09,0.2760208342823168,1.6878322787820553e-09,ok,/home/elads/STAR/full_grid_solar_opacity/runs/T8217p69_rho1p92072em05/fac-opacity-cowan-state/starout.h5
8217.690199413082,2.760227522090268e-05,fac-opacity-cowan-state,T8217p69_rho2p76023em05,0.2760208301479526,8.058571615562247e-09,0.2760208321936534,2.4280016489452777e-09,ok,/home/elads/STAR/full_grid_solar_opacity/runs/T8217p69_rho2p76023em05/fac-opacity-cowan-state/starout.h5
8217.690199413082,3.966662010161191e-05,fac-opacity-cowan-state,T8217p69_rho3p96666em05,0.27602082659729105,1.1578465397836695e-08,0.2760208295352655,3.486938306057254e-09,ok,/home/elads/STAR/full_grid_solar_opacity/runs/T8217p69_rho3p96666em05/fac-opacity-cowan-state/starout.h5
8217.690199413082,5.7004023678963655e-05,fac-opacity-cowan-state,T8217p69_rho5p7004em05,0.27602082241903425,1.6616842743668718e-08,0.2760208266331837,5.0014493776425965e-09,ok,/home/elads/STAR/full_grid_solar_opacity/runs/T8217p69_rho5p7004em05/fac-opacity-cowan-state/starout.h5
8217.690199413082,8.191922344953684e-05,fac-opacity-cowan-state,T8217p69_rho8p19192em05,0.27602082327059935,2.3889699578051574e-08,0.2760208293249416,7.185321530021112e-09,ok,/home/elads/STAR/full_grid_solar_opacity/runs/T8217p69_rho8p19192em05/fac-opacity-cowan-state/starout.h5
8217.690199413082,0.00011772430676769293,fac-opacity-cowan-state,T8217p69_rho0p000117724,0.27602083618483547,3.4296492649360474e-08,0.2760208448709947,1.0308321891569367e-08,ok,/home/elads/STAR/full_grid_solar_opacity/runs/T8217p69_rho0p000117724/fac-opacity-cowan-state/starout.h5
8217.690199413082,0.00016917900122028344,fac-opacity-cowan-state,T8217p69_rho0p000169179,0.27602083227046936,5.0916328640588475e-08,0.27602084548723915,1.562983382854716e-08,ok,/home/elads/STAR/full_grid_solar_opacity/runs/T8217p69_rho0p000169179/fac-opacity-cowan-state/starout.h5
8217.690199413082,0.0002431234061999784,fac-opacity-cowan-state,T8217p69_rho0p000243123,0.276020827371642,7.311795921940603e-08,0.2760208463369673,2.2426445799322068e-08,ok,/home/elads/STAR/full_grid_solar_opacity/runs/T8217p69_rho0p000243123/fac-opacity-cowan-state/starout.h5
8217.690199413082,0.0003493872774749123,fac-opacity-cowan-state,T8217p69_rho0p000349387,0.27602082035670583,1.0500131901314268e-07,0.2760208475685102,3.217529338688102e-08,ok,/home/elads/STAR/full_grid_solar_opacity/runs/T8217p69_rho0p000349387/fac-opacity-cowan-state/starout.h5
8217.690199413082,0.0005020967399614471,fac-opacity-cowan-state,T8217p69_rho0p000502097,0.27602080467878526,1.507758753166709e-07,0.27602084371309626,4.6150153981009147e-08,ok,/home/elads/STAR/full_grid_solar_opacity/runs/T8217p69_rho0p000502097/fac-opacity-cowan-state/starout.h5
8217.690199413082,0.0007215521357901021,fac-opacity-cowan-state,T8217p69_rho0p000721552,0.27602080058518735,2.1646320001107637e-07,0.27602085655415987,6.616591335922835e-08,ok,/home/elads/STAR/full_grid_solar_opacity/runs/T8217p69_rho0p000721552/fac-opacity-cowan-state/starout.h5
8217.690199413082,0.0010369266382873438,fac-opacity-cowan-state,T8217p69_rho0p00103693,0.27602078626784693,3.1075394336412423e-07,0.27602086650368646,9.484334875744803e-08,ok,/home/elads/STAR/full_grid_solar_opacity/runs/T8217p69_rho0p00103693/fac-opacity-cowan-state/starout.h5
8217.690199413082,0.0014901443705277455,fac-opacity-cowan-state,T8217p69_rho0p00149014,0.2760207647766019,4.460605040661684e-07,0.2760208797572458,1.3589671588804598e-07,ok,/home/elads/STAR/full_grid_solar_opacity/runs/T8217p69_rho0p00149014/fac-opacity-cowan-state/starout.h5
8217.690199413082,0.002141453563853953,fac-opacity-cowan-state,T8217p69_rho0p00214145,0.2760207287602919,6.401728513585661e-07,0.27602089345386904,1.946264410650505e-07,ok,/home/elads/STAR/full_grid_solar_opacity/runs/T8217p69_rho0p00214145/fac-opacity-cowan-state/starout.h5
8217.690199413082,0.003077435620898055,fac-opacity-cowan-state,T8217p69_rho0p00307744,0.27602070004596624,9.186621995381118e-07,0.27602093585927706,2.7862790495371735e-07,ok,/home/elads/STAR/full_grid_solar_opacity/runs/T8217p69_rho0p00307744/fac-opacity-cowan-state/starout.h5
8217.690199413082,0.004422514763163053,fac-opacity-cowan-state,T8217p69_rho0p00442251,0.2760206455806151,1.3181567530295232e-06,0.27602098307553063,3.9869875831504425e-07,ok,/home/elads/STAR/full_grid_solar_opacity/runs/T8217p69_rho0p00442251/fac-opacity-cowan-state/starout.h5
8217.690199413082,0.006355498291362301,fac-opacity-cowan-state,T8217p69_rho0p0063555,0.2760205802242532,1.8911128451005734e-06,0.27602106295292633,5.70159783013416e-07,ok,/home/elads/STAR/full_grid_solar_opacity/runs/T8217p69_rho0p0063555/fac-opacity-cowan-state/starout.h5
8217.690199413082,0.009133346228248624,fac-opacity-cowan-state,T8217p69_rho0p00913335,0.2760204842562296,2.713008260600322e-06,0.2760211743571698,8.149193649201157e-07,ok,/home/elads/STAR/full_grid_solar_opacity/runs/T8217p69_rho0p00913335/fac-opacity-cowan-state/starout.h5
8217.690199413082,0.01312533014735226,fac-opacity-cowan-state,T8217p69_rho0p0131253,0.276020380039745,3.891872924438279e-06,0.27602136608618916,1.1641017672277089e-06,ok,/home/elads/STAR/full_grid_solar_opacity/runs/T8217p69_rho0p0131253/fac-opacity-cowan-state/starout.h5
8217.690199413082,0.018862122071335155,fac-opacity-cowan-state,T8217p69_rho0p0188621,0.2760202650190223,5.582008485848386e-06,0.27602167275774775,1.6614877443035572e-06,ok,/home/elads/STAR/full_grid_solar_opacity/runs/T8217p69_rho0p0188621/fac-opacity-cowan-state/starout.h5
8217.690199413082,0.02710633904364831,fac-opacity-cowan-state,T8217p69_rho0p0271063,0.27602012421596483,8.005786489799508e-06,0.2760221324380946,2.369502799050246e-06,ok,/home/elads/STAR/full_grid_solar_opacity/runs/T8217p69_rho0p0271063/fac-opacity-cowan-state/starout.h5
8217.690199413082,0.038953921174427183,fac-opacity-cowan-state,T8217p69_rho0p0389539,0.2760199504399368,1.1479864432785213e-05,0.2760228122879189,3.375594806988781e-06,ok,/home/elads/STAR/full_grid_solar_opacity/runs/T8217p69_rho0p0389539/fac-opacity-cowan-state/starout.h5
8217.690199413082,0.0559798197912329,fac-opacity-cowan-state,T8217p69_rho0p0559798,0.2760196937199768,1.6457033236674387e-05,0.2760237666630135,4.802426861650847e-06,ok,/home/elads/STAR/full_grid_solar_opacity/runs/T8217p69_rho0p0559798/fac-opacity-cowan-state/starout.h5
8217.690199413082,0.08044736266284185,fac-opacity-cowan-state,T8217p69_rho0p0804474,0.2760194137603524,2.358440067136625e-05,0.27602520162823646,6.821920708735588e-06,ok,/home/elads/STAR/full_grid_solar_opacity/runs/T8217p69_rho0p0804474/fac-opacity-cowan-state/starout.h5
8217.690199413082,0.11560912813835741,fac-opacity-cowan-state,T8217p69_rho0p115609,0.27601903451774934,3.37884887909757e-05,0.2760272462696871,9.674818379869528e-06,ok,/home/elads/STAR/full_grid_solar_opacity/runs/T8217p69_rho0p115609/fac-opacity-cowan-state/starout.h5
8217.690199413082,0.1661393247274789,fac-opacity-cowan-state,T8217p69_rho0p166139,0.2760185435617832,4.839543569030657e-05,0.2760301752910111,1.3697640386674352e-05,ok,/home/elads/STAR/full_grid_solar_opacity/runs/T8217p69_rho0p166139/fac-opacity-cowan-state/starout.h5
8217.690199413082,0.23875515424585794,fac-opacity-cowan-state,T8217p69_rho0p238755,0.27601787270496225,6.929627321476908e-05,0.2760343196825016,1.9357406293028434e-05,ok,/home/elads/STAR/full_grid_solar_opacity/runs/T8217p69_rho0p238755/fac-opacity-cowan-state/starout.h5
8217.690199413082,0.34310975906798746,fac-opacity-cowan-state,T8217p69_rho0p34311,0.2760165278046362,9.924997294755996e-05,0.27603975831942323,2.7322977300723574e-05,ok,/home/elads/STAR/full_grid_solar_opacity/runs/T8217p69_rho0p34311/fac-opacity-cowan-state/starout.h5
8217.690199413082,0.49307545690287347,fac-opacity-cowan-state,T8217p69_rho0p493075,0.2760148967577287,0.0001421745259796556,0.2760476692581043,3.851399623113848e-05,ok,/home/elads/STAR/full_grid_solar_opacity/runs/T8217p69_rho0p493075/fac-opacity-cowan-state/starout.h5
8217.690199413082,0.7085878491488851,fac-opacity-cowan-state,T8217p69_rho0p708588,0.2760125391596469,0.00020372930312217435,0.276058726628721,5.4223413267691375e-05,ok,/home/elads/STAR/full_grid_solar_opacity/runs/T8217p69_rho0p708588/fac-opacity-cowan-state/starout.h5
8217.690199413082,1.0182959482819007,fac-opacity-cowan-state,T8217p69_rho1p0183,0.27600915040695034,0.00029205507838357415,0.27607418333209777,7.625137663408183e-05,ok,/home/elads/STAR/full_grid_solar_opacity/runs/T8217p69_rho1p0183/fac-opacity-cowan-state/starout.h5
8217.690199413082,1.4633706173946401,fac-opacity-cowan-state,T8217p69_rho1p46337,0.27600429638878093,0.00041884240400354356,0.27609576810469305,0.00010708725323939595,ok,/home/elads/STAR/full_grid_solar_opacity/runs/T8217p69_rho1p46337/fac-opacity-cowan-state/starout.h5
8217.690199413082,2.1029775945461404,fac-opacity-cowan-state,T8217p69_rho2p10298,0.2759973353600591,0.0006009048040049793,0.2761258384365243,0.00015016705135128297,ok,/home/elads/STAR/full_grid_solar_opacity/runs/T8217p69_rho2p10298/fac-opacity-cowan-state/starout.h5
8217.690199413082,3.0221426551783854,fac-opacity-cowan-state,T8217p69_rho3p02214,0.27598731595653114,0.0008623577916789857,0.27616756765221134,0.00021019039579820792,ok,/home/elads/STAR/full_grid_solar_opacity/runs/T8217p69_rho3p02214/fac-opacity-cowan-state/starout.h5
8217.690199413082,4.343054463316713,fac-opacity-cowan-state,T8217p69_rho4p34305,0.27597299065732783,0.0012378405285914237,0.2762253686319426,0.0002935679533506796,ok,/home/elads/STAR/full_grid_solar_opacity/runs/T8217p69_rho4p34305/fac-opacity-cowan-state/starout.h5
8217.690199413082,6.241307649397467,fac-opacity-cowan-state,T8217p69_rho6p24131,0.2759525460773195,0.0017770438618492056,0.2763051476882745,0.00040898175268778807,ok,/home/elads/STAR/full_grid_solar_opacity/runs/T8217p69_rho6p24131/fac-opacity-cowan-state/starout.h5
8217.690199413082,8.969245378672715,fac-opacity-cowan-state,T8217p69_rho8p96925,0.2759233941035639,0.002551187014960202,0.2764147806292588,0.0005681054496074084,ok,/home/elads/STAR/full_grid_solar_opacity/runs/T8217p69_rho8p96925/fac-opacity-cowan-state/starout.h5
8217.690199413082,12.889504440725364,fac-opacity-cowan-state,T8217p69_rho12p8895,0.27588192629685804,0.0036623699013715915,0.27656479263639266,0.0007865649823938029,ok,/home/elads/STAR/full_grid_solar_opacity/runs/T8217p69_rho12p8895/fac-opacity-cowan-state/starout.h5
8217.690199413082,18.52322215674118,fac-opacity-cowan-state,T8217p69_rho18p5232,0.2758230935564552,0.005256734688732193,0.2767690842608583,0.0010850950234138077,ok,/home/elads/STAR/full_grid_solar_opacity/runs/T8217p69_rho18p5232/fac-opacity-cowan-state/starout.h5
8217.690199413082,26.61931346126126,fac-opacity-cowan-state,T8217p69_rho26p6193,0.27573989671385685,0.007543225692860133,0.27704590315416794,0.0014909999905882508,ok,/home/elads/STAR/full_grid_solar_opacity/runs/T8217p69_rho26p6193/fac-opacity-cowan-state/starout.h5
8217.690199413082,38.254027466328665,fac-opacity-cowan-state,T8217p69_rho38p254,0.2756225412147441,0.010819945389118915,0.27741883568922077,0.002039910488831836,ok,/home/elads/STAR/full_grid_solar_opacity/runs/T8217p69_rho38p254/fac-opacity-cowan-state/starout.h5
8217.690199413082,54.97401800103719,fac-opacity-cowan-state,T8217p69_rho54p974,0.2754576219924326,0.015511435979270585,0.27791831966179165,0.0027779545574800842,ok,/home/elads/STAR/full_grid_solar_opacity/runs/T8217p69_rho54p974/fac-opacity-cowan-state/starout.h5
8217.690199413082,79.0019471240894,fac-opacity-cowan-state,T8217p69_rho79p0019,0.2752272262760919,0.022220474221227797,0.2785835041270627,0.003764229215403343,ok,/home/elads/STAR/full_grid_solar_opacity/runs/T8217p69_rho79p0019/fac-opacity-cowan-state/starout.h5
8217.690199413082,113.53195339077567,fac-opacity-cowan-state,T8217p69_rho113p532,0.27490719847124695,0.03179945779151987,0.2794638001624049,0.005073665049261375,ok,/home/elads/STAR/full_grid_solar_opacity/runs/T8217p69_rho113p532/fac-opacity-cowan-state/starout.h5
8217.690199413082,163.15426277379785,fac-opacity-cowan-state,T8217p69_rho163p154,0.27446616487305064,0.04544565336330092,0.28062157709067514,0.0068001285067885945,ok,/home/elads/STAR/full_grid_solar_opacity/runs/T8217p69_rho163p154/fac-opacity-cowan-state/starout.h5
8217.690199413082,234.46538763970608,fac-opacity-cowan-state,T8217p69_rho234p465,0.2738644274836397,0.06482633248629037,0.28213513195189627,0.009059894452639012,ok,/home/elads/STAR/full_grid_solar_opacity/runs/T8217p69_rho234p465/fac-opacity-cowan-state/starout.h5
8217.690199413082,336.94503022121665,fac-opacity-cowan-state,T8217p69_rho336p945,0.2730540321642372,0.09223788820956483,0.2841024740542361,0.011994895897773639,ok,/home/elads/STAR/full_grid_solar_opacity/runs/T8217p69_rho336p945/fac-opacity-cowan-state/starout.h5
8217.690199413082,484.21626123015125,fac-opacity-cowan-state,T8217p69_rho484p216,0.27198110364257994,0.1307907263228869,0.2866464497170371,0.015775701586725626,ok,/home/elads/STAR/full_grid_solar_opacity/runs/T8217p69_rho484p216/fac-opacity-cowan-state/starout.h5
8217.690199413082,695.8564947100452,fac-opacity-cowan-state,T8217p69_rho695p856,0.270593355160441,0.18460479075879388,0.2899230015195456,0.020603872161581962,ok,/home/elads/STAR/full_grid_solar_opacity/runs/T8217p69_rho695p856/fac-opacity-cowan-state/starout.h5
8217.690199413082,1000.0,fac-opacity-cowan-state,T8217p69_rho1000,0.2688520580473272,0.2589344640194791,0.2941285294469123,0.0267117214826782,ok,/home/elads/STAR/full_grid_solar_opacity/runs/T8217p69_rho1000/fac-opacity-cowan-state/starout.h5
9046.69936532753,1e-17,fac-opacity-cowan-state,T9046p7_rho1em17,0.2752139753974443,2.0536640617640734e-21,0.2752139753974443,6.068493841481913e-22,ok,/home/elads/STAR/full_grid_solar_opacity/runs/T9046p7_rho1em17/fac-opacity-cowan-state/starout.h5
9046.69936532753,1.4370779141993746e-17,fac-opacity-cowan-state,T9046p7_rho1p43708em17,0.2752139753974438,2.94073848454888e-21,0.2752139753974438,8.689837068840274e-22,ok,/home/elads/STAR/full_grid_solar_opacity/runs/T9046p7_rho1p43708em17/fac-opacity-cowan-state/starout.h5
9046.69936532753,2.065192931479625e-17,fac-opacity-cowan-state,T9046p7_rho2p06519em17,0.2752139753974443,4.215548612886001e-21,0.2752139753974443,1.245695640020524e-21,ok,/home/elads/STAR/full_grid_solar_opacity/runs/T9046p7_rho2p06519em17/fac-opacity-cowan-state/starout.h5
9046.69936532753,2.9678431503900313e-17,fac-opacity-cowan-state,T9046p7_rho2p96784em17,0.27521397539744524,6.048523784297122e-21,0.27521397539744524,1.787338067504373e-21,ok,/home/elads/STAR/full_grid_solar_opacity/runs/T9046p7_rho2p96784em17/fac-opacity-cowan-state/starout.h5
9046.69936532753,4.2650218442334076e-17,fac-opacity-cowan-state,T9046p7_rho4p26502em17,0.2752139753974445,8.684009541279668e-21,0.2752139753974445,2.566108030532762e-21,ok,/home/elads/STAR/full_grid_solar_opacity/runs/T9046p7_rho4p26502em17/fac-opacity-cowan-state/starout.h5
9046.69936532753,6.129168695925715e-17,fac-opacity-cowan-state,T9046p7_rho6p12917em17,0.2752139753974442,1.2475528293531263e-20,0.27521397539744413,3.686486735105081e-21,ok,/home/elads/STAR/full_grid_solar_opacity/runs/T9046p7_rho6p12917em17/fac-opacity-cowan-state/starout.h5
9046.69936532753,8.808092965317026e-17,fac-opacity-cowan-state,T9046p7_rho8p80809em17,0.2752139753974432,1.7928264911436513e-20,0.2752139753974432,5.29775677526111e-21,ok,/home/elads/STAR/full_grid_solar_opacity/runs/T9046p7_rho8p80809em17/fac-opacity-cowan-state/starout.h5
9046.69936532753,1.2657915866672028e-16,fac-opacity-cowan-state,T9046p7_rho1p26579em16,0.27521397539744535,2.576425020936858e-20,0.27521397539744535,7.61327079977446e-21,ok,/home/elads/STAR/full_grid_solar_opacity/runs/T9046p7_rho1p26579em16/fac-opacity-cowan-state/starout.h5
9046.69936532753,1.819041133178821e-16,fac-opacity-cowan-state,T9046p7_rho1p81904em16,0.27521397539744413,3.7025131959184476e-20,0.27521397539744413,1.0940833365670876e-20,ok,/home/elads/STAR/full_grid_solar_opacity/runs/T9046p7_rho1p81904em16/fac-opacity-cowan-state/starout.h5
9046.69936532753,2.6141038375114865e-16,fac-opacity-cowan-state,T9046p7_rho2p6141em16,0.27521397539744413,5.3207833482860853e-20,0.27521397539744413,1.572278162574358e-20,ok,/home/elads/STAR/full_grid_solar_opacity/runs/T9046p7_rho2p6141em16/fac-opacity-cowan-state/starout.h5
9046.69936532753,3.7566708903116036e-16,fac-opacity-cowan-state,T9046p7_rho3p75667em16,0.275213975397444,7.646353867297177e-20,0.275213975397444,2.25947853644788e-20,ok,/home/elads/STAR/full_grid_solar_opacity/runs/T9046p7_rho3p75667em16/fac-opacity-cowan-state/starout.h5
9046.69936532753,5.398628767382507e-16,fac-opacity-cowan-state,T9046p7_rho5p39863em16,0.2752139753974444,1.098836381621852e-19,0.2752139753974444,3.247034340860633e-20,ok,/home/elads/STAR/full_grid_solar_opacity/runs/T9046p7_rho5p39863em16/fac-opacity-cowan-state/starout.h5
9046.69936532753,7.758250168566793e-16,fac-opacity-cowan-state,T9046p7_rho7p75825em16,0.27521397539744585,1.5791067330716656e-19,0.27521397539744585,4.666221628087896e-20,ok,/home/elads/STAR/full_grid_solar_opacity/runs/T9046p7_rho7p75825em16/fac-opacity-cowan-state/starout.h5
9046.69936532753,1.1149209970080914e-15,fac-opacity-cowan-state,T9046p7_rho1p11492em15,0.2752139753974461,2.2692885882507393e-19,0.2752139753974461,6.70569253656935e-20,ok,/home/elads/STAR/full_grid_solar_opacity/runs/T9046p7_rho1p11492em15/fac-opacity-cowan-state/starout.h5
9046.69936532753,1.6022283408774753e-15,fac-opacity-cowan-state,T9046p7_rho1p60223em15,0.2752139753974452,3.261127196569574e-19,0.2752139753974452,9.636552291230471e-20,ok,/home/elads/STAR/full_grid_solar_opacity/runs/T9046p7_rho1p60223em15/fac-opacity-cowan-state/starout.h5
9046.69936532753,2.3025269621793266e-15,fac-opacity-cowan-state,T9046p7_rho2p30253em15,0.2752139753974447,4.686466418212275e-19,0.27521397539744463,1.3848396620243977e-19,ok,/home/elads/STAR/full_grid_solar_opacity/runs/T9046p7_rho2p30253em15/fac-opacity-cowan-state/starout.h5
9046.69936532753,3.308910644196489e-15,fac-opacity-cowan-state,T9046p7_rho3p30891em15,0.27521397539222914,6.734774001696279e-19,0.2752139753922292,1.9901098842053987e-19,ok,/home/elads/STAR/full_grid_solar_opacity/runs/T9046p7_rho3p30891em15/fac-opacity-cowan-state/starout.h5
9046.69936532753,4.755162406834019e-15,fac-opacity-cowan-state,T9046p7_rho4p75516em15,0.27521397539744563,9.678326550360115e-19,0.2752139753974456,2.859923032280299e-19,ok,/home/elads/STAR/full_grid_solar_opacity/runs/T9046p7_rho4p75516em15/fac-opacity-cowan-state/starout.h5
9046.69936532753,6.8335388732923106e-15,fac-opacity-cowan-state,T9046p7_rho6p83354em15,0.2752139753974455,1.3908402553945769e-18,0.2752139753974455,4.1099012185420473e-19,ok,/home/elads/STAR/full_grid_solar_opacity/runs/T9046p7_rho6p83354em15/fac-opacity-cowan-state/starout.h5
9046.69936532753,9.820327790631256e-15,fac-opacity-cowan-state,T9046p7_rho9p82033em15,0.2752139753974453,1.9987291107067943e-18,0.27521397539744535,5.906199904335594e-19,ok,/home/elads/STAR/full_grid_solar_opacity/runs/T9046p7_rho9p82033em15/fac-opacity-cowan-state/starout.h5
9046.69936532753,1.4112576178114521e-14,fac-opacity-cowan-state,T9046p7_rho1p41126em14,0.27521397539744463,2.872303876442397e-18,0.2752139753974446,8.487595235998357e-19,ok,/home/elads/STAR/full_grid_solar_opacity/runs/T9046p7_rho1p41126em14/fac-opacity-cowan-state/starout.h5
9046.69936532753,2.0280871538024598e-14,fac-opacity-cowan-state,T9046p7_rho2p02809em14,0.2752139753974447,4.127685590471106e-18,0.2752139753974447,1.219722321979412e-18,ok,/home/elads/STAR/full_grid_solar_opacity/runs/T9046p7_rho2p02809em14/fac-opacity-cowan-state/starout.h5
9046.69936532753,2.914519256800997e-14,fac-opacity-cowan-state,T9046p7_rho2p91452em14,0.275213975397446,5.931747411964616e-18,0.275213975397446,1.7528191692536147e-18,ok,/home/elads/STAR/full_grid_solar_opacity/runs/T9046p7_rho2p91452em14/fac-opacity-cowan-state/starout.h5
9046.69936532753,4.188391254457488e-14,fac-opacity-cowan-state,T9046p7_rho4p18839em14,0.2752139753974443,8.524297008286089e-18,0.2752139753974443,2.51891290297472e-18,ok,/home/elads/STAR/full_grid_solar_opacity/runs/T9046p7_rho4p18839em14/fac-opacity-cowan-state/starout.h5
9046.69936532753,6.019044567806669e-14,fac-opacity-cowan-state,T9046p7_rho6p01904em14,0.27521397539744463,1.2249954233165097e-17,0.2752139753974446,3.6198382923550344e-18,ok,/home/elads/STAR/full_grid_solar_opacity/runs/T9046p7_rho6p01904em14/fac-opacity-cowan-state/starout.h5
9046.69936532753,8.649836012976684e-14,fac-opacity-cowan-state,T9046p7_rho8p64984em14,0.27521397539744685,1.7603963483259442e-17,0.27521397539744685,5.201939655948017e-18,ok,/home/elads/STAR/full_grid_solar_opacity/runs/T9046p7_rho8p64984em14/fac-opacity-cowan-state/starout.h5
9046.69936532753,1.2430488295695167e-13,fac-opacity-cowan-state,T9046p7_rho1p24305em13,0.27521397539744447,2.5298029275431665e-17,0.2752139753974445,7.475525194752763e-18,ok,/home/elads/STAR/full_grid_solar_opacity/runs/T9046p7_rho1p24305em13/fac-opacity-cowan-state/starout.h5
9046.69936532753,1.7863580192457348e-13,fac-opacity-cowan-state,T9046p7_rho1p78636em13,0.2752139753974445,3.635493226720719e-17,0.2752139753974445,1.0742826185474544e-17,ok,/home/elads/STAR/full_grid_solar_opacity/runs/T9046p7_rho1p78636em13/fac-opacity-cowan-state/starout.h5
9046.69936532753,2.567135656310987e-13,fac-opacity-cowan-state,T9046p7_rho2p56714em13,0.27521397539744213,5.22445006538441e-17,0.2752139753974421,1.5438176488623435e-17,ok,/home/elads/STAR/full_grid_solar_opacity/runs/T9046p7_rho2p56714em13/fac-opacity-cowan-state/starout.h5
9046.69936532753,3.6891739544382357e-13,fac-opacity-cowan-state,T9046p7_rho3p68917em13,0.2752139753974418,7.507902149805617e-17,0.2752139753974418,2.2185758103850694e-17,ok,/home/elads/STAR/full_grid_solar_opacity/runs/T9046p7_rho3p68917em13/fac-opacity-cowan-state/starout.h5
9046.69936532753,5.301630411562758e-13,fac-opacity-cowan-state,T9046p7_rho5p30163em13,0.27521397539743875,1.0789409641591998e-16,0.2752139753974388,3.1882591882314e-17,ok,/home/elads/STAR/full_grid_solar_opacity/runs/T9046p7_rho5p30163em13/fac-opacity-cowan-state/starout.h5
9046.69936532753,7.618855973704612e-13,fac-opacity-cowan-state,T9046p7_rho7p61886em13,0.2752139753961451,1.5505221934455033e-16,0.2752139753961452,4.581779802031765e-17,ok,/home/elads/STAR/full_grid_solar_opacity/runs/T9046p7_rho7p61886em13/fac-opacity-cowan-state/starout.h5
9046.69936532753,1.0948889651276868e-12,fac-opacity-cowan-state,T9046p7_rho1p09489em12,0.27521397539699166,2.2282286109439316e-16,0.2752139753969918,6.584401283732813e-17,ok,/home/elads/STAR/full_grid_solar_opacity/runs/T9046p7_rho1p09489em12/fac-opacity-cowan-state/starout.h5
9046.69936532753,1.5734407502856082e-12,fac-opacity-cowan-state,T9046p7_rho1p57344em12,0.2752139753974307,3.2021617070112005e-16,0.2752139753974308,9.462374642277439e-17,ok,/home/elads/STAR/full_grid_solar_opacity/runs/T9046p7_rho1p57344em12/fac-opacity-cowan-state/starout.h5
9046.69936532753,2.26115695153675e-12,fac-opacity-cowan-state,T9046p7_rho2p26116em12,0.27521397539742365,4.601812728911639e-16,0.2752139753974237,1.3598348144141425e-16,ok,/home/elads/STAR/full_grid_solar_opacity/runs/T9046p7_rho2p26116em12/fac-opacity-cowan-state/starout.h5
9046.69936532753,3.249458715591849e-12,fac-opacity-cowan-state,T9046p7_rho3p24946em12,0.27521397539892845,6.613288805297553e-16,0.2752139753989286,1.9542271424216934e-16,ok,/home/elads/STAR/full_grid_solar_opacity/runs/T9046p7_rho3p24946em12/fac-opacity-cowan-state/starout.h5
9046.69936532753,4.669725353279713e-12,fac-opacity-cowan-state,T9046p7_rho4p66973em12,0.27521397539739784,9.50407880877776e-16,0.275213975397398,2.808457662557823e-16,ok,/home/elads/STAR/full_grid_solar_opacity/runs/T9046p7_rho4p66973em12/fac-opacity-cowan-state/starout.h5
9046.69936532753,6.710759170575148e-12,fac-opacity-cowan-state,T9046p7_rho6p71076em12,0.27521397539737796,1.3658668946723313e-15,0.2752139753973783,4.036142286312873e-16,ok,/home/elads/STAR/full_grid_solar_opacity/runs/T9046p7_rho6p71076em12/fac-opacity-cowan-state/starout.h5
9046.69936532753,9.64388379154446e-12,fac-opacity-cowan-state,T9046p7_rho9p64388em12,0.27521397539734677,1.9629794196776067e-15,0.27521397539734727,5.800613982546512e-16,ok,/home/elads/STAR/full_grid_solar_opacity/runs/T9046p7_rho9p64388em12/fac-opacity-cowan-state/starout.h5
9046.69936532753,1.3859012403933867e-11,fac-opacity-cowan-state,T9046p7_rho1p3859em11,0.2752139753973058,2.821221491556842e-15,0.2752139753973065,8.336723363437268e-16,ok,/home/elads/STAR/full_grid_solar_opacity/runs/T9046p7_rho1p3859em11/fac-opacity-cowan-state/starout.h5
9046.69936532753,1.9916480638308542e-11,fac-opacity-cowan-state,T9046p7_rho1p99165em11,0.275213975397244,4.054862512906508e-15,0.27521397539724496,1.1982132859430988e-15,ok,/home/elads/STAR/full_grid_solar_opacity/runs/T9046p7_rho1p99165em11/fac-opacity-cowan-state/starout.h5
9046.69936532753,2.8621534453892672e-11,fac-opacity-cowan-state,T9046p7_rho2p86215em11,0.27521397539715525,5.828042200694433e-15,0.2752139753971566,1.7221866485513176e-15,ok,/home/elads/STAR/full_grid_solar_opacity/runs/T9046p7_rho2p86215em11/fac-opacity-cowan-state/starout.h5
9046.69936532753,4.1131375034185614e-11,fac-opacity-cowan-state,T9046p7_rho4p11314em11,0.2752139753964079,8.37622615967359e-15,0.2752139753964099,2.475170640647268e-15,ok,/home/elads/STAR/full_grid_solar_opacity/runs/T9046p7_rho4p11314em11/fac-opacity-cowan-state/starout.h5
9046.69936532753,5.910899064227969e-11,fac-opacity-cowan-state,T9046p7_rho5p9109em11,0.2752139753968476,1.2037724064231345e-14,0.2752139753968506,3.557132563128677e-15,ok,/home/elads/STAR/full_grid_solar_opacity/runs/T9046p7_rho5p9109em11/fac-opacity-cowan-state/starout.h5
9046.69936532753,8.4944224982638e-11,fac-opacity-cowan-state,T9046p7_rho8p49442em11,0.2752139753965872,1.7299740244768095e-14,0.27521397539659137,5.112037064064599e-15,ok,/home/elads/STAR/full_grid_solar_opacity/runs/T9046p7_rho8p49442em11/fac-opacity-cowan-state/starout.h5
9046.69936532753,1.2207146966133182e-10,fac-opacity-cowan-state,T9046p7_rho1p22071em10,0.27521397539621306,2.4862013477838084e-14,0.2752139753962192,7.346652194260114e-15,ok,/home/elads/STAR/full_grid_solar_opacity/runs/T9046p7_rho1p22071em10/fac-opacity-cowan-state/starout.h5
9046.69936532753,1.7542621300415897e-10,fac-opacity-cowan-state,T9046p7_rho1p75426em10,0.2752139753956759,3.5728283205570875e-14,0.27521397539568454,1.0557578788353733e-14,ok,/home/elads/STAR/full_grid_solar_opacity/runs/T9046p7_rho1p75426em10/fac-opacity-cowan-state/starout.h5
9046.69936532753,2.52101136279913e-10,fac-opacity-cowan-state,T9046p7_rho2p52101em10,0.2752139753949053,5.1340782608776226e-14,0.2752139753949179,1.5170992572420758e-14,ok,/home/elads/STAR/full_grid_solar_opacity/runs/T9046p7_rho2p52101em10/fac-opacity-cowan-state/starout.h5
9046.69936532753,3.6228897509242966e-10,fac-opacity-cowan-state,T9046p7_rho3p62289em10,0.2752139753938141,7.37740064936183e-14,0.275213975393832,2.1799891660097683e-14,ok,/home/elads/STAR/full_grid_solar_opacity/runs/T9046p7_rho3p62289em10/fac-opacity-cowan-state/starout.h5
9046.69936532753,5.20637484663258e-10,fac-opacity-cowan-state,T9046p7_rho5p20637em10,0.2752139753922092,1.0601412410032784e-13,0.2752139753922352,3.1326639676436333e-14,ok,/home/elads/STAR/full_grid_solar_opacity/runs/T9046p7_rho5p20637em10/fac-opacity-cowan-state/starout.h5
9046.69936532753,7.481966305138837e-10,fac-opacity-cowan-state,T9046p7_rho7p48197em10,0.275213975389937,1.5236075791330698e-13,0.27521397538997433,4.5021654967323847e-14,ok,/home/elads/STAR/full_grid_solar_opacity/runs/T9046p7_rho7p48197em10/fac-opacity-cowan-state/starout.h5
9046.69936532753,1.0752168531898921e-09,fac-opacity-cowan-state,T9046p7_rho1p07522em09,0.27064612561039536,2.1877588884108747e-13,0.270646125610449,6.467301453883338e-14,ok,/home/elads/STAR/full_grid_solar_opacity/runs/T9046p7_rho1p07522em09/fac-opacity-cowan-state/starout.h5
9046.69936532753,1.5451703926941453e-09,fac-opacity-cowan-state,T9046p7_rho1p54517em09,0.27064612560582424,3.146231562387494e-13,0.2706461256059011,9.29928233024112e-14,ok,/home/elads/STAR/full_grid_solar_opacity/runs/T9046p7_rho1p54517em09/fac-opacity-cowan-state/starout.h5
9046.69936532753,2.220530245015531e-09,fac-opacity-cowan-state,T9046p7_rho2p22053em09,0.2706461255993485,4.5220740880297474e-13,0.2706461255994593,1.3365173633261638e-13,ok,/home/elads/STAR/full_grid_solar_opacity/runs/T9046p7_rho2p22053em09/fac-opacity-cowan-state/starout.h5
9046.69936532753,3.1910749729235452e-09,fac-opacity-cowan-state,T9046p7_rho3p19107em09,0.2706461255901924,6.497425483296553e-13,0.2706461255903514,1.920289182287976e-13,ok,/home/elads/STAR/full_grid_solar_opacity/runs/T9046p7_rho3p19107em09/fac-opacity-cowan-state/starout.h5
9046.69936532753,4.585823366142813e-09,fac-opacity-cowan-state,T9046p7_rho4p58582em09,0.27064612557727186,9.335228389751915e-13,0.2706461255775006,2.7589166715056283e-13,ok,/home/elads/STAR/full_grid_solar_opacity/runs/T9046p7_rho4p58582em09/fac-opacity-cowan-state/starout.h5
9046.69936532753,6.590185477903269e-09,fac-opacity-cowan-state,T9046p7_rho6p59019em09,0.2706461255586934,1.3417460967136912e-12,0.27064612555902207,3.965138319687258e-13,ok,/home/elads/STAR/full_grid_solar_opacity/runs/T9046p7_rho6p59019em09/fac-opacity-cowan-state/starout.h5
9046.69936532753,9.470610000772238e-09,fac-opacity-cowan-state,T9046p7_rho9p47061em09,0.2706461255337602,1.9303896850518976e-12,0.27064612553423323,5.702812065545267e-13,ok,/home/elads/STAR/full_grid_solar_opacity/runs/T9046p7_rho9p47061em09/fac-opacity-cowan-state/starout.h5
9046.69936532753,1.3610004466105506e-08,fac-opacity-cowan-state,T9046p7_rho1p361em08,0.27064612549812705,2.772906111943754e-12,0.2706461254988067,8.194218061947116e-13,ok,/home/elads/STAR/full_grid_solar_opacity/runs/T9046p7_rho1p361em08/fac-opacity-cowan-state/starout.h5
9046.69936532753,1.9558636830395073e-08,fac-opacity-cowan-state,T9046p7_rho1p95586em08,0.2706461254522835,3.987707135180001e-12,0.27064612545325967,1.1781091400629085e-12,ok,/home/elads/STAR/full_grid_solar_opacity/runs/T9046p7_rho1p95586em08/fac-opacity-cowan-state/starout.h5
9046.69936532753,2.810728502080722e-08,fac-opacity-cowan-state,T9046p7_rho2p81073em08,0.27064612539192434,5.728225155144655e-12,0.27064612539332683,1.6924475204115374e-12,ok,/home/elads/STAR/full_grid_solar_opacity/runs/T9046p7_rho2p81073em08/fac-opacity-cowan-state/starout.h5
9046.69936532753,4.039235853150913e-08,fac-opacity-cowan-state,T9046p7_rho4p03924em08,0.2706461253150446,8.228264884256336e-12,0.27064612531705945,2.4308124436530456e-12,ok,/home/elads/STAR/full_grid_solar_opacity/runs/T9046p7_rho4p03924em08/fac-opacity-cowan-state/starout.h5
9046.69936532753,5.804696634805446e-08,fac-opacity-cowan-state,T9046p7_rho5p8047em08,0.2706461252135214,1.18201951992084e-11,0.27064612521641623,3.492085030780704e-12,ok,/home/elads/STAR/full_grid_solar_opacity/runs/T9046p7_rho5p8047em08/fac-opacity-cowan-state/starout.h5
9046.69936532753,8.341801332506338e-08,fac-opacity-cowan-state,T9046p7_rho8p3418em08,0.2706461250876509,1.6984897281245045e-11,0.2706461250918112,5.017612311566834e-12,ok,/home/elads/STAR/full_grid_solar_opacity/runs/T9046p7_rho8p3418em08/fac-opacity-cowan-state/starout.h5
9046.69936532753,1.1987818459583772e-07,fac-opacity-cowan-state,T9046p7_rho1p19878em07,0.2706461249324951,2.4405183066392428e-11,0.27064612493847223,7.20977671066698e-12,ok,/home/elads/STAR/full_grid_solar_opacity/runs/T9046p7_rho1p19878em07/fac-opacity-cowan-state/starout.h5
9046.69936532753,1.7227429147699408e-07,fac-opacity-cowan-state,T9046p7_rho1p72274em07,0.2706461247419597,3.5067975785724655e-11,0.27064612475054806,1.035935435097524e-11,ok,/home/elads/STAR/full_grid_solar_opacity/runs/T9046p7_rho1p72274em07/fac-opacity-cowan-state/starout.h5
9046.69936532753,2.4757157946593376e-07,fac-opacity-cowan-state,T9046p7_rho2p47572em07,0.2706461245105879,5.0387969074746894e-11,0.2706461245229287,1.488485864712744e-11,ok,/home/elads/STAR/full_grid_solar_opacity/runs/T9046p7_rho2p47572em07/fac-opacity-cowan-state/starout.h5
9046.69936532753,3.557796490339488e-07,fac-opacity-cowan-state,T9046p7_rho3p5578em07,0.2706461242317577,7.240332100178309e-11,0.2706461242494874,2.138731354614024e-11,ok,/home/elads/STAR/full_grid_solar_opacity/runs/T9046p7_rho3p5578em07/fac-opacity-cowan-state/starout.h5
9046.69936532753,5.112830759482948e-07,fac-opacity-cowan-state,T9046p7_rho5p11283em07,0.2706461238931843,1.0401755270189107e-10,0.2706461239186561,3.0724395513398206e-11,ok,/home/elads/STAR/full_grid_solar_opacity/runs/T9046p7_rho5p11283em07/fac-opacity-cowan-state/starout.h5
9046.69936532753,7.347536163492159e-07,fac-opacity-cowan-state,T9046p7_rho7p34754em07,0.2706461234846104,1.4938578601098816e-10,0.2706461235211886,4.4122029891072043e-11,ok,/home/elads/STAR/full_grid_solar_opacity/runs/T9046p7_rho7p34754em07/fac-opacity-cowan-state/starout.h5
9046.69936532753,1.0558981944335787e-06,fac-opacity-cowan-state,T9046p7_rho1p0559em06,0.2706461229964893,2.1454985344874345e-10,0.2706461230490192,6.336268498613421e-11,ok,/home/elads/STAR/full_grid_solar_opacity/runs/T9046p7_rho1p0559em06/fac-opacity-cowan-state/starout.h5
9046.69936532753,1.517407974863493e-06,fac-opacity-cowan-state,T9046p7_rho1p51741em06,0.2706461224087194,3.0837173877789347e-10,0.27064612248421394,9.106197796229212e-11,ok,/home/elads/STAR/full_grid_solar_opacity/runs/T9046p7_rho1p51741em06/fac-opacity-cowan-state/starout.h5
9046.69936532753,2.1806334875063253e-06,fac-opacity-cowan-state,T9046p7_rho2p18063em06,0.27064612171273494,4.434695402711379e-10,0.2706461218212923,1.309409987147093e-10,ok,/home/elads/STAR/full_grid_solar_opacity/runs/T9046p7_rho2p18063em06/fac-opacity-cowan-state/starout.h5
9046.69936532753,3.1337402238588983e-06,fac-opacity-cowan-state,T9046p7_rho3p13374em06,0.270646120877787,6.370969518447796e-10,0.27064612103372243,1.8808698639514307e-10,ok,/home/elads/STAR/full_grid_solar_opacity/runs/T9046p7_rho3p13374em06/fac-opacity-cowan-state/starout.h5
9046.69936532753,4.503428864545845e-06,fac-opacity-cowan-state,T9046p7_rho4p50343em06,0.2706461198759908,9.153640116814113e-10,0.27064612010000244,2.701947014965419e-10,ok,/home/elads/STAR/full_grid_solar_opacity/runs/T9046p7_rho4p50343em06/fac-opacity-cowan-state/starout.h5
9046.69936532753,6.471778159406801e-06,fac-opacity-cowan-state,T9046p7_rho6p47178em06,0.2706461186782217,1.338174122439676e-09,0.27064611900699287,3.963191547537408e-10,ok,/home/elads/STAR/full_grid_solar_opacity/runs/T9046p7_rho6p47178em06/fac-opacity-cowan-state/starout.h5
9046.69936532753,9.300449458481393e-06,fac-opacity-cowan-state,T9046p7_rho9p30045em06,0.27064611723672344,1.934154175465582e-09,0.2706461177126018,5.735085870573488e-10,ok,/home/elads/STAR/full_grid_solar_opacity/runs/T9046p7_rho9p30045em06/fac-opacity-cowan-state/starout.h5
9046.69936532753,1.3365470508911143e-05,fac-opacity-cowan-state,T9046p7_rho1p33655em05,0.27064611560922774,2.7733937005389595e-09,0.27064611629146723,8.221891065803656e-10,ok,/home/elads/STAR/full_grid_solar_opacity/runs/T9046p7_rho1p33655em05/fac-opacity-cowan-state/starout.h5
9046.69936532753,1.920722248123928e-05,fac-opacity-cowan-state,T9046p7_rho1p92072em05,0.27064611353260487,3.9818532383707985e-09,0.27064611451188914,1.1801465371934974e-09,ok,/home/elads/STAR/full_grid_solar_opacity/runs/T9046p7_rho1p92072em05/fac-opacity-cowan-state/starout.h5
9046.69936532753,2.760227522090268e-05,fac-opacity-cowan-state,T9046p7_rho2p76023em05,0.27064611123911947,5.728933945452002e-09,0.2706461126476837,1.6974358049468517e-09,ok,/home/elads/STAR/full_grid_solar_opacity/runs/T9046p7_rho2p76023em05/fac-opacity-cowan-state/starout.h5
9046.69936532753,3.966662010161191e-05,fac-opacity-cowan-state,T9046p7_rho3p96666em05,0.2706461082349237,8.231481408492363e-09,0.2706461102580267,2.4379503034256477e-09,ok,/home/elads/STAR/full_grid_solar_opacity/runs/T9046p7_rho3p96666em05/fac-opacity-cowan-state/starout.h5
9046.69936532753,5.7004023678963655e-05,fac-opacity-cowan-state,T9046p7_rho5p7004em05,0.2706461047266492,1.2138477153507224e-08,0.27064610776678083,3.6529825721863016e-09,ok,/home/elads/STAR/full_grid_solar_opacity/runs/T9046p7_rho5p7004em05/fac-opacity-cowan-state/starout.h5
9046.69936532753,8.191922344953684e-05,fac-opacity-cowan-state,T9046p7_rho8p19192em05,0.270646105733293,1.7448338026308377e-08,0.2706461101014416,5.248553232460342e-09,ok,/home/elads/STAR/full_grid_solar_opacity/runs/T9046p7_rho8p19192em05/fac-opacity-cowan-state/starout.h5
9046.69936532753,0.00011772430676769293,fac-opacity-cowan-state,T9046p7_rho0p000117724,0.2706461175437302,2.504952995024081e-08,0.27064612381221,7.53148815655317e-09,ok,/home/elads/STAR/full_grid_solar_opacity/runs/T9046p7_rho0p000117724/fac-opacity-cowan-state/starout.h5
9046.69936532753,0.00016917900122028344,fac-opacity-cowan-state,T9046p7_rho0p000169179,0.2706461144133223,3.6074288457697716e-08,0.2706461234533664,1.0857733820880914e-08,ok,/home/elads/STAR/full_grid_solar_opacity/runs/T9046p7_rho0p000169179/fac-opacity-cowan-state/starout.h5
9046.69936532753,0.0002431234061999784,fac-opacity-cowan-state,T9046p7_rho0p000243123,0.27064611054844134,5.181145795380306e-08,0.27064612352421724,1.5583732922752928e-08,ok,/home/elads/STAR/full_grid_solar_opacity/runs/T9046p7_rho0p000243123/fac-opacity-cowan-state/starout.h5
9046.69936532753,0.0003493872774749123,fac-opacity-cowan-state,T9046p7_rho0p000349387,0.2706461048711534,7.44143921924885e-08,0.27064612349435,2.236440263406024e-08,ok,/home/elads/STAR/full_grid_solar_opacity/runs/T9046p7_rho0p000349387/fac-opacity-cowan-state/starout.h5
9046.69936532753,0.0005020967399614471,fac-opacity-cowan-state,T9046p7_rho0p000502097,0.2706460918463652,1.0686938962802082e-07,0.2706461185686226,3.2087649065676744e-08,ok,/home/elads/STAR/full_grid_solar_opacity/runs/T9046p7_rho0p000502097/fac-opacity-cowan-state/starout.h5
9046.69936532753,0.0007215521357901021,fac-opacity-cowan-state,T9046p7_rho0p000721552,0.27064608898430476,1.534571627625421e-07,0.2706461273150049,4.602255425181119e-08,ok,/home/elads/STAR/full_grid_solar_opacity/runs/T9046p7_rho0p000721552/fac-opacity-cowan-state/starout.h5
9046.69936532753,0.0010369266382873438,fac-opacity-cowan-state,T9046p7_rho0p00103693,0.27064607748867464,2.203352289005936e-07,0.27064613245717667,6.599200978024284e-08,ok,/home/elads/STAR/full_grid_solar_opacity/runs/T9046p7_rho0p00103693/fac-opacity-cowan-state/starout.h5
9046.69936532753,0.0014901443705277455,fac-opacity-cowan-state,T9046p7_rho0p00149014,0.2706460600317131,3.1632992749283805e-07,0.27064613883619076,9.45965934116958e-08,ok,/home/elads/STAR/full_grid_solar_opacity/runs/T9046p7_rho0p00149014/fac-opacity-cowan-state/starout.h5
9046.69936532753,0.002141453563853953,fac-opacity-cowan-state,T9046p7_rho0p00214145,0.270646030174782,4.5408034316988265e-07,0.27064614310511076,1.3554309780788948e-07,ok,/home/elads/STAR/full_grid_solar_opacity/runs/T9046p7_rho0p00214145/fac-opacity-cowan-state/starout.h5
9046.69936532753,0.003077435620898055,fac-opacity-cowan-state,T9046p7_rho0p00307744,0.2706460078450017,6.517348049699396e-07,0.2706461696172212,1.9413552135475026e-07,ok,/home/elads/STAR/full_grid_solar_opacity/runs/T9046p7_rho0p00307744/fac-opacity-cowan-state/starout.h5
9046.69936532753,0.004422514763163053,fac-opacity-cowan-state,T9046p7_rho0p00442251,0.270645965854014,9.353022252503479e-07,0.2706461974840258,2.7792257085139463e-07,ok,/home/elads/STAR/full_grid_solar_opacity/runs/T9046p7_rho0p00442251/fac-opacity-cowan-state/starout.h5
9046.69936532753,0.006355498291362301,fac-opacity-cowan-state,T9046p7_rho0p0063555,0.2706459117239317,1.3422338329974244e-06,0.27064624327060105,3.977313840901548e-07,ok,/home/elads/STAR/full_grid_solar_opacity/runs/T9046p7_rho0p0063555/fac-opacity-cowan-state/starout.h5
9046.69936532753,0.009133346228248624,fac-opacity-cowan-state,T9046p7_rho0p00913335,0.2706458326869577,1.9259103389447184e-06,0.270646306929837,5.688011248832854e-07,ok,/home/elads/STAR/full_grid_solar_opacity/runs/T9046p7_rho0p00913335/fac-opacity-cowan-state/starout.h5
9046.69936532753,0.01312533014735226,fac-opacity-cowan-state,T9046p7_rho0p0131253,0.270645749374351,2.763306123853971e-06,0.27064642742407446,8.130569759889406e-07,ok,/home/elads/STAR/full_grid_solar_opacity/runs/T9046p7_rho0p0131253/fac-opacity-cowan-state/starout.h5
9046.69936532753,0.018862122071335155,fac-opacity-cowan-state,T9046p7_rho0p0188621,0.2706456591568975,3.964347948694379e-06,0.2706466279993523,1.1614408461454787e-06,ok,/home/elads/STAR/full_grid_solar_opacity/runs/T9046p7_rho0p0188621/fac-opacity-cowan-state/starout.h5
9046.69936532753,0.02710633904364831,fac-opacity-cowan-state,T9046p7_rho0p0271063,0.27064555640572985,5.686961141671317e-06,0.27064693970999515,1.6578189239701631e-06,ok,/home/elads/STAR/full_grid_solar_opacity/runs/T9046p7_rho0p0271063/fac-opacity-cowan-state/starout.h5
9046.69936532753,0.038953921174427183,fac-opacity-cowan-state,T9046p7_rho0p0389539,0.2706454224360342,8.156522937720976e-06,0.27064739556936657,2.3639658805257805e-06,ok,/home/elads/STAR/full_grid_solar_opacity/runs/T9046p7_rho0p0389539/fac-opacity-cowan-state/starout.h5
9046.69936532753,0.0559798197912329,fac-opacity-cowan-state,T9046p7_rho0p0559798,0.2706452212309997,1.169569499236716e-05,0.2706480325233156,3.3670032489088406e-06,ok,/home/elads/STAR/full_grid_solar_opacity/runs/T9046p7_rho0p0559798/fac-opacity-cowan-state/starout.h5
9046.69936532753,0.08044736266284185,fac-opacity-cowan-state,T9046p7_rho0p0804474,0.2706450133644719,1.676532709386632e-05,0.2706490133731871,4.788946628822422e-06,ok,/home/elads/STAR/full_grid_solar_opacity/runs/T9046p7_rho0p0804474/fac-opacity-cowan-state/starout.h5
9046.69936532753,0.11560912813835741,fac-opacity-cowan-state,T9046p7_rho0p115609,0.2706447342438913,2.4025609673833822e-05,0.27065041747023705,6.801409824561519e-06,ok,/home/elads/STAR/full_grid_solar_opacity/runs/T9046p7_rho0p115609/fac-opacity-cowan-state/starout.h5
9046.69936532753,0.1661393247274789,fac-opacity-cowan-state,T9046p7_rho0p166139,0.27064437986061957,3.4421869313161354e-05,0.2706524428359746,9.644961601153272e-06,ok,/home/elads/STAR/full_grid_solar_opacity/runs/T9046p7_rho0p166139/fac-opacity-cowan-state/starout.h5
9046.69936532753,0.23875515424585794,fac-opacity-cowan-state,T9046p7_rho0p238755,0.27064389691016494,4.930380290647792e-05,0.2706553183676763,1.365507729982865e-05,ok,/home/elads/STAR/full_grid_solar_opacity/runs/T9046p7_rho0p238755/fac-opacity-cowan-state/starout.h5
9046.69936532753,0.34310975906798746,fac-opacity-cowan-state,T9046p7_rho0p34311,0.2706428911494731,7.063581597862884e-05,0.27065905433473947,1.931155977211581e-05,ok,/home/elads/STAR/full_grid_solar_opacity/runs/T9046p7_rho0p34311/fac-opacity-cowan-state/starout.h5
9046.69936532753,0.49307545690287347,fac-opacity-cowan-state,T9046p7_rho0p493075,0.27064168733626304,0.00010121297640401614,0.27066453660518885,2.727816235220188e-05,ok,/home/elads/STAR/full_grid_solar_opacity/runs/T9046p7_rho0p493075/fac-opacity-cowan-state/starout.h5
9046.69936532753,0.7085878491488851,fac-opacity-cowan-state,T9046p7_rho0p708588,0.27063994016200693,0.00014506896565751103,0.27067221215793064,3.8489230197430254e-05,ok,/home/elads/STAR/full_grid_solar_opacity/runs/T9046p7_rho0p708588/fac-opacity-cowan-state/starout.h5
9046.69936532753,1.0182959482819007,fac-opacity-cowan-state,T9046p7_rho1p0183,0.2706374357022226,0.0002080061678148367,0.27068297762193344,5.4249873336848316e-05,ok,/home/elads/STAR/full_grid_solar_opacity/runs/T9046p7_rho1p0183/fac-opacity-cowan-state/starout.h5
9046.69936532753,1.4633706173946401,fac-opacity-cowan-state,T9046p7_rho1p46337,0.2706338352323014,0.0002983609806991789,0.27069804345286036,7.637345254531144e-05,ok,/home/elads/STAR/full_grid_solar_opacity/runs/T9046p7_rho1p46337/fac-opacity-cowan-state/starout.h5
9046.69936532753,2.1029775945461404,fac-opacity-cowan-state,T9046p7_rho2p10298,0.27062866893719467,0.0004281174548493314,0.2707190936932068,0.00010737019221239883,ok,/home/elads/STAR/full_grid_solar_opacity/runs/T9046p7_rho2p10298/fac-opacity-cowan-state/starout.h5
9046.69936532753,3.0221426551783854,fac-opacity-cowan-state,T9046p7_rho3p02214,0.27062124052476094,0.0006144681514292763,0.2707484074968286,0.0001506901585444707,ok,/home/elads/STAR/full_grid_solar_opacity/runs/T9046p7_rho3p02214/fac-opacity-cowan-state/starout.h5
9046.69936532753,4.343054463316713,fac-opacity-cowan-state,T9046p7_rho4p34305,0.2706106135613189,0.000882115722131606,0.27078915302324563,0.0002110656718117909,ok,/home/elads/STAR/full_grid_solar_opacity/runs/T9046p7_rho4p34305/fac-opacity-cowan-state/starout.h5
9046.69936532753,6.241307649397467,fac-opacity-cowan-state,T9046p7_rho6p24131,0.27059536343007107,0.0012665033667156734,0.2708455319169407,0.0002949410855756271,ok,/home/elads/STAR/full_grid_solar_opacity/runs/T9046p7_rho6p24131/fac-opacity-cowan-state/starout.h5
9046.69936532753,8.969245378672715,fac-opacity-cowan-state,T9046p7_rho8p96925,0.27057363712159693,0.0018184422823820173,0.2709233587346573,0.00041103276633500075,ok,/home/elads/STAR/full_grid_solar_opacity/runs/T9046p7_rho8p96925/fac-opacity-cowan-state/starout.h5
9046.69936532753,12.889504440725364,fac-opacity-cowan-state,T9046p7_rho12p8895,0.2705426602954976,0.002610803257702272,0.27103027761681664,0.0005710841995324271,ok,/home/elads/STAR/full_grid_solar_opacity/runs/T9046p7_rho12p8895/fac-opacity-cowan-state/starout.h5
9046.69936532753,18.52322215674118,fac-opacity-cowan-state,T9046p7_rho18p5232,0.27049862869222085,0.0037479452794827754,0.27117654223712634,0.000790787814424318,ok,/home/elads/STAR/full_grid_solar_opacity/runs/T9046p7_rho18p5232/fac-opacity-cowan-state/starout.h5
9046.69936532753,26.61931346126126,fac-opacity-cowan-state,T9046p7_rho26p6193,0.27043625407994404,0.005379176644974847,0.27137572120783376,0.0010909626420650487,ok,/home/elads/STAR/full_grid_solar_opacity/runs/T9046p7_rho26p6193/fac-opacity-cowan-state/starout.h5
9046.69936532753,38.254027466328665,fac-opacity-cowan-state,T9046p7_rho38p254,0.2703479679846363,0.007717721123685674,0.27164536195352607,0.001498995646061795,ok,/home/elads/STAR/full_grid_solar_opacity/runs/T9046p7_rho38p254/fac-opacity-cowan-state/starout.h5
9046.69936532753,54.97401800103719,fac-opacity-cowan-state,T9046p7_rho54p974,0.27022350979624965,0.011067567491366493,0.2720084419515119,0.0020506347247405423,ok,/home/elads/STAR/full_grid_solar_opacity/runs/T9046p7_rho54p974/fac-opacity-cowan-state/starout.h5
9046.69936532753,79.0019471240894,fac-opacity-cowan-state,T9046p7_rho79p0019,0.2700489587018765,0.015860904758279518,0.27249465729842764,0.0027920809053111934,ok,/home/elads/STAR/full_grid_solar_opacity/runs/T9046p7_rho79p0019/fac-opacity-cowan-state/starout.h5
9046.69936532753,113.53195339077567,fac-opacity-cowan-state,T9046p7_rho113p532,0.26980532311916267,0.02270998451833603,0.2731417495587702,0.0037824484497653087,ok,/home/elads/STAR/full_grid_solar_opacity/runs/T9046p7_rho113p532/fac-opacity-cowan-state/starout.h5
9046.69936532753,163.15426277379785,fac-opacity-cowan-state,T9046p7_rho163p154,0.26946753799055106,0.03247805999340246,0.27399766149975946,0.005096502243851546,ok,/home/elads/STAR/full_grid_solar_opacity/runs/T9046p7_rho163p154/fac-opacity-cowan-state/starout.h5
9046.69936532753,234.46538763970608,fac-opacity-cowan-state,T9046p7_rho234p465,0.26900325182483087,0.046372205760140395,0.27512293614700684,0.006827748343762878,ok,/home/elads/STAR/full_grid_solar_opacity/runs/T9046p7_rho234p465/fac-opacity-cowan-state/starout.h5
9046.69936532753,336.94503022121665,fac-opacity-cowan-state,T9046p7_rho336p945,0.2683721216425212,0.0660634581144296,0.27659361045915615,0.009091479598163183,ok,/home/elads/STAR/full_grid_solar_opacity/runs/T9046p7_rho336p945/fac-opacity-cowan-state/starout.h5
9046.69936532753,484.21626123015125,fac-opacity-cowan-state,T9046p7_rho484p216,0.2675265700864932,0.09383348934414326,0.2785051666224568,0.012027690103903022,ok,/home/elads/STAR/full_grid_solar_opacity/runs/T9046p7_rho484p216/fac-opacity-cowan-state/starout.h5
9046.69936532753,695.8564947100452,fac-opacity-cowan-state,T9046p7_rho695p856,0.26641616594505607,0.13273816813528702,0.2809788713913291,0.015803540263237416,ok,/home/elads/STAR/full_grid_solar_opacity/runs/T9046p7_rho695p856/fac-opacity-cowan-state/starout.h5
9046.69936532753,1000.0,fac-opacity-cowan-state,T9046p7_rho1000,0.2649945627252284,0.18674153007609645,0.2841669366805596,0.020613851563857744,ok,/home/elads/STAR/full_grid_solar_opacity/runs/T9046p7_rho1000/fac-opacity-cowan-state/starout.h5
